timestamp,latitude,longitude,altitude,latitude_ins,longitude_ins,altitude_ins,latitude_cov,longitude_cov,altitude_cov,effective_sample_size,horizontal_error_m,vertical_error_m,error_3d_m
2025-06-11 20:34:28+00:00,39.98156174577736,-75.15351518100718,11.333772496220153,39.98157545528886,-75.15352548002278,12.647726942317004,1.0150057399624022e-06,1.0223511203959583e-06,131.2202037733034,4999.996223252169,13.702773902422036,27.666227503779847,30.87371304057552
2025-06-11 20:34:29+00:00,39.9813355399456,-75.15365226110207,-8.185624120275408,39.98138729527783,-75.15364173353822,1.98793243358562,1.0235743442491398e-06,1.0274872913625054e-06,156.93029489168788,4999.984816513476,36.6101435700941,52.185624120275406,63.74670169542557
2025-06-11 20:34:30+00:00,39.98103427810438,-75.15382922169077,-31.484475986702986,39.9811111880699,-75.1538000264244,-7.928548894487328,1.0356561856623856e-06,1.0314638402347009e-06,181.9109911621824,4999.965753149095,70.9006530753007,83.48447598670299,109.52881053530406
2025-06-11 20:34:31+00:00,39.98065738645849,-75.15405517623128,-56.67190880645785,39.980727267231,-75.15400406001397,-15.240009406313575,1.0439286033325618e-06,1.0369739117890437e-06,207.56608138602292,4999.938885811195,114.89966731741896,109.67190880645784,158.83910453948536
2025-06-11 20:34:32+00:00,39.98020686483053,-75.1543317542461,-83.51506496033828,39.98021044890577,-75.15425920474644,-20.78683727959376,1.0483152881815397e-06,1.0467202076747083e-06,234.02439910241927,4999.904216905157,168.59404423597357,134.5150649603383,215.68090887495225
2025-06-11 20:34:33+00:00,39.97968691324692,-75.15466722249708,-112.02589573331088,39.97952852709274,-75.1545696499918,-26.37720653212957,1.0601182763031593e-06,1.054192147360866e-06,255.85275736603623,4999.861589094778,230.82745018105635,162.02589573331088,282.0172027470484
2025-06-11 20:34:34+00:00,39.97909210797399,-75.15505804884839,-142.37650709551264,39.978628984322405,-75.15493966945643,-32.77497783843992,1.067174624235715e-06,1.0654348913518366e-06,282.1000959193496,4999.810987604922,301.9928056323726,194.37650709551264,359.1404755306256
2025-06-11 20:34:35+00:00,39.97843307515001,-75.1555088306074,-174.50876185601476,39.97743302349713,-75.15537025564583,-39.86807326003891,1.0766990644617145e-06,1.0790993097404884e-06,309.0080034079581,4999.752110736201,381.8179135396199,225.5087618560148,443.4400982924091
2025-06-11 20:34:36+00:00,39.97770901761146,-75.15602580785279,-208.56380393371944,39.97583873887,-75.15586567565539,-47.29170770932025,1.0881065333697518e-06,1.0947355732624958e-06,338.04906587010424,4999.684887585364,470.6924354989841,256.56380393371944,536.074952152127
2025-06-11 20:34:37+00:00,39.97692887261054,-75.15660114568477,-243.43393506928328,39.973729994335535,-75.1564189958941,-53.99147316574013,1.0965245643166692e-06,1.1031707611001553e-06,363.96055822152056,4999.609144913045,567.7179204141263,288.4339350692833,636.7870696385816
2025-06-11 20:34:38+00:00,39.97609234489273,-75.15723518392274,-278.1969438127503,39.97103901739711,-75.15703064681026,-59.4055032027096,1.1093929373767175e-06,1.1110980786919193e-06,388.7633975174605,4999.524146164141,672.6738145472247,319.1969438127503,744.5648055857288
2025-06-11 20:34:39+00:00,39.97521098744791,-75.15792662623736,-312.0006641354805,39.96772677102879,-75.15769523071059,-61.97845866685563,1.1178792678442945e-06,1.1220181324244232e-06,416.5048787539292,4999.429086282178,784.6868719067636,352.0006641354805,860.0220662835583
2025-06-11 20:34:40+00:00,39.97429268997367,-75.15866680699885,-343.3309030063399,39.963898482120406,-75.15840102409253,-61.3467019378157,1.126427649572898e-06,1.1357931744903806e-06,439.2507561053069,4999.323025133223,902.3020578244904,379.3309030063399,978.7956566770796
2025-06-11 20:34:41+00:00,39.97333717612597,-75.1594501190705,-372.1069834543358,39.959724452782005,-75.15914122997421,-57.9870311078013,1.136626369282624e-06,1.1420779107113552e-06,464.3638105860136,4999.206397936822,1025.154951614987,406.1069834543358,1102.6629389034106
2025-06-11 20:34:42+00:00,39.97235275710807,-75.16027309840334,-397.5913308661051,39.955437793400144,-75.15992774139616,-52.41463106482007,1.1434398353505144e-06,1.150110404516419e-06,486.1305372403903,4999.080038893238,1152.6369901066869,427.5913308661051,1229.3926863268912
2025-06-11 20:34:43+00:00,39.97134366305624,-75.1611276860338,-419.7246251219007,39.95117142486768,-75.16074700566064,-45.635102985641005,1.1526226300189576e-06,1.159921414104531e-06,518.7553199168348,4998.943948397939,1284.0607293971252,445.7246251219007,1359.221246971933
2025-06-11 20:34:44+00:00,39.97031120572922,-75.16201068416224,-438.897055705609,39.94711111126423,-75.16160852437315,-38.4148753430991,1.158086514195733e-06,1.1737790549608949e-06,546.0504067012658,4998.798356077789,1418.6940480143005,461.897055705609,1491.9925240900882
2025-06-11 20:34:45+00:00,39.969256887217085,-75.16292171977508,-455.8462413063494,39.943202505322745,-75.16251890999243,-31.71088795144537,1.1730389647882227e-06,1.180408187104212e-06,567.9562606791133,4998.642430345385,1556.5497890021716,477.8462413063494,1628.2457664533663
2025-06-11 20:34:46+00:00,39.96818125478866,-75.1638614296611,-470.8189529613117,39.93956725297244,-75.16347610877831,-25.84206177283473,1.1911693377181516e-06,1.192031786750295e-06,592.563759072324,4998.475799224834,1698.0807981343746,491.8189529613117,1767.8699837614292
2025-06-11 20:34:47+00:00,39.967075672823256,-75.16483277904916,-484.7117741063635,39.93609671707453,-75.16448374380252,-21.035482496745715,1.2041575409921409e-06,1.197312055334962e-06,609.0836193798197,4998.298887834916,1843.7243651265687,505.7117741063635,1911.8221499478384
2025-06-11 20:34:48+00:00,39.96595244278821,-75.16585237911855,-497.7996508098819,39.93272067988269,-75.16558589317317,-17.555198230794545,1.2153696910809292e-06,1.1982680088089366e-06,633.3677452804014,4998.111797039775,1993.181721113909,517.7996508098819,2059.342091970501
2025-06-11 20:34:49+00:00,39.96480729197752,-75.16691000776541,-509.7237782346714,39.929551649590906,-75.16671650785875,-14.52709088653258,1.2259990796886904e-06,1.206872785415057e-06,665.1844513342635,4997.914350234201,2146.827689521315,528.7237782346714,2210.976698693628
2025-06-11 20:34:50+00:00,39.96364422437624,-75.16800527602005,-520.837997267773,39.92661649803008,-75.16788535111407,-11.62652250000198,1.2265171821253758e-06,1.214112127748906e-06,687.7493632554905,4997.70758493296,2304.4323560972234,537.837997267773,2366.363918574827
2025-06-11 20:34:51+00:00,39.96246084044577,-75.16913049165078,-531.3499448695236,39.923758590305575,-75.16910640941538,-9.377428266995306,1.239441530630794e-06,1.228720861758186e-06,712.456869500577,4997.490397757787,2467.460395783304,547.3499448695236,2527.439963066931
2025-06-11 20:34:52+00:00,39.961252877833125,-75.17028333698168,-541.9047475803031,39.92096514305783,-75.17035986133754,-7.649062154071529,1.249682340904008e-06,1.2380351048961311e-06,738.2263499018441,4997.2632858382185,2633.281980205846,557.9047475803031,2691.733956885313
2025-06-11 20:34:53+00:00,39.96001667103562,-75.17146699283003,-552.7409916029816,39.91822270195111,-75.17165245637457,-7.038991210029744,1.2596918104513884e-06,1.2456669843359594e-06,765.5952245261276,4997.02536510163,2804.5721886444844,567.7409916029816,2861.460290632119
2025-06-11 20:34:54+00:00,39.95875127093171,-75.17268293726647,-564.0779207312719,39.915346174431,-75.17299702576746,-6.90138963386306,1.2679546065367896e-06,1.259505356477867e-06,790.3077212345354,4996.772473497394,2981.609185970204,579.0779207312719,3037.321941470867
2025-06-11 20:34:55+00:00,39.95745816920241,-75.17394248007737,-576.1187215637422,39.91244278958143,-75.17440061245742,-7.5446219588915024,1.277982007666184e-06,1.2713479760937307e-06,816.3635418344976,4996.501887872377,3163.295689714215,589.1187215637422,3217.6855795216266
2025-06-11 20:34:56+00:00,39.95613721997208,-75.17523924673571,-588.3319360815694,39.90954009730272,-75.1758719428887,-8.429983435472739,1.287698268026556e-06,1.2818850129893135e-06,838.3540010753452,4996.218955838316,3349.005156961008,600.3319360815694,3402.386511675425
2025-06-11 20:34:57+00:00,39.954789516232616,-75.17657862445344,-601.0757132211356,39.90657028220406,-75.17741061220222,-9.15087350438256,1.300760268289662e-06,1.290656960750345e-06,860.3365631812305,4995.9266907497895,3539.4343978325387,611.0757132211356,3591.7975143163217
2025-06-11 20:34:58+00:00,39.95341439040629,-75.17795898638578,-614.4090109055084,39.903631044805095,-75.17902849876859,-10.136678240130344,1.3141011621990642e-06,1.304057755814574e-06,889.4510833584146,4995.623369481131,3734.374155710837,625.4090109055084,3786.3817511924
2025-06-11 20:34:59+00:00,39.95201073756272,-75.1793836030776,-628.4362033040841,39.90067990203539,-75.1806876254739,-11.282022512546073,1.3236252498285089e-06,1.3098579269753305e-06,915.3167700307667,4995.3093475126325,3933.547690218007,639.4362033040841,3985.182064763837
2025-06-11 20:35:00+00:00,39.9505804796338,-75.18085649685472,-643.3123217439108,39.89779016360828,-75.18241629075318,-12.612007436155912,1.338610916502755e-06,1.3168886309836031e-06,932.742132075772,4994.983602471649,4139.096747140999,652.3123217439108,4190.182961076059
2025-06-11 20:35:01+00:00,39.94912418864239,-75.18238266487026,-659.1219658508347,39.894932904156136,-75.18421499095766,-14.11339109142351,1.3505885235360332e-06,1.322064015947107e-06,963.1014350085998,4994.647167111312,4348.373399369646,667.1219658508347,4399.250269951257
2025-06-11 20:35:02+00:00,39.947638343272224,-75.18396674829458,-675.9903099817743,39.89221878536258,-75.18611826821027,-15.717356047138642,1.3602009572779925e-06,1.3309321802138537e-06,984.3083937273173,4994.3001061188415,4563.091370246319,684.9903099817743,4614.218739720231
2025-06-11 20:35:03+00:00,39.94612292735211,-75.18560873395079,-693.9932405904642,39.88962315290839,-75.18810723061127,-17.77620998608917,1.369081003318382e-06,1.3314464115283133e-06,1016.2323188356212,4993.943498483667,4783.063379783993,702.9932405904642,4834.448757753727
2025-06-11 20:35:04+00:00,39.944576722144944,-75.18732020209619,-713.5002060283807,39.88707590281868,-75.19022578651294,-20.13915428172956,1.3804943068238196e-06,1.335995832238422e-06,1037.2749192193585,4993.57672846224,5009.149820242446,722.5002060283807,5060.986906656249
2025-06-11 20:35:05+00:00,39.943009440761045,-75.18911765693215,-734.5319018031412,39.88441758001851,-75.19267161076789,-23.167136120997643,1.3857704707947157e-06,1.3496343706803169e-06,1058.819313613306,4993.201870483954,5242.096516806275,743.5319018031412,5294.564720589548
2025-06-11 20:35:06+00:00,39.94138021974629,-75.19088260826021,-757.2043336430891,39.880299250800384,-75.19364406423384,-26.86623928170509,1.3996776307959305e-06,1.3604715958162049e-06,1084.5832471798842,4992.8212161410365,5478.541137930482,766.2043336430891,5531.860634622864
2025-06-11 20:35:07+00:00,39.93968600635532,-75.19263603529564,-781.4351280945338,39.87688135168408,-75.19485901956482,-30.19176621788852,1.411940857902373e-06,1.3721348862794778e-06,1116.1286751297694,4992.440186877726,5720.588774966706,789.4351280945338,5774.802486124067
2025-06-11 20:35:08+00:00,39.93795741581478,-75.19444283929106,-807.0567216092873,39.87508731955138,-75.19690459329652,-32.76720733372421,1.415675554576782e-06,1.3763740056248576e-06,1143.417677344768,4992.0548939431455,5967.921254960908,815.0567216092873,6023.321472813373
2025-06-11 20:35:09+00:00,39.93619293350555,-75.19631091601366,-834.0438439566728,39.87325001266223,-75.19890581889437,-35.52528575267449,1.424479154468725e-06,1.3881774659244829e-06,1170.286131750045,4991.662293385174,6221.37517919804,842.0438439566728,6278.100585008716
2025-06-11 20:35:10+00:00,39.93436395235537,-75.1981704452943,-863.1248418786126,39.87027695888738,-75.20011693813377,-39.53021001747183,1.4309256764798644e-06,1.395973457793044e-06,1193.9344377055827,4991.262512136993,6479.558062845278,870.1248418786126,6537.720545437647
2025-06-11 20:35:11+00:00,39.93246086250559,-75.20001156084312,-894.4628594212621,39.86712761600687,-75.20117386610123,-43.86333964245202,1.4398813276000742e-06,1.4030213158001409e-06,1224.6733705154124,4990.855314580592,6743.175602331087,900.4628594212621,6803.032453624658
2025-06-11 20:35:12+00:00,39.930480376412646,-75.2018214606448,-927.7248354148416,39.86358017077558,-75.20197711333302,-48.50003787920822,1.444143441691905e-06,1.412595018585977e-06,1254.2173077574937,4990.441338829979,7012.462591451145,933.7248354148416,7074.353232965696
2025-06-11 20:35:13+00:00,39.9284193008736,-75.20359067994508,-962.6996850531034,39.86000323254719,-75.20259595166338,-52.627844734069775,1.4586173784229943e-06,1.4255458366109236e-06,1279.312765737246,4990.018825952543,7287.69292690662,967.6996850531034,7351.660416350626
2025-06-11 20:35:14+00:00,39.92627407447942,-75.20531901602286,-999.75183981097,39.85627712341804,-75.2030913286259,-56.82159575104061,1.4735398995013983e-06,1.4364305645452527e-06,1301.9109114436494,4989.597529436402,7569.147691248625,1004.75183981097,7635.543401195354
2025-06-11 20:35:15+00:00,39.924034843412585,-75.20700201711026,-1038.682827638293,39.85209411473279,-75.20342904151325,-61.22635623481841,1.4886177951929387e-06,1.4404389321840209e-06,1320.3530901196737,4989.210412070291,7857.269892092732,1043.682827638293,7926.283113912473
2025-06-11 20:35:16+00:00,39.92170673569856,-75.2086384186962,-1079.8705302039102,39.84826216465732,-75.20383304043463,-65.56782622447618,1.5011085422503092e-06,1.452825841444052e-06,1337.573106212208,4988.834011759156,8151.887072564948,1083.8705302039102,8223.626825804782
2025-06-11 20:35:17+00:00,39.91929917909236,-75.21028457532734,-1122.400068992304,39.84506414519149,-75.20469077102847,-69.26665164398835,1.5063510770592586e-06,1.4615016280382188e-06,1372.971774946026,4988.454607050268,8453.638297282116,1126.400068992304,8528.351398523675
2025-06-11 20:35:18+00:00,39.91679798278115,-75.21189412346078,-1165.793534122458,39.83959569452969,-75.20486805486544,-73.61495934861944,1.514617838634583e-06,1.472958584662776e-06,1398.629057023481,4988.068684859653,8762.397287317246,1168.793534122458,8840.00478202309
2025-06-11 20:35:19+00:00,39.91419604487174,-75.21347304142293,-1210.924555684749,39.83484944892989,-75.20524790335675,-76.96919427063895,1.5263472978918391e-06,1.4871076147853467e-06,1418.6827472242117,4987.675542774753,9077.509389602834,1213.924555684749,9158.31805219834
2025-06-11 20:35:20+00:00,39.91153475352296,-75.21512337765998,-1256.3771591982486,39.82972410457166,-75.20615797469463,-79.57385911207945,1.5399657292925389e-06,1.493444241934986e-06,1438.524493124751,4987.274751158568,9403.829033373382,1258.3771591982486,9487.650581872627
2025-06-11 20:35:21+00:00,39.90878128982998,-75.21678159317074,-1302.374035806566,39.825673196976936,-75.2071430145106,-81.27513827974398,1.549547505626232e-06,1.5021043152021483e-06,1464.374895574515,4986.882936246758,9740.443435265715,1303.374035806566,9827.25913939516
2025-06-11 20:35:22+00:00,39.90592266202072,-75.21842089256776,-1348.7078354557946,39.82233035975125,-75.20794494452231,-82.43387587319296,1.559135383251983e-06,1.5126821833034449e-06,1484.7965250270274,4986.514236923963,10084.635884889867,1348.7078354557946,10174.423509773334
2025-06-11 20:35:23+00:00,39.9029392575048,-75.21999274684606,-1394.9321096542203,39.81708077920362,-75.20783133984901,-83.71466710970071,1.574890835576187e-06,1.5196741179569565e-06,1504.65724502842,4986.140650778043,10437.596824233167,1393.9321096542203,10530.264678134514
2025-06-11 20:35:24+00:00,39.89982855909885,-75.22148763643834,-1441.0506858751576,39.808673478183145,-75.20630318852156,-84.57582389582633,1.5804132931111828e-06,1.5254213504106644e-06,1525.9970853197394,4985.761247382004,10798.20703597761,1439.0506858751576,10893.674406202625
2025-06-11 20:35:25+00:00,39.89659049610671,-75.22289824727955,-1486.6220455585408,39.79954599538303,-75.20433011353573,-84.7702013787468,1.5905815013701898e-06,1.5335194950624747e-06,1555.454543283079,4985.374591489806,11166.812015484138,1484.6220455585408,11265.06960508098
2025-06-11 20:35:26+00:00,39.89321109356169,-75.22419701523503,-1533.071150691445,39.78987443489178,-75.2019030298571,-85.34129595419925,1.595957830264564e-06,1.546215746328456e-06,1574.157945132824,4984.993658731158,11543.541305497816,1529.071150691445,11644.372222477736
2025-06-11 20:35:27+00:00,39.89006060950443,-75.22593052502307,-1576.1027271040894,39.97357581102317,-75.15521323485828,-71.51342493672541,1.6072032218918147e-06,1.5641828045573446e-06,1588.718697692493,4984.692970791348,11918.755615335773,1572.1027271040894,12021.989951861802
2025-06-11 20:35:28+00:00,39.88682081593541,-75.22769099143676,-1620.8209858200637,39.97023527634856,-75.1568696953442,-79.8310946252004,1.6166428265629805e-06,1.57210843709185e-06,1611.2802462584634,4984.401211416466,12304.30711064771,1615.8209858200637,12409.949674811429
2025-06-11 20:35:29+00:00,39.883482528502455,-75.22945991946474,-1666.0475706993132,39.96674485371083,-75.15841060541788,-83.18484046952707,1.62587740039349e-06,1.582715178105663e-06,1635.2518406362628,4984.106802254228,12700.22883974858,1661.0475706993132,12808.391453032174
2025-06-11 20:35:30+00:00,39.88004262091152,-75.23121361731563,-1709.7503284259217,39.96305960577757,-75.15978131003774,-82.37097269332438,1.6353812460908513e-06,1.5910467199622153e-06,1653.5391097724118,4983.809020881676,13106.19342359224,1704.7503284259217,13216.598644843563
2025-06-11 20:35:31+00:00,39.87650668658179,-75.2329588576346,-1751.4308555809837,39.95913291671343,-75.16104366934267,-79.49010976394578,1.6452018556614552e-06,1.596492387716313e-06,1673.3485254774562,4983.519883874603,13522.080659800316,1745.4308555809837,13634.265445624853
2025-06-11 20:35:32+00:00,39.87287252563648,-75.23469573662899,-1792.032563214435,39.95491558772878,-75.1622515084367,-76.8173000538725,1.651955184071207e-06,1.604881301944031e-06,1704.4655396718606,4983.311464372761,13947.201001077472,1786.032563214435,14061.092705807709
2025-06-11 20:35:33+00:00,39.869146801183945,-75.23642031996695,-1830.1731745993911,39.95039490040181,-75.16333073138607,-72.83383042031039,1.6643309553878344e-06,1.6143931188412958e-06,1736.417692053143,4983.104217723904,14381.375146132765,1824.1731745993911,14496.605080663996
2025-06-11 20:35:34+00:00,39.86534040075609,-75.23814046501906,-1865.300381050396,39.94555167574549,-75.16428837772874,-67.86590123430028,1.6707485520954376e-06,1.6245657417046971e-06,1765.0631494386532,4982.892847790804,14823.51130100391,1859.300381050396,14939.661482040508
2025-06-11 20:35:35+00:00,39.86145149926435,-75.239839332066,-1897.6025429892752,39.94041070461219,-75.16506848331876,-61.98800243531088,1.6842133507784991e-06,1.640166632963576e-06,1785.181796276062,4982.676302695956,15272.94267656268,1891.6025429892752,15389.637363570757
2025-06-11 20:35:36+00:00,39.85748235158414,-75.24151536757049,-1927.423192114243,39.93493593185666,-75.16572982837509,-55.69558226795692,1.6978537414477125e-06,1.652990391810821e-06,1817.4883522982389,4982.505820729887,15729.188936862663,1920.423192114243,15845.990339777854
2025-06-11 20:35:37+00:00,39.853438828761966,-75.24316461262981,-1955.20033206192,39.929192333261085,-75.16626860426423,-49.94871653160094,1.70952150088623e-06,1.665873231988904e-06,1837.982916110764,4982.345017176603,16193.045330961157,1948.20033206192,16309.819178164087
2025-06-11 20:35:38+00:00,39.84932044803918,-75.244778638426,-1980.5158430121664,39.923230238182825,-75.16665436586865,-44.283938973215385,1.7119372334887733e-06,1.678668190339162e-06,1868.996897229769,4982.177624172838,16663.05813565328,1973.5158430121664,16779.51939761032
2025-06-11 20:35:39+00:00,39.84512368619309,-75.24635669154256,-2003.3067905768064,39.91706398787318,-75.16688974607051,-38.76777037495295,1.7198754287849205e-06,1.6889740771971396e-06,1899.555263559242,4982.006035647734,17141.395529277914,1996.3067905768064,17257.250113886974
2025-06-11 20:35:40+00:00,39.84084489536959,-75.24789241814024,-2024.238874527898,39.910716614575,-75.16700513879776,-33.49590248610372,1.7288340856375769e-06,1.6962679918356376e-06,1922.9822745933327,4981.904127420117,17630.402772144076,2016.238874527898,17745.318287006943
2025-06-11 20:35:41+00:00,39.83648135801591,-75.24938295708961,-2043.154511858668,39.90423892613835,-75.1670193730601,-28.93101704270941,1.7451188292001313e-06,1.7089470003738849e-06,1937.6674934792509,4981.826051978125,18125.18381859878,2034.154511858668,18238.97127132202
2025-06-11 20:35:42+00:00,39.832034892185774,-75.25082328137148,-2060.336128161081,39.89765851787498,-75.16694458753332,-24.472167386214963,1.759901853092236e-06,1.7151557449408985e-06,1967.21684111452,4981.745122613685,18627.312222187164,2051.336128161081,18739.92370671616
2025-06-11 20:35:43+00:00,39.82750432248461,-75.25221852811188,-2075.8770926840625,39.89097527702732,-75.16680561313451,-20.63586969218542,1.7728951969038506e-06,1.7287030676243e-06,1991.941425311924,4981.665557418382,19136.924520117107,2066.8770926840625,19248.217086393262
2025-06-11 20:35:44+00:00,39.82287951628837,-75.25356347671385,-2090.1884673377267,39.88413835880795,-75.16656813188258,-17.25695104634969,1.7803930533837127e-06,1.7383663884898485e-06,2022.9018384061824,4981.698509058632,19653.83048847232,2081.1884673377267,19763.71418297137
2025-06-11 20:35:45+00:00,39.81816747886253,-75.2548611371308,-2103.451783449207,39.87717016242876,-75.16627789328525,-14.732800494598528,1.7928607625399668e-06,1.744605482376592e-06,2042.05123650709,4981.7348814705965,20179.657972955807,2093.451783449207,20287.955448371467
2025-06-11 20:35:46+00:00,39.81336194077329,-75.25611909649902,-2116.438561140088,39.87003672533071,-75.16596873666923,-13.285046356316704,1.808940539460602e-06,1.753290883715385e-06,2067.831040788774,4981.766757919556,20715.362825280336,2106.438561140088,20822.18385268136
2025-06-11 20:35:47+00:00,39.80846425522,-75.25733813839591,-2128.9528225235254,39.862684840445226,-75.16560155359007,-12.37684899128462,1.819609055278756e-06,1.7625082379198384e-06,2092.22598464299,4981.823386092942,21259.08473668353,2117.9528225235254,21364.325591975183
2025-06-11 20:35:48+00:00,39.80346987792564,-75.25851942679147,-2141.1026600848127,39.85504448564293,-75.16514130017511,-11.7589605039231,1.82270424270483e-06,1.776901228665047e-06,2114.349956014404,4981.902462094339,21813.77284917428,2130.1026600848127,21917.527763364957
2025-06-11 20:35:49+00:00,39.798375352389925,-75.25965886751558,-2152.7606697449605,39.84714201043912,-75.16461456897002,-11.291451911704216,1.8332963231053976e-06,1.7874360746564071e-06,2135.590217338309,4981.958305984956,22380.49120251944,2141.7606697449605,22482.73838375825
2025-06-11 20:35:50+00:00,39.79318124602175,-75.26075770827043,-2164.292830511247,39.83894571210805,-75.16403810304035,-11.17467370794406,1.8417056259173732e-06,1.7968554104250125e-06,2159.1114108268766,4982.018912893628,22954.60311564742,2153.292830511247,23055.378422633217
2025-06-11 20:35:51+00:00,39.787884085203785,-75.26181225895289,-2175.481985221514,39.83044584265598,-75.16341197375382,-11.036683789893024,1.8476274371466064e-06,1.8069839561810148e-06,2185.98386730248,4982.206882360622,23537.80608535029,2164.481985221514,23637.116947206185
2025-06-11 20:35:52+00:00,39.78248711073442,-75.26282497506458,-2186.2952525497603,39.82165696644834,-75.16273058792764,-10.839280614921824,1.860291703492464e-06,1.8182836632000264e-06,2221.106872314353,4982.391671891231,24130.426940066067,2175.2952525497603,24228.27715182472
2025-06-11 20:35:53+00:00,39.77700104792356,-75.26379920367833,-2196.8529999746024,39.8125357383137,-75.16203501546299,-10.47207419420854,1.8673808544126517e-06,1.8232182776168144e-06,2241.550388471456,4982.581321254922,24730.606827255277,2185.8529999746024,24827.018898405484
2025-06-11 20:35:54+00:00,39.77142399152814,-75.26473825968233,-2207.0576091293774,39.803150922417565,-75.16130000166052,-10.02744960160808,1.8749175381021413e-06,1.832514492600996e-06,2259.3643138669386,4982.845754764569,25339.109454454185,2196.0576091293774,25434.093987547985
2025-06-11 20:35:55+00:00,39.76576341199855,-75.26563977997884,-2217.065760687983,39.79347979470924,-75.1604981782275,-9.714086516399089,1.887495447597855e-06,1.8373143979129357e-06,2291.0499672009696,4983.107357049909,25955.33391227324,2206.065760687983,26048.917149050187
2025-06-11 20:35:56+00:00,39.76002146430592,-75.26651209789983,-2226.9835579709816,39.78357890482686,-75.15968821845108,-9.456569059292605,1.896855243087252e-06,1.8469296301350456e-06,2316.117135372709,4983.377057965359,26579.034019375154,2215.9835579709816,26671.25104925338
2025-06-11 20:35:57+00:00,39.754208599190456,-75.26735666145821,-2237.1204963635337,39.77343492373194,-75.1588752588195,-9.355032010383976,1.902437643601296e-06,1.8591051290119616e-06,2351.552010863386,4983.719506351512,27209.54622106833,2225.1204963635337,27300.37667834989
2025-06-11 20:35:58+00:00,39.7483414626804,-75.26818519869329,-2247.2737987077217,39.76307822063208,-75.1580353835234,-9.346632065332807,1.907898605965928e-06,1.8688070059624248e-06,2385.667499298056,4984.037158708386,27845.471397258905,2235.2737987077217,27935.044769800406
2025-06-11 20:35:59+00:00,39.74240662201345,-75.268997983231,-2257.5954377401085,39.75247640682789,-75.15709889748481,-9.522994133489188,1.9235706442821025e-06,1.877964334627231e-06,2421.033817842916,4984.33988631206,28488.82875225573,2246.5954377401085,28577.27339576376
2025-06-11 20:36:00+00:00,39.73639477721833,-75.2697910790776,-2268.280596684598,39.74159964353439,-75.1561178388631,-10.124118070269672,1.930500481180946e-06,1.895117164179717e-06,2452.3066127473003,4984.6322309433,29141.658650797108,2257.280596684598,29228.95113772896
2025-06-11 20:36:01+00:00,39.73029831171792,-75.27055607610646,-2279.057592955526,39.73055571757,-75.15500881082662,-10.808211873277138,1.9426617621332667e-06,1.9027344265499069e-06,2476.72288628441,4984.896175795008,29805.32578513133,2268.057592955526,29891.49595458176
2025-06-11 20:36:02+00:00,39.724116664708575,-75.27129540255311,-2289.85498724846,39.71927017112384,-75.15377668581749,-11.11004017949632,1.951432080447999e-06,1.909519119798158e-06,2506.5152441934592,4985.151999771314,30478.49992009712,2278.85498724846,30563.57533784729
2025-06-11 20:36:03+00:00,39.71783445268713,-75.27200504065362,-2300.9565084421947,39.707804586485686,-75.15240589946096,-11.472466614734136,1.9583914637242875e-06,1.9294964700037905e-06,2518.497479065647,4985.385481558385,31162.88710464373,2289.9565084421947,31246.910783425094
2025-06-11 20:36:04+00:00,39.71144751378324,-75.27268775665554,-2312.2008245743355,39.696179557615,-75.1509747524155,-11.884243177257783,1.9713701796065567e-06,1.93810522775053e-06,2545.3700452168423,4985.592003351817,31858.01857901858,2301.2008245743355,31941.02179042046
2025-06-11 20:36:05+00:00,39.7049550816217,-75.27334201623368,-2323.9141897415075,39.68449389145074,-75.14946810975957,-12.304186894503136,1.9803487419578964e-06,1.94862412428241e-06,2557.4989280854184,4985.772887508814,32565.901310904435,2313.9141897415075,32648.00341627424
2025-06-11 20:36:06+00:00,39.69835343465649,-75.27396144382328,-2335.92146954152,39.67267959973882,-75.14788786706059,-12.669745874421212,1.98664462982463e-06,1.9593019977395533e-06,2567.999049501446,4985.930675606681,33285.83850900057,2325.92146954152,33367.003999905945
2025-06-11 20:36:07+00:00,39.691635322825526,-75.27455075526386,-2347.9561834600718,39.66081680670602,-75.14622638743754,-13.229569741085928,2.0028095939589947e-06,1.963892576056723e-06,2596.232386689312,4986.065207052662,34018.3978035543,2337.9561834600718,34098.64261575007
2025-06-11 20:36:08+00:00,39.68480598599952,-75.27510990571369,-2360.214460464864,39.64879279912006,-75.144555344538,-13.77392218831416,2.0148949005239963e-06,1.9661031281775013e-06,2629.9787884624434,4986.180133574,34763.45890075392,2351.214460464864,34842.879963968335
2025-06-11 20:36:09+00:00,39.67786908304805,-75.27564135708322,-2372.3708428971177,39.63673684238304,-75.1428502445531,-13.977255658681408,2.0168616934693197e-06,1.974001404524661e-06,2655.5443459889607,4986.277771400766,35520.25228250476,2363.3708428971177,35598.78992260608
2025-06-11 20:36:10+00:00,39.67082857014185,-75.27614368128147,-2384.765310197784,39.62482737744773,-75.1411454439776,-14.118219539826027,2.0275953552055805e-06,1.983221021360104e-06,2679.19206507969,4986.35560147813,36288.31967434853,2376.765310197784,36366.07152453328
2025-06-11 20:36:11+00:00,39.66369201106943,-75.2766291062,-2397.52524216038,39.61298462933512,-75.13951571728184,-14.449685993448604,2.043123753718036e-06,1.9908686988363748e-06,2714.194518118219,4986.4193825192015,37067.50674402084,2389.52524216038,37144.44624840908
2025-06-11 20:36:12+00:00,39.65646329892346,-75.27709831532391,-2410.666062714774,39.601184757744285,-75.13788015167914,-15.056474949375804,2.053212168908844e-06,1.9953606597508715e-06,2750.855271850751,4986.465041814338,37857.03239292273,2402.666062714774,37933.200574269
2025-06-11 20:36:13+00:00,39.64914944241782,-75.27755673482399,-2424.597569629328,39.58942078755919,-75.13635439109684,-16.07437854617303,2.064293926574783e-06,2.004577411410203e-06,2789.207939337068,4986.499838308345,38656.52039619976,2417.597569629328,38732.04548110628
2025-06-11 20:36:14+00:00,39.64175786990933,-75.27801223171045,-2439.531192942736,39.577748811429245,-75.13490637487928,-17.295520061783368,2.076890818464082e-06,2.010181482049477e-06,2815.701026335876,4986.52468903835,39465.41563069365,2431.531192942736,39540.2500604846
2025-06-11 20:36:15+00:00,39.63430506830789,-75.27846926261542,-2455.059955510409,39.566373275713744,-75.13359528635176,-18.566078456141824,2.090335956273131e-06,2.024119150610168e-06,2840.686610482783,4986.540098510905,40280.97884164035,2448.059955510409,40355.30019695618
2025-06-11 20:36:16+00:00,39.62680491780952,-75.27893345311233,-2471.6226799145525,39.55547412417817,-75.13246854629962,-19.949010847247973,2.1048879284112284e-06,2.027919623950889e-06,2852.554835548303,4986.546456408047,41102.49016434322,2464.6226799145525,41176.31676903946
2025-06-11 20:36:17+00:00,39.61927378066304,-75.27941185580491,-2489.502105343224,39.544963718175765,-75.13154527261844,-21.603973777278902,2.111053915287397e-06,2.0395964340894025e-06,2870.6571791973765,4986.545849963406,41927.97827501913,2482.502105343224,42001.406868502745
2025-06-11 20:36:18+00:00,39.61173146462974,-75.27991690556794,-2508.486618597456,39.53501635732109,-75.13087832196736,-23.395184548231505,2.1127677540232778e-06,2.0541803779734137e-06,2903.991851623051,4986.541222910812,42756.63783926018,2501.486618597456,42829.75034506596
2025-06-11 20:36:19+00:00,39.6043296855658,-75.28054258237285,-2528.275850680921,39.53118603366973,-75.13378255234247,-24.439603058303977,2.1254617001766595e-06,2.069503018300405e-06,2929.072593166614,4986.53482858898,43573.01820295415,2521.275850680921,43645.90183774646
2025-06-11 20:36:20+00:00,39.59694697269454,-75.28121513256875,-2549.6179400838028,39.52272570274853,-75.13376853994018,-26.093015835831647,2.133272586834833e-06,2.082732619577943e-06,2943.899362859385,4986.526877638294,44387.75808906325,2540.6179400838028,44460.40719213754
2025-06-11 20:36:21+00:00,39.58974126933742,-75.28204437420356,-2572.4609863774317,39.520524366288704,-75.1374928164418,-27.63686247308737,2.145223526200818e-06,2.09734008851563e-06,2973.5826621391325,4986.525550300399,45186.278853564814,2563.4609863774317,45258.93424353691
2025-06-11 20:36:22+00:00,39.582588713969926,-75.28293736962009,-2597.6953009505014,39.51356670189188,-75.13822038473052,-30.14794936389003,2.1581031495093675e-06,2.095977464055972e-06,2985.2246826354126,4986.524218702097,45980.32939303396,2587.6953009505014,46053.08738903901
2025-06-11 20:36:23+00:00,39.57560584882784,-75.28400085890725,-2626.117236017031,39.511802329558485,-75.14216095221694,-34.03885000314584,2.171358918768064e-06,2.103566570510943e-06,3014.4872644320653,4986.526188101251,46758.75745268989,2617.117236017031,46831.94103543584
2025-06-11 20:36:24+00:00,39.56871549707994,-75.28516205984097,-2657.339003497612,39.50633105700725,-75.14386103646686,-38.75361929270063,2.1801523564569623e-06,2.1126310643552083e-06,3038.076346203286,4986.539542859953,47527.929196208905,2648.339003497612,47601.65704213765
2025-06-11 20:36:25+00:00,39.5619192905305,-75.28641166471756,-2693.301856591332,39.501582080628005,-75.14554337584549,-44.088868919987966,2.1865174873249733e-06,2.114352616200499e-06,3071.78177588169,4986.557689132352,48288.43187658056,2684.301856591332,48362.98305063968
2025-06-11 20:36:26+00:00,39.55529719041701,-75.28783840224563,-2732.4167234559472,39.50078266046639,-75.14991376607404,-51.78405714754503,2.200017897974201e-06,2.128766540223059e-06,3091.364628581798,4986.594112541111,49032.47430435658,2724.4167234559472,49108.105063120034
2025-06-11 20:36:27+00:00,39.55171404050165,-75.29115504687651,-2767.157427782556,39.97473205942288,-75.15539596768282,-39.21936957430714,2.2088801453799277e-06,2.1403097659593955e-06,3110.702072959542,4986.63717044047,49486.9625934878,2760.157427782556,49563.87732770111
2025-06-11 20:36:28+00:00,39.54812492264495,-75.29453353791291,-2805.946935298878,39.97119427682652,-75.15870691323732,-51.632513941767634,2.2207780642417746e-06,2.1440044378468547e-06,3135.4590996603583,4986.685529992775,49945.80508166936,2798.946935298878,50024.16965030732
2025-06-11 20:36:29+00:00,39.544566942365485,-75.29802735219585,-2848.303818618755,39.967845369973794,-75.16221840632828,-62.51079279889511,2.226854045696076e-06,2.1569387877366987e-06,3162.3590578898365,4986.737138335083,50405.42182538608,2840.303818618755,50485.38278726989
2025-06-11 20:36:30+00:00,39.540931158000376,-75.30154701207816,-2893.1029281133638,39.96413936397848,-75.16556823634352,-72.21640468454092,2.2385311179468845e-06,2.165953982218907e-06,3192.807910027349,4986.804315431543,50875.442790312336,2886.1029281133638,50957.23961540703
2025-06-11 20:36:31+00:00,39.537235981104025,-75.30512784595537,-2939.403681926381,39.96033941052945,-75.16902703585714,-79.28953671663973,2.251280059691432e-06,2.176789261389889e-06,3207.6372941675886,4986.880723504596,51353.784372251095,2932.403681926381,51437.439289931965
2025-06-11 20:36:32+00:00,39.53342663189892,-75.30872561326618,-2987.324169346324,39.95600757821902,-75.17234374967383,-85.07455561488379,2.2651292208368565e-06,2.182005796971641e-06,3244.807055248752,4986.964944255569,51846.079406263656,2980.324169346324,51931.66935459505
2025-06-11 20:36:33+00:00,39.52953416304891,-75.31239363196907,-3034.854311373945,39.95143889480005,-75.17585801879918,-88.12835189954615,2.276666601025584e-06,2.197195015030697e-06,3255.57258774748,4987.055301329673,52349.0978701033,3026.854311373945,52436.53206339962
2025-06-11 20:36:34+00:00,39.525542901359486,-75.31611837988652,-3082.5627053546214,39.9462918277163,-75.17934014610617,-89.76698990148766,2.2856854815655704e-06,2.203571514702592e-06,3290.575361565593,4987.16081730252,52863.69433138655,3074.5627053546214,52953.0274317855
2025-06-11 20:36:35+00:00,39.521389687526366,-75.31986169017256,-3129.9741227099407,39.94020189851586,-75.18257312781218,-91.40021538403984,2.3034161891628438e-06,2.215357299161589e-06,3337.4862356734616,4987.29043470375,53397.325829731,3120.9741227099407,53488.45562587391
2025-06-11 20:36:36+00:00,39.51709609189213,-75.32364526234937,-3176.95591782507,39.933664101954086,-75.18594250518429,-91.59578435996352,2.317950462191651e-06,2.2199917762096514e-06,3365.604428311793,4987.42237549206,53948.35670002923,3167.95591782507,54041.29102205897
2025-06-11 20:36:37+00:00,39.512638920022674,-75.32744686551408,-3222.997976753636,39.92636061952574,-75.18913916881164,-90.7708274911177,2.3213656290369536e-06,2.227692827806735e-06,3394.367645057989,4987.563211209831,54518.70631395743,3212.997976753636,54613.30143972405
2025-06-11 20:36:38+00:00,39.508007659912494,-75.33126431703667,-3267.066718510718,39.91841973237646,-75.19229410217173,-88.54683041969722,2.341340299362489e-06,2.2280613241067763e-06,3412.9070038287546,4987.723890569962,55109.18713824675,3257.066718510718,55205.352916607015
2025-06-11 20:36:39+00:00,39.50318327584215,-75.33509581311498,-3309.7831273895104,39.9097708907838,-75.1953580715711,-85.29773849529178,2.3603535402190367e-06,2.2369723269844968e-06,3435.547146615012,4987.89807255058,55720.43255459502,3299.7831273895104,55818.054182844615
2025-06-11 20:36:40+00:00,39.498163181299056,-75.33891914278635,-3350.8545611685213,39.900514928415866,-75.19830777431918,-81.35698673079351,2.366059455607768e-06,2.2438240448866914e-06,3460.3109797217035,4988.070471733881,56351.78693088079,3340.8545611685213,56450.73249748197
2025-06-11 20:36:41+00:00,39.492948935601945,-75.3427349251738,-3390.625975651782,39.8908522698658,-75.2011482906097,-78.20651348471225,2.37175852464732e-06,2.254181122039174e-06,3494.456776907255,4988.228047255119,57001.22396928986,3379.625975651782,57101.32577911344
2025-06-11 20:36:42+00:00,39.4875450062635,-75.34654579808583,-3429.499766723193,39.88083134759591,-75.20389944872109,-75.34117360708234,2.388154762221818e-06,2.267599589657464e-06,3517.4167942594468,4988.397182727201,57671.02041862321,3419.499766723193,57772.30802711516
2025-06-11 20:36:43+00:00,39.48196033427109,-75.35033417460272,-3466.7553093452625,39.87051045474489,-75.20657866175247,-72.51690151629845,2.395904877432085e-06,2.273596180145661e-06,3564.9632777620027,4988.559624301778,58358.34541634615,3456.7553093452625,58460.63322443793
2025-06-11 20:36:44+00:00,39.47619506066323,-75.35410546209397,-3502.5282527952795,39.85991643262685,-75.20917795593132,-69.3242297698647,2.4036544861245187e-06,2.282902158667136e-06,3606.42748647047,4988.717820949371,59065.518571534434,3491.5282527952795,59168.62558539236
2025-06-11 20:36:45+00:00,39.47025625241935,-75.35784750162999,-3536.804059977921,39.849090930779184,-75.21167991994258,-66.22177272532478,2.4129579883313907e-06,2.291593973865784e-06,3628.1566137508057,4988.878577148813,59790.72259399634,3525.804059977921,59894.58909268501
2025-06-11 20:36:46+00:00,39.46415191928332,-75.36156686942539,-3569.8755385377453,39.83807352123038,-75.21410932228348,-63.13555712541279,2.4237863427820225e-06,2.307432645023064e-06,3648.9691145616457,4989.029212207119,60532.25460177458,3559.8755385377453,60636.84161484616
2025-06-11 20:36:47+00:00,39.45789584705929,-75.36526054924754,-3601.800533216456,39.82700514146546,-75.21648921362814,-60.3685988448137,2.427979796708771e-06,2.318925395241241e-06,3677.148734500547,4989.173223734632,61289.547214276376,3590.800533216456,61394.64509385457
2025-06-11 20:36:48+00:00,39.45148866712088,-75.36892702330675,-3632.945051023608,39.81573098289413,-75.21879119354817,-57.58352526480725,2.435271441421804e-06,2.328783016745658e-06,3698.222036730068,4989.306586677507,62062.467613174194,3622.945051023608,62168.12380214664
2025-06-11 20:36:49+00:00,39.4449351478838,-75.37256690937484,-3663.666176845885,39.80428619491668,-75.22099334052498,-55.87125154407258,2.4458798262532277e-06,2.3434618043467008e-06,3724.477851971608,4989.425262399203,62850.037180348176,3653.666176845885,62956.1470398481
2025-06-11 20:36:50+00:00,39.43823588840415,-75.37617496734194,-3694.6613142918586,39.79267130846843,-75.2231013345225,-54.74785847808806,2.448433793622975e-06,2.3540697279757257e-06,3761.099109498599,4989.522557959524,63652.62513555146,3684.6613142918586,63759.18299075104
2025-06-11 20:36:51+00:00,39.431389034872105,-75.37974809255823,-3725.873183557548,39.780820411178766,-75.2251071541319,-54.20582269149219,2.457318597499373e-06,2.363168579873534e-06,3776.020887510781,4989.605127603551,64469.81667305982,3716.873183557548,64576.87208374676
2025-06-11 20:36:52+00:00,39.42439917433437,-75.3832943116393,-3757.792499429044,39.76881163893368,-75.22703835739105,-54.37691298642042,2.4786269324612354e-06,2.370077263461698e-06,3806.2581585764415,4989.669894253506,65301.28598209083,3748.792499429044,65408.80213028356
2025-06-11 20:36:53+00:00,39.41726308517556,-75.38680809243894,-3791.0158555361095,39.75657351239728,-75.2288657017268,-55.23394760909056,2.4982891845731885e-06,2.37416608155469e-06,3838.190545630812,4989.723430082262,66148.0486831059,3783.0158555361095,66256.13596902392
2025-06-11 20:36:54+00:00,39.40998253888589,-75.39028608587026,-3825.3920848563394,39.744119615018775,-75.23059757348639,-56.94612919567849,2.503022935599068e-06,2.384505653588501e-06,3866.305353908409,4989.768109086472,67008.73481896237,3817.3920848563394,67117.38243083937
2025-06-11 20:36:55+00:00,39.4025525989459,-75.39372859290671,-3861.10585896916,39.73154246733793,-75.23226762225906,-59.058107097180994,2.5158839118774907e-06,2.392274487991213e-06,3901.435428903367,4989.80037520355,67884.49286911353,3853.10585896916,67993.75557253143
2025-06-11 20:36:56+00:00,39.394975370017406,-75.39712962337242,-3898.583751198415,39.71874253650986,-75.23382902910065,-61.200383530754536,2.520472708217948e-06,2.401864053334856e-06,3904.821444951556,4989.8260516387545,68775.06794591277,3890.583751198415,68885.02459090805
2025-06-11 20:36:57+00:00,39.38725475169892,-75.40049567237656,-3938.266180599428,39.70602336496987,-75.23537923299845,-64.41294179310322,2.530871477376709e-06,2.408958016770801e-06,3932.839989412691,4989.844665178477,69680.09571450211,3930.266180599428,69790.84990908578
2025-06-11 20:36:58+00:00,39.37939925369619,-75.40382644996063,-3980.768727242825,39.69349671551806,-75.23693781369012,-68.3157255518515,2.533049508476817e-06,2.4178096394907343e-06,3967.949140999039,4989.857456833185,70598.3029701172,3972.768727242825,70709.99415655907
2025-06-11 20:36:59+00:00,39.371481126625305,-75.40719146870887,-4024.572882226165,39.68253441824706,-75.23974493195706,-72.27523429087815,2.539854413648949e-06,2.4318301042994504e-06,3986.373940226151,4989.865169438446,71523.5371940008,4016.572882226165,71636.22847735531
2025-06-11 20:37:00+00:00,39.36344205908637,-75.41051788461698,-4070.111144165872,39.67059877659465,-75.24185023247412,-75.64043030688777,2.548548574811327e-06,2.4404537011787403e-06,4019.5512741603497,4999.999999999996,72460.60844442823,4063.111144165872,72574.43522554336
2025-06-11 20:37:01+00:00,39.35541183100533,-75.41396602002462,-4116.151136668064,39.66082251124933,-75.24562527885804,-78.14692511350158,2.554886946779633e-06,2.4565128549458206e-06,4046.251016317976,5000.0,73400.08440757342,4109.151136668064,73515.01556894947
2025-06-11 20:37:02+00:00,39.34733982851584,-75.417475206244,-4161.471405752918,39.65048533228117,-75.24904541565348,-79.30335821597015,2.5579728533794e-06,2.467386504052469e-06,4067.498819121594,5000.0,74345.04661020431,4154.471405752918,74461.03402541943
2025-06-11 20:37:03+00:00,39.33917514518501,-75.42098016562731,-4206.885869353773,39.63914889238109,-75.251477919046,-79.09710035243273,2.5726661246624605e-06,2.46841090777852e-06,4092.0667239644927,5000.0,75300.71205727928,4200.885869353773,75417.80080604725
2025-06-11 20:37:04+00:00,39.33096896359706,-75.42454475820924,-4251.944996299482,39.62914121249997,-75.25518513663697,-78.93626809674731,2.585653416040635e-06,2.4818340422915345e-06,4124.033724095351,5000.0,76261.77643406393,4245.944996299482,76379.88343661405
2025-06-11 20:37:05+00:00,39.32266412760559,-75.42809224251606,-4296.80685378604,39.61802224675524,-75.25772988087084,-78.12277106423156,2.5945567287115948e-06,2.4936136614442803e-06,4149.261186373018,5000.0,77233.40131603117,4290.80685378604,77352.50029766085
2025-06-11 20:37:06+00:00,39.3143336691132,-75.43170358195056,-4340.760035423005,39.60864969273262,-75.2619319843549,-77.06920931048998,2.603179406482533e-06,2.5072744240649883e-06,4173.110228734291,5000.0,78209.48438232929,4333.760035423005,78329.46395446888
2025-06-11 20:37:07+00:00,39.306085231493626,-75.43550133623916,-4385.194162408833,39.60222814554048,-75.26851549707851,-75.84619095056351,2.607505770702151e-06,2.518299716668344e-06,4199.292555876863,5000.0,79181.01514199347,4378.194162408833,79301.96556858065
2025-06-11 20:37:08+00:00,39.2980143987964,-75.4395952153188,-4428.535149486694,39.59898120974587,-75.2775502621894,-74.16945042205396,2.6116328265376296e-06,2.530388020602824e-06,4223.145783749746,5000.0,80141.8375057688,4421.535149486694,80263.71591123349
2025-06-11 20:37:09+00:00,39.28987704099431,-75.44368599829141,-4471.0592915999305,39.58971350265359,-75.28143580642356,-71.62181381883985,2.6177835392806413e-06,2.539857269469464e-06,4236.14882434887,5000.0,81110.29858386656,4465.0592915999305,81233.10464854515
2025-06-11 20:37:10+00:00,39.28190423179091,-75.44804900233407,-4513.273568251267,39.58671438539809,-75.29078433929455,-69.93970377753452,2.6262256381954287e-06,2.5410917379582625e-06,4279.980772392404,5000.0,82067.96718008604,4508.273568251267,82191.70133071752
2025-06-11 20:37:11+00:00,39.27386634915025,-75.45240441386431,-4554.753487604856,39.57789724956479,-75.29511617332315,-67.93671382227437,2.6290406043473687e-06,2.5520666166794023e-06,4303.911616545786,5000.0,83031.97929494522,4546.753487604856,83156.37409671769
2025-06-11 20:37:12+00:00,39.26595270139889,-75.45700035765408,-4596.6286532414015,39.57406164530921,-75.3043420003888,-67.60564762599537,2.634283330104551e-06,2.5529673522786824e-06,4337.66237981007,5000.0,83990.6449915013,4586.6286532414015,84115.7869159597
2025-06-11 20:37:13+00:00,39.25805897457539,-75.46170006239066,-4638.504919944473,39.567249883036695,-75.31117713343973,-67.11216833118797,2.643078882694024e-06,2.562815482056768e-06,4360.068343046399,5000.0,84950.17534891689,4628.504919944473,85076.1738068049
2025-06-11 20:37:14+00:00,39.250325081944624,-75.46669529558041,-4680.351423184927,39.56471017940349,-75.32195412866696,-67.13654749006099,2.659629524093694e-06,2.575980005018947e-06,4396.041494699981,5000.0,85900.8149150144,4670.351423184927,86027.68266947335
2025-06-11 20:37:15+00:00,39.242684900819015,-75.47189804368048,-4722.542070541436,39.56070515022315,-75.33125421501614,-66.74083638079625,2.6597773222431248e-06,2.58389347527441e-06,4417.391908913423,5000.0,86846.89608925852,4713.542070541436,86974.71379193629
2025-06-11 20:37:16+00:00,39.23513110335994,-75.47730136984265,-4766.113176614486,39.55664825131252,-75.34075241989837,-67.73578885296531,2.6632327666444293e-06,2.595676914927213e-06,4451.019401356469,5000.0,87789.43234272588,4759.113176614486,87918.33477316247
2025-06-11 20:37:17+00:00,39.227654225806575,-75.4828981075461,-4811.738829332411,39.55243241889691,-75.35036982360191,-70.39816142585836,2.675635130386354e-06,2.6000210885192e-06,4480.951022688912,5000.0,88729.26646930873,4805.738829332411,88859.31495277997
2025-06-11 20:37:18+00:00,39.22031734328728,-75.48880078800124,-4858.671284093015,39.55003595012213,-75.36238509550168,-74.32090276583688,2.685646251289656e-06,2.605911592666694e-06,4495.763684200102,5000.0,89664.15156250917,4852.671284093015,89795.3701145893
2025-06-11 20:37:19+00:00,39.21302602747711,-75.4948803486837,-4907.140906457238,39.54482958403712,-75.37200809897578,-78.24993737393709,2.694983236559298e-06,2.6112111371226145e-06,4529.809081448486,5000.0,90599.66698470614,4901.140906457238,90732.13785602432
2025-06-11 20:37:20+00:00,39.20584892758647,-75.50125848238349,-4956.5064163540455,39.54126591353892,-75.38406053286964,-82.21620525352375,2.7019375362048377e-06,2.617926882665082e-06,4551.344922510867,5000.0,91532.07236271015,4950.5064163540455,91665.8485194501
2025-06-11 20:37:21+00:00,39.19859085930074,-75.50764484410278,-5007.825298344252,39.53131887838387,-75.39005717814766,-86.2918714236297,2.7138710042642178e-06,2.627640503998971e-06,4582.126829228923,5000.0,92473.97718268418,5001.825298344252,92609.15026226484
2025-06-11 20:37:22+00:00,39.19129150723453,-75.51413439850117,-5059.867516860871,39.52225323370575,-75.39789018366952,-90.21731059402538,2.723621065097444e-06,2.636717171488532e-06,4596.346883751497,5000.0,93423.85455838796,5053.867516860871,93560.45199455164
2025-06-11 20:37:23+00:00,39.18376479642893,-75.52044501030738,-5111.5986896451095,39.506477352389545,-75.39941672929965,-93.24889742782236,2.7351858287762057e-06,2.644221825673953e-06,4611.378794054642,5000.0,94393.22623295394,5105.5986896451095,94531.20276736844
2025-06-11 20:37:24+00:00,39.17621821480357,-75.52693141199629,-5162.73736717142,39.4966352935526,-75.40820306222663,-93.77899731392894,2.744865962740538e-06,2.6593728757084866e-06,4635.267211159511,5000.0,95370.32182628714,5156.73736717142,95509.63420264763
2025-06-11 20:37:25+00:00,39.16844765652558,-75.53328511434572,-5215.024599226328,39.47925208953475,-75.40954734218478,-95.07610845212484,2.7563507163785296e-06,2.669763500722895e-06,4663.949352431936,5000.0,96367.693326637,5209.024599226328,96508.37401164784
2025-06-11 20:37:26+00:00,39.160515875505936,-75.53961884654201,-5266.532611742378,39.46336274176589,-75.41304396960534,-95.22346071205516,2.767843700372599e-06,2.683680026034241e-06,4678.974646979284,5000.0,97382.10534319264,5260.532611742378,97524.08750883996
2025-06-11 20:37:27+00:00,39.15472325336894,-75.5465052368008,-5306.452630611519,39.97796166875264,-75.16188426742752,-44.36564917280626,2.781044222094326e-06,2.695598977504523e-06,4697.527349898571,5000.0,98189.4575789395,5300.452630611519,98332.4177356365
2025-06-11 20:37:28+00:00,39.14885534986696,-75.55349210268533,-5351.390055398211,39.97209337556552,-75.16895540227613,-71.36920945859288,2.796623649479064e-06,2.7040670035287217e-06,4729.944373391306,5000.0,99008.4583989509,5345.390055398211,99152.65013796224
2025-06-11 20:37:29+00:00,39.14287901525845,-75.56050159079545,-5398.392035714198,39.96603633538662,-75.17592731984233,-88.9203628724972,2.7997668988514048e-06,2.709744843769242e-06,4765.654894109111,5000.0,99840.3965357124,5392.392035714198,99985.91236906892
2025-06-11 20:37:30+00:00,39.136781093203226,-75.56753116839627,-5444.191328554418,39.95971830589908,-75.18283173280716,-93.56842635672744,2.807883107545711e-06,2.718176528438101e-06,4783.542259017626,5000.0,100686.76036394364,5438.191328554418,100833.51445582058
2025-06-11 20:37:31+00:00,39.1305653336312,-75.57458003488166,-5487.8246236002615,39.953089864396425,-75.18968707212849,-88.81343281428543,2.811135494504497e-06,2.726546171447445e-06,4788.258515001703,5000.0,101546.93035466743,5481.8246236002615,101694.78583319594
2025-06-11 20:37:32+00:00,39.124239577918416,-75.58166345033513,-5529.222455571788,39.94614463971732,-75.19652271761773,-81.01694935457813,2.814030359007132e-06,2.7305723288357265e-06,4820.838572842287,5000.0,102420.69085394112,5524.222455571788,102569.56151186967
2025-06-11 20:37:33+00:00,39.117818983039726,-75.58878610922599,-5569.473171782363,39.93886804115515,-75.20331438631355,-73.9083168228493,2.822229769009772e-06,2.7453987834256344e-06,4852.608263356068,5000.0,103306.45935156028,5564.473171782363,103456.212502851
2025-06-11 20:37:34+00:00,39.1113017958568,-75.59593220198212,-5609.213217585948,39.9312113555352,-75.20997883011285,-68.89355043418325,2.8348198641353965e-06,2.7577894483728825e-06,4885.42879573063,5000.0,104203.09848916667,5604.213217585948,104353.69155200566
2025-06-11 20:37:35+00:00,39.10470451303885,-75.60312456286462,-5648.683623140776,39.92325463299056,-75.21673575870574,-65.08042738821342,2.843607083524577e-06,2.765610890894923e-06,4910.426272717908,5000.0,105109.91519853473,5643.683623140776,105261.31976125546
2025-06-11 20:37:36+00:00,39.09804425887104,-75.61038049757605,-5687.916075176936,39.91501119205012,-75.22357389553368,-61.69576408123585,2.8623207150857197e-06,2.776171040904024e-06,4928.980014507519,5000.0,106025.95175501062,5682.916075176936,106178.142669164
2025-06-11 20:37:37+00:00,39.091330173105575,-75.61768277522961,-5727.11382783168,39.90646319658698,-75.23034816272218,-58.8397857445504,2.8637441063809394e-06,2.78569349550971e-06,4953.974505192222,5000.0,106949.91502160944,5723.11382783168,107102.93345663228
2025-06-11 20:37:38+00:00,39.084575252115386,-75.62504303014623,-5766.508888848521,39.89772073392596,-75.23716344288128,-55.696904246703504,2.8708780429682413e-06,2.79641649036452e-06,4984.470231843033,5000.0,107880.88075279884,5762.508888848521,108034.67471461958
2025-06-11 20:37:39+00:00,39.07778626753119,-75.63245239861601,-5806.449935278534,39.88881723269142,-75.24392266542664,-53.35911302225023,2.8796198554093325e-06,2.805645378217695e-06,4999.408453578816,5000.0,108817.96146698065,5802.449935278534,108972.55233810346
2025-06-11 20:37:40+00:00,39.07098120149298,-75.63990530090237,-5847.2347563947815,39.87991142696938,-75.25075452519393,-51.97977391830682,2.8944252546591887e-06,2.81784228209927e-06,5025.704158569996,5000.0,109759.18837300711,5844.2347563947815,109914.6692311318
2025-06-11 20:37:41+00:00,39.064175540895945,-75.64740600477961,-5889.16762694088,39.871046488887146,-75.25766387548394,-52.0117646760938,2.896041844286632e-06,2.829603222746936e-06,5033.222567956484,5000.0,110702.6590201754,5886.16762694088,110859.03519095622
2025-06-11 20:37:42+00:00,39.05739010523334,-75.65495358333959,-5932.666732424732,39.862222612420425,-75.26466150834302,-53.09552049905925,2.906953124537916e-06,2.847626212902417e-06,5052.2226555450425,5000.0,111646.876972133,5929.666732424732,111804.23107015328
2025-06-11 20:37:43+00:00,39.050638571346695,-75.66255109275096,-5977.417668036116,39.853469718052814,-75.27180051148271,-54.68823998406242,2.917763970311085e-06,2.859129139252824e-06,5077.847003486952,5000.0,112589.44973205784,5974.417668036116,112747.85078856148
2025-06-11 20:37:44+00:00,39.0439388249603,-75.670192257049,-6023.292241200709,39.84476429170451,-75.27904633713041,-57.08085101527296,2.9321436744991896e-06,2.872929037649485e-06,5084.695567994241,5000.0,113528.61543266122,6020.292241200709,113688.12796737636
2025-06-11 20:37:45+00:00,39.03730202815479,-75.6778752574914,-6069.700843010396,39.836083491961006,-75.2864046798387,-59.72486157460264,2.93822806240494e-06,2.881307870250375e-06,5110.253652933981,5000.0,114463.64028634744,6066.700843010396,114624.29850045287
2025-06-11 20:37:46+00:00,39.0307393059077,-75.68559241126081,-6116.544895246818,39.82743236630698,-75.29389114145792,-62.14595239351869,2.944626989212469e-06,2.891622085644456e-06,5140.484575058915,5000.0,115393.97569970194,6113.544895246818,115555.80928265616
2025-06-11 20:37:47+00:00,39.02426300382285,-75.69334629851465,-6162.990326938366,39.818783916152576,-75.3014892453398,-64.05362731385783,2.959512521323625e-06,2.9087586239568825e-06,5151.1102573046255,5000.0,116317.1389560406,6159.990326938366,116480.13691504156
2025-06-11 20:37:48+00:00,39.01788363282716,-75.70112874792781,-6208.116171212512,39.81013422988831,-75.30919610612419,-64.5631596110079,2.960102302635592e-06,2.9315290411891077e-06,5178.089203033648,5000.0,117232.21082687822,6205.116171212512,117396.31477203986
2025-06-11 20:37:49+00:00,39.011608499416354,-75.70893586802563,-6252.057685785623,39.80154609250597,-75.31703332765598,-64.0868539531086,2.969454071623384e-06,2.9411640320270448e-06,5194.027120884119,5000.0,118139.01481977264,6249.057685785623,118304.17382555331
2025-06-11 20:37:50+00:00,39.00543989584453,-75.71676343806152,-6294.705150675865,39.79300242223006,-75.32491936369365,-62.93871385447727,2.9784489301151804e-06,2.954094298090961e-06,5224.553874808789,5000.0,119036.63455135108,6291.705150675865,119202.7932517311
2025-06-11 20:37:51+00:00,38.9993850240852,-75.72461636919117,-6336.415668462314,39.78463790129239,-75.3329801684483,-61.67067160907343,2.9929752420338307e-06,2.964965732701709e-06,5231.935596968912,5000.0,119924.9658346286,6333.415668462314,120092.0879344945
2025-06-11 20:37:52+00:00,38.99344933448381,-75.732487193559,-6377.836539960817,39.776360471582976,-75.34109046114685,-60.9026935527346,3.00761000576994e-06,2.9843543774145525e-06,5262.397367401934,5000.0,120802.90788176189,6374.836539960817,120970.9927776104
2025-06-11 20:37:53+00:00,38.98763247953215,-75.74036399043521,-6419.1707570052295,39.76819950437152,-75.349221068773,-60.75650529612801,3.01132675807084e-06,2.99011241752302e-06,5275.060760399449,5000.0,121668.86800270092,6416.1707570052295,121837.92795448266
2025-06-11 20:37:54+00:00,38.98192815493845,-75.74825379290053,-6460.932177926143,39.76014174887143,-75.35741433751815,-61.20166483215068,3.0210706902868773e-06,3.006492003423271e-06,5308.878817038458,5000.0,122525.48163139402,6457.932177926143,122695.55222998008
2025-06-11 20:37:55+00:00,38.976344615615375,-75.7561540315748,-6503.432794727115,39.75207359016344,-75.36563067020201,-62.27660364805875,3.022820583485507e-06,3.0242984767284348e-06,5316.794610801559,5000.0,123371.83222197604,6499.432794727115,123542.91405200292
2025-06-11 20:37:56+00:00,38.9708812689844,-75.76405605643123,-6547.105310340461,39.74400021345175,-75.37384339019388,-64.71668720801595,3.024075382275584e-06,3.03696270412572e-06,5331.558816596412,5000.0,124207.23686066607,6542.105310340461,124379.40677802412
2025-06-11 20:37:57+00:00,38.96553755344986,-75.77195201783954,-6591.638813367888,39.73596795180734,-75.3820765066386,-67.31823628702139,3.0410370287042336e-06,3.0500858555262373e-06,5367.495938307388,5000.0,125031.22480195668,6586.638813367888,125204.59650641902
2025-06-11 20:37:58+00:00,38.96031277423164,-75.77983298921203,-6636.852317304507,39.72788105376223,-75.39027994022082,-69.56654509921924,3.0544548426087567e-06,3.061302517632068e-06,5378.916792686898,5000.0,125842.67253394984,6631.852317304507,126017.29919199772
2025-06-11 20:37:59+00:00,38.95520664060015,-75.7876940357571,-6682.373733961779,39.71978022739847,-75.3984621635086,-71.73973473479921,3.0633756425812244e-06,3.066783582566531e-06,5404.054531641494,5000.0,126642.31710257554,6678.373733961779,126818.2840005327
2025-06-11 20:38:00+00:00,38.95022002047008,-75.79551966813281,-6727.940061964629,39.71157055874207,-75.40659110180958,-73.26274893822324,3.0763218688496657e-06,3.0732817537935382e-06,5405.454543305721,5000.0,127429.02079712276,6723.940061964629,127606.29573524356
2025-06-11 20:38:01+00:00,38.9453468543891,-75.80331176359053,-6773.535713679957,39.70330588932337,-75.41466288890257,-74.06317883764976,3.0874186851768188e-06,3.0791536725183373e-06,5432.494432493839,5000.0,128204.38739414056,6769.535713679957,128382.9878172558
2025-06-11 20:38:02+00:00,38.940590810675474,-75.81105270388959,-6818.897905673664,39.69503249771399,-75.42269436911724,-74.3455780183591,3.096290014197417e-06,3.088961243275061e-06,5457.417758138482,5000.0,128967.24552603104,6814.897905673664,129147.17670950585
2025-06-11 20:38:03+00:00,38.93594973581453,-75.81872967764136,-6863.282511769422,39.68671209599267,-75.43069677826057,-73.87515590025899,3.1023805247275007e-06,3.1042755603275294e-06,5482.939523800586,5000.0,129717.82761845442,6859.282511769422,129899.05526456812
2025-06-11 20:38:04+00:00,38.93137675836604,-75.8263766811645,-6907.284353890816,39.67752690904186,-75.43818922052998,-73.13111375492214,3.117954025755786e-06,3.106673770225488e-06,5502.149662005916,5000.0,130461.05809209109,6904.284353890816,130643.62525951024
2025-06-11 20:38:05+00:00,38.9269223598973,-75.83392931334458,-6949.775752696766,39.66949323153201,-75.44608315007369,-71.4473764287929,3.128727542239448e-06,3.128209850847507e-06,5529.121952151316,5000.0,131190.5627222359,6946.775752696766,131374.35610017338
2025-06-11 20:38:06+00:00,38.92253817729194,-75.84142153995535,-6991.940727658996,39.66038632920088,-75.4535202974826,-69.05925792088726,3.142531861353566e-06,3.1356401213136824e-06,5560.333221360835,5000.0,131912.2827099831,6988.940727658996,132097.29604444306
2025-06-11 20:38:07+00:00,38.91824491603481,-75.84881163847425,-7032.726541181226,39.65195304018106,-75.46105046178208,-66.64778365405532,3.1567804532155908e-06,3.1428916561446743e-06,5582.912991882432,5000.0,132621.55881233863,7029.726541181226,132807.73666115382
2025-06-11 20:38:08+00:00,38.91400159261802,-75.856147586453,-7072.748204594682,39.64245797643794,-75.46824709955818,-64.01733655653939,3.167543654164099e-06,3.1568483457930955e-06,5602.556208569757,5000.0,133324.86372285118,7069.748204594682,133512.1740755996
2025-06-11 20:38:09+00:00,38.909827125534974,-75.86339009154976,-7112.040611153507,39.63373508252429,-75.47548477782506,-60.6249788688935,3.1756150598904737e-06,3.172265153519272e-06,5635.254597722246,5000.0,134019.3466782403,7109.040611153507,134207.76334651207
2025-06-11 20:38:10+00:00,38.90570649799034,-75.87047059845081,-7150.345539163985,39.62565968435233,-75.48263859865705,-56.90515836583512,3.182025032174667e-06,3.180682929331667e-06,5662.954137628403,5000.0,134703.3095457204,7147.345539163985,134892.7950293357
2025-06-11 20:38:11+00:00,38.90161752598327,-75.87744300989749,-7188.138770083764,39.61701421613392,-75.48958090804118,-54.41567852859484,3.192321110270415e-06,3.1913338343202902e-06,5674.404926965624,5000.0,135380.0651916698,7185.138770083764,135570.6025303647
2025-06-11 20:38:12+00:00,38.89756634609324,-75.88430456520459,-7224.248095986109,39.60812777565937,-75.49640482270586,-50.806004892275226,3.198655984472593e-06,3.206094678993737e-06,5690.971962199665,5000.0,136049.51331911652,7222.248095986109,136241.07655890143
2025-06-11 20:38:13+00:00,38.89354963655318,-75.89100027945798,-7259.260496782508,39.60014155190558,-75.50302163395968,-46.24825530919436,3.2067816899433668e-06,3.22049126216668e-06,5708.978603339094,5000.0,136710.13207815966,7257.260496782508,136902.6224830847
2025-06-11 20:38:14+00:00,38.88953128119568,-75.8976378531166,-7293.892583467148,39.58990602211037,-75.50974544474442,-44.11675427727533,3.219272002233244e-06,3.242159974281328e-06,5719.780631091172,5000.0,137368.81179201882,7290.892583467148,137562.1589239379
2025-06-11 20:38:15+00:00,38.885511337029,-75.9041050789842,-7328.494092318227,39.582228745468136,-75.51603910767415,-41.25142337846032,3.2276827911500006e-06,3.253148633946965e-06,5748.998912492215,5000.0,138020.95839902735,7325.494092318227,138215.22282687473
2025-06-11 20:38:16+00:00,38.88146296564644,-75.91041238031399,-7362.965347444131,39.57434406267758,-75.52213480886272,-39.71487119654297,3.239184736022412e-06,3.2646550188334905e-06,5771.409308699782,5000.0,138669.69513750364,7359.965347444131,138864.8747503982
2025-06-11 20:38:17+00:00,38.877376276646686,-75.91656718327087,-7397.024906974107,39.56641325084763,-75.52801602933285,-38.8145315819808,3.243181704909514e-06,3.275299322521009e-06,5796.84855062839,5000.0,139317.61102229264,7394.024906974107,139513.68515412312
2025-06-11 20:38:18+00:00,38.87323038755295,-75.92257347227422,-7430.522331224054,39.55878437359264,-75.5336229767478,-37.790574340317306,3.245994973437558e-06,3.2810773735560367e-06,5811.722034072067,5000.0,139965.4771973483,7428.522331224054,140162.46912460882
2025-06-11 20:38:19+00:00,38.86900740618801,-75.9284506283894,-7463.863332311585,39.55066109956105,-75.53902043125416,-37.343066789815616,3.250458571643456e-06,3.2797543267061456e-06,5835.065772409841,5000.0,140615.75718748136,7461.863332311585,140813.60223287667
2025-06-11 20:38:20+00:00,38.86469835726592,-75.93422886228073,-7496.771305513961,39.54168149106084,-75.54429297845125,-37.152179420278365,3.251832363931937e-06,3.29000803106208e-06,5849.793817418629,5000.0,141270.74760110694,7494.771305513961,141469.41621671314
2025-06-11 20:38:21+00:00,38.8603011126121,-75.93993492089879,-7528.529714343833,39.53210509611214,-75.54936738110733,-36.44574565775649,3.258298729303123e-06,3.3015576736711973e-06,5867.683901375418,5000.0,141931.76318610803,7526.529714343833,142131.1860594231
2025-06-11 20:38:22+00:00,38.85581611005709,-75.9455819012872,-7558.965407853092,39.52169924723012,-75.55430998515776,-35.24074340090908,3.268359584505493e-06,3.308617415846512e-06,5912.247797242075,5000.0,142599.163629067,7556.965407853092,142799.26188144292
2025-06-11 20:38:23+00:00,38.85126552499956,-75.95125795824134,-7587.489589880623,39.50652919616212,-75.56033771305782,-33.83177520904408,3.2717125593251098e-06,3.312671280943307e-06,5936.9826101995295,5000.0,143274.72539550942,7585.489589880623,143475.38670265648
2025-06-11 20:38:24+00:00,38.84665308143923,-75.95695134072093,-7614.022674464897,39.49079929385919,-75.56637579100618,-31.72049936687756,3.281440635596504e-06,3.3178649345900627e-06,5960.388022265663,5000.0,143957.23418645278,7612.022674464897,144158.3440658562
2025-06-11 20:38:25+00:00,38.84198420664678,-75.9626604656184,-7638.562128537443,39.47472117204761,-75.57234627502305,-28.335307247384144,3.2986388066368485e-06,3.3329358768846747e-06,6005.830911573141,5000.0,144645.55074417297,7637.562128537443,144847.04934983104
2025-06-11 20:38:26+00:00,38.83726728492465,-75.9683719106479,-7660.37986776108,39.45873033509856,-75.57832718293227,-24.45464996591456,3.3057026995079798e-06,3.3347818460385237e-06,6020.91279516793,5000.0,145339.59294435164,7659.37986776108,145541.2772281063
2025-06-11 20:38:27+00:00,38.83315134835918,-75.9736333301821,-7678.321546647563,39.97458554842928,-75.16991659014694,-13.628390591937013,3.314639910513678e-06,3.335691124247893e-06,6046.362196110111,5000.0,145957.38411838948,7677.321546647563,146159.15723899653
2025-06-11 20:38:28+00:00,38.82897990491844,-75.9788846345464,-7695.739575601528,39.97034326904677,-75.17526206716953,-13.794985095314416,3.328338015172331e-06,3.3436603121990607e-06,6085.157387697372,5000.0,146579.8509366139,7694.739575601528,146781.68045684815
2025-06-11 20:38:29+00:00,38.824773261435496,-75.98411240844707,-7711.000733997569,39.96607062566535,-75.18058842427706,-12.065903292054356,3.345185353974637e-06,3.352606098572285e-06,6119.132808223354,5000.0,147204.24046182694,7710.000733997569,147406.01250037807
2025-06-11 20:38:30+00:00,38.82051338708092,-75.9893426732253,-7724.790462912877,39.96177077259227,-75.18586508862903,-9.617399789931216,3.356234440978478e-06,3.36540004264051e-06,6146.945022971283,5000.0,147834.2843455121,7723.790462912877,148035.91647659265
2025-06-11 20:38:31+00:00,38.8162215969784,-75.99458169024652,-7736.930536077943,39.95741075349516,-75.19117189444671,-6.485915184630762,3.351363626629176e-06,3.378478267985703e-06,6166.990933513496,5000.0,148467.60415052378,7735.930536077943,148669.00855072535
2025-06-11 20:38:32+00:00,38.811901442131926,-75.99983192825923,-7747.817672837573,39.95298927743072,-75.19648643915515,-3.5491670797182984,3.369080440163857e-06,3.388480201525472e-06,6200.587752375075,5000.0,149105.76020318858,7747.817672837573,149306.9201492761
2025-06-11 20:38:33+00:00,38.807558671511,-76.00509009403626,-7757.529816177396,39.94849556757356,-75.20180238315793,-0.9715684847772136,3.3875375936588227e-06,3.4024370464253733e-06,6232.884094451418,5000.0,149747.5611925943,7757.529816177396,149948.3622850835
2025-06-11 20:38:34+00:00,38.80319641527944,-76.0103503698383,-7766.082587972533,39.94391719915735,-75.20711324989956,1.4551626922868994,3.39000904461248e-06,3.407100373501023e-06,6259.01375499108,5000.0,150391.19165155847,7765.082587972533,150591.52377864375
2025-06-11 20:38:35+00:00,38.7988115806761,-76.01560457737949,-7773.832043224962,39.93924551983914,-75.21241713140303,3.63594032925138,3.396872781388532e-06,3.4182121087314867e-06,6279.883836070529,5000.0,151037.23038340977,7773.832043224962,151237.15623657923
2025-06-11 20:38:36+00:00,38.79440092463025,-76.02084088901418,-7781.526137352643,39.93447588680715,-75.21770226640042,5.171247243664162,3.403892295170692e-06,3.4259389763339025e-06,6290.577013387803,5000.0,151685.5658561044,7781.526137352643,151885.032304414
2025-06-11 20:38:37+00:00,38.78996259151512,-76.02605404817089,-7789.187984755947,39.92959781731143,-75.2229569019207,6.007733362154911,3.42116745945939e-06,3.4328796981013767e-06,6336.70868069955,5000.0,152335.71116438732,7789.187984755947,152534.71849196008
2025-06-11 20:38:38+00:00,38.78550231084891,-76.03124005423359,-7796.778406120371,39.924609046100194,-75.22818178360548,6.292693817477049,3.4366225893437352e-06,3.442750548006221e-06,6364.282039850296,5000.0,152987.2659911604,7795.778406120371,153185.76212039878
2025-06-11 20:38:39+00:00,38.78101943229221,-76.0363991884874,-7804.510063186517,39.919489740597946,-75.23337743605434,6.307693431245164,3.445306196727814e-06,3.451780628685441e-06,6389.485604474976,5000.0,153639.75936044872,7803.510063186517,153837.80557991212
2025-06-11 20:38:40+00:00,38.77651471842068,-76.04152837553787,-7812.184512375421,39.9142289528037,-75.23854812903492,6.170298427457007,3.455498670363904e-06,3.450139252173317e-06,6431.968777299712,5000.0,154293.60243572335,7811.184512375421,154491.19831265285
2025-06-11 20:38:41+00:00,38.77199216783957,-76.04663172168414,-7819.836704353157,39.90882352196804,-75.2436997752736,5.954068108253932,3.4599032692838306e-06,3.4466904935069497e-06,6467.60796754812,5000.0,154948.31262974575,7818.836704353157,155145.46011474126
2025-06-11 20:38:42+00:00,38.76745033871825,-76.05169032861735,-7828.377718254085,39.90326523247343,-75.24882908852966,5.459640786076557,3.472306678078456e-06,3.454599937189979e-06,6492.833161009175,5000.0,155603.16403475564,7827.377718254085,155799.91174442717
2025-06-11 20:38:43+00:00,38.762890809920336,-76.05670857644675,-7837.165023529396,39.89753102234191,-75.25391256410506,4.7397526143902216,3.483105972715007e-06,3.464019786146408e-06,6518.975873995982,5000.0,156257.67891713476,7835.165023529396,156453.99333834954
2025-06-11 20:38:44+00:00,38.7583138470704,-76.06169341260455,-7846.194070627616,39.89163960373453,-75.25900620159405,3.792261140728698,3.498967947938627e-06,3.4703970611995505e-06,6550.736619863516,5000.0,156913.1725845888,7844.194070627616,157109.11848514274
2025-06-11 20:38:45+00:00,38.75373541570704,-76.06665577415649,-7854.556021831799,39.88555818897912,-75.26411808926028,3.617055025815155,3.512856553737728e-06,3.473481455144676e-06,6578.648137028573,5000.0,157566.64486048068,7852.556021831799,157762.19511868124
2025-06-11 20:38:46+00:00,38.749153756409314,-76.0716010828184,-7862.391594660346,39.87943949566734,-75.2692294313771,3.9905536834218047,3.53528100103748e-06,3.485672360986144e-06,6591.107195101296,5000.0,158221.807932818,7861.391594660346,158416.9876728318
2025-06-11 20:38:47+00:00,38.74456822887504,-76.07652934919983,-7869.734574723936,39.87325426864143,-75.27441569919499,4.986606698172544,3.5375105725071337e-06,3.4950396464806497e-06,6614.360089547413,5000.0,158874.90435689987,7868.734574723936,159069.64581032278
2025-06-11 20:38:48+00:00,38.73994403651061,-76.0816472501503,-7875.410682385704,39.86531766092095,-75.28138687923251,7.153719527235396,3.5648719673839342e-06,3.506732735468939e-06,6644.077237616039,5000.0,159540.47883540246,7874.410682385704,159734.6885639571
2025-06-11 20:38:49+00:00,38.73533431773008,-76.08679599053488,-7879.852656967634,39.85929178982919,-75.28688533731403,9.580815831604522,3.566900101952309e-06,3.528649763910493e-06,6687.98038466756,5000.0,160203.32262626695,7878.852656967634,160396.94791262702
2025-06-11 20:38:50+00:00,38.7307320294885,-76.0919694409922,-7883.557421432578,39.85347263449411,-75.29240904894762,11.785066095430626,3.5792184514822867e-06,3.5320486259729155e-06,6696.740850624173,5000.0,160868.10569702354,7882.557421432578,161061.11306597543
2025-06-11 20:38:51+00:00,38.726132008960775,-76.09716484974014,-7886.718522952528,39.84767297366246,-75.29795105228274,13.9371141704861,3.5802090882097283e-06,3.545336326535599e-06,6709.142554838441,5000.0,161533.41743956658,7885.718522952528,161725.78491486295
2025-06-11 20:38:52+00:00,38.7215368973108,-76.10238167854453,-7889.320826467469,39.84216248157732,-75.30351471636845,15.761186735284378,3.591602027862409e-06,3.5522319303539578e-06,6727.073568067007,5000.0,162199.59034406024,7888.320826467469,162391.29506609103
2025-06-11 20:38:53+00:00,38.716949606737245,-76.10762390636015,-7891.355106950179,39.83654823093667,-75.30907569861193,17.263866089033346,3.590123600860998e-06,3.5682438228563075e-06,6753.411111143094,5000.0,162866.44952129654,7891.355106950179,163057.51704566405
2025-06-11 20:38:54+00:00,38.71236368489004,-76.11289222090952,-7893.012726151146,39.831108282268566,-75.3146438228214,18.54419027243833,3.603673778119062e-06,3.577714792480126e-06,6770.077326102605,5000.0,163534.85865755857,7893.012726151146,163725.22605280727
2025-06-11 20:38:55+00:00,38.70778400840965,-76.1181654176182,-7894.783076703305,39.825399840129705,-75.32023064862524,19.477660492695275,3.608499176944959e-06,3.580951965884488e-06,6807.416761667502,5000.0,164203.40039828507,7894.783076703305,164393.0786322457
2025-06-11 20:38:56+00:00,38.70320860242143,-76.12343485986919,-7896.422134353786,39.819944931294216,-75.32577645514412,20.24701045074724,3.613444719417196e-06,3.585252283627618e-06,6826.84545247675,5000.0,164871.38421051612,7896.422134353786,165060.37323965898
2025-06-11 20:38:57+00:00,38.698636359790754,-76.12872682611771,-7897.978522320673,39.81406109147965,-75.3313402257664,20.5954812543531,3.625675819902851e-06,3.5928601754352115e-06,6845.664186605098,5000.0,165540.43238209566,7897.978522320673,165728.73262651297
2025-06-11 20:38:58+00:00,38.69406778846182,-76.13403261967895,-7899.5574866176285,39.8081076270362,-75.3368958684726,20.686260161764416,3.631953776568412e-06,3.615801024000313e-06,6874.83716205576,5000.0,166210.1465033969,7899.5574866176285,166397.7638346292
2025-06-11 20:38:59+00:00,38.68950225218548,-76.13935201462381,-7901.03396472042,39.802081293330126,-75.34249422483111,20.79465950677028,3.647128096609548e-06,3.6254963554919473e-06,6905.302470908983,5000.0,166879.69605839188,7901.03396472042,167066.63130096602
2025-06-11 20:39:00+00:00,38.68494714309567,-76.14469241113335,-7902.447556290432,39.79605110872548,-75.34812511595989,20.936314283659645,3.661909101460504e-06,3.632522527619463e-06,6946.454490856529,5000.0,167549.08283535487,7902.447556290432,167735.3386628725
2025-06-11 20:39:01+00:00,38.68040828559141,-76.15004682873801,-7904.049067261936,39.78976742792961,-75.35375490829705,20.825751728869,3.6757594921827474e-06,3.639671575452296e-06,6991.866518150652,5000.0,168217.71292867485,7904.049067261936,168403.30440526322
2025-06-11 20:39:02+00:00,38.67588582338152,-76.15541496883384,-7905.586309334535,39.78356015539917,-75.35937256262658,20.73522714657039,3.684401958595243e-06,3.647001318773291e-06,7017.492963604396,5000.0,168885.46834971983,7905.586309334535,169070.39869414916
2025-06-11 20:39:03+00:00,38.67138986863014,-76.16078231543536,-7907.516576416041,39.776871226694745,-75.36494829037336,20.388591401941863,3.698296976972222e-06,3.6508132193602393e-06,7048.516923166667,5000.0,169551.5757813943,7907.516576416041,169735.8703054843
2025-06-11 20:39:04+00:00,38.66690854260938,-76.16616557336631,-7909.631062852349,39.76939142659491,-75.37054349627704,19.81466187818528,3.711325684625304e-06,3.655858413680616e-06,7070.5172834621935,5000.0,170217.26624700302,7909.631062852349,170400.93894152564
2025-06-11 20:39:05+00:00,38.66246024922916,-76.1715490892464,-7912.105340120914,39.7609492202516,-75.37623055229714,18.908630679382345,3.7217870111408943e-06,3.667999507125167e-06,7087.8571137551535,5000.0,170879.73712521553,7912.105340120914,171062.81293985533
2025-06-11 20:39:06+00:00,38.65803671729958,-76.1769072910524,-7914.653727765513,39.75164609112987,-75.38156015236123,17.913993237023675,3.736452490117319e-06,3.672327277115308e-06,7119.300406644961,5000.0,171538.6731671203,7914.653727765513,171721.16391279947
2025-06-11 20:39:07+00:00,38.65360831590337,-76.18229566862583,-7916.749542830808,39.74160657511336,-75.38685268962743,17.271243212973125,3.734472399105196e-06,3.684160985253335e-06,7138.265470417623,5000.0,172199.67670283484,7917.749542830808,172381.609849728
2025-06-11 20:39:08+00:00,38.64918883088159,-76.18770560957708,-7919.331761121148,39.72919401646888,-75.39263281527977,16.754103878268776,3.7458858345722153e-06,3.695314410711653e-06,7156.958930868486,5000.0,172861.75572583135,7921.331761121148,173043.15672538665
2025-06-11 20:39:09+00:00,38.64478020662963,-76.19312619803807,-7921.751894395256,39.71603596553135,-75.39844212347754,16.003617171005985,3.753451666068977e-06,3.700226459403133e-06,7178.532950007751,5000.0,173524.09576440442,7923.751894395256,173704.9154599205
2025-06-11 20:39:10+00:00,38.640381951110456,-76.19856227036833,-7924.361291268487,39.70111538156174,-75.40426042305945,15.353155785739112,3.767359101942361e-06,3.705514573798404e-06,7191.590631048541,5000.0,174186.16455887302,7926.361291268487,174366.41628206536
2025-06-11 20:39:11+00:00,38.63600627163647,-76.20401334202909,-7927.009307893714,39.68541343020268,-75.41012811573317,14.576373174216323,3.775331020265282e-06,3.7115663204865247e-06,7224.032823869643,5000.0,174845.3843051305,7929.009307893714,175025.0770644408
2025-06-11 20:39:12+00:00,38.63164301123163,-76.20947274029811,-7930.247873976969,39.66765520239927,-75.4159707879002,13.81667004376816,3.7860429359087726e-06,3.71953163062645e-06,7237.335825631851,5000.0,175502.9824426235,7932.247873976969,175682.14878749073
2025-06-11 20:39:13+00:00,38.62729316379962,-76.21495285398181,-7933.481565211627,39.64830563426222,-75.42181822292294,13.070766286054251,3.797243902427412e-06,3.7269756663608632e-06,7241.76209996334,5000.0,176159.42774494612,7935.481565211627,176338.0726079842
2025-06-11 20:39:14+00:00,38.62295312532974,-76.22043641181739,-7936.8556078329475,39.62763630534142,-75.42761725026787,12.522039219440344,3.7957281291306097e-06,3.731595676765106e-06,7254.160776484287,5000.0,176816.50724377876,7938.8556078329475,176994.64020769467
2025-06-11 20:39:15+00:00,38.61862175670248,-76.22591970456008,-7940.211543193309,39.60637052118276,-75.43342068913766,12.079741214920771,3.7933326679307352e-06,3.741635028136984e-06,7260.572267821123,5000.0,177472.36692731775,7942.211543193309,177649.99225156568
2025-06-11 20:39:16+00:00,38.61428279437176,-76.23138781664078,-7943.317761796568,39.58495878042667,-75.43919085421449,11.990492568278032,3.7970711460894977e-06,3.743205638995472e-06,7278.774225159365,5000.0,178128.17137892314,7945.317761796568,178305.28178698165
2025-06-11 20:39:17+00:00,38.60996517423222,-76.23672954353468,-7946.068516371782,39.56680378405628,-75.44328831195654,13.32534293717519,3.801715025037896e-06,3.7588085998595697e-06,7269.892398429346,5000.0,178776.77950758638,7948.068516371782,178953.37013938883
2025-06-11 20:39:18+00:00,38.60564221806554,-76.24204619148362,-7948.576406555083,39.55022733628653,-75.44866611285218,14.133269887667089,3.80442294494318e-06,3.772397074025675e-06,7292.739806599571,5000.0,179424.9471615253,7949.576406555083,179600.96722723907
2025-06-11 20:39:19+00:00,38.60130235912583,-76.24735898340592,-7950.971329945156,39.53423606260987,-75.45411926533976,14.930283317729996,3.800309895837574e-06,3.7803880213352217e-06,7325.588668786751,5000.0,180075.07202273927,7951.971329945156,180250.5628618868
2025-06-11 20:39:20+00:00,38.596954640364544,-76.25266035037009,-7953.265757951379,39.51956643167655,-75.45955672149518,15.75857025182748,3.811309330464573e-06,3.783457759834364e-06,7343.211013060959,5000.0,180724.7798939431,7954.265757951379,180899.7413250287
2025-06-11 20:39:21+00:00,38.592601750659554,-76.25795201435946,-7955.522496562024,39.50631521423298,-75.46498277396707,16.434135578748116,3.819818895411427e-06,3.7870021998060246e-06,7368.354846357357,5000.0,181374.78955651345,7956.522496562024,181549.2234544335
2025-06-11 20:39:22+00:00,38.588254127798365,-76.26321881003854,-7957.668070591438,39.49309556537228,-75.47005174096479,16.919670361439472,3.835020454939139e-06,3.7934446703579714e-06,7391.078964902321,5000.0,182023.33816848052,7958.668070591438,182197.2448624152
2025-06-11 20:39:23+00:00,38.58390178815954,-76.26848166089897,-7959.86311126978,39.48258556127348,-75.47546585212926,17.420735810108106,3.854484444416495e-06,3.7992642112797535e-06,7392.774529648582,5000.0,182672.5649927337,7960.86311126978,182845.9497568948
2025-06-11 20:39:24+00:00,38.57954542877418,-76.27375342520486,-7962.203522200951,39.47264159001183,-75.48098204405004,17.685349939403753,3.864506028266164e-06,3.80323419738251e-06,7419.272511361821,5000.0,183322.2303833143,7963.203522200951,183495.1028312444
2025-06-11 20:39:25+00:00,38.575200087984825,-76.27900372592694,-7964.647334530699,39.46287340120938,-75.48605735430105,17.562184642202617,3.8737014669342645e-06,3.820692247494851e-06,7461.299386395151,5000.0,183969.77538450403,7965.647334530699,184142.14561713728
2025-06-11 20:39:26+00:00,38.5708510939594,-76.28425404465135,-7967.010326853058,39.4554029896534,-75.49147276124242,17.700029104929733,3.885401526141148e-06,3.833900855879662e-06,7490.194458057217,5000.0,184617.82211021712,7968.010326853058,184789.6897266961
2025-06-11 20:39:27+00:00,38.56900893619256,-76.28573058292065,-7971.654742283281,39.97582812837556,-75.16677646444224,13.114503208048063,3.892558714079373e-06,3.847047452449236e-06,7528.870383494633,5000.0,184858.0992845888,7972.654742283281,185029.9437787045
2025-06-11 20:39:28+00:00,38.56700213331794,-76.28732981940587,-7976.45458222816,39.97422998159615,-75.16860606130535,14.532028948745182,3.894459835375147e-06,3.865380818256351e-06,7558.074036842866,5000.0,185119.5571892919,7976.45458222816,185291.3227370938
2025-06-11 20:39:29+00:00,38.564990205673965,-76.28883815899188,-7982.259428950831,39.97214553857286,-75.17009183314062,11.589886216462808,3.908763415339773e-06,3.884258807170183e-06,7560.490605059815,5000.0,185377.74986034413,7982.259428950831,185549.52602708363
2025-06-11 20:39:30+00:00,38.56293285409847,-76.2902866047931,-7989.78307123111,39.96995475558428,-75.17157295491748,8.076980125149458,3.913213971444241e-06,3.900118905957071e-06,7589.119683481904,5000.0,185637.93539449095,7989.78307123111,185809.79438946303
2025-06-11 20:39:31+00:00,38.56082698774949,-76.29168469934376,-7998.768102665603,39.96756399867632,-75.17302141962112,3.557986961728228,3.929750593085576e-06,3.90036956629633e-06,7640.298554544909,5000.0,185900.82863905423,7998.768102665603,186072.83084815805
2025-06-11 20:39:32+00:00,38.55867258193662,-76.29304762468492,-8009.181652629137,39.9648762384061,-75.17449192802813,-1.5742457550193991,3.9375084968275405e-06,3.919178019955972e-06,7664.782319381418,5000.0,186166.8169253693,8009.181652629137,186339.02091314312
2025-06-11 20:39:33+00:00,38.55646574988976,-76.29439650169915,-8020.383785273139,39.9617534760785,-75.17608469180435,-6.355830600797511,3.942480446362087e-06,3.9326899064945775e-06,7703.129123871499,5000.0,186436.76429937195,8019.383785273139,186609.1573281308
2025-06-11 20:39:34+00:00,38.55421558842083,-76.2957680908841,-8031.471514178158,39.9581200121843,-75.17791690459406,-9.414469606325785,3.953301226137812e-06,3.938842584023304e-06,7727.152452438939,5000.0,186712.2234624125,8030.471514178158,186884.83850494103
2025-06-11 20:39:35+00:00,38.551929608998506,-76.29719807259343,-8041.533382714697,39.95407734350138,-75.18004120081918,-9.555014156070492,3.967723422727035e-06,3.9454638311639495e-06,7762.470460779371,5000.0,186993.61424795308,8039.533382714697,187166.35880019696
2025-06-11 20:39:36+00:00,38.54962737965762,-76.29869563892592,-8049.703027434292,39.94989971888584,-75.18240065884052,-6.562566933861913,3.97167058475799e-06,3.950029879288096e-06,7800.238721532505,5000.0,187280.06247704895,8047.703027434292,187452.8936171036
2025-06-11 20:39:37+00:00,38.547319684327945,-76.3002521815865,-8056.12887051916,39.94590136008894,-75.18483895419176,-1.6448401867009537,3.979311584615572e-06,3.9635744943162e-06,7817.846770996446,5000.0,187569.4360678477,8054.12887051916,187742.27637554985
2025-06-11 20:39:38+00:00,38.54502181955071,-76.30185102341719,-8061.3644626184305,39.94224474759229,-75.18721849489687,3.550310954100122,3.986993574673277e-06,3.972908590844058e-06,7871.396975783016,5000.0,187860.0229750565,8059.3644626184305,188032.820506767
2025-06-11 20:39:39+00:00,38.54272504591828,-76.30346790167575,-8065.624049586506,39.9389116679115,-75.18947934827588,7.992799300570657,3.995320549706061e-06,3.985753267173537e-06,7870.146332479534,5000.0,188151.3246748534,8063.624049586506,188324.0372594937
2025-06-11 20:39:40+00:00,38.54043092424643,-76.30508763938997,-8069.410369319996,39.93579374398348,-75.19159209360689,11.365003307315686,4.0150870452851725e-06,3.998858491683914e-06,7916.765198522483,5000.0,188442.5496054308,8067.410369319996,188615.1574287238
2025-06-11 20:39:41+00:00,38.538096804638286,-76.30668988259083,-8074.073355103146,39.931868404021486,-75.1936499374345,11.277668388946584,4.026930752599557e-06,4.0077445274837575e-06,7938.05774157978,5000.0,188736.50259287847,8072.073355103146,188909.04102038575
2025-06-11 20:39:42+00:00,38.53577210675259,-76.30825851858967,-8078.935366183663,39.92874033873064,-75.19541619641451,12.0966817500256,4.033844157668185e-06,4.027296863086844e-06,7972.228040963854,5000.0,189027.5042612088,8076.935366183663,189199.98481007025
2025-06-11 20:39:43+00:00,38.53346419213885,-76.30977415106344,-8084.451765899832,39.92570597214888,-75.1970083453202,11.642567373887518,4.03996771060963e-06,4.042044747124451e-06,8007.582795885727,5000.0,189314.13659190031,8082.451765899832,189486.5914519673
2025-06-11 20:39:44+00:00,38.531170337924266,-76.31124324604036,-8090.767371992719,39.922627084945375,-75.1985557970932,10.575931780226457,4.051850300503235e-06,4.059542956754739e-06,7993.671268846615,5000.0,189596.4030308553,8088.767371992719,189768.87047099357
2025-06-11 20:39:45+00:00,38.52887777329198,-76.31266521366047,-8097.996528944064,39.91926139215048,-75.20016379528998,8.687523971485259,4.06757735042242e-06,4.064901288203653e-06,8023.96228788947,5000.0,189875.9532482635,8095.996528944064,190048.4748208557
2025-06-11 20:39:46+00:00,38.52661825631526,-76.3140277292027,-8106.152190781846,39.91621030057354,-75.20151782032183,6.757398878911019,4.073036801096156e-06,4.0678865436932105e-06,8076.460727720488,5000.0,190149.9015233125,8104.152190781846,190322.52187289027
2025-06-11 20:39:47+00:00,38.52436286319356,-76.31534973004841,-8115.09554430425,39.91255301545818,-75.20312122180299,4.434456073127519,4.081536923917732e-06,4.084799532222881e-06,8087.406436111758,5000.0,190419.7321041317,8112.09554430425,190592.44599072967
2025-06-11 20:39:48+00:00,38.52210529856401,-76.31662912883749,-8125.29762646081,39.90851182314994,-75.20471456871508,1.7086506012467737,4.093522478000605e-06,4.099726989368755e-06,8103.541059866945,5000.0,190688.9036755157,8122.29762646081,190861.807870781
2025-06-11 20:39:49+00:00,38.519832512105054,-76.3178802662483,-8136.520320362638,39.90406332726495,-75.20644711691624,-1.0843028710493154,4.104646592777083e-06,4.107396808921037e-06,8133.290814971511,5000.0,190957.3950384192,8132.520320362638,191130.49104373687
2025-06-11 20:39:50+00:00,38.5175442799622,-76.31910385633063,-8148.233186800409,39.89947231480145,-75.20815969341258,-3.5290053238507566,4.11941562519672e-06,4.121684471791806e-06,8142.235395627293,5000.0,191226.30879128372,8144.233186800409,191399.65963433788
2025-06-11 20:39:51+00:00,38.51523128273075,-76.3203062566455,-8160.200599514819,39.89460540003608,-75.209951111446,-5.243493362028688,4.131689907423985e-06,4.132928577152554e-06,8163.881812214158,5000.0,191497.8013842873,8156.200599514819,191671.4155612033
2025-06-11 20:39:52+00:00,38.51288640775197,-76.32148695917073,-8172.853668582576,39.88960408420419,-75.21171746620132,-6.836404500142391,4.127131541477105e-06,4.142622527158336e-06,8178.193641270827,5000.0,191770.09865933823,8168.853668582576,191944.00462132448
2025-06-11 20:39:53+00:00,38.51049593306296,-76.32265009747633,-8185.734420521365,39.88420377307051,-75.2135829905357,-7.723412240851265,4.1407070906302434e-06,4.150287823687758e-06,8219.946613808752,5000.0,192046.4667496784,8180.734420521365,192220.6279427222
2025-06-11 20:39:54+00:00,38.50806513062753,-76.32379781729514,-8198.912693930102,39.878939528753484,-75.21536732530629,-8.861351096005375,4.158628680423504e-06,4.157759802811435e-06,8250.843963619942,5000.0,192325.73733425344,8193.912693930102,192500.20635417508
2025-06-11 20:39:55+00:00,38.50558432002744,-76.32492313936348,-8212.04696429477,39.87362603156047,-75.21713102125278,-9.41841200289369,4.166854726937947e-06,4.166661537705258e-06,8291.529203828264,5000.0,192610.1420545205,8206.04696429477,192784.86981358984
2025-06-11 20:39:56+00:00,38.50305393088911,-76.32602533946286,-8225.386641949694,39.86824332047427,-75.21884394019747,-10.012938243520642,4.172985364822296e-06,4.178378800313997e-06,8324.038315750884,5000.0,192898.07846770625,8220.386641949694,193073.1556511068
2025-06-11 20:39:57+00:00,38.500473767088,-76.3271034486071,-8238.835476983135,39.86283721487408,-75.22053689377344,-10.235367833286722,4.178808805111506e-06,4.188884020428017e-06,8335.620282087937,5000.0,193189.82716854408,8234.835476983135,193365.25498844127
2025-06-11 20:39:58+00:00,38.49784094755916,-76.3281596540383,-8252.10837334401,39.85742625200856,-75.22218724575632,-10.287961458589823,4.193480128824351e-06,4.198731896828785e-06,8343.861130630356,5000.0,193484.8911980389,8249.10837334401,193660.65917184143
2025-06-11 20:39:59+00:00,38.49515060505749,-76.3291854132723,-8265.469491733358,39.85188989268625,-75.22382590315694,-10.175387409650511,4.204735707430158e-06,4.203961149920931e-06,8349.467390504507,5000.0,193782.8133831173,8264.469491733358,193958.96529589928
2025-06-11 20:40:00+00:00,38.49239588509535,-76.33017549371566,-8279.607876527953,39.84635147861061,-75.22543588799084,-10.372141721191175,4.214698437362322e-06,4.218497550599206e-06,8379.896929270226,5000.0,194085.43004266292,8279.607876527953,194261.95217137728
2025-06-11 20:40:01+00:00,38.48960500071368,-76.331127040365,-8294.1713066206,39.84130642472413,-75.22681321403509,-11.265535516937316,4.2289135779165285e-06,4.22713606320189e-06,8412.542701209213,5000.0,194391.30090626344,8294.1713066206,194568.16580749545
2025-06-11 20:40:02+00:00,38.48675775363343,-76.33204369732643,-8309.29469532249,39.83578937226544,-75.2282916847089,-12.198815650299416,4.229618130949531e-06,4.244378194156255e-06,8432.574480451023,5000.0,194700.38247037792,8309.29469532249,194877.6111112951
2025-06-11 20:40:03+00:00,38.48384906502904,-76.3329186146808,-8324.991690970059,39.83014748553883,-75.22975334428686,-13.143327023023566,4.245251165934295e-06,4.2554156933812606e-06,8455.179189585824,5000.0,195013.0799332679,8324.991690970059,195190.6935069238
2025-06-11 20:40:04+00:00,38.48087599785873,-76.33375672849623,-8340.83251425645,39.82436692850116,-75.23120956641903,-13.948310817894887,4.250676813178205e-06,4.256063633304305e-06,8494.022730468201,5000.0,195329.264066528,8340.83251425645,195507.26556269536
2025-06-11 20:40:05+00:00,38.47782840001156,-76.33455393899047,-8357.11996500766,39.81836702797829,-75.23267648745968,-14.159497648625129,4.256799216228745e-06,4.259891575984417e-06,8525.65523506961,5000.0,195652.56060018836,8356.11996500766,195830.91995463832
2025-06-11 20:40:06+00:00,38.47470750787363,-76.33531446539472,-8373.76428817449,39.81224362083432,-75.234127249,-14.71823378871063,4.264360076363383e-06,4.265924208832978e-06,8524.742361693707,5000.0,195981.6628018802,8373.76428817449,196160.47533319183
2025-06-11 20:40:07+00:00,38.47151465122839,-76.33603282685749,-8390.908562526874,39.80615688282698,-75.23553007667344,-15.521164796018454,4.27176710885277e-06,4.279202460437106e-06,8550.132821481724,5000.0,196316.0829544417,8389.908562526874,196495.27982183892
2025-06-11 20:40:08+00:00,38.46824348365827,-76.33670258611255,-8408.968684727302,39.79985402974953,-75.23692529039815,-16.389351269261855,4.284418465145704e-06,4.289480124837511e-06,8582.067787247708,5000.0,196657.2885953209,8407.968684727302,196836.9454524904
2025-06-11 20:40:09+00:00,38.46489546699036,-76.33732883454502,-8427.43018492421,39.793427923061,-75.23828684225433,-17.627537052629464,4.30224377723726e-06,4.298867365175419e-06,8614.571372761062,5000.0,197003.4497109019,8425.43018492421,197183.53651305905
2025-06-11 20:40:10+00:00,38.46146792383634,-76.33791116162192,-8446.302418843148,39.786821474605645,-75.23964407155681,-18.67917031063695,4.3156522914001145e-06,4.309445386329995e-06,8640.899308001584,5000.0,197354.4270066197,8445.302418843148,197535.04244071964
2025-06-11 20:40:11+00:00,38.45795818570082,-76.33844523191951,-8465.812132640222,39.78013360669613,-75.24096573627004,-19.66751882540192,4.330256518032721e-06,4.315233722135408e-06,8672.211369743096,5000.0,197711.75782692127,8462.812132640222,197892.79514980712
2025-06-11 20:40:12+00:00,38.45436656315434,-76.33893345699437,-8485.824348776601,39.773110188978336,-75.24228593867193,-20.38483875253213,4.351321773568727e-06,4.337636530789397e-06,8675.633483104088,5000.0,198073.74246758816,8481.824348776601,198255.26171932972
2025-06-11 20:40:13+00:00,38.45068085739842,-76.33937018459201,-8506.526363380686,39.76579458736104,-75.24360797070192,-21.47590853119314,4.366265812923726e-06,4.350892855029994e-06,8681.85318399833,5000.0,198441.8681770679,8502.526363380686,198623.93612091363
2025-06-11 20:40:14+00:00,38.44690088555687,-76.33974984215493,-8528.1886503792,39.75831746441391,-75.24489555248938,-23.111246126538347,4.37207577353066e-06,4.358915864702196e-06,8689.881221206915,5000.0,198817.05696656925,8524.1886503792,198999.70837414637
2025-06-11 20:40:15+00:00,38.44300558453935,-76.34007466064054,-8550.670262301268,39.75026015020691,-75.24623171879021,-23.835871584458136,4.375066503466057e-06,4.358372948306006e-06,8703.814799338972,5000.0,199200.94706864184,8547.670262301268,199384.25208615875
2025-06-11 20:40:16+00:00,38.43898992600416,-76.34033671745328,-8574.32102822914,39.74188803246838,-75.24753976152537,-25.343051480818687,4.386990450497933e-06,4.368638407561975e-06,8719.59586127933,5000.0,199594.9072829647,8572.32102822914,199778.90704753168
2025-06-11 20:40:17+00:00,38.43485083189549,-76.34053218441494,-8599.446897828377,39.73315138783572,-75.24881545998562,-27.51776827930253,4.398346897365297e-06,4.384255522384737e-06,8761.324293287196,5000.0,199997.75068821505,8597.446897828377,200182.45770672912
2025-06-11 20:40:18+00:00,38.43058933938839,-76.34065708586469,-8625.838121802957,39.72428472355031,-75.25000607379764,-30.75457324322256,4.417625504775429e-06,4.399470139859778e-06,8799.77077076393,5000.0,200410.7269399968,8623.838121802957,200596.1865454302
2025-06-11 20:40:19+00:00,38.42619024561554,-76.34071239385761,-8653.190575749055,39.71498244949196,-75.25116611283812,-32.72347913194248,4.42517062839894e-06,4.405026235349757e-06,8813.185138174096,5000.0,200833.4666610366,8652.190575749055,201019.75458359503
2025-06-11 20:40:20+00:00,38.42164775362838,-76.34069501524624,-8681.664134371538,39.70537081351039,-75.25225345238283,-34.34729272331167,4.430264278845552e-06,4.414992126051115e-06,8847.172864690589,5000.0,201267.69817903457,8680.664134371538,201454.8094737396
2025-06-11 20:40:21+00:00,38.41695298579344,-76.34059400075074,-8711.35290343819,39.695507252055386,-75.25324655444578,-36.04638186003184,4.448183414564964e-06,4.426551644067533e-06,8856.916029172562,5000.0,201712.4042977245,8710.35290343819,201900.3821077888
2025-06-11 20:40:22+00:00,38.4121177502804,-76.34040789143737,-8743.048815479857,39.685587224527374,-75.25407637365981,-38.36591989665102,4.4580055216457e-06,4.4358195181923856e-06,8879.97671928772,5000.0,202167.27151455684,8743.048815479857,202356.2368058628
2025-06-11 20:40:23+00:00,38.407136582653,-76.3401242684069,-8776.70339232501,39.67549536620974,-75.25476476293662,-42.05776990801721,4.471999209569466e-06,4.437488693731721e-06,8881.992781503466,5000.0,202632.4522301842,8776.70339232501,202822.4376622437
2025-06-11 20:40:24+00:00,38.40201942221704,-76.3397472551955,-8812.532457912133,39.66546088341063,-75.25525532381387,-46.030482290349255,4.49123467457971e-06,4.447860882331981e-06,8917.067137627024,5000.0,203107.70877975723,8811.532457912133,203298.75668586735
2025-06-11 20:40:25+00:00,38.39678098555845,-76.33926876462567,-8850.880982824789,39.65580026354783,-75.25549820246573,-50.8181310928056,4.496849771591454e-06,4.451942096467017e-06,8933.580586788526,5000.0,203591.5411052574,8849.880982824789,203783.79720435056
2025-06-11 20:40:26+00:00,38.39143881675461,-76.33868581694284,-8892.501325948038,39.64659809584568,-75.25547220715187,-56.66604984432158,4.513966297322137e-06,4.458103129815084e-06,8960.274480432967,5000.0,204081.0868598326,8889.501325948038,204274.60255184583
2025-06-11 20:40:27+00:00,38.38964502201334,-76.33851458991066,-8935.32164854728,39.98167894361949,-75.16682386575825,-53.12023107397732,4.521196941401124e-06,4.460773944049876e-06,8978.31249395301,5000.0,204243.53303762947,8932.32164854728,204438.7613876741
2025-06-11 20:40:28+00:00,38.38789256009789,-76.33827843103737,-8984.44052288128,39.97985968573171,-75.16661379846676,-67.79369157428278,4.538889332577708e-06,4.4709303961975285e-06,8986.228367595526,5000.0,204400.2777283376,8980.44052288128,204597.46295447205
2025-06-11 20:40:29+00:00,38.38617379061704,-76.33796246675008,-9038.83323854615,39.9780294384787,-75.16632313081749,-80.81014735690712,4.547602148660024e-06,4.48996191072038e-06,8988.704237187643,5000.0,204550.15985399217,9034.83323854615,204749.59366978507
2025-06-11 20:40:30+00:00,38.38446511724564,-76.33756263376085,-9097.51071653847,39.97607248607216,-75.16594201000143,-92.04254732738488,4.553290631011583e-06,4.504466276247055e-06,8983.835496217951,5000.0,204696.1709134692,9093.51071653847,204898.0583699806
2025-06-11 20:40:31+00:00,38.38274553754147,-76.3370655562348,-9158.947405357823,39.9738582937481,-75.16545562028737,-100.59560108368098,4.565732251845042e-06,4.509158222360479e-06,8990.252814424703,5000.0,204838.9818724827,9154.947405357823,205043.4626037859
2025-06-11 20:40:32+00:00,38.381003423813766,-76.33646726359063,-9222.832784482962,39.9712851818756,-75.16487560959365,-107.53420715471552,4.585376040741705e-06,4.524916960919104e-06,9021.204476971428,5000.0,204980.2110040649,9217.832784482962,205187.36643495783
2025-06-11 20:40:33+00:00,38.37923898274228,-76.33575376571973,-9288.057284249311,39.968301566651725,-75.16414371305152,-113.88106200604534,4.60018674706345e-06,4.5360111429960026e-06,9073.489981928557,5000.0,205118.3904474611,9284.057284249311,205328.3901934029
2025-06-11 20:40:34+00:00,38.37745666955526,-76.33491088950268,-9353.495093657522,39.964888913575024,-75.16325998987082,-118.7933402775622,4.609346701328765e-06,4.541308541029772e-06,9112.534613979618,5000.0,205254.15871963103,9349.495093657522,205466.98695948656
2025-06-11 20:40:35+00:00,38.375651770879614,-76.33392015005799,-9418.037509470778,39.96103860488304,-75.16215286312958,-122.36041721367911,4.61760235326656e-06,4.5480207015238805e-06,9136.803837393716,5000.0,205384.5967055973,9413.037509470778,205600.1892972756
2025-06-11 20:40:36+00:00,38.37383205706256,-76.3327602537267,-9480.825884041344,39.95679905174114,-75.16076236345964,-123.7951608741406,4.620754456190085e-06,4.564032978117824e-06,9153.756883255584,5000.0,205509.7152272792,9476.825884041344,205728.10523026207
2025-06-11 20:40:37+00:00,38.37199059782583,-76.33141828530228,-9541.062316223772,39.95227983151912,-75.15901411167278,-121.60452113870704,4.632734714868289e-06,4.56787292073885e-06,9192.763580719804,5000.0,205629.0497720678,9538.062316223772,205850.1414692536
2025-06-11 20:40:38+00:00,38.3700964239317,-76.3298833316336,-9596.666896211264,39.947521703931,-75.15670348804711,-113.31293056380832,4.644687791328175e-06,4.578119430732043e-06,9218.349597094675,5000.0,205745.23675197823,9593.666896211264,205968.78620471363
2025-06-11 20:40:39+00:00,38.36813205384365,-76.32816764378612,-9646.058284642131,39.94296615073691,-75.15395155422466,-98.5397834025473,4.666967765104789e-06,4.579675226634625e-06,9220.645553546452,5000.0,205862.26684392264,9643.058284642131,206087.994514963
2025-06-11 20:40:40+00:00,38.36619700489659,-76.32635582022765,-9691.356783437865,39.93964299480832,-75.15163116966515,-83.26028551109286,4.67606232992303e-06,4.605019176414812e-06,9241.565597250625,5000.0,205971.98341652023,9688.356783437865,206199.71437831447
2025-06-11 20:40:41+00:00,38.36428083225092,-76.32447910093643,-9733.306734628311,39.936795152230665,-75.14919270589164,-67.41877102863188,4.690718727002735e-06,4.616584520934152e-06,9295.403797574028,5000.0,206078.05400911105,9730.306734628311,206307.64215930543
2025-06-11 20:40:42+00:00,38.36235468921076,-76.32256565791874,-9773.548515175684,39.93421559909462,-75.14676504448923,-55.50444699575148,4.685471708197783e-06,4.622385450975832e-06,9305.317195553507,5000.0,206184.92560884467,9770.548515175684,206416.2957874504
2025-06-11 20:40:43+00:00,38.36039644336367,-76.32064669072275,-9813.059505984924,39.93168418549304,-75.14441929563739,-48.23618288524261,4.69569776634926e-06,4.627570046796563e-06,9328.721590898624,5000.0,206294.83747652976,9810.059505984924,206527.9575190216
2025-06-11 20:40:44+00:00,38.35838806810834,-76.31874358304799,-9852.354511189898,39.92894310199403,-75.1421704684684,-45.79665382472292,4.707208692587072e-06,4.618328392223672e-06,9328.617111076515,5000.0,206411.106170094,9849.354511189898,206645.9642350871
2025-06-11 20:40:45+00:00,38.35632648585245,-76.31687518303025,-9893.909692214633,39.92587489287562,-75.14003587631616,-46.36317028340138,4.716608496597994e-06,4.631595554671203e-06,9337.944251419263,5000.0,206534.47451869585,9890.909692214633,206771.17608422448
2025-06-11 20:40:46+00:00,38.354203497852254,-76.31505352266603,-9937.690469324336,39.92232860541853,-75.13801094573039,-49.05733341348935,4.733880293599051e-06,4.632552265156699e-06,9352.787163295336,5000.0,206666.57490073564,9934.690469324336,206905.22288217532
2025-06-11 20:40:47+00:00,38.35201225647306,-76.31328237484433,-9983.797171043472,39.91826956734539,-75.13612773599,-53.80519985154861,4.739922654282389e-06,4.64276170312572e-06,9399.63990976748,5000.0,206808.18643928072,9980.797171043472,207048.88864824607
2025-06-11 20:40:48+00:00,38.349745814290586,-76.31158406000245,-10031.787907446262,39.91359046657757,-75.13440311739684,-58.97717354169052,4.7587403751517945e-06,4.6496810954470575e-06,9431.620504217624,5000.0,206960.936397065,10027.787907446262,207203.72999699283
2025-06-11 20:40:49+00:00,38.34740838121479,-76.30996913979718,-10081.534533567985,39.9082918474937,-75.13285404249339,-64.15906409446174,4.766631084913629e-06,4.659392020496778e-06,9460.7789917887,5000.0,207124.10673137716,10077.534533567985,207369.1208727716
2025-06-11 20:40:50+00:00,38.34499942986872,-76.30845047595476,-10133.048510946908,39.90236235585927,-75.13149920356646,-69.29178859829895,4.782036638187971e-06,4.660704354771132e-06,9493.953686478992,5000.0,207298.5145612156,10129.048510946908,207545.8305122597
2025-06-11 20:40:51+00:00,38.342519772176,-76.30703833885619,-10186.214276062678,39.89579003628543,-75.13035307040036,-74.2880480945657,4.78660027084884e-06,4.673458145676e-06,9510.953496896318,5000.0,207484.45955440757,10182.214276062678,207734.1532924912
2025-06-11 20:40:52+00:00,38.339974331806125,-76.30575220501599,-10240.631271801894,39.88856739738328,-75.12942791686231,-78.95116042486812,4.784770960497267e-06,4.683071747352106e-06,9540.985950324355,5000.0,207682.2663621125,10236.631271801894,207934.3944158789
2025-06-11 20:40:53+00:00,38.33737016116381,-76.30459892663413,-10295.915786764686,39.88070028872275,-75.12873381537894,-83.16333203379966,4.793674460888987e-06,4.693094517696458e-06,9566.78344984432,5000.0,207891.5060734909,10291.915786764686,208146.1069250784
2025-06-11 20:40:54+00:00,38.33472035812299,-76.30359712143131,-10351.8357217672,39.87217194706122,-75.12827532707611,-86.71860997573862,4.7987790006280366e-06,4.697669860904808e-06,9573.77553721138,5000.0,208111.6178305798,10347.8357217672,208368.71929391407
2025-06-11 20:40:55+00:00,38.33203526267383,-76.30275212872502,-10407.993145551603,39.862995595772,-75.12805520932316,-89.37954808419644,4.809720652195538e-06,4.712368862699574e-06,9616.57332754352,5000.0,208341.7749240125,10403.993145551603,208601.38602574187
2025-06-11 20:40:56+00:00,38.32933529112189,-76.30207619006151,-10463.69528042522,39.85317795200493,-75.12806982535037,-90.88730459583326,4.83175029564379e-06,4.72155249753365e-06,9656.131659157085,5000.0,208580.3084010668,10459.69528042522,208842.40536357427
2025-06-11 20:40:57+00:00,38.3266336531138,-76.30157260239216,-10518.561869245765,39.84277019572863,-75.12831077530767,-91.02326580420026,4.837710032942489e-06,4.728351104280355e-06,9679.831840890243,5000.0,208826.2423962424,10514.561869245765,209090.7829738948
2025-06-11 20:40:58+00:00,38.32395332519263,-76.30123978505614,-10572.174216182708,39.83186052000637,-75.12876168903993,-89.78773737401752,4.846162714900193e-06,4.7410666717757e-06,9694.90098609186,5000.0,209077.10904273143,10568.174216182708,209344.03223385612
2025-06-11 20:40:59+00:00,38.321310875236165,-76.30108006950894,-10624.436086129466,39.82057003960097,-75.12939943894064,-87.4154114208611,4.854873137251066e-06,4.750549853455032e-06,9714.44660653638,5000.0,209331.33111318928,10620.436086129466,209600.57215637373
2025-06-11 20:41:00+00:00,38.31872992617794,-76.30108281843849,-10675.530612457358,39.809042578537046,-75.13019553725307,-84.45844208885788,4.8676347843109625e-06,4.760505304724666e-06,9756.147375397546,5000.0,209586.1168855828,10671.530612457358,209857.62306094528
2025-06-11 20:41:01+00:00,38.316228237530495,-76.3012292742819,-10725.986933498796,39.79736815193039,-75.13112058343677,-81.37469658587193,4.8842849898926665e-06,4.773471014613493e-06,9770.261849938524,5000.0,209838.9306525298,10721.986933498796,210112.67886826655
2025-06-11 20:41:02+00:00,38.313824664155206,-76.30150106868936,-10777.004850685978,39.7855748411638,-75.13214451899049,-79.04511929752833,4.889308870262358e-06,4.789510732535687e-06,9811.664597668174,5000.0,210087.17181349776,10773.004850685978,210363.20351740945
2025-06-11 20:41:03+00:00,38.31153085076498,-76.30189186745595,-10828.5559939159,39.773651034087166,-75.13324264970896,-78.14913050452071,4.900735210878051e-06,4.803848299673253e-06,9829.558221291096,5000.0,210328.93859909667,10824.5559939159,210607.2967033384
2025-06-11 20:41:04+00:00,38.309356470461694,-76.30239304649922,-10880.141991380411,39.76120309529599,-75.13442678410766,-77.90950664184376,4.920760782256992e-06,4.815670816940363e-06,9839.38425385814,5000.0,210562.98967244296,10876.141991380411,210843.693489784
2025-06-11 20:41:05+00:00,38.30731137119222,-76.30297865147213,-10932.863317261068,39.74823881437062,-75.13566853080474,-78.24328630848441,4.927743831299377e-06,4.821211796716185e-06,9871.704160398684,5000.0,210788.2855762421,10928.863317261068,211071.41300891215
2025-06-11 20:41:06+00:00,38.30541155814621,-76.30363762904076,-10986.254902136878,39.73475640586199,-75.13694934352061,-78.93157882414093,4.935229449102927e-06,4.831094503993753e-06,9889.458689945975,5000.0,211001.88725107335,10982.254902136878,211287.49689995905
2025-06-11 20:41:07+00:00,38.30365828364249,-76.3043431316624,-11040.551224674726,39.72092306059134,-75.1382264976546,-80.30612830038665,4.947467010325756e-06,4.8414463681847264e-06,9909.17414466509,5000.0,211202.0583519459,11036.551224674726,211490.22415949544
2025-06-11 20:41:08+00:00,38.30205694620719,-76.30508373131511,-11095.392385670351,39.706675394071446,-75.13947760107804,-81.85916223783012,4.961211397467617e-06,4.847072827535855e-06,9927.77730907793,5000.0,211388.0170645153,11091.392385670351,211678.7961594659
2025-06-11 20:41:09+00:00,38.30061139733834,-76.30584067683492,-11150.73203397003,39.69200470635005,-75.14067799526205,-83.44889968163345,4.982120846942592e-06,4.8638399803405925e-06,9955.607291425817,5000.0,211558.61759501568,11146.73203397003,211852.06705092877
2025-06-11 20:41:10+00:00,38.29932020758335,-76.30658518036353,-11206.79297259576,39.67679863333594,-75.14179057509436,-85.1240568642213,4.981575154105645e-06,4.872960012221805e-06,9962.47898656242,5000.0,211713.8672509955,11203.79297259576,212010.1095781636
2025-06-11 20:41:11+00:00,38.29818642429129,-76.30730083528388,-11263.696687528229,39.66147719500892,-75.14278234737552,-86.81438212192364,4.988756830533085e-06,4.879369706702588e-06,9992.58154926272,5000.0,211852.76297027583,11260.696687528229,212151.82409781063
2025-06-11 20:41:12+00:00,38.29720335689193,-76.30795819950022,-11321.390655301828,39.64561649584401,-75.1436166512184,-88.74070950393033,5.006716235721392e-06,4.8886938499701e-06,10028.22458067392,5000.0,211973.7983400368,11318.390655301828,212275.75732930173
2025-06-11 20:41:13+00:00,38.29636719283647,-76.30853031000059,-11379.42106800239,39.62922430070677,-75.14425469700114,-90.6051920801508,5.014173274017736e-06,4.911265967222787e-06,10021.414401088738,5000.0,212076.5443284338,11376.42106800239,212381.4577843524
2025-06-11 20:41:14+00:00,38.295664894852834,-76.30897607471246,-11437.77015033485,39.612462470801226,-75.14465965130763,-92.51406042781024,5.026591962288216e-06,4.920982612502019e-06,10041.817296287536,5000.0,212161.76482766567,11434.77015033485,212469.68824559587
2025-06-11 20:41:15+00:00,38.29509096947662,-76.30927669516942,-11495.919071470802,39.59503618576821,-75.14478218876478,-93.46833524485456,5.031731444630913e-06,4.921341553741525e-06,10050.252457318364,5000.0,212228.0357320888,11492.919071470802,212538.99957298223
2025-06-11 20:41:16+00:00,38.294627669213725,-76.30941375093589,-11553.908780238246,39.57721394371952,-75.14461947446468,-94.02952750018916,5.043145103424457e-06,4.9352114943711954e-06,10100.531447405632,5000.0,212277.37047403376,11550.908780238246,212591.40506854825
2025-06-11 20:41:17+00:00,38.29435529480148,-76.30949555037618,-11591.968774513363,39.98502226690445,-75.16946061485297,-21.60885897507213,5.046736008243797e-06,4.94061841114246e-06,10118.830517968208,5000.0,212305.23973340527,11588.968774513363,212621.3042371703
2025-06-11 20:41:27+00:00,38.29185142442861,-76.3108228013067,-11958.08340843464,39.98537636756007,-75.17031414789048,-16.211722712809348,5.059931182263601e-06,4.964562546063369e-06,10122.833388835985,5000.0,212580.79666840416,11957.08340843464,212916.80759350507
2025-06-11 20:42:27+00:00,38.27757208234299,-76.31884578937603,-14069.371034715434,39.985767430443886,-75.17185043624076,-11.003560684139348,5.072035499325583e-06,4.98056366659764e-06,10160.175254925263,5000.0,214164.4661203172,14069.371034715434,214626.10686939507
2025-06-11 20:43:27+00:00,38.26658727597062,-76.3289958074841,-16018.70615802365,39.986776002583696,-75.17513113585538,-0.9946023897987004,5.08246232883651e-06,4.984353253074002e-06,10217.765805320943,5000.0,215508.88046412973,16015.70615802365,216103.1707371336
2025-06-11 20:44:27+00:00,38.25631453965172,-76.3394186046534,-17910.30256056362,39.9881618701106,-75.17799181800291,2.5629015412609446,5.095459488639687e-06,4.98566483898711e-06,10243.057929906652,5000.0,216942.32963935184,17910.30256056362,217680.3926107267
2025-06-11 20:45:27+00:00,38.2466280305823,-76.35052845718094,-19792.41493100334,39.98841312825406,-75.17840794162989,3.1642078596486938,5.10602550450639e-06,4.987592985908863e-06,10234.665944647297,5000.0,218511.7428805739,19793.41493100334,219406.38334227403
2025-06-11 20:46:27+00:00,38.23696613488235,-76.36187503333474,-21663.99283001635,39.98863985920926,-75.17889375120478,3.817567995905581,5.124938077000912e-06,4.996282157812559e-06,10257.28840966362,5000.0,220054.5517766092,21664.99283001635,221118.4697666141
2025-06-11 20:47:27+00:00,38.22756976226788,-76.37316567747226,-23514.5002731974,39.98934284294408,-75.18027748643264,5.111673345452839,5.129734646497998e-06,4.992891011014415e-06,10296.243260749256,5000.0,221345.99569762143,23509.5002731974,222590.98457589635
2025-06-11 20:48:27+00:00,38.21901270027144,-76.3843081452736,-25372.22529283471,39.99007408928808,-75.1811420628126,4.657595654936108,5.1395351917373565e-06,4.994715838339605e-06,10337.149538728185,5000.0,222723.82382603732,25354.22529283471,224162.3037887761
2025-06-11 20:49:27+00:00,38.210633881448246,-76.39544463232275,-27259.130691508835,39.99205707777815,-75.18267276431503,2.862583172394093,5.157081045993809e-06,5.008858583333524e-06,10366.048729861044,5000.0,224386.53819639684,27231.130691508835,226032.85823636592
2025-06-11 20:50:27+00:00,38.20236623233323,-76.40655041983737,-29158.07247627392,39.99266391520157,-75.18327868959854,2.1186261688552444,5.16941624360728e-06,5.013114720416922e-06,10392.713369057888,5000.0,226208.90634041277,29132.07247627392,228077.0636308888
2025-06-11 20:51:27+00:00,38.19454172279466,-76.41725707100511,-31071.487980294205,39.99450658117067,-75.18480138855242,1.2026829478939471,5.17851356327078e-06,5.030667421268666e-06,10400.40980829701,5000.0,227395.84634815544,31049.487980294205,229505.864065022
2025-06-11 20:52:27+00:00,38.18757287119293,-76.42785944131585,-32974.08706740101,39.99655856654866,-75.18703267586423,1.852328335194788,5.17927453925519e-06,5.048422850939405e-06,10431.676663074324,5000.0,228703.41644860976,32952.08706740101,231065.126614476
2025-06-11 20:53:27+00:00,38.18225770506087,-76.43762431313618,-34821.74645785416,39.99855803907225,-75.18933957338575,5.190232017313004,5.194349845246979e-06,5.052734300378943e-06,10472.170694580604,5000.0,229569.5649447048,34797.74645785416,232191.87821163368
2025-06-11 20:54:27+00:00,38.18253454909928,-76.44420680524306,-36657.566239264575,39.99924864907432,-75.19009706533643,5.749046776247036,5.198265746843942e-06,5.055230355543498e-06,10510.539609603922,5000.0,229948.90869538824,36634.566239264575,232848.8609672357
2025-06-11 20:55:27+00:00,38.1828128422685,-76.45078737079925,-38478.79107878011,39.99924845971824,-75.19009708290777,6.648898306761009,5.20416623725242e-06,5.071280666099354e-06,10525.455917221205,5000.0,230257.86194435376,38454.79107878011,233446.8974822705
2025-06-11 20:56:26+00:00,38.183699432360015,-76.45726755617488,-40248.85205028551,40.00046480238584,-75.1915341067817,7.166861899198179,5.214417641905071e-06,5.082785300518511e-06,10536.016252968397,5000.0,230438.4295732257,40232.85205028551,233924.24459271997
2025-06-11 20:56:27+00:00,38.18371372318964,-76.45737439464475,-40278.34193873376,40.00046411049858,-75.19153483495347,8.622799237887593,5.2333399344661686e-06,5.086954800749204e-06,10588.675667724408,5000.0,230441.5925814104,40263.34193873376,233932.6063111599
2025-06-11 20:56:28+00:00,38.18373968116633,-76.45735771602622,-40320.11325590343,40.00048368518082,-75.19157929927535,-26.820974952775032,5.250999906480063e-06,5.101794642887869e-06,10612.735800826424,5000.0,230438.66894307733,40306.11325590343,233937.0917790826
2025-06-11 20:56:29+00:00,38.18376921116636,-76.45722500487196,-40372.46698867777,40.00050719747894,-75.19149659809389,-67.64668582462363,5.260963739584549e-06,5.115932926456904e-06,10651.168033351742,5000.0,230430.49678261223,40358.46698867777,233938.06809742973
2025-06-11 20:56:30+00:00,38.1837957285333,-76.45697439891798,-40430.43782602811,40.000527126020685,-75.19127937805155,-101.28420774192928,5.278018770798248e-06,5.117477527412429e-06,10671.778722094195,5000.0,230418.15745722665,40417.43782602811,233936.09504820785
2025-06-11 20:56:31+00:00,38.18381091128683,-76.4565892369595,-40486.35275794244,40.00049078462588,-75.19089646161872,-114.02186638768234,5.298788313792773e-06,5.128721857450407e-06,10708.01998907599,5000.0,230402.0383041427,40473.35275794244,233929.8859448542
2025-06-11 20:56:32+00:00,38.18378834116814,-76.45606053662625,-40536.28530112149,40.00030098263532,-75.19032377310423,-106.49429680361465,5.311992227788405e-06,5.133936218647992e-06,10739.46038239787,5000.0,230383.50992150896,40524.28530112149,233920.4551614089
2025-06-11 20:56:33+00:00,38.18370251696312,-76.45540743634226,-40581.2462394034,39.99988905374753,-75.18958398687042,-92.1625907596894,5.32089244905498e-06,5.141497689207344e-06,10755.426339928868,5000.0,230366.0769253579,40570.2462394034,233911.25299545925
2025-06-11 20:56:34+00:00,38.18353802092732,-76.45465759258391,-40623.754491065214,39.99921780933323,-75.18871940025508,-80.15020060050267,5.339940653891322e-06,5.14121507816716e-06,10760.991238157249,5000.0,230352.77495845343,40613.754491065214,233905.70319023952
2025-06-11 20:56:35+00:00,38.18327520110603,-76.45383558232322,-40665.67059622858,39.998241480140905,-75.18776489117846,-72.6359712291139,5.361596369794213e-06,5.1435635544607655e-06,10760.427435255571,5000.0,230346.52798787493,40655.67059622858,233906.8329649604
2025-06-11 20:56:36+00:00,38.182899438509295,-76.45296547663978,-40708.11801832175,39.99691636318039,-75.18675490909382,-69.48547806653048,5.367709263584116e-06,5.153012325983383e-06,10772.906307731806,5000.0,230349.3197522427,40698.11801832175,233916.96372976928
2025-06-11 20:56:37+00:00,38.18244825251145,-76.4520373231498,-40751.45347998505,39.99536165530039,-75.18568102730563,-69.26310082121121,5.377153470014014e-06,5.155580587528176e-06,10798.609884762913,5000.0,230358.03310503115,40742.45347998505,233933.26170424628
2025-06-11 20:56:38+00:00,38.18190725610151,-76.451056254983,-40794.28913984551,39.993386421934126,-75.18453782406044,-68.609235042501,5.38811741256571e-06,5.172888968521636e-06,10835.091379835889,5000.0,230372.91520002345,40785.28913984551,233955.3800791467
2025-06-11 20:56:39+00:00,38.1812702256903,-76.45002917182303,-40835.673926381045,39.9910100364788,-75.18334116687588,-66.16998658594053,5.398770168729834e-06,5.175682503650221e-06,10868.907937205126,5000.0,230395.5281705224,40827.673926381045,233985.0387507989
2025-06-11 20:56:40+00:00,38.18054116127408,-76.44896343088729,-40875.08257644821,39.98833455338016,-75.1821153998412,-62.304160571661214,5.415905909760566e-06,5.187080059026404e-06,10898.203026937716,5000.0,230425.1098523285,40868.08257644821,234021.22002915252
2025-06-11 20:56:41+00:00,38.17967466747715,-76.44793087666659,-40912.619087586754,39.98506536006089,-75.18109814553993,-58.22460736072853,5.42436605323082e-06,5.197441864161422e-06,10899.32335377549,5000.0,230470.2594403932,40905.619087586754,234072.23278180795
2025-06-11 20:56:42+00:00,38.178714932314456,-76.44687414837006,-40948.251092149934,39.98203938305767,-75.17992349144859,-52.97966982382663,5.433864649742341e-06,5.211499401674862e-06,10932.738226743711,5000.0,230523.56060113508,40942.251092149934,234131.1169339049
2025-06-11 20:56:43+00:00,38.17762356998748,-76.44587384483458,-40982.69994644704,39.97836431111342,-75.17910462344324,-49.27932509073069,5.439066110458026e-06,5.21865068960841e-06,10991.782077925078,5000.0,230592.4385571877,40977.69994644704,234205.133617202
2025-06-11 20:56:44+00:00,38.17640561463867,-76.44494437117818,-41016.24112745427,39.97452147903968,-75.17844762608277,-46.6919984635524,5.440054991111228e-06,5.231232944832484e-06,11036.338256027162,5000.0,230676.42712238576,41011.24112745427,234293.6958792608
2025-06-11 20:56:45+00:00,38.175063528958816,-76.44409754603207,-41049.348840734354,39.970451035716806,-75.17796848132944,-44.927790225162646,5.436662012575583e-06,5.245919049070629e-06,11074.577039173804,5000.0,230776.01776378852,41045.348840734354,234397.7197763878
2025-06-11 20:56:46+00:00,38.17363582997773,-76.44325408435913,-41082.161477351525,39.96698408368098,-75.17711256438137,-43.01376888898663,5.461339629271788e-06,5.257374790386725e-06,11119.10689413678,5000.0,230885.48402621743,41079.161477351525,234511.4160157305
2025-06-11 20:56:47+00:00,38.172122740487495,-76.44240195788805,-41115.79582614777,39.963483719523,-75.17622709884026,-42.63053710612593,5.461841492789734e-06,5.278023461374471e-06,11133.67068863826,5000.0,231004.062435738,41113.79582614777,234634.2282554881
2025-06-11 20:56:48+00:00,38.17049438682683,-76.44165724789687,-41150.87001723597,39.95892044442788,-75.17613712028374,-44.32300794943416,5.487857392555461e-06,5.280157568541365e-06,11168.897030139433,5000.0,231137.7170429996,41148.87001723597,234771.96115282836
2025-06-11 20:56:49+00:00,38.16875326351713,-76.44102728228818,-41187.22022891622,39.95403167740458,-75.17623876881106,-47.12654511363789,5.491060139272013e-06,5.283901965649947e-06,11190.548633803715,5000.0,231287.8134727321,41186.22022891622,234926.28077280347
2025-06-11 20:56:50+00:00,38.166900309858704,-76.44052266875661,-41224.52554483696,39.94888681032555,-75.17657555938212,-49.708972001819966,5.496624184900902e-06,5.290002522449692e-06,11192.324955540424,5000.0,231455.31861893035,41223.52554483696,235097.73196553043
2025-06-11 20:56:51+00:00,38.16494027933915,-76.4401499503047,-41262.91172424309,39.94337476838832,-75.17709143275609,-52.5306590776052,5.515007275821868e-06,5.305158674474589e-06,11189.37745379279,5000.0,231639.00042699784,41261.91172424309,235285.2988989281
2025-06-11 20:56:52+00:00,38.162878957729305,-76.43992812308579,-41302.58191606545,39.93726773065716,-75.1778580617296,-55.90514940590899,5.520544340689383e-06,5.316068257090837e-06,11213.478326399476,5000.0,231840.0605297305,41301.58191606545,235490.20008314267
2025-06-11 20:56:53+00:00,38.1608442658388,-76.43968114787629,-41329.98574972496,40.01701240192761,-75.21023485526004,-8.782242516230571,5.537240156539688e-06,5.334712177633346e-06,11254.991136573894,5000.0,232038.2765069706,41328.98574972496,235690.15004328525
2025-06-11 20:57:27+00:00,38.09345133379168,-76.42914789084799,-42146.30115421116,40.01912663130908,-75.21089894811931,4.294380130225807,5.550909848618903e-06,5.3423422003289e-06,11294.074078264688,5000.0,238542.3086188374,42157.30115421116,242238.87186372775
2025-06-11 20:58:27+00:00,37.98632905400402,-76.4016568767499,-43222.96420863509,40.02144919195429,-75.21226586239882,27.334806701441547,5.572435811726001e-06,5.355297035669019e-06,11325.838349488416,5000.0,248548.54161899904,43238.96420863509,252281.56010054905
2025-06-11 20:59:27+00:00,37.89021221512807,-76.36998494635877,-44174.97321088251,40.02264228399714,-75.21312418248598,34.7988866616972,5.589803881789836e-06,5.367956051031288e-06,11354.287362599774,5000.0,257560.74655124423,44208.97321088251,261327.32631011785
2025-06-11 21:00:27+00:00,37.7966286878732,-76.33850894173469,-45071.25237983954,40.023521597269365,-75.21389630492568,38.23679134373808,5.590150062760127e-06,5.376567149347408e-06,11402.764178130825,5000.0,266461.7589630906,45116.25237983954,270254.2233129865
2025-06-11 21:01:27+00:00,37.70307379715686,-76.30714675614493,-45895.19888995416,40.02351926187861,-75.21389638959414,42.92390290378813,5.609283655821436e-06,5.394500616140593e-06,11425.22414435125,5000.0,275471.465093166,45946.19888995416,279276.8899730348
2025-06-11 21:01:46+00:00,37.6719270002975,-76.29912124505218,-46388.80179066845,40.021922414955895,-75.21342327899994,22.9917837989583,5.6172705062751484e-06,5.397985768931843e-06,11451.548778876311,5000.0,278538.14426116145,46431.80179066845,282381.67438057926
2025-06-11 21:01:47+00:00,37.67020072386991,-76.29875976982014,-46422.76503830075,40.02023420475233,-75.21306707036257,3.2960248109387926,5.629645883833198e-06,5.407938323386235e-06,11469.450867392989,5000.0,278710.15469140915,46465.76503830075,282556.9281555556
2025-06-11 21:01:48+00:00,37.66847692722031,-76.29843627805505,-46447.93253465364,40.02021607558125,-75.21313469204712,31.36595681480992,5.642292242633389e-06,5.432351133223473e-06,11469.21070147573,5000.0,278883.1810810157,46489.93253465364,282731.5732579989
2025-06-11 21:01:49+00:00,37.66666645695193,-76.29815825343755,-46482.99466326274,40.01844855373289,-75.21288763796244,1.01098806260023,5.648477313620209e-06,5.443603224758351e-06,11501.121373245274,5000.0,279066.0492389051,46522.99466326274,282917.3887732052
2025-06-11 21:01:50+00:00,37.66476830863269,-76.29793522229485,-46522.38914973253,40.01655833043263,-75.21273920259249,-14.047304515452064,5.663135623613323e-06,5.449359489974662e-06,11515.410635711816,5000.0,279258.6948617183,46562.38914973253,283113.8900499257
2025-06-11 21:01:51+00:00,37.6627884286925,-76.29776767643949,-46564.42472346615,40.01449102318124,-75.21269111593563,-22.86222270491751,5.676290347308712e-06,5.457404096368082e-06,11517.570595261774,5000.0,279461.4857817204,46604.42472346615,283320.8330482104
2025-06-11 21:01:52+00:00,37.66072451517481,-76.29766898991933,-46608.61237399127,40.01217974201683,-75.21274987290623,-27.24492994443341,5.673443903339871e-06,5.478731578295683e-06,11522.790230646156,5000.0,279675.511930448,46648.61237399127,283539.21247329627
2025-06-11 21:01:53+00:00,37.65857369234857,-76.29763885153585,-46655.03708173722,40.00956857324586,-75.21292147693077,-30.42442183403076,5.682737538234895e-06,5.483877351532787e-06,11548.706962512566,5000.0,279900.65534028294,46695.03708173722,283768.92597320216
2025-06-11 21:01:54+00:00,37.65642172328398,-76.29765827701141,-46691.63317279336,40.00878577522807,-75.21317424399496,8.425809528073078,5.692926714732142e-06,5.486930826000191e-06,11607.47607102822,5000.0,280127.12020022573,46731.63317279336,283998.32571807224
