timestamp,latitude,longitude,altitude,velocity_north,velocity_east,velocity_vertical,roll,pitch,yaw,acc_bias_x,acc_bias_y,acc_bias_z,gyro_bias_x,gyro_bias_y,gyro_bias_z,latitude_cov,longitude_cov,altitude_cov,velocity_n_cov,velocity_e_cov,velocity_v_cov,roll_cov,pitch_cov,yaw_cov,acc_bias_x_cov,acc_bias_y_cov,acc_bias_z_cov,gyro_bias_x_cov,gyro_bias_y_cov,gyro_bias_z_cov
2025-06-11T20:34:28Z,39.98160961860831,-75.15348492151887,20.91828272281202,-10.419302323494367,-3.6514101097534075,-2.166758574490515,1.009080957353196,-0.5216991155821499,0.41970384343044137,0.0,0.0,0.0,0.0,0.0,0.0,1.835736095996448e-12,1.2307554933761452e-12,7.48810630238262,0.40175429572865234,0.6020992927831158,0.0304610865664232,0.00015013251663925593,0.0006004187108769423,0.001828391270787655,NaN,NaN,NaN,NaN,NaN,NaN
2025-06-11T20:34:29Z,39.98152080626725,-75.1534951931511,22.587499157485716,-7.829064093047221,-1.85571117562297,-0.42716579539456073,1.0861577441047192,-0.2551178713649902,0.23524202636698438,0.0,0.0,0.0,0.0,0.0,0.0,9.68652291423528e-13,7.000712722658994e-13,4.558022631177799,0.11687080950443733,0.18689657735633478,0.0003108159067461037,0.0006953710946524606,0.00011491805863560885,0.0006349323461924761,NaN,NaN,NaN,NaN,NaN,NaN
2025-06-11T20:34:30Z,39.98145419810335,-75.15354797804349,22.99509103073428,-8.837561167148063,-3.5030105481150233,-0.4256591946758385,1.0725399610540296,-0.4182722891129539,0.5223798434568583,0.0,0.0,0.0,0.0,0.0,0.0,7.61640090989554e-13,5.06661651330009e-13,3.443996847258112,0.13506978033713418,0.5931695747845066,0.00008052465428401917,0.0012937379289703396,0.00014710098590064067,0.0007191649241793906,NaN,NaN,NaN,NaN,NaN,NaN
2025-06-11T20:34:31Z,39.98149153728708,-75.15361646866133,22.0515605731222,-9.510835551444346,-3.280492508873933,-0.41537956640483265,1.1175559191607476,-0.1967603590781873,0.3789529006745499,0.0,0.0,0.0,0.0,0.0,0.0,3.800061934012575e-13,6.774566809852131e-13,2.6271453740841886,0.14069994350640283,0.5155486895985106,0.00021368577352868078,0.0006696360292897139,0.00008047904916801298,0.0021870101732387385,NaN,NaN,NaN,NaN,NaN,NaN
2025-06-11T20:34:32Z,39.981479889344065,-75.15363706372773,22.744219517813033,-6.868652653581256,-2.6461498126788614,-0.049688277867901254,1.1121353322616392,-0.21667218458736354,0.4083455010799417,0.0,0.0,0.0,0.0,0.0,0.0,2.772924294788322e-13,7.295674208121499e-13,2.0002398467196247,0.021033997710500518,0.08526793136630488,0.000102510416149864,0.000094084070900855,0.000019079246483524703,0.001150743964981427,NaN,NaN,NaN,NaN,NaN,NaN
2025-06-11T20:34:33Z,39.98144642721204,-75.15366900896264,23.352288769399088,-6.771834580177011,-2.8355301670503397,-0.10757748524498442,1.1091540989442987,-0.09713601097351338,0.3829520356731388,0.0,0.0,0.0,0.0,0.0,0.0,1.408743558970171e-13,4.973045765693086e-13,2.424361924455987,0.017973539810783618,0.06396718465346841,0.00010619302312561297,0.00007718897208501392,0.00001901334980133399,0.0011143402245677124,NaN,NaN,NaN,NaN,NaN,NaN
2025-06-11T20:34:34Z,39.98140239702059,-75.15369732014591,24.09795843202256,-6.330813802426938,-2.803815638625473,0.016834076658344237,1.0878907017686543,-0.1391811421332431,0.5048207450489272,0.0,0.0,0.0,0.0,0.0,0.0,1.370919840211967e-13,3.886863056898584e-13,2.6929393486983257,0.024881253934604552,0.07360963587198459,0.00011312728668949582,0.00006241554181888143,0.000021331929287066263,0.0008192538514229971,NaN,NaN,NaN,NaN,NaN,NaN
2025-06-11T20:34:35Z,39.981364551308495,-75.15372677112002,25.032431878944525,-6.013473901154295,-3.04099020734076,0.006192293647036546,1.1076398526182742,-0.04900851468637427,0.36561208789671135,0.0,0.0,0.0,0.0,0.0,0.0,1.7009533283883875e-13,3.821970925803548e-13,2.576134187303692,0.055363580498298266,0.1089151902868906,0.00016174704760877918,0.00006803086618240564,0.0000364248238952809,0.0007031654250241192,NaN,NaN,NaN,NaN,NaN,NaN
2025-06-11T20:34:36Z,39.98133270809783,-75.15375982250228,25.347298186662265,-5.705714267944584,-3.596521161087327,-0.014641128488498677,1.0795110421060512,-0.15530192099684703,0.5219718070748876,0.0,0.0,0.0,0.0,0.0,0.0,1.9046019732635306e-13,4.788489052456519e-13,3.086724713786143,0.08240056949687508,0.18014508251072672,0.00026697138328785893,0.00007907496099248009,0.000043816792528399713,0.000733937956001406,NaN,NaN,NaN,NaN,NaN,NaN
2025-06-11T20:34:37Z,39.981294858950264,-75.15375081662538,25.233997712210844,-4.568063918027194,-2.736130079928476,0.025640692509397173,1.0999724304863874,0.032995681069637524,0.42990820604462715,0.0,0.0,0.0,0.0,0.0,0.0,2.0595800870283666e-13,5.23632180321678e-13,2.358846904101757,0.07746995341026382,0.1171479112379585,0.00018418690903809328,0.00004871116681512899,0.000034598010263458076,0.0007901324329007227,NaN,NaN,NaN,NaN,NaN,NaN
2025-06-11T20:34:38Z,39.98126554920883,-75.1537541884156,25.130935684991798,-3.6258702752430523,-2.6740348310936697,0.030082262182988418,1.0953922309409188,-0.027783404048805256,0.3954434910944394,0.0,0.0,0.0,0.0,0.0,0.0,1.3106810874828385e-13,2.1687643784049952e-13,2.152946333555778,0.11836434469127455,0.1573800747767046,0.00017506772228718966,0.00005770893486967495,0.000050784685369999835,0.00023360194506684797,NaN,NaN,NaN,NaN,NaN,NaN
2025-06-11T20:34:39Z,39.98125354086723,-75.15377932336425,25.262552399602775,-2.798451918455847,-2.7350111100268606,-0.07859850647614067,1.0788808882883774,-0.05564792510659454,0.4705481757002163,0.0,0.0,0.0,0.0,0.0,0.0,1.1415905288520146e-13,2.2267952900146392e-13,2.447263309227222,0.1474742569651007,0.21150837758470722,0.00024901005565760036,0.00007104240360144059,0.000054831933599983316,0.00006399416483948047,NaN,NaN,NaN,NaN,NaN,NaN
2025-06-11T20:34:40Z,39.98124917308934,-75.15378801648752,25.153354199272073,-1.7902399565369203,-1.8356463850773552,-0.0378086056074694,1.0730187756459362,0.05042697067772307,0.549048065794483,0.0,0.0,0.0,0.0,0.0,0.0,1.790383847185435e-13,4.0565441584226503e-13,2.3964175291100647,0.18578529944129532,0.3034583333348851,0.00024053462487726773,0.00008532428368353335,0.00005538260730718965,0.00004790927570949632,NaN,NaN,NaN,NaN,NaN,NaN
2025-06-11T20:34:41Z,39.98123714320957,-75.15377317376458,24.787667904499635,-1.9366552369386154,-1.2932351140211957,-0.0026637691119690706,1.072047981001963,-0.05198445022183307,0.42152811540746143,0.0,0.0,0.0,0.0,0.0,0.0,2.4254470740328964e-13,5.057647478102426e-13,2.55284243741449,0.22543540066098555,0.2990735459900038,0.0001884357820685314,0.00007783404299381507,0.00005887783823482219,0.000029837565935284813,NaN,NaN,NaN,NaN,NaN,NaN
2025-06-11T20:34:42Z,39.981240994260155,-75.1537379989031,24.57875569688936,-1.231190192606617,-0.603016521489079,-0.0684758396494924,1.0812155987195393,0.020467537261286896,0.48298136526156593,0.0,0.0,0.0,0.0,0.0,0.0,2.9379347473946147e-13,2.2086981487041336e-13,2.493076419840491,0.15247368155551694,0.16325344883678272,0.00011388128810054528,0.0000520937958603227,0.000027009766534112082,0.00001262678946483673,NaN,NaN,NaN,NaN,NaN,NaN
2025-06-11T20:34:43Z,39.98123144154051,-75.15372387241452,24.145723684147914,-1.0979761877061134,-0.48805436441489103,-0.005425676899901049,1.0617803619176955,-0.003079269262835233,0.49601749718076943,0.0,0.0,0.0,0.0,0.0,0.0,2.8239209609328637e-13,2.1157602079131516e-13,2.6978190923408323,0.09976117421680507,0.15393130657054535,0.00011211650624782545,0.00004887860972635933,0.000024055762628148853,9.375900732523901e-6,NaN,NaN,NaN,NaN,NaN,NaN
2025-06-11T20:34:44Z,39.98121506890313,-75.15370812264007,23.482061722251682,-1.387871732933925,-0.3701913452597673,-0.034638448678536646,1.0476896009131897,0.04188803476640129,0.3692997304557641,0.0,0.0,0.0,0.0,0.0,0.0,2.556467728375999e-13,2.1322524568554793e-13,2.8968492450297543,0.06335721856012526,0.11920788412784337,0.00007578165966133525,0.00004033138224620977,0.00002196702226260531,5.5854446494017964e-6,NaN,NaN,NaN,NaN,NaN,NaN
2025-06-11T20:34:45Z,39.98119947673109,-75.1536985115461,23.195563186871073,-1.6017891265239903,-0.6055084448713723,-0.0037366745023727855,1.0630139212529746,-0.08640718734147916,0.5575398947095345,0.0,0.0,0.0,0.0,0.0,0.0,2.62816090485966e-13,2.495438368564746e-13,2.7281882698312447,0.07359858189322037,0.1439965422904249,0.00011026086885348981,0.00005304722175442644,0.000029519995548594185,5.735328532891579e-6,NaN,NaN,NaN,NaN,NaN,NaN
2025-06-11T20:34:46Z,39.98118556474946,-75.15368127540198,22.956418554098008,-1.3164787502424713,-0.6086947613426043,0.014273745682881802,1.0683485742804375,0.021400414458444324,0.5397907064704985,0.0,0.0,0.0,0.0,0.0,0.0,2.739531387224023e-13,2.723134154608994e-13,2.8114272070444004,0.07588903966844755,0.14930699754175145,0.0000901611323915992,0.000052613405361131,0.000028690751763877472,5.850280929279106e-6,NaN,NaN,NaN,NaN,NaN,NaN
2025-06-11T20:34:47Z,39.981168265659015,-75.15366800072209,22.726396338501434,-1.9010393195686637,-0.9859061897628341,0.019027921025852067,1.073712162755671,-0.07261636425082188,0.4345393662464049,0.0,0.0,0.0,0.0,0.0,0.0,2.7046760815935746e-13,2.721442511378077e-13,2.841836023056061,0.07152306154997633,0.1180426846929454,0.00007428351459146438,0.000042573383236038695,0.00002705932707617879,7.829855078689108e-6,NaN,NaN,NaN,NaN,NaN,NaN
2025-06-11T20:34:48Z,39.981137521970155,-75.15366634277565,22.256530741564106,-2.829893339205125,-1.6407872762553337,0.05499018033555982,1.0450981639851022,-0.29299218194680704,0.9495800017532828,0.0,0.0,0.0,0.0,0.0,0.0,2.472674743866334e-13,2.4229843032172073e-13,2.6115000857868407,0.028356593219280104,0.04906476585812849,0.000043871583181292625,0.000022995201835382035,0.00001938765016701837,6.716220505098995e-6,NaN,NaN,NaN,NaN,NaN,NaN
2025-06-11T20:34:49Z,39.98111113824052,-75.15367005215576,21.913954347386444,-2.173272735383403,-2.253817193430718,0.13482429116543918,1.103583896054994,-0.2404843160370478,1.507658874519395,0.0,0.0,0.0,0.0,0.0,0.0,2.444455163446342e-13,1.9661187463908228e-13,2.5978564643463593,0.020070743861163653,0.027875346458149878,0.00007467807306356196,0.000018666971344388245,0.000020798014564858566,4.858028600248936e-6,NaN,NaN,NaN,NaN,NaN,NaN
2025-06-11T20:34:50Z,39.98109485841024,-75.15368395386437,21.81449492400977,-1.8877344827230589,-2.934029865188824,0.06512819615923834,1.1307521699993883,-0.19325083250097183,1.5377879488641413,0.0,0.0,0.0,0.0,0.0,0.0,2.49367113692184e-13,1.8400554807277792e-13,2.7304748387516677,0.027724521802852297,0.03461982007710061,0.00017652765577707107,0.000019808222265773624,0.00002354276056837361,0.000012759021767885023,NaN,NaN,NaN,NaN,NaN,NaN
2025-06-11T20:34:51Z,39.98108452892502,-75.1536993745028,21.452066137749355,-1.1572419187649536,-2.846826999043992,0.08138142362623184,1.1339038247979558,-0.15614929005505784,1.8659168534975565,0.0,0.0,0.0,0.0,0.0,0.0,2.6312342015089267e-13,1.938832939830048e-13,2.5352262575522926,0.050297937476891985,0.03894797599488075,0.00020028472886390167,0.000016648655475773157,0.000030220891394210404,0.000026081319664129588,NaN,NaN,NaN,NaN,NaN,NaN
2025-06-11T20:34:52Z,39.9810852691789,-75.15370426977633,21.34727338529714,-0.46191043621318384,-2.3652941281312847,-0.00923782778944226,1.1241164362575946,-0.04627379336539548,1.8938506706154383,0.0,0.0,0.0,0.0,0.0,0.0,2.5055046370981354e-13,2.0262650359739275e-13,2.6011283689926556,0.07565812443261638,0.04721100287990033,0.00025898394494123123,0.00001925336431664935,0.000033050740628750545,0.000037256893245889124,NaN,NaN,NaN,NaN,NaN,NaN
2025-06-11T20:34:53Z,39.981086635647415,-75.15369516123651,20.824905554630636,0.12379907336082474,-1.153778456125888,-0.017943025066190187,1.1245261479976696,0.01812797415597373,1.6683958873394975,0.0,0.0,0.0,0.0,0.0,0.0,2.146921948085973e-13,2.431948027129162e-13,2.521536729097452,0.08122950060513694,0.0582137632435784,0.0001746541198765925,0.000023546351515204464,0.0000278539013206882,0.000047989541746286134,NaN,NaN,NaN,NaN,NaN,NaN
2025-06-11T20:34:54Z,39.98108841693387,-75.15366988101958,20.599741475751372,0.8041460408490159,0.08398849562148161,-0.10120674735174226,1.1274792695285054,-0.09979414350867874,1.8280026108275715,0.0,0.0,0.0,0.0,0.0,0.0,2.316909063287076e-13,2.559848027135973e-13,2.6266786756876437,0.0767836516999831,0.08018799889970359,0.0001196592592831943,0.00003580119286507349,0.000024411842878019432,0.00005492839776368953,NaN,NaN,NaN,NaN,NaN,NaN
2025-06-11T20:34:55Z,39.981092119758344,-75.15362292488106,19.96454720916065,0.890638799198326,1.6355984612262942,-0.13582137320194532,1.133526517003386,0.0115220620825106,1.9580026939841408,0.0,0.0,0.0,0.0,0.0,0.0,2.174362193290755e-13,2.0640015237424246e-13,2.415181898227995,0.06346136187045476,0.09410527524072154,0.00012005710695681566,0.00003845819421971366,0.000023040613142053724,0.00007199383557399296,NaN,NaN,NaN,NaN,NaN,NaN
2025-06-11T20:34:56Z,39.98110478789367,-75.15356812167299,19.728252714626475,1.1886930622809533,3.082648889328054,0.09804834602962767,1.180494915348354,-0.002416770225874403,1.9642201154947037,0.0,0.0,0.0,0.0,0.0,0.0,2.4580672030016087e-13,1.7375636459943582e-13,2.278382557641378,0.05483201713984821,0.09527686494772025,0.00013961788315470223,0.00003669532913913468,0.000019803792004469498,0.00007666790469163784,NaN,NaN,NaN,NaN,NaN,NaN
2025-06-11T20:34:57Z,39.98113021958552,-75.15349815578841,19.512320595975428,1.5934092807873734,4.383993866638451,0.03676745968663529,1.163886316451351,0.004954768364531993,2.034701074423878,0.0,0.0,0.0,0.0,0.0,0.0,3.0022255993004023e-13,2.1114822075848856e-13,2.4070530114148667,0.043662534791162784,0.08744670191055344,0.00018558701463963176,0.00002772163491419553,0.000017354447210047308,0.00007988165903860548,NaN,NaN,NaN,NaN,NaN,NaN
2025-06-11T20:34:58Z,39.98114609457957,-75.15341778702076,19.409383158759926,0.7226690748390582,5.3316593042367755,0.04919220278568763,1.1501344269628855,-0.0044308455654396926,2.180906028741805,0.0,0.0,0.0,0.0,0.0,0.0,2.755129408516508e-13,1.9328391041593238e-13,2.286983465172289,0.016388412426890084,0.029635393187928776,0.00012513652434477114,0.000010911895993664255,9.364164449306561e-6,0.0000398179933532195,NaN,NaN,NaN,NaN,NaN,NaN
2025-06-11T20:34:59Z,39.98115515201271,-75.15333582253015,19.476092694903063,0.880244759439133,5.596156829530254,0.14820793390687054,1.1380828077743366,0.05915952097981079,2.014642007696029,0.0,0.0,0.0,0.0,0.0,0.0,2.6517567593203137e-13,1.668249838491817e-13,2.3463724721104064,0.014647186066779316,0.018384267287218363,0.00009350181688766531,9.159665247901652e-6,0.000010181937351656703,0.000023670420644823266,NaN,NaN,NaN,NaN,NaN,NaN
2025-06-11T20:35:00Z,39.981163625625484,-75.15325670660049,19.416693649944133,1.008990636592818,6.003296708407339,0.0063444722947591245,1.1189532966006612,-0.05213089498201787,2.1305321703545306,0.0,0.0,0.0,0.0,0.0,0.0,2.686929588868058e-13,1.618778739967849e-13,2.234172833482305,0.02027807609078355,0.0244467233521874,0.00013428304872555605,0.000014139721326804334,0.000013083892012064133,0.000018132465292955527,NaN,NaN,NaN,NaN,NaN,NaN
2025-06-11T20:35:01Z,39.981165734044,-75.15318546396335,19.433890394628627,0.6061624700245279,5.087047181706187,0.0884493962606626,1.1040991903905144,0.03654320437993051,1.9886794718422736,0.0,0.0,0.0,0.0,0.0,0.0,2.864295720554955e-13,2.0191199381484836e-13,2.459749016952054,0.015955001406289786,0.01951338254825597,0.00005332547907517665,9.612471060323864e-6,0.000010982296599774515,0.000014654276564850764,NaN,NaN,NaN,NaN,NaN,NaN
2025-06-11T20:35:02Z,39.98116775506503,-75.15311776701554,19.4637151850111,0.6062283742690954,5.087141973028447,-0.0059795761660678326,1.1123876647911006,-0.06398514414584643,2.1357994133835243,0.0,0.0,0.0,0.0,0.0,0.0,2.912444792614279e-13,2.2693626490119968e-13,2.3319957161057117,0.030499379366757978,0.03674474672902648,0.00008156854859189083,0.00002308161267360189,0.000020834569224260508,0.00002086784246117482,NaN,NaN,NaN,NaN,NaN,NaN
2025-06-11T20:35:03Z,39.98116600859346,-75.15305260865014,19.32575069818137,0.329083160658973,4.720031738592047,0.1669716170118651,1.0820636144190172,0.03216937270967215,2.063172084981159,0.0,0.0,0.0,0.0,0.0,0.0,3.074273117229701e-13,2.6535871112659923e-13,2.036202505565342,0.03424462246591546,0.03657672490747676,0.00005338259291199981,0.000023203397048953995,0.0000215085821696617,0.000022854102922885328,NaN,NaN,NaN,NaN,NaN,NaN
2025-06-11T20:35:04Z,39.98115830747892,-75.15299315344491,19.501169203838977,-0.2922722680515125,4.186671955283855,0.10594689916971461,1.0688593446742405,-0.05970835062745771,2.053466836014243,0.0,0.0,0.0,0.0,0.0,0.0,2.969902945341273e-13,3.097978783223295e-13,2.199082228458575,0.020587447855687807,0.026197532010355462,0.000028889141937677493,0.00001981879005594219,0.00001212415361283026,0.000024918243274612417,NaN,NaN,NaN,NaN,NaN,NaN
2025-06-11T20:35:05Z,39.981149535438014,-75.1529391461017,19.475988189214934,-0.4949409729534445,3.8098783593199914,0.05082907339158069,1.0414502379395747,-0.03818268777179738,2.0574238273002203,0.0,0.0,0.0,0.0,0.0,0.0,2.9967793717292733e-13,3.12192269876656e-13,2.1864549381432052,0.030181687650966516,0.04006045229164762,0.000017528155894582205,0.000027895390963566707,0.000017046374613917183,0.000029028127988165473,NaN,NaN,NaN,NaN,NaN,NaN
2025-06-11T20:35:06Z,39.98114103415584,-75.15289205917969,19.514739411125323,-0.5191273755176373,3.3329079059973665,0.004333373467726261,1.0543289208526254,-0.0777984961740199,2.0730057654392327,0.0,0.0,0.0,0.0,0.0,0.0,2.83601292343583e-13,3.3854357238087575e-13,2.4248976815261893,0.04822125683828938,0.06409343764645328,0.000011768231450511326,0.000035816291333761434,0.000025553110223569144,0.000029593018967046947,NaN,NaN,NaN,NaN,NaN,NaN
2025-06-11T20:35:07Z,39.98113390703375,-75.15285195082909,19.52195434384239,-0.5657638946746829,3.1822425266041754,0.09669939526740173,1.0548289210673976,-0.01565552047154849,2.066322884255857,0.0,0.0,0.0,0.0,0.0,0.0,3.111933399451373e-13,3.7440697323051914e-13,2.6845838333235013,0.09589150599106284,0.1357410676283557,0.000017930648514357046,0.00006527463909944997,0.000044623029671234676,0.000036294150008941306,NaN,NaN,NaN,NaN,NaN,NaN
2025-06-11T20:35:08Z,39.98112795324771,-75.1528210722326,19.359239281757844,-0.6134419673661096,2.4873011192378875,-0.04345007914855989,1.0216321192860363,-0.06461512585818557,2.045449740465828,0.0,0.0,0.0,0.0,0.0,0.0,3.613994010497009e-13,3.952175298785966e-13,2.504662422157986,0.14970221993526708,0.21011166903810022,0.000024813185265568563,0.00008430337480642608,0.00005728317226393255,0.00003893803663268175,NaN,NaN,NaN,NaN,NaN,NaN
2025-06-11T20:35:09Z,39.98111775510239,-75.1527971751908,19.20922520773982,-0.8999952095871356,1.496796632504862,-0.117832843913321,1.0103768746645971,-0.13108480947781495,2.1933024463206046,0.0,0.0,0.0,0.0,0.0,0.0,3.488710328830345e-13,4.043510534238486e-13,2.310190537816719,0.07939631627690401,0.12397799881607423,0.00003505608339938973,0.00003726901291653099,0.000026253678115722907,0.000028692314061111968,NaN,NaN,NaN,NaN,NaN,NaN
2025-06-11T20:35:10Z,39.98110740165992,-75.15277389918354,18.941366576108564,-0.984171723039018,1.2530299745909879,-0.11753076581389597,1.0242146676917006,-0.055116753370425785,2.090676885894246,0.0,0.0,0.0,0.0,0.0,0.0,3.852009367219731e-13,4.1617204112255924e-13,2.232427305106997,0.0699600137382954,0.10098676032524304,0.00008162819203823666,0.00003222182342472844,0.000023582224878361513,0.000026394216692460357,NaN,NaN,NaN,NaN,NaN,NaN
2025-06-11T20:35:11Z,39.981092248367226,-75.15274213906186,18.75306215193248,-1.5062477987911789,2.05056523239607,-0.17808323479997515,1.0439297939742411,0.0009429970934466929,2.054632420225711,0.0,0.0,0.0,0.0,0.0,0.0,3.252958826907516e-13,4.3027205099008336e-13,2.2942646241384184,0.037772581300972725,0.05953673550354957,0.00006419287012967656,0.00002547468246611964,0.000017772420920462695,0.00002658192312473619,NaN,NaN,NaN,NaN,NaN,NaN
2025-06-11T20:35:12Z,39.98107838792221,-75.1527022801607,18.555410820489335,-1.173004992599997,2.5166743805693055,-0.0856388634639962,1.0371903617534073,-0.06769440014853992,2.045049122545848,0.0,0.0,0.0,0.0,0.0,0.0,3.3864570870235835e-13,4.46098572693844e-13,2.191223814348578,0.04313961258193579,0.057639012071776206,0.000028343472187388463,0.000027447850265985508,0.00002310329465553325,0.000025795251483465924,NaN,NaN,NaN,NaN,NaN,NaN
2025-06-11T20:35:13Z,39.981067125821056,-75.15265998173302,18.51734116974801,-0.7002088526887356,3.102845040315784,-0.1512603125392426,1.0188185531698413,-0.019942368363724934,2.1023695374949565,0.0,0.0,0.0,0.0,0.0,0.0,3.081538898136688e-13,4.550599033650138e-13,2.329081383504586,0.041155817510333224,0.05591852105955567,0.00002177860120145382,0.00003481430694620137,0.000022530185454243338,0.00003202347367889878,NaN,NaN,NaN,NaN,NaN,NaN
2025-06-11T20:35:14Z,39.98106031096273,-75.1526186543226,18.439634432827805,-0.524403440189256,3.2181529415962964,-0.17549735839429603,1.0222932165584497,-0.014369764981513182,2.026994773285869,0.0,0.0,0.0,0.0,0.0,0.0,3.08707906421615e-13,4.600295756097712e-13,2.2035604326363334,0.0683954698842134,0.10233206278011527,0.000030041957987268,0.000056607083173367474,0.000033977326358753726,0.000049769779814392826,NaN,NaN,NaN,NaN,NaN,NaN
2025-06-11T20:35:15Z,39.98105498021436,-75.1525825466245,18.38190728477197,-0.3984605679448205,3.134343559552883,-0.1944799486549858,1.006808462915919,-0.06584942903777077,2.124733414073119,0.0,0.0,0.0,0.0,0.0,0.0,3.107716158928423e-13,5.18724956256505e-13,2.576945436035415,0.13818486154522697,0.1953486988208547,0.00006299491960895475,0.00009757541699833795,0.00006122083657412664,0.0000640852471490082,NaN,NaN,NaN,NaN,NaN,NaN
2025-06-11T20:35:16Z,39.98105358711127,-75.15254967014616,18.15309531704569,-0.155985776009226,3.006553644941508,-0.12407199738330812,1.0076078716902173,-0.030727717951702795,2.1571213218618444,0.0,0.0,0.0,0.0,0.0,0.0,3.911983417037988e-13,6.440520527998003e-13,2.4833401960377297,0.2266069741909628,0.3301509982415278,0.00013664015527839693,0.00013237498523664866,0.0000837038533985599,0.00007965886649630647,NaN,NaN,NaN,NaN,NaN,NaN
2025-06-11T20:35:17Z,39.98105322395604,-75.15251121075181,18.22287512210949,-0.07430532271923157,3.067441197659925,-0.19239630768651617,1.0064861757880457,0.01674531122990695,2.026713509590145,0.0,0.0,0.0,0.0,0.0,0.0,4.2017608264705327e-13,6.812912557184186e-13,2.5575263096423817,0.23028782188767014,0.37822011830517305,0.00011182444442341741,0.00012102465278496718,0.00006863991683208549,0.00007937414090791743,NaN,NaN,NaN,NaN,NaN,NaN
2025-06-11T20:35:18Z,39.98105428985037,-75.15247683436861,17.772227888823217,-0.06674633150040564,2.7898201595427703,-0.15798309412489378,0.996399063837801,-0.10429912071156988,2.1832455613070456,0.0,0.0,0.0,0.0,0.0,0.0,5.143507366340526e-13,7.672428819671005e-13,2.0670525432937974,0.32673872158367984,0.5434833449541164,0.00012298189014647628,0.0001461442610129332,0.00008504832255551886,0.00008009692403780423,NaN,NaN,NaN,NaN,NaN,NaN
2025-06-11T20:35:19Z,39.98105317740773,-75.15244091668379,17.94496255086003,-0.5767701853047899,2.3895964792902014,-0.08790614016831026,1.0065855150118737,-0.005159866747694192,2.1896823974663104,0.0,0.0,0.0,0.0,0.0,0.0,5.451329463993858e-13,8.227621064136464e-13,2.9901834641848515,0.2831086239259828,0.5218881655889763,0.000057171115461099915,0.00011751518497374279,0.0000616814038858107,0.00008335040270056172,NaN,NaN,NaN,NaN,NaN,NaN
2025-06-11T20:35:20Z,39.98104643391291,-75.1523920407041,17.57807082745842,-0.873881164472932,2.722525092121805,-0.12397681229302109,1.007702203493818,-0.03362612074568769,2.135761039382142,0.0,0.0,0.0,0.0,0.0,0.0,5.598792637131697e-13,7.936607938132992e-13,2.8535113982098452,0.09255299464556553,0.14843869031321716,0.00002165424215768534,0.00004386882114541773,0.000029072198664997568,0.00011843983390093132,NaN,NaN,NaN,NaN,NaN,NaN
2025-06-11T20:35:21Z,39.981039730746666,-75.15233345105095,16.32724219171303,-0.6544719601550337,3.2410346571010167,-0.11454255870574441,1.0195091965510183,-0.06467487976783982,2.36930264119491,0.0,0.0,0.0,0.0,0.0,0.0,4.985980230510383e-13,8.114275405078684e-13,2.784080162236604,0.03255685911819751,0.04286614315110502,0.000015087905673489703,0.00004875436904524015,0.000028699666363554262,0.0001122594757619645,NaN,NaN,NaN,NaN,NaN,NaN
2025-06-11T20:35:22Z,39.98103573938834,-75.15227067494882,16.35775379649363,-0.5760016816889137,3.4277814752251845,-0.13334641043256876,1.0387830409297032,0.009127243974071341,2.3091287946052756,0.0,0.0,0.0,0.0,0.0,0.0,5.312081583369435e-13,5.596555728788815e-13,3.0356604424592932,0.019176337709180716,0.027157648704601037,7.446114517461929e-6,0.000040104932869168626,0.0000353133183900344,0.00008525548911452098,NaN,NaN,NaN,NaN,NaN,NaN
2025-06-11T20:35:23Z,39.981043186279386,-75.15220251128076,14.917286790252177,-0.4537195628645644,3.700534065808104,-0.19619504367365379,1.015253235100156,0.04527737845543109,2.1462050646693585,0.0,0.0,0.0,0.0,0.0,0.0,3.7390463614602136e-13,3.266164157796086e-13,2.096572557909068,0.02512429534995699,0.0318175364640018,0.000010291430717404671,0.00003037072448601546,0.000030484109168317935,0.000058509083742872044,NaN,NaN,NaN,NaN,NaN,NaN
2025-06-11T20:35:24Z,39.98103259867858,-75.15215850295405,14.250384790809516,-0.43682460113617666,3.422071633543017,-0.15927397677685504,1.0156859802100504,-0.03909309772711754,2.127449466314483,0.0,0.0,0.0,0.0,0.0,0.0,4.076263263148828e-13,3.327480791510115e-13,2.6494915000532075,0.03375220065171114,0.06635517101956352,0.000020508612936438815,0.00004658812156431388,0.00002877980904264159,0.00006262365956406438,NaN,NaN,NaN,NaN,NaN,NaN
2025-06-11T20:35:25Z,39.98103670543394,-75.15212001713653,13.562750240895593,-0.05691513059972688,2.8595131680661066,-0.19313814359600742,1.0031899730859826,-0.08409831498470324,2.201468171735127,0.0,0.0,0.0,0.0,0.0,0.0,4.2147524776447136e-13,4.065820223737739e-13,2.0395539555811597,0.02507415522134241,0.03803852723885743,0.000010209310833912827,0.000020786092741488416,0.00001571697744501697,0.00007574961038011445,NaN,NaN,NaN,NaN,NaN,NaN
2025-06-11T20:35:26Z,39.981043109983105,-75.15209217397013,12.991139617341778,-0.2105925345542252,2.738546122307437,-0.20409002328396983,1.0167235291204502,0.05013867838566294,1.9826594819821546,0.0,0.0,0.0,0.0,0.0,0.0,3.7598786026585643e-13,4.86110498712397e-13,1.9598887219626295,0.010600936196442458,0.018638756835618817,7.806973338325772e-6,0.00001742755485887611,9.629684701579779e-6,0.00006445264115618534,NaN,NaN,NaN,NaN,NaN,NaN
2025-06-11T20:35:27Z,39.98105125658525,-75.15205336612112,12.080963126200862,0.2544930361455746,1.8475093346294218,-0.07040060661709525,1.0168806812793174,-0.21145653495892855,2.2355291314105874,0.0,0.0,0.0,0.0,0.0,0.0,3.285874368299215e-13,2.405349754337611e-13,1.5856673211410677,0.009094814237822196,0.016411948605438643,4.941435664977142e-6,0.000014325988347540358,7.877655040167559e-6,0.00006173532816664659,NaN,NaN,NaN,NaN,NaN,NaN
2025-06-11T20:35:28Z,39.981064694346344,-75.15203663656806,11.747174333659425,1.3427058116250563,1.380649279652086,-0.08654678470918523,0.9251545639548955,-0.33569483405916706,2.953542447136408,0.0,0.0,0.0,0.0,0.0,0.0,2.593871366463499e-13,2.316801522983565e-13,1.8742597312929823,0.009949258555672972,0.01868275589175639,0.000014510847205782015,0.000014420091435359197,8.257206693058579e-6,0.00004653939741576188,NaN,NaN,NaN,NaN,NaN,NaN
2025-06-11T20:35:29Z,39.98107259336535,-75.15201484398975,12.112196340941768,1.0657560183754144,2.5631323087855313,0.09670736676519989,1.0582344830577561,-0.23344546542367425,-2.773565716037826,0.0,0.0,0.0,0.0,0.0,0.0,1.4764440580351307e-13,1.3963018497245996e-13,2.1188795121303405,0.008242728025362286,0.014681074600629571,0.000028731420958399418,9.320487830786175e-6,5.507781749675299e-6,0.000038960179719817526,NaN,NaN,NaN,NaN,NaN,NaN
2025-06-11T20:35:30Z,39.98107983869498,-75.15197879025114,11.752997341405715,1.3798782515010168,3.0709818260178445,0.027905460442842884,1.0838793809401068,-0.05157095114226483,-2.833461724702882,0.0,0.0,0.0,0.0,0.0,0.0,1.4504188513916237e-13,1.9634402428299519e-13,1.9802989978943528,0.009329624947209724,0.02140932097066845,0.00007259479486322095,0.000013368459531021,6.903527697370314e-6,0.00007549096317214326,NaN,NaN,NaN,NaN,NaN,NaN
2025-06-11T20:35:31Z,39.981096840590915,-75.15194914128996,11.958681138140427,1.3745417026543698,2.479876850161709,0.022012928653558205,1.0558469645016872,0.12871802275902916,2.819750738447098,0.0,0.0,0.0,0.0,0.0,0.0,1.8664336864199427e-13,1.577760195076426e-13,2.1665057030808446,0.008936481807693717,0.018362812612403523,0.00006728503787896187,0.000010020900047716985,5.921648132881173e-6,0.0001306194583585507,NaN,NaN,NaN,NaN,NaN,NaN
2025-06-11T20:35:32Z,39.981125501653,-75.15193832247905,11.532318750892154,2.011922298351,1.9560101821224478,0.1124040191370768,1.0577794638903875,-0.08015153766730783,2.929037552950854,0.0,0.0,0.0,0.0,0.0,0.0,2.734762609685057e-13,1.64557603797191e-13,1.957261549545544,0.0054339242706394775,0.010266330956401825,0.00003481271210538821,7.0070299369352965e-6,4.324286437644652e-6,0.00015494402957907366,NaN,NaN,NaN,NaN,NaN,NaN
2025-06-11T20:35:33Z,39.981138357678034,-75.15192293794932,10.826422223037431,3.0380407075907185,1.8807034645248006,-0.04750311241687975,1.0151839041156319,-0.16308292657583592,2.9407028328754703,0.0,0.0,0.0,0.0,0.0,0.0,1.3992653124012973e-13,1.7263080561751667e-13,1.3630855608837753,0.00956442245312156,0.013830977560153099,0.00005310669298844198,0.000011578201944578425,7.331322604789681e-6,0.00011118436979110899,NaN,NaN,NaN,NaN,NaN,NaN
2025-06-11T20:35:34Z,39.981162985806066,-75.15191970986612,10.837117778340446,3.4175673154653494,0.031214745037348317,0.1707557538188018,1.015011747132405,-0.2484714202120954,-2.7587873147315056,0.0,0.0,0.0,0.0,0.0,0.0,1.715906926341158e-13,1.6900429509347722e-13,1.7738345373341402,0.00674895420988507,0.010459035782154083,9.139496427108939e-6,8.899567517425095e-6,5.469637828798332e-6,0.00008609056376426823,NaN,NaN,NaN,NaN,NaN,NaN
2025-06-11T20:35:35Z,39.98118853915168,-75.15192264784261,10.59730550359791,3.0425042459743175,0.38681393012277765,0.13351527085975284,1.108866053623527,-0.02806954982304829,-3.002418692773973,0.0,0.0,0.0,0.0,0.0,0.0,1.789541021202898e-13,2.1425179626716083e-13,1.7518274963289444,0.01037077831897407,0.015018710011149796,0.00002827147227534549,0.000011056666933831396,7.986223346110028e-6,0.0001238739663303659,NaN,NaN,NaN,NaN,NaN,NaN
2025-06-11T20:35:36Z,39.98121769713303,-75.15192257920647,10.970033262712226,2.4007037313440023,0.09917020953271197,0.1246960567920972,1.1195738059706124,0.014237422918524879,-3.0614456433068953,0.0,0.0,0.0,0.0,0.0,0.0,1.4084698663381927e-13,1.3264642640094629e-13,1.919848369793785,0.0067798453101537495,0.00988080602659159,0.000010515941879411552,7.071358066670239e-6,4.243048965561066e-6,0.00009155336948822029,NaN,NaN,NaN,NaN,NaN,NaN
2025-06-11T20:35:37Z,39.98122455603561,-75.15191651474598,10.942447090745869,1.8464244278338848,-0.06731260541195119,0.08633324042993976,1.133655207661079,-0.027088929941687444,-2.90086486946972,0.0,0.0,0.0,0.0,0.0,0.0,1.5413189604943788e-13,1.278602309427329e-13,1.8212472706407223,0.0059492658005207,0.007628951069100321,8.26627528745397e-6,7.343218380548439e-6,4.6095838025007195e-6,0.00008557711499684031,NaN,NaN,NaN,NaN,NaN,NaN
2025-06-11T20:35:38Z,39.98124349101691,-75.15191130764778,11.117014015201718,2.4778806201746737,0.361521610574022,-0.0043792299727636605,1.1398154654233514,-0.060916028020996035,-2.924313667365467,0.0,0.0,0.0,0.0,0.0,0.0,1.0750360645397912e-13,1.1516746227165097e-13,1.9579238777066899,0.0069393040797894245,0.011792520833919606,5.4822333201994775e-6,9.845570547786431e-6,5.915771199910549e-6,0.00009900624292749195,NaN,NaN,NaN,NaN,NaN,NaN
2025-06-11T20:35:39Z,39.981272499104485,-75.15191284880918,10.808627847445079,3.4287681797502545,0.548346610214716,0.17703549484309317,1.1501176467793788,-0.04305805579355882,-3.00163777461256,0.0,0.0,0.0,0.0,0.0,0.0,1.1141943684326178e-13,1.427339006872665e-13,1.954479889673437,0.010205764863915577,0.017454736387126503,3.4789388322553615e-6,0.000012786580721718711,7.92690150344734e-6,0.00013269672233584307,NaN,NaN,NaN,NaN,NaN,NaN
2025-06-11T20:35:40Z,39.98132264877813,-75.15190302346218,10.761937598634992,5.049906206234491,1.319922460227953,0.13411833895241337,1.172404440003451,-0.09764204158885387,-3.0705888409109763,0.0,0.0,0.0,0.0,0.0,0.0,1.6214551856907205e-13,1.8158024814883218e-13,1.7785788919191257,0.008534199321436585,0.010624832518698318,8.278917116746734e-6,7.701717390670753e-6,5.29511583264703e-6,0.00011697596921411565,NaN,NaN,NaN,NaN,NaN,NaN
2025-06-11T20:35:41Z,39.981359497552,-75.15188373560707,8.827950353628452,6.1168835581159025,2.098186364571808,0.08261806987842289,1.160370819678985,-0.15912031135949642,-3.0131077413907903,0.0,0.0,0.0,0.0,0.0,0.0,1.937171525781328e-13,1.3923488848145396e-13,2.4096362511829423,0.02218472812237747,0.03243303472057164,0.00005935957178012305,0.000022668780578699754,0.000013569092146152928,0.00009232969133929124,NaN,NaN,NaN,NaN,NaN,NaN
2025-06-11T20:35:42Z,39.981440014338155,-75.15186367314314,6.521262443942634,7.206412761881295,2.4348532517600225,-0.08949580139168291,1.158597030703483,-0.14782855629964017,-3.0436124472480035,0.0,0.0,0.0,0.0,0.0,0.0,1.6465538121417184e-13,1.6209855330497616e-13,1.5570536394642194,0.02233247585052801,0.030297341306272867,0.00010125291190309335,0.000017253892605547156,0.000011033675317811001,0.00009643709287166152,NaN,NaN,NaN,NaN,NaN,NaN
2025-06-11T20:35:43Z,39.98150261044233,-75.15184392668804,5.127848492225919,7.700642822472121,2.6648540115563524,-0.15592485690329688,1.1554928521117955,-0.1287655055675256,-2.982481074994576,0.0,0.0,0.0,0.0,0.0,0.0,8.627109575390175e-14,9.879208901751793e-14,1.3418617846922103,0.04400550769222984,0.0611861817817751,0.00025136584099892114,0.000028922997630059846,0.00001896921106590631,0.00016514612457535266,NaN,NaN,NaN,NaN,NaN,NaN
2025-06-11T20:35:44Z,39.98156669880142,-75.15181995306949,4.75038024966768,7.682529869894221,2.7981947313497177,-0.1515469721953508,1.130411103844758,-0.13817556540118164,-3.002095006053687,0.0,0.0,0.0,0.0,0.0,0.0,4.1302290549865096e-14,5.657670580233217e-14,1.3748734970664036,0.03653136677863003,0.06912775856048306,0.0001829565493495061,0.000026099092610821564,0.000013849933980465911,0.00012598138445314523,NaN,NaN,NaN,NaN,NaN,NaN
2025-06-11T20:35:45Z,39.98162079287582,-75.15179091554229,3.174730464202257,7.2821830766318145,2.941884008756948,-0.15599288750725013,1.104417531605066,-0.02246805772920732,-3.023775822613906,0.0,0.0,0.0,0.0,0.0,0.0,8.06627105920008e-14,7.002839343521116e-14,1.1923033224628563,0.05818248524757861,0.09296389813788723,0.00024966982079383275,0.00003360900935760725,0.00002153843524796028,0.00012594407315412304,NaN,NaN,NaN,NaN,NaN,NaN
2025-06-11T20:35:46Z,39.98167247570063,-75.15177145107937,2.4166056830074987,5.96017348649241,2.791783596273274,-0.16631034914830858,1.1063717829636863,-0.005044595681963079,-2.9961866786867404,0.0,0.0,0.0,0.0,0.0,0.0,7.536774945943324e-14,1.2207605528231952e-13,1.222348462348071,0.07830496981465375,0.10718360287321654,0.00015968942229635484,0.00003899256567741629,0.0000298906871977604,0.00017012905727781263,NaN,NaN,NaN,NaN,NaN,NaN
2025-06-11T20:35:47Z,39.98172584619677,-75.15176397263389,1.5655319400346472,5.493508027046385,2.8419295779566176,-0.16111767664835994,1.0846615748663488,-0.005335591501746942,-3.019032247364588,0.0,0.0,0.0,0.0,0.0,0.0,1.841330940463067e-13,1.5905323694861247e-13,1.1304458712645817,0.15559785464369835,0.14415982390224377,0.00025467927384420583,0.00005215865637448956,0.000042176781916570836,0.00016120135289055836,NaN,NaN,NaN,NaN,NaN,NaN
2025-06-11T20:35:48Z,39.981780195945355,-75.15174905885188,0.9955139126829029,5.45720140767858,2.8747442251732984,0.010741127595961157,1.0585021351857191,-0.023219290265871786,-2.9680079999030164,0.0,0.0,0.0,0.0,0.0,0.0,6.298468437140959e-14,1.1326967957516691e-13,1.1571663441339657,0.0792380965928984,0.09064798867496446,0.0002611755183807549,0.000036936360567917185,0.000034300786507048874,0.00005058425297257504,NaN,NaN,NaN,NaN,NaN,NaN
2025-06-11T20:35:49Z,39.98186126085704,-75.15174211608795,0.5724380089282344,7.510429817911486,2.08024059552103,0.04214219069126168,1.0234260735723606,-0.0416027006401141,-2.989881240911843,0.0,0.0,0.0,0.0,0.0,0.0,5.708215663825879e-14,1.0066130971552864e-13,1.0479128147731418,0.007221301464868072,0.010955052565522209,0.000022146048366588286,5.257078407527976e-6,3.2318616789677093e-6,0.00001315442877216811,NaN,NaN,NaN,NaN,NaN,NaN
2025-06-11T20:35:50Z,39.98194415430203,-75.15172667655307,0.3782331759496591,7.46667056843495,2.104286784349214,0.09964292485382853,1.0003194620913813,-0.05278307048279385,-2.991443010307469,0.0,0.0,0.0,0.0,0.0,0.0,5.353587183048439e-14,8.460960128079604e-14,1.2016908887388387,0.0017786857055105444,0.003114516797359708,0.000013005515854749448,6.7317908081451384e-6,2.2426585950718644e-6,0.000013365319432961505,NaN,NaN,NaN,NaN,NaN,NaN
2025-06-11T20:35:51Z,39.982019775835425,-75.1517052684473,0.040663544434823645,7.283991839425893,2.0227957739956524,0.13008559086508245,0.9776187706816508,-0.06143174376004371,-2.927710447428631,0.0,0.0,0.0,0.0,0.0,0.0,5.3111762264465825e-14,7.904503929922387e-14,1.2818057274072472,0.001726122934013419,0.0029438935471014786,0.000010205324088567621,5.593484295905981e-6,2.087935758158337e-6,0.000014439909070659988,NaN,NaN,NaN,NaN,NaN,NaN
2025-06-11T20:35:52Z,39.982085567348705,-75.15168166942338,0.1814688042390007,6.207558249049415,1.8307702112225581,0.17246166299474683,0.9718408682054457,0.03829325452179249,-3.005537747696371,0.0,0.0,0.0,0.0,0.0,0.0,3.4542505731509746e-14,8.62544018084168e-14,1.0593387730294843,0.002910316335228479,0.005087089337614156,7.720113086132795e-6,6.263713351612547e-6,3.3086814773129323e-6,0.000018864448978165167,NaN,NaN,NaN,NaN,NaN,NaN
2025-06-11T20:35:53Z,39.98213976456292,-75.151677075517,0.6744494802609107,4.5265128564403945,0.9053538948476412,0.14134670795970602,0.9550226919309991,0.047713869771203565,-2.985212017945901,0.0,0.0,0.0,0.0,0.0,0.0,5.590142980988203e-14,4.6539505253694553e-14,1.2522937666073173,0.0022232793574455006,0.004180746098752378,4.693699192796333e-6,3.748078584178704e-6,2.200583454586243e-6,0.000016654247681728446,NaN,NaN,NaN,NaN,NaN,NaN
2025-06-11T20:35:54Z,39.9821758649496,-75.15167559337743,0.3072981692415968,3.4044548696824872,0.3469414784141441,0.09493711570669948,0.9486490953053226,0.06513517536395515,-2.9775940584616447,0.0,0.0,0.0,0.0,0.0,0.0,7.554654433125975e-14,7.040708556546302e-14,1.1688125882267892,0.0018000882517827984,0.0032509951471521577,7.322174934962e-6,2.49806171070578e-6,1.7606256681636788e-6,0.00001676093749094376,NaN,NaN,NaN,NaN,NaN,NaN
2025-06-11T20:35:55Z,39.982203404785274,-75.15167364505518,-3.037860208329714,2.455030076228824,0.1978312058690507,0.05075775330199611,0.9502982714969929,0.06920369537619933,-2.9978192045993377,0.0,0.0,0.0,0.0,0.0,0.0,3.1925466460158013e-14,4.0553465355178844e-14,1.0759177152726842,0.0017938397050488368,0.00315704042622753,0.000010389062956793646,2.7569573440543222e-6,1.5942228903286746e-6,0.000022158935905432784,NaN,NaN,NaN,NaN,NaN,NaN
2025-06-11T20:35:56Z,39.98222378910163,-75.15167278259854,-4.605180708159715,1.7166322651457298,0.0848116528913348,0.014901136859665516,0.9435775446407473,0.0845421066279463,-3.073462631382838,0.0,0.0,0.0,0.0,0.0,0.0,4.121889481878024e-14,5.096490166191763e-14,1.1861381265068343,0.0022192315937932493,0.003969629163954332,0.00001616988328064221,3.1962688481087585e-6,1.969550600295383e-6,0.000021325607795818002,NaN,NaN,NaN,NaN,NaN,NaN
2025-06-11T20:35:57Z,39.98223676154601,-75.15167301465928,-3.7401067651445548,1.275331904162887,-1.0689802240721653,-0.11724769253638433,0.9762143081260369,0.05337313572386291,-3.070400478800771,0.0,0.0,0.0,0.0,0.0,0.0,4.2748007616111663e-14,4.924437879534638e-14,1.1030753854283242,0.0016977823549361804,0.002664144944180872,0.00001682115730114381,2.271759008453596e-6,1.2974706567680723e-6,0.00001719842300075869,NaN,NaN,NaN,NaN,NaN,NaN
2025-06-11T20:35:58Z,39.982251842165844,-75.15168097313156,-2.699393286307114,0.9301733074896414,-2.4200649664350458,-0.15350901908601955,1.0165859479556756,0.006455560017492149,-2.946826337773396,0.0,0.0,0.0,0.0,0.0,0.0,3.333313678558435e-14,5.717510582264854e-14,1.1005019989100175,0.002587188866882322,0.0034135758231623784,0.00005436742177470977,3.1861111425828784e-6,1.8313933892105002e-6,0.000011822374469217666,NaN,NaN,NaN,NaN,NaN,NaN
2025-06-11T20:35:59Z,39.982256588015574,-75.15170260781909,-0.9087021404767487,0.6434314936505445,-1.440230156467519,0.06061923777109709,1.0908671033751007,0.09615143279165057,-3.0054747332772522,0.0,0.0,0.0,0.0,0.0,0.0,2.6774961411078774e-14,3.297437662507753e-14,1.087754000827858,0.0016830325205581624,0.002435242168496291,0.00002618771338271973,1.9665154319148683e-6,8.852166456981786e-7,0.000010030547767095289,NaN,NaN,NaN,NaN,NaN,NaN
2025-06-11T20:36:00Z,39.982282418449344,-75.15170412589293,-0.8630570373317474,2.401734430169737,-0.22576788823052893,0.17252750129255828,1.1176057144042841,-0.10169171150217528,-2.9385665521776834,0.0,0.0,0.0,0.0,0.0,0.0,5.4111617109865196e-14,5.717850190123986e-14,1.1828212779055993,0.0024656457111002874,0.0032141892068868264,0.000013048552292209573,3.49955453683584e-6,2.4578676863522756e-6,0.000018373887975816993,NaN,NaN,NaN,NaN,NaN,NaN
2025-06-11T20:36:01Z,39.98233142234918,-75.15169077412058,-0.7016676593840141,5.04559403655666,0.7663473484539639,0.08499622648538187,1.1168990451183267,-0.14615858877757842,-3.005103203372072,0.0,0.0,0.0,0.0,0.0,0.0,5.184147217212128e-14,9.924486761582577e-14,1.1883969450101437,0.0028482177908535763,0.003846317637463077,4.3916987570358925e-6,4.281068362171224e-6,2.7863383059817373e-6,0.00004029000107099211,NaN,NaN,NaN,NaN,NaN,NaN
2025-06-11T20:36:02Z,39.98238505395485,-75.1516550622556,-0.5369669376673086,6.023782295452046,1.0928541017823892,0.027470358571804857,1.1317842677256604,-0.16275542029461967,-2.9824863860388566,0.0,0.0,0.0,0.0,0.0,0.0,7.343777528464776e-14,1.8471611077583372e-13,1.191969102320145,0.004302677756592605,0.00765378903508676,0.000013086304932359834,5.762988215689709e-6,3.3669824585968904e-6,0.00008192136356681673,NaN,NaN,NaN,NaN,NaN,NaN
2025-06-11T20:36:03Z,39.98244375186706,-75.15162842576964,-0.23357773625787337,5.7779483910667135,1.3963608070598874,0.1618550908472532,1.1462355230751886,-0.08600071606952524,-2.95728516345049,0.0,0.0,0.0,0.0,0.0,0.0,8.310262121333511e-14,1.943349177903854e-13,1.3137787217321777,0.0022052240683607467,0.004092399654646141,0.000010707056578798563,2.7937057407444574e-6,1.7309182458839575e-6,0.00005859066804029662,NaN,NaN,NaN,NaN,NaN,NaN
2025-06-11T20:36:04Z,39.982497309460314,-75.15160756268972,0.6621447347616716,6.083380972653109,1.7892784128048098,0.1649214021352225,1.1639483019770311,-0.055498343091499557,-3.004902995578774,0.0,0.0,0.0,0.0,0.0,0.0,6.274499091717344e-14,6.883134376264514e-14,1.1029160139456273,0.0026954313527413985,0.004456280296690546,0.000013027163056455317,3.818486142434715e-6,2.279688097171942e-6,0.000016277383886431077,NaN,NaN,NaN,NaN,NaN,NaN
2025-06-11T20:36:05Z,39.98255904419108,-75.15159334955123,0.5715609917571302,6.586519543640814,2.136519793851038,0.16379531468749126,1.142078988968251,-0.0916338682851292,-3.0313865838028007,0.0,0.0,0.0,0.0,0.0,0.0,9.540281623493247e-14,9.25798625707276e-14,1.2809711499373644,0.003799763405159327,0.007734072872054748,0.00002008791484732387,6.323774568982475e-6,3.1411838727673577e-6,0.000056335271389650934,NaN,NaN,NaN,NaN,NaN,NaN
2025-06-11T20:36:06Z,39.98262573710397,-75.15157978615261,0.5689562521114155,7.358758633351435,2.0824680151165422,0.03395344339212111,1.1172567692627136,-0.10782809489721044,-2.980077965884807,0.0,0.0,0.0,0.0,0.0,0.0,6.695085389648608e-14,1.0370075223116026e-13,1.2176631521217591,0.005573535280165524,0.00954967258199647,0.000026059591055724853,6.972987381362346e-6,4.124103257952509e-6,0.00008623425299110355,NaN,NaN,NaN,NaN,NaN,NaN
2025-06-11T20:36:07Z,39.98270160507758,-75.15156747836704,1.1270559393452864,7.475841754675789,1.9904326440345879,0.10589254074297787,1.1084994909727783,-0.06611259367911644,-3.0099403896683077,0.0,0.0,0.0,0.0,0.0,0.0,1.114184734951142e-13,5.784249811173397e-14,1.2404467922318014,0.0034292636036600973,0.004713826286210364,0.000012165611997287694,3.9293899090600425e-6,2.200445654002635e-6,0.000018994870254794654,NaN,NaN,NaN,NaN,NaN,NaN
2025-06-11T20:36:08Z,39.9827645268298,-75.1515439242638,1.9748166767063666,7.981768847199066,1.8432458684764188,0.061990720113098814,1.0844888161437594,-0.1062392976874264,-2.9970482424961196,0.0,0.0,0.0,0.0,0.0,0.0,1.3921988696483403e-13,5.48338520900206e-14,1.2304915914759569,0.004386149897215043,0.006942216594538448,0.000012454073923432581,6.479518170784702e-6,4.614500369373354e-6,1.3463108029908572e-6,NaN,NaN,NaN,NaN,NaN,NaN
2025-06-11T20:36:09Z,39.98284696150458,-75.15153808851288,2.1151811004237495,8.299957794775601,1.8646735059600157,0.1277501409287476,1.076212388597265,-0.12852780422787535,-2.935997977546749,0.0,0.0,0.0,0.0,0.0,0.0,4.0156413964224064e-14,5.868105123362122e-14,1.375899684461739,0.0033337918935636653,0.007187212182281067,0.000010552876949040184,5.6348363391959175e-6,2.838099382015133e-6,5.865407006390971e-7,NaN,NaN,NaN,NaN,NaN,NaN
2025-06-11T20:36:10Z,39.982928160232255,-75.15152362238014,2.5612400016203978,8.303285143483503,1.70086343314511,0.04724943143491183,1.0594167709613664,-0.061145011765780515,-2.9600590291633844,0.0,0.0,0.0,0.0,0.0,0.0,6.259123564874904e-14,5.4165013228710996e-14,1.240657042970851,0.0031520904692797403,0.005665959126145158,9.935402571881388e-6,4.497708976875227e-6,2.483570941088491e-6,4.0235614158152024e-7,NaN,NaN,NaN,NaN,NaN,NaN
2025-06-11T20:36:11Z,39.9830020172401,-75.15151062608217,2.579866304442729,7.9412055844881895,1.4877048060339004,0.12045565078334089,1.0659533496544675,-0.03025341666594459,-2.9499897864500104,0.0,0.0,0.0,0.0,0.0,0.0,5.5265345242866985e-14,7.713374390764654e-14,1.2726699915916302,0.00431319002504021,0.007970591794563933,6.809138735529333e-6,6.594484378854907e-6,3.573294841493722e-6,1.2279490994737975e-6,NaN,NaN,NaN,NaN,NaN,NaN
2025-06-11T20:36:12Z,39.98306498015557,-75.15148807679893,3.320728860467839,7.52709170055401,1.5524217391643946,0.08912316711139551,1.0673927893687591,0.012238795236178334,-3.011109085348115,0.0,0.0,0.0,0.0,0.0,0.0,6.150813663002495e-14,4.2048703018079595e-14,1.3764992436531918,0.004951900084080775,0.008380864592027203,3.307585411072336e-6,7.42524236893373e-6,4.472793784265875e-6,1.7349263716525605e-6,NaN,NaN,NaN,NaN,NaN,NaN
2025-06-11T20:36:13Z,39.98312451702323,-75.15147371709541,2.9050421655888847,7.169054925987784,1.5604964657357263,-0.015493264094706681,1.0512178559672358,0.015427346927494036,-3.0380544807668435,0.0,0.0,0.0,0.0,0.0,0.0,7.782450333131138e-14,4.8180113858451735e-14,1.4290302879125638,0.006976176257557207,0.00939527555675731,2.350214580940868e-6,7.347999680755713e-6,5.618083303586121e-6,2.917502412595228e-6,NaN,NaN,NaN,NaN,NaN,NaN
2025-06-11T20:36:14Z,39.98318737735995,-75.15146502743357,3.1083178513723073,7.02845210825128,1.3217497812453372,-0.049687161779254585,1.049197035817446,-0.03500118468049771,-2.986249730568205,0.0,0.0,0.0,0.0,0.0,0.0,7.777308214300167e-14,5.230751581507957e-14,1.571912169041485,0.009321339356248808,0.01179225794688059,3.746044136792249e-6,8.515848397436169e-6,6.1510318234776995e-6,5.200334868811084e-6,NaN,NaN,NaN,NaN,NaN,NaN
2025-06-11T20:36:15Z,39.98325235322204,-75.1514567111591,4.007211249615915,7.1196317849847075,1.4919641256935567,0.07238721751644384,1.0596593436830093,-0.019550643364588557,-2.9949720138400484,0.0,0.0,0.0,0.0,0.0,0.0,3.602932419413491e-14,4.097710133155568e-14,1.1991891899658473,0.009598520980328089,0.016394749865819125,3.975361122518042e-6,0.000011883507572664295,7.083289522083279e-6,8.022949563413968e-6,NaN,NaN,NaN,NaN,NaN,NaN
2025-06-11T20:36:16Z,39.9833172719624,-75.15144602708037,3.7360776365312183,6.873636298223648,1.4831817804319107,-0.03529249902429952,1.0515677522292277,-0.017825507414048546,-3.0048767086645887,0.0,0.0,0.0,0.0,0.0,0.0,5.244051521795696e-14,5.740874479266819e-14,1.3712230763238884,0.010528860993169242,0.018165268774590616,4.723149362110036e-6,0.000011386801782732112,6.566267701914181e-6,4.464529418423691e-6,NaN,NaN,NaN,NaN,NaN,NaN
2025-06-11T20:36:17Z,39.98338379789806,-75.15142380821217,4.223988166226221,6.747019412587064,1.3803931175918311,-0.08614942980144132,1.0427720521515038,-0.021229497248223372,-2.9665890167662976,0.0,0.0,0.0,0.0,0.0,0.0,4.317484389733692e-14,4.6192945903096026e-14,1.48780870492869,0.014284591693823968,0.021610500236995168,5.631582872792943e-6,0.000015938093827763815,9.595115059973294e-6,4.581498218761856e-6,NaN,NaN,NaN,NaN,NaN,NaN
2025-06-11T20:36:18Z,39.983441082398315,-75.15141100852499,3.983790616698646,7.106013570947712,1.1443078333590013,-0.150300061478188,1.040762309538605,-0.04078474377861764,-3.0231464536628803,0.0,0.0,0.0,0.0,0.0,0.0,5.985736568469381e-14,6.87858196039712e-14,1.220823021215518,0.034583187784876755,0.05316668360669601,5.452665240168477e-6,0.00003220476743254813,0.000020681390566613523,1.6199944601704166e-6,NaN,NaN,NaN,NaN,NaN,NaN
2025-06-11T20:36:19Z,39.98349698952725,-75.15141365667144,5.2257335970030105,7.125306370740686,1.5360533135217385,-0.27178801413919845,1.0188992611642562,-0.06926963191612953,-2.9442808844305772,0.0,0.0,0.0,0.0,0.0,0.0,5.3036733330867394e-14,1.1241555451632155e-13,1.4206469111495788,0.07403095030340914,0.15616344921893446,0.0000674051969727532,0.00008199456691190415,0.0000415817371009227,1.6683925071118613e-6,NaN,NaN,NaN,NaN,NaN,NaN
2025-06-11T20:36:20Z,39.98355501104845,-75.15141729223922,5.444162554416437,6.786011085524541,1.1136318587041354,-0.1982721371590739,0.9994069201040997,0.027302744700083204,-3.06232761477802,0.0,0.0,0.0,0.0,0.0,0.0,8.06305495832062e-14,8.505713950211186e-14,1.3762047608344832,0.15108827106271688,0.15851590041801003,0.0001407884336224956,0.00007328641165312783,0.00006878355655117256,7.040774518936343e-6,NaN,NaN,NaN,NaN,NaN,NaN
2025-06-11T20:36:21Z,39.983603357598426,-75.15142589523016,5.632839284602975,6.107892908840197,0.9512593655592015,-0.06947965216468573,0.9758052350156061,-0.06035676789888676,-2.926951980521838,0.0,0.0,0.0,0.0,0.0,0.0,9.549795458732928e-14,1.5597339977433162e-13,1.4990270817217155,0.19147230618535807,0.24133582413576377,0.0003507221043373625,0.00008553597507170826,0.00007158697867623162,0.00001684722523544796,NaN,NaN,NaN,NaN,NaN,NaN
2025-06-11T20:36:22Z,39.98364242188694,-75.15142783300115,5.901506358721631,4.7628547130455905,0.7229047637721804,-0.05236316058622429,0.9757657529211153,0.024351507667311593,-2.794061678379435,0.0,0.0,0.0,0.0,0.0,0.0,9.643492427899959e-14,1.3886724158187507e-13,1.380365295710077,0.09653341703978777,0.0978326368432304,0.0001265371209611736,0.000026997661447186573,0.000029552010583400097,0.000018879353174210983,NaN,NaN,NaN,NaN,NaN,NaN
2025-06-11T20:36:23Z,39.98366864708685,-75.15142197191123,6.662001349152814,2.7640684486153484,0.4026635395481742,-0.07030346505098246,0.9655664040093039,0.09940667976495825,-2.921710313060214,0.0,0.0,0.0,0.0,0.0,0.0,8.738588757675476e-14,1.4089977574659902e-13,1.457810825815584,0.04227193688149353,0.05640788383485045,0.0000663849448435801,0.00001750870872432235,0.000013643172223057997,9.329479637157353e-6,NaN,NaN,NaN,NaN,NaN,NaN
2025-06-11T20:36:24Z,39.98368640957238,-75.15141804410008,7.803970164632291,1.665321034971624,-0.1430314618284475,-0.0666776004488193,0.9895856916680479,-0.09404506762661587,-2.3903183184724535,0.0,0.0,0.0,0.0,0.0,0.0,7.943365971686697e-14,1.1200287424470294e-13,1.5638986255336595,0.020390435580188146,0.029073687371352255,0.00006131656253518081,0.000014257521612854691,8.118097081518733e-6,0.000012685553842887967,NaN,NaN,NaN,NaN,NaN,NaN
2025-06-11T20:36:25Z,39.98368424930845,-75.15142340343091,7.623740769308184,-0.8944184605565154,-0.9232178150157093,-0.35071938733154495,1.0433976249563826,0.0726987805708737,-2.6679299855748484,0.0,0.0,0.0,0.0,0.0,0.0,1.2594709203657382e-13,1.449579539339824e-13,1.5563071009488691,0.03183464811818277,0.05556069074065356,0.00015654709432988195,0.000024743257145394818,9.928242661550739e-6,0.00006397927687675859,NaN,NaN,NaN,NaN,NaN,NaN
2025-06-11T20:36:26Z,39.98366937575401,-75.15142835060986,8.599267234371125,-0.39284626808939316,-1.0479544914207806,-0.1836826316577573,0.9995081108057337,0.21200771256460219,3.1021129029159726,0.0,0.0,0.0,0.0,0.0,0.0,1.370772680532151e-13,1.6728510544455917e-13,1.7878273129435787,0.03284844593505995,0.10665031215769322,0.00008250186796929254,0.00004299794146890806,9.371627110286128e-6,0.00014437364037945532,NaN,NaN,NaN,NaN,NaN,NaN
2025-06-11T20:36:27Z,39.98366143954125,-75.15142139645194,8.803791614188583,-0.7999340905997225,-1.0728310323635872,-0.12196354570153266,1.1034569415999609,-0.00024138581041470674,-2.874812977827382,0.0,0.0,0.0,0.0,0.0,0.0,1.100204725268834e-13,1.5455657690662593e-13,1.6498730897974974,0.02455570022198581,0.07335963136332324,0.00021957899527675444,0.00002466081740706288,0.000010317717832961061,0.00010629181541069646,NaN,NaN,NaN,NaN,NaN,NaN
2025-06-11T20:36:28Z,39.98365188921839,-75.15142611474974,8.710798567095246,-0.6908898525814621,-0.41348009225589044,-0.04079806775354688,1.1157614975895063,0.03849628716097616,-2.9895441808436556,0.0,0.0,0.0,0.0,0.0,0.0,1.1588161001898672e-13,1.5426129519770663e-13,1.5065784359730034,0.02908628956432121,0.057386953628258915,0.00009483999286539123,0.000018801238989165594,0.000012171643869618544,0.00010208727791011006,NaN,NaN,NaN,NaN,NaN,NaN
2025-06-11T20:36:29Z,39.98366364914212,-75.15141744077876,8.728215996273217,0.8421996927177625,0.6161996437853782,0.011469503419754964,1.1171831967124826,-0.03059176743714945,-2.914022518402549,0.0,0.0,0.0,0.0,0.0,0.0,1.2154508414061654e-13,2.3907006022772026e-13,1.528674920890704,0.0159864291872323,0.033072550648942836,0.00004023117706500598,0.000015119931409936942,9.208568615342137e-6,0.00008432027103067221,NaN,NaN,NaN,NaN,NaN,NaN
2025-06-11T20:36:30Z,39.9836867413947,-75.15139463988248,9.116540319571682,2.809061357865846,1.5478776069962452,-0.002341844334536494,1.1057397874620385,-0.08769422310208584,-3.0618827011482748,0.0,0.0,0.0,0.0,0.0,0.0,1.0226606152286655e-13,1.8125410617194337e-13,1.8537270713254301,0.014172295577254529,0.02029643081510005,0.00004187163360990126,0.00001728309306410346,9.42357612068931e-6,0.00010070856582473114,NaN,NaN,NaN,NaN,NaN,NaN
2025-06-11T20:36:31Z,39.983714571732555,-75.15137050716115,9.088634132303191,3.5349402085453328,1.7172822645972448,-0.2139299554351973,1.0946680656909986,-0.08608740007954445,-3.017233760033732,0.0,0.0,0.0,0.0,0.0,0.0,1.5454036850960914e-13,1.706576370212921e-13,1.8195867071362821,0.021479120163396266,0.028059009209354027,0.00005090784520525009,0.00001805746428144122,0.000011781831547221944,0.00016343970333097184,NaN,NaN,NaN,NaN,NaN,NaN
2025-06-11T20:36:32Z,39.98374270379811,-75.15135349191387,9.009339486791317,3.0087696155364685,1.3540017327693972,-0.04147815025065956,1.0785668541486317,-0.01933124818878663,-3.0544653515713835,0.0,0.0,0.0,0.0,0.0,0.0,1.4140460759483376e-13,1.6442221134490034e-13,1.619334297575402,0.015821115335262016,0.026082515470127556,0.00004610682149085006,0.000012832677466117855,8.18166088968089e-6,0.00016656204608846386,NaN,NaN,NaN,NaN,NaN,NaN
2025-06-11T20:36:33Z,39.98377025014942,-75.15134060604613,9.025326777279316,3.5472396068112215,0.8147490023926155,-0.052317639878692264,1.0763729376835485,-0.0715637074070497,3.1194333972459853,0.0,0.0,0.0,0.0,0.0,0.0,1.4974364903345078e-13,1.3887099526753514e-13,1.7352262019449733,0.022149480926145947,0.032063904168131,0.000029247664922109925,0.000018604073212420593,0.00001252679415177675,0.0001754524231071869,NaN,NaN,NaN,NaN,NaN,NaN
2025-06-11T20:36:34Z,39.983804810912815,-75.15133765889951,9.124563328051094,3.438224312965512,-0.1895466088268634,-0.18809487319768303,1.091339963248488,-0.04464787971127477,-3.083734003650671,0.0,0.0,0.0,0.0,0.0,0.0,1.304478799948945e-13,1.4791629731082525e-13,1.8218903780371047,0.047124060905411394,0.06282048568355769,0.000035403114752959664,0.000035392100769089026,0.000028179555901646505,0.0001425339963847049,NaN,NaN,NaN,NaN,NaN,NaN
2025-06-11T20:36:35Z,39.98383200246104,-75.15133222542852,8.4334918570505,3.3522437715747064,1.060848086922736,0.0051933444136582855,1.1067113271063826,-0.11266229673893244,-3.0832037152030356,0.0,0.0,0.0,0.0,0.0,0.0,1.2488494158206225e-13,1.4532867453102998e-13,1.4365555114977522,0.03267585601519146,0.03477074581702649,0.000014168722835333348,0.000017523578886971617,0.00001430694621279814,0.0002217543091392947,NaN,NaN,NaN,NaN,NaN,NaN
2025-06-11T20:36:36Z,39.98386612581883,-75.15131213370806,8.728699617524388,4.2441520715644,2.0494033713985376,0.006918912414992665,1.1082901953579736,-0.17316663328239407,-2.8236227996638923,0.0,0.0,0.0,0.0,0.0,0.0,1.4591888923544836e-13,1.4615793427026123e-13,1.8439797561019144,0.028616560943972327,0.045223734675410035,0.00002806480353987483,0.000023114650306553218,0.000013895717129182194,0.0002011478739730661,NaN,NaN,NaN,NaN,NaN,NaN
2025-06-11T20:36:37Z,39.983914892353866,-75.1512972845773,8.71739860254929,5.976479369648458,2.816925303898657,-0.19571325629899428,1.1215432642922316,-0.31451073345142555,-2.600110951865908,0.0,0.0,0.0,0.0,0.0,0.0,1.1789510245415928e-13,1.802876404649174e-13,1.920591783197896,0.0326751899054757,0.03984937865762165,0.00007976396081966418,0.000019903601099359367,0.000018369310492638273,0.00014966646103064095,NaN,NaN,NaN,NaN,NaN,NaN
2025-06-11T20:36:38Z,39.983968057234584,-75.1512709761768,8.14207138282374,6.8770478056767566,3.411287225871384,0.011835798846443372,1.076027391099393,-0.407778975445301,-2.1267981966917193,0.0,0.0,0.0,0.0,0.0,0.0,1.085466104408943e-13,1.6128679996616042e-13,1.5650582643394184,0.026455672416181693,0.047419658787024456,0.0001484676157636218,0.000019702174222451704,0.0000118650369305987,0.0001148797210692963,NaN,NaN,NaN,NaN,NaN,NaN
2025-06-11T20:36:39Z,39.98402843485375,-75.15126126298394,9.029366480693966,6.440576069410665,4.030752212503215,0.9517043157819042,1.1402694209902622,-0.17256536835516606,-1.8304490642163322,0.0,0.0,0.0,0.0,0.0,0.0,8.672224113724066e-14,2.1691326336367945e-13,1.8200909381514763,0.02387397107293006,0.04866376382860479,0.0003050503452297779,0.000014691563256074374,0.000010137783071157706,0.0001238907328033472,NaN,NaN,NaN,NaN,NaN,NaN
2025-06-11T20:36:40Z,39.984094448645244,-75.15123493945855,9.884000087210888,8.384276669053298,4.705626068714392,0.2185745110238455,1.089432254276994,-0.22751680802145532,-1.7565103073127388,0.0,0.0,0.0,0.0,0.0,0.0,7.355697525838069e-14,1.2592927255345068e-13,1.724755935461006,0.022299543909448823,0.03316786271270821,0.00013005398064584275,7.584616087333871e-6,6.14840287741459e-6,0.00012898167877325022,NaN,NaN,NaN,NaN,NaN,NaN
2025-06-11T20:36:41Z,39.98415992586078,-75.15119502468114,9.639084538895357,8.511897979730945,5.362785422227673,0.16912313248916716,1.1388192924418359,-0.037969106151924344,-1.7533550731715475,0.0,0.0,0.0,0.0,0.0,0.0,1.0355655410344047e-13,7.037589496961785e-14,2.185962137843006,0.05062460372589878,0.040986780391257804,0.00021738918954282153,0.000015164405182938407,0.000016190695862268865,0.0000931765261340701,NaN,NaN,NaN,NaN,NaN,NaN
2025-06-11T20:36:42Z,39.98417854673318,-75.15116650729539,7.021966866895989,6.615024594303384,3.976370018126467,0.45380826815463926,1.1609736232806376,-0.05363754315191558,-1.7314842345473456,0.0,0.0,0.0,0.0,0.0,0.0,7.640285310497388e-14,4.8033175816270737e-14,1.1076888680920605,0.03293103671737482,0.02107336672477112,0.00006998154233052354,8.480357560373139e-6,0.000011954319681393312,0.000028228739846521688,NaN,NaN,NaN,NaN,NaN,NaN
2025-06-11T20:36:43Z,39.984212714746846,-75.151143524679,5.3665540310017645,4.709638454982138,3.5175443231964234,0.1744121388079938,1.197633416128165,-0.07646790895956529,-1.7069115865337525,0.0,0.0,0.0,0.0,0.0,0.0,4.4541839795542136e-14,5.444189453431617e-14,1.3425806111971437,0.04578981608026286,0.03912334519158368,0.00008496512222953713,0.00002136021471927523,0.000025752524371377774,0.000035277875534415185,NaN,NaN,NaN,NaN,NaN,NaN
2025-06-11T20:36:44Z,39.98423139215251,-75.15117798718664,3.768035197850393,2.171316358399253,-1.6288853794571985,0.17091289414202923,1.2398754021088305,0.10967075968730913,-1.5248462951746216,0.0,0.0,0.0,0.0,0.0,0.0,5.3032628389249684e-14,5.2867842797549877e-14,1.2322426541080753,0.03644580416545792,0.04291794145914025,0.00007165071561574665,0.000023444813575731857,0.00001766413924336507,0.00003977289939794411,NaN,NaN,NaN,NaN,NaN,NaN
2025-06-11T20:36:45Z,39.984235186074635,-75.15129018553094,2.871334782728895,0.578119061600363,-7.86277705964782,-0.4097309440995727,1.2559630562598998,0.21126162263040263,-1.4281391744636904,0.0,0.0,0.0,0.0,0.0,0.0,3.7391815198734604e-14,3.481554449192491e-14,1.2243232992323831,0.010437899042821691,0.016844451108814527,0.0001006446611171746,8.36515496127469e-6,4.372140428243021e-6,0.000027959772891287003,NaN,NaN,NaN,NaN,NaN,NaN
2025-06-11T20:36:46Z,39.98423583013107,-75.15142631613666,1.9311956141166742,0.535586768950557,-9.995394100689436,-0.4697518661142613,1.218609731211889,0.16317699834415644,-1.4002487909806614,0.0,0.0,0.0,0.0,0.0,0.0,3.052549775366454e-14,3.565033226566963e-14,1.1170849809316696,0.010033696123783884,0.011208430953313236,0.00011110042828791165,4.531138991967911e-6,3.179051394697899e-6,0.000035993076722109195,NaN,NaN,NaN,NaN,NaN,NaN
2025-06-11T20:36:47Z,39.984238460525866,-75.15156839750051,2.476068840270329,0.5503559923569589,-10.512535743982545,-0.4165533120751333,1.180585174263119,0.12512889115998696,-1.3390070420650848,0.0,0.0,0.0,0.0,0.0,0.0,2.9588944002572075e-14,2.740872504546871e-14,1.3592961958788101,0.009950760682537021,0.006753726031294668,0.00006277950042206638,2.6550417050860894e-6,3.2179367354214735e-6,0.000029053903859753042,NaN,NaN,NaN,NaN,NaN,NaN
2025-06-11T20:36:48Z,39.98423618867165,-75.15171173385896,2.0077234429158484,0.7312029499362096,-10.567817296907839,-0.14309553843439354,1.1622060501050138,0.0927127687809682,-1.348561263905411,0.0,0.0,0.0,0.0,0.0,0.0,4.4624611541909217e-14,3.2971033025481615e-14,1.240917806454966,0.009581849019272256,0.006108223861702837,0.00005002149123716981,2.8412178622162706e-6,3.4905213958498824e-6,0.000018645676078131276,NaN,NaN,NaN,NaN,NaN,NaN
2025-06-11T20:36:49Z,39.98424311964327,-75.15185476979846,1.8302076553239177,0.671930306747488,-10.529171114871044,-0.0949140225434649,1.153129165345841,0.035388762905181725,-1.287116681118001,0.0,0.0,0.0,0.0,0.0,0.0,8.295223318860194e-14,4.248540273747539e-14,1.147128642301595,0.007563882523799288,0.006195123442074642,0.00004962286179466742,4.32872734324684e-6,5.375865538835485e-6,0.000013271747719670912,NaN,NaN,NaN,NaN,NaN,NaN
2025-06-11T20:36:50Z,39.98423596862162,-75.15199221173818,1.8528455976589864,0.48449232163441835,-10.522437493564993,-0.04479860892097785,1.1340906608439325,0.023346190731649057,-1.2984793923653797,0.0,0.0,0.0,0.0,0.0,0.0,1.4220655520404139e-13,4.466357185635424e-14,1.2435000864917023,0.012364486003635539,0.0092837312359325,0.00005653289661828581,7.461940501307662e-6,0.000011662972532316226,0.000019611104072736315,NaN,NaN,NaN,NaN,NaN,NaN
2025-06-11T20:36:51Z,39.984248969341834,-75.15212894256106,2.1117917093289407,0.516665509080536,-10.31687046933,0.0022936267022645573,1.1134333853331724,-0.03153257083166263,-1.303308274229189,0.0,0.0,0.0,0.0,0.0,0.0,6.887023780896324e-14,5.994646793965511e-14,1.1499519475218083,0.01844618141012137,0.018719177221776077,0.00006389734734533083,0.000013564508508358986,0.000014741499219227541,9.357402312572344e-6,NaN,NaN,NaN,NaN,NaN,NaN
2025-06-11T20:36:52Z,39.98426700961959,-75.15224989724125,3.1684767230227573,0.9826044968679926,-9.478687787802835,0.166040573054142,1.096746397028064,-0.015337169325885112,-1.3261221473086902,0.0,0.0,0.0,0.0,0.0,0.0,3.740634575516389e-14,4.5844770129670876e-14,1.2617613846270788,0.007951357828446262,0.012039934781153476,0.000018351152457709676,8.301573316105648e-6,5.666987979477355e-6,2.772115405365473e-6,NaN,NaN,NaN,NaN,NaN,NaN
2025-06-11T20:36:53Z,39.98426933134968,-75.15237677215308,2.4200282278166996,1.2479368106371391,-9.153832024709304,0.09884128171395282,1.0783248262254534,-0.03144088529764101,-1.3547726205528796,0.0,0.0,0.0,0.0,0.0,0.0,5.2918538172137346e-14,7.59165434925355e-14,1.1368995999316684,0.007295258260003511,0.011575150436155068,8.661197969811482e-6,7.6165241170463776e-6,5.168454819248954e-6,6.014415713691495e-6,NaN,NaN,NaN,NaN,NaN,NaN
2025-06-11T20:36:54Z,39.98425661091153,-75.15251504702913,2.148136023833874,1.049849388133659,-8.417327520026646,-0.08473739219777211,1.0768506565072566,-0.11899758501207056,-1.31691180242025,0.0,0.0,0.0,0.0,0.0,0.0,6.000023890308642e-14,4.133806507601825e-14,1.257727443424342,0.005117211066403673,0.007298929670853546,1.0590709809872289e-6,5.849424085369983e-6,3.470862096844273e-6,6.719756927407504e-6,NaN,NaN,NaN,NaN,NaN,NaN
2025-06-11T20:36:55Z,39.98425010558585,-75.1526341218726,2.2690777055044764,0.9646533421849645,-8.037069108569826,-0.005153253611468735,1.08067771082098,-0.0643280029479902,-1.352888304694973,0.0,0.0,0.0,0.0,0.0,0.0,4.8999058386790415e-14,7.336502689798523e-14,1.2938301105754493,0.004695647378352666,0.007492418344554982,4.850284033650727e-6,5.07458446394723e-6,3.4672566772501035e-6,1.3409647588991829e-6,NaN,NaN,NaN,NaN,NaN,NaN
2025-06-11T20:36:56Z,39.98425749221758,-75.15275329521089,2.3925683393255954,1.4456312269362852,-8.062904249179812,0.0864756803859894,1.0815019306791875,-0.08724372666362214,-1.3037638398783706,0.0,0.0,0.0,0.0,0.0,0.0,2.8264722416892793e-14,3.47035040425142e-14,1.1178204029647276,0.001641940605165643,0.002594985532774829,2.13204304862735e-6,2.1134598337314905e-6,1.365764523269952e-6,1.1258751437339138e-6,NaN,NaN,NaN,NaN,NaN,NaN
2025-06-11T20:36:57Z,39.984263520586126,-75.15286771262633,3.137320489228716,1.6083769748586334,-8.222456980314098,-0.0648678611434597,1.0742744404619644,-0.0288064742354702,-1.3491703283114247,0.0,0.0,0.0,0.0,0.0,0.0,4.311689474214317e-14,5.517186939060428e-14,1.1614399549880094,0.0012312391781548995,0.0019707396435883063,2.0737481578211186e-6,2.0159251105529747e-6,1.256224846615939e-6,3.6216763706906667e-7,NaN,NaN,NaN,NaN,NaN,NaN
2025-06-11T20:36:58Z,39.98427994536009,-75.1529893285777,3.120609609837934,1.4980115601917543,-8.717817781936157,0.041415977100679666,1.0810726806208943,-0.0066424736092421275,-1.385961084569946,0.0,0.0,0.0,0.0,0.0,0.0,5.4851341895818857e-14,5.741603543728562e-14,1.1700669965332007,0.002250315348520075,0.003460168974348314,9.096538204634119e-7,3.5954543321739595e-6,2.339318124035526e-6,3.5245606508304876e-7,NaN,NaN,NaN,NaN,NaN,NaN
2025-06-11T20:36:59Z,39.98428990438459,-75.15310047931436,3.1424685559080507,1.2900294050807775,-8.509077348352708,0.025551547712740555,1.0815612608617104,-0.0741014088266723,-1.3620269538239504,0.0,0.0,0.0,0.0,0.0,0.0,8.53314455184899e-14,5.5267079545967505e-14,1.1857121425910295,0.00594589101654286,0.009382269657952901,3.111730562844279e-7,8.907126483483493e-6,5.211866406674342e-6,1.3036231680433726e-6,NaN,NaN,NaN,NaN,NaN,NaN
2025-06-11T20:37:00Z,39.98429548511289,-75.15320129441446,4.0112879978332545,1.3006158313958995,-8.047021121063807,-0.04451914659945025,1.0804071204241912,-0.07143320219691487,-1.3350170430398736,0.0,0.0,0.0,0.0,0.0,0.0,8.150603085473654e-14,5.399218776453973e-14,1.1941340103543328,0.008692692821331142,0.013140766467787399,1.2682630881262803e-6,9.973822621131411e-6,6.677273749001715e-6,1.9038146767835027e-6,NaN,NaN,NaN,NaN,NaN,NaN
2025-06-11T20:37:01Z,39.984298752400534,-75.15331074531149,3.975513871166322,1.2881661269084943,-8.336214670990515,-0.028542721792836085,1.081120087815735,-0.028834376003726642,-1.3378739950556373,0.0,0.0,0.0,0.0,0.0,0.0,6.157483118344982e-14,5.6693267853654464e-14,1.2468156836974498,0.00724601275831961,0.011008620593847697,1.973279893319921e-6,7.95243838333744e-6,5.3900231871758224e-6,1.139942865968001e-6,NaN,NaN,NaN,NaN,NaN,NaN
2025-06-11T20:37:02Z,39.98431103685475,-75.15341869348485,4.409221789390098,1.2129031812005262,-8.69097486501186,-0.09141330482828457,1.0790191118000094,-0.011027497264793133,-1.366183872712562,0.0,0.0,0.0,0.0,0.0,0.0,5.827180048937285e-14,5.4045166867576084e-14,1.1173305208042366,0.002993060833055223,0.004873962987984311,6.500438194053414e-7,3.2328891892922324e-6,2.325152021748327e-6,8.00654002191466e-7,NaN,NaN,NaN,NaN,NaN,NaN
2025-06-11T20:37:03Z,39.98431632748167,-75.15352597817409,4.189819017804577,0.9787827153661787,-8.912960930459063,-0.1862466572623132,1.0677575371250252,-0.029394278294847535,-1.3807117077294986,0.0,0.0,0.0,0.0,0.0,0.0,1.1788485168569228e-13,6.116327120966967e-14,1.2145829858219013,0.007245359349158531,0.010957100351439897,2.981433143340993e-6,9.27678436423561e-6,5.489094142810827e-6,1.4442730088680205e-6,NaN,NaN,NaN,NaN,NaN,NaN
2025-06-11T20:37:04Z,39.984322780339824,-75.15363013974539,5.76301831388991,0.5932366799174995,-8.728723154897002,0.0333626977631898,1.0759543413353339,-0.03553027800762314,-1.3675583446367645,0.0,0.0,0.0,0.0,0.0,0.0,3.086499456415694e-14,2.8252680088695923e-14,1.0862801708924452,0.005804353391623579,0.009622444851745442,5.131101214611077e-6,7.927111547095852e-6,4.63277937885729e-6,1.1617426063876686e-6,NaN,NaN,NaN,NaN,NaN,NaN
2025-06-11T20:37:05Z,39.98432454553266,-75.15373227743058,5.907420721840085,0.4999009811329087,-8.498746063979365,-0.03750843705859384,1.0660450227602591,-0.023534924989468346,-1.384915089146074,0.0,0.0,0.0,0.0,0.0,0.0,3.963177331602499e-14,3.992662818252076e-14,1.2360789709547697,0.008910119737942779,0.013987822531883548,8.958783694357525e-6,0.000010328096379583778,6.5921951436714735e-6,1.347093095997877e-6,NaN,NaN,NaN,NaN,NaN,NaN
2025-06-11T20:37:06Z,39.9843303410241,-75.15382365057093,5.3738969606589695,0.4494207089467861,-8.147792892407775,-0.019364591517501008,1.0535903751416118,-0.0632876593578018,-1.3939833154127643,0.0,0.0,0.0,0.0,0.0,0.0,6.155398323230932e-14,5.5475186426541304e-14,1.2570020612379174,0.009141341499242235,0.014863858881809588,9.218172351089533e-6,9.706097191689594e-6,5.700568256946468e-6,1.085404800065662e-6,NaN,NaN,NaN,NaN,NaN,NaN
2025-06-11T20:37:07Z,39.98433497219409,-75.15391550031312,5.185612320688582,0.3267129252621376,-7.686452477740561,-0.10235508344919757,1.0457106219170973,-0.07177584862691332,-1.4054391135069595,0.0,0.0,0.0,0.0,0.0,0.0,7.352269358056256e-14,6.517552952314038e-14,1.293486876017779,0.01709681520228212,0.027622562131843956,0.000015689131989204588,0.000018493560263219252,0.00001129826583440937,1.0160363408293247e-6,NaN,NaN,NaN,NaN,NaN,NaN
2025-06-11T20:37:08Z,39.98433733800819,-75.1539991466494,4.360906458540036,0.5805777008956637,-7.335358470378092,-0.09215440346253992,1.035676717304631,-0.04027388878782674,-1.3792268183998144,0.0,0.0,0.0,0.0,0.0,0.0,7.631697429074252e-14,9.460735162063303e-14,1.1486498794331423,0.033928270643859275,0.046550308673233176,0.00003466871549391977,0.000028861333785369902,0.00002099601838465873,1.6049902119137762e-6,NaN,NaN,NaN,NaN,NaN,NaN
2025-06-11T20:37:09Z,39.984341895584336,-75.15408075399915,5.428855447107754,0.3120034951336484,-7.120237676836584,-0.0751041426512175,1.0257167309126645,-0.06350341883210432,-1.3987813528792854,0.0,0.0,0.0,0.0,0.0,0.0,1.4405452542592273e-13,9.876724273608045e-14,1.2950274324336644,0.0901193894890748,0.11973483536727081,0.00009141537871177104,0.00006732556818608427,0.00004537237907711103,5.163146396157259e-6,NaN,NaN,NaN,NaN,NaN,NaN
2025-06-11T20:37:10Z,39.9843256736603,-75.15414873248307,7.156466304511719,-0.5739987250437255,-6.64807281921947,-0.07476621413720036,1.0330008963626982,-0.06937548119064832,-1.3725997639268193,0.0,0.0,0.0,0.0,0.0,0.0,8.210797619750516e-14,5.3081366019650115e-14,1.1611185916201672,0.12095713838962224,0.1565730537943542,0.00020110098681573558,0.00008296917890554191,0.00005910964117465459,4.276118874009634e-6,NaN,NaN,NaN,NaN,NaN,NaN
2025-06-11T20:37:11Z,39.984370814887136,-75.15417009379695,7.044630812791911,-0.09973707353240241,-5.100811075273659,-0.05158600574188219,1.0082328016879296,-0.07052711146814783,-1.5173236087176731,0.0,0.0,0.0,0.0,0.0,0.0,3.375473326320973e-14,3.716209461035451e-14,0.9923569420625914,0.1112119859375253,0.1607699231487425,0.0002757608866074004,0.00007588944140175295,0.00004791896905661662,8.563584481532782e-6,NaN,NaN,NaN,NaN,NaN,NaN
2025-06-11T20:37:12Z,39.984374473000166,-75.15422797220367,8.550629190103116,0.20353266773424272,-4.9243867241848855,-0.029732051095423533,0.9975444613324206,-0.07742699922953376,-1.4465230848804593,0.0,0.0,0.0,0.0,0.0,0.0,7.631709461484853e-14,1.1416928312093406e-13,1.4657698396377812,0.15696163672548086,0.27557696167812146,0.0002460940558682588,0.00009427623936065462,0.000049907414031237065,0.000015557379666693812,NaN,NaN,NaN,NaN,NaN,NaN
2025-06-11T20:37:13Z,39.984394928497,-75.15425074581854,10.4040665301213,0.38935049786924425,-3.5057768672547676,-0.05811753581951536,0.9986796099290622,-0.06629019300617234,-1.6265240558082052,0.0,0.0,0.0,0.0,0.0,0.0,5.757207028116281e-14,1.1159527064067225e-13,1.530603887091849,0.12671467188435734,0.26063528479464393,0.00026018653799168726,0.00008680990371637478,0.000040843348802480594,0.000012251921024000366,NaN,NaN,NaN,NaN,NaN,NaN
2025-06-11T20:37:14Z,39.98438835027996,-75.1543006525042,10.54292198273693,0.4914803539758489,-3.304015395264759,-0.06629522661506719,0.9847643799811416,-0.18964018207676886,-1.306728978050648,0.0,0.0,0.0,0.0,0.0,0.0,6.352557320690677e-14,2.2547905061159843e-13,1.2815243649751713,0.13988261894179516,0.38223929201552453,0.00023766114629849528,0.00010136893486288682,0.00004715945865209894,0.000012811133989594368,NaN,NaN,NaN,NaN,NaN,NaN
2025-06-11T20:37:15Z,39.98437897586891,-75.15433440538341,11.139891756894716,0.8279812021703435,-2.0256996880251847,-0.14890873429009052,0.9926999228457025,-0.18758455107310273,-1.3395582689857382,0.0,0.0,0.0,0.0,0.0,0.0,5.3648938547960126e-14,2.799061680659168e-13,1.5126002263213012,0.07541778563344984,0.1832946807147452,0.00016614407369061046,0.000034961947873660034,0.000025906757316363007,0.00003165055995939872,NaN,NaN,NaN,NaN,NaN,NaN
2025-06-11T20:37:16Z,39.984374183166324,-75.15436091072293,11.909487035737355,0.7601549848149407,-1.000025025443479,-0.20014026278893587,1.0086582816389966,-0.20470682504007767,-1.330039755232404,0.0,0.0,0.0,0.0,0.0,0.0,5.463485092190655e-14,1.2279506921724776e-13,1.457035560812497,0.055414587801242046,0.065400604656058,0.00012030835816377925,0.000023093931048754472,0.0000209882014639258,0.000028709022333706318,NaN,NaN,NaN,NaN,NaN,NaN
2025-06-11T20:37:17Z,39.98437808863463,-75.15437034363504,13.255392454452556,0.2145333077078103,0.30903811342654697,-0.23677643637547935,1.0329426653677178,-0.22096638040696953,-1.3113003177364866,0.0,0.0,0.0,0.0,0.0,0.0,4.414492469835289e-14,8.380247944547405e-14,1.8394927385221305,0.004939084683230737,0.008718750445071895,0.000033977002163913495,5.877230177346771e-6,2.3589111761743447e-6,0.000012658101270659188,NaN,NaN,NaN,NaN,NaN,NaN
2025-06-11T20:37:18Z,39.984382190588285,-75.15437210391339,14.09390664811776,-0.008719969937499693,0.7200127029051502,-0.22374324941726792,1.0514272569001897,-0.20218203071804383,-1.3159638932413182,0.0,0.0,0.0,0.0,0.0,0.0,4.443570312332291e-14,7.610683333913096e-14,1.782007387915978,0.0002258311989079501,0.0004855755982600677,0.000019086622807648525,4.782704608160213e-6,1.0265627243048249e-6,6.354419647284269e-6,NaN,NaN,NaN,NaN,NaN,NaN
2025-06-11T20:37:19Z,39.98436463174003,-75.15428696533301,9.155262702736358,-0.018930165568602515,0.3581698386417969,-0.15189180045592193,1.0657052741479935,-0.1408707403152686,-1.3268072531019768,0.0,0.0,0.0,0.0,0.0,0.0,2.317359135976769e-14,2.5537768935008355e-14,1.0083243194526683,0.00015942819697332017,0.0002818422588902915,1.4851659585737708e-6,4.680208585502553e-7,2.614096511366256e-7,8.912208586743462e-8,NaN,NaN,NaN,NaN,NaN,NaN
2025-06-11T20:37:20Z,39.98436906606927,-75.1542735107725,6.254441376294073,-0.005965189795251759,0.18401221111232918,-0.14380128648416554,1.0686650857429065,-0.12448862344968296,-1.3211946813494566,0.0,0.0,0.0,0.0,0.0,0.0,3.110676619819385e-14,2.7174066460457873e-14,1.0949155200433969,0.00017007702018294958,0.0002841632686181174,5.597731347443395e-7,4.5590261865158313e-7,2.926135639035098e-7,3.231665216476166e-7,NaN,NaN,NaN,NaN,NaN,NaN
2025-06-11T20:37:21Z,39.984374317746,-75.15426288788748,2.967774144940702,0.013292759636671059,-0.015286095929763264,-0.14972876920934106,1.0709609970181078,-0.11275237313621961,-1.3218774273417777,0.0,0.0,0.0,0.0,0.0,0.0,2.5903704411675836e-14,2.6453724602355938e-14,1.0741621871453975,0.0001599414700372043,0.0002680876677367056,1.5497451152107397e-7,4.1492730700562287e-7,2.5232771865338286e-7,2.9665444363900104e-7,NaN,NaN,NaN,NaN,NaN,NaN
2025-06-11T20:37:22Z,39.98437658176081,-75.15426118420767,-0.03104502290765731,0.0011696776683081695,-0.03409140302864305,-0.155673682709322,1.0716803208499726,-0.11209622843667164,-1.3227683838073092,0.0,0.0,0.0,0.0,0.0,0.0,2.8074119010381558e-14,3.527612746657336e-14,1.1160259302004605,0.0001670172226215774,0.0002687725792406546,9.502363945276791e-8,4.1301240737260875e-7,2.563558301608839e-7,2.446669467929658e-7,NaN,NaN,NaN,NaN,NaN,NaN
2025-06-11T20:37:23Z,39.984380076505644,-75.15426260710971,-1.0392163366742442,0.002201877983654665,-0.025929681790870684,-0.16368964915367112,1.0717844568002621,-0.1122855779660921,-1.321111309101058,0.0,0.0,0.0,0.0,0.0,0.0,2.950281603837864e-14,3.0601170268427146e-14,1.2117916701344857,0.00016249532919189788,0.00027813904794404376,8.555377369000184e-8,4.32809924154066e-7,2.4851902783418586e-7,6.47301910738141e-8,NaN,NaN,NaN,NaN,NaN,NaN
2025-06-11T20:37:24Z,39.98438002408726,-75.1542607943598,-1.1378436978699384,0.13999619644375538,0.11081595591130819,-0.15573881400185619,1.0710762072322342,-0.12721520329842642,-1.2977363044840158,0.0,0.0,0.0,0.0,0.0,0.0,2.735568806710753e-14,2.4896306585929403e-14,1.2564211665905691,0.00016228367715881388,0.0002510150499770378,8.299254158897518e-8,3.91394818394481e-7,2.4912904392591393e-7,4.897154499694453e-9,NaN,NaN,NaN,NaN,NaN,NaN
2025-06-11T20:37:25Z,39.984387414049074,-75.15425830808299,-2.082860751955396,1.6179000777952588,0.3391668797932688,-0.13296035910026618,1.0852452101694627,-0.10461696709746024,-1.289231803638671,0.0,0.0,0.0,0.0,0.0,0.0,2.7874812804641834e-14,2.734391630276439e-14,1.1026340675628807,0.00014989376183214623,0.00026256900786869646,8.408423327357836e-7,3.785707785987898e-7,2.3064211549953538e-7,7.148015040184858e-8,NaN,NaN,NaN,NaN,NaN,NaN
2025-06-11T20:37:26Z,39.98439590564331,-75.15424553895025,-1.843303508085686,1.8006538278477564,0.46808927781025356,0.007723463181463895,1.1331576284602967,-0.06976446600156161,-1.2446529536251794,0.0,0.0,0.0,0.0,0.0,0.0,5.0342679775743285e-14,5.2205150418479093e-14,1.087124904418287,0.00151801556112647,0.003902454711627281,0.000012973396124641099,3.2191150967701553e-6,1.990318763808124e-6,0.00004464241061985904,NaN,NaN,NaN,NaN,NaN,NaN
2025-06-11T20:37:27Z,39.98441536187812,-75.15425223175848,-1.8746620631956308,1.672177256208069,0.46027402564071085,0.14893865862301575,1.164278738272941,-0.06248283601435225,-1.3169423742737196,0.0,0.0,0.0,0.0,0.0,0.0,6.209759002345039e-14,4.393132020331643e-14,1.1715781703054664,0.005666335611953733,0.011623973364582572,0.00003100116815433626,8.968417368632373e-6,5.268671766818299e-6,0.000057660063688656786,NaN,NaN,NaN,NaN,NaN,NaN
2025-06-11T20:37:28Z,39.98440210269925,-75.15427427406038,-1.5157974161193257,1.377914193885595,-0.4125360773046888,0.1763288921585909,1.1914206239853844,-0.0021233263584325432,-1.429044207006096,0.0,0.0,0.0,0.0,0.0,0.0,6.393588164843058e-14,4.274043607753225e-14,1.159862966447711,0.012101497887285604,0.01966246127457485,0.00003177701457494468,0.000014496440691964977,8.916192285411625e-6,0.000024011413413942115,NaN,NaN,NaN,NaN,NaN,NaN
2025-06-11T20:37:29Z,39.984411789706,-75.15430702381533,-1.4465114681780245,0.9654384702594739,-2.636385173434327,0.1304684482066108,1.208666922397035,0.026665419019948008,-1.3306449314120452,0.0,0.0,0.0,0.0,0.0,0.0,5.013430664311108e-14,3.787001353087575e-14,1.1654790871699396,0.014501871740038893,0.024331006340558774,7.127119784032143e-6,0.000017247165607441212,0.000010357296305599488,6.0294580435451495e-6,NaN,NaN,NaN,NaN,NaN,NaN
2025-06-11T20:37:30Z,39.98441876887153,-75.15436921930393,-1.899485816011173,0.5412731003622635,-5.126941479600518,0.16212365406695445,1.2285239841217237,0.09486929703201631,-1.3171875313107395,0.0,0.0,0.0,0.0,0.0,0.0,1.0733631644266716e-13,4.615391091267665e-14,1.0633380303647653,0.027768417524830443,0.035569266496878534,0.0000580217901243519,0.00002154905522214399,0.000014446089750294528,0.000028726079478588864,NaN,NaN,NaN,NaN,NaN,NaN
2025-06-11T20:37:31Z,39.98442750293325,-75.15446373920146,-2.366384920444137,0.28378759301573203,-7.928935083079003,-0.20339155058297487,1.2391849141318965,0.1446424048546076,-1.2683352184159107,0.0,0.0,0.0,0.0,0.0,0.0,9.871426488057922e-14,7.501428495714208e-14,1.2058224339637023,0.01682425152408121,0.0253662759227708,0.00011618299283143536,0.000010557653604435634,7.3411831297592585e-6,0.000036306043004935084,NaN,NaN,NaN,NaN,NaN,NaN
2025-06-11T20:37:32Z,39.98443460319439,-75.15457090397099,-2.092453693932319,0.10757235189475768,-8.712890603713738,-0.2004022605153492,1.2002755103232996,0.12355100267641947,-1.3509671835695012,0.0,0.0,0.0,0.0,0.0,0.0,8.024762916577762e-14,7.202563893905519e-14,0.9798010820454737,0.011493540468386793,0.013132090347508034,0.00009273740707869271,4.529475405033167e-6,4.064445418579804e-6,0.000033251008851139545,NaN,NaN,NaN,NaN,NaN,NaN
2025-06-11T20:37:33Z,39.984440662948046,-75.15467761857707,-1.709380345754666,0.16846658258250619,-8.890754182607788,-0.0961632635617933,1.1789659030099806,0.0286774083235686,-1.2928341635213334,0.0,0.0,0.0,0.0,0.0,0.0,5.96310085030689e-14,4.7094676766285696e-14,1.098283254585177,0.008092001338500555,0.006283373864117606,0.00006475269964745964,3.054378341604633e-6,3.141337969588422e-6,0.000022776455240228344,NaN,NaN,NaN,NaN,NaN,NaN
2025-06-11T20:37:34Z,39.984441604089206,-75.15477702243352,0.7092270386933143,0.20610803288450055,-8.757678680128842,-0.08665169077700778,1.1533557394859957,0.0401989995600552,-1.2991110093773834,0.0,0.0,0.0,0.0,0.0,0.0,6.737395454842329e-14,7.264846144821523e-14,1.2962756637231314,0.007944637295396087,0.006745246244221306,0.0000500036557742124,3.519362145714077e-6,3.660486677147591e-6,0.000018599343778906,NaN,NaN,NaN,NaN,NaN,NaN
2025-06-11T20:37:35Z,39.984459074788184,-75.15488151811634,-0.7032332710732297,0.5848794347422157,-8.81792811643745,-0.030201730720743235,1.1274509623920894,0.000697400742422759,-1.274603558255751,0.0,0.0,0.0,0.0,0.0,0.0,5.6824588480266444e-14,9.778744417513996e-14,1.1126511909446717,0.00809097715824614,0.008456173078390099,0.000044775536846222225,6.175728547850359e-6,6.090938133472586e-6,0.00001928522662877631,NaN,NaN,NaN,NaN,NaN,NaN
2025-06-11T20:37:36Z,39.984483387685685,-75.15497303461821,-0.7816630164766503,0.7038395092890298,-8.470043150835087,0.023572193231899477,1.1116508799543152,-0.014334371869359286,-1.291728359177483,0.0,0.0,0.0,0.0,0.0,0.0,5.1900290529202425e-14,6.342041531053669e-14,1.1814989740913717,0.006846834494560338,0.009637975501231215,0.00002963703895074243,7.308868953404099e-6,5.4184032862954645e-6,0.000016567525127033667,NaN,NaN,NaN,NaN,NaN,NaN
2025-06-11T20:37:37Z,39.98449372748294,-75.15505939878372,1.2855386023883393,1.2667706117875952,-8.104376688356066,-0.28070069263053715,1.0819483237278293,-0.017343059115193505,-1.2737545386399316,0.0,0.0,0.0,0.0,0.0,0.0,3.6474334940922886e-14,4.637168594952609e-14,1.1894463963663378,0.004845942822695999,0.006851792984711416,9.03738554602219e-6,5.500561445134211e-6,3.958067264151598e-6,4.155780050101092e-6,NaN,NaN,NaN,NaN,NaN,NaN
2025-06-11T20:37:38Z,39.984505548813864,-75.15514457125032,3.2992773889519498,1.2213425148128385,-7.822965038678093,-0.0018391045091293197,1.0875106335430889,0.011415898967322112,-1.348641864255116,0.0,0.0,0.0,0.0,0.0,0.0,3.103494226665753e-14,3.5755029332032006e-14,1.1166588635597794,0.0032947260983631995,0.0051623295558904415,1.6559011146592806e-6,4.394807170743065e-6,2.8357524549781987e-6,3.412775635741708e-6,NaN,NaN,NaN,NaN,NaN,NaN
2025-06-11T20:37:39Z,39.984508983377985,-75.15523471622875,4.2564234156595795,1.1674991496925873,-7.812150817822042,-0.04875902233840801,1.077456138832191,-0.04346568240247623,-1.3404274143669286,0.0,0.0,0.0,0.0,0.0,0.0,7.547645459864397e-14,4.047744075765369e-14,1.314694533663861,0.004717187380657291,0.005998462680831751,1.7362944741127194e-6,5.324480721608651e-6,3.3664975214304788e-6,3.0923378505363365e-6,NaN,NaN,NaN,NaN,NaN,NaN
2025-06-11T20:37:40Z,39.98452295125921,-75.15531850903685,5.36867284600129,1.4524634088870767,-7.641783609136228,-0.07578212182512842,1.074557770739389,-0.04525181212973362,-1.3558863622157065,0.0,0.0,0.0,0.0,0.0,0.0,7.445875152599198e-14,4.4502421590060484e-14,1.191063636322451,0.006094910080514374,0.009028788915059502,8.407284557334928e-7,8.451538798705207e-6,5.115478396270208e-6,1.375783354412805e-6,NaN,NaN,NaN,NaN,NaN,NaN
2025-06-11T20:37:41Z,39.984543777442454,-75.1554144408594,5.625560215918676,1.4313208501689891,-7.674939243477288,-0.020960455026684505,1.0747889567312954,-0.046737606023342156,-1.323315264698273,0.0,0.0,0.0,0.0,0.0,0.0,1.5767028423891206e-13,6.183110539895966e-14,1.1269498190173843,0.004293520584589292,0.005636234145316243,4.2055279871529426e-7,4.243607046205448e-6,3.359443063291333e-6,1.0616285299239704e-6,NaN,NaN,NaN,NaN,NaN,NaN
2025-06-11T20:37:42Z,39.98457421743287,-75.15550689097127,6.325384021019584,1.3197851016400726,-7.738983070178248,-0.025707233439326262,1.0776760892937953,-0.04281366419562805,-1.329038182718079,0.0,0.0,0.0,0.0,0.0,0.0,2.094930621948501e-13,5.625905200208087e-14,1.2041096181297013,0.00487204586863414,0.006768651331007431,2.537602949151145e-7,5.728665407371264e-6,4.098186778719962e-6,9.532804372699324e-7,NaN,NaN,NaN,NaN,NaN,NaN
2025-06-11T20:37:43Z,39.984599574408556,-75.1555970256582,6.4778394190676645,0.9075767734076905,-7.765804993536373,-0.10531872175980267,1.079267763138525,-0.0493595595808428,-1.3105300445307109,0.0,0.0,0.0,0.0,0.0,0.0,1.3910370631007738e-13,6.201053038161508e-14,1.1045501897621715,0.0028708325989716572,0.004914629576441831,7.907304924217154e-7,3.885432354262342e-6,3.397154198725104e-6,4.5673294164126203e-7,NaN,NaN,NaN,NaN,NaN,NaN
2025-06-11T20:37:44Z,39.98460792538617,-75.15568590605062,6.384467181521471,0.9946045567792908,-7.654642978048183,-0.008718231423277736,1.0699913435392563,-0.029523458718340084,-1.344481363170209,0.0,0.0,0.0,0.0,0.0,0.0,1.3892149465522209e-13,7.399638609884536e-14,1.1361836955383975,0.003072112582082793,0.004339597372472441,1.5281605845965276e-6,3.7425391377512506e-6,3.3567928482622453e-6,1.501407788931322e-6,NaN,NaN,NaN,NaN,NaN,NaN
2025-06-11T20:37:45Z,39.98461040763607,-75.15577995463849,6.631352357099385,1.0366963551185693,-7.499185869060147,-0.07680420842518645,1.0643628300397503,-0.024557015266924536,-1.325615223916353,0.0,0.0,0.0,0.0,0.0,0.0,1.8809091616805966e-13,6.215413115714498e-14,1.2822191981994076,0.0035930966613014655,0.005410502439778698,1.3549454636058753e-6,5.175107104395249e-6,3.526696669214023e-6,1.6915001015117793e-6,NaN,NaN,NaN,NaN,NaN,NaN
2025-06-11T20:37:46Z,39.98462887268228,-75.15586507342789,6.956577755709633,0.8918359937442436,-7.259567865083518,-0.07143371827344513,1.0600636536290924,-0.030706643116561336,-1.3435890292027102,0.0,0.0,0.0,0.0,0.0,0.0,1.308548099847741e-13,6.683923664029543e-14,1.1834531623792417,0.0026889206153371146,0.004564814143474146,9.119030829528493e-7,4.166902409995427e-6,2.2291909024612205e-6,1.3262462579193896e-6,NaN,NaN,NaN,NaN,NaN,NaN
2025-06-11T20:37:47Z,39.98464203801031,-75.15593775689679,7.482985275672552,0.8943419167036833,-6.642792909530578,-0.08191352446008184,1.0573623914779038,-0.10361887230866422,-1.3865733311385207,0.0,0.0,0.0,0.0,0.0,0.0,1.2274707891077583e-13,8.07644480037021e-14,1.0692726651339282,0.002034918368789793,0.0034083052239737557,6.665366296962845e-7,3.1861449750566128e-6,2.1158308243770043e-6,5.21053046877578e-7,NaN,NaN,NaN,NaN,NaN,NaN
2025-06-11T20:37:48Z,39.98464907445708,-75.15601820091463,8.35534996324108,1.4818238705210272,-6.365638924842584,-0.21211268364102862,1.057389652465323,-0.03640074163148063,-1.3616309052591518,0.0,0.0,0.0,0.0,0.0,0.0,4.913816604451805e-14,5.0955577297584674e-14,1.1987181131179403,0.0037071473556950373,0.006254379092218913,4.318576726420412e-6,5.878678055078947e-6,3.5437386845435167e-6,3.4580059198773747e-7,NaN,NaN,NaN,NaN,NaN,NaN
2025-06-11T20:37:49Z,39.98465702486874,-75.15609796866076,8.291116895539858,1.466918619452761,-6.790673066925396,-0.14397986229401732,1.0708214684037691,0.022335708530617473,-1.4956777721250811,0.0,0.0,0.0,0.0,0.0,0.0,5.996360863582182e-14,5.606015383542069e-14,1.2009696171357787,0.004328233914806977,0.005822597191251272,4.272491876392811e-6,4.984326669536481e-6,3.152192326753785e-6,4.658360061199246e-6,NaN,NaN,NaN,NaN,NaN,NaN
2025-06-11T20:37:50Z,39.98466087855117,-75.15617618069524,8.22800933863544,1.5984781569677522,-6.657197418786673,-0.05036532753648351,1.0914248613230917,-0.10556437838923553,-1.3948850637646144,0.0,0.0,0.0,0.0,0.0,0.0,6.454095473025668e-14,6.193430196951092e-14,1.2009535352818594,0.009409692915549108,0.014994907902441353,5.50521147195272e-6,0.00001196057294898908,7.517598732230171e-6,5.860628641637719e-6,NaN,NaN,NaN,NaN,NaN,NaN
2025-06-11T20:37:51Z,39.98467492509847,-75.15625192538596,7.935098408272481,1.7351228559257728,-6.405082139388173,-0.048288076632407945,1.0988796113793164,-0.03558662856113928,-1.3946465573096425,0.0,0.0,0.0,0.0,0.0,0.0,6.694319683827333e-14,9.528250072681817e-14,1.133662276810743,0.01631093699220729,0.033404949178839606,0.000014036889569382362,0.00002139370438482047,0.000012439499317020945,0.000013368639656248072,NaN,NaN,NaN,NaN,NaN,NaN
2025-06-11T20:37:52Z,39.98468676635934,-75.15631095473961,8.501480660278041,1.3595100191488216,-6.645582831066995,0.2871020958313849,1.1244633035761689,0.020398380528674143,-1.4734630404949536,0.0,0.0,0.0,0.0,0.0,0.0,7.209945675479157e-14,7.762781104851567e-14,1.1004349062550127,0.04120107171715975,0.07214175493002964,8.053558401866896e-6,0.00004519647462192219,0.000025663147857704424,0.000010303344062864475,NaN,NaN,NaN,NaN,NaN,NaN
2025-06-11T20:37:53Z,39.984695372702795,-75.15639230752811,9.035032350149987,1.3973213210887463,-7.335398305418296,-0.04257013114371914,1.1051758017261244,-0.04120786437469349,-1.4639812453926506,0.0,0.0,0.0,0.0,0.0,0.0,5.948728401301972e-14,5.2593221010767157e-14,1.3999193636751992,0.044970016252446,0.06287453987374877,5.9660046929517514e-6,0.000036346034480024156,0.000024689978057869974,6.571754039732024e-6,NaN,NaN,NaN,NaN,NaN,NaN
2025-06-11T20:37:54Z,39.98470496937653,-75.15647837721609,8.886732618255119,1.3853973619425433,-6.802895761759841,-0.35695159090818857,1.0697053063744109,-0.13146323262772108,-1.4074643284563786,0.0,0.0,0.0,0.0,0.0,0.0,5.158571489240973e-14,5.193129290527726e-14,1.3707060550619785,0.06310590619606726,0.07927212819728098,4.9262022911075455e-6,0.00004156125077254441,0.000032953440505748795,0.000012811272367783212,NaN,NaN,NaN,NaN,NaN,NaN
2025-06-11T20:37:55Z,39.98472309550503,-75.15656516940078,10.0299413266059,2.197621863122757,-6.852856658788632,-0.02036127444155983,1.0832800058830494,-0.038614757555262925,-1.3558735498672765,0.0,0.0,0.0,0.0,0.0,0.0,5.421171436980042e-14,6.996236190395755e-14,1.4158876905524118,0.030851343696795267,0.05089259716744695,5.176654793557685e-6,0.000019989335103733368,0.000013313388084602377,5.124232514615781e-6,NaN,NaN,NaN,NaN,NaN,NaN
2025-06-11T20:37:56Z,39.98473838305624,-75.15666786852177,10.971174759085114,2.1249198208215416,-7.466066900242431,-0.04857033984609964,1.0971663199413344,-0.04843286267630328,-1.31667064777346,0.0,0.0,0.0,0.0,0.0,0.0,4.541134129297919e-14,8.959125522601449e-14,1.4977150846840008,0.011927039486784623,0.023713079836489296,1.5178196553116958e-6,8.686685582440056e-6,5.590339890131918e-6,6.766625019607151e-6,NaN,NaN,NaN,NaN,NaN,NaN
2025-06-11T20:37:57Z,39.984748482006644,-75.15674939079942,10.753423518976245,2.1401430126930627,-7.884364395459208,-0.14448118343576904,1.0986961043383254,0.0011834901539666137,-1.3293295913611156,0.0,0.0,0.0,0.0,0.0,0.0,3.771907559015172e-14,4.04779052190257e-14,1.3797881732288129,0.011347459234719486,0.016918764445151675,8.029503841753821e-7,0.000011392329813422094,7.300389537801251e-6,8.085106897195671e-7,NaN,NaN,NaN,NaN,NaN,NaN
2025-06-11T20:37:58Z,39.984774136031426,-75.15686168314696,8.27178438852936,1.7944129283629875,-8.416704407236493,-0.26349996761390737,1.0983123625238873,-0.029100128733066433,-1.2929686113206482,0.0,0.0,0.0,0.0,0.0,0.0,1.2478829174969312e-13,1.2453064539191726e-13,1.2023187378739413,0.033865001132818956,0.04863467793833314,3.761902404595845e-6,0.000030111874707653497,0.00002031336607492726,6.218629377199871e-6,NaN,NaN,NaN,NaN,NaN,NaN
2025-06-11T20:37:59Z,39.98479510259168,-75.15697848152277,7.954849645064854,1.339616387322771,-9.122980884137442,-0.15013696231048945,1.1120299207025137,0.031124874746009806,-1.2936021767700747,0.0,0.0,0.0,0.0,0.0,0.0,1.1383575911014208e-13,7.497075881946055e-14,1.113714912091797,0.0375098235195475,0.054775933701109586,0.000021408801099784293,0.000035184593993004455,0.000024912124859187457,6.2763418908463575e-6,NaN,NaN,NaN,NaN,NaN,NaN
2025-06-11T20:38:00Z,39.98481342688982,-75.15709678276698,9.619023118970315,1.2455978175558196,-9.66807288008396,-0.18239325384551283,1.1048280787450548,0.02327187682709344,-1.3335377763266514,0.0,0.0,0.0,0.0,0.0,0.0,5.6007558151894704e-14,4.7169132593089396e-14,1.3044873218389026,0.002273171712048253,0.0036032281767776884,4.538800132795524e-6,2.4290434527383815e-6,1.7147811959738852e-6,2.9066234908816564e-6,NaN,NaN,NaN,NaN,NaN,NaN
2025-06-11T20:38:01Z,39.98482034907055,-75.15721430382737,8.966110370598361,1.0643224270308413,-9.701338377696526,-0.17005499961227133,1.093241701952374,-0.015839287462146336,-1.3362507417815805,0.0,0.0,0.0,0.0,0.0,0.0,8.780430168663968e-14,4.5528376974235246e-14,1.083561941108819,0.0022920005719339128,0.003677779366627723,7.218979551714437e-6,3.5406966647161333e-6,2.6217457048060556e-6,2.6090823907793707e-6,NaN,NaN,NaN,NaN,NaN,NaN
2025-06-11T20:38:02Z,39.98483436656852,-75.15733520548696,8.686148154021714,1.0714031256816254,-9.49863369217343,-0.13103542002280327,1.0722820086650493,-0.05094683959096518,-1.3120514184598628,0.0,0.0,0.0,0.0,0.0,0.0,8.818243057224345e-14,8.092599828284844e-14,1.2297743683861313,0.007539807992782238,0.01125554977476044,0.000017262389975716553,0.000010169886616678574,7.30507541920728e-6,3.839567398986035e-6,NaN,NaN,NaN,NaN,NaN,NaN
2025-06-11T20:38:03Z,39.98485381297473,-75.15743473545335,10.049833182448525,1.038792218708764,-9.04802256073797,-0.232607073362367,1.0403008211528681,-0.054122755619786585,-1.3153854554090143,0.0,0.0,0.0,0.0,0.0,0.0,1.139204322097316e-13,1.0310153813047436e-13,1.1966455682284531,0.007775024521759175,0.009776173456691656,0.000014501427877126429,9.260666026911685e-6,5.774659144801329e-6,2.424161859999204e-6,NaN,NaN,NaN,NaN,NaN,NaN
2025-06-11T20:38:04Z,39.98487124798239,-75.15755408098677,8.961533618425893,1.073451584064018,-9.303897861061685,-0.24320968345466523,1.0351361824516365,-0.00420115944136224,-1.2800123792544498,0.0,0.0,0.0,0.0,0.0,0.0,1.3229392496957403e-13,7.005043306572905e-14,1.2657373523587985,0.0025619644922974054,0.004921463186885819,8.336015701866247e-6,3.8057934046836304e-6,3.0107874670365855e-6,7.2784860228032026e-6,NaN,NaN,NaN,NaN,NaN,NaN
2025-06-11T20:38:05Z,39.98490068786835,-75.15765964647348,8.43303923748467,1.1920326869483682,-9.046856879797978,-0.3469335128172923,1.0446501712024863,-0.03477668684460989,-1.2950000161965023,0.0,0.0,0.0,0.0,0.0,0.0,9.959414261026808e-14,8.455759259525091e-14,1.3089147227573115,0.006483125449012198,0.0112175539482017,8.094554548971146e-6,9.32842917389721e-6,6.19379649996884e-6,8.054285846114109e-6,NaN,NaN,NaN,NaN,NaN,NaN
2025-06-11T20:38:06Z,39.984891161481904,-75.15775429595534,8.206079932527807,0.9240307690335846,-7.841514962119625,-0.2608039457347409,1.005019528123197,-0.0719261548256012,-1.3639050624474325,0.0,0.0,0.0,0.0,0.0,0.0,2.7874842046829556e-13,7.950460462035568e-14,1.1971716075212218,0.006802948537607097,0.010439683626948557,0.000011033091713174543,8.628066483850093e-6,5.978480091475546e-6,4.006991320959976e-6,NaN,NaN,NaN,NaN,NaN,NaN
2025-06-11T20:38:07Z,39.98488682691785,-75.15785039794432,9.084901696815068,1.2565880788964199,-7.467486676867947,-0.20423997007373063,0.9914429812547777,-0.028226029733120384,-1.3520565667039635,0.0,0.0,0.0,0.0,0.0,0.0,2.7966994945279623e-13,1.0898147353659316e-13,1.213387383700439,0.011349285452824636,0.02243970792411369,0.00001764888461109996,0.000015200367867983336,8.047673655975107e-6,6.792783002273379e-6,NaN,NaN,NaN,NaN,NaN,NaN
2025-06-11T20:38:08Z,39.9848977410533,-75.15794053025965,10.263800685806554,1.613706820389566,-7.072254916696683,-0.16843517364209468,0.9802478218874098,-0.012975328409842342,-1.473120781521334,0.0,0.0,0.0,0.0,0.0,0.0,1.8954580942434237e-13,1.4631718490859654e-13,1.2449439282089165,0.016304227821462795,0.02608069064211026,0.000015991574128648753,0.00001537346063860739,0.00001110782359530799,8.68494364022993e-6,NaN,NaN,NaN,NaN,NaN,NaN
2025-06-11T20:38:09Z,39.98491564181007,-75.15800822485467,10.635832311399463,2.5010944231748065,-6.389746295633806,-0.18190731231412688,0.9849306718291201,-0.0858464335500302,-1.3857053439006624,0.0,0.0,0.0,0.0,0.0,0.0,2.2752767916831766e-13,2.2562702439398132e-13,1.274986272074674,0.03965493220517951,0.05105872083236153,0.000016518517899631912,0.00003114126526976747,0.00002195943743172029,0.000013909257099157282,NaN,NaN,NaN,NaN,NaN,NaN
2025-06-11T20:38:10Z,39.984926148358454,-75.15807722273685,10.093733029383845,0.1944292409437577,-5.229348332976865,-0.13986289128957502,0.9588730510054007,-0.08935311575963376,-1.48895568640613,0.0,0.0,0.0,0.0,0.0,0.0,2.6596512074041873e-13,1.999444240486739e-13,1.6357652835792265,0.03250559181906204,0.042209733100537106,0.00007215425606094419,0.00002535858511853189,0.000016079788564461687,0.00004775396398226964,NaN,NaN,NaN,NaN,NaN,NaN
2025-06-11T20:38:11Z,39.98492888040587,-75.15812981666285,10.970999428800848,0.9535043093803894,-3.7086775061554293,-0.23240258785091925,0.9967873520727034,-0.11661008879958645,-1.6839198692169293,0.0,0.0,0.0,0.0,0.0,0.0,1.1542444056322135e-13,1.1006835128283659e-13,1.2762074854072691,0.022983436145588832,0.046134140835723675,0.00008780131273678013,0.000022280872368259956,9.15820243723744e-6,0.00010202053444557902,NaN,NaN,NaN,NaN,NaN,NaN
2025-06-11T20:38:12Z,39.98494898214459,-75.15817469603287,12.323559842196778,2.9424007775008034,-3.9251654254501047,-0.266580383665163,1.0272188405408689,-0.12214056813868417,-1.4184225405176913,0.0,0.0,0.0,0.0,0.0,0.0,5.705060979466777e-14,7.828104313091829e-14,1.436102213583935,0.010863783615652522,0.020383582183807848,0.000015687968537204537,9.070239873087003e-6,4.756571187691438e-6,0.000030276054841006905,NaN,NaN,NaN,NaN,NaN,NaN
2025-06-11T20:38:13Z,39.98498292583491,-75.15822071548607,14.157325517616506,3.4600684675258044,-2.584168615172781,-0.2916501405843378,1.0398863667388105,-0.0664756038357608,-1.3815421062953297,0.0,0.0,0.0,0.0,0.0,0.0,3.297375987754474e-14,6.597118436614861e-14,1.3799911110857728,0.018577835876058983,0.0523080358540293,0.00016860039586132018,0.000024821390245639133,0.000011698265094280155,0.0001345237426200333,NaN,NaN,NaN,NaN,NaN,NaN
2025-06-11T20:38:14Z,39.98498784282328,-75.15819193910045,10.832808246556752,2.746746109092171,-1.8514751574355102,-0.10688003247860772,1.1293565638059349,-0.1445690351834687,-1.3389297207774111,0.0,0.0,0.0,0.0,0.0,0.0,6.502895520528514e-14,1.5130229157858067e-13,1.2955481882253708,0.03209344478513458,0.0945741285016118,0.00018916049365021412,0.000030390529037965534,0.000012367769027943575,0.0002110446754297906,NaN,NaN,NaN,NaN,NaN,NaN
2025-06-11T20:38:15Z,39.98500476302052,-75.15818894289173,12.702626800901237,2.1595642938539052,-0.47723534612810065,-0.23514793870660533,1.149641993669771,-0.15153592796369028,-1.3962012264225916,0.0,0.0,0.0,0.0,0.0,0.0,3.2191333321628044e-14,5.382606447190283e-14,1.2652598250117606,0.04208081346935412,0.10843045444336825,0.0002667431362252918,0.00004572610319100653,0.000016916450315444024,0.00017830500488293788,NaN,NaN,NaN,NaN,NaN,NaN
2025-06-11T20:38:16Z,39.98501105430668,-75.158184649696,13.182999751918976,0.979942001821071,-0.5017028381799161,-0.1812336991464596,1.1741942592426446,-0.12370012603064544,-1.3752404604506598,0.0,0.0,0.0,0.0,0.0,0.0,8.072295171185627e-14,1.0044306772600131e-13,1.2193600738263732,0.10867674939176622,0.14775787718356506,0.00037411409616662516,0.00005017153796816858,0.00003824962198617587,0.00019375743849415938,NaN,NaN,NaN,NaN,NaN,NaN
2025-06-11T20:38:17Z,39.98501516307443,-75.15824703792046,13.521704332536748,0.6242836573374793,-4.667753922067012,-0.11372760498968025,1.208295746933802,0.04171086586872886,-1.2884746538483374,0.0,0.0,0.0,0.0,0.0,0.0,1.1453003930510074e-13,1.5615580104868714e-13,1.3748013396706633,0.030137975496031904,0.03428161788486642,0.00003102181494503196,9.272572058592715e-6,8.63424620199992e-6,0.0002288493009822943,NaN,NaN,NaN,NaN,NaN,NaN
2025-06-11T20:38:18Z,39.98501022261943,-75.15833285330027,14.21012561705213,-0.3922908895265547,-6.771495894298354,-0.14025705419451867,1.2109741294177074,0.0516074812653487,-1.286895805921343,0.0,0.0,0.0,0.0,0.0,0.0,1.0883271869666046e-13,1.3226438529929728e-13,1.320660076741859,0.01773216916521241,0.020606331417001,0.00003738519991934248,0.000014553902525077986,9.451143173557101e-6,0.00015969011976944982,NaN,NaN,NaN,NaN,NaN,NaN
2025-06-11T20:38:19Z,39.9850052274097,-75.15841857648188,14.687489497908222,-0.8278234764200436,-7.203852924863131,-0.1642765811601529,1.1841642093015285,-0.024178341649856987,-1.2600178452077064,0.0,0.0,0.0,0.0,0.0,0.0,1.4226234344184668e-13,1.285285133170061e-13,1.4571869613782809,0.025253272123868718,0.030605295279601007,0.00009649174235042207,0.00001777661810835841,0.000010933703356800156,0.000170059033366496,NaN,NaN,NaN,NaN,NaN,NaN
2025-06-11T20:38:20Z,39.98499774934709,-75.15850136871623,15.837032765259444,-1.0038515635317633,-7.795764689941627,-0.07875451498894209,1.154830982923193,0.050116079412491764,-1.2361870445963088,0.0,0.0,0.0,0.0,0.0,0.0,1.789026092965911e-13,1.2505318535051852e-13,1.7773758667993627,0.03020736855349471,0.03497353064167099,0.00013300292313145318,0.00001586786455868497,0.000011684356131647915,0.00013522744122000207,NaN,NaN,NaN,NaN,NaN,NaN
2025-06-11T20:38:21Z,39.9850090674156,-75.1586026741851,15.60375060984154,-0.7157569009983542,-8.802390586656042,0.07090883322134779,1.1132642213487216,-0.0045391428784563245,-1.248978605797505,0.0,0.0,0.0,0.0,0.0,0.0,2.282224121031931e-13,1.860676589695711e-13,1.5340917898266977,0.015792371115438554,0.02685628683594541,0.00011274637672582359,0.000010663843667021094,5.897943272817896e-6,0.00009348505356062104,NaN,NaN,NaN,NaN,NaN,NaN
2025-06-11T20:38:22Z,39.98502231722149,-75.1587169562325,16.012433410688022,-0.6085238691077935,-9.374006644461792,-0.1337231165009966,1.1013263047902606,0.050371174527743284,-1.2194396066455409,0.0,0.0,0.0,0.0,0.0,0.0,1.3307738725716257e-13,1.2916490777555209e-13,1.498206195614279,0.012102593055314869,0.019892819281935856,0.00008447680520370289,0.00001039198002852146,6.824522720425822e-6,0.0000694251126477731,NaN,NaN,NaN,NaN,NaN,NaN
2025-06-11T20:38:23Z,39.98503142905143,-75.1588256445298,16.24743345066055,-0.482436643082132,-9.393294910542101,-0.12177782556538748,1.0503010469980465,0.020522121935973796,-1.1851418685601078,0.0,0.0,0.0,0.0,0.0,0.0,5.25242201774263e-14,6.925249660360901e-14,1.8252895636854007,0.007918520552098173,0.014222038917867733,0.00007174829147374041,7.584063269735636e-6,4.93886467575153e-6,0.00003163262594035832,NaN,NaN,NaN,NaN,NaN,NaN
2025-06-11T20:38:24Z,39.98503413366874,-75.15892509812649,15.893521812195159,0.12070384266112268,-8.641789099167184,-0.1073728883121193,1.0190143301704988,-0.012968656231224535,-1.3189906505255948,0.0,0.0,0.0,0.0,0.0,0.0,7.34939718208072e-14,8.612332763979046e-14,1.9497721922827842,0.010852732318750787,0.018628641861346024,0.00004443308985657367,0.000012263940668539472,6.335135374392219e-6,0.00002663089739582071,NaN,NaN,NaN,NaN,NaN,NaN
2025-06-11T20:38:25Z,39.985042537755724,-75.15901425776777,15.391978030684264,0.44031408970530206,-7.260736604812399,-0.219726640588585,0.9746074372993494,-0.14275867600997,-1.2742561466749205,0.0,0.0,0.0,0.0,0.0,0.0,9.1646646068559e-14,7.484952201247218e-14,1.3462788159778987,0.013107928822909625,0.019926867205309107,0.000021982423978357306,0.00001557063292101854,9.115798763196512e-6,0.000030454725241752558,NaN,NaN,NaN,NaN,NaN,NaN
2025-06-11T20:38:26Z,39.98505699808433,-75.15909050481183,15.630751179213364,1.0175396501494842,-6.090687383809423,0.016517138554856856,1.0109121140885486,-0.09819799617314069,-1.0211902352929034,0.0,0.0,0.0,0.0,0.0,0.0,9.379297680041657e-14,7.23861417262042e-14,1.393140899754735,0.01505377600765021,0.023198672348662557,6.059880689727951e-6,0.000015430687083647582,0.000010040399170316245,0.000022893905124280643,NaN,NaN,NaN,NaN,NaN,NaN
2025-06-11T20:38:27Z,39.98507226724235,-75.15914274428366,15.564545069473986,1.7218340353734622,-4.939097971855561,-0.04954877751287821,1.010172617680548,-0.03083340763368803,-1.028966326726421,0.0,0.0,0.0,0.0,0.0,0.0,1.1970420702388077e-13,8.367060869439045e-14,1.4612690438625118,0.03358723680066854,0.04898892963575352,0.00009192129452309946,0.00002862387644578092,0.00001892510202195692,0.00006542484145978579,NaN,NaN,NaN,NaN,NaN,NaN
2025-06-11T20:38:28Z,39.98507480351452,-75.15919642526251,15.517585884999987,0.5263161072288088,-3.5647380886516102,-0.010754655577263756,1.0137321640178472,-0.2766619822261454,-0.8950466256811436,0.0,0.0,0.0,0.0,0.0,0.0,1.3886723172435994e-13,8.395721247553738e-14,1.5366976504942684,0.018588209370567196,0.01875453813849282,0.00004679918538258588,8.867645575310142e-6,7.322364701765567e-6,0.0000295753014994437,NaN,NaN,NaN,NaN,NaN,NaN
2025-06-11T20:38:29Z,39.985082697237324,-75.15925977844374,15.856340829261871,0.7637057434822551,-5.64537606817011,0.4441297437072183,1.1488456832864795,0.23883307443241358,-1.1539883486707454,0.0,0.0,0.0,0.0,0.0,0.0,1.302228911790198e-13,1.0570791212620858e-13,1.4361539349949874,0.011725397191184228,0.01473059388242315,0.00008159397372800338,7.421267387095814e-6,5.338738162701957e-6,0.00002140072622428678,NaN,NaN,NaN,NaN,NaN,NaN
2025-06-11T20:38:30Z,39.985089475752815,-75.15933082190648,16.17748334758131,-0.6701884301143868,-5.924622728183512,0.47062198519055365,1.1980071745459933,-0.15462840160992392,-1.2068310454663447,0.0,0.0,0.0,0.0,0.0,0.0,1.7852791881286144e-13,1.761266600722444e-13,1.530459669544894,0.007384572550877506,0.010074143737199249,4.8592433125150794e-6,6.332913468060719e-6,5.144988354921637e-6,0.00003367763024202174,NaN,NaN,NaN,NaN,NaN,NaN
2025-06-11T20:38:31Z,39.9850741907084,-75.15941013227517,17.154388163081048,-2.9174558525607193,-7.173981786968598,0.15411435729764386,1.2009952613201194,-0.10048036520412332,-1.0792990641529792,0.0,0.0,0.0,0.0,0.0,0.0,1.144189474588818e-13,2.277060307437677e-13,2.0368332613252185,0.012115415153745512,0.014399640415977875,0.00009540192633805615,0.000010896160725668814,9.094897994143397e-6,0.00005469797189454131,NaN,NaN,NaN,NaN,NaN,NaN
2025-06-11T20:38:32Z,39.98505674005967,-75.15951894255865,17.201722925031543,-5.186584806917019,-8.490888291198527,-0.22722838879026783,1.1918797337699099,-0.05159551667288054,-1.0964542288274708,0.0,0.0,0.0,0.0,0.0,0.0,1.7746383060003034e-13,1.5091687222029142e-13,1.876160387487861,0.01877851763110937,0.04766215197726161,0.00024773461853291623,0.000022260022618270508,9.003192421398675e-6,0.00013106590519526773,NaN,NaN,NaN,NaN,NaN,NaN
2025-06-11T20:38:33Z,39.985019392181066,-75.15962168282142,16.577121943316477,-6.32968163597707,-9.125585585108405,-0.33287923045648854,1.162475498289438,-0.010292146712808495,-1.099252138123922,0.0,0.0,0.0,0.0,0.0,0.0,1.307822739480636e-13,1.4114218537603494e-13,1.6186335335927629,0.02381330847915151,0.09967199293907653,0.00023438566158577787,0.000029363872187331598,5.3101128601584755e-6,0.0002588505459123457,NaN,NaN,NaN,NaN,NaN,NaN
2025-06-11T20:38:34Z,39.98497098368806,-75.1597057731415,16.531221336917742,-7.6255990079157385,-9.152558798434946,-0.2669486690318385,1.098843422161602,-0.005077150924762805,-1.1682693359948924,0.0,0.0,0.0,0.0,0.0,0.0,7.685188435097845e-14,9.958858401808325e-14,1.739920626589418,0.027655657831421324,0.1534351462251383,0.00014618189306122412,0.000035192759799679165,6.01073357476821e-6,0.0003429402398091168,NaN,NaN,NaN,NaN,NaN,NaN
2025-06-11T20:38:35Z,39.9849065986927,-75.15977953711679,16.641637395998078,-8.712262500647578,-8.2884332821565,-0.09730197755146826,1.0821668349838147,-0.025421658823053524,-1.145345643631713,0.0,0.0,0.0,0.0,0.0,0.0,8.442641304327732e-14,1.8399422809201458e-13,1.4812534199806835,0.03710078262363792,0.23579582466288374,0.000110251646826527,0.00004005361551003654,7.499463570907647e-6,0.0004291713137404009,NaN,NaN,NaN,NaN,NaN,NaN
2025-06-11T20:38:36Z,39.98484785623664,-75.15982755820947,16.74644051381168,-7.449465506617117,-5.6271206474118225,0.07008051809930321,1.0220368093587502,-0.002909159845743492,-1.2027600390605433,0.0,0.0,0.0,0.0,0.0,0.0,7.467798557119751e-14,2.216486780869015e-13,1.412284581084744,0.016386990990463632,0.11720497529796169,0.00006325733287394565,0.000020355970365508724,4.151871589441254e-6,0.00023629444400647583,NaN,NaN,NaN,NaN,NaN,NaN
2025-06-11T20:38:37Z,39.984820339683154,-75.15988437366865,17.111397227427833,-4.212916440642304,-3.0536564016209087,0.08949949444478877,0.9204838492826634,-0.02255375957981903,-1.2221941625610522,0.0,0.0,0.0,0.0,0.0,0.0,1.164825694201631e-13,2.8176930687798945e-13,1.546537214687513,0.013014720401590607,0.04936755676955188,0.00007192265036472191,0.000030887895743212064,7.352705204366629e-6,0.00028164172775581835,NaN,NaN,NaN,NaN,NaN,NaN
2025-06-11T20:38:38Z,39.984812851972436,-75.15990778419312,18.016924610927827,-2.5583185679230183,-1.231709956951079,-0.11154676931993843,0.8953108286964829,-0.04074880504672411,-1.2104596301908592,0.0,0.0,0.0,0.0,0.0,0.0,1.0462673641537956e-13,1.0191640457491735e-13,2.135668803968707,0.030649895614360254,0.07054276014278556,0.00019505290773549327,0.000039382653246083464,0.000019923347922226022,0.00010873152507347958,NaN,NaN,NaN,NaN,NaN,NaN
2025-06-11T20:38:39Z,39.98483233336161,-75.15989786195217,16.4247980213421,-0.16673254568770313,0.284927034473876,-0.30522324920691934,0.8710348285537179,-0.04105221463113392,-1.234130359468492,0.0,0.0,0.0,0.0,0.0,0.0,1.0736497959021633e-13,7.631468524709367e-14,1.3425875329424999,0.05458890158167422,0.04785959439258962,0.00020034176693423068,0.00002074494074181083,0.00002336595979081995,0.00009967865153601667,NaN,NaN,NaN,NaN,NaN,NaN
2025-06-11T20:38:40Z,39.984864253293914,-75.15989418799498,16.98043915706921,1.2015257611018906,1.0358368399780158,-0.3491028290699695,0.886367588453123,-0.02672869456842516,-1.2515744306783958,0.0,0.0,0.0,0.0,0.0,0.0,5.129877232835541e-14,7.62302663487121e-14,2.0347360430103616,0.00022838682004898544,0.00047013019864307023,0.000025716617818110106,2.9726154909642956e-6,7.365533337573087e-7,0.000025391420829287533,NaN,NaN,NaN,NaN,NaN,NaN
2025-06-11T20:38:41Z,39.98487926844271,-75.15988488819555,16.78563147409352,0.8619912686116111,0.7260006326653993,-0.14311057278727207,0.9718927041614202,0.011575472053087914,-1.253008445308168,0.0,0.0,0.0,0.0,0.0,0.0,5.877929648883858e-14,8.786232599268528e-14,1.7582158669544352,0.00019574487399790522,0.00046504082054850144,0.000013996932870362995,1.6239298906582135e-6,4.213931237581942e-7,0.00001560698327072934,NaN,NaN,NaN,NaN,NaN,NaN
2025-06-11T20:38:42Z,39.98490187726371,-75.15987094115822,16.31611610008512,2.083013909508332,0.6405536499207344,-0.1081318250878312,1.0337709360156535,-0.0059931863762256255,-1.2048669965980772,0.0,0.0,0.0,0.0,0.0,0.0,7.173587661759514e-14,8.83694050923258e-14,1.3520446974271951,0.00018226901023456988,0.00037253544373555916,6.958097262709729e-6,6.133478294135142e-7,3.9232756514849613e-7,0.00001002277545116551,NaN,NaN,NaN,NaN,NaN,NaN
2025-06-11T20:38:43Z,39.98493999479113,-75.15984233797646,17.4424820189597,2.867743932017362,1.009867799374382,-0.024096969893141792,1.0720970420938487,-0.029712196623259014,-1.2601707447977257,0.0,0.0,0.0,0.0,0.0,0.0,6.299681758968356e-14,7.321489897519294e-14,2.3108869296157146,0.0012887459115263598,0.0028537856425867843,0.000027961105496678513,3.203969385778909e-6,1.964232264641854e-6,7.249157748442983e-6,NaN,NaN,NaN,NaN,NaN,NaN
2025-06-11T20:38:44Z,39.98497517321087,-75.15981980068669,16.85797676777162,3.4176950172628255,1.342425282371521,0.009664926488850267,1.0974259058065383,-0.12056539922370724,-1.2039665411901679,0.0,0.0,0.0,0.0,0.0,0.0,4.5805781537454505e-14,7.235829328427435e-14,1.7700440190927766,0.004733968338913803,0.01641130633604755,0.00006418773897793008,0.000014528659596211094,5.196663959100468e-6,8.378652680370259e-6,NaN,NaN,NaN,NaN,NaN,NaN
2025-06-11T20:38:45Z,39.985013707134904,-75.15980231750879,17.446095440924143,3.1825980548541,0.5199132777240472,0.027315829440749236,1.1131152996680111,0.02859158541327172,-1.2512901138642751,0.0,0.0,0.0,0.0,0.0,0.0,4.4725425788124544e-14,7.271771868860081e-14,2.453287722513851,0.012733671898961577,0.04216867210383714,0.00004616681442702647,0.00003094461403536018,0.000010673337693245457,4.733432843523799e-6,NaN,NaN,NaN,NaN,NaN,NaN
2025-06-11T20:38:46Z,39.98503177396071,-75.15977658340847,16.857983321053027,2.4931017363522456,0.7144447152372324,0.022344435967176234,1.1040357401649186,-0.04562739171681173,-1.3149787175742422,0.0,0.0,0.0,0.0,0.0,0.0,4.6663166679814464e-14,7.112158822987651e-14,1.3678013669025202,0.04506884436019129,0.10514981347024795,0.000018228119878962353,0.00006580368832742631,0.00003162433685113982,0.000013432222522299502,NaN,NaN,NaN,NaN,NaN,NaN
2025-06-11T20:38:47Z,39.98503081092175,-75.15974855396328,17.890862314818005,2.113304048960378,0.8094118394129604,-0.02485401561747688,1.107355518272803,-0.0381659435031284,-1.1742146061830245,0.0,0.0,0.0,0.0,0.0,0.0,5.145979026602168e-14,5.733298214952775e-14,1.2981730956295119,0.09693102199491667,0.17526949423090135,2.4055255083715335e-6,0.00009363196967845483,0.000054797468084055495,0.00003769045187276311,NaN,NaN,NaN,NaN,NaN,NaN
2025-06-11T20:38:48Z,39.985051316199545,-75.15978717984699,18.842120245150912,2.317579390006448,-3.358583196541459,-0.122135030442747,1.1322048276346597,0.08369457154883146,-1.2008144812191963,0.0,0.0,0.0,0.0,0.0,0.0,8.042263181711306e-14,1.285785863866828e-13,2.3638761904020007,0.04500263403243453,0.08380213071093393,0.000028315346328448483,0.000026217908519006337,0.000017750364010634946,0.0000112741278758621,NaN,NaN,NaN,NaN,NaN,NaN
2025-06-11T20:38:49Z,39.98506242124912,-75.15985379266677,19.390995529712207,0.06845945324064612,-5.75075175579221,-0.4519516124070606,1.1379431032653942,0.11684734756262498,-1.267821655439087,0.0,0.0,0.0,0.0,0.0,0.0,1.1126040135706628e-13,1.3154671868894972e-13,2.081806963803666,0.026574788737722243,0.045692751615406216,0.0001540473196323049,0.00001574982081977829,9.865149113090713e-6,0.000015192541712825408,NaN,NaN,NaN,NaN,NaN,NaN
2025-06-11T20:38:50Z,39.98508525364681,-75.15992744499063,19.12112533408937,-0.1338136190861568,-5.847209094982088,-0.3818465755748428,1.0945639888085286,0.00017232698656893792,-1.2638620890418166,0.0,0.0,0.0,0.0,0.0,0.0,2.6135430379294385e-13,1.688982357944434e-13,2.089858396500373,0.013189770333006416,0.021081485620792463,0.00013789291379097624,7.127471607498158e-6,6.466986983406981e-6,0.00004062667963462244,NaN,NaN,NaN,NaN,NaN,NaN
2025-06-11T20:38:51Z,39.98511917876484,-75.1599987815745,17.705946059523914,-0.048916097305417496,-5.529508155947421,-0.14918126370747403,1.0699813033717245,0.053341499948875465,-1.282956721746927,0.0,0.0,0.0,0.0,0.0,0.0,1.3679950676548718e-13,1.5536963125283885e-13,1.8173139855298872,0.011766949915114153,0.01615126098156358,0.00010976244686122098,7.621028204963711e-6,5.2753266934774575e-6,0.000018772261700446797,NaN,NaN,NaN,NaN,NaN,NaN
2025-06-11T20:38:52Z,39.98512935381123,-75.16005600629295,16.777652680280347,-0.4764982712610503,-4.856565726585813,-0.14445455858911263,1.0547022226721081,-0.03427696066920428,-1.2834797518353662,0.0,0.0,0.0,0.0,0.0,0.0,9.895664671804885e-14,1.39089808903429e-13,1.6665572372475415,0.008751075632654851,0.013709130831829225,0.00007385918966441141,9.709569667756524e-6,5.365973050528943e-6,0.000014122445922562674,NaN,NaN,NaN,NaN,NaN,NaN
2025-06-11T20:38:53Z,39.98513788554621,-75.16010905387583,16.617069740828903,-1.1173735488542635,-4.4773006112081735,-0.028275751511331486,1.028835298755997,0.03339531515117852,-1.4997389543105826,0.0,0.0,0.0,0.0,0.0,0.0,1.0729364658579823e-13,1.939844119981862e-13,1.6535923215829205,0.005640810700951769,0.011286979741445092,0.00008712292740924922,0.000011410390073825736,4.581265086110101e-6,0.00001740325654249897,NaN,NaN,NaN,NaN,NaN,NaN
2025-06-11T20:38:54Z,39.98514031439305,-75.16013639428701,16.94774068722657,-1.2943343623924217,-2.75159932365649,0.05850196439509271,0.9873377154530235,-0.24926633980798824,-1.1218442981266998,0.0,0.0,0.0,0.0,0.0,0.0,1.2279136296770506e-13,1.640060597435448e-13,1.632332782502868,0.008404982800533044,0.018222997518535428,0.00005385684334216166,0.000014304445063971968,5.871471943578332e-6,0.000012632313938365303,NaN,NaN,NaN,NaN,NaN,NaN
2025-06-11T20:38:55Z,39.98515010626478,-75.16016472680771,17.09898747728592,-0.3212536398698693,-2.731729602345341,0.026608974547473328,1.0547717042748237,-0.013322119754598346,-1.5382264964248915,0.0,0.0,0.0,0.0,0.0,0.0,9.87302339176471e-14,9.207840823167173e-14,1.5235807678363738,0.012515082426789267,0.022546974319306145,0.000032364701374283275,0.000017381874852707332,8.395846912606327e-6,6.983143106968901e-6,NaN,NaN,NaN,NaN,NaN,NaN
2025-06-11T20:38:56Z,39.985162138592294,-75.16017524819061,17.209568753602202,0.8965026159558496,-0.9457422574064313,-0.07308013252004268,1.041656517041569,-0.12313881510485121,-1.3852280422255694,0.0,0.0,0.0,0.0,0.0,0.0,1.108829151689064e-13,1.1067309602939159e-13,1.5582486081325722,0.018574703052418526,0.02958695264701611,0.00003116513307168553,0.000017111589242077155,0.00001063601528382111,0.000016741174475458788,NaN,NaN,NaN,NaN,NaN,NaN
2025-06-11T20:38:57Z,39.985173383738136,-75.16017366180212,17.49276306030761,-0.24195598412464572,0.24953351179417815,-0.16863136002029847,1.0323320743523279,-0.19559169993088,-1.2089222634341126,0.0,0.0,0.0,0.0,0.0,0.0,7.64976108011547e-14,9.223098324642669e-14,1.815490455999199,0.011702810695157323,0.017704192371808838,0.0000367177627442612,0.000010074686649207249,6.210892478433396e-6,0.00002165793960822687,NaN,NaN,NaN,NaN,NaN,NaN
2025-06-11T20:38:58Z,39.985174152550584,-75.16017323569889,16.850283162714078,-0.38402460612561207,0.17510586706628858,-0.15657698340565232,1.0540258073871183,-0.1488516059766382,-1.1603758412765575,0.0,0.0,0.0,0.0,0.0,0.0,8.804585361664767e-14,1.4228707342610836e-13,1.5700384669752339,0.010185792145289746,0.015533737497657497,0.000042254133119719206,8.006792730114803e-6,5.55081446700235e-6,0.000014807246531282096,NaN,NaN,NaN,NaN,NaN,NaN
2025-06-11T20:38:59Z,39.98516928139151,-75.16018146263431,16.48619611419714,-0.5523430203200623,-0.43707331225221646,-0.07805645053040797,1.0650777009948582,-0.0023193771458445223,-1.3256782296758818,0.0,0.0,0.0,0.0,0.0,0.0,1.2058639459534924e-13,1.4549408775582583e-13,1.5158693624790405,0.02853769699828932,0.02948589679163579,0.00009770076448788092,0.000017448703565693355,0.000015267203579711263,0.000015436466981288642,NaN,NaN,NaN,NaN,NaN,NaN
2025-06-11T20:39:00Z,39.98516741133323,-75.16018887724758,16.43657129021227,-0.7605233469844426,-0.9369112638223553,-0.07828569074506048,1.0677421013471384,-0.042089376694414274,-1.4025726531892118,0.0,0.0,0.0,0.0,0.0,0.0,2.5794312336422595e-13,1.3429793415212755e-13,1.595798159833929,0.039952280738178934,0.0339800443383421,0.0000660220244753182,0.000017414580183783364,0.000015432116929103418,0.000016307748629015067,NaN,NaN,NaN,NaN,NaN,NaN
2025-06-11T20:39:01Z,39.98518666457179,-75.16022142196908,16.833697735670643,-0.3942352674873767,-2.1414518686135855,-0.058646495329634334,1.067781331218246,-0.07232270976191316,-1.0627754626542916,0.0,0.0,0.0,0.0,0.0,0.0,1.6621520871828694e-13,1.3422130125856876e-13,1.7251734256492064,0.013648942365697704,0.022535947239352927,0.0000205161881571358,0.00001088145724777392,7.823034590631972e-6,0.000011118181557790696,NaN,NaN,NaN,NaN,NaN,NaN
2025-06-11T20:39:02Z,39.98518590979937,-75.16024669226684,16.61049528012759,-0.6174634308945932,-1.9436022206491594,-0.028741763621601697,1.047264553370621,0.12461228358703219,-1.5747126300438137,0.0,0.0,0.0,0.0,0.0,0.0,1.0117945097155291e-13,1.966685885743839e-13,1.5990008363563915,0.01815649045065777,0.03170292705426285,0.00004937725607683688,0.000017138943072667797,0.000011179600497467519,0.000013131185397901745,NaN,NaN,NaN,NaN,NaN,NaN
2025-06-11T20:39:03Z,39.985164846226176,-75.16028638138049,17.40223804195625,-0.8832663304617463,-2.599515785144441,-0.14142717163247936,1.0635967005791025,0.10548839272736824,-1.49761149204375,0.0,0.0,0.0,0.0,0.0,0.0,1.5232229608682866e-13,1.1238213644160674e-13,2.0602022319803632,0.02893701387986777,0.03877071846304661,0.00006142192400087319,0.000026326671496868047,0.000014586371055004465,0.000015052190965983369,NaN,NaN,NaN,NaN,NaN,NaN
2025-06-11T20:39:04Z,39.98517599527396,-75.16029072570926,16.77149803286215,-1.090899972439294,0.13657036760815142,-0.2505322656843546,1.0653773281800147,-0.0036289521060117887,-1.539062976011571,0.0,0.0,0.0,0.0,0.0,0.0,1.520746904879024e-13,1.1117186664113934e-13,1.7027831030971443,0.009516685031600153,0.014743750131986987,0.00003560888033989071,0.000010192644586296031,6.396495371686616e-6,8.242008548067444e-6,NaN,NaN,NaN,NaN,NaN,NaN
2025-06-11T20:39:05Z,39.985177010140156,-75.16030302765657,16.14690849058869,-0.40924437794083385,-2.0436798991397174,-0.3323853012730332,0.9803425444129227,0.25362617545955135,-1.9457454715208227,0.0,0.0,0.0,0.0,0.0,0.0,1.734801720070615e-13,1.0493494934690223e-13,1.5443302155596799,0.0081802373799659,0.016489186093755725,0.000022256446844896817,0.000012733977034841612,5.3471917141856735e-6,0.00001540790364287464,NaN,NaN,NaN,NaN,NaN,NaN
2025-06-11T20:39:06Z,39.9851933752242,-75.16030604331395,16.354953625461427,0.7786346464085113,-0.03214016107537155,-0.38030946295748336,1.0716923751827974,0.13391315342090812,-2.21459149701177,0.0,0.0,0.0,0.0,0.0,0.0,1.7321185318291702e-13,1.3363696936575048e-13,2.033755653693492,0.006899690306080407,0.013606876850068393,8.55194826560516e-6,0.000010643812450537595,5.654489066431126e-6,0.000011021911875514158,NaN,NaN,NaN,NaN,NaN,NaN
2025-06-11T20:39:07Z,39.98520815048909,-75.16030991685449,16.251887807947607,0.6952612535496703,0.7927158470078447,0.17055294750927855,1.1650168678529553,-0.2265959241307323,-1.876714172042502,0.0,0.0,0.0,0.0,0.0,0.0,9.141194461847081e-14,1.3715641224514705e-13,1.7204779952336813,0.013878011059980768,0.02273766063282193,7.511681715324218e-6,0.000015906137456586396,0.000010511679349063672,0.000028507015982185112,NaN,NaN,NaN,NaN,NaN,NaN
2025-06-11T20:39:08Z,39.98520936035719,-75.16029977870599,16.964049237634807,-0.06314237830059395,1.5889532374255273,-0.2965605070156985,1.1541046803419084,-0.28871284199899366,-1.4648077583040546,0.0,0.0,0.0,0.0,0.0,0.0,8.653391195794667e-14,1.4494790932177608e-13,1.8709307468270358,0.022719701442273345,0.03399320387356749,0.00003086803402761714,0.00002258190331973804,0.000014607099042730437,0.00002911804139783903,NaN,NaN,NaN,NaN,NaN,NaN
2025-06-11T20:39:09Z,39.9852127794853,-75.16028764926948,16.884985849308567,0.8506661039880689,1.4281579331793421,-0.18156930592186163,1.1179339717706056,-0.23358264471454057,-1.0834825696634802,0.0,0.0,0.0,0.0,0.0,0.0,8.606126472575812e-14,1.0308530416956812e-13,1.6816441399391777,0.03767736978411327,0.049433268677026944,0.0000736479406114582,0.000029186989396097797,0.00001944854475658876,0.000043218298277054584,NaN,NaN,NaN,NaN,NaN,NaN
2025-06-11T20:39:10Z,39.985228114847736,-75.16027921398074,18.456401271650805,0.9221043873568061,1.2297446446551419,-0.22202727603021538,1.1442622605706165,-0.02870706733180916,-1.1066353498158858,0.0,0.0,0.0,0.0,0.0,0.0,5.4109465689114194e-14,6.67671218717488e-14,2.6060263270196113,0.06320221726622265,0.07764279904458454,0.0002363708451671598,0.00003996968566136126,0.00003224905063356111,0.000028420501455130396,NaN,NaN,NaN,NaN,NaN,NaN
2025-06-11T20:39:11Z,39.98523315477803,-75.16029107718954,17.71422481663037,0.38381716735254423,-1.7202901806509554,-0.015603508087294835,1.1615302846324673,0.09809724320936326,-1.2311166855676254,0.0,0.0,0.0,0.0,0.0,0.0,8.662243441202727e-14,1.0952314894169608e-13,1.7660349741775985,0.05644703805549367,0.08516199112345849,0.00008196619991243109,0.000025574901166605686,0.00002091468756149388,0.00003463762951626768,NaN,NaN,NaN,NaN,NaN,NaN
2025-06-11T20:39:12Z,39.985236222797646,-75.16033331015224,17.139945559583385,-0.28847717598122175,-3.865381853527579,-0.4103172743990841,1.1625673087388264,0.05918885129992027,-1.215470802163261,0.0,0.0,0.0,0.0,0.0,0.0,1.1950279381656259e-13,1.7977727412250547e-13,1.4900243345399469,0.01768893359241942,0.03738762907715939,0.00006200677319006636,0.000012834578651502382,6.963548755692871e-6,0.00004314791181157996,NaN,NaN,NaN,NaN,NaN,NaN
2025-06-11T20:39:13Z,39.98524526857347,-75.16039576253115,16.960301990081724,-0.6245438327138854,-4.196900024223316,-0.10156770522380167,1.1316870207848702,-0.07264804179701255,-1.0671777012304529,0.0,0.0,0.0,0.0,0.0,0.0,1.4041871815803937e-13,2.9710909274986984e-13,2.020503939900464,0.015007110104516275,0.021411004501346073,0.00011962422513309582,0.000012410681953145045,7.1143477511603305e-6,0.0000527768429640682,NaN,NaN,NaN,NaN,NaN,NaN
2025-06-11T20:39:14Z,39.98525185645968,-75.1604582349501,17.46946968408773,-0.7808704866644246,-5.087070862769723,-0.0801798730555874,1.1321783206339275,0.016873352503588165,-0.8108789739565678,0.0,0.0,0.0,0.0,0.0,0.0,1.2607435878337293e-13,2.336327900598027e-13,2.368113190385753,0.012961942434344339,0.013437930049215223,0.00010732442365552062,0.000010101433450450597,5.55474952079989e-6,0.00006434046236517529,NaN,NaN,NaN,NaN,NaN,NaN
2025-06-11T20:39:15Z,39.98525466889493,-75.16052590279284,16.894334367141965,-0.46448722449573143,-5.819195449685004,-0.018713682991098324,1.177361302409559,0.032275444918867635,-0.7665882430539114,0.0,0.0,0.0,0.0,0.0,0.0,1.5352658367462e-13,3.4955553971205143e-13,1.7963353555783035,0.0173881688435126,0.022128222616558463,0.00012790776607248683,0.000013910374826371925,7.590190928976669e-6,0.00005159022404145622,NaN,NaN,NaN,NaN,NaN,NaN
2025-06-11T20:39:16Z,39.985273867837684,-75.16061592408846,17.032963223211354,1.1689184873407046,-5.493356829694948,-0.03849154138260048,1.117311176291487,0.16249045695836947,-0.9332605923872285,0.0,0.0,0.0,0.0,0.0,0.0,1.1735874499774765e-13,1.5538738154373907e-13,1.6798179277374545,0.008939018246468653,0.012081645987305767,0.000039933038613364946,7.303407585467794e-6,6.028254863804763e-6,0.000022113300908344513,NaN,NaN,NaN,NaN,NaN,NaN
2025-06-11T20:39:17Z,39.98528317488719,-75.16066881210826,17.30197166292153,0.8871130647379933,-5.097771154378886,-0.04005951976969977,1.1188869132328756,0.0521411788474027,-1.2129017262680712,0.0,0.0,0.0,0.0,0.0,0.0,8.23088166998567e-14,1.5003055037324408e-13,1.7202386117777935,0.014307640663264027,0.021528463009171193,0.000058215974426492245,0.000014415167319783827,0.000010314521318888455,0.00003400790403840356,NaN,NaN,NaN,NaN,NaN,NaN
2025-06-11T20:39:18Z,39.98528742484695,-75.16072238286289,16.803303026408113,0.3520579342250009,-4.863877902952363,-0.009536712984402347,1.10427159154793,-0.0024436151906152403,-1.1335775406229065,0.0,0.0,0.0,0.0,0.0,0.0,9.807909199679471e-14,1.449978588296802e-13,1.62848792568631,0.013301243435909296,0.0173391367412588,0.00006265086635467746,0.000012122414324264816,8.448630629068887e-6,0.00004744898967059326,NaN,NaN,NaN,NaN,NaN,NaN
2025-06-11T20:39:19Z,39.98529294998565,-75.16076928977344,16.499671700476906,-0.2519328562136477,-3.7600714464767377,-0.09663721794255026,1.0914130915917417,-0.1598136678933841,-1.078511273175322,0.0,0.0,0.0,0.0,0.0,0.0,1.0828359425181763e-13,1.3650541181661211e-13,1.5691186147021599,0.011533514880659844,0.01577236770912742,0.000043381541208229535,9.899228263838503e-6,8.09848989183463e-6,0.00004322079225039696,NaN,NaN,NaN,NaN,NaN,NaN
2025-06-11T20:39:20Z,39.98529790803661,-75.16081414806112,16.12765824963218,-0.2741535419309597,-3.4775244698955037,-0.056806270729925515,1.0832186388369207,-0.034223274783204,-1.0600263845763689,0.0,0.0,0.0,0.0,0.0,0.0,1.1174517416301394e-13,1.3701713713291474e-13,1.4700826468672514,0.009043977616095829,0.013163878017558145,0.000021803821765550997,9.181295327429938e-6,6.946157494316632e-6,0.0000628518693789341,NaN,NaN,NaN,NaN,NaN,NaN
2025-06-11T20:39:21Z,39.985301424595114,-75.16085357577016,16.58146286355338,-0.39602045710465944,-4.039694464572643,-0.06016523222325018,1.0855049784854367,-0.03299169350771367,-1.071456455788008,0.0,0.0,0.0,0.0,0.0,0.0,8.911398556945319e-14,9.701577200901349e-14,1.8162655746935976,0.014171386753205263,0.020961506115200108,0.000026071706534719543,0.000014334287466899557,0.000010211972918308185,0.00007485606413471794,NaN,NaN,NaN,NaN,NaN,NaN
2025-06-11T20:39:22Z,39.98529794827977,-75.16089382160305,16.418882563624752,-0.6809130024064859,-3.379425924175197,-0.1315086396433964,1.0685416068844034,-0.09878659956551392,-1.1508319138630476,0.0,0.0,0.0,0.0,0.0,0.0,9.400598023468635e-14,2.0041740700083275e-13,1.6248991953808074,0.02278409725965887,0.037545931127138464,0.00003108311548892891,0.000020208269847230742,0.000012924299341418388,0.00009585734247458184,NaN,NaN,NaN,NaN,NaN,NaN
2025-06-11T20:39:23Z,39.985291291554375,-75.16093032535373,16.528652422449003,-0.8084705871047849,-3.3533597725891857,-0.08009960812318817,1.060205554132059,-0.06636074509630747,-1.0513417590265488,0.0,0.0,0.0,0.0,0.0,0.0,1.6617475819672674e-13,1.879372714340398e-13,1.6508393845802638,0.03232425937750753,0.03741764114592753,0.000044691766596846125,0.000020897059593926904,0.000013869138022330358,0.00008402078980258126,NaN,NaN,NaN,NaN,NaN,NaN
2025-06-11T20:39:24Z,39.98528333595877,-75.16098345767317,16.950695104832917,-0.7131700780414546,-3.876021802351324,-0.08151259820350357,1.0365996247362963,-0.0004965594631714236,-1.1661326201742275,0.0,0.0,0.0,0.0,0.0,0.0,1.6395051625691125e-13,2.4791535223935837e-13,1.830526199339087,0.023438670930910625,0.045052520465038506,0.00005238313974648624,0.0000207873472354155,0.000010966183791584379,0.00009870985595064141,NaN,NaN,NaN,NaN,NaN,NaN
2025-06-11T20:39:25Z,39.98529451059012,-75.1610345699073,16.899979982343023,0.2884473229442288,-4.17465462371524,-0.006764383920917942,1.0196877693974213,-0.004225636736859331,-1.158088358879948,0.0,0.0,0.0,0.0,0.0,0.0,1.3109124266872432e-13,2.0804991911122578e-13,1.7819885466235996,0.006075509487172508,0.01215035320765202,0.000014683415610691565,8.474595299423155e-6,4.141477308570659e-6,0.00009739164254194253,NaN,NaN,NaN,NaN,NaN,NaN
2025-06-11T20:39:26Z,39.985294472402806,-75.16109473291887,17.135961003340167,0.3799742605188313,-4.24387544046874,0.0037997993622097097,1.0076802170937085,-0.00046510412777488517,-1.2383125927455538,0.0,0.0,0.0,0.0,0.0,0.0,1.3278528708917688e-13,1.6694504208245526e-13,2.038653205027517,0.008426286645161735,0.01438849453843355,0.000010429079346904907,0.000012795896904732453,6.7368581617226555e-6,0.00010359875729025899,NaN,NaN,NaN,NaN,NaN,NaN
2025-06-11T20:39:27Z,39.98530033656022,-75.16114837570372,18.44082181629929,0.3145885496903049,-3.480273277493723,-0.032881101459617056,0.9898713382087199,-0.10694724767877128,-1.0408547647699204,0.0,0.0,0.0,0.0,0.0,0.0,1.0766058735272588e-13,1.0396469016351136e-13,2.9506155727763095,0.007489624612618834,0.011753419064879516,5.0201247876981566e-6,0.000010404521064254689,6.426046789076324e-6,0.00008770048825657524,NaN,NaN,NaN,NaN,NaN,NaN
2025-06-11T20:39:28Z,39.98530201503198,-75.16118368233145,17.821657110583708,-0.24304161123506,-3.3034826947676965,-0.00593663519879204,0.9927384730966663,-0.02908866048543573,-1.123775245581344,0.0,0.0,0.0,0.0,0.0,0.0,1.0717306090644432e-13,8.06973371991535e-14,2.392111961530707,0.017158196316937015,0.03123449774728961,0.000015923839637503842,0.00002462436875718353,0.00001274692342099677,0.00005620871346696628,NaN,NaN,NaN,NaN,NaN,NaN
2025-06-11T20:39:29Z,39.98529157950757,-75.16121003532984,18.23706882081677,-1.0433489536721559,-2.7281919672762753,0.10198711336078552,0.9822758710576311,-0.06935876815004151,-1.1864473938864641,0.0,0.0,0.0,0.0,0.0,0.0,1.0620217524232504e-13,9.690562628183374e-14,3.0743863466976715,0.019796801247971025,0.033468578077750076,0.00004300096976269927,0.000021165941530502314,0.000012061868119586922,0.00006186803541296742,NaN,NaN,NaN,NaN,NaN,NaN
2025-06-11T20:39:30Z,39.98530125284404,-75.16122193417954,18.51197289957073,-0.09159831761710303,-1.3676829822528827,-0.03518840914189588,0.9717179000868227,-0.06668614069739756,-1.1693073459010899,0.0,0.0,0.0,0.0,0.0,0.0,1.1317535664042334e-13,1.0894369333263046e-13,2.8881638300802663,0.01951190625272762,0.034086564415710306,0.000033476636287778694,0.000020114069604285796,0.00001065448016994169,0.00008909402109496852,NaN,NaN,NaN,NaN,NaN,NaN
2025-06-11T20:39:31Z,39.9853112079319,-75.16123631181976,17.48456987535181,0.4153169330522396,-0.3492090921217822,-0.09627656792050804,0.9656339362470581,-0.10848767144319395,-1.1432146425270922,0.0,0.0,0.0,0.0,0.0,0.0,1.3537203520390159e-13,1.949131597813274e-13,2.331653819421184,0.027706150327069887,0.058474755484646875,0.00005591131170924816,0.00002729597079174673,0.000014013805345090469,0.00014329806515042028,NaN,NaN,NaN,NaN,NaN,NaN
2025-06-11T20:39:32Z,39.985314503793774,-75.16123786027238,16.563112280456146,0.5464419719706043,0.32856842178727413,-0.14446248412727863,0.9773007754191968,-0.09318826672351266,-1.1632890350931924,0.0,0.0,0.0,0.0,0.0,0.0,2.633337627407887e-13,1.5268174567810008e-13,1.6822770281416963,0.024244130170017614,0.037136997798357024,0.00006909317034870446,0.000017071098651007668,0.00001123421573546806,0.00017106301429616614,NaN,NaN,NaN,NaN,NaN,NaN
2025-06-11T20:39:33Z,39.9853277224731,-75.16124640937768,16.275388623341826,0.4453978325836803,0.484561274592071,-0.1467437341407721,0.9965794251693539,-0.08527554458230871,-1.164594227504121,0.0,0.0,0.0,0.0,0.0,0.0,1.5160999491385968e-13,2.1381539618786952e-13,1.8125993210616687,0.012821779987924812,0.018242073432053776,0.00005036016711959903,8.257945633623475e-6,6.812927023521237e-6,0.0001816768160581597,NaN,NaN,NaN,NaN,NaN,NaN
2025-06-11T20:39:34Z,39.98532317848553,-75.16124827772168,16.471838633334833,0.34125259017322007,0.40743877512283155,-0.130485298879315,1.012084320852463,-0.07611789831555779,-1.163768993890605,0.0,0.0,0.0,0.0,0.0,0.0,1.5247370726539444e-13,2.0196461789195177e-13,1.8690890372324296,0.013411996071631922,0.01754408478531715,0.00004602972429293519,0.000010849819153143183,8.104492161140976e-6,0.00014813308490458868,NaN,NaN,NaN,NaN,NaN,NaN
2025-06-11T20:39:35Z,39.98533333539871,-75.16126590893559,16.337294022126233,0.21815770161677872,0.25956826903437535,-0.1178542851359548,1.0256147883912772,-0.06634373989900393,-1.174548972662661,0.0,0.0,0.0,0.0,0.0,0.0,1.319301436202222e-13,2.783304479496528e-13,1.944627663326737,0.012722171356700637,0.01618788412620261,0.00003311889990419183,0.000010846550317930146,7.510546378470818e-6,0.0002263699623798664,NaN,NaN,NaN,NaN,NaN,NaN
2025-06-11T20:39:36Z,39.985330466704326,-75.16127408305647,16.136419034403254,-0.02048686433369784,0.20801216757046123,-0.11744848097905325,1.0352917298230435,-0.05276322291060075,-1.1807256982168668,0.0,0.0,0.0,0.0,0.0,0.0,1.2915407640858684e-13,3.3174352634115075e-13,1.8189149919982748,0.000342902423450198,0.0006120309744704688,0.000014197511915939812,6.519972596622536e-6,3.980062304108916e-6,0.00021415730377685187,NaN,NaN,NaN,NaN,NaN,NaN
2025-06-11T20:39:37Z,39.98535526725141,-75.1612190405234,11.715481436317274,0.015434798293645125,0.07249452338513608,-0.13075415323679035,1.0390856881743147,-0.035374442455229436,-1.144331009182298,0.0,0.0,0.0,0.0,0.0,0.0,7.419181641840197e-14,4.0119971440747994e-14,1.082289958636716,0.00015890407452363403,0.0003010560277870072,1.9930815671835213e-6,7.194821500555581e-7,3.2680135988278694e-7,3.358316629399425e-6,NaN,NaN,NaN,NaN,NaN,NaN
2025-06-11T20:39:38Z,39.98536500341558,-75.16122453056249,8.702172073393317,0.1340034492481444,0.06589666975744066,-0.14041063082779234,1.04147222107965,-0.02495591546766082,-1.1336229016399533,0.0,0.0,0.0,0.0,0.0,0.0,6.907834845507567e-14,3.868944078439673e-14,1.1025765448641278,0.00016893235726096541,0.0002739887175801454,7.556234909417385e-7,4.4498186845429384e-7,2.915409749327105e-7,1.2713896764228514e-6,NaN,NaN,NaN,NaN,NaN,NaN
2025-06-11T20:39:39Z,39.98536737310203,-75.16121158397442,5.688603675214949,0.8256029440384175,0.9437599545449281,-0.14985922544903213,1.0504186787376981,-0.11583259449559409,-0.9390745851312631,0.0,0.0,0.0,0.0,0.0,0.0,3.3985924663910397e-14,4.329200097251049e-14,1.1230182894855434,0.00016957686829673568,0.0002916905384586533,1.7099429698854462e-6,4.3486678999134807e-7,3.023867929214296e-7,1.6934214079605542e-6,NaN,NaN,NaN,NaN,NaN,NaN
2025-06-11T20:39:40Z,39.98537269112562,-75.1612024706435,3.5970936146177013,1.2301818204820878,1.6228883983814943,-0.14833326074118652,1.085823360313501,-0.08723847292819363,-1.1552115910289922,0.0,0.0,0.0,0.0,0.0,0.0,4.872294011700168e-14,5.907508434355617e-14,1.150493534998898,0.0017809740314153268,0.003783521197573093,0.00001787643871283159,4.211235665431267e-6,2.4011158726366505e-6,0.000026070999915271733,NaN,NaN,NaN,NaN,NaN,NaN
2025-06-11T20:39:41Z,39.985385529632985,-75.16120066777822,2.2307080097664036,1.5737666697102097,0.39946703423694907,-0.055303533291347205,1.156983327594753,0.002601939012333703,-1.1422614303745557,0.0,0.0,0.0,0.0,0.0,0.0,4.4410876620515593e-14,5.941228479257043e-14,1.09635354713079,0.006161954733443662,0.009910081944786441,0.00004024700482663598,7.87697454045499e-6,5.728108655388141e-6,0.00003895508213413818,NaN,NaN,NaN,NaN,NaN,NaN
2025-06-11T20:39:42Z,39.98539721106305,-75.16121868546206,1.922447859377014,1.4602682495728403,-1.1486533444345672,0.16222518044080347,1.2133289711483297,0.026215210860145985,-1.1721317105922353,0.0,0.0,0.0,0.0,0.0,0.0,5.98072625818698e-14,5.978658001144088e-14,1.1239849506475967,0.01374330027121926,0.019624403485530864,0.00004430466196685136,0.000013018165531689233,9.409528596781868e-6,0.00005579621406077579,NaN,NaN,NaN,NaN,NaN,NaN
2025-06-11T20:39:43Z,39.985402975308546,-75.16126959347218,1.8690935076305166,0.7802127436494266,-3.307493457648119,-0.06147453722424378,1.224011774553586,0.01677287966464969,-1.192474135686538,0.0,0.0,0.0,0.0,0.0,0.0,4.747070281677297e-14,9.202277838531998e-14,1.152196550350245,0.00900756512854666,0.015148647467803086,0.000018236932903181344,8.87051426621144e-6,6.39322129334729e-6,0.000034263130118079655,NaN,NaN,NaN,NaN,NaN,NaN
2025-06-11T20:39:44Z,39.9853931809576,-75.16133687353607,1.5654319921883721,-0.07778992286791145,-5.142318715959438,-0.16173519107001583,1.2530781495829153,0.039928708575153196,-1.1094884484219938,0.0,0.0,0.0,0.0,0.0,0.0,8.134624779551477e-14,4.9793457809966094e-14,1.1009256915221095,0.020450039118919898,0.018547388443005096,0.00006109450032373475,0.000012215638398486822,0.000011090498858969374,0.000047175245583940135,NaN,NaN,NaN,NaN,NaN,NaN
2025-06-11T20:39:45Z,39.985378259808726,-75.16139641262642,4.509986465614139,-0.7113449463347811,-5.885865470023955,-0.1973828773909708,1.2334535266122428,0.10111618783068646,-1.1871029930921313,0.0,0.0,0.0,0.0,0.0,0.0,6.640277256614739e-14,6.941196263945339e-14,1.5124796378228809,0.06359146964446463,0.05787522979923139,0.00020324801566038974,0.000027527264462485422,0.00003185565797840954,0.00011263807498075853,NaN,NaN,NaN,NaN,NaN,NaN
2025-06-11T20:39:46Z,39.98536518882258,-75.16145082404168,5.054786079897906,-1.2563098986551935,-6.238231702533339,-0.256114425288995,1.2191354219398824,0.02610698539739054,-1.1947924794638227,0.0,0.0,0.0,0.0,0.0,0.0,6.081494186446932e-14,7.397009927617235e-14,1.017179741234804,0.10941755268631968,0.08019424236630752,0.00038218219179224204,0.000032936747539109265,0.000043785260266221906,0.0001787464938062633,NaN,NaN,NaN,NaN,NaN,NaN
2025-06-11T20:39:47Z,39.98534774007708,-75.16151108363088,5.253607587346115,-1.527153994717533,-6.276461266328195,-0.16487594663617416,1.1820181658118791,0.03337887818105505,-1.219210063133255,0.0,0.0,0.0,0.0,0.0,0.0,1.3381005672883816e-13,1.3052560685667424e-13,1.1525805485526632,0.1321730391232154,0.1023983575409455,0.0002948805690260664,0.000027499443569349676,0.00003954780134491393,0.00020687669900033525,NaN,NaN,NaN,NaN,NaN,NaN
2025-06-11T20:39:48Z,39.985330239064595,-75.16159351857151,7.31747086535802,-0.6188809550099761,-8.11301763601172,-0.3422882465864241,1.1525808104263653,0.10762006019502297,-1.2190727953062876,0.0,0.0,0.0,0.0,0.0,0.0,1.3409763873238004e-13,7.700482052707354e-14,1.3602861364854186,0.060465900988069636,0.05183194580839371,0.00017350471635178678,0.000015949730117189423,0.000017556296443162003,0.00007352564290653692,NaN,NaN,NaN,NaN,NaN,NaN
2025-06-11T20:39:49Z,39.985313776748654,-75.16168101637682,7.750119824172048,-0.779502093032623,-8.060980674229898,-0.3286097290847059,1.1245225222493331,0.02775187649319964,-1.219395171621109,0.0,0.0,0.0,0.0,0.0,0.0,1.7523667955842168e-13,9.907932067621244e-14,1.354092125718817,0.12256185072604765,0.08146855199806902,0.0003204192657332639,0.00002830368331433516,0.00003599783054852598,0.00007048784505991136,NaN,NaN,NaN,NaN,NaN,NaN
2025-06-11T20:39:50Z,39.9852695152981,-75.16176132195581,8.96319850514347,-1.343527651490485,-7.130058186983057,-0.1753387193577363,1.1071981423767245,-0.009554408474884446,-1.1972073076584582,0.0,0.0,0.0,0.0,0.0,0.0,2.0974631926943329e-13,7.436260076762372e-14,1.133846413644283,0.14220513375924176,0.06291268371198391,0.00019951795629974007,0.000026787719559224057,0.00004120434596792274,0.000023523338204349693,NaN,NaN,NaN,NaN,NaN,NaN
2025-06-11T20:39:51Z,39.98526715451001,-75.16186223992138,9.872482818382988,0.08702845285343047,-7.973713330376529,-0.2863250810425462,1.070894549198369,-0.003311816004502555,-1.2209734938896437,0.0,0.0,0.0,0.0,0.0,0.0,2.4636267340393047e-13,1.2224906502473587e-13,1.4082585270295778,0.047453848686876424,0.03867800918412574,0.00009269020980943076,0.000013140970051784106,0.00001194234038626319,0.000021283142044153694,NaN,NaN,NaN,NaN,NaN,NaN
2025-06-11T20:39:52Z,39.985264318623386,-75.16195992424257,10.796765221416988,0.9361314467137598,-8.202692761522401,-0.2703849651993501,1.0502199353285955,0.048194041832219585,-1.2135925620945063,0.0,0.0,0.0,0.0,0.0,0.0,1.6438214763136817e-13,1.0742500623761886e-13,1.7115866285927006,0.06799463179124728,0.05647246623080735,0.00010719457745441046,0.000027825344794600964,0.000030451010585273882,0.000017277134307815182,NaN,NaN,NaN,NaN,NaN,NaN
2025-06-11T20:39:53Z,39.98528516090825,-75.16205643301515,12.25013062620367,1.7612611761436525,-8.596873628628513,-0.34727930802727064,1.0452806944843636,0.02328174343692533,-1.215891685279185,0.0,0.0,0.0,0.0,0.0,0.0,2.2526867403822677e-13,1.9399024248246534e-13,2.3871136906242847,0.06897928634776822,0.10079942730120693,0.00015344013036062135,0.00004120538776331302,0.00003934919844614503,0.00004540902333605228,NaN,NaN,NaN,NaN,NaN,NaN
2025-06-11T20:39:54Z,39.985285428537345,-75.16213894664712,14.22978582551678,1.3573497690087957,-7.855768351878397,-0.3426633806646738,1.0575072809847212,-0.028280335021451584,-1.2087699226258244,0.0,0.0,0.0,0.0,0.0,0.0,9.684595624393657e-14,1.4800744452934483e-13,3.2277364274276095,0.1272964350101935,0.10708260470798882,0.00012576733718767594,0.000047468510839603766,0.00006052397518466129,0.00005452396044754594,NaN,NaN,NaN,NaN,NaN,NaN
2025-06-11T20:39:55Z,39.985292358052185,-75.16222943343885,14.982263369291985,1.0566714226501999,-7.288093733614893,-0.15026769778529064,1.060250249839665,-0.0469860491430096,-1.1911645840458176,0.0,0.0,0.0,0.0,0.0,0.0,1.0231398781420283e-13,2.428283796137149e-13,2.178574666932623,0.1442499319840039,0.14474977744901715,0.00009860012905035838,0.0000623339372798109,0.0000669373212854494,0.00009136797906191361,NaN,NaN,NaN,NaN,NaN,NaN
2025-06-11T20:39:56Z,39.985314272392976,-75.16236705876727,14.124220312133657,0.7304223459607961,-7.659296397027586,-0.03233918168380309,1.0861999271217528,-0.017853141978725673,-1.1734193127509602,0.0,0.0,0.0,0.0,0.0,0.0,8.796960950355066e-14,1.7990740963465755e-13,1.5834641876827362,0.11992430388238552,0.1538511630279844,0.00004430794446583338,0.000058912520498983515,0.00004335520369209494,0.00004638902330993377,NaN,NaN,NaN,NaN,NaN,NaN
2025-06-11T20:39:57Z,39.98530844669602,-75.16246620732707,15.22493721201072,0.3390030212774623,-7.882875896372183,-0.00659268543034241,1.0941745778938143,-0.025163127494774572,-1.260990463535403,0.0,0.0,0.0,0.0,0.0,0.0,1.0724801504985344e-13,2.5354114630141447e-13,1.370646057698466,0.1672082159464114,0.27473370229717986,0.0000710295693416422,0.0000986515704001626,0.00005806713076039289,0.00003152906733131105,NaN,NaN,NaN,NaN,NaN,NaN
2025-06-11T20:39:58Z,39.98529953538531,-75.16256999950221,15.718295766431098,-0.09216614054290655,-8.034992218535514,-0.023065259339930897,1.104207025132059,-0.15486159181895628,-1.0987028817569133,0.0,0.0,0.0,0.0,0.0,0.0,1.0889061632718662e-13,2.62506822017362e-13,1.517076015773659,0.17076912201883135,0.284450635051428,0.00010108406721640907,0.00010947790937219733,0.00005827911906239789,0.00003544886303943753,NaN,NaN,NaN,NaN,NaN,NaN
2025-06-11T20:39:59Z,39.985303230559275,-75.16268937755636,16.352096124305444,0.17853584562851021,-8.850518320005225,0.19659796205984276,1.1231099270714857,0.08895145545925957,-1.1062736249009375,0.0,0.0,0.0,0.0,0.0,0.0,1.453567783244699e-13,3.758430394156445e-13,1.6271081455978607,0.24992489694836437,0.37982412934351345,0.00012267646397015006,0.00011286191489512112,0.00007623369666208522,0.00004015626970260565,NaN,NaN,NaN,NaN,NaN,NaN
2025-06-11T20:40:00Z,39.98530518768772,-75.16284629338055,17.290657747392572,-0.3182322404251069,-10.446915405931218,0.09173284439420257,1.1241314976626595,0.005569242621253652,-1.2103799100762846,0.0,0.0,0.0,0.0,0.0,0.0,2.1292417979346452e-13,5.164964846314101e-13,1.8042202183022107,0.3366832575244002,0.42424049549355825,0.00026218572310389546,0.00011706877131631992,0.00009094161487771322,0.00007733369246334381,NaN,NaN,NaN,NaN,NaN,NaN
2025-06-11T20:40:01Z,39.98532851994682,-75.16300875369016,17.783767741859766,-0.07358198919110788,-11.063303539833218,0.07863479175888807,1.1236902153170931,-0.019022626468078438,-1.1776226933962595,0.0,0.0,0.0,0.0,0.0,0.0,1.4095226646464337e-13,2.6684736678216864e-13,1.9191979942311361,0.1993848319233782,0.300991690177871,0.0003529145207741319,0.00008933227912363956,0.0000597505530630244,0.0000856207132056677,NaN,NaN,NaN,NaN,NaN,NaN
2025-06-11T20:40:02Z,39.98534510002012,-75.16315242629219,18.377711177742963,0.8782730959587645,-11.28187751105194,0.01888585196602094,1.0968094593384319,0.0071096397257153525,-1.1942867042714815,0.0,0.0,0.0,0.0,0.0,0.0,1.4870802561331626e-13,2.1708256147130853e-13,2.2144373133864637,0.08782720191232633,0.09930657561466012,0.0001254149413653136,0.000027762466682080973,0.00002348603008168635,0.0001129231478273737,NaN,NaN,NaN,NaN,NaN,NaN
2025-06-11T20:40:03Z,39.98536654027664,-75.16329575202978,19.029237779119043,0.8410411951014592,-11.705551178909557,-0.047338728720843756,1.091725310131162,-0.015756546781499396,-1.175815233008668,0.0,0.0,0.0,0.0,0.0,0.0,1.4916321001507157e-13,2.13636929841142e-13,3.9827224674328003,0.11574506545772606,0.13704884196798056,0.00024820518873471567,0.00005205446352901574,0.00003608900553400816,0.00009846039477561254,NaN,NaN,NaN,NaN,NaN,NaN
2025-06-11T20:40:04Z,39.985396286604015,-75.16343726057633,19.334944732214417,1.165808001856944,-11.321268672567395,0.025468077504270558,1.0844480014554267,0.014581321783775098,-1.186298443607116,0.0,0.0,0.0,0.0,0.0,0.0,1.0835328018167652e-13,1.4985562926036835e-13,2.6337382175231787,0.060430646518582785,0.09655960423895825,0.00007843838149591676,0.000029329175489874175,0.00002092322060219502,0.000015077506403037017,NaN,NaN,NaN,NaN,NaN,NaN
2025-06-11T20:40:05Z,39.985419376188425,-75.16356189802615,19.123292419000247,1.404968576471286,-11.295382493860622,0.19895259180061783,1.0859603036963188,-0.0028596101047101232,-1.193417722688954,0.0,0.0,0.0,0.0,0.0,0.0,1.2564783079979697e-13,2.1008893873371816e-13,1.7793683223045957,0.06622750080311049,0.11376198419380915,0.00007656873931396393,0.0000361005366418433,0.000024389369525754962,6.477700804049172e-6,NaN,NaN,NaN,NaN,NaN,NaN
2025-06-11T20:40:06Z,39.98543453669567,-75.16370541276778,19.372133916605247,1.3942434781689055,-11.324499084915683,0.09019116319375502,1.0860913324819432,-0.029856971647555984,-1.1661944340753692,0.0,0.0,0.0,0.0,0.0,0.0,1.583254079730285e-13,2.3917411222712156e-13,1.950544166722905,0.08690587304568172,0.1423851912714839,0.00009737295587123221,0.00005165266195928191,0.00003390981064084201,8.910266352365827e-6,NaN,NaN,NaN,NaN,NaN,NaN
2025-06-11T20:40:07Z,39.98545330920859,-75.16382987799206,19.31550478209537,1.3123193945936682,-10.702422936505863,0.0778516395377972,1.0790645766555174,-0.010368351341771886,-1.1948747999227567,0.0,0.0,0.0,0.0,0.0,0.0,2.1849748602559096e-13,2.524554440331436e-13,2.3576955956906565,0.10187855723911741,0.16288833862077876,0.00006332515425800847,0.00005565821286658514,0.00003409544061464994,0.000010345798797729087,NaN,NaN,NaN,NaN,NaN,NaN
2025-06-11T20:40:08Z,39.98545714726888,-75.16394065323166,19.23864960527823,0.9836673051089203,-10.775932808418725,0.08917390812037153,1.0826102878633945,-0.031775186392809567,-1.187461122707065,0.0,0.0,0.0,0.0,0.0,0.0,1.0287687967085061e-13,1.559850194946924e-13,1.9975451040755297,0.1786412085378656,0.18366477857436453,0.00007064814562855355,0.00008044847151038305,0.00007878900857933052,0.000011607128421096012,NaN,NaN,NaN,NaN,NaN,NaN
2025-06-11T20:40:09Z,39.985444372649205,-75.1640381919576,19.76662070796589,0.19899675738664452,-9.364094298130317,0.1047549523074922,1.0856538440334265,-0.09105069178296943,-1.1540117521107338,0.0,0.0,0.0,0.0,0.0,0.0,7.391366110034758e-14,9.820538376412864e-14,1.8449515837470734,0.18450109824160368,0.1901678103612093,0.000021729261062040548,0.00008224798143037531,0.00007276315269743392,4.0495388839275465e-6,NaN,NaN,NaN,NaN,NaN,NaN
2025-06-11T20:40:10Z,39.98542659883663,-75.1641167447791,20.266935335056,-0.5800333602865069,-7.886830626508977,-0.023711405719126808,1.079732759338116,-0.12959877438835235,-1.138773872654875,0.0,0.0,0.0,0.0,0.0,0.0,8.771100548254672e-14,1.5412174880617833e-13,1.5629460621233384,0.2540530977241086,0.3685039468735325,0.00005052029824774377,0.00013897678514694845,0.00009097588664722126,8.152086415372233e-6,NaN,NaN,NaN,NaN,NaN,NaN
2025-06-11T20:40:11Z,39.9854332202381,-75.16416531619018,21.016786369597412,1.183364251161799,-6.384191296484785,-0.017310403305249373,1.0490278369320911,-0.09450031821885828,-1.2978400986959606,0.0,0.0,0.0,0.0,0.0,0.0,9.276811356548364e-14,1.6224305795166372e-13,1.727358479716114,0.19250732595822492,0.2856005712825268,0.0001686927073281836,0.00009012627188796062,0.00005777336874684397,0.00002609525042147154,NaN,NaN,NaN,NaN,NaN,NaN
2025-06-11T20:40:12Z,39.98543839716903,-75.16422116319436,21.062347538286563,1.4663055743679274,-5.468574236489936,0.11556590839175766,1.0408950888894697,-0.16093252049791787,-1.1441031930303975,0.0,0.0,0.0,0.0,0.0,0.0,1.3108512416529738e-13,1.8867842787253693e-13,1.9408027812160835,0.2607692365599026,0.2741589818105602,0.0002241646669564776,0.00007400496220329274,0.00007294460794148634,0.00006466440621121984,NaN,NaN,NaN,NaN,NaN,NaN
2025-06-11T20:40:13Z,39.98540104310366,-75.1642884801102,21.260324506142208,0.2951047480430295,-5.493916991881695,0.08274957191104323,1.076005916484695,-0.05443685927466211,-1.2005818287048011,0.0,0.0,0.0,0.0,0.0,0.0,1.780655992927663e-13,1.2815400474751843e-13,2.132161225673755,0.2927960670016154,0.18147945219231465,0.00027626416152061245,0.00005102092496053151,0.0000702693785988473,0.0000621341753254709,NaN,NaN,NaN,NaN,NaN,NaN
2025-06-11T20:40:14Z,39.9854111785553,-75.16437070070606,21.340214377313774,0.442069296382603,-7.126273520024135,0.2147510166253696,1.0737393999928468,-0.0840168125066056,-1.1651676775965074,0.0,0.0,0.0,0.0,0.0,0.0,3.0350725073408464e-13,2.609134320631427e-13,2.2897441395478184,0.11644879517447546,0.10231225674706797,0.0000796342344067575,0.000017722831843655543,0.00001922041717756393,0.0000398225628909228,NaN,NaN,NaN,NaN,NaN,NaN
2025-06-11T20:40:15Z,39.985447778568,-75.16452738187701,22.170148303015136,0.8580961248855543,-8.44016456635745,0.3110250270745983,1.0835331830698927,0.013855249201366087,-1.1790059218078714,0.0,0.0,0.0,0.0,0.0,0.0,1.8192304214538605e-13,4.802026804967795e-13,2.2160192403726007,0.04360354956589777,0.05927021333808744,0.000056318776866877765,0.000029420482351314065,0.00001624129310598682,0.00006731316171099195,NaN,NaN,NaN,NaN,NaN,NaN
2025-06-11T20:40:16Z,39.98546504654164,-75.1646529821169,22.615123830518876,0.8860363679345646,-9.226181493002738,0.23973150297959514,1.0810635251190281,0.043615466715261446,-1.217721575472502,0.0,0.0,0.0,0.0,0.0,0.0,1.1813710585101072e-13,2.127140385054051e-13,2.3426708678730734,0.037453579988422456,0.04720662650103516,0.000016247362763497622,0.000029328199819662357,0.00001964600581267054,0.00003306104556344224,NaN,NaN,NaN,NaN,NaN,NaN
2025-06-11T20:40:17Z,39.98548254880764,-75.16477735469627,21.84051064612194,0.4268468388573025,-9.919594796824734,0.18700316802578157,1.1038932191134663,-0.06837865703897782,-1.2459653951762188,0.0,0.0,0.0,0.0,0.0,0.0,1.0586056010334726e-13,1.3564921717978518e-13,2.1480762839020398,0.033543914290319506,0.048546415454523095,0.00003915518835325049,0.000026735565324127237,0.000016117498871377708,0.00003749027079141899,NaN,NaN,NaN,NaN,NaN,NaN
2025-06-11T20:40:18Z,39.98550258722475,-75.16490622307016,20.851334898782152,0.6454199392168094,-9.983647524380457,0.3416642532614756,1.0972356842093005,-0.03995921103666215,-1.189567699226108,0.0,0.0,0.0,0.0,0.0,0.0,1.2509549647312004e-13,1.3778298825589346e-13,2.286600348649573,0.028767029456228194,0.042982759948421635,0.000023816359996115353,0.000019185542175330016,0.000012602317739255492,0.00005469187866350099,NaN,NaN,NaN,NaN,NaN,NaN
2025-06-11T20:40:19Z,39.98553180618234,-75.16503957107093,20.603472045007223,1.1374476177749293,-10.073018261284284,0.33908501605201563,1.0835140902175082,-0.006311094126838137,-1.2046998161419968,0.0,0.0,0.0,0.0,0.0,0.0,1.3281330577433465e-13,1.5680563763656318e-13,2.079089306493012,0.0260814665344135,0.033392367077170165,0.00001683819310348907,0.000016609239074836818,0.000012569182372295664,0.00004955314281941931,NaN,NaN,NaN,NaN,NaN,NaN
2025-06-11T20:40:20Z,39.98555897344231,-75.16516568450893,20.834574283179798,1.3891495032323815,-10.208969582052656,0.19821203476921911,1.0617267398041998,-0.044852882405720766,-1.1574159910667394,0.0,0.0,0.0,0.0,0.0,0.0,1.5607946825550222e-13,1.2836910503912668e-13,1.7902516578141618,0.032445113621661886,0.03561084492381493,0.000018103622465605728,0.000018729359309400216,0.000013828439252810806,0.00006274731121186039,NaN,NaN,NaN,NaN,NaN,NaN
2025-06-11T20:40:21Z,39.98560754736576,-75.16530412432331,21.144653802773632,2.2734473597538676,-10.258848454793522,0.03543302384501823,1.070972460980117,0.04275306925527447,-1.1412136915144673,0.0,0.0,0.0,0.0,0.0,0.0,1.2462300561791786e-13,7.803153644460768e-14,2.0940207760308533,0.018925210028493424,0.020375182579685975,3.6374260635948525e-6,0.000011387297510593695,9.640708507584137e-6,0.00004385172209456097,NaN,NaN,NaN,NaN,NaN,NaN
2025-06-11T20:40:22Z,39.98564071923734,-75.16543192615218,21.302067549158117,1.6764153542756512,-10.390717012584581,0.28143585610722854,1.077047830741971,-0.0031518785459633304,-1.199199817140414,0.0,0.0,0.0,0.0,0.0,0.0,9.61285517760701e-14,8.37197793147639e-14,1.7407311673333636,0.0320393296945414,0.039156644688754766,0.000012910128870420859,0.000021924328897681888,0.0000181509564370445,0.000012397006423818082,NaN,NaN,NaN,NaN,NaN,NaN
2025-06-11T20:40:23Z,39.985675258496485,-75.16556626788386,20.59908837665417,1.5353581303580395,-10.458133132347436,0.2247765038353313,1.0762594632559952,-0.029408953090797375,-1.1915047844681086,0.0,0.0,0.0,0.0,0.0,0.0,1.0134642674907497e-13,9.131720480843538e-14,2.3195518776385913,0.025555882301911137,0.03367218462138264,0.000018052420907123184,0.000018144816237944108,0.00001420693650548869,9.22276607247021e-6,NaN,NaN,NaN,NaN,NaN,NaN
2025-06-11T20:40:24Z,39.98570719360249,-75.1656987586422,20.136985627107595,1.8831209962967186,-10.077720151101927,0.20103585306151647,1.0732109746232747,-0.0409713783670372,-1.1367503982748828,0.0,0.0,0.0,0.0,0.0,0.0,9.082833802726893e-14,9.59452963581974e-14,2.0702922373222035,0.012835327680689318,0.017491233286269517,5.538734515327118e-6,9.700842276004678e-6,8.089550417123985e-6,9.606820211766205e-6,NaN,NaN,NaN,NaN,NaN,NaN
2025-06-11T20:40:25Z,39.98574173178778,-75.1658244993851,19.322098181441056,1.7824974677765246,-9.493393918347452,0.1086295213881379,1.057495822378687,-0.06691969822972532,-1.1689363553307432,0.0,0.0,0.0,0.0,0.0,0.0,1.2249967823256546e-13,1.08161326307178e-13,1.7498791339877393,0.007455535178045887,0.009803140868852589,1.0289116577993016e-6,8.043529429596127e-6,5.450753677551379e-6,8.983170605935082e-6,NaN,NaN,NaN,NaN,NaN,NaN
2025-06-11T20:40:26Z,39.9857799708005,-75.1659439898709,18.599142064064637,1.0974386036374801,-9.439424127761427,0.2451504150096599,1.088425746590391,-0.08759787672270691,-1.1324269897367296,0.0,0.0,0.0,0.0,0.0,0.0,1.1014425329662378e-13,1.1103604485568573e-13,1.5367566368486898,0.010984199728746863,0.017138873639090883,4.121989437018838e-6,0.000012470861549960505,8.204165319313755e-6,0.000015204182138926565,NaN,NaN,NaN,NaN,NaN,NaN
2025-06-11T20:40:27Z,39.985804667971244,-75.1660650291188,18.23425397024007,1.400996597133557,-9.253574331038678,-0.006405634344832349,1.0741711509085277,-0.10127557393327821,-1.1352593534753554,0.0,0.0,0.0,0.0,0.0,0.0,8.831653954309898e-14,1.4452841868166721e-13,1.8233470864316246,0.01643019708227361,0.03458982804236479,8.50514386332464e-6,0.0000200403145247275,0.000010546298447576132,0.00002356207052508538,NaN,NaN,NaN,NaN,NaN,NaN
2025-06-11T20:40:28Z,39.98583683558095,-75.16619443742185,17.404587386213983,1.9375661170934027,-9.581761576853681,-0.0027171245186163795,1.0761451668574484,-0.00909553542406922,-1.133585703159175,0.0,0.0,0.0,0.0,0.0,0.0,6.962003877678235e-14,8.965622179879982e-14,1.6404462373488495,0.020642616514455425,0.0317606175218116,0.00001816053833348728,0.000019141183931454223,0.000012249321366481,0.00002149233840853679,NaN,NaN,NaN,NaN,NaN,NaN
2025-06-11T20:40:29Z,39.98584849373107,-75.166321784283,17.098904398741357,1.8844143473876556,-9.716890908675202,-0.008562275051271611,1.078833034523273,-0.029002031570416774,-1.1627554504983693,0.0,0.0,0.0,0.0,0.0,0.0,1.9234453970130347e-13,8.553731930747015e-14,1.8082054445041964,0.035463401635328726,0.03877293414717533,8.935325733208369e-6,0.0000220889683555686,0.000016467917053068683,0.000012323641879366426,NaN,NaN,NaN,NaN,NaN,NaN
2025-06-11T20:40:30Z,39.98588822371434,-75.16647375695733,16.60293601466998,1.7730425711819708,-10.179908387356788,-0.09375498021121724,1.0822902220355044,-0.014276191426808997,-1.1264150908653812,0.0,0.0,0.0,0.0,0.0,0.0,1.1771107847097602e-13,2.1564904917487038e-13,1.6329321392254037,0.01774663453793728,0.0331564656858606,3.692815605942119e-6,0.000010713482470225683,7.30532812383308e-6,0.00001570031050277909,NaN,NaN,NaN,NaN,NaN,NaN
2025-06-11T20:40:31Z,39.985909691862524,-75.16659031392894,16.61848295989586,1.7112229910336012,-10.653371529263909,-0.14262418637652438,1.0902121308950383,0.05993010628970867,-1.3061187562189127,0.0,0.0,0.0,0.0,0.0,0.0,9.207286785993346e-14,2.1173841678176423e-13,2.163011830623863,0.029107802216255918,0.045732152941833394,4.17945125777244e-6,0.00002457642558741371,0.000017026612561689306,0.00001648613323700622,NaN,NaN,NaN,NaN,NaN,NaN
2025-06-11T20:40:32Z,39.98593848100362,-75.16669179055273,16.777437355064084,1.0211390200376134,-10.833771269983078,-0.08199308611810568,1.1067136305310428,-0.07414298200332659,-1.1195572466011714,0.0,0.0,0.0,0.0,0.0,0.0,9.519976126343208e-14,2.7599782358747606e-13,2.05845663997461,0.05421162605607382,0.07974827592446647,0.0000906945941267771,0.00003779261150115215,0.0000306173785791132,0.000023838223240424266,NaN,NaN,NaN,NaN,NaN,NaN
2025-06-11T20:40:33Z,39.98595872547299,-75.16678211071743,16.398227385610593,1.1622263313112273,-10.168349154114908,-0.07125584780746201,1.0920621995457338,0.00761776643720208,-1.1401826399134736,0.0,0.0,0.0,0.0,0.0,0.0,5.038595197312336e-14,4.401321134815278e-13,1.398321533201649,0.03909451808694984,0.1247741348446787,0.00005095367241693907,0.00003626278315146727,0.000020279849970331274,0.00005250035849447212,NaN,NaN,NaN,NaN,NaN,NaN
2025-06-11T20:40:34Z,39.985966523644805,-75.16692024700207,15.589647623715997,1.2133608008838292,-9.538498830101249,-0.19377804446473526,1.0824074234741698,-0.05168094523584266,-1.1507470805325317,0.0,0.0,0.0,0.0,0.0,0.0,7.850823191035704e-14,6.931341340121573e-13,1.5513268987626607,0.033840286196270025,0.08572510646544625,0.000035185863160449335,0.000024630157418435254,0.000013901750932030458,0.0000689852678903857,NaN,NaN,NaN,NaN,NaN,NaN
2025-06-11T20:40:35Z,39.98597898841327,-75.16707214198814,15.310010859400542,0.9892427387095295,-9.443090974456263,-0.239085501990617,1.0832916061059534,-0.013559038014327847,-1.176113323686446,0.0,0.0,0.0,0.0,0.0,0.0,1.1894412573151645e-13,1.8548272081310933e-13,1.3475636133020044,0.04617730548148539,0.05823941856649038,0.00003552471076421225,0.00003556282660710532,0.000020561096524210542,0.000039214078042158233,NaN,NaN,NaN,NaN,NaN,NaN
2025-06-11T20:40:36Z,39.986003675473334,-75.16717309229969,14.981864906194797,1.5918284067450537,-9.252974107320098,-0.10913040965078412,1.056257096786316,-0.0174619770430801,-1.2612653768160416,0.0,0.0,0.0,0.0,0.0,0.0,1.8778571453671908e-13,1.2957809153780016e-13,1.4965841825885415,0.0408052096505748,0.06265630005964337,0.000021562980678655396,0.00003147978057369355,0.00001714007013087553,0.000033102663450727166,NaN,NaN,NaN,NaN,NaN,NaN
2025-06-11T20:40:37Z,39.986020249844685,-75.16727435168515,15.541516427955765,1.1412398328462983,-8.834791853554739,-0.09914268654311593,1.0875259021529158,-0.14329773380460095,-1.0567326143612898,0.0,0.0,0.0,0.0,0.0,0.0,7.908352093916112e-14,9.614074930351628e-14,1.5209384033043432,0.05378117843829353,0.06531494306975075,0.000023174725064699987,0.00002965139438513971,0.000027237452298584586,0.00003280760005915585,NaN,NaN,NaN,NaN,NaN,NaN
2025-06-11T20:40:38Z,39.986032990931456,-75.16737614542814,15.577129307011461,0.4456494252665527,-8.499915725905247,-0.198183508196656,1.0759415875822773,-0.02427643549517366,-1.2045314955825839,0.0,0.0,0.0,0.0,0.0,0.0,5.3741673616753015e-14,7.148916202146627e-14,1.4169671863074078,0.03948706156828398,0.06411450718191336,0.00006483638377088295,0.00003153742383030132,0.00001974585382470422,7.072674569496549e-6,NaN,NaN,NaN,NaN,NaN,NaN
2025-06-11T20:40:39Z,39.98604703634024,-75.16748447327754,15.938038483124652,0.4098448751347403,-9.258897454249349,-0.07289669288433141,1.056720982638279,-0.009632927465804951,-1.2730024249565206,0.0,0.0,0.0,0.0,0.0,0.0,8.894551852247279e-14,5.528123831112526e-14,1.423262681674491,0.013381094514702305,0.02511501266617975,0.00003342266398537259,0.000013268737904450063,5.359497829254091e-6,0.00003478132206258798,NaN,NaN,NaN,NaN,NaN,NaN
2025-06-11T20:40:40Z,39.98606832460357,-75.1675903880228,16.106801224568525,0.09336535187005797,-9.09685979742921,0.03519982727197711,1.031391808945252,-0.09022821531638531,-1.2421805687369127,0.0,0.0,0.0,0.0,0.0,0.0,1.8786570542105727e-13,8.606670561277522e-14,1.6433441026892222,0.01113562095489818,0.02667863839906629,0.00006778757710302533,0.000012171575402401959,8.030429247381496e-6,0.00005795306316202455,NaN,NaN,NaN,NaN,NaN,NaN
2025-06-11T20:40:41Z,39.98609682611698,-75.1676990647074,15.864182760003974,-0.4928943181750196,-8.320638122554778,-0.06982984339234931,1.0248022829038783,-0.10214602062018126,-1.2561170402017567,0.0,0.0,0.0,0.0,0.0,0.0,1.1362317565430456e-13,2.670842481192554e-13,1.584630930197924,0.02273957185836223,0.11068813884214679,0.00010055460691303734,0.000038736792773825106,0.000010327400265961991,0.00006830230151482905,NaN,NaN,NaN,NaN,NaN,NaN
2025-06-11T20:40:42Z,39.986114827501474,-75.16776354995531,15.656465576675851,-0.40158011916016934,-6.440923748497639,0.0744437859473868,0.9876389250179627,-0.11129677140542947,-1.1769063568659932,0.0,0.0,0.0,0.0,0.0,0.0,1.4426079943507097e-13,2.4711674664611856e-13,1.3737173889636034,0.019849198296215717,0.06735119503875041,0.00009418980366755953,0.000021769337428666054,8.522249794272814e-6,0.000041867804163115523,NaN,NaN,NaN,NaN,NaN,NaN
2025-06-11T20:40:43Z,39.986102720288685,-75.16784913057194,17.108687719818814,-1.0207711336201544,-5.462285959019603,0.03308377844100115,0.9708610785373616,-0.054277276008022,-1.2865776064186856,0.0,0.0,0.0,0.0,0.0,0.0,5.846083933731357e-14,1.385317556289448e-13,1.2951810279022968,0.018084748738282554,0.06328067093457222,0.000129882874760686,0.00002454701570721815,9.565643055886315e-6,0.00003901971685255351,NaN,NaN,NaN,NaN,NaN,NaN
2025-06-11T20:40:44Z,39.98609470235398,-75.16790221575945,16.80711966022525,-1.6678494621960538,-4.621629846312036,0.1991683962107887,0.9591477402733234,-0.0581068058243826,-1.4104441982040685,0.0,0.0,0.0,0.0,0.0,0.0,1.227102859704928e-13,1.7280525694197408e-13,1.5066893380859696,0.017661672680113625,0.04460170713823325,0.00011705515501526985,0.000015787060089474127,7.09986364015166e-6,0.000029273541906210043,NaN,NaN,NaN,NaN,NaN,NaN
2025-06-11T20:40:45Z,39.98610590762353,-75.16791194720604,16.427823282362667,-0.5926177671207441,-2.0329043571844787,-0.06880415541193376,0.9545918870550624,-0.0432764282492719,-1.4587432134045009,0.0,0.0,0.0,0.0,0.0,0.0,2.0351333422168196e-13,2.0392765700092016e-13,1.33728949448452,0.024327264390999047,0.062053407241574786,0.00018819533512287611,0.00002988129374989255,8.637627470252452e-6,0.00004763315059501391,NaN,NaN,NaN,NaN,NaN,NaN
2025-06-11T20:40:46Z,39.98613845911343,-75.16792229524752,16.680423054160006,0.821339442203817,-0.565220866463457,-0.21064313376897148,0.9545707341822383,-0.10362993421393597,-1.419247962952826,0.0,0.0,0.0,0.0,0.0,0.0,1.56381133247082e-13,1.669387846235899e-13,1.6577879716367403,0.02868528049320896,0.05796502771096755,0.00021358617909081727,0.000018097675682499622,0.000011761982390035392,0.00014367677290002837,NaN,NaN,NaN,NaN,NaN,NaN
2025-06-11T20:40:47Z,39.986161932423286,-75.1679219983954,16.39157868013626,1.48354450793158,-0.5654756132632295,-0.1822706908792681,0.9748682182498917,-0.12336548910646727,-1.4392448532542113,0.0,0.0,0.0,0.0,0.0,0.0,1.391405133379198e-13,8.912451055245831e-14,1.788333068628991,0.0471906671428548,0.043266874531220544,0.0001394154896462083,0.000017849096560883036,0.000019612729963096087,0.00017019073820148418,NaN,NaN,NaN,NaN,NaN,NaN
2025-06-11T20:40:48Z,39.986190396551414,-75.16791346713744,17.23482606286806,1.4494515191163437,0.360857720557354,-0.19707792531800375,0.9986436731449407,-0.13178276077267165,-1.4375997018834534,0.0,0.0,0.0,0.0,0.0,0.0,3.717568166066205e-14,3.63479419799157e-14,1.3421345670540579,0.04277554871144221,0.04437492471810536,0.00015530140588098748,0.00002015601722209552,0.00001795681738642281,0.00011860910502754932,NaN,NaN,NaN,NaN,NaN,NaN
2025-06-11T20:40:49Z,39.98619861680148,-75.1679111088802,16.961499606320036,0.18344971327908938,0.8040686392340302,-0.13705324203218838,1.0450088807028544,-0.12505456418934324,-1.4436658031029859,0.0,0.0,0.0,0.0,0.0,0.0,4.65987777419779e-14,5.805634488367881e-14,1.3126753612291915,0.00016256880218804424,0.00025959054174530213,4.0597866323970055e-6,1.616312362666961e-6,7.471623725402827e-7,2.357868022824635e-6,NaN,NaN,NaN,NaN,NaN,NaN
2025-06-11T20:40:50Z,39.98618615847567,-75.16788265781611,12.262447918620497,0.1273408821935703,0.3984308920990062,-0.08534200442049392,1.057655259415989,-0.06394669749253847,-1.4224094439646233,0.0,0.0,0.0,0.0,0.0,0.0,3.398662918598159e-14,2.5673766225203695e-14,1.0962371657550118,0.00019616024559119944,0.0002649045212233946,2.8980964993137863e-6,4.546569147878274e-7,8.205989395226158e-7,5.6167804810525e-6,NaN,NaN,NaN,NaN,NaN,NaN
2025-06-11T20:40:51Z,39.98620424076583,-75.1678851976253,9.06596828696966,0.04959616779339979,0.164436287956853,-0.07769193720171258,1.0661584699740394,-0.023780238876004403,-1.434186763773223,0.0,0.0,0.0,0.0,0.0,0.0,2.461620897653163e-14,2.401226206850969e-14,1.005961654245005,0.0001722188785878134,0.00026795031362866127,5.764531558391919e-7,4.3852573589155277e-7,3.022192613440831e-7,6.383959528135066e-7,NaN,NaN,NaN,NaN,NaN,NaN
2025-06-11T20:40:52Z,39.98622586071935,-75.16786826340022,8.094602674059129,0.007383148761929109,0.06722333581792336,-0.08906984515433207,1.069857974078795,-0.017889381535355527,-1.436419997477995,0.0,0.0,0.0,0.0,0.0,0.0,2.768247606253738e-14,3.753136705144872e-14,1.218412338637932,0.00016757283801724224,0.0002831481119646909,2.639433048482017e-7,4.499288667761199e-7,2.6900219318925077e-7,4.2431916288832623e-7,NaN,NaN,NaN,NaN,NaN,NaN
2025-06-11T20:40:53Z,39.986233672473624,-75.1678651601438,4.464768379091216,-0.011433952023929455,-0.006668758993981893,-0.09617983779051957,1.070342907977726,-0.013480687090144336,-1.4340228238017194,0.0,0.0,0.0,0.0,0.0,0.0,2.888911767194168e-14,2.5241846416181633e-14,1.2023248401963473,0.00015325991624598066,0.0002605734911446064,1.6754621768415217e-7,3.8730266736014255e-7,2.3040807281555427e-7,2.368831533265196e-7,NaN,NaN,NaN,NaN,NaN,NaN
2025-06-11T20:40:54Z,39.98623806399199,-75.16786331705255,2.204407610481969,0.0012511730207561092,-0.016781921470354115,-0.11628037968699208,1.0699793174242744,-0.026944815750869124,-1.4311309580705174,0.0,0.0,0.0,0.0,0.0,0.0,3.0075464469723174e-14,3.5264057439722316e-14,1.2236198418375308,0.0001492005513030692,0.00026020286812399827,1.411392777176015e-7,3.957879369888852e-7,2.2630213157967418e-7,7.543880250913376e-8,NaN,NaN,NaN,NaN,NaN,NaN
2025-06-11T20:40:55Z,39.98623999211328,-75.16786312748143,0.6992654925036588,0.0048432065927517184,-0.044469677552461576,-0.12220706292500778,1.0695601501054548,-0.033213329996058374,-1.4267849047830927,0.0,0.0,0.0,0.0,0.0,0.0,2.8931524638074586e-14,3.0162397734567104e-14,1.0966201636763697,0.00014747240760692315,0.0002634783227149184,1.1959357020469976e-7,4.126137866459989e-7,2.2969706106804955e-7,3.0629257959983787e-8,NaN,NaN,NaN,NaN,NaN,NaN
2025-06-11T20:40:56Z,39.986247805527995,-75.16785288116016,0.7634808896023035,0.015065158063061107,-0.012482495892337086,-0.1342273250119223,1.0691374681668084,-0.03382762222102793,-1.4260780567162896,0.0,0.0,0.0,0.0,0.0,0.0,2.9495981635638506e-14,2.957831389518789e-14,1.0395544094090863,0.001406657973589275,0.0022842381003750144,1.250486223919957e-7,3.4697153204124653e-6,2.1376285263574958e-6,4.1497439213596174e-8,NaN,NaN,NaN,NaN,NaN,NaN
2025-06-11T20:40:57Z,39.98624706270388,-75.16786044207984,-0.029124386177631457,-0.00045557006009849365,-0.004518420384824266,-0.14374285741737478,1.0693081163674059,-0.029843164853648005,-1.4256257205896508,0.0,0.0,0.0,0.0,0.0,0.0,3.644054159429018e-14,4.348812205139184e-14,1.0808412669091014,0.00017905120710759025,0.0002911906792860464,7.361925880060841e-8,3.60052986554238e-7,2.1489540085406431e-7,2.9645540782227348e-8,NaN,NaN,NaN,NaN,NaN,NaN
2025-06-11T20:40:58Z,39.986249341163564,-75.16785794048889,0.15592254171392722,-0.00031445095666769106,0.0402028438404672,-0.15179588422794052,1.0687157664224063,-0.028448938335114454,-1.4243674224304677,0.0,0.0,0.0,0.0,0.0,0.0,2.856714467833925e-14,3.946909332721475e-14,0.9795323467802277,0.0001490792412902949,0.00026788929684561227,6.16252201901832e-8,4.6705178411586654e-7,2.2547646042502298e-7,1.6044324642299415e-8,NaN,NaN,NaN,NaN,NaN,NaN
2025-06-11T20:40:59Z,39.98624651450424,-75.16785840778012,-0.163093045969172,0.02915083867051002,0.0004828430539800889,-0.16816958167327486,1.0689551181958916,-0.026089075011062716,-1.4284814662424647,0.0,0.0,0.0,0.0,0.0,0.0,4.8378801778274044e-14,3.828584917115321e-14,1.1157368859531736,0.0001746686188668445,0.00026387067276700734,5.93609059421726e-8,4.210572909243655e-7,2.900537815909049e-7,1.4328969179823333e-8,NaN,NaN,NaN,NaN,NaN,NaN
2025-06-11T20:41:00Z,39.986239553935235,-75.16786155082967,-0.6449608987822982,0.040284301716705294,-0.04336916120720834,-0.20062376412194316,1.0701035881335605,-0.027737478303040304,-1.4303749152156986,0.0,0.0,0.0,0.0,0.0,0.0,3.468043448964708e-14,3.485828665516323e-14,1.1333722948327751,0.00016895642581329302,0.0002632916207128922,5.2295708106860446e-8,4.2113830794095087e-7,2.624424245019709e-7,2.4109713232531435e-8,NaN,NaN,NaN,NaN,NaN,NaN
2025-06-11T20:41:01Z,39.98624474661491,-75.16785911101948,-0.33882269528888975,0.7596897890509381,0.1330118275994885,-0.23555783013742365,1.0706015429070426,-0.056231286424207695,-1.4422122517883151,0.0,0.0,0.0,0.0,0.0,0.0,2.956538006679301e-14,3.4647020667373665e-14,1.186129081486145,0.00015757863946370425,0.00026609607241726924,2.1537698871241249e-7,4.0962051289414443e-7,2.4303893823402705e-7,1.9233151822072983e-8,NaN,NaN,NaN,NaN,NaN,NaN
2025-06-11T20:41:02Z,39.986257070621946,-75.16786390996066,-0.8753225649921451,1.8498001509747986,-1.0238889271675473,-0.24782184065550558,1.0916713235427358,0.10549338977311778,-1.5622614619816386,0.0,0.0,0.0,0.0,0.0,0.0,4.7502042941127384e-14,4.5802720615255655e-14,1.1778557295074121,0.002243125422810465,0.00556748306975385,0.000013806894217536938,6.257509755519794e-6,3.2725095225747386e-6,0.00002333895731767009,NaN,NaN,NaN,NaN,NaN,NaN
2025-06-11T20:41:03Z,39.986262163778925,-75.16787900720992,-0.4961820917016826,1.3860348938843843,-0.6342998639852718,-0.056813772283936644,1.1472216326443816,-0.15351827555702185,-1.4007794048698532,0.0,0.0,0.0,0.0,0.0,0.0,3.9061089193679784e-14,3.8993783106084355e-14,1.1832327521130144,0.011227720764803363,0.028276574120501247,0.00006966955590167322,0.000021087439424918748,0.000010741678101578684,0.00012359278447416893,NaN,NaN,NaN,NaN,NaN,NaN
2025-06-11T20:41:04Z,39.98626558247581,-75.16788591336855,-0.8046352128210936,0.11709977216134386,-0.7163582346262146,-0.11612579459896409,1.2426846283046933,-0.0346357837857641,-1.4901454955936495,0.0,0.0,0.0,0.0,0.0,0.0,5.513119269256398e-14,5.238314271711917e-14,1.1019920630154494,0.023683513974759356,0.040062297928831134,0.000026527069907561333,0.00002439270251721157,0.000016642830394684653,0.00008811742293881552,NaN,NaN,NaN,NaN,NaN,NaN
2025-06-11T20:41:05Z,39.98625639689027,-75.16791585341096,2.656783054531763,0.044317431969919184,-2.84486046038151,-0.25359617723098443,1.247650500176585,0.028514814469682338,-1.3345779998968346,0.0,0.0,0.0,0.0,0.0,0.0,3.033540063468406e-14,3.0653228122017206e-14,1.143721165051121,0.013542776047308169,0.02165883283935204,7.919594780033335e-6,0.000013511177297453515,9.145474822388008e-6,5.5021157241526795e-6,NaN,NaN,NaN,NaN,NaN,NaN
2025-06-11T20:41:06Z,39.98625395331996,-75.16795453195557,3.730830877918499,-0.31397097190988416,-3.759177375550154,-0.1605212713615192,1.2349948274190474,0.05419010923642794,-1.3946743634901817,0.0,0.0,0.0,0.0,0.0,0.0,3.673897863324409e-14,5.734281510316207e-14,1.0231121932275247,0.011900028068481627,0.020583094401391715,0.00002070096997917916,0.00001033309841280442,7.182192041298395e-6,0.000012500060656267094,NaN,NaN,NaN,NaN,NaN,NaN
2025-06-11T20:41:07Z,39.986261753591414,-75.16800056649905,4.489861333339556,-0.28883047961973357,-4.824248148423815,-0.04028187731148148,1.2247232317338725,0.1255259884139144,-1.4380059162879926,0.0,0.0,0.0,0.0,0.0,0.0,8.252310043093767e-14,5.4900815786792995e-14,1.1165431376097934,0.02035843756966394,0.021449582972789396,0.00005619367401422581,0.000011928468238197518,9.027704337914752e-6,0.000029346483859743298,NaN,NaN,NaN,NaN,NaN,NaN
2025-06-11T20:41:08Z,39.98626014841759,-75.16806801165292,5.143594815027977,-0.4997447116497636,-6.045442908248419,-0.08765742642921616,1.205586217483172,-0.025322154668193774,-1.3895419418042958,0.0,0.0,0.0,0.0,0.0,0.0,8.850711217718607e-14,8.893513543267951e-14,1.1089226057440909,0.009638885499340943,0.01657854492671806,0.00008422429549183499,7.040478722522264e-6,4.412731116445996e-6,0.000030191286043542415,NaN,NaN,NaN,NaN,NaN,NaN
2025-06-11T20:41:09Z,39.986232655442905,-75.1681757802705,6.68231527982624,-1.2889979670678418,-7.1212278075878706,-0.1839668713014089,1.203083221243375,0.10478492699173884,-1.384510936908222,0.0,0.0,0.0,0.0,0.0,0.0,2.8530504658435884e-14,3.344765685511786e-14,0.9798875566089835,0.01783453250572355,0.019939545085607916,0.00009918605319231592,0.000011127468840793613,8.674413399019608e-6,0.00005345427495651276,NaN,NaN,NaN,NaN,NaN,NaN
2025-06-11T20:41:10Z,39.98621839889096,-75.16826630783585,6.88147523598932,-1.4067972185300663,-8.152821871481436,-0.2556011436417788,1.168210452073395,0.08784924862860029,-1.4461168850687391,0.0,0.0,0.0,0.0,0.0,0.0,6.370848027547407e-14,3.770777179598561e-14,1.2001725385200461,0.02694142065048959,0.021847582605277242,0.00015351054826476886,0.000010826509677567191,0.00001006510186717946,0.00004875591457785547,NaN,NaN,NaN,NaN,NaN,NaN
2025-06-11T20:41:11Z,39.986202432749735,-75.16834133334883,6.85521879515403,-1.7175712915754497,-8.334436139234766,-0.22649345204776447,1.1390439164718207,0.020691932020356574,-1.4204354733747488,0.0,0.0,0.0,0.0,0.0,0.0,6.863584904012252e-14,1.258944922861862e-13,1.0226096488043717,0.0726781066358301,0.0957570118176624,0.0002646848046226922,0.00003600981583590475,0.000028451418782012485,0.0001001089570712184,NaN,NaN,NaN,NaN,NaN,NaN
2025-06-11T20:41:12Z,39.98618809922533,-75.16842320621942,8.678535481557114,-1.0451669980711686,-8.381232225268388,-0.07937455244983686,1.0953698299516932,0.02737542409487595,-1.3789791079342055,0.0,0.0,0.0,0.0,0.0,0.0,1.7134348157017269e-13,9.220697075395509e-14,1.123218284611413,0.07026583848481137,0.06490055505296499,0.00015154843769984652,0.000024990796046212685,0.000017241727412429363,0.00008507685818958236,NaN,NaN,NaN,NaN,NaN,NaN
2025-06-11T20:41:13Z,39.98619899408996,-75.16852707648154,10.331925765776086,-0.21685410830757812,-8.313487103036426,-0.019947172954160035,1.0625286393931217,0.010070130835969728,-1.3563119880995294,0.0,0.0,0.0,0.0,0.0,0.0,3.834261428478616e-14,2.166895808420357e-13,1.1448646831130882,0.018714042103523995,0.03199736765653291,0.00006897403353534148,0.00001617489401485201,7.727413004149955e-6,0.000016092094255022327,NaN,NaN,NaN,NaN,NaN,NaN
2025-06-11T20:41:14Z,39.98620754425482,-75.16864932702035,11.395909120404589,0.46340136573412044,-7.935319300086621,0.10457270953583361,1.0280749397497635,0.0732536770053087,-1.5093564321169373,0.0,0.0,0.0,0.0,0.0,0.0,4.821743348462398e-14,3.045091680922361e-13,1.4520875874343069,0.011946048974995955,0.019928777835551616,0.00003815615118278339,0.00001866953444776246,6.447418188490793e-6,0.000022817229840090043,NaN,NaN,NaN,NaN,NaN,NaN
2025-06-11T20:41:15Z,39.98623433531358,-75.16869462611575,13.521385609359351,1.479378029639392,-7.092071762440931,0.1707683746249571,1.0340292107083437,-0.11071473423370225,-1.4333925471075923,0.0,0.0,0.0,0.0,0.0,0.0,4.353789315450454e-14,1.477046379237353e-13,1.45856361087595,0.01436239225229132,0.0216737824489125,0.000027739252432477665,0.000020730705750791517,0.000010122346940907058,0.00001547824490553041,NaN,NaN,NaN,NaN,NaN,NaN
2025-06-11T20:41:16Z,39.986256068908645,-75.16874930911925,14.280035022610777,2.1876393235136438,-4.670741628973249,-0.036411629398987476,1.007088811193275,-0.18578906186318428,-1.2365668494392223,0.0,0.0,0.0,0.0,0.0,0.0,5.695376737879013e-14,1.8602528722056853e-13,1.3034268769643806,0.012373193665174798,0.020611194214488638,0.000019070043943139592,0.000013398029913058703,7.489329972920277e-6,0.00004227819731652145,NaN,NaN,NaN,NaN,NaN,NaN
2025-06-11T20:41:17Z,39.986265319745726,-75.16876497381791,13.826345529225696,1.5659737845521133,-5.6954848153993956,0.01349435201658423,1.0426171764107526,-0.18764766560361062,-1.2553602310805059,0.0,0.0,0.0,0.0,0.0,0.0,5.816831052730532e-14,1.421728165991669e-13,0.7205717974350461,0.0009019386204969204,0.001369190039419709,4.575037058583457e-6,2.270561392463858e-6,5.572229098538674e-7,0.00006610330671665008,NaN,NaN,NaN,NaN,NaN,NaN
2025-06-11T20:41:18Z,39.98627672055391,-75.16877123868463,13.091451266502313,1.30495748286847,-6.124826624780858,0.02902569665597443,1.052330054312966,-0.17102986454003777,-1.2595760171659547,0.0,0.0,0.0,0.0,0.0,0.0,4.700890776318395e-14,7.210433909276854e-14,0.1477597160536571,0.00022821728793956934,0.0004584794781540597,1.8429952029260788e-6,8.880329064100241e-7,7.150244774182028e-7,0.000049377256604544516,NaN,NaN,NaN,NaN,NaN,NaN
2025-06-11T20:41:19Z,39.98626883982715,-75.16879947233599,13.369261115431303,1.301207797547041,-6.3052790159564704,0.02842509076041569,1.055983615417502,-0.15133271217743377,-1.276198377738462,0.0,0.0,0.0,0.0,0.0,0.0,3.7547589547759043e-14,1.5514557320633245e-13,0.08540231271290959,0.000030981701081791,0.0001840669896983568,2.889270458724555e-6,1.907591755909092e-7,6.46628499139436e-7,0.00004759465921848137,NaN,NaN,NaN,NaN,NaN,NaN
2025-06-11T20:41:20Z,39.98626194282458,-75.16881406646621,13.553557193250526,1.2836117477118187,-6.285528987823618,0.025926193177258975,1.0503535082099382,-0.14649751172964234,-1.278491788139355,0.0,0.0,0.0,0.0,0.0,0.0,5.285064833302972e-15,2.1848210233370334e-14,0.011735850494223193,3.606397164830202e-6,0.000021684344446559902,3.697996212681598e-7,1.955410610060001e-8,8.771631495420402e-8,6.708467197228998e-6,NaN,NaN,NaN,NaN,NaN,NaN
2025-06-11T20:41:21Z,39.986261227020556,-75.16881553657718,13.572266354753461,1.2488326811459745,-6.308242685029662,0.025850208305168713,1.051839921225798,-0.14828381582480454,-1.278383677123666,0.0,0.0,0.0,0.0,0.0,0.0,2.9874625129764415e-16,1.2277692882065269e-15,0.000659626033700589,1.800837226246437e-7,1.0462516234611864e-6,1.926945350730004e-8,1.0978157290102528e-9,4.890556183336429e-9,3.749333432667679e-7,NaN,NaN,NaN,NaN,NaN,NaN
2025-06-11T20:41:22Z,39.98626118572189,-75.1688156211253,13.573338324879789,1.2384909504330417,-6.455122521044846,0.02696214542198629,1.0569892692603644,-0.14719719464847567,-1.2861817033532752,0.0,0.0,0.0,0.0,0.0,0.0,6.968295184636834e-19,2.8218686411976425e-18,1.5790127194505111e-6,3.6602057785660824e-10,2.1635807397609895e-9,4.122894310887027e-11,3.1293483320601348e-12,1.1691285158800435e-11,8.621586957531202e-10,NaN,NaN,NaN,NaN,NaN,NaN
2025-06-11T20:41:23Z,39.98626118563277,-75.16881562132889,13.573340606609257,1.2328415653326332,-6.736459246920761,0.02966070182835856,1.0628252109832685,-0.14248160645761296,-1.3017039003146322,0.0,0.0,0.0,0.0,0.0,0.0,4.878039473586887e-23,9.984297827109045e-23,3.8393275639492865e-10,3.3070448466959996e-14,6.730103661303455e-13,3.0915877106511275e-16,2.113978855525526e-15,2.1635759066781863e-15,6.634753138134232e-14,NaN,NaN,NaN,NaN,NaN,NaN
2025-06-11T20:41:24Z,39.98626118563291,-75.16881562132698,13.573340605856913,1.2628884138626353,-6.900422182215515,0.029719799510476465,1.0613293178727767,-0.13259167759151153,-1.3126912179945114,0.0,0.0,0.0,0.0,0.0,0.0,7.539602850898037e-28,1.8131534024839223e-27,9.182129798277459e-15,3.4404010486899955e-19,1.2588811875263895e-17,8.586023040022294e-22,3.3582714447175286e-20,3.204088824458752e-20,1.181634354060821e-18,NaN,NaN,NaN,NaN,NaN,NaN
2025-06-11T20:41:25Z,39.98626118563278,-75.16881562132892,13.573340605857085,1.2641561995659971,-7.001757044209351,0.02969691602660326,1.059385966452864,-0.12815325372530503,-1.3184205255315835,0.0,0.0,0.0,0.0,0.0,0.0,4.0047129922444187e-29,2.847791111307692e-28,2.4955129678821764e-21,4.060897729180969e-26,2.8884218631798957e-24,3.7475743786674957e-29,5.8092138211077655e-27,5.289264819921336e-27,2.6230149924792906e-25,NaN,NaN,NaN,NaN,NaN,NaN
2025-06-11T20:41:26Z,39.98626118563278,-75.16881562132892,13.573340605857085,1.2587505916787034,-7.1715809166119895,0.03063920675000984,1.0621054517418906,-0.1251717774154938,-1.327641719671613,0.0,0.0,0.0,0.0,0.0,0.0,4.004701689161606e-29,2.8477878678479907e-28,8.33415100967665e-27,1.3331897435889693e-28,2.8490086453323994e-28,9.321540141750757e-32,4.738126328291353e-29,8.908012625093433e-31,3.234956433332158e-28,NaN,NaN,NaN,NaN,NaN,NaN
2025-06-11T20:41:27Z,39.98626118563278,-75.16881562132892,13.573340605857085,1.3236601249514046,-7.328640828386831,0.029799961092795774,1.0629344414784885,-0.11772197084653918,-1.3398541313805201,0.0,0.0,0.0,0.0,0.0,0.0,4.0047016891610764e-29,2.847787867847831e-28,8.20731028847814e-27,1.4914401490679532e-28,4.677156308203224e-27,1.4040029294694333e-31,2.608171368269921e-29,1.812107487544334e-30,4.93039619938829e-32,NaN,NaN,NaN,NaN,NaN,NaN
2025-06-11T20:41:28Z,39.98626118563278,-75.16881562132892,13.573340605857085,1.3888446587897985,-7.457609838055737,0.028709823745500795,1.0609269325622823,-0.11228205980199488,-1.350255541067836,0.0,0.0,0.0,0.0,0.0,0.0,4.0047016891610764e-29,2.847787867847831e-28,8.207308857919756e-27,2.627399852451736e-28,8.532319550870594e-27,1.0833355937178133e-34,5.699520040221752e-29,1.3267731386883797e-30,2.485404889511989e-28,NaN,NaN,NaN,NaN,NaN,NaN
2025-06-11T20:41:29Z,39.98626118563278,-75.16881562132892,13.573340605857085,1.3796965483263024,-7.562185139202836,0.028975600424435297,1.0586876263062392,-0.11004509250493706,-1.3554604536974753,0.0,0.0,0.0,0.0,0.0,0.0,4.0047016891610764e-29,2.847787867847831e-28,8.20730885791946e-27,2.839899258795624e-29,2.051827214479865e-27,6.24001301981459e-32,5.369184536160481e-29,1.8496631185895076e-30,2.3863042382935893e-29,NaN,NaN,NaN,NaN,NaN,NaN
2025-06-11T20:41:30Z,39.98626118563278,-75.16881562132892,13.573340605857085,1.3648945761777382,-7.732470572387063,0.030004807199183355,1.0615151948441768,-0.10697048234879586,-1.3642413128694142,0.0,0.0,0.0,0.0,0.0,0.0,4.0047016891610764e-29,2.847787867847831e-28,8.20730885791946e-27,1.8952383247934968e-28,3.332937324558744e-27,1.6478738086663142e-32,1.6018806756644305e-28,1.774937036747265e-30,4.173074188619214e-28,NaN,NaN,NaN,NaN,NaN,NaN
2025-06-11T20:41:31Z,39.98626118563278,-75.16881562132892,13.573340605857085,1.3943230760423908,-7.897522916369899,0.030061272763119106,1.0626407450641029,-0.10038295713742823,-1.3750566309561503,0.0,0.0,0.0,0.0,0.0,0.0,4.0047016891610764e-29,2.847787867847831e-28,8.20730885791946e-27,1.1359597035182496e-28,6.970374958532768e-27,5.825938081771458e-33,2.839899258795624e-29,2.5915313331675066e-30,3.3965392350422503e-28,NaN,NaN,NaN,NaN,NaN,NaN
2025-06-11T20:41:32Z,39.98626118563278,-75.16881562132892,13.573340605857085,1.4075047359772173,-7.961244346684771,0.029452058263868337,1.059147206989326,-0.09559053615837172,-1.379274751960894,0.0,0.0,0.0,0.0,0.0,0.0,4.0047016891610764e-29,2.847787867847831e-28,8.20730885791946e-27,6.03971630559833e-29,5.566202547239479e-27,1.0410855055628335e-31,6.389773332290141e-29,7.403274706224597e-31,3.5622000251386207e-28,NaN,NaN,NaN,NaN,NaN,NaN
2025-06-11T20:41:33Z,39.98626118563278,-75.16881562132892,13.573340605857085,1.4147707363046031,-8.026261093103987,0.028999789922247582,1.058919463757552,-0.09373849294036275,-1.3832495741249986,0.0,0.0,0.0,0.0,0.0,0.0,4.0047016891610764e-29,2.847787867847831e-28,8.20730885791946e-27,9.984020831703524e-29,9.119232064354803e-28,2.193754577278598e-31,3.5942474994132205e-29,3.7286003723337333e-31,3.155443620884044e-30,NaN,NaN,NaN,NaN,NaN,NaN
2025-06-11T20:41:34Z,39.98626118563278,-75.16881562132892,13.573340605857085,1.4195040839057502,-8.070198773651214,0.028430735282668606,1.05815197213937,-0.09181321810669625,-1.3859413270773797,0.0,0.0,0.0,0.0,0.0,0.0,4.0047016891610764e-29,2.847787867847831e-28,8.20730885791946e-27,1.7162655069214755e-28,9.545216953174148e-27,1.9110039873182149e-31,1.4914401489334606e-28,5.409937213783696e-31,3.478876592024674e-28,NaN,NaN,NaN,NaN,NaN,NaN
2025-06-11T20:41:35Z,39.98626118563278,-75.16881562132892,13.573340605857085,1.414648136135959,-8.095972368151019,0.02790052955651678,1.0574388880315644,-0.09079087807266971,-1.3871298509728407,0.0,0.0,0.0,0.0,0.0,0.0,4.0047016891610764e-29,2.847787867847831e-28,8.20730885791946e-27,1.1837843958972849e-28,4.08945493266569e-27,1.0863448592559208e-31,7.09974814698906e-30,2.3303752327085833e-32,2.839899258795624e-29,NaN,NaN,NaN,NaN,NaN,NaN
2025-06-11T20:41:36Z,39.98626118563278,-75.16881562132892,13.573340605857085,1.4081523281799806,-8.102409141340319,0.027264616203722725,1.0569066422071065,-0.09018202608537287,-1.3871785920196218,0.0,0.0,0.0,0.0,0.0,0.0,4.0047016891610764e-29,2.847787867847831e-28,8.20730885791946e-27,4.264286230785366e-28,2.6537280851635268e-27,1.3019286424057914e-31,1.7798674174048944e-29,4.814824860968055e-31,1.0432685471548036e-28,NaN,NaN,NaN,NaN,NaN,NaN
2025-06-11T20:41:37Z,39.98626118563278,-75.16881562132892,13.573340605857085,1.387754160330898,-8.070750189376774,0.02657492817745508,1.0557102802591325,-0.09059927722922201,-1.3843960911442625,0.0,0.0,0.0,0.0,0.0,0.0,4.0047016891610764e-29,2.847787867847831e-28,8.20730885791946e-27,3.3965392350422503e-28,8.077935669463153e-28,4.930380657631319e-32,1.5461673742331766e-28,1.733336949948501e-33,1.2823920090499156e-28,NaN,NaN,NaN,NaN,NaN,NaN
2025-06-11T20:41:38Z,39.98626118563278,-75.16881562132892,13.573340605857085,1.3704804199704255,-7.978280391206329,0.025388493288493397,1.0540660350761775,-0.09186507885027924,-1.3784199505715717,0.0,0.0,0.0,0.0,0.0,0.0,4.0047016891610764e-29,2.847787867847831e-28,8.20730885791946e-27,6.749691120297223e-29,3.818086781269743e-28,4.4789908269155506e-32,2.99964359210287e-28,1.925929944387234e-34,7.119469669619578e-29,NaN,NaN,NaN,NaN,NaN,NaN
2025-06-11T20:41:39Z,39.98626118563278,-75.16881562132892,13.573340605857085,1.3489343493368724,-7.872401844861321,0.024225364317367284,1.0535792010579426,-0.09519892334307772,-1.3714471062313904,0.0,0.0,0.0,0.0,0.0,0.0,4.0047016891610764e-29,2.847787867847831e-28,8.20730885791946e-27,5.369184536160481e-29,7.576220133742623e-27,6.414550421024746e-32,6.389773332290141e-29,2.123337763686958e-30,8.332343311397065e-30,NaN,NaN,NaN,NaN,NaN,NaN
2025-06-11T20:41:40Z,39.98626118563278,-75.16881562132892,13.573340605857085,1.3345477697255537,-7.759215513879106,0.022960444066179312,1.0533712828098398,-0.09863677093638948,-1.3644398553153532,0.0,0.0,0.0,0.0,0.0,0.0,4.0047016891610764e-29,2.847787867847831e-28,8.20730885791946e-27,5.699520040221752e-29,4.677156307055382e-27,5.308344409217337e-33,4.437342591868219e-29,1.7381517748094734e-30,1.1359597035182496e-28,NaN,NaN,NaN,NaN,NaN,NaN
2025-06-11T20:41:41Z,39.98626118563278,-75.16881562132892,13.573340605857085,1.2798964723867772,-7.5655149992211275,0.021746594601024336,1.0504398466796019,-0.1037737234713007,-1.3508715965059523,0.0,0.0,0.0,0.0,0.0,0.0,4.0047016891610764e-29,2.847787867847831e-28,8.20730885791946e-27,1.956868083013852e-28,3.976647823219182e-27,7.523163845262585e-33,4.930380657631319e-32,1.8496631185895076e-30,2.7733391199176604e-28,NaN,NaN,NaN,NaN,NaN,NaN
2025-06-11T20:41:42Z,39.98626118563278,-75.16881562132892,13.573340605857085,1.243207536513549,-7.39487793863024,0.02050473407781009,1.0517225895091036,-0.10990174913007038,-1.3395848338171839,0.0,0.0,0.0,0.0,0.0,0.0,4.0047016891610764e-29,2.847787867847831e-28,8.20730885791946e-27,2.4158865222393385e-30,3.865418435582931e-27,1.0833355937178131e-34,1.1359597035182496e-28,2.7273093942467458e-30,1.8345946427046095e-28,NaN,NaN,NaN,NaN,NaN,NaN
2025-06-11T20:41:43Z,39.98626118563278,-75.16881562132892,13.573340605857085,1.2280725620984927,-7.329564811253494,0.01976561687525162,1.055187543292558,-0.11488944737915989,-1.3351985183645956,0.0,0.0,0.0,0.0,0.0,0.0,4.0047016891610764e-29,2.847787867847831e-28,8.20730885791946e-27,1.7798674174048944e-29,9.119232064354803e-28,2.547042351452157e-32,1.2325951644078241e-30,2.7733391199176016e-32,1.384943926728626e-28,NaN,NaN,NaN,NaN,NaN,NaN
2025-06-11T20:41:44Z,39.98626118563278,-75.16881562132892,13.573340605857085,1.2215744274949139,-7.297139763698895,0.019170544983408127,1.0562257521583098,-0.11684142041896792,-1.3330698484204995,0.0,0.0,0.0,0.0,0.0,0.0,4.0047016891610764e-29,2.847787867847831e-28,8.20730885791946e-27,1.1837843958972849e-28,1.0798716931570429e-26,2.225652791982519e-32,1.2621774483536176e-29,1.3914843848197737e-30,2.2132478772106838e-28,NaN,NaN,NaN,NaN,NaN,NaN
2025-06-11T20:41:45Z,39.98626118563278,-75.16881562132892,13.573340605857085,1.2197478664914627,-7.227822792388306,0.018293628386167837,1.0549597957149497,-0.11790882520399142,-1.3291240271262819,0.0,0.0,0.0,0.0,0.0,0.0,4.0047016891610764e-29,2.847787867847831e-28,8.20730885791946e-27,9.663546088957354e-30,2.6537280851635268e-27,4.930380657631319e-32,7.09974814698906e-30,8.137054015035996e-31,9.116273835960397e-29,NaN,NaN,NaN,NaN,NaN,NaN
2025-06-11T20:41:46Z,39.98626118563278,-75.16881562132892,13.573340605857085,1.2166407654719034,-7.199766427164122,0.017742825992367244,1.0558387255923187,-0.1201299607091197,-1.3273623645965924,0.0,0.0,0.0,0.0,0.0,0.0,4.0047016891610764e-29,2.847787867847831e-28,8.20730885791946e-27,1.232595164407822e-28,3.231174267785261e-27,9.437056727497416e-33,3.332937324558826e-29,2.043219078000405e-30,2.2132478772106838e-28,NaN,NaN,NaN,NaN,NaN,NaN
2025-06-11T20:41:47Z,39.98626118563278,-75.16881562132892,13.573340605857085,1.1799206120373251,-6.92813803616983,0.016075354556924288,1.0477912342030973,-0.12252614268587936,-1.3103832013501764,0.0,0.0,0.0,0.0,0.0,0.0,4.0047016891610764e-29,2.847787867847831e-28,8.20730885791946e-27,9.663546088957354e-30,9.031668503875427e-27,2.8900986227961057e-32,1.1093356479670547e-29,3.7286003723337333e-31,6.389773332290141e-29,NaN,NaN,NaN,NaN,NaN,NaN
2025-06-11T20:41:48Z,39.98626118563278,-75.16881562132892,13.573340605857085,1.1731612556493243,-6.829610962399197,0.01519752487030651,1.0527471744185197,-0.13029222339966343,-1.304493739381538,0.0,0.0,0.0,0.0,0.0,0.0,4.0047016891610764e-29,2.847787867847831e-28,8.20730885791946e-27,4.4373425918681625e-31,6.2485672302556804e-27,5.814201946172781e-32,1.7749370367472875e-28,3.7286003723337333e-31,1.2325951644078241e-30,NaN,NaN,NaN,NaN,NaN,NaN
2025-06-11T20:41:49Z,39.98626118563278,-75.16881562132892,13.573340605857085,1.1523866067557678,-6.753668970282935,0.014663995914591802,1.0529113319577796,-0.1338620954998176,-1.299149963524572,0.0,0.0,0.0,0.0,0.0,0.0,4.0047016891610764e-29,2.847787867847831e-28,8.20730885791946e-27,2.839899258795624e-29,4.437342591868257e-27,7.827099664611301e-33,1.0432685471548036e-28,1.5099290763995866e-31,2.1476738144641925e-28,NaN,NaN,NaN,NaN,NaN,NaN
2025-06-11T20:41:50Z,39.98626118563278,-75.16881562132892,13.573340605857085,1.1223265049557873,-6.696820542439281,0.014376838639257367,1.053502287704754,-0.1367284299614953,-1.294460653088819,0.0,0.0,0.0,0.0,0.0,0.0,4.0047016891610764e-29,2.847787867847831e-28,8.20730885791946e-27,7.499108980257175e-29,2.563009081063089e-27,2.7083389842945672e-33,1.4376989997652882e-28,3.7748226909989664e-32,6.749691120297223e-29,NaN,NaN,NaN,NaN,NaN,NaN
2025-06-11T20:41:51Z,39.98626118563278,-75.16881562132892,13.573340605857085,1.1156893855339254,-6.668444029084097,0.013998423332311586,1.0548622541895336,-0.13811806773513186,-1.2926033796067966,0.0,0.0,0.0,0.0,0.0,0.0,4.0047016891610764e-29,2.847787867847831e-28,8.20730885791946e-27,1.1837843958972849e-28,2.6537280851635268e-27,7.523163845262585e-33,1.2325951644078241e-30,3.7748226909989664e-32,4.738095811983742e-29,NaN,NaN,NaN,NaN,NaN,NaN
2025-06-11T20:41:52Z,39.98626118563278,-75.16881562132892,13.573340605857085,1.1133412287937439,-6.678131326552862,0.013806547530513021,1.0560170127854749,-0.13890730699347784,-1.293016830333717,0.0,0.0,0.0,0.0,0.0,0.0,4.0047016891610764e-29,2.847787867847831e-28,8.20730885791946e-27,5.0487097934144705e-29,3.818086781269743e-28,8.453026896537024e-33,1.2823920090499156e-28,4.814824860968055e-31,1.9721522630525186e-29,NaN,NaN,NaN,NaN,NaN,NaN
2025-06-11T20:41:53Z,39.98626118563278,-75.16881562132892,13.573340605857085,1.1169500865839868,-6.694973136944232,0.01359643658660157,1.056337479621574,-0.13847075598007982,-1.2941528757923662,0.0,0.0,0.0,0.0,0.0,0.0,4.0047016891610764e-29,2.847787867847831e-28,8.20730885791946e-27,7.888609052210074e-29,4.799429747364592e-27,1.7381517748094672e-32,4.437342591868219e-29,1.4914401489334933e-30,6.03971630559833e-29,NaN,NaN,NaN,NaN,NaN,NaN
2025-06-11T20:41:54Z,39.98626118563278,-75.16881562132892,13.573340605857085,1.129607118637752,-6.722525652028858,0.01335520992222426,1.0566681170551315,-0.13764889949808037,-1.2963314016351206,0.0,0.0,0.0,0.0,0.0,0.0,4.0047016891610764e-29,2.847787867847831e-28,8.20730885791946e-27,4.21336589200757e-244,4.930380657631288e-28,9.437056727497416e-33,2.4158865222393385e-30,1.112417135878059e-30,1.956868083013852e-28,NaN,NaN,NaN,NaN,NaN,NaN
2025-06-11T20:41:55Z,39.98626118563278,-75.16881562132892,13.573340605857085,1.144494223508611,-6.764424568501621,0.013177467738202282,1.0569207354840515,-0.13658524140735315,-1.2993973604488869,0.0,0.0,0.0,0.0,0.0,0.0,4.0047016891610764e-29,2.847787867847831e-28,8.20730885791946e-27,2.0194839173657882e-28,5.834415255014654e-27,4.5770928834577485e-33,9.116273835960397e-29,2.973056326338551e-256,5.0487097934144705e-29,NaN,NaN,NaN,NaN,NaN,NaN
2025-06-11T20:41:56Z,39.98626118563278,-75.16881562132892,13.573340605857085,1.1471593668666904,-6.796480208041369,0.013081834446116507,1.056394315287594,-0.13551695805238403,-1.3012961537092373,0.0,0.0,0.0,0.0,0.0,0.0,4.0047016891610764e-29,2.847787867847831e-28,8.20730885791946e-27,7.119469669619578e-29,6.1846694969327065e-28,1.8780826223313712e-32,3.478876592024674e-28,3.397340421899096e-31,4.1464501330680106e-29,NaN,NaN,NaN,NaN,NaN,NaN
2025-06-11T20:41:57Z,39.98626118563278,-75.16881562132892,13.573340605857085,1.1642261169361559,-6.8722699905126685,0.013071465929344066,1.057920573224927,-0.13400535570348981,-1.306397675057619,0.0,0.0,0.0,0.0,0.0,0.0,4.0047016891610764e-29,2.847787867847831e-28,8.20730885791946e-27,3.993608332681338e-30,2.300318399624461e-27,1.2325951644078297e-32,3.155443620884044e-30,6.4788283329187665e-31,3.081487911019555e-29,NaN,NaN,NaN,NaN,NaN,NaN
2025-06-11T20:41:58Z,39.98626118563278,-75.16881562132892,13.573340605857085,1.1752883382431496,-6.915735816749007,0.012954969618294756,1.056855004213055,-0.13172010971920267,-1.3093820323242578,0.0,0.0,0.0,0.0,0.0,0.0,4.0047016891610764e-29,2.847787867847831e-28,8.20730885791946e-27,1.5974433330725352e-29,8.047170094159559e-27,9.750020343460298e-34,1.1093356479670547e-29,4.4373425918681625e-31,5.369184536160481e-29,NaN,NaN,NaN,NaN,NaN,NaN
2025-06-11T20:41:59Z,39.98626118563278,-75.16881562132892,13.573340605857085,1.1881036905933564,-6.956615185510442,0.01281185347171898,1.0567052845411482,-0.13022343994046476,-1.3123045722744617,0.0,0.0,0.0,0.0,0.0,0.0,4.0047016891610764e-29,2.847787867847831e-28,8.20730885791946e-27,1.232595164407822e-28,2.83989925879566e-27,1.692711865184119e-32,3.081487911019555e-29,4.930380657631319e-32,5.369184536160481e-29,NaN,NaN,NaN,NaN,NaN,NaN
2025-06-11T20:42:00Z,39.98626118563278,-75.16881562132892,13.573340605857085,1.205004481613446,-7.022849929797494,0.012760411553742891,1.0573836816534234,-0.12866360121744447,-1.316836380224796,0.0,0.0,0.0,0.0,0.0,0.0,4.0047016891610764e-29,2.847787867847831e-28,8.20730885791946e-27,3.332937324558826e-29,9.119232064354803e-28,2.831417944803021e-32,7.888609052210074e-29,7.703719777548901e-32,1.3331749298235304e-28,NaN,NaN,NaN,NaN,NaN,NaN
2025-06-11T20:42:01Z,39.98626118563278,-75.16881562132892,13.573340605857085,1.2060750506406552,-7.038331268431843,0.012613527685788436,1.055621069949391,-0.1270020890581561,-1.317743815873099,0.0,0.0,0.0,0.0,0.0,0.0,4.0047016891610764e-29,2.847787867847831e-28,8.20730885791946e-27,7.88860905221011e-31,9.201273598497844e-27,2.359264181874354e-33,7.09974814698906e-30,1.1093356479670406e-31,2.485404889511989e-28,NaN,NaN,NaN,NaN,NaN,NaN
2025-06-11T20:42:02Z,39.98626118563278,-75.16881562132892,13.573340605857085,1.206277022327667,-7.039789667615448,0.012411836649308105,1.055192540022548,-0.12658399503941195,-1.317841874803522,0.0,0.0,0.0,0.0,0.0,0.0,4.0047016891610764e-29,2.847787867847831e-28,8.20730885791946e-27,1.2325951644078241e-30,6.676918701790743e-27,1.0833355937178269e-32,1.0432685471548036e-28,2.5029385557256727e-30,2.839899258795624e-29,NaN,NaN,NaN,NaN,NaN,NaN
2025-06-11T20:42:03Z,39.98626118563278,-75.16881562132892,13.573340605857085,1.2103450303664889,-7.040401685586636,0.012176575081170624,1.0551389157734459,-0.126449060868428,-1.3180829941260823,0.0,0.0,0.0,0.0,0.0,0.0,4.0047016891610764e-29,2.847787867847831e-28,8.20730885791946e-27,4.4373425918681625e-31,9.031668503875427e-27,8.453026896537024e-33,9.116273835960397e-29,1.1717357781651836e-30,1.232595164407822e-28,NaN,NaN,NaN,NaN,NaN,NaN
2025-06-11T20:42:04Z,39.98626118563278,-75.16881562132892,13.573340605857085,1.2144972767796378,-7.054972292425293,0.01201341117648211,1.0554339605617142,-0.12637736854456177,-1.3190902744283077,0.0,0.0,0.0,0.0,0.0,0.0,4.0047016891610764e-29,2.847787867847831e-28,8.20730885791946e-27,0.0,1.8940550334356558e-27,2.547042351452157e-32,2.3863042382935893e-29,2.003737514140493e-30,9.984020831703524e-29,NaN,NaN,NaN,NaN,NaN,NaN
2025-06-11T20:42:05Z,39.98626118563278,-75.16881562132892,13.573340605857085,1.2209347429609732,-7.081844029347413,0.011891438635730948,1.055764868352535,-0.12580732525847374,-1.3209083850899217,0.0,0.0,0.0,0.0,0.0,0.0,4.0047016891610764e-29,2.847787867847831e-28,8.20730885791946e-27,2.083085827849215e-28,9.663546088957328e-28,3.686350284178668e-33,1.5974433330725352e-29,4.5675354561087714e-30,3.332937324558826e-29,NaN,NaN,NaN,NaN,NaN,NaN
2025-06-11T20:42:06Z,39.98626118563278,-75.16881562132892,13.573340605857085,1.2195520371124435,-7.10841799309982,0.01184142069112437,1.0556730124362468,-0.12514587489515805,-1.3223113968261886,0.0,0.0,0.0,0.0,0.0,0.0,4.0047016891610764e-29,2.847787867847831e-28,8.20730885791946e-27,2.5559093329160563e-28,2.7460248110743607e-27,1.0833355937178269e-32,3.3151879541912963e-28,1.3589361687596383e-30,8.287969885478241e-29,NaN,NaN,NaN,NaN,NaN,NaN
2025-06-11T20:42:07Z,39.98626118563278,-75.16881562132892,13.573340605857085,1.2202483567571774,-7.144536064092879,0.011817392011999528,1.056135922757711,-0.12426781639158829,-1.3243773081117713,0.0,0.0,0.0,0.0,0.0,0.0,4.0047016891610764e-29,2.847787867847831e-28,8.20730885791946e-27,3.8654184355829416e-29,4.437342591868257e-27,2.3836392327330324e-32,2.0194839173657882e-28,2.819754031577374e-30,3.5942474994132205e-29,NaN,NaN,NaN,NaN,NaN,NaN
2025-06-11T20:42:08Z,39.98626118563278,-75.16881562132892,13.573340605857085,1.2231625451253405,-7.181880476528584,0.011780346611516732,1.0563327107025824,-0.12308362492243377,-1.3266243387781156,0.0,0.0,0.0,0.0,0.0,0.0,4.0047016891610764e-29,2.847787867847831e-28,8.20730885791946e-27,8.287969885478241e-29,8.20730885791946e-27,4.1196845216657854e-33,7.499108980257175e-29,1.8496631185895076e-30,2.0194839173657882e-28,NaN,NaN,NaN,NaN,NaN,NaN
2025-06-11T20:42:09Z,39.98626118563278,-75.16881562132892,13.573340605857085,1.2277257746911796,-7.2050108195924185,0.011668672500885794,1.0559828012517836,-0.12188842384524265,-1.3281586367937062,0.0,0.0,0.0,0.0,0.0,0.0,4.0047016891610764e-29,2.847787867847831e-28,8.20730885791946e-27,2.7733391199176604e-28,1.8940550334356558e-27,1.4564845204428646e-33,6.389773332290141e-29,5.009343785351233e-31,1.956868083013852e-28,NaN,NaN,NaN,NaN,NaN,NaN
2025-06-11T20:42:10Z,39.98626118563278,-75.16881562132892,13.573340605857085,1.2309190996364587,-7.232666251872834,0.011591070930933178,1.0560904490626444,-0.12116627062481872,-1.32985888888255,0.0,0.0,0.0,0.0,0.0,0.0,4.0047016891610764e-29,2.847787867847831e-28,8.20730885791946e-27,4.738095811983742e-29,2.6537280851635268e-27,7.523163845262585e-33,5.699520040221752e-29,2.5470423514520945e-30,4.173074188619214e-28,NaN,NaN,NaN,NaN,NaN,NaN
2025-06-11T20:42:11Z,39.98626118563278,-75.16881562132892,13.573340605857085,1.2426472910540756,-7.264282502115398,0.011461902438085087,1.0562752568245994,-0.12003376214116372,-1.3322230680565115,0.0,0.0,0.0,0.0,0.0,0.0,4.0047016891610764e-29,2.847787867847831e-28,8.20730885791946e-27,2.1742978700154214e-29,5.750795999061153e-28,1.6478738086663142e-32,2.839899258795624e-29,4.27575706953407e-30,1.8345946427046095e-28,NaN,NaN,NaN,NaN,NaN,NaN
2025-06-11T20:42:12Z,39.98626118563278,-75.16881562132892,13.573340605857085,1.260763940597564,-7.298061277595203,0.011293347042875579,1.056184705030816,-0.11875645331189247,-1.3350087890206737,0.0,0.0,0.0,0.0,0.0,0.0,4.0047016891610764e-29,2.847787867847831e-28,8.20730885791946e-27,2.1476738144641925e-28,6.2485672302556804e-27,2.193754577278577e-33,4.437342591868219e-29,1.5255291089491407e-30,1.774937036747265e-30,NaN,NaN,NaN,NaN,NaN,NaN
2025-06-11T20:42:13Z,39.98626118563278,-75.16881562132892,13.573340605857085,1.266809608287721,-7.326279975153326,0.01120360086594663,1.0556229575147458,-0.11789226857181803,-1.3368491963045381,0.0,0.0,0.0,0.0,0.0,0.0,4.0047016891610764e-29,2.847787867847831e-28,8.20730885791946e-27,3.0770505684277186e-28,5.4344627760676006e-27,3.900008137384119e-33,2.3863042382935893e-29,4.27575706953407e-30,2.083085827849215e-28,NaN,NaN,NaN,NaN,NaN,NaN
2025-06-11T20:42:14Z,39.98626118563278,-75.16881562132892,13.573340605857085,1.291535730398086,-7.427790583851949,0.011264724711647748,1.0579580612799364,-0.11626690088419599,-1.343753762653466,0.0,0.0,0.0,0.0,0.0,0.0,4.0047016891610764e-29,2.847787867847831e-28,8.20730885791946e-27,3.8654184355829416e-29,9.545216953174148e-27,1.8308371533830994e-32,1.4376989997652882e-28,3.305088377562927e-30,1.9721522630525186e-29,NaN,NaN,NaN,NaN,NaN,NaN
2025-06-11T20:42:15Z,39.98626118563278,-75.16881562132892,13.573340605857085,1.2930751283042792,-7.441546778158177,0.011155308578680606,1.0549236577555128,-0.11371918525764817,-1.3445813909395365,0.0,0.0,0.0,0.0,0.0,0.0,4.0047016891610764e-29,2.847787867847831e-28,8.20730885791946e-27,9.663546088957354e-30,7.09974814698915e-28,5.308344409217337e-33,2.9232226919096137e-28,1.733336949948523e-31,4.9303806576312965e-30,NaN,NaN,NaN,NaN,NaN,NaN
2025-06-11T20:42:16Z,39.98626118563278,-75.16881562132892,13.573340605857085,1.298049608741015,-7.455109866188305,0.011021573574158904,1.0549246381554258,-0.11319249155370183,-1.3455921514374016,0.0,0.0,0.0,0.0,0.0,0.0,4.0047016891610764e-29,2.847787867847831e-28,8.20730885791946e-27,1.7749370367472875e-28,1.0799505792475557e-27,8.696777405123523e-34,1.7749370367472875e-28,7.644015949272859e-31,2.1476738144641925e-28,NaN,NaN,NaN,NaN,NaN,NaN
2025-06-11T20:42:17Z,39.98626118563278,-75.16881562132892,13.573340605857085,1.3035260061295009,-7.468056825183063,0.01088514799045796,1.0548080598365273,-0.112722664643748,-1.3465836374016715,0.0,0.0,0.0,0.0,0.0,0.0,4.0047016891610764e-29,2.847787867847831e-28,8.20730885791946e-27,4.930380657631319e-32,2.6537280851635268e-27,1.6036376052561865e-32,5.369184536160481e-29,6.7041621364120135e-31,1.6585800532272042e-28,NaN,NaN,NaN,NaN,NaN,NaN
2025-06-11T20:42:18Z,39.98626118563278,-75.16881562132892,13.573340605857085,1.3116281559124483,-7.500936991760808,0.010808962301004182,1.05533216219854,-0.11215938866415946,-1.348815648704668,0.0,0.0,0.0,0.0,0.0,0.0,4.0047016891610764e-29,2.847787867847831e-28,8.20730885791946e-27,1.5974433330725352e-29,3.032381319669595e-27,1.1197477067288877e-32,2.4158865222393385e-30,2.7273093942467458e-30,7.88860905221011e-31,NaN,NaN,NaN,NaN,NaN,NaN
2025-06-11T20:42:19Z,39.98626118563278,-75.16881562132892,13.573340605857085,1.3190253080932397,-7.518919054479705,0.010683579720075075,1.0547685501639756,-0.1111202799470702,-1.3501863366347433,0.0,0.0,0.0,0.0,0.0,0.0,4.0047016891610764e-29,2.847787867847831e-28,8.20730885791946e-27,6.389773332290141e-29,6.532557156135121e-27,1.4564845204428646e-33,4.4373425918681625e-31,2.7733391199176368e-30,3.9053545189098003e-28,NaN,NaN,NaN,NaN,NaN,NaN
2025-06-11T20:42:20Z,39.98626118563278,-75.16881562132892,13.573340605857085,1.3191279083633267,-7.5214360749381886,0.010556970097643961,1.0541104555915597,-0.11074393079939913,-1.3503184024454886,0.0,0.0,0.0,0.0,0.0,0.0,4.0047016891610764e-29,2.847787867847831e-28,8.20730885791946e-27,2.279808016088701e-28,1.5023067079028685e-26,2.6589870294695925e-32,3.8654184355829416e-29,8.645499520354233e-31,2.99964359210287e-28,NaN,NaN,NaN,NaN,NaN,NaN
2025-06-11T20:42:21Z,39.98626118563278,-75.16881562132892,13.573340605857085,1.3191342072193502,-7.525387780171978,0.01043951546269006,1.0541370831752614,-0.11067878788992887,-1.350539070178962,0.0,0.0,0.0,0.0,0.0,0.0,4.0047016891610764e-29,2.847787867847831e-28,8.20730885791946e-27,1.7749370367472875e-28,3.865418435582931e-27,7.225246556990264e-33,9.116273835960397e-29,1.2325951644078241e-30,1.5974433330725352e-29,NaN,NaN,NaN,NaN,NaN,NaN
2025-06-11T20:42:22Z,39.98626118563278,-75.16881562132892,13.573340605857085,1.3206414502489916,-7.5562761563685275,0.010412404382270934,1.0549847269784312,-0.11046453983478069,-1.3523351417680631,0.0,0.0,0.0,0.0,0.0,0.0,4.0047016891610764e-29,2.847787867847831e-28,8.20730885791946e-27,2.485404889511989e-28,8.20730885791946e-27,1.8308371533830994e-32,2.1742978700154214e-29,2.226375015711622e-31,1.0432685471548036e-28,NaN,NaN,NaN,NaN,NaN,NaN
2025-06-11T20:42:23Z,39.98626118563278,-75.16881562132892,13.573340605857085,1.3234606089341834,-7.577717416469214,0.010342701389521789,1.0547677278430232,-0.10948125327867997,-1.35368242686997,0.0,0.0,0.0,0.0,0.0,0.0,4.0047016891610764e-29,2.847787867847831e-28,8.20730885791946e-27,4.930380657631319e-32,7.422392257224431e-27,1.925929944387234e-34,1.8952383247934968e-28,8.905500062846488e-31,3.1554436208840297e-28,NaN,NaN,NaN,NaN,NaN,NaN
2025-06-11T20:42:24Z,39.98626118563278,-75.16881562132892,13.573340605857085,1.3340837554945049,-7.637461669657403,0.010356533730376451,1.0560010911179394,-0.10848531265381672,-1.3575492624015622,0.0,0.0,0.0,0.0,0.0,0.0,4.0047016891610764e-29,2.847787867847831e-28,8.20730885791946e-27,4.35648434908298e-28,7.422392257224431e-27,2.123337763686935e-32,4.9303806576312965e-30,1.9646411362694235e-30,1.2823920090499156e-28,NaN,NaN,NaN,NaN,NaN,NaN
2025-06-11T20:42:25Z,39.98626118563278,-75.16881562132892,13.573340605857085,1.3406012905257827,-7.6723819667859665,0.010311065974850035,1.055160514011102,-0.10669962303076279,-1.359822347484833,0.0,0.0,0.0,0.0,0.0,0.0,4.0047016891610764e-29,2.847787867847831e-28,8.20730885791946e-27,3.332937324558826e-29,3.436278103142708e-27,3.0092655381050393e-34,3.332937324558826e-29,1.424417786868812e-30,1.8952383247934968e-28,NaN,NaN,NaN,NaN,NaN,NaN
2025-06-11T20:42:26Z,39.98626118563278,-75.16881562132892,13.573340605857085,1.343331410128425,-7.695413602696452,0.010251143969955015,1.0547237933354354,-0.10569222083197954,-1.3612400202604376,0.0,0.0,0.0,0.0,0.0,0.0,4.0047016891610764e-29,2.847787867847831e-28,8.20730885791946e-27,3.0770505684277186e-28,3.865418435582931e-27,1.4564845204428646e-33,1.2823920090499156e-28,2.7810428396951476e-31,5.699520040221752e-29,NaN,NaN,NaN,NaN,NaN,NaN
2025-06-11T20:42:27Z,39.98626118563278,-75.16881562132892,13.573340605857085,1.347754446849148,-7.718127055067195,0.010180144255781296,1.054720925641799,-0.10491080736129617,-1.362731551893495,0.0,0.0,0.0,0.0,0.0,0.0,4.0047016891610764e-29,2.847787867847831e-28,8.20730885791946e-27,2.0194839173657882e-28,2.9353514283273752e-27,2.1741943512808964e-32,3.8654184355829416e-29,7.703719777548936e-34,1.9721522630525275e-31,NaN,NaN,NaN,NaN,NaN,NaN
2025-06-11T20:42:28Z,39.98626118563278,-75.16881562132892,13.573340605857085,1.3506048807592157,-7.744902353758156,0.010135006321039104,1.054796377026944,-0.10420543588550683,-1.3643635556117208,0.0,0.0,0.0,0.0,0.0,0.0,4.0047016891610764e-29,2.847787867847831e-28,8.20730885791946e-27,1.384943926728626e-28,1.1391151471391324e-27,1.2037062152420212e-35,1.4914401489334606e-28,1.4577363749066773e-30,5.029481308849724e-28,NaN,NaN,NaN,NaN,NaN,NaN
2025-06-11T20:42:29Z,39.98626118563278,-75.16881562132892,13.573340605857085,1.3523448215473544,-7.767289410185132,0.010083471126311432,1.0546658893143035,-0.10339423331093146,-1.3657009525117676,0.0,0.0,0.0,0.0,0.0,0.0,4.0047016891610764e-29,2.847787867847831e-28,8.20730885791946e-27,9.663546088957354e-30,4.799429747364592e-27,6.093762714662795e-33,3.5942474994132205e-29,2.5470423514520945e-30,1.9721522630525186e-29,NaN,NaN,NaN,NaN,NaN,NaN
2025-06-11T20:42:30Z,39.98626118563278,-75.16881562132892,13.573340605857085,1.3547826560412313,-7.778917926574733,0.009992882621988405,1.05435182659956,-0.1026949357825531,-1.3664768003628769,0.0,0.0,0.0,0.0,0.0,0.0,4.0047016891610764e-29,2.847787867847831e-28,8.20730885791946e-27,1.1359597035182496e-28,4.08945493266569e-27,4.5770928834577485e-33,1.384943926728626e-28,2.123337763686958e-30,2.699876448118889e-28,NaN,NaN,NaN,NaN,NaN,NaN
2025-06-11T20:42:31Z,39.98626118563278,-75.16881562132892,13.573340605857085,1.3657907907925204,-7.801167226532807,0.009884090688058438,1.054677016293665,-0.10205274229278105,-1.368274442436657,0.0,0.0,0.0,0.0,0.0,0.0,4.0047016891610764e-29,2.847787867847831e-28,8.20730885791946e-27,2.279808016088701e-28,6.1089388500315886e-27,1.4564845204428646e-33,2.839899258795624e-29,4.254379247151348e-31,2.1742978700154214e-29,NaN,NaN,NaN,NaN,NaN,NaN
2025-06-11T20:42:32Z,39.98626118563278,-75.16881562132892,13.573340605857085,1.3751455253499019,-7.8216485476695405,0.00978245903781322,1.0543853634516671,-0.10131624129547902,-1.369870168734019,0.0,0.0,0.0,0.0,0.0,0.0,4.0047016891610764e-29,2.847787867847831e-28,8.20730885791946e-27,3.3151879541912963e-28,6.532557156135121e-27,3.0092655381050393e-34,9.545216953174357e-29,4.4373425918681625e-31,3.3965392350422503e-28,NaN,NaN,NaN,NaN,NaN,NaN
2025-06-11T20:42:33Z,39.98626118563278,-75.16881562132892,13.573340605857085,1.3826525808954095,-7.83777982810628,0.00968069122615184,1.0540483835504906,-0.10066233933729615,-1.371133430584901,0.0,0.0,0.0,0.0,0.0,0.0,4.0047016891610764e-29,2.847787867847831e-28,8.20730885791946e-27,1.7798674174048944e-29,3.032381319669595e-27,1.3270861023043343e-33,1.8952383247934968e-28,8.389350837750752e-31,4.543838814072998e-28,NaN,NaN,NaN,NaN,NaN,NaN
2025-06-11T20:42:34Z,39.98626118563278,-75.16881562132892,13.573340605857085,1.3846503350043102,-7.861467618821733,0.009639338739304537,1.054105212843663,-0.10023681871521702,-1.3725387472570891,0.0,0.0,0.0,0.0,0.0,0.0,4.0047016891610764e-29,2.847787867847831e-28,8.20730885791946e-27,1.8952383247934968e-28,8.20730885791946e-27,1.1567616728475933e-32,6.03971630559833e-29,8.645499520354233e-31,5.699520040221752e-29,NaN,NaN,NaN,NaN,NaN,NaN
2025-06-11T20:42:35Z,39.98626118563278,-75.16881562132892,13.573340605857085,1.3897560110067966,-7.885630499281587,0.009581245312816391,1.0541491646799757,-0.0993984884347199,-1.3741471280178301,0.0,0.0,0.0,0.0,0.0,0.0,4.0047016891610764e-29,2.847787867847831e-28,8.20730885791946e-27,1.232595164407822e-28,2.051827214479865e-27,2.7083389842945672e-33,9.545216953174357e-29,6.039716305598346e-31,3.731805119761094e-28,NaN,NaN,NaN,NaN,NaN,NaN
2025-06-11T20:42:36Z,39.98626118563278,-75.16881562132892,13.573340605857085,1.3959301052626423,-7.924911655995251,0.009564843687759691,1.054563628332841,-0.09853878349183037,-1.3766425655384076,0.0,0.0,0.0,0.0,0.0,0.0,4.0047016891610764e-29,2.847787867847831e-28,8.20730885791946e-27,2.608171367887009e-29,4.799429747364592e-27,0.0,3.646509534384159e-28,6.7041621364120135e-31,4.1464501330680106e-29,NaN,NaN,NaN,NaN,NaN,NaN
2025-06-11T20:42:37Z,39.98626118563278,-75.16881562132892,13.573340605857085,1.3992342636205024,-7.958451506965576,0.009548413808065388,1.0543336972774304,-0.0973565461111905,-1.3786749830057548,0.0,0.0,0.0,0.0,0.0,0.0,4.0047016891610764e-29,2.847787867847831e-28,8.20730885791946e-27,5.029481308849724e-28,1.2924697071141045e-26,3.686350284178668e-33,3.8654184355829416e-29,6.952607099237869e-32,2.2132478772106838e-28,NaN,NaN,NaN,NaN,NaN,NaN
2025-06-11T20:42:38Z,39.98626118563278,-75.16881562132892,13.573340605857085,1.4035779554675745,-7.982108691024192,0.009496057193797643,1.054041272954587,-0.09628039660564411,-1.3802160280557685,0.0,0.0,0.0,0.0,0.0,0.0,4.0047016891610764e-29,2.847787867847831e-28,8.20730885791946e-27,3.0770505684277186e-28,1.2325951644078179e-26,4.345379437023668e-33,3.155443620884044e-30,2.3592641818743477e-31,2.4158865222393385e-30,NaN,NaN,NaN,NaN,NaN,NaN
2025-06-11T20:42:39Z,39.98626118563278,-75.16881562132892,13.573340605857085,1.4059644091183554,-7.992177084661167,0.009415388878151305,1.0535547837690886,-0.0955985777721556,-1.3808949769413557,0.0,0.0,0.0,0.0,0.0,0.0,4.0047016891610764e-29,2.847787867847831e-28,8.20730885791946e-27,5.699520040221752e-29,1.4586038137536636e-27,1.2714146898493744e-32,2.279808016088701e-28,2.4158865222393385e-30,5.369184536160481e-29,NaN,NaN,NaN,NaN,NaN,NaN
2025-06-11T20:42:40Z,39.98626118563278,-75.16881562132892,13.573340605857085,1.4048202087399582,-8.004659408086788,0.009364162631436714,1.0535696235421397,-0.09536619758591902,-1.3815281002663768,0.0,0.0,0.0,0.0,0.0,0.0,4.0047016891610764e-29,2.847787867847831e-28,8.20730885791946e-27,1.4914401489334606e-28,0.0,1.2037062152420212e-35,1.2823920090499156e-28,2.3303752327085833e-32,3.646509534384159e-28,NaN,NaN,NaN,NaN,NaN,NaN
2025-06-11T20:42:41Z,39.98626118563278,-75.16881562132892,13.573340605857085,1.4007319229840816,-8.024529602410404,0.009352784690252252,1.0538474760677814,-0.0950608773789845,-1.3824316288768812,0.0,0.0,0.0,0.0,0.0,0.0,4.0047016891610764e-29,2.847787867847831e-28,8.20730885791946e-27,1.089121087270745e-28,2.1330798877176486e-27,3.009265538105053e-36,4.4373425918681625e-31,1.2325951644078241e-30,5.369184536160481e-29,NaN,NaN,NaN,NaN,NaN,NaN
2025-06-11T20:42:42Z,39.98626118563278,-75.16881562132892,13.573340605857085,1.3955978662165782,-8.04090224986566,0.00933739679634199,1.053895540520488,-0.0945231055584171,-1.3830971953229023,0.0,0.0,0.0,0.0,0.0,0.0,4.0047016891610764e-29,2.847787867847831e-28,8.20730885791946e-27,2.839899258795624e-29,7.270142102516797e-27,9.103028252767704e-33,4.738095811983742e-29,5.825938081771331e-31,1.1093356479670547e-29,NaN,NaN,NaN,NaN,NaN,NaN
2025-06-11T20:42:43Z,39.98626118563278,-75.16881562132892,13.573340605857085,1.3948693861772976,-8.04253000458217,0.009254677682958951,1.0536258926142728,-0.0939784440503168,-1.3831690934499032,0.0,0.0,0.0,0.0,0.0,0.0,4.0047016891610764e-29,2.847787867847831e-28,8.20730885791946e-27,1.8345946427046095e-28,9.201273598497844e-27,2.034263503759049e-33,7.88860905221011e-31,3.900008137384189e-31,1.089121087270745e-28,NaN,NaN,NaN,NaN,NaN,NaN
2025-06-11T20:42:44Z,39.98626118563278,-75.16881562132892,13.573340605857085,1.3936588336072149,-8.044014017423189,0.009175858628354235,1.0536266856478673,-0.09395871155605162,-1.3831923028060324,0.0,0.0,0.0,0.0,0.0,0.0,4.0047016891610764e-29,2.847787867847831e-28,8.20730885791946e-27,2.415886522239332e-28,2.6537280851635268e-27,1.733336949948501e-33,7.09974814698906e-30,3.397340421899096e-31,4.738095811983742e-29,NaN,NaN,NaN,NaN,NaN,NaN
2025-06-11T20:42:45Z,39.98626118563278,-75.16881562132892,13.573340605857085,1.39212881968421,-8.048406025439524,0.00910858386910592,1.0537369615315926,-0.09393550509800523,-1.3833621044670965,0.0,0.0,0.0,0.0,0.0,0.0,4.0047016891610764e-29,2.847787867847831e-28,8.20730885791946e-27,3.081487911019555e-29,3.231174267785261e-27,5.898160454685885e-34,3.5942474994132205e-29,6.24001301981459e-32,3.8654184355829416e-29,NaN,NaN,NaN,NaN,NaN,NaN
2025-06-11T20:42:46Z,39.98626118563278,-75.16881562132892,13.573340605857085,1.393299382951626,-8.051314630730955,0.009023553539483099,1.053739555030298,-0.09374961254271438,-1.3835890682654637,0.0,0.0,0.0,0.0,0.0,0.0,4.0047016891610764e-29,2.847787867847831e-28,8.20730885791946e-27,5.965760595733973e-30,4.799429747364592e-27,2.123337763686935e-32,5.965760595733973e-30,6.4788283329187665e-31,1.4914401489334606e-28,NaN,NaN,NaN,NaN,NaN,NaN
2025-06-11T20:42:47Z,39.98626118563278,-75.16881562132892,13.573340605857085,1.3942586992629196,-8.058472918391406,0.008953112484576062,1.053833516981809,-0.09365361248080767,-1.3840342706688762,0.0,0.0,0.0,0.0,0.0,0.0,4.0047016891610764e-29,2.847787867847831e-28,8.20730885791946e-27,1.7749370367472875e-28,1.0984099244297443e-26,1.4564845204428646e-33,8.332343311397065e-30,8.49335105474774e-32,1.9721522630525186e-29,NaN,NaN,NaN,NaN,NaN,NaN
2025-06-11T20:42:48Z,39.98626118563278,-75.16881562132892,13.573340605857085,1.3961652094121655,-8.065658392367244,0.00887894616253626,1.053819671664006,-0.09340388321287298,-1.384531263829142,0.0,0.0,0.0,0.0,0.0,0.0,4.0047016891610764e-29,2.847787867847831e-28,8.20730885791946e-27,1.956868083013852e-28,4.799429747364592e-27,6.647467573673981e-33,7.88860905221011e-31,1.4914401489334933e-30,7.888609052210074e-29,NaN,NaN,NaN,NaN,NaN,NaN
2025-06-11T20:42:49Z,39.98626118563278,-75.16881562132892,13.573340605857085,1.3997662588908912,-8.070149059178078,0.00878971934930184,1.0536977672132737,-0.09313043490110896,-1.3849625227775928,0.0,0.0,0.0,0.0,0.0,0.0,4.0047016891610764e-29,2.847787867847831e-28,8.20730885791946e-27,1.7798674174048944e-29,1.1741405713309501e-26,1.925929944387234e-34,1.2621774483536176e-29,6.933347799794092e-31,1.5461673742331766e-28,NaN,NaN,NaN,NaN,NaN,NaN
2025-06-11T20:42:50Z,39.98626118563278,-75.16881562132892,13.573340605857085,1.4025434354756396,-8.08244971077451,0.008727646440239833,1.0538417572005854,-0.09297083613441424,-1.3857809702738138,0.0,0.0,0.0,0.0,0.0,0.0,4.0047016891610764e-29,2.847787867847831e-28,8.20730885791946e-27,3.081487911019555e-29,1.0223637331664225e-27,6.093762714662795e-33,2.279808016088701e-28,3.7286003723337333e-31,7.888609052210074e-29,NaN,NaN,NaN,NaN,NaN,NaN
2025-06-11T20:42:51Z,39.98626118563278,-75.16881562132892,13.573340605857085,1.4078794924076679,-8.081966638195308,0.00861895525408189,1.0534001317132513,-0.09252977792046854,-1.3860236146586982,0.0,0.0,0.0,0.0,0.0,0.0,4.0047016891610764e-29,2.847787867847831e-28,8.20730885791946e-27,3.993608332681338e-30,1.5461673742331725e-26,2.193754577278577e-33,1.3331749298235304e-28,9.984020831703345e-31,4.7351375835891395e-28,NaN,NaN,NaN,NaN,NaN,NaN
2025-06-11T20:42:52Z,39.98626118563278,-75.16881562132892,13.573340605857085,1.4073208740003436,-8.082787185483214,0.00854638657222233,1.0532569361677764,-0.09266901296988082,-1.3860273571392778,0.0,0.0,0.0,0.0,0.0,0.0,4.0047016891610764e-29,2.847787867847831e-28,8.20730885791946e-27,2.4158865222393385e-30,3.647692825741921e-27,2.891904182118983e-33,5.369184536160481e-29,1.8496631185895076e-30,4.4373425918681625e-31,NaN,NaN,NaN,NaN,NaN,NaN
2025-06-11T20:42:53Z,39.98626118563278,-75.16881562132892,13.573340605857085,1.4044302501762105,-8.083783579906353,0.008487613229334907,1.0532558368841827,-0.09272256042630192,-1.3859369539457622,0.0,0.0,0.0,0.0,0.0,0.0,4.0047016891610764e-29,2.847787867847831e-28,8.20730885791946e-27,3.234822749471879e-28,4.799429747364592e-27,3.686350284178668e-33,0.0,6.933347799794004e-33,4.930380657631319e-32,NaN,NaN,NaN,NaN,NaN,NaN
2025-06-11T20:42:54Z,39.98626118563278,-75.16881562132892,13.573340605857085,1.4013461419791777,-8.084200271075847,0.008429355936510473,1.0533030134152863,-0.09273313448646353,-1.385810310359371,0.0,0.0,0.0,0.0,0.0,0.0,4.0047016891610764e-29,2.847787867847831e-28,8.20730885791946e-27,3.646509534384159e-28,9.89547119509233e-27,1.1197477067288877e-32,2.2132478772106838e-28,2.7810428396951476e-31,5.0487097934144705e-29,NaN,NaN,NaN,NaN,NaN,NaN
2025-06-11T20:42:55Z,39.98626118563278,-75.16881562132892,13.573340605857085,1.3967609136893255,-8.090651661825316,0.008395355960699784,1.0535564707070186,-0.09278357687627274,-1.3859429833425794,0.0,0.0,0.0,0.0,0.0,0.0,4.0047016891610764e-29,2.847787867847831e-28,8.20730885791946e-27,3.0770505684277186e-28,1.135959703518264e-26,2.034263503759049e-33,4.9303806576312965e-30,4.3333423748713075e-32,5.965760595733973e-30,NaN,NaN,NaN,NaN,NaN,NaN
2025-06-11T20:42:56Z,39.98626118563278,-75.16881562132892,13.573340605857085,1.3903392966145744,-8.098604115599757,0.008375030387618852,1.053726857835076,-0.09267888063004882,-1.3860709808592373,0.0,0.0,0.0,0.0,0.0,0.0,4.0047016891610764e-29,2.847787867847831e-28,8.20730885791946e-27,2.415886522239332e-28,1.6692296754476857e-27,1.432711322691792e-32,3.332937324558826e-29,2.7733391199176016e-32,2.627399852451736e-28,NaN,NaN,NaN,NaN,NaN,NaN
2025-06-11T20:42:57Z,39.98626118563278,-75.16881562132892,13.573340605857085,1.381622744751231,-8.11032254888541,0.008376073169490973,1.0540211674393283,-0.09255060342021756,-1.3862962826794551,0.0,0.0,0.0,0.0,0.0,0.0,4.0047016891610764e-29,2.847787867847831e-28,8.20730885791946e-27,2.1476738144641925e-28,2.300318399624461e-27,3.2770901709963875e-33,2.4158865222393385e-30,4.0752677623234515e-31,2.0194839173657882e-28,NaN,NaN,NaN,NaN,NaN,NaN
2025-06-11T20:42:58Z,39.98626118563278,-75.16881562132892,13.573340605857085,1.3816330928250813,-8.122487362071997,0.008335108162837229,1.0543283954293858,-0.09202412474987029,-1.3869987590452273,0.0,0.0,0.0,0.0,0.0,0.0,4.0047016891610764e-29,2.847787867847831e-28,8.20730885791946e-27,6.389773332290141e-29,9.201273598497844e-27,3.6412113011071614e-34,2.0194839173657882e-28,1.5600032549536756e-30,1.3331749298235304e-28,NaN,NaN,NaN,NaN,NaN,NaN
2025-06-11T20:42:59Z,39.98626118563278,-75.16881562132892,13.573340605857085,1.3840358929479166,-8.128396212644839,0.008267470405942001,1.0541667320694963,-0.09159996785039175,-1.3874538937596275,0.0,0.0,0.0,0.0,0.0,0.0,4.0047016891610764e-29,2.847787867847831e-28,8.20730885791946e-27,1.9721522630525186e-29,2.300318399624461e-27,2.193754577278577e-33,1.5974433330725352e-29,1.8496631185895076e-30,1.5461673742331766e-28,NaN,NaN,NaN,NaN,NaN,NaN
2025-06-11T20:43:00Z,39.98626118563278,-75.16881562132892,13.573340605857085,1.3860902946623912,-8.141349274839447,0.008220132643179787,1.0543271211457566,-0.09139362657956575,-1.388275253720273,0.0,0.0,0.0,0.0,0.0,0.0,4.0047016891610764e-29,2.847787867847831e-28,8.20730885791946e-27,1.089121087270745e-28,2.839899258795624e-29,4.814824860968063e-33,2.2132478772106838e-28,9.169352465227469e-31,1.7749370367472875e-28,NaN,NaN,NaN,NaN,NaN,NaN
2025-06-11T20:43:01Z,39.98626118563278,-75.16881562132892,13.573340605857085,1.3869988786866423,-8.150552220430123,0.00816988007330267,1.0541777757481956,-0.09101911352763029,-1.3888324920182762,0.0,0.0,0.0,0.0,0.0,0.0,4.0047016891610764e-29,2.847787867847831e-28,8.20730885791946e-27,1.6018806756644305e-28,2.6537280851635268e-27,4.814824860968085e-35,1.4914401489334606e-28,9.169352465227469e-31,4.4373425918681625e-31,NaN,NaN,NaN,NaN,NaN,NaN
2025-06-11T20:43:02Z,39.98626118563278,-75.16881562132892,13.573340605857085,1.3895434537433327,-8.149991283893197,0.008088827128403692,1.0538691099796418,-0.09070966998339193,-1.3889318134429343,0.0,0.0,0.0,0.0,0.0,0.0,4.0047016891610764e-29,2.847787867847831e-28,8.20730885791946e-27,1.7749370367472875e-28,3.647692825741921e-27,3.686350284178668e-33,9.663546088957354e-30,2.496005207925836e-31,1.089121087270745e-28,NaN,NaN,NaN,NaN,NaN,NaN
2025-06-11T20:43:03Z,39.98626118563278,-75.16881562132892,13.573340605857085,1.3889260943555948,-8.150970317108714,0.008027810002235772,1.0538213257667908,-0.09079728720597649,-1.3889485093016956,0.0,0.0,0.0,0.0,0.0,0.0,4.0047016891610764e-29,2.847787867847831e-28,8.20730885791946e-27,2.847787867847831e-28,4.3198023169902226e-27,1.925929944387234e-34,8.697191480061685e-29,1.054639237546441e-30,8.697191480061685e-29,NaN,NaN,NaN,NaN,NaN,NaN
2025-06-11T20:43:04Z,39.98626118563278,-75.16881562132892,13.573340605857085,1.38932143456455,-8.15089888277595,0.007960505343138205,1.0537988969832242,-0.09075436838958158,-1.3889666441301625,0.0,0.0,0.0,0.0,0.0,0.0,4.0047016891610764e-29,2.847787867847831e-28,8.20730885791946e-27,2.699876448118889e-28,1.2621774483536176e-29,9.437056727497416e-33,1.1359597035182496e-28,6.933347799794092e-31,2.627399852451736e-28,NaN,NaN,NaN,NaN,NaN,NaN
2025-06-11T20:43:05Z,39.98626118563278,-75.16881562132892,13.573340605857085,1.390135446135254,-8.152956609908758,0.007897402374353548,1.0538435468367313,-0.09074376175196008,-1.3891218072314213,0.0,0.0,0.0,0.0,0.0,0.0,4.0047016891610764e-29,2.847787867847831e-28,8.20730885791946e-27,9.545216953174357e-29,7.88860905221006e-27,1.1567616728475933e-32,2.4158865222393385e-30,6.7041621364120135e-31,4.35648434908298e-28,NaN,NaN,NaN,NaN,NaN,NaN
2025-06-11T20:43:06Z,39.98626118563278,-75.16881562132892,13.573340605857085,1.3911132042903167,-8.152733251578207,0.007829166117543456,1.0537444737458588,-0.09068093648317775,-1.389158036321582,0.0,0.0,0.0,0.0,0.0,0.0,4.0047016891610764e-29,2.847787867847831e-28,8.20730885791946e-27,7.499108980257175e-29,5.0487097934144705e-29,1.733336949948501e-33,1.384943926728626e-28,7.644015949272859e-31,4.4373425918681625e-31,NaN,NaN,NaN,NaN,NaN,NaN
2025-06-11T20:43:07Z,39.98626118563278,-75.16881562132892,13.573340605857085,1.3922049708622954,-8.153813047185745,0.007764542525071475,1.0537462587786703,-0.09068026660379717,-1.3892715138628426,0.0,0.0,0.0,0.0,0.0,0.0,4.0047016891610764e-29,2.847787867847831e-28,8.20730885791946e-27,1.5461673742331766e-28,1.0223637331664225e-27,7.981324523439081e-33,1.424880010055438e-29,2.3592641818743477e-31,3.1554436208840297e-28,NaN,NaN,NaN,NaN,NaN,NaN
2025-06-11T20:43:08Z,39.98626118563278,-75.16881562132892,13.573340605857085,1.3916323576493905,-8.154976156516684,0.007708705813430202,1.0537040042224444,-0.09069045699848076,-1.3893047600677628,0.0,0.0,0.0,0.0,0.0,0.0,4.0047016891610764e-29,2.847787867847831e-28,8.20730885791946e-27,5.129568036199662e-28,7.576220133742623e-27,6.326980793865983e-34,1.0432685471548036e-28,3.0814879110195603e-31,2.1742978700154214e-29,NaN,NaN,NaN,NaN,NaN,NaN
2025-06-11T20:43:09Z,39.98626118563278,-75.16881562132892,13.573340605857085,1.3926325300878701,-8.154752804307588,0.007643442216632549,1.0536736419020822,-0.0906260207501726,-1.3893452461743203,0.0,0.0,0.0,0.0,0.0,0.0,4.0047016891610764e-29,2.847787867847831e-28,8.20730885791946e-27,6.749691120297223e-29,6.676918701790743e-27,2.275757063191926e-33,2.1742978700154214e-29,0.0,5.0487097934144705e-29,NaN,NaN,NaN,NaN,NaN,NaN
2025-06-11T20:43:10Z,39.98626118563278,-75.16881562132892,13.573340605857085,1.3934165221108337,-8.154163250200561,0.007579321454743039,1.0536217353413677,-0.09063828351994552,-1.389350094750392,0.0,0.0,0.0,0.0,0.0,0.0,4.0047016891610764e-29,2.847787867847831e-28,8.20730885791946e-27,3.993608332681338e-30,6.970374958532768e-27,5.825938081771458e-33,9.984020831703524e-29,1.6197070832296916e-31,1.1359597035182496e-28,NaN,NaN,NaN,NaN,NaN,NaN
2025-06-11T20:43:11Z,39.98626118563278,-75.16881562132892,13.573340605857085,1.3922301568879836,-8.153742952713747,0.007525332668389679,1.0535845264054058,-0.09071147351679343,-1.3892642003051678,0.0,0.0,0.0,0.0,0.0,0.0,4.0047016891610764e-29,2.847787867847831e-28,8.20730885791946e-27,1.7749370367472875e-28,7.576220133742623e-27,1.086344859255917e-33,5.369184536160481e-29,8.905500062846488e-31,7.499108980257175e-29,NaN,NaN,NaN,NaN,NaN,NaN
2025-06-11T20:43:12Z,39.98626118563278,-75.16881562132892,13.573340605857085,1.3904053862405648,-8.150354002729527,0.007468297036667139,1.053507825213889,-0.09076768140690493,-1.388985424958838,0.0,0.0,0.0,0.0,0.0,0.0,4.0047016891610764e-29,2.847787867847831e-28,8.20730885791946e-27,5.0487097934144705e-29,2.300318399624461e-27,3.792426894396956e-33,6.749691120297223e-29,1.0263280673639594e-30,3.5622000251386207e-28,NaN,NaN,NaN,NaN,NaN,NaN
2025-06-11T20:43:13Z,39.98626118563278,-75.16881562132892,13.573340605857085,1.387665625677846,-8.144619817967012,0.007410888878864465,1.053457560711687,-0.09092862265457809,-1.3885301923143984,0.0,0.0,0.0,0.0,0.0,0.0,4.0047016891610764e-29,2.847787867847831e-28,8.20730885791946e-27,4.4373425918681625e-31,3.436278103142708e-27,2.530792317546393e-33,4.738095811983742e-29,2.097337709437688e-31,9.984020831703524e-29,NaN,NaN,NaN,NaN,NaN,NaN
2025-06-11T20:43:14Z,39.98626118563278,-75.16881562132892,13.573340605857085,1.3865493772166997,-8.139596080166648,0.007348864589141569,1.0535305747212607,-0.09109235767531194,-1.3881989153127703,0.0,0.0,0.0,0.0,0.0,0.0,4.0047016891610764e-29,2.847787867847831e-28,8.20730885791946e-27,4.082848222584451e-28,1.1741405713309501e-26,2.113256724134256e-33,1.1359597035182496e-28,8.389350837750752e-31,1.7162655069214755e-28,NaN,NaN,NaN,NaN,NaN,NaN
2025-06-11T20:43:15Z,39.98626118563278,-75.16881562132892,13.573340605857085,1.3848996176712658,-8.133456804120602,0.007287610602045779,1.053496462255173,-0.0912841407284963,-1.3877745780366835,0.0,0.0,0.0,0.0,0.0,0.0,4.0047016891610764e-29,2.847787867847831e-28,8.20730885791946e-27,9.984020831703524e-29,9.119232064354803e-28,9.750020343460298e-34,3.332937324558826e-29,1.594862586947051e-30,9.984020831703524e-29,NaN,NaN,NaN,NaN,NaN,NaN
2025-06-11T20:43:16Z,39.98626118563278,-75.16881562132892,13.573340605857085,1.3813225643436775,-8.119699092066144,0.007218861185005893,1.0532637489318826,-0.09157123375331513,-1.3868290386208861,0.0,0.0,0.0,0.0,0.0,0.0,4.0047016891610764e-29,2.847787867847831e-28,8.20730885791946e-27,2.699876448118889e-28,6.1089388500315886e-27,1.7153565883583217e-32,4.930380657631319e-32,6.7041621364120135e-31,9.545216953174357e-29,NaN,NaN,NaN,NaN,NaN,NaN
2025-06-11T20:43:17Z,39.98626118563278,-75.16881562132892,13.573340605857085,1.3770700154285886,-8.10594021850729,0.007153991429029971,1.053302501809387,-0.0920595097172142,-1.3858514868253071,0.0,0.0,0.0,0.0,0.0,0.0,4.0047016891610764e-29,2.847787867847831e-28,8.20730885791946e-27,3.155443620884044e-30,6.1089388500315886e-27,6.093762714662795e-33,2.279808016088701e-28,6.7041621364120135e-31,9.984020831703524e-29,NaN,NaN,NaN,NaN,NaN,NaN
2025-06-11T20:43:18Z,39.98626118563278,-75.16881562132892,13.573340605857085,1.3724511651437892,-8.079537660933187,0.007064376600449431,1.0529639197742318,-0.09257790943354488,-1.3841535197213253,0.0,0.0,0.0,0.0,0.0,0.0,4.0047016891610764e-29,2.847787867847831e-28,8.20730885791946e-27,5.369184536160481e-29,5.304300726706074e-27,2.113256724134256e-33,3.332937324558826e-29,6.257346389314182e-31,3.081487911019555e-29,NaN,NaN,NaN,NaN,NaN,NaN
2025-06-11T20:43:19Z,39.98626118563278,-75.16881562132892,13.573340605857085,1.367260967172414,-8.049408285200577,0.006970483547723707,1.0528728027843148,-0.09347802459226888,-1.382216218160147,0.0,0.0,0.0,0.0,0.0,0.0,4.0047016891610764e-29,2.847787867847831e-28,8.20730885791946e-27,2.3863042382935893e-29,1.6692296754476857e-27,2.275757063191926e-33,9.984020831703524e-29,4.930380657631319e-32,4.35648434908298e-28,NaN,NaN,NaN,NaN,NaN,NaN
2025-06-11T20:43:20Z,39.98626118563278,-75.16881562132892,13.573340605857085,1.364863175336894,-8.025277676138007,0.006879066231147032,1.0531019367256753,-0.0943808334937246,-1.3807553473870433,0.0,0.0,0.0,0.0,0.0,0.0,4.0047016891610764e-29,2.847787867847831e-28,8.20730885791946e-27,7.499108980257175e-29,8.863641131063207e-27,1.4745401136714673e-32,7.88860905221011e-31,9.321500930834333e-32,3.731805119761094e-28,NaN,NaN,NaN,NaN,NaN,NaN
2025-06-11T20:43:21Z,39.98626118563278,-75.16881562132892,13.573340605857085,1.3630120133195756,-8.004278660872139,0.006793299758194367,1.053175820184827,-0.095140343441419,-1.3794912069936531,0.0,0.0,0.0,0.0,0.0,0.0,4.0047016891610764e-29,2.847787867847831e-28,8.20730885791946e-27,5.369184536160481e-29,1.1741405713309501e-26,9.777103733303409e-33,1.2823920090499156e-28,5.616011717833157e-31,2.9232226919096137e-28,NaN,NaN,NaN,NaN,NaN,NaN
2025-06-11T20:43:22Z,39.98626118563278,-75.16881562132892,13.573340605857085,1.3615323083413824,-7.993018229928727,0.006727611322399186,1.0534511980203471,-0.09578438387827601,-1.3787872700918022,0.0,0.0,0.0,0.0,0.0,0.0,4.0047016891610764e-29,2.847787867847831e-28,8.20730885791946e-27,1.7798674174048944e-29,1.1549712513340924e-26,5.05857536955459e-33,9.984020831703524e-29,8.137054015035996e-31,1.9721522630525186e-29,NaN,NaN,NaN,NaN,NaN,NaN
2025-06-11T20:43:23Z,39.98626118563278,-75.16881562132892,13.573340605857085,1.359588879672869,-7.979576182112138,0.006660201591223548,1.0533723191411102,-0.09617448811317687,-1.3779404269191198,0.0,0.0,0.0,0.0,0.0,0.0,4.0047016891610764e-29,2.847787867847831e-28,8.20730885791946e-27,3.0770505684277186e-28,2.386304238293537e-27,3.792426894396956e-33,1.6585800532272042e-28,7.88860905221011e-31,1.1093356479670547e-29,NaN,NaN,NaN,NaN,NaN,NaN
2025-06-11T20:43:24Z,39.98626118563278,-75.16881562132892,13.573340605857085,1.358434890377158,-7.973998761109275,0.006606775144349706,1.053618179802974,-0.09657591637880525,-1.3775718433519737,0.0,0.0,0.0,0.0,0.0,0.0,4.0047016891610764e-29,2.847787867847831e-28,8.20730885791946e-27,4.738095811983742e-29,1.972152263052515e-27,8.192725427490969e-34,1.1359597035182496e-28,3.56104446717203e-31,2.839899258795624e-29,NaN,NaN,NaN,NaN,NaN,NaN
2025-06-11T20:43:25Z,39.98626118563278,-75.16881562132892,13.573340605857085,1.3575687685468176,-7.9694062887009345,0.006554953953404497,1.0536523653369305,-0.09675588647179076,-1.3772732956919842,0.0,0.0,0.0,0.0,0.0,0.0,4.0047016891610764e-29,2.847787867847831e-28,8.20730885791946e-27,1.1837843958972849e-28,1.5272347125078972e-27,5.898160454685885e-34,2.347354231098232e-28,4.254379247151348e-31,7.119469669619578e-29,NaN,NaN,NaN,NaN,NaN,NaN
2025-06-11T20:43:26Z,39.98626118563278,-75.16881562132892,13.573340605857085,1.354090929010352,-7.9519626101877465,0.006488101902439637,1.053237044695745,-0.09701917412684065,-1.3761260924382746,0.0,0.0,0.0,0.0,0.0,0.0,4.0047016891610764e-29,2.847787867847831e-28,8.20730885791946e-27,1.9721522630525186e-29,3.647692825741921e-27,2.275757063191926e-33,4.4373425918681625e-31,2.7810428396951476e-31,1.4914401489334606e-28,NaN,NaN,NaN,NaN,NaN,NaN
2025-06-11T20:43:27Z,39.98626118563278,-75.16881562132892,13.573340605857085,1.3318677097424971,-7.848632970816823,0.006322767518014558,1.0504929074963596,-0.09834855643506975,-1.369246584931977,0.0,0.0,0.0,0.0,0.0,0.0,4.0047016891610764e-29,2.847787867847831e-28,8.20730885791946e-27,1.6585800532272042e-28,9.89547119509233e-27,8.613270286441257e-33,3.332937324558826e-29,4.0752677623234515e-31,4.543838814072998e-28,NaN,NaN,NaN,NaN,NaN,NaN
2025-06-11T20:43:28Z,39.98626118563278,-75.16881562132892,13.573340605857085,1.2078857830541392,-7.132199368927246,0.005328894888250896,1.0310904199044697,-0.10622724025999125,-1.3230860009034868,0.0,0.0,0.0,0.0,0.0,0.0,4.0047016891610764e-29,2.847787867847831e-28,8.20730885791946e-27,1.2823920090499156e-28,3.8654184355829416e-29,1.8807909613156463e-33,1.6585800532272042e-28,1.4577363749066773e-30,1.6585800532272042e-28,NaN,NaN,NaN,NaN,NaN,NaN
2025-06-11T20:43:29Z,39.98626118563278,-75.16881562132892,13.573340605857085,1.105811320665038,-6.534478505788924,0.0044996200181874006,1.035520795737192,-0.12886623729583283,-1.2847550227655464,0.0,0.0,0.0,0.0,0.0,0.0,4.0047016891610764e-29,2.847787867847831e-28,8.20730885791946e-27,3.993608332681338e-30,7.576220133742623e-27,3.0092655381050393e-34,0.0,5.2077145696231654e-31,1.9721522630525186e-29,NaN,NaN,NaN,NaN,NaN,NaN
2025-06-11T20:43:30Z,39.98626118563278,-75.16881562132892,13.573340605857085,1.0196431927474023,-6.029196209187656,0.003802867052368506,1.0380521682445438,-0.14782472847245173,-1.2522319130314166,0.0,0.0,0.0,0.0,0.0,0.0,4.0047016891610764e-29,2.847787867847831e-28,8.20730885791946e-27,1.2823920090499156e-28,3.755766769757171e-27,1.806311639247566e-33,3.5942474994132205e-29,9.321500930834333e-32,1.4376989997652882e-28,NaN,NaN,NaN,NaN,NaN,NaN
2025-06-11T20:43:31Z,39.98626118563278,-75.16881562132892,13.573340605857085,1.0141105089090896,-5.997168721699162,0.003735817183711261,1.052193132675662,-0.1609173650101536,-1.250044383652899,0.0,0.0,0.0,0.0,0.0,0.0,4.0047016891610764e-29,2.847787867847831e-28,8.20730885791946e-27,6.749691120297223e-29,1.5461673742331766e-28,1.0579449157400743e-33,5.0487097934144705e-29,1.4914401489334933e-30,1.8345946427046095e-28,NaN,NaN,NaN,NaN,NaN,NaN
2025-06-11T20:43:32Z,39.98626118563278,-75.16881562132892,13.573340605857085,0.9411645212250399,-5.56884831294666,0.0031531600351997775,1.0394025999980168,-0.16488410791580424,-1.2224767428406162,0.0,0.0,0.0,0.0,0.0,0.0,4.0047016891610764e-29,2.847787867847831e-28,8.20730885791946e-27,7.692626421069296e-29,4.799429747364592e-27,1.769636215501888e-33,1.7162655069214755e-28,5.1799811784239004e-30,2.083085827849215e-28,NaN,NaN,NaN,NaN,NaN,NaN
2025-06-11T20:43:33Z,39.98626118563278,-75.16881562132892,13.573340605857085,0.9337492544561586,-5.53931891598257,0.0031032768711442655,1.050804924375806,-0.17602613402421063,-1.2202495421623725,0.0,0.0,0.0,0.0,0.0,0.0,4.0047016891610764e-29,2.847787867847831e-28,8.20730885791946e-27,9.763386297274501e-29,3.755766769757171e-27,1.4897745204581452e-33,8.697191480061685e-29,1.424417786868812e-30,9.663546088957354e-30,NaN,NaN,NaN,NaN,NaN,NaN
2025-06-11T20:43:34Z,39.98626118563278,-75.16881562132892,13.573340605857085,0.9227148081106418,-5.521420870164643,0.003090155273652978,1.05108972700428,-0.17709278006377394,-1.218679857145479,0.0,0.0,0.0,0.0,0.0,0.0,4.0047016891610764e-29,2.847787867847831e-28,8.20730885791946e-27,6.749691120297223e-29,4.437342591868257e-27,1.0299211304164464e-33,2.2132478772106838e-28,4.930380657631319e-32,2.083085827849215e-28,NaN,NaN,NaN,NaN,NaN,NaN
2025-06-11T20:43:35Z,39.98626118563278,-75.16881562132892,13.573340605857085,0.9200195948275537,-5.509973448985505,0.003058265447066136,1.0514478487145167,-0.17753577210608484,-1.2179274698873168,0.0,0.0,0.0,0.0,0.0,0.0,4.0047016891610764e-29,2.847787867847831e-28,8.20730885791946e-27,4.2906637673036887e-29,1.2621774483536119e-27,9.215875710446695e-36,2.839899258795624e-29,8.014950056561973e-30,3.8654184355829416e-29,NaN,NaN,NaN,NaN,NaN,NaN
2025-06-11T20:43:36Z,39.98626118563278,-75.16881562132892,13.573340605857085,0.9205500506234977,-5.505265014403693,0.0030275893336745596,1.0516384280599955,-0.17781310585586665,-1.2176870569940137,0.0,0.0,0.0,0.0,0.0,0.0,4.0047016891610764e-29,2.847787867847831e-28,8.20730885791946e-27,7.703719777548887e-30,1.9721522630525186e-29,3.009265538105053e-36,4.738095811983742e-29,1.7017516988605392e-30,7.88860905221011e-31,NaN,NaN,NaN,NaN,NaN,NaN
2025-06-11T20:43:37Z,39.98626118563278,-75.16881562132892,13.573340605857085,0.9159300344300212,-5.502639500812077,0.003020331210422533,1.051625073444927,-0.1780880773212211,-1.2172954259654527,0.0,0.0,0.0,0.0,0.0,0.0,4.0047016891610764e-29,2.847787867847831e-28,8.20730885791946e-27,1.257370327212431e-28,6.389773332290141e-29,2.3039689276116677e-34,3.332937324558826e-29,1.7017516988605392e-30,9.663546088957354e-30,NaN,NaN,NaN,NaN,NaN,NaN
2025-06-11T20:43:38Z,39.98626118563278,-75.16881562132892,13.573340605857085,0.9124374337344547,-5.503529931801003,0.0030156240104112285,1.0518290963315229,-0.1781907126837695,-1.2171829568049428,0.0,0.0,0.0,0.0,0.0,0.0,4.0047016891610764e-29,2.847787867847831e-28,8.20730885791946e-27,3.462359816821565e-29,1.6692296754476857e-27,6.110689833314631e-34,4.1464501330680106e-29,5.2077145696231654e-31,2.4158865222393385e-30,NaN,NaN,NaN,NaN,NaN,NaN
2025-06-11T20:43:39Z,39.98626118563278,-75.16881562132892,13.573340605857085,0.9113899333616327,-5.504933680838934,0.003002990067798749,1.0519460667562106,-0.17814296773815672,-1.2172240990950867,0.0,0.0,0.0,0.0,0.0,0.0,4.0047016891610764e-29,2.847787867847831e-28,8.20730885791946e-27,1.1837843958972849e-28,1.5272347125078972e-27,8.9544457668237e-34,1.6018806756644305e-28,2.6816648545648054e-30,4.738095811983742e-29,NaN,NaN,NaN,NaN,NaN,NaN
2025-06-11T20:43:40Z,39.98626118563278,-75.16881562132892,13.573340605857085,0.9121569756396032,-5.5113818661569,0.002993281720248604,1.0521454444127407,-0.17805236160441731,-1.2176284011384522,0.0,0.0,0.0,0.0,0.0,0.0,4.0047016891610764e-29,2.847787867847831e-28,8.20730885791946e-27,2.083085827849215e-28,2.9353514283273752e-27,7.703719777548936e-34,1.7749370367472875e-28,1.2325951644078241e-30,3.5942474994132205e-29,NaN,NaN,NaN,NaN,NaN,NaN
2025-06-11T20:43:41Z,39.98626118563278,-75.16881562132892,13.573340605857085,0.914719850568696,-5.525047902262136,0.002990520668662181,1.0524102220743123,-0.17777928965306944,-1.2185254605231954,0.0,0.0,0.0,0.0,0.0,0.0,4.0047016891610764e-29,2.847787867847831e-28,8.20730885791946e-27,1.5099290763995825e-29,5.332699719294121e-28,1.2646438423886476e-33,1.232595164407822e-28,1.2325951644078241e-30,1.774937036747265e-30,NaN,NaN,NaN,NaN,NaN,NaN
2025-06-11T20:43:42Z,39.98626118563278,-75.16881562132892,13.573340605857085,0.91708189738417,-5.542698395230628,0.002995818807570419,1.0525817407384193,-0.1773274108856399,-1.2196368214052984,0.0,0.0,0.0,0.0,0.0,0.0,4.0047016891610764e-29,2.847787867847831e-28,8.20730885791946e-27,6.520428419717522e-30,1.8175355256291994e-27,1.5817451984664957e-34,3.8654184355829416e-29,6.933347799794004e-33,1.232595164407822e-28,NaN,NaN,NaN,NaN,NaN,NaN
2025-06-11T20:43:43Z,39.98626118563278,-75.16881562132892,13.573340605857085,0.9193317612331642,-5.55123114174572,0.00298484133348355,1.0523817179931219,-0.1767896347457859,-1.220241912182313,0.0,0.0,0.0,0.0,0.0,0.0,4.0047016891610764e-29,2.847787867847831e-28,8.20730885791946e-27,1.2325951644078241e-30,3.155443620884044e-30,8.192725427490969e-34,3.646509534384159e-28,7.39865247435803e-30,1.424880010055438e-29,NaN,NaN,NaN,NaN,NaN,NaN
2025-06-11T20:43:44Z,39.98626118563278,-75.16881562132892,13.573340605857085,0.9238175017588829,-5.56925176479863,0.002983248481348979,1.0526992511172986,-0.17641515503115848,-1.221475799393681,0.0,0.0,0.0,0.0,0.0,0.0,4.0047016891610764e-29,2.847787867847831e-28,8.20730885791946e-27,3.081487911019555e-29,7.88860905221006e-27,4.515779098118915e-34,3.081487911019555e-29,5.616011717833157e-31,1.2621774483536176e-29,NaN,NaN,NaN,NaN,NaN,NaN
2025-06-11T20:43:45Z,39.98626118563278,-75.16881562132892,13.573340605857085,0.9299416815810072,-5.5972544097539,0.0029938635009488794,1.0530532074973737,-0.17573838165995062,-1.2233528064853187,0.0,0.0,0.0,0.0,0.0,0.0,4.0047016891610764e-29,2.847787867847831e-28,8.20730885791946e-27,1.6585800532272042e-28,4.543838814072998e-28,4.891937290382063e-34,1.1093356479670547e-29,6.4788283329187665e-31,4.930380657631319e-32,NaN,NaN,NaN,NaN,NaN,NaN
2025-06-11T20:43:46Z,39.98626118563278,-75.16881562132892,13.573340605857085,0.9362763030085928,-5.626064784549807,0.0030050573698095495,1.0531556010021448,-0.17480096150519817,-1.2252927775032407,0.0,0.0,0.0,0.0,0.0,0.0,4.0047016891610764e-29,2.847787867847831e-28,8.20730885791946e-27,1.1093356479670547e-29,6.1089388500315886e-27,3.317715255760836e-34,3.5942474994132205e-29,1.5600032549536756e-30,7.888609052210074e-29,NaN,NaN,NaN,NaN,NaN,NaN
2025-06-11T20:43:47Z,39.98626118563278,-75.16881562132892,13.573340605857085,0.9401960098249933,-5.646814196702455,0.0030101939207627486,1.0529691964680283,-0.17393255321441314,-1.2266609007926692,0.0,0.0,0.0,0.0,0.0,0.0,4.0047016891610764e-29,2.847787867847831e-28,8.20730885791946e-27,1.6872995205578796e-28,6.634320212908817e-28,9.215875710446695e-36,8.332343311397065e-30,2.003737514140493e-30,1.5461673742331766e-28,NaN,NaN,NaN,NaN,NaN,NaN
2025-06-11T20:43:48Z,39.98626118563278,-75.16881562132892,13.573340605857085,0.943199212965293,-5.65891307495154,0.0030031537383924797,1.0527629377048078,-0.17330069062481143,-1.2274995269160198,0.0,0.0,0.0,0.0,0.0,0.0,4.0047016891610764e-29,2.847787867847831e-28,8.20730885791946e-27,1.3422961340401203e-29,5.0487097934144705e-29,4.701977403289116e-34,5.0487097934144705e-29,3.6677409860909875e-30,3.155443620884044e-30,NaN,NaN,NaN,NaN,NaN,NaN
2025-06-11T20:43:49Z,39.98626118563278,-75.16881562132892,13.573340605857085,0.9454770197282918,-5.669721173083928,0.0029964256693525704,1.0527391278812162,-0.17291868364615368,-1.2282208573389033,0.0,0.0,0.0,0.0,0.0,0.0,4.0047016891610764e-29,2.847787867847831e-28,8.20730885791946e-27,8.491348087605626e-29,1.5272347125078972e-27,9.94938418535999e-35,5.699520040221752e-29,1.3019286424057914e-31,8.697191480061685e-29,NaN,NaN,NaN,NaN,NaN,NaN
2025-06-11T20:43:50Z,39.98626118563278,-75.16881562132892,13.573340605857085,0.9468050799303787,-5.675436571156111,0.0029841321825586544,1.052602792260015,-0.1726017783413513,-1.228611631971901,0.0,0.0,0.0,0.0,0.0,0.0,4.0047016891610764e-29,2.847787867847831e-28,8.20730885791946e-27,1.232595164407822e-28,1.8940550334356558e-27,5.898160454685885e-34,2.839899258795624e-29,1.3589361687596383e-30,7.499108980257175e-29,NaN,NaN,NaN,NaN,NaN,NaN
2025-06-11T20:43:51Z,39.98626118563278,-75.16881562132892,13.573340605857085,0.94808481495909,-5.677299444818874,0.002965459532761792,1.0524912329126666,-0.17242375302145832,-1.2287825192668245,0.0,0.0,0.0,0.0,0.0,0.0,4.0047016891610764e-29,2.847787867847831e-28,8.20730885791946e-27,1.1359597035182496e-28,1.1391151471391324e-27,1.5234406786656715e-35,5.0487097934144705e-29,3.155443620884044e-30,5.369184536160481e-29,NaN,NaN,NaN,NaN,NaN,NaN
2025-06-11T20:43:52Z,39.98626118563278,-75.16881562132892,13.573340605857085,0.9468588546740708,-5.674960190925812,0.0029482228012812856,1.0523285158042917,-0.17243251966605702,-1.2285865838284573,0.0,0.0,0.0,0.0,0.0,0.0,4.0047016891610764e-29,2.847787867847831e-28,8.20730885791946e-27,3.081487911019555e-29,7.888609052210074e-29,5.28314181033564e-34,1.2823920090499156e-28,9.43705672749739e-31,1.956868083013852e-28,NaN,NaN,NaN,NaN,NaN,NaN
2025-06-11T20:43:53Z,39.98626118563278,-75.16881562132892,13.573340605857085,0.9448269207747455,-5.661969243376277,0.002915618392701505,1.0519999583538846,-0.17257197920187278,-1.2277618391328284,0.0,0.0,0.0,0.0,0.0,0.0,4.0047016891610764e-29,2.847787867847831e-28,8.20730885791946e-27,1.4111982037305355e-28,3.1554436208840297e-28,5.689392657979815e-34,2.608171367887009e-29,1.7017516988605392e-30,3.993608332681338e-30,NaN,NaN,NaN,NaN,NaN,NaN
2025-06-11T20:43:54Z,39.98626118563278,-75.16881562132892,13.573340605857085,0.9399903599775883,-5.634917327987379,0.002868774688069616,1.051490384897617,-0.17311016188130124,-1.2260003026984374,0.0,0.0,0.0,0.0,0.0,0.0,4.0047016891610764e-29,2.847787867847831e-28,8.20730885791946e-27,1.3331749298235304e-28,8.863641131063207e-27,1.2956768932503702e-33,2.4158865222393385e-30,6.933347799794004e-33,6.749691120297223e-29,NaN,NaN,NaN,NaN,NaN,NaN
2025-06-11T20:43:55Z,39.98626118563278,-75.16881562132892,13.573340605857085,0.9377736133500777,-5.606776093133266,0.0028119189138268545,1.0513649108400471,-0.17392722761981844,-1.22430421719238,0.0,0.0,0.0,0.0,0.0,0.0,4.0047016891610764e-29,2.847787867847831e-28,8.20730885791946e-27,1.9721522630525186e-29,1.742593739633192e-27,1.0022735032851166e-33,7.888609052210074e-29,1.6301071049293806e-30,2.279808016088701e-28,NaN,NaN,NaN,NaN,NaN,NaN
2025-06-11T20:43:56Z,39.98626118563278,-75.16881562132892,13.573340605857085,0.936240217704604,-5.575292062842859,0.0027478184948050164,1.0510847813543907,-0.17480212287476876,-1.2224436712644857,0.0,0.0,0.0,0.0,0.0,0.0,4.0047016891610764e-29,2.847787867847831e-28,8.20730885791946e-27,1.7798674174048944e-29,9.119232064354803e-28,4.701977403289124e-36,7.119469669619578e-29,1.3589361687596383e-30,3.155443620884044e-30,NaN,NaN,NaN,NaN,NaN,NaN
2025-06-11T20:43:57Z,39.98626118563278,-75.16881562132892,13.573340605857085,0.9323885808041984,-5.541131912739153,0.0026875727114921413,1.0507669825414658,-0.17585046440853966,-1.2203077340870678,0.0,0.0,0.0,0.0,0.0,0.0,4.0047016891610764e-29,2.847787867847831e-28,8.20730885791946e-27,1.1597487901913174e-28,4.173074188619214e-28,8.192725427490969e-34,9.663546088957354e-30,2.2464046871332628e-30,1.089121087270745e-28,NaN,NaN,NaN,NaN,NaN,NaN
2025-06-11T20:43:58Z,39.98626118563278,-75.16881562132892,13.573340605857085,0.9264121946078689,-5.507730453665157,0.0026362114550847393,1.0505915531968806,-0.17699588836383107,-1.21811138739437,0.0,0.0,0.0,0.0,0.0,0.0,4.0047016891610764e-29,2.847787867847831e-28,8.20730885791946e-27,8.697191480061685e-29,3.332937324558744e-27,3.4775824874726857e-34,1.424880010055438e-29,4.80789151316831e-30,1.956868083013852e-28,NaN,NaN,NaN,NaN,NaN,NaN
2025-06-11T20:43:59Z,39.98626118563278,-75.16881562132892,13.573340605857085,0.9165191788216775,-5.450764545362614,0.0025590758937211145,1.049705052570379,-0.17826109379802227,-1.2144139924387394,0.0,0.0,0.0,0.0,0.0,0.0,4.0047016891610764e-29,2.847787867847831e-28,8.20730885791946e-27,4.9303806576312965e-30,9.663546088957328e-28,8.442870625345931e-34,2.608171367887009e-29,4.218556950185764e-30,1.9721522630525275e-31,NaN,NaN,NaN,NaN,NaN,NaN
2025-06-11T20:44:00Z,39.98626118563278,-75.16881562132892,13.573340605857085,0.9120789668071193,-5.424822181594666,0.0025163440358086844,1.050461918998245,-0.1798864576108862,-1.2127026631681248,0.0,0.0,0.0,0.0,0.0,0.0,4.0047016891610764e-29,2.847787867847831e-28,8.20730885791946e-27,6.749691120297223e-29,3.541196603537094e-27,9.215875710446695e-36,1.384943926728626e-28,2.3303752327085323e-30,3.646509534384159e-28,NaN,NaN,NaN,NaN,NaN,NaN
2025-06-11T20:44:01Z,39.98626118563278,-75.16881562132892,13.573340605857085,0.8614566497020648,-5.1254130052955205,0.0021740173257877096,1.0416021586236683,-0.1827453417106632,-1.1934405295521713,0.0,0.0,0.0,0.0,0.0,0.0,4.0047016891610764e-29,2.847787867847831e-28,8.20730885791946e-27,1.0660715576963415e-28,7.09974814698915e-28,2.4375050858650744e-34,4.930380657631319e-32,1.2325951644078297e-32,7.888609052210074e-29,NaN,NaN,NaN,NaN,NaN,NaN
2025-06-11T20:44:02Z,39.98626118563278,-75.16881562132892,13.573340605857085,0.8161579007671442,-4.857325426032931,0.0018695433769225747,1.041286794646169,-0.1922565833561105,-1.175980661494098,0.0,0.0,0.0,0.0,0.0,0.0,4.0047016891610764e-29,2.847787867847831e-28,8.20730885791946e-27,4.437342591868219e-29,4.173074188619214e-28,6.770847460736418e-34,2.839899258795624e-29,8.905500062846488e-31,2.847787867847831e-28,NaN,NaN,NaN,NaN,NaN,NaN
2025-06-11T20:44:03Z,39.98626118563278,-75.16881562132892,13.573340605857085,0.7753849348662973,-4.615888846208694,0.0015972582389162204,1.0407844822521923,-0.20075841583083642,-1.1602132459444827,0.0,0.0,0.0,0.0,0.0,0.0,4.0047016891610764e-29,2.847787867847831e-28,8.20730885791946e-27,5.965760595733973e-30,2.563009081063089e-27,3.808601696664247e-34,2.1742978700154214e-29,4.218556950185764e-30,7.119469669619578e-29,NaN,NaN,NaN,NaN,NaN,NaN
2025-06-11T20:44:04Z,39.98626118563278,-75.16881562132892,13.573340605857085,0.7677402832100292,-4.571492866783144,0.001541078122876176,1.0457230529459087,-0.20712303178829852,-1.1570855166318887,0.0,0.0,0.0,0.0,0.0,0.0,4.0047016891610764e-29,2.847787867847831e-28,8.20730885791946e-27,1.2325951644078241e-30,1.1359597035182496e-28,3.724436301145363e-34,1.774937036747265e-30,7.39865247435803e-30,3.8654184355829416e-29,NaN,NaN,NaN,NaN,NaN,NaN
2025-06-11T20:44:05Z,39.98626118563278,-75.16881562132892,13.573340605857085,0.7673685949645962,-4.569861934725248,0.0015312536790616242,1.0468192382818937,-0.20824169693514885,-1.1569202500470488,0.0,0.0,0.0,0.0,0.0,0.0,4.0047016891610764e-29,2.847787867847831e-28,8.20730885791946e-27,1.8747772450642938e-29,1.1359597035182496e-28,2.7878024024101388e-34,9.116273835960397e-29,3.355740335100301e-30,1.8345946427046095e-28,NaN,NaN,NaN,NaN,NaN,NaN
2025-06-11T20:44:06Z,39.98626118563278,-75.16881562132892,13.573340605857085,0.7684104649047969,-4.567168999472512,0.0015154247214310215,1.0467821744802768,-0.20825998322630976,-1.1568217184404588,0.0,0.0,0.0,0.0,0.0,0.0,4.0047016891610764e-29,2.847787867847831e-28,8.20730885791946e-27,1.384943926728626e-28,1.3915506368098697e-27,1.925929944387234e-34,5.965760595733973e-30,3.993608332681338e-30,4.9303806576312965e-30,NaN,NaN,NaN,NaN,NaN,NaN
2025-06-11T20:44:07Z,39.98626118563278,-75.16881562132892,13.573340605857085,0.7687560810718473,-4.567950726458813,0.0015074428770765918,1.0468329945118704,-0.20833495696460036,-1.1568716480231476,0.0,0.0,0.0,0.0,0.0,0.0,4.0047016891610764e-29,2.847787867847831e-28,8.20730885791946e-27,1.424880010055438e-29,1.5461673742331766e-28,1.0386668083865596e-34,3.993608332681338e-30,7.248429938695734e-30,7.499108980257175e-29,NaN,NaN,NaN,NaN,NaN,NaN
2025-06-11T20:44:08Z,39.98626118563278,-75.16881562132892,13.573340605857085,0.7692816103498434,-4.568214123488474,0.001498172266250207,1.0468154193930066,-0.20830353520703523,-1.1569128406127978,0.0,0.0,0.0,0.0,0.0,0.0,4.0047016891610764e-29,2.847787867847831e-28,8.20730885791946e-27,6.520428419717522e-30,2.563009081063089e-27,2.7158621481397925e-34,1.8345946427046095e-28,6.520428419717522e-30,2.3863042382935893e-29,NaN,NaN,NaN,NaN,NaN,NaN
2025-06-11T20:44:09Z,39.98626118563278,-75.16881562132892,13.573340605857085,0.7693075172322728,-4.568215531856493,0.0014901251375274752,1.046793328550851,-0.20830295485745756,-1.1569119587132424,0.0,0.0,0.0,0.0,0.0,0.0,4.0047016891610764e-29,2.847787867847831e-28,8.20730885791946e-27,6.039716305598346e-31,1.4586038137536636e-27,2.275757063191976e-35,1.2823920090499156e-28,5.965760595733973e-30,1.6585800532272042e-28,NaN,NaN,NaN,NaN,NaN,NaN
2025-06-11T20:44:10Z,39.98626118563278,-75.16881562132892,13.573340605857085,0.7695919796708762,-4.5683172192687485,0.001481529017198566,1.046795137823629,-0.20829564822189914,-1.1569317912469212,0.0,0.0,0.0,0.0,0.0,0.0,4.0047016891610764e-29,2.847787867847831e-28,8.20730885791946e-27,9.984020831703345e-31,4.930380657631288e-28,3.558926696549505e-34,1.4376989997652882e-28,6.807006795442157e-30,1.1093356479670547e-29,NaN,NaN,NaN,NaN,NaN,NaN
2025-06-11T20:44:11Z,39.98626118563278,-75.16881562132892,13.573340605857085,0.7715635424312873,-4.568939747315573,0.0014686999082830154,1.0468108659814535,-0.20824078962448297,-1.1570655967653076,0.0,0.0,0.0,0.0,0.0,0.0,4.0047016891610764e-29,2.847787867847831e-28,8.20730885791946e-27,7.888609052210074e-29,2.279808016088701e-28,7.946341811558785e-36,2.7733391199176604e-28,6.952607099237893e-30,1.089121087270745e-28,NaN,NaN,NaN,NaN,NaN,NaN
2025-06-11T20:44:12Z,39.98626118563278,-75.16881562132892,13.573340605857085,0.7853615794307413,-4.569580921599867,0.0014202438706678695,1.04681787811668,-0.20786576289781364,-1.157796453551486,0.0,0.0,0.0,0.0,0.0,0.0,4.0047016891610764e-29,2.847787867847831e-28,8.20730885791946e-27,5.86838557774558e-29,1.1359597035182496e-28,2.3702668089980973e-34,8.287969885478241e-29,2.3303752327085323e-30,1.2621774483536176e-29,NaN,NaN,NaN,NaN,NaN,NaN
2025-06-11T20:44:13Z,39.98626118563278,-75.16881562132892,13.573340605857085,0.7955423828977805,-4.570556711416086,0.0013836966640061487,1.0464842709170334,-0.20774011324904956,-1.1583023121158778,0.0,0.0,0.0,0.0,0.0,0.0,4.0047016891610764e-29,2.847787867847831e-28,8.20730885791946e-27,6.933347799794151e-29,2.5559093329160563e-28,2.9345040973927675e-34,9.545216953174357e-29,5.1799811784239004e-30,2.4158865222393385e-30,NaN,NaN,NaN,NaN,NaN,NaN
2025-06-11T20:44:14Z,39.98626118563278,-75.16881562132892,13.573340605857085,0.8086622513307846,-4.573237888129726,0.0013413337575239148,1.0463119105100303,-0.2074735128288428,-1.1590718343524025,0.0,0.0,0.0,0.0,0.0,0.0,4.0047016891610764e-29,2.847787867847831e-28,8.20730885791946e-27,5.0487097934144705e-29,6.389773332290141e-29,3.6412113011071614e-34,3.332937324558826e-29,7.858564545077694e-30,9.663546088957354e-30,NaN,NaN,NaN,NaN,NaN,NaN
2025-06-11T20:44:15Z,39.98626118563278,-75.16881562132892,13.573340605857085,0.8184122907725968,-4.575521911846613,0.0013088437427306243,1.0459938027510323,-0.20729277746439423,-1.1596363507197223,0.0,0.0,0.0,0.0,0.0,0.0,4.0047016891610764e-29,2.847787867847831e-28,8.20730885791946e-27,4.4373425918681625e-31,6.389773332290141e-29,1.749605791763887e-34,8.332343311397065e-30,1.3220353510251708e-29,1.0432685471548036e-28,NaN,NaN,NaN,NaN,NaN,NaN
2025-06-11T20:44:16Z,39.98626118563278,-75.16881562132892,13.573340605857085,0.8296945842178113,-4.576312163389965,0.00126988435366564,1.045739358998886,-0.20704154465578475,-1.160211916238281,0.0,0.0,0.0,0.0,0.0,0.0,4.0047016891610764e-29,2.847787867847831e-28,8.20730885791946e-27,2.608171367887009e-29,7.09974814698906e-30,3.009265538105053e-36,1.8345946427046095e-28,9.663546088957354e-30,4.930380657631319e-32,NaN,NaN,NaN,NaN,NaN,NaN
2025-06-11T20:44:17Z,39.98626118563278,-75.16881562132892,13.573340605857085,0.8421626990026322,-4.5762812302761064,0.0012265890031840443,1.0454520555827984,-0.20681977173871707,-1.16079151991416,0.0,0.0,0.0,0.0,0.0,0.0,4.0047016891610764e-29,2.847787867847831e-28,8.20730885791946e-27,4.89217020753463e-29,5.0487097934144476e-27,2.4375050858650744e-34,8.332343311397065e-30,4.814824860968055e-31,1.7749370367472875e-28,NaN,NaN,NaN,NaN,NaN,NaN
2025-06-11T20:44:18Z,39.98626118563278,-75.16881562132892,13.573340605857085,0.8619097261304999,-4.576172483951837,0.0011622596781219999,1.0451764383901208,-0.20643423134344036,-1.161730526371759,0.0,0.0,0.0,0.0,0.0,0.0,4.0047016891610764e-29,2.847787867847831e-28,8.20730885791946e-27,1.232595164407822e-28,9.663546088957328e-28,2.487346046339997e-35,1.3331749298235304e-28,6.952607099237893e-30,4.930380657631319e-32,NaN,NaN,NaN,NaN,NaN,NaN
2025-06-11T20:44:19Z,39.98626118563278,-75.16881562132892,13.573340605857085,0.8725265568294065,-4.577215713157983,0.0011269507479823861,1.044693294766099,-0.2063936665741997,-1.1622315603281768,0.0,0.0,0.0,0.0,0.0,0.0,4.0047016891610764e-29,2.847787867847831e-28,8.20730885791946e-27,6.213512223779972e-29,3.155443620884044e-30,2.3039689276116738e-36,8.697191480061685e-29,6.240013019814702e-30,1.089121087270745e-28,NaN,NaN,NaN,NaN,NaN,NaN
2025-06-11T20:44:20Z,39.98626118563278,-75.16881562132892,13.573340605857085,0.8856764090474986,-4.579408246008305,0.0010863437425003945,1.0444918848989915,-0.2061320929450798,-1.1629736333284548,0.0,0.0,0.0,0.0,0.0,0.0,4.0047016891610764e-29,2.847787867847831e-28,8.20730885791946e-27,0.0,6.822857969256586e-27,1.8074401138243645e-34,2.1742978700154214e-29,1.2621774483536176e-29,1.0432685471548036e-28,NaN,NaN,NaN,NaN,NaN,NaN
2025-06-11T20:44:21Z,39.98626118563278,-75.16881562132892,13.573340605857085,0.9075654716552557,-4.583778505029949,0.00102409933439081,1.0442989686892274,-0.20562431141407003,-1.1642725645025602,0.0,0.0,0.0,0.0,0.0,0.0,4.0047016891610764e-29,2.847787867847831e-28,8.20730885791946e-27,7.499108980257175e-29,3.541196603537094e-27,1.4223481644949538e-34,8.332343311397065e-30,8.655899542053913e-30,3.993608332681338e-30,NaN,NaN,NaN,NaN,NaN,NaN
2025-06-11T20:44:22Z,39.98626118563278,-75.16881562132892,13.573340605857085,0.951790243705848,-4.592536631300947,0.0009046861773675302,1.0440424432093878,-0.20454013066490445,-1.1669163593947853,0.0,0.0,0.0,0.0,0.0,0.0,4.0047016891610764e-29,2.847787867847831e-28,8.20730885791946e-27,8.087056873679697e-29,2.839899258795624e-29,1.0608836516171102e-34,1.4914401489334606e-28,8.332343311397065e-30,1.089121087270745e-28,NaN,NaN,NaN,NaN,NaN,NaN
2025-06-11T20:44:23Z,39.98626118563278,-75.16881562132892,13.573340605857085,0.9660088987552361,-4.595533770086188,0.0008638998947408776,1.0427507918463652,-0.20447080959543823,-1.1676078991660859,0.0,0.0,0.0,0.0,0.0,0.0,4.0047016891610764e-29,2.847787867847831e-28,8.20730885791946e-27,1.956868083013852e-28,6.532557156135121e-27,1.32078545258391e-34,3.332937324558826e-29,3.774822690998956e-30,4.4373425918681625e-31,NaN,NaN,NaN,NaN,NaN,NaN
2025-06-11T20:44:24Z,39.98626118563278,-75.16881562132892,13.573340605857085,0.9945442735003497,-4.601269708172582,0.0007867322683195275,1.0425803103716609,-0.20376873972821385,-1.1693185284021983,0.0,0.0,0.0,0.0,0.0,0.0,4.0047016891610764e-29,2.847787867847831e-28,8.20730885791946e-27,5.86838557774558e-29,7.88860905221011e-31,1.5817451984664957e-34,7.888609052210074e-29,3.355740335100301e-30,2.847787867847831e-28,NaN,NaN,NaN,NaN,NaN,NaN
2025-06-11T20:44:25Z,39.98626118563278,-75.16881562132892,13.573340605857085,1.0578911866697356,-4.613005064069831,0.0006203653318014801,1.0422774733880735,-0.20219874506652832,-1.1730739714776757,0.0,0.0,0.0,0.0,0.0,0.0,4.0047016891610764e-29,2.847787867847831e-28,8.20730885791946e-27,1.2621774483536176e-29,7.09974814698915e-28,7.346839692639243e-36,1.0432685471548036e-28,6.240013019814702e-30,2.3863042382935893e-29,NaN,NaN,NaN,NaN,NaN,NaN
2025-06-11T20:44:26Z,39.98626118563278,-75.16881562132892,13.573340605857085,1.1055311686882783,-4.623047895021486,0.0004974719833330704,1.0407341837116377,-0.2013576510086127,-1.1757759703736856,0.0,0.0,0.0,0.0,0.0,0.0,4.0047016891610764e-29,2.847787867847831e-28,8.20730885791946e-27,7.09974814698906e-30,0.0,6.218365115849993e-36,1.089121087270745e-28,8.389350837750752e-31,1.1093356479670547e-29,NaN,NaN,NaN,NaN,NaN,NaN
2025-06-11T20:44:27Z,39.98626118563278,-75.16881562132892,13.573340605857085,1.1439670220460558,-4.6320972804213785,0.00040017442151314605,1.039601990520239,-0.2006196261364659,-1.178027203720418,0.0,0.0,0.0,0.0,0.0,0.0,4.0047016891610764e-29,2.847787867847831e-28,8.20730885791946e-27,1.1359597035182496e-28,3.647692825741921e-27,3.2399563044539764e-35,6.389773332290141e-29,1.6301071049293806e-30,1.774937036747265e-30,NaN,NaN,NaN,NaN,NaN,NaN
2025-06-11T20:44:28Z,39.98626118563278,-75.16881562132892,13.573340605857085,1.1742949382397223,-4.639017951987116,0.00032342217124649276,1.0386513637012222,-0.20002065524108315,-1.1797896955767626,0.0,0.0,0.0,0.0,0.0,0.0,4.0047016891610764e-29,2.847787867847831e-28,8.20730885791946e-27,1.8345946427046095e-28,1.8175355256291994e-27,2.5417126600655115e-35,1.4914401489334606e-28,7.403274706224597e-31,1.6585800532272042e-28,NaN,NaN,NaN,NaN,NaN,NaN
2025-06-11T20:44:29Z,39.98626118563278,-75.16881562132892,13.573340605857085,1.206309683692727,-4.646638062490436,0.0002437128330996853,1.038006218979438,-0.19932608659589496,-1.1817126874828496,0.0,0.0,0.0,0.0,0.0,0.0,4.0047016891610764e-29,2.847787867847831e-28,8.20730885791946e-27,7.119469669619578e-29,8.59069525785677e-28,4.4698172690017075e-36,3.081487911019555e-29,4.5675354561087714e-30,9.663546088957354e-30,NaN,NaN,NaN,NaN,NaN,NaN
2025-06-11T20:44:30Z,39.98626118563278,-75.16881562132892,13.573340605857085,1.2455766338661862,-4.656354422569202,0.00014766956464146036,1.0373927780516212,-0.19842969469971602,-1.1841156768454772,0.0,0.0,0.0,0.0,0.0,0.0,4.0047016891610764e-29,2.847787867847831e-28,8.20730885791946e-27,4.738095811983742e-29,4.203839763922778e-27,2.652209129042766e-37,4.738095811983742e-29,1.2325951644078297e-32,3.155443620884044e-30,NaN,NaN,NaN,NaN,NaN,NaN
2025-06-11T20:44:31Z,39.98626118563278,-75.16881562132892,13.573340605857085,1.2965099605206327,-4.67061685598919,0.000026818799446817996,1.0367160916430584,-0.19723872832263936,-1.1873360084542093,0.0,0.0,0.0,0.0,0.0,0.0,4.0047016891610764e-29,2.847787867847831e-28,8.20730885791946e-27,1.4376989997652882e-28,2.1330798877176486e-27,1.3890118793896033e-37,1.9721522630525275e-31,3.155443620884044e-30,2.3863042382935893e-29,NaN,NaN,NaN,NaN,NaN,NaN
2025-06-11T20:44:32Z,39.98626118563278,-75.16881562132892,13.573340605857085,1.3248501397657284,-4.677387666583505,-0.00004147313395162893,1.0352742564511124,-0.19672602637942846,-1.1889399420277091,0.0,0.0,0.0,0.0,0.0,0.0,4.0047016891610764e-29,2.847787867847831e-28,8.20730885791946e-27,4.930380657631288e-28,1.7749370367472875e-28,1.8224754212553166e-37,5.965760595733973e-30,7.248429938695734e-30,2.4158865222393385e-30,NaN,NaN,NaN,NaN,NaN,NaN
2025-06-11T20:44:33Z,39.98626118563278,-75.16881562132892,13.573340605857085,1.3605340838868492,-4.68603262224958,-0.00012653438213496249,1.034732171790233,-0.19591065357978144,-1.1911175664477074,0.0,0.0,0.0,0.0,0.0,0.0,4.0047016891610764e-29,2.847787867847831e-28,8.20730885791946e-27,3.8654184355829416e-29,2.0194839173657882e-28,3.5558704112374623e-37,1.6018806756644305e-28,1.2325951644078297e-32,2.083085827849215e-28,NaN,NaN,NaN,NaN,NaN,NaN
2025-06-11T20:44:34Z,39.98626118563278,-75.16881562132892,13.573340605857085,1.3901676089277746,-4.69404221370491,-0.00019525834004968572,1.0338914442180822,-0.19531263744298502,-1.1929197415223054,0.0,0.0,0.0,0.0,0.0,0.0,4.0047016891610764e-29,2.847787867847831e-28,8.20730885791946e-27,4.4373425918681625e-31,1.9721522630525186e-29,3.297996338025754e-36,7.88860905221011e-31,7.858564545077694e-30,3.332937324558826e-29,NaN,NaN,NaN,NaN,NaN,NaN
2025-06-11T20:44:35Z,39.98626118563278,-75.16881562132892,13.573340605857085,1.4145791490301773,-4.701232216486797,-0.0002503657032400804,1.0331898293441866,-0.19479866729599293,-1.1944379405450882,0.0,0.0,0.0,0.0,0.0,0.0,4.0047016891610764e-29,2.847787867847831e-28,8.20730885791946e-27,3.8654184355829416e-29,2.5559093329160563e-28,8.49294668469094e-37,1.2325951644078241e-30,8.493351054747832e-30,3.0770505684277186e-28,NaN,NaN,NaN,NaN,NaN,NaN
2025-06-11T20:44:36Z,39.98626118563278,-75.16881562132892,13.573340605857085,1.436567106559288,-4.707621600381637,-0.00029954374694666466,1.032620501866642,-0.19430683795874293,-1.1958115537885134,0.0,0.0,0.0,0.0,0.0,0.0,4.0047016891610764e-29,2.847787867847831e-28,8.20730885791946e-27,2.485404889511989e-28,4.55646058855653e-27,4.2317796629602075e-37,5.369184536160481e-29,3.0576063797091438e-30,1.1837843958972849e-28,NaN,NaN,NaN,NaN,NaN,NaN
2025-06-11T20:44:37Z,39.98626118563278,-75.16881562132892,13.573340605857085,1.4676479069237036,-4.7170136660667215,-0.0003684961146707037,1.0322703618069433,-0.19354539477684365,-1.197826304074645,0.0,0.0,0.0,0.0,0.0,0.0,4.0047016891610764e-29,2.847787867847831e-28,8.20730885791946e-27,8.697191480061685e-29,1.1359597035182496e-28,3.808601696664179e-36,6.749691120297223e-29,3.2548216060143985e-30,1.7162655069214755e-28,NaN,NaN,NaN,NaN,NaN,NaN
2025-06-11T20:44:38Z,39.98626118563278,-75.16881562132892,13.573340605857085,1.4891723587802868,-4.723594917817409,-0.00041518089458817445,1.031462498399764,-0.19309758671242352,-1.1991595367845787,0.0,0.0,0.0,0.0,0.0,0.0,4.0047016891610764e-29,2.847787867847831e-28,8.20730885791946e-27,4.832266082544468e-28,1.5272347125078972e-27,2.708338984294533e-35,2.0194839173657882e-28,1.6301071049293806e-30,1.232595164407822e-28,NaN,NaN,NaN,NaN,NaN,NaN
2025-06-11T20:44:39Z,39.98626118563278,-75.16881562132892,13.573340605857085,1.492116546809965,-4.724505297816928,-0.00041985011881081035,1.0307359294724308,-0.19312664342156385,-1.1992699237249373,0.0,0.0,0.0,0.0,0.0,0.0,4.0047016891610764e-29,2.847787867847831e-28,8.20730885791946e-27,1.7798674174048944e-29,5.0487097934144705e-29,4.0918958352124106e-35,3.993608332681338e-30,5.965760595733973e-30,6.03971630559833e-29,NaN,NaN,NaN,NaN,NaN,NaN
2025-06-11T20:44:40Z,39.98626118563278,-75.16881562132892,13.573340605857085,1.4941743362757056,-4.725014833916476,-0.0004226773779289489,1.0306556430367526,-0.19308351586965472,-1.1993909148983501,0.0,0.0,0.0,0.0,0.0,0.0,4.0047016891610764e-29,2.847787867847831e-28,8.20730885791946e-27,9.116273835960397e-29,1.199857436841148e-27,3.364558705641116e-35,2.3863042382935893e-29,1.2325951644078241e-30,7.888609052210074e-29,NaN,NaN,NaN,NaN,NaN,NaN
2025-06-11T20:44:41Z,39.98626118563278,-75.16881562132892,13.573340605857085,1.4976068196666776,-4.725678241545339,-0.00042888428503896583,1.030620533863938,-0.19300087311813027,-1.1995940958053903,0.0,0.0,0.0,0.0,0.0,0.0,4.0047016891610764e-29,2.847787867847831e-28,8.20730885791946e-27,4.9303806576312965e-30,1.3331749298235304e-28,3.5558704112373844e-35,9.545216953174357e-29,1.8496631185895076e-30,1.2621774483536176e-29,NaN,NaN,NaN,NaN,NaN,NaN
2025-06-11T20:44:42Z,39.98626118563278,-75.16881562132892,13.573340605857085,1.5073964320400632,-4.7263818184185284,-0.00045160801941658346,1.0305705068806403,-0.19275707855371002,-1.200117537372651,0.0,0.0,0.0,0.0,0.0,0.0,4.0047016891610764e-29,2.847787867847831e-28,8.20730885791946e-27,1.2823920090499156e-28,3.8654184355829416e-29,1.692711865184083e-36,1.2823920090499156e-28,1.733336949948523e-31,2.415886522239332e-28,NaN,NaN,NaN,NaN,NaN,NaN
2025-06-11T20:44:43Z,39.98626118563278,-75.16881562132892,13.573340605857085,1.5196080782294255,-4.7253973421705755,-0.0004826771923479445,1.0302934325693012,-0.1925366891314901,-1.2006406072489944,0.0,0.0,0.0,0.0,0.0,0.0,4.0047016891610764e-29,2.847787867847831e-28,8.20730885791946e-27,5.129568036199662e-28,9.119232064354803e-28,2.596667020966399e-35,9.116273835960397e-29,1.1717357781651836e-30,1.9721522630525275e-31,NaN,NaN,NaN,NaN,NaN,NaN
2025-06-11T20:44:44Z,39.98626118563278,-75.16881562132892,13.573340605857085,1.5366670970686445,-4.721335437124741,-0.0005301046479459458,1.0299084432908447,-0.19227021749800577,-1.2012253613139048,0.0,0.0,0.0,0.0,0.0,0.0,4.0047016891610764e-29,2.847787867847831e-28,8.20730885791946e-27,1.7162655069214755e-28,1.1391151471391324e-27,4.2317796629602075e-37,1.7798674174048944e-29,1.8496631185895076e-30,5.965760595733973e-30,NaN,NaN,NaN,NaN,NaN,NaN
2025-06-11T20:44:45Z,39.98626118563278,-75.16881562132892,13.573340605857085,1.5426432344077698,-4.714659410282186,-0.000551954418451164,1.0293232499305975,-0.1924675829410617,-1.2010712067107454,0.0,0.0,0.0,0.0,0.0,0.0,4.0047016891610764e-29,2.847787867847831e-28,8.20730885791946e-27,1.5461673742331766e-28,8.59069525785677e-28,1.422348164494985e-36,6.749691120297223e-29,2.0830858278492662e-30,5.699520040221752e-29,NaN,NaN,NaN,NaN,NaN,NaN
2025-06-11T20:44:46Z,39.98626118563278,-75.16881562132892,13.573340605857085,1.5434201715247349,-4.705784297768367,-0.0005631379683368771,1.0290261730556554,-0.19273471664496475,-1.200577387192071,0.0,0.0,0.0,0.0,0.0,0.0,4.0047016891610764e-29,2.847787867847831e-28,8.20730885791946e-27,1.8952383247934968e-28,8.077935669463153e-28,2.9387358770557025e-37,2.083085827849215e-28,3.4581998081416934e-30,1.9721522630525275e-31,NaN,NaN,NaN,NaN,NaN,NaN
2025-06-11T20:44:47Z,39.98626118563278,-75.16881562132892,13.573340605857085,1.5414941891370455,-4.6958968026443095,-0.0005686316551278985,1.0288854569846746,-0.1930683213554027,-1.1999101739689293,0.0,0.0,0.0,0.0,0.0,0.0,4.0047016891610764e-29,2.847787867847831e-28,8.20730885791946e-27,3.8654184355829416e-29,6.634320212908817e-28,2.822361936324322e-35,7.499108980257175e-29,3.0576063797091438e-30,2.9232226919096137e-28,NaN,NaN,NaN,NaN,NaN,NaN
2025-06-11T20:44:48Z,39.98626118563278,-75.16881562132892,13.573340605857085,1.5347879247361707,-4.680009050853509,-0.0005697057501389925,1.028637654791765,-0.19354106660222267,-1.1986762621119174,0.0,0.0,0.0,0.0,0.0,0.0,4.0047016891610764e-29,2.847787867847831e-28,8.20730885791946e-27,5.0487097934144705e-29,1.0799505792475557e-27,1.8807909613156581e-37,4.930380657631319e-32,2.3303752327085323e-30,2.3863042382935893e-29,NaN,NaN,NaN,NaN,NaN,NaN
2025-06-11T20:44:49Z,39.98626118563278,-75.16881562132892,13.573340605857085,1.5335742908706866,-4.677193949871426,-0.0005677739583156834,1.029093186033271,-0.19392531197076102,-1.1984623178259393,0.0,0.0,0.0,0.0,0.0,0.0,4.0047016891610764e-29,2.847787867847831e-28,8.20730885791946e-27,4.264286230785366e-28,2.839899258795624e-29,1.5234406786656715e-35,2.7733391199176604e-28,2.3303752327085323e-30,3.478876592024674e-28,NaN,NaN,NaN,NaN,NaN,NaN
2025-06-11T20:44:50Z,39.98626118563278,-75.16881562132892,13.573340605857085,1.5300100010836573,-4.669956667858601,-0.0005656248378727475,1.0289502834286843,-0.19410381107269303,-1.1978787318349247,0.0,0.0,0.0,0.0,0.0,0.0,4.0047016891610764e-29,2.847787867847831e-28,8.20730885791946e-27,1.0432685471548036e-28,4.437342591868257e-27,2.9387358770556974e-35,5.369184536160481e-29,1.3589361687596383e-30,7.09974814698906e-30,NaN,NaN,NaN,NaN,NaN,NaN
2025-06-11T20:44:51Z,39.98626118563278,-75.16881562132892,13.573340605857085,1.5287888695666205,-4.669440873322884,-0.0005607584507756623,1.0291935104760968,-0.19428817133219092,-1.1977922155885672,0.0,0.0,0.0,0.0,0.0,0.0,4.0047016891610764e-29,2.847787867847831e-28,8.20730885791946e-27,4.173074188619214e-28,6.634320212908817e-28,9.734268719159247e-35,8.332343311397065e-30,8.17287631200162e-30,8.287969885478241e-29,NaN,NaN,NaN,NaN,NaN,NaN
2025-06-11T20:44:52Z,39.98626118563278,-75.16881562132892,13.573340605857085,1.5256946218234837,-4.667308295904973,-0.0005533128360588527,1.0291610104633921,-0.1943767482816078,-1.1975206827956033,0.0,0.0,0.0,0.0,0.0,0.0,4.0047016891610764e-29,2.847787867847831e-28,8.20730885791946e-27,5.644792814922142e-28,2.0194839173657882e-28,1.1754943508222863e-38,9.984020831703524e-29,2.7733391199176368e-30,7.88860905221011e-31,NaN,NaN,NaN,NaN,NaN,NaN
2025-06-11T20:44:53Z,39.98626118563278,-75.16881562132892,13.573340605857085,1.5214895364206156,-4.655170979869161,-0.0005558905051664621,1.0289014023486178,-0.19454218707243712,-1.1966418456434613,0.0,0.0,0.0,0.0,0.0,0.0,4.0047016891610764e-29,2.847787867847831e-28,8.20730885791946e-27,1.7749370367472875e-28,4.437342591868257e-27,6.770847460736332e-36,3.5942474994132205e-29,3.6677409860909875e-30,1.2823920090499156e-28,NaN,NaN,NaN,NaN,NaN,NaN
2025-06-11T20:44:54Z,39.98626118563278,-75.16881562132892,13.573340605857085,1.4592237223915816,-4.464974244402952,-0.0006399439784842011,1.023089001333205,-0.1970568603717385,-1.1828808249133538,0.0,0.0,0.0,0.0,0.0,0.0,4.0047016891610764e-29,2.847787867847831e-28,8.20730885791946e-27,4.173074188619214e-28,2.300318399624461e-27,3.808601696664179e-36,4.930380657631319e-32,3.0576063797091438e-30,3.993608332681338e-30,NaN,NaN,NaN,NaN,NaN,NaN
2025-06-11T20:44:55Z,39.98626118563278,-75.16881562132892,13.573340605857085,1.401853867585977,-4.289709229260424,-0.0007165408807967261,1.0233906794864536,-0.20347429796255445,-1.1701718541887907,0.0,0.0,0.0,0.0,0.0,0.0,4.0047016891610764e-29,2.847787867847831e-28,8.20730885791946e-27,1.2325951644078241e-30,3.8654184355829416e-29,7.904024014929047e-35,1.1837843958972849e-28,7.248429938695734e-30,5.699520040221752e-29,NaN,NaN,NaN,NaN,NaN,NaN
2025-06-11T20:44:56Z,39.98626118563278,-75.16881562132892,13.573340605857085,1.348824364303671,-4.1276839878280995,-0.0007865346153756015,1.0235659036497442,-0.20939100411580422,-1.1584043570085922,0.0,0.0,0.0,0.0,0.0,0.0,4.0047016891610764e-29,2.847787867847831e-28,8.20730885791946e-27,1.2823920090499156e-28,1.5974433330725638e-27,5.596528604264812e-35,2.4158865222393385e-30,3.0576063797091438e-30,7.888609052210074e-29,NaN,NaN,NaN,NaN,NaN,NaN
2025-06-11T20:44:57Z,39.98626118563278,-75.16881562132892,13.573340605857085,1.2996606096491703,-3.97745289420627,-0.0008506544916954815,1.0236400213869712,-0.21486245098946394,-1.1474767611904386,0.0,0.0,0.0,0.0,0.0,0.0,4.0047016891610764e-29,2.847787867847831e-28,8.20730885791946e-27,4.35648434908298e-28,1.4248800100554483e-27,2.1734890546704286e-35,3.8654184355829416e-29,2.2464046871332628e-30,9.545216953174357e-29,NaN,NaN,NaN,NaN,NaN,NaN
2025-06-11T20:44:58Z,39.98626118563278,-75.16881562132892,13.573340605857085,1.2539547621154354,-3.837773391863664,-0.0009095274636564434,1.0236331709107127,-0.21993633893268683,-1.1373017039927256,0.0,0.0,0.0,0.0,0.0,0.0,4.0047016891610764e-29,2.847787867847831e-28,8.20730885791946e-27,4.930380657631319e-32,1.199857436841148e-27,1.199121787273818e-34,4.4373425918681625e-31,2.496005207925836e-31,9.116273835960397e-29,NaN,NaN,NaN,NaN,NaN,NaN
2025-06-11T20:44:59Z,39.98626118563278,-75.16881562132892,13.573340605857085,1.2113544014362856,-3.7075715464917423,-0.0009636954535028186,1.023561448981378,-0.2246538888198059,-1.127803612589598,0.0,0.0,0.0,0.0,0.0,0.0,4.0047016891610764e-29,2.847787867847831e-28,8.20730885791946e-27,1.424880010055438e-29,5.965760595733843e-28,5.183930087126306e-36,7.119469669619578e-29,3.355740335100301e-30,1.232595164407822e-28,NaN,NaN,NaN,NaN,NaN,NaN
2025-06-11T20:45:00Z,39.98626118563278,-75.16881562132892,13.573340605857085,1.1715534239833778,-3.585914380795639,-0.0010136292729793384,1.023437792035861,-0.22905088952895877,-1.1189167663830806,0.0,0.0,0.0,0.0,0.0,0.0,4.0047016891610764e-29,2.847787867847831e-28,8.20730885791946e-27,2.347354231098232e-28,9.389416924392928e-28,8.29428813940209e-35,8.287969885478241e-29,8.332343311397065e-30,1.956868083013852e-28,NaN,NaN,NaN,NaN,NaN,NaN
2025-06-11T20:45:01Z,39.98626118563278,-75.16881562132892,13.573340605857085,1.1342846759084269,-3.4719874829526978,-0.0010597398967546235,1.0232726471528948,-0.23315855189364612,-1.1105837319787046,0.0,0.0,0.0,0.0,0.0,0.0,4.0047016891610764e-29,2.847787867847831e-28,8.20730885791946e-27,2.1476738144641925e-28,1.2939290997887515e-27,2.574802826041116e-34,2.9232226919096137e-28,2.7733391199176368e-30,1.089121087270745e-28,NaN,NaN,NaN,NaN,NaN,NaN
2025-06-11T20:45:02Z,39.98626118563278,-75.16881562132892,13.573340605857085,1.0993139490090529,-3.3650767520123517,-0.0011023876575616892,1.023074487383786,-0.23700420882843035,-1.1027540892305967,0.0,0.0,0.0,0.0,0.0,0.0,4.0047016891610764e-29,2.847787867847831e-28,8.20730885791946e-27,4.1464501330680106e-29,9.663546088957328e-28,9.215875710446695e-36,3.332937324558826e-29,6.807006795442157e-30,4.738095811983742e-29,NaN,NaN,NaN,NaN,NaN,NaN
2025-06-11T20:45:03Z,39.98626118563278,-75.16881562132892,13.573340605857085,1.0664350540238678,-3.264553415170385,-0.0011418897967089207,1.022850210710851,-0.2406118924882326,-1.0953833866926244,0.0,0.0,0.0,0.0,0.0,0.0,4.0047016891610764e-29,2.847787867847831e-28,8.20730885791946e-27,3.478876592024674e-28,6.407522702657722e-28,2.7158621481397925e-34,4.1464501330680106e-29,6.4788283329187665e-31,6.03971630559833e-29,NaN,NaN,NaN,NaN,NaN,NaN
2025-06-11T20:45:04Z,39.98626118563278,-75.16881562132892,13.573340605857085,1.0354657523424873,-3.169861652585421,-0.0011785267031982072,1.0226054512029026,-0.24400281257556442,-1.0884322793973367,0.0,0.0,0.0,0.0,0.0,0.0,4.0047016891610764e-29,2.847787867847831e-28,8.20730885791946e-27,9.545216953174357e-29,9.389416924392928e-28,3.009265538105053e-36,1.5974433330725352e-29,1.0366125332670026e-29,7.888609052210074e-29,NaN,NaN,NaN,NaN,NaN,NaN
2025-06-11T20:45:05Z,39.98626118563278,-75.16881562132892,13.573340605857085,1.006244376558155,-3.0805083152212327,-0.001212547099689718,1.0223448233673211,-0.24719575474158867,-1.0818658126739347,0.0,0.0,0.0,0.0,0.0,0.0,4.0047016891610764e-29,2.847787867847831e-28,8.20730885791946e-27,2.1476738144641925e-28,1.3260751816765185e-27,1.692711865184083e-36,4.738095811983742e-29,3.4581998081416934e-30,9.116273835960397e-29,NaN,NaN,NaN,NaN,NaN,NaN
2025-06-11T20:45:06Z,39.98626118563278,-75.16881562132892,13.573340605857085,0.9786270075250161,-2.9960543340410384,-0.0012441723770281255,1.022072115274408,-0.25020741404830665,-1.0756528237896128,0.0,0.0,0.0,0.0,0.0,0.0,4.0047016891610764e-29,2.847787867847831e-28,8.20730885791946e-27,1.384943926728626e-28,1.7057144923141464e-27,8.29428813940209e-35,9.545216953174357e-29,6.807006795442157e-30,5.699520040221752e-29,NaN,NaN,NaN,NaN,NaN,NaN
2025-06-11T20:45:07Z,39.98626118563278,-75.16881562132892,13.573340605857085,0.9524851038605214,-2.91610750462985,-0.0012736002360653857,1.0217904421104427,-0.2530526753804486,-1.06976543929241,0.0,0.0,0.0,0.0,0.0,0.0,4.0047016891610764e-29,2.847787867847831e-28,8.20730885791946e-27,1.112417135878063e-28,2.3863042382935893e-29,3.009265538105053e-36,3.8654184355829416e-29,1.0726659418259222e-29,1.424880010055438e-29,NaN,NaN,NaN,NaN,NaN,NaN
2025-06-11T20:45:08Z,39.98626118563278,-75.16881562132892,13.573340605857085,0.9277035014930243,-2.840316397006182,-0.0013010077625728604,1.0215023689514406,-0.25574485030104044,-1.0641786505804198,0.0,0.0,0.0,0.0,0.0,0.0,4.0047016891610764e-29,2.847787867847831e-28,8.20730885791946e-27,6.933347799794151e-29,2.0922563358724146e-27,1.749605791763887e-34,1.9721522630525275e-31,8.332343311397065e-30,1.2823920090499156e-28,NaN,NaN,NaN,NaN,NaN,NaN
2025-06-11T20:45:09Z,39.98626118563278,-75.16881562132892,13.573340605857085,0.9224618054214921,-2.8315104772533926,-0.0012940237036531026,1.023259248458268,-0.2576177105930475,-1.0633164516743048,0.0,0.0,0.0,0.0,0.0,0.0,4.0047016891610764e-29,2.847787867847831e-28,8.20730885791946e-27,1.6301071049293405e-28,1.2939290997887515e-27,6.093762714662686e-35,2.7733391199176604e-28,3.993608332681338e-30,5.369184536160481e-29,NaN,NaN,NaN,NaN,NaN,NaN
2025-06-11T20:45:10Z,39.98626118563278,-75.16881562132892,13.573340605857085,0.9198689711433048,-2.831153634705545,-0.0012832306476399794,1.023538941706991,-0.25786300406536183,-1.0631654549640908,0.0,0.0,0.0,0.0,0.0,0.0,4.0047016891610764e-29,2.847787867847831e-28,8.20730885791946e-27,6.039716305598346e-31,1.232595164407822e-28,4.701977403289124e-36,6.03971630559833e-29,3.562200025138595e-30,3.234822749471879e-28,NaN,NaN,NaN,NaN,NaN,NaN
2025-06-11T20:45:11Z,39.98626118563278,-75.16881562132892,13.573340605857085,0.9233862423788096,-2.8285932420009394,-0.0012892518665387086,1.023551904876843,-0.2577550450786609,-1.0632164101121226,0.0,0.0,0.0,0.0,0.0,0.0,4.0047016891610764e-29,2.847787867847831e-28,8.20730885791946e-27,4.738095811983742e-29,7.09974814698915e-28,1.6974138425873703e-35,3.478876592024674e-28,5.697671147475248e-30,3.8654184355829416e-29,NaN,NaN,NaN,NaN,NaN,NaN
2025-06-11T20:45:12Z,39.98626118563278,-75.16881562132892,13.573340605857085,0.9300362000335956,-2.8282822376874877,-0.0012997943382899513,1.023522921804257,-0.2576751911641109,-1.0635094277575152,0.0,0.0,0.0,0.0,0.0,0.0,4.0047016891610764e-29,2.847787867847831e-28,8.20730885791946e-27,1.0432685471548036e-28,3.8654184355829416e-29,0.0,6.03971630559833e-29,1.0726659418259222e-29,1.7162655069214755e-28,NaN,NaN,NaN,NaN,NaN,NaN
2025-06-11T20:45:13Z,39.98626118563278,-75.16881562132892,13.573340605857085,0.9403118603333005,-2.8278493654205885,-0.0013187120277884212,1.0233804645745748,-0.2574702042291155,-1.0639699810334198,0.0,0.0,0.0,0.0,0.0,0.0,4.0047016891610764e-29,2.847787867847831e-28,8.20730885791946e-27,8.491348087605626e-29,6.634320212908817e-28,1.6367583340849642e-34,9.545216953174357e-29,6.240013019814702e-30,5.0487097934144705e-29,NaN,NaN,NaN,NaN,NaN,NaN
2025-06-11T20:45:14Z,39.98626118563278,-75.16881562132892,13.573340605857085,0.9552942385481455,-2.82976490258713,-0.0013454938084928223,1.023235627982959,-0.2571699783261888,-1.0647798521990643,0.0,0.0,0.0,0.0,0.0,0.0,4.0047016891610764e-29,2.847787867847831e-28,8.20730885791946e-27,7.09974814698906e-30,9.545216953174357e-29,3.4277415269977765e-35,2.839899258795624e-29,6.240013019814702e-30,1.1093356479670547e-29,NaN,NaN,NaN,NaN,NaN,NaN
2025-06-11T20:45:15Z,39.98626118563278,-75.16881562132892,13.573340605857085,0.9688840650548247,-2.8322877970889833,-0.0013681901154281777,1.0229340436521872,-0.25689490448474855,-1.065533166431995,0.0,0.0,0.0,0.0,0.0,0.0,4.0047016891610764e-29,2.847787867847831e-28,8.20730885791946e-27,1.2823920090499156e-28,6.389773332290141e-29,7.151707630402732e-35,1.0432685471548036e-28,4.9303806576312965e-30,1.3331749298235304e-28,NaN,NaN,NaN,NaN,NaN,NaN
2025-06-11T20:45:16Z,39.98626118563278,-75.16881562132892,13.573340605857085,0.9898213708700093,-2.8371088911787243,-0.001404703079003792,1.0227622877035805,-0.25638094892807844,-1.0667992410197298,0.0,0.0,0.0,0.0,0.0,0.0,4.0047016891610764e-29,2.847787867847831e-28,8.20730885791946e-27,1.5739007654323528e-28,5.750795999061153e-28,3.161609605971619e-34,1.5974433330725352e-29,1.1093356479670406e-31,1.0432685471548036e-28,NaN,NaN,NaN,NaN,NaN,NaN
2025-06-11T20:45:17Z,39.98626118563278,-75.16881562132892,13.573340605857085,1.003746626163497,-2.8408566696741206,-0.0014263360555706566,1.0222862277034994,-0.25608077586073674,-1.0676132268785117,0.0,0.0,0.0,0.0,0.0,0.0,4.0047016891610764e-29,2.847787867847831e-28,8.20730885791946e-27,4.1464501330680106e-29,5.0487097934144705e-29,2.3039689276116677e-34,4.738095811983742e-29,4.449668543512236e-30,1.0432685471548036e-28,NaN,NaN,NaN,NaN,NaN,NaN
2025-06-11T20:45:18Z,39.98626118563278,-75.16881562132892,13.573340605857085,1.0262877531547596,-2.8465212719383284,-0.001464977046092026,1.02211594191294,-0.2554926189592965,-1.0690102585401318,0.0,0.0,0.0,0.0,0.0,0.0,4.0047016891610764e-29,2.847787867847831e-28,8.20730885791946e-27,4.1464501330680106e-29,1.8952383247934968e-28,1.749605791763887e-34,1.384943926728626e-28,3.7286003723337333e-31,1.4914401489334606e-28,NaN,NaN,NaN,NaN,NaN,NaN
2025-06-11T20:45:19Z,39.98626118563278,-75.16881562132892,13.573340605857085,1.0533421980975244,-2.85390959229227,-0.0015114580914135714,1.0217502931343254,-0.2548163647840036,-1.0706900987834278,0.0,0.0,0.0,0.0,0.0,0.0,4.0047016891610764e-29,2.847787867847831e-28,8.20730885791946e-27,5.699520040221752e-29,1.4927220479044375e-27,4.7019774032891453e-38,2.2132478772106838e-28,1.424880010055438e-29,9.116273835960397e-29,NaN,NaN,NaN,NaN,NaN,NaN
2025-06-11T20:45:20Z,39.98626118563278,-75.16881562132892,13.573340605857085,1.0979455166206293,-2.86583892055423,-0.0015915693814717168,1.0214474323447313,-0.2536473978205852,-1.07349743051262,0.0,0.0,0.0,0.0,0.0,0.0,4.0047016891610764e-29,2.847787867847831e-28,8.20730885791946e-27,8.332343311397065e-30,1.774937036747265e-30,1.5276724583286577e-34,2.839899258795624e-29,4.218556950185764e-30,3.155443620884044e-30,NaN,NaN,NaN,NaN,NaN,NaN
2025-06-11T20:45:21Z,39.98626118563278,-75.16881562132892,13.573340605857085,1.1223288658419206,-2.8714868523812442,-0.001633243288559062,1.0203013707172868,-0.25312131880353816,-1.0748383279712916,0.0,0.0,0.0,0.0,0.0,0.0,4.0047016891610764e-29,2.847787867847831e-28,8.20730885791946e-27,1.0432685471548036e-28,1.8952383247934968e-28,5.689392657979815e-34,1.089121087270745e-28,7.703719777548887e-30,3.818086781269743e-28,NaN,NaN,NaN,NaN,NaN,NaN
2025-06-11T20:45:22Z,39.98626118563278,-75.16881562132892,13.573340605857085,1.1459743716443727,-2.8754098378777826,-0.0016749142456819273,1.01976043285541,-0.25257098001424605,-1.076141131311707,0.0,0.0,0.0,0.0,0.0,0.0,4.0047016891610764e-29,2.847787867847831e-28,8.20730885791946e-27,6.749691120297223e-29,3.332937324558826e-29,2.574802826041116e-34,1.9721522630525275e-31,1.0366125332670026e-29,4.738095811983742e-29,NaN,NaN,NaN,NaN,NaN,NaN
2025-06-11T20:45:23Z,39.98626118563278,-75.16881562132892,13.573340605857085,1.1742485048939042,-2.87917335620239,-0.0017266580257084085,1.0192855142381951,-0.251931193664192,-1.0776698573180994,0.0,0.0,0.0,0.0,0.0,0.0,4.0047016891610764e-29,2.847787867847831e-28,8.20730885791946e-27,7.88860905221011e-31,7.580953299173987e-28,2.1107176563364828e-34,4.4373425918681625e-31,9.663546088957354e-30,1.956868083013852e-28,NaN,NaN,NaN,NaN,NaN,NaN
2025-06-11T20:45:24Z,39.98626118563278,-75.16881562132892,13.573340605857085,1.19768442075069,-2.8814702881911343,-0.00176902085804588,1.0186203555712054,-0.2514829312521244,-1.0788433462765705,0.0,0.0,0.0,0.0,0.0,0.0,4.0047016891610764e-29,2.847787867847831e-28,8.20730885791946e-27,1.232595164407822e-28,3.478876592024674e-28,2.238611441705925e-34,3.332937324558826e-29,1.3589361687596383e-30,1.089121087270745e-28,NaN,NaN,NaN,NaN,NaN,NaN
2025-06-11T20:45:25Z,39.98626118563278,-75.16881562132892,13.573340605857085,1.2242967241232199,-2.8855408470300024,-0.001816034476071961,1.0181824115090967,-0.25092945511971043,-1.0803006227677323,0.0,0.0,0.0,0.0,0.0,0.0,4.0047016891610764e-29,2.847787867847831e-28,8.20730885791946e-27,3.1554436208840297e-28,3.1554436208840297e-28,3.979753674143996e-34,3.155443620884044e-30,3.355740335100301e-30,1.9721522630525275e-31,NaN,NaN,NaN,NaN,NaN,NaN
2025-06-11T20:45:26Z,39.98626118563278,-75.16881562132892,13.573340605857085,1.2318958110498122,-2.888037346636326,-0.0018229755993514473,1.0174935563472065,-0.25089256397603915,-1.080688282610018,0.0,0.0,0.0,0.0,0.0,0.0,4.0047016891610764e-29,2.847787867847831e-28,8.20730885791946e-27,2.2132478772106838e-28,4.543838814072998e-28,6.110689833314631e-34,1.2621774483536176e-29,5.1799811784239004e-30,2.839899258795624e-29,NaN,NaN,NaN,NaN,NaN,NaN
2025-06-11T20:45:27Z,39.98626118563278,-75.16881562132892,13.573340605857085,1.2404831933616303,-2.8922909984996594,-0.0018300625557047601,1.0174111699736088,-0.2506606560320484,-1.0813276799493776,0.0,0.0,0.0,0.0,0.0,0.0,4.0047016891610764e-29,2.847787867847831e-28,8.20730885791946e-27,1.6585800532272042e-28,3.8654184355829416e-29,1.0386668083865596e-34,3.8654184355829416e-29,1.6301071049293806e-30,1.4376989997652882e-28,NaN,NaN,NaN,NaN,NaN,NaN
2025-06-11T20:45:28Z,39.98626118563278,-75.16881562132892,13.573340605857085,1.2423266379829627,-2.89416498610427,-0.0018251273512463037,1.0171657826022942,-0.25058601402034847,-1.081490607471668,0.0,0.0,0.0,0.0,0.0,0.0,4.0047016891610764e-29,2.847787867847831e-28,8.20730885791946e-27,4.437342591868219e-29,1.742593739633192e-27,2.3702668089980973e-34,1.0432685471548036e-28,1.553378055944993e-29,9.984020831703524e-29,NaN,NaN,NaN,NaN,NaN,NaN
2025-06-11T20:45:29Z,39.98626118563278,-75.16881562132892,13.573340605857085,1.2433348449472283,-2.89686523278618,-0.001817517739668216,1.0171707997021275,-0.2505214414667896,-1.0816879057375304,0.0,0.0,0.0,0.0,0.0,0.0,4.0047016891610764e-29,2.847787867847831e-28,8.20730885791946e-27,4.437342591868219e-29,2.279808016088701e-28,5.586419352847903e-34,2.0194839173657882e-28,0.0,9.984020831703524e-29,NaN,NaN,NaN,NaN,NaN,NaN
2025-06-11T20:45:30Z,39.98626118563278,-75.16881562132892,13.573340605857085,1.242057674344883,-2.8996423615196703,-0.001804969747852382,1.0171757813076379,-0.2504890466448668,-1.0817802739736142,0.0,0.0,0.0,0.0,0.0,0.0,4.0047016891610764e-29,2.847787867847831e-28,8.20730885791946e-27,7.88860905221011e-31,2.415886522239332e-28,1.8662148313654442e-34,1.7798674174048944e-29,1.146621651690381e-29,8.287969885478241e-29,NaN,NaN,NaN,NaN,NaN,NaN
2025-06-11T20:45:31Z,39.98626118563278,-75.16881562132892,13.573340605857085,1.2411119797892665,-2.9007763937277913,-0.00179502025616399,1.0171918931138035,-0.2504254060507017,-1.0818113626825163,0.0,0.0,0.0,0.0,0.0,0.0,4.0047016891610764e-29,2.847787867847831e-28,8.20730885791946e-27,4.437342591868219e-29,7.09974814698906e-30,2.238611441705925e-34,1.4376989997652882e-28,5.4357446750385534e-30,1.384943926728626e-28,NaN,NaN,NaN,NaN,NaN,NaN
2025-06-11T20:45:32Z,39.98626118563278,-75.16881562132892,13.573340605857085,1.2406174994896786,-2.901095153185175,-0.0017869943915756591,1.0172059972788532,-0.25039801661305666,-1.081813064999273,0.0,0.0,0.0,0.0,0.0,0.0,4.0047016891610764e-29,2.847787867847831e-28,8.20730885791946e-27,1.2823920090499156e-28,2.0117925235398897e-27,5.435485878202202e-35,1.089121087270745e-28,1.5099290763995866e-31,1.4914401489334606e-28,NaN,NaN,NaN,NaN,NaN,NaN
2025-06-11T20:45:33Z,39.98626118563278,-75.16881562132892,13.573340605857085,1.240083670771344,-2.9015647136431695,-0.0017787803118538455,1.0172274579629914,-0.2503974205083346,-1.081816033817894,0.0,0.0,0.0,0.0,0.0,0.0,4.0047016891610764e-29,2.847787867847831e-28,8.20730885791946e-27,1.4914401489334606e-28,8.697191480061685e-29,3.6412113011071614e-34,9.116273835960397e-29,1.424880010055438e-29,1.3331749298235304e-28,NaN,NaN,NaN,NaN,NaN,NaN
2025-06-11T20:45:34Z,39.98626118563278,-75.16881562132892,13.573340605857085,1.239988583198,-2.9016546929239815,-0.0017719656566864746,1.0172372288261824,-0.25038144457499695,-1.0818209454104826,0.0,0.0,0.0,0.0,0.0,0.0,4.0047016891610764e-29,2.847787867847831e-28,8.20730885791946e-27,1.5974433330725352e-29,3.155443620884044e-30,8.693956218681714e-35,1.9721522630525186e-29,8.332343311397065e-30,1.2823920090499156e-28,NaN,NaN,NaN,NaN,NaN,NaN
2025-06-11T20:45:35Z,39.98626118563278,-75.16881562132892,13.573340605857085,1.240075944118224,-2.9027293816502877,-0.00176452502683526,1.0172735685211602,-0.25037234392726093,-1.081886275792389,0.0,0.0,0.0,0.0,0.0,0.0,4.0047016891610764e-29,2.847787867847831e-28,8.20730885791946e-27,1.9721522630525275e-31,5.965760595733843e-28,3.724436301145363e-34,1.5974433330725352e-29,1.6874227800743057e-29,7.88860905221011e-31,NaN,NaN,NaN,NaN,NaN,NaN
2025-06-11T20:45:36Z,39.98626118563278,-75.16881562132892,13.573340605857085,1.2401171711309606,-2.903998252276785,-0.001756833162744863,1.0172924544717608,-0.25034027578117035,-1.0819620915238208,0.0,0.0,0.0,0.0,0.0,0.0,4.0047016891610764e-29,2.847787867847831e-28,8.20730885791946e-27,7.09974814698906e-30,2.1476738144641925e-28,2.487346046339997e-35,1.4914401489334606e-28,2.5915313331675066e-30,4.4373425918681625e-31,NaN,NaN,NaN,NaN,NaN,NaN
2025-06-11T20:45:37Z,39.98626118563278,-75.16881562132892,13.573340605857085,1.2395151412946877,-2.9051093995400077,-0.0017480185715008406,1.0173012723397574,-0.2503207973837889,-1.0819971908553796,0.0,0.0,0.0,0.0,0.0,0.0,4.0047016891610764e-29,2.847787867847831e-28,8.20730885791946e-27,4.4373425918681625e-31,5.129568036199662e-28,1.9865854528896475e-34,1.7798674174048944e-29,1.5099290763995825e-29,1.2325951644078241e-30,NaN,NaN,NaN,NaN,NaN,NaN
2025-06-11T20:45:38Z,39.98626118563278,-75.16881562132892,13.573340605857085,1.2385447993354697,-2.9059900668265373,-0.0017387446414989852,1.0173217965036214,-0.25030927216780896,-1.0820038488312247,0.0,0.0,0.0,0.0,0.0,0.0,4.0047016891610764e-29,2.847787867847831e-28,8.20730885791946e-27,3.155443620884044e-30,1.8940550334356558e-27,1.925929944387234e-34,2.99964359210287e-28,6.240013019814702e-30,1.5974433330725352e-29,NaN,NaN,NaN,NaN,NaN,NaN
2025-06-11T20:45:39Z,39.98626118563278,-75.16881562132892,13.573340605857085,1.2376116044057812,-2.908906641539402,-0.0017274534201435177,1.017420318321931,-0.2502931034325353,-1.0821270803684764,0.0,0.0,0.0,0.0,0.0,0.0,4.0047016891610764e-29,2.847787867847831e-28,8.20730885791946e-27,1.2823920090499156e-28,2.0922563358724146e-27,1.5234406786656715e-35,5.369184536160481e-29,1.7333369499485378e-29,1.2823920090499156e-28,NaN,NaN,NaN,NaN,NaN,NaN
2025-06-11T20:45:40Z,39.98626118563278,-75.16881562132892,13.573340605857085,1.2391256361988006,-2.9146904417127306,-0.0017182802060815173,1.017579944238763,-0.2501489345704896,-1.0825408093729834,0.0,0.0,0.0,0.0,0.0,0.0,4.0047016891610764e-29,2.847787867847831e-28,8.20730885791946e-27,9.116273835960397e-29,5.965760595733843e-28,1.8074401138243645e-34,3.155443620884044e-30,9.663546088957354e-30,2.7733391199176604e-28,NaN,NaN,NaN,NaN,NaN,NaN
2025-06-11T20:45:41Z,39.98626118563278,-75.16881562132892,13.573340605857085,1.242717280144545,-2.920007262376911,-0.0017139535047412662,1.0176137543673778,-0.24990053156169498,-1.0830294948938246,0.0,0.0,0.0,0.0,0.0,0.0,4.0047016891610764e-29,2.847787867847831e-28,8.20730885791946e-27,1.6585800532272042e-28,1.742593739633192e-27,3.558926696549505e-34,1.1093356479670547e-29,1.733336949948523e-31,1.5461673742331766e-28,NaN,NaN,NaN,NaN,NaN,NaN
2025-06-11T20:45:42Z,39.98626118563278,-75.16881562132892,13.573340605857085,1.2448005395085113,-2.927193874163412,-0.0017045912231482853,1.0176511978361638,-0.2497230352852049,-1.0835320255633887,0.0,0.0,0.0,0.0,0.0,0.0,4.0047016891610764e-29,2.847787867847831e-28,8.20730885791946e-27,2.839899258795624e-29,8.697191480061685e-29,1.8662148313654442e-34,6.03971630559833e-29,1.0188169405808378e-29,1.4914401489334606e-28,NaN,NaN,NaN,NaN,NaN,NaN
2025-06-11T20:45:43Z,39.98626118563278,-75.16881562132892,13.573340605857085,1.2434416715390753,-2.9381899115996557,-0.0016842535969779561,1.0177988012226349,-0.24956463366391393,-1.0840853720587633,0.0,0.0,0.0,0.0,0.0,0.0,4.0047016891610764e-29,2.847787867847831e-28,8.20730885791946e-27,2.3863042382935893e-29,7.09974814698915e-28,1.4223481644949538e-34,1.7798674174048944e-29,3.8834451398624826e-30,9.984020831703524e-29,NaN,NaN,NaN,NaN,NaN,NaN
2025-06-11T20:45:44Z,39.98626118563278,-75.16881562132892,13.573340605857085,1.2432733583675888,-2.9464641397138727,-0.0016693296317971545,1.0178895200754778,-0.24924443970368268,-1.0845792284984308,0.0,0.0,0.0,0.0,0.0,0.0,4.0047016891610764e-29,2.847787867847831e-28,8.20730885791946e-27,1.774937036747265e-30,2.1476738144641925e-28,4.42409053875472e-34,7.499108980257175e-29,1.5600032549536756e-30,2.4158865222393385e-30,NaN,NaN,NaN,NaN,NaN,NaN
2025-06-11T20:45:45Z,39.98626118563278,-75.16881562132892,13.573340605857085,1.2474529692498757,-2.949777442591059,-0.0016685148120851874,1.0178624139055774,-0.24890220394317214,-1.0850034744000534,0.0,0.0,0.0,0.0,0.0,0.0,4.0047016891610764e-29,2.847787867847831e-28,8.20730885791946e-27,2.2132478772106838e-28,2.99964359210287e-28,5.759922319029169e-35,2.1742978700154214e-29,3.2548216060143985e-30,1.9721522630525186e-29,NaN,NaN,NaN,NaN,NaN,NaN
2025-06-11T20:45:46Z,39.98626118563278,-75.16881562132892,13.573340605857085,1.2514869178259371,-2.9498844698837527,-0.0016707303632114796,1.0177083656868706,-0.24874940858062491,-1.0852018701344697,0.0,0.0,0.0,0.0,0.0,0.0,4.0047016891610764e-29,2.847787867847831e-28,8.20730885791946e-27,6.389773332290141e-29,1.199857436841148e-27,8.442870625345931e-34,4.9303806576312965e-30,7.39865247435803e-30,8.287969885478241e-29,NaN,NaN,NaN,NaN,NaN,NaN
2025-06-11T20:45:47Z,39.98626118563278,-75.16881562132892,13.573340605857085,1.2667951723603306,-2.9414170242032363,-0.0017045633317377522,1.0173996518532158,-0.24839235833926113,-1.0854889586017007,0.0,0.0,0.0,0.0,0.0,0.0,4.0047016891610764e-29,2.847787867847831e-28,8.20730885791946e-27,2.7733391199176604e-28,1.2621774483536119e-27,3.893707487663699e-34,1.1359597035182496e-28,4.80789151316831e-30,1.4376989997652882e-28,NaN,NaN,NaN,NaN,NaN,NaN
2025-06-11T20:45:48Z,39.98626118563278,-75.16881562132892,13.573340605857085,1.2824260546872495,-2.926133414008847,-0.001745819152898846,1.016731781063571,-0.24839143550540024,-1.0853228586705415,0.0,0.0,0.0,0.0,0.0,0.0,4.0047016891610764e-29,2.847787867847831e-28,8.20730885791946e-27,1.384943926728626e-28,1.5461673742331766e-28,1.0022735032851166e-33,3.5942474994132205e-29,1.9475773969621705e-29,3.155443620884044e-30,NaN,NaN,NaN,NaN,NaN,NaN
2025-06-11T20:45:49Z,39.98626118563278,-75.16881562132892,13.573340605857085,1.294822330458024,-2.9122728066256602,-0.0017788386190870805,1.0162130364594126,-0.2486570140468056,-1.085048159470973,0.0,0.0,0.0,0.0,0.0,0.0,4.0047016891610764e-29,2.847787867847831e-28,8.20730885791946e-27,1.1093356479670547e-29,1.3331749298235304e-28,3.08496737429798e-34,2.99964359210287e-28,2.003737514140493e-30,1.384943926728626e-28,NaN,NaN,NaN,NaN,NaN,NaN
2025-06-11T20:45:50Z,39.98626118563278,-75.16881562132892,13.573340605857085,1.3091945616208802,-2.89783061492873,-0.0018161753686281297,1.0157465885999253,-0.2487975418829279,-1.0848645072960141,0.0,0.0,0.0,0.0,0.0,0.0,4.0047016891610764e-29,2.847787867847831e-28,8.20730885791946e-27,5.369184536160481e-29,9.663546088957328e-28,2.644862289350186e-34,5.699520040221752e-29,9.491753137918112e-30,2.608171367887009e-29,NaN,NaN,NaN,NaN,NaN,NaN
2025-06-11T20:45:51Z,39.98626118563278,-75.16881562132892,13.573340605857085,1.3225733080635782,-2.8895166909275476,-0.0018450381447239692,1.015423756858363,-0.24898477568333435,-1.0849581389976666,0.0,0.0,0.0,0.0,0.0,0.0,4.0047016891610764e-29,2.847787867847831e-28,8.20730885791946e-27,3.818086781269743e-28,1.0223637331664225e-27,6.8841651161556984e-34,1.5974433330725352e-29,1.7565251464789214e-29,1.7749370367472875e-28,NaN,NaN,NaN,NaN,NaN,NaN
2025-06-11T20:45:52Z,39.98626118563278,-75.16881562132892,13.573340605857085,1.3370326325984507,-2.8831246629462663,-0.0018738997759993738,1.0150781638383262,-0.2489661820988732,-1.0852383517660615,0.0,0.0,0.0,0.0,0.0,0.0,4.0047016891610764e-29,2.847787867847831e-28,8.20730885791946e-27,2.7733391199176604e-28,4.35648434908298e-28,9.521504241660618e-35,2.608171367887009e-29,9.43705672749739e-31,8.332343311397065e-30,NaN,NaN,NaN,NaN,NaN,NaN
2025-06-11T20:45:53Z,39.98626118563278,-75.16881562132892,13.573340605857085,1.348086466720803,-2.879166821754156,-0.0018933625565983635,1.0147282602526286,-0.24899608226453135,-1.085480185724084,0.0,0.0,0.0,0.0,0.0,0.0,4.0047016891610764e-29,2.847787867847831e-28,8.20730885791946e-27,3.155443620884044e-30,4.437342591868219e-29,4.231779662960261e-35,1.1359597035182496e-28,1.1654957651453944e-29,1.6018806756644305e-28,NaN,NaN,NaN,NaN,NaN,NaN
2025-06-11T20:45:54Z,39.98626118563278,-75.16881562132892,13.573340605857085,1.369465964160311,-2.8750549022673417,-0.0019332170744648174,1.0144660232192853,-0.2486420648043682,-1.0862668679518706,0.0,0.0,0.0,0.0,0.0,0.0,4.0047016891610764e-29,2.847787867847831e-28,8.20730885791946e-27,2.347354231098232e-28,7.09974814698906e-30,2.7878024024101388e-34,8.697191480061685e-29,7.09974814698906e-30,3.155443620884044e-30,NaN,NaN,NaN,NaN,NaN,NaN
2025-06-11T20:45:55Z,39.98626118563278,-75.16881562132892,13.573340605857085,1.4090420394895173,-2.867317892692365,-0.0020122135197233226,1.0138902114802553,-0.2479135753247633,-1.0877207074202673,0.0,0.0,0.0,0.0,0.0,0.0,4.0047016891610764e-29,2.847787867847831e-28,8.20730885791946e-27,3.3965392350422503e-28,2.99964359210287e-28,1.1442732208644371e-33,2.699876448118889e-28,3.355740335100301e-30,5.965760595733973e-30,NaN,NaN,NaN,NaN,NaN,NaN
2025-06-11T20:45:56Z,39.98626118563278,-75.16881562132892,13.573340605857085,1.4351241705201476,-2.86277096275497,-0.0020610440688682307,1.01292520625879,-0.24783973955971392,-1.08854984394905,0.0,0.0,0.0,0.0,0.0,0.0,4.0047016891610764e-29,2.847787867847831e-28,8.20730885791946e-27,4.1464501330680106e-29,4.9303806576312965e-30,0.0,2.0194839173657882e-28,5.565937539279095e-30,1.2325951644078241e-30,NaN,NaN,NaN,NaN,NaN,NaN
2025-06-11T20:45:57Z,39.98626118563278,-75.16881562132892,13.573340605857085,1.4477602304328432,-2.8619680117203155,-0.0020795557147369526,1.0123277513793894,-0.24789650889785583,-1.0889881327949638,0.0,0.0,0.0,0.0,0.0,0.0,4.0047016891610764e-29,2.847787867847831e-28,8.20730885791946e-27,1.5461673742331766e-28,1.6331392890337803e-27,1.5817451984664957e-34,1.4914401489334606e-28,5.697671147475248e-30,2.0194839173657882e-28,NaN,NaN,NaN,NaN,NaN,NaN
2025-06-11T20:45:58Z,39.98626118563278,-75.16881562132892,13.573340605857085,1.4639742075411992,-2.8627337936649155,-0.0021033470076255232,1.0120925698855816,-0.2476067173958068,-1.0897838268275988,0.0,0.0,0.0,0.0,0.0,0.0,4.0047016891610764e-29,2.847787867847831e-28,8.20730885791946e-27,2.7733391199176604e-28,3.8654184355829416e-29,1.3710966107991106e-34,6.03971630559833e-29,5.697671147475248e-30,1.7162655069214755e-28,NaN,NaN,NaN,NaN,NaN,NaN
2025-06-11T20:45:59Z,39.98626118563278,-75.16881562132892,13.573340605857085,1.4829334597151569,-2.8640692583772585,-0.0021317391787992013,1.0117594403568273,-0.24723800710841254,-1.0907357958990112,0.0,0.0,0.0,0.0,0.0,0.0,4.0047016891610764e-29,2.847787867847831e-28,8.20730885791946e-27,5.129568036199662e-28,3.332937324558826e-29,3.6412113011071614e-34,4.9303806576312965e-30,1.9968812035384902e-29,9.663546088957354e-30,NaN,NaN,NaN,NaN,NaN,NaN
2025-06-11T20:46:00Z,39.98626118563278,-75.16881562132892,13.573340605857085,1.495599473302995,-2.8659753754330284,-0.0021472126733110795,1.011330573332435,-0.2470561425993629,-1.091384888400075,0.0,0.0,0.0,0.0,0.0,0.0,4.0047016891610764e-29,2.847787867847831e-28,8.20730885791946e-27,1.7749370367472875e-28,1.4248800100554483e-27,2.4375050858650744e-34,2.839899258795624e-29,2.0468013076969782e-29,0.0,NaN,NaN,NaN,NaN,NaN,NaN
2025-06-11T20:46:01Z,39.98626118563278,-75.16881562132892,13.573340605857085,1.5068652222082657,-2.8681497668507467,-0.0021596212597139834,1.0110655679137712,-0.2468286179599218,-1.0920148305669184,0.0,0.0,0.0,0.0,0.0,0.0,4.0047016891610764e-29,2.847787867847831e-28,8.20730885791946e-27,1.5461673742331766e-28,1.1093356479670642e-27,8.442870625345931e-34,2.3863042382935893e-29,3.6677409860909875e-30,3.5942474994132205e-29,NaN,NaN,NaN,NaN,NaN,NaN
2025-06-11T20:46:02Z,39.98626118563278,-75.16881562132892,13.573340605857085,1.5307428947891195,-2.873055587364842,-0.002193487598804884,1.010973786137357,-0.2462244458190356,-1.0934486525491036,0.0,0.0,0.0,0.0,0.0,0.0,4.0047016891610764e-29,2.847787867847831e-28,8.20730885791946e-27,4.7351375835891395e-28,1.3331749298235304e-28,3.6412113011071614e-34,1.384943926728626e-28,9.152789467706005e-30,1.774937036747265e-30,NaN,NaN,NaN,NaN,NaN,NaN
2025-06-11T20:46:03Z,39.98626118563278,-75.16881562132892,13.573340605857085,1.5439702609279384,-2.8768668796816725,-0.0022078155414223385,1.0104035713616069,-0.2459832183435205,-1.09421563620757,0.0,0.0,0.0,0.0,0.0,0.0,4.0047016891610764e-29,2.847787867847831e-28,8.20730885791946e-27,1.232595164407822e-28,4.7351375835891395e-28,4.814824860968085e-35,2.2132478772106838e-28,2.5029385557256727e-30,2.485404889511989e-28,NaN,NaN,NaN,NaN,NaN,NaN
2025-06-11T20:46:04Z,39.98626118563278,-75.16881562132892,13.573340605857085,1.5543378138695187,-2.8803440400221088,-0.0022169189947691867,1.0101231403899895,-0.2457337189560748,-1.0948749356194616,0.0,0.0,0.0,0.0,0.0,0.0,4.0047016891610764e-29,2.847787867847831e-28,8.20730885791946e-27,1.4914401489334606e-28,1.1391151471391324e-27,5.435485878202202e-35,1.0432685471548036e-28,2.1639748855134782e-30,3.081487911019555e-29,NaN,NaN,NaN,NaN,NaN,NaN
2025-06-11T20:46:05Z,39.98626118563278,-75.16881562132892,13.573340605857085,1.5658440413000538,-2.8851823210960914,-0.0022268061971094668,1.0099747984664662,-0.24542655192707924,-1.0956831683423582,0.0,0.0,0.0,0.0,0.0,0.0,4.0047016891610764e-29,2.847787867847831e-28,8.20730885791946e-27,2.083085827849215e-28,5.699520040221752e-29,7.94634181155859e-34,1.0432685471548036e-28,9.491753137918112e-30,0.0,NaN,NaN,NaN,NaN,NaN,NaN
2025-06-11T20:46:06Z,39.98626118563278,-75.16881562132892,13.573340605857085,1.56980540781655,-2.8867603521097154,-0.002225485027315462,1.0096346255449042,-0.24531297491153178,-1.095922867355027,0.0,0.0,0.0,0.0,0.0,0.0,4.0047016891610764e-29,2.847787867847831e-28,8.20730885791946e-27,1.8952383247934968e-28,1.3260751816765185e-27,3.009265538105053e-36,6.03971630559833e-29,4.218556950185764e-30,3.332937324558826e-29,NaN,NaN,NaN,NaN,NaN,NaN
2025-06-11T20:46:07Z,39.98626118563278,-75.16881562132892,13.573340605857085,1.5741760288618065,-2.889338510748058,-0.0022239809816057584,1.009596732764027,-0.24518759928915462,-1.0962718657899964,0.0,0.0,0.0,0.0,0.0,0.0,4.0047016891610764e-29,2.847787867847831e-28,8.20730885791946e-27,3.5622000251386207e-28,7.338378570818438e-28,3.6412113011071614e-34,2.3863042382935893e-29,1.424417786868812e-30,4.738095811983742e-29,NaN,NaN,NaN,NaN,NaN,NaN
2025-06-11T20:46:08Z,39.98626118563278,-75.16881562132892,13.573340605857085,1.5793695106155081,-2.8931875083318768,-0.0022228143270070786,1.0095717075907784,-0.24501437473507337,-1.096734201413326,0.0,0.0,0.0,0.0,0.0,0.0,4.0047016891610764e-29,2.847787867847831e-28,8.20730885791946e-27,2.7733391199176604e-28,1.3331749298235304e-28,5.898160454685885e-34,4.1464501330680106e-29,6.102116435796563e-30,1.0432685471548036e-28,NaN,NaN,NaN,NaN,NaN,NaN
2025-06-11T20:46:09Z,39.98626118563278,-75.16881562132892,13.573340605857085,1.5862146990053594,-2.8985523465805576,-0.002223302454265846,1.009554226934928,-0.24476731050331058,-1.0973642425620345,0.0,0.0,0.0,0.0,0.0,0.0,4.0047016891610764e-29,2.847787867847831e-28,8.20730885791946e-27,1.4914401489334606e-28,1.3260751816765185e-27,2.275757063191976e-35,2.3863042382935893e-29,1.7017516988605392e-30,9.116273835960397e-29,NaN,NaN,NaN,NaN,NaN,NaN
2025-06-11T20:46:10Z,39.98626118563278,-75.16881562132892,13.573340605857085,1.5924145714903504,-2.903518094321118,-0.002222961484256889,1.0094470424771507,-0.24451767358452947,-1.0979343438691633,0.0,0.0,0.0,0.0,0.0,0.0,4.0047016891610764e-29,2.847787867847831e-28,8.20730885791946e-27,2.415886522239332e-28,8.852991508842735e-28,3.178536724623514e-35,4.1464501330680106e-29,4.1053122694558375e-30,8.287969885478241e-29,NaN,NaN,NaN,NaN,NaN,NaN
2025-06-11T20:46:11Z,39.98626118563278,-75.16881562132892,13.573340605857085,1.5972694117355406,-2.9093382227823468,-0.0022193015343362097,1.0093858475750757,-0.2443059925555795,-1.0984858414482768,0.0,0.0,0.0,0.0,0.0,0.0,4.0047016891610764e-29,2.847787867847831e-28,8.20730885791946e-27,3.646509534384159e-28,9.941619558047956e-28,5.435485878202202e-35,2.1742978700154214e-29,2.5915313331675066e-30,2.839899258795624e-29,NaN,NaN,NaN,NaN,NaN,NaN
2025-06-11T20:46:12Z,39.98626118563278,-75.16881562132892,13.573340605857085,1.600922342664282,-2.9163566735260966,-0.0022122942461862537,1.0093773349851138,-0.24408671206163857,-1.0990527627795714,0.0,0.0,0.0,0.0,0.0,0.0,4.0047016891610764e-29,2.847787867847831e-28,8.20730885791946e-27,5.129568036199662e-28,3.9936083326814095e-28,6.093762714662686e-35,9.984020831703524e-29,3.774822690998956e-30,3.332937324558826e-29,NaN,NaN,NaN,NaN,NaN,NaN
2025-06-11T20:46:13Z,39.98626118563278,-75.16881562132892,13.573340605857085,1.6014856687218226,-2.917967821906555,-0.0022047228403328637,1.0091968144579593,-0.24392273395987224,-1.0991713928468978,0.0,0.0,0.0,0.0,0.0,0.0,4.0047016891610764e-29,2.847787867847831e-28,8.20730885791946e-27,1.6585800532272042e-28,2.847787867847831e-28,1.5234406786656715e-35,1.232595164407822e-28,6.379450347788204e-30,1.5974433330725352e-29,NaN,NaN,NaN,NaN,NaN,NaN
2025-06-11T20:46:14Z,39.98626118563278,-75.16881562132892,13.573340605857085,1.603080678027431,-2.918991066181299,-0.0021996592712602413,1.0091909415556453,-0.24383960997826712,-1.0993114525659389,0.0,0.0,0.0,0.0,0.0,0.0,4.0047016891610764e-29,2.847787867847831e-28,8.20730885791946e-27,2.347354231098232e-28,2.415886522239332e-28,2.4375050858650744e-34,1.2325951644078241e-30,2.7733391199176368e-30,2.0194839173657882e-28,NaN,NaN,NaN,NaN,NaN,NaN
2025-06-11T20:46:15Z,39.98626118563278,-75.16881562132892,13.573340605857085,1.603454143483418,-2.9192205760556664,-0.0021931253806644633,1.0091378150647705,-0.24381918378439368,-1.0993375607699902,0.0,0.0,0.0,0.0,0.0,0.0,4.0047016891610764e-29,2.847787867847831e-28,8.20730885791946e-27,8.332343311397065e-30,1.1391151471391324e-27,7.464859325461777e-34,1.9721522630525186e-29,5.565937539279095e-30,1.384943926728626e-28,NaN,NaN,NaN,NaN,NaN,NaN
2025-06-11T20:46:16Z,39.98626118563278,-75.16881562132892,13.573340605857085,1.603786304276821,-2.9196415395434383,-0.002186377820150639,1.0091393206163637,-0.24380661162622153,-1.099376751303718,0.0,0.0,0.0,0.0,0.0,0.0,4.0047016891610764e-29,2.847787867847831e-28,8.20730885791946e-27,3.0770505684277186e-28,8.59069525785677e-28,6.789655370349481e-35,2.083085827849215e-28,3.8834451398624826e-30,3.081487911019555e-29,NaN,NaN,NaN,NaN,NaN,NaN
2025-06-11T20:46:17Z,39.98626118563278,-75.16881562132892,13.573340605857085,1.6038696165778965,-2.9198473843326185,-0.002179418697062216,1.0091304952163684,-0.243796000144555,-1.0993920654523215,0.0,0.0,0.0,0.0,0.0,0.0,4.0047016891610764e-29,2.847787867847831e-28,8.20730885791946e-27,1.5461673742331766e-28,2.279808016088701e-28,1.8807909613156581e-37,2.3863042382935893e-29,2.6816648545648054e-30,2.0194839173657882e-28,NaN,NaN,NaN,NaN,NaN,NaN
2025-06-11T20:46:18Z,39.98626118563278,-75.16881562132892,13.573340605857085,1.6036920325540007,-2.919825737494556,-0.002172239565060693,1.0091244065247853,-0.2437960779799361,-1.09938218236612,0.0,0.0,0.0,0.0,0.0,0.0,4.0047016891610764e-29,2.847787867847831e-28,8.20730885791946e-27,1.6585800532272042e-28,5.965760595733843e-28,3.161609605971619e-34,3.993608332681338e-30,3.0576063797091438e-30,2.839899258795624e-29,NaN,NaN,NaN,NaN,NaN,NaN
2025-06-11T20:46:19Z,39.98626118563278,-75.16881562132892,13.573340605857085,1.6024954045619302,-2.917810356991325,-0.002165103610572781,1.0090632576885374,-0.24383282137567033,-1.0992101741831883,0.0,0.0,0.0,0.0,0.0,0.0,4.0047016891610764e-29,2.847787867847831e-28,8.20730885791946e-27,2.99964359210287e-28,1.2621774483536176e-29,2.048181356872742e-34,2.608171367887009e-29,5.565937539279095e-30,1.774937036747265e-30,NaN,NaN,NaN,NaN,NaN,NaN
2025-06-11T20:46:20Z,39.98626118563278,-75.16881562132892,13.573340605857085,1.60146588872725,-2.914859563169263,-0.002159180557601084,1.0090399410648536,-0.2439085925556665,-1.098994547977072,0.0,0.0,0.0,0.0,0.0,0.0,4.0047016891610764e-29,2.847787867847831e-28,8.20730885791946e-27,3.0770505684277186e-28,4.35648434908298e-28,1.925929944387234e-34,1.8952383247934968e-28,4.5675354561087714e-30,9.545216953174357e-29,NaN,NaN,NaN,NaN,NaN,NaN
2025-06-11T20:46:21Z,39.98626118563278,-75.16881562132892,13.573340605857085,1.6013920474789487,-2.9145435432434326,-0.002152590844331089,1.0091162134721623,-0.24397712038589572,-1.0989706366543583,0.0,0.0,0.0,0.0,0.0,0.0,4.0047016891610764e-29,2.847787867847831e-28,8.20730885791946e-27,7.888609052210074e-29,4.437342591868219e-29,3.009265538105053e-36,1.232595164407822e-28,5.565937539279095e-30,1.956868083013852e-28,NaN,NaN,NaN,NaN,NaN,NaN
2025-06-11T20:46:22Z,39.98626118563278,-75.16881562132892,13.573340605857085,1.600332304963413,-2.913982620853364,-0.002144492113923854,1.0091037458114884,-0.2440149084410315,-1.0988851169019622,0.0,0.0,0.0,0.0,0.0,0.0,4.0047016891610764e-29,2.847787867847831e-28,8.20730885791946e-27,1.956868083013852e-28,7.580953299173987e-28,2.708338984294533e-35,2.7733391199176604e-28,9.321500930834333e-32,1.5974433330725352e-29,NaN,NaN,NaN,NaN,NaN,NaN
2025-06-11T20:46:23Z,39.98626118563278,-75.16881562132892,13.573340605857085,1.6002257041026469,-2.9139980824111755,-0.00213762634441795,1.0091452422348537,-0.24402037234656723,-1.0988850856013477,0.0,0.0,0.0,0.0,0.0,0.0,4.0047016891610764e-29,2.847787867847831e-28,8.20730885791946e-27,5.129568036199662e-28,1.0432685471548036e-28,4.701977403289124e-36,3.0770505684277186e-28,9.836879783952205e-30,9.984020831703524e-29,NaN,NaN,NaN,NaN,NaN,NaN
2025-06-11T20:46:24Z,39.98626118563278,-75.16881562132892,13.573340605857085,1.6006504790617584,-2.913662958457242,-0.0021320742846502325,1.0091408328216742,-0.24400768031752365,-1.0988889728580244,0.0,0.0,0.0,0.0,0.0,0.0,4.0047016891610764e-29,2.847787867847831e-28,8.20730885791946e-27,7.119469669619578e-29,7.580953299173987e-28,1.692711865184083e-36,7.888609052210074e-29,9.321500930834129e-30,1.774937036747265e-30,NaN,NaN,NaN,NaN,NaN,NaN
2025-06-11T20:46:25Z,39.98626118563278,-75.16881562132892,13.573340605857085,1.6009403695474222,-2.9136513073752144,-0.0021260212399767725,1.0091379830024945,-0.24401288302277918,-1.0988999897468283,0.0,0.0,0.0,0.0,0.0,0.0,4.0047016891610764e-29,2.847787867847831e-28,8.20730885791946e-27,2.347354231098232e-28,6.634320212908817e-28,3.317715255760836e-34,1.1359597035182496e-28,0.0,1.774937036747265e-30,NaN,NaN,NaN,NaN,NaN,NaN
2025-06-11T20:46:26Z,39.98626118563278,-75.16881562132892,13.573340605857085,1.6044492050279247,-2.914935060666317,-0.002124553910542836,1.009187092917626,-0.24391602938744625,-1.0991489326604877,0.0,0.0,0.0,0.0,0.0,0.0,4.0047016891610764e-29,2.847787867847831e-28,8.20730885791946e-27,4.1464501330680106e-29,7.338378570818438e-28,6.326980793865983e-34,5.0487097934144705e-29,6.379450347788204e-30,2.4158865222393385e-30,NaN,NaN,NaN,NaN,NaN,NaN
2025-06-11T20:46:27Z,39.98626118563278,-75.16881562132892,13.573340605857085,1.6091760839706568,-2.9158084061780842,-0.0021256266939634542,1.009115276333071,-0.2437885950485514,-1.099422889516209,0.0,0.0,0.0,0.0,0.0,0.0,4.0047016891610764e-29,2.847787867847831e-28,8.20730885791946e-27,7.499108980257175e-29,7.888609052210074e-29,2.708338984294533e-35,1.5461673742331766e-28,8.655899542053913e-30,4.437342591868219e-29,NaN,NaN,NaN,NaN,NaN,NaN
2025-06-11T20:46:28Z,39.98626118563278,-75.16881562132892,13.573340605857085,1.6128092265003,-2.915950115809785,-0.0021254199450655483,1.0089901617051078,-0.24371756287631777,-1.0995923512168135,0.0,0.0,0.0,0.0,0.0,0.0,4.0047016891610764e-29,2.847787867847831e-28,8.20730885791946e-27,6.520428419717362e-28,1.2939290997887515e-27,6.770847460736332e-36,1.2621774483536176e-29,2.0830858278492662e-30,3.8654184355829416e-29,NaN,NaN,NaN,NaN,NaN,NaN
2025-06-11T20:46:29Z,39.98626118563278,-75.16881562132892,13.573340605857085,1.6199950736785258,-2.9157546620080943,-0.0021317783386878633,1.008914197398975,-0.24355695382960477,-1.0999281982460702,0.0,0.0,0.0,0.0,0.0,0.0,4.0047016891610764e-29,2.847787867847831e-28,8.20730885791946e-27,4.543838814072998e-28,7.119469669619578e-29,2.3039689276116677e-34,1.8345946427046095e-28,2.496005207925836e-31,3.818086781269743e-28,NaN,NaN,NaN,NaN,NaN,NaN
2025-06-11T20:46:30Z,39.98626118563278,-75.16881562132892,13.573340605857085,1.6325884114246048,-2.9142486433015695,-0.0021487736885935985,1.00872961821323,-0.24329978776934594,-1.1004459929728634,0.0,0.0,0.0,0.0,0.0,0.0,4.0047016891610764e-29,2.847787867847831e-28,8.20730885791946e-27,5.750795999061153e-28,7.88860905221011e-31,4.154667233546238e-34,2.4158865222393385e-30,8.819988773315847e-30,1.5974433330725352e-29,NaN,NaN,NaN,NaN,NaN,NaN
2025-06-11T20:46:31Z,39.98626118563278,-75.16881562132892,13.573340605857085,1.644792338682473,-2.91426592841999,-0.002163621716835249,1.0084669312063799,-0.24314355968666643,-1.1009947080557765,0.0,0.0,0.0,0.0,0.0,0.0,4.0047016891610764e-29,2.847787867847831e-28,8.20730885791946e-27,3.0770505684277186e-28,1.0223637331664225e-27,2.860683052161093e-34,7.888609052210074e-29,5.697671147475248e-30,1.7162655069214755e-28,NaN,NaN,NaN,NaN,NaN,NaN
2025-06-11T20:46:32Z,39.98626118563278,-75.16881562132892,13.573340605857085,1.6552249214284,-2.9152584779979263,-0.0021744173548354454,1.008208344410069,-0.24298907836336356,-1.1015140041233191,0.0,0.0,0.0,0.0,0.0,0.0,4.0047016891610764e-29,2.847787867847831e-28,8.20730885791946e-27,1.089121087270745e-28,1.4586038137536636e-27,3.6412113011071614e-34,5.369184536160481e-29,1.1717357781651836e-30,7.888609052210074e-29,NaN,NaN,NaN,NaN,NaN,NaN
2025-06-11T20:46:33Z,39.98626118563278,-75.16881562132892,13.573340605857085,1.6626906320193922,-2.9152313297072947,-0.0021808891714657844,1.0079350108726002,-0.2428737842855645,-1.101838004489445,0.0,0.0,0.0,0.0,0.0,0.0,4.0047016891610764e-29,2.847787867847831e-28,8.20730885791946e-27,2.279808016088701e-28,0.0,5.484386443196442e-34,9.116273835960397e-29,4.80789151316831e-30,1.5974433330725352e-29,NaN,NaN,NaN,NaN,NaN,NaN
2025-06-11T20:46:34Z,39.98626118563278,-75.16881562132892,13.573340605857085,1.6680170165732584,-2.9144566433387644,-0.002184271320185,1.0077303440827563,-0.24281318432135254,-1.102024955615199,0.0,0.0,0.0,0.0,0.0,0.0,4.0047016891610764e-29,2.847787867847831e-28,8.20730885791946e-27,1.2823920090499156e-28,2.051827214479865e-27,2.574802826041116e-34,1.3331749298235304e-28,1.8747772450642938e-29,4.9303806576312965e-30,NaN,NaN,NaN,NaN,NaN,NaN
2025-06-11T20:46:35Z,39.98626118563278,-75.16881562132892,13.573340605857085,1.6848478225455985,-2.911561265720868,-0.002209415716494455,1.007583302731281,-0.24243839004690693,-1.1026902815295834,0.0,0.0,0.0,0.0,0.0,0.0,4.0047016891610764e-29,2.847787867847831e-28,8.20730885791946e-27,2.608171367887009e-29,9.119232064354803e-28,1.8807909613156496e-35,9.545216953174357e-29,7.55041575397573e-30,4.738095811983742e-29,NaN,NaN,NaN,NaN,NaN,NaN
2025-06-11T20:46:36Z,39.98626118563278,-75.16881562132892,13.573340605857085,1.6942057095321865,-2.9101768507786088,-0.0022201854445463294,1.0071741221859398,-0.24244860727659745,-1.1029884097718485,0.0,0.0,0.0,0.0,0.0,0.0,4.0047016891610764e-29,2.847787867847831e-28,8.20730885791946e-27,3.3965392350422503e-28,2.699876448118889e-28,9.215875710446695e-36,2.627399852451736e-28,2.003737514140493e-30,5.369184536160481e-29,NaN,NaN,NaN,NaN,NaN,NaN
2025-06-11T20:46:37Z,39.98626118563278,-75.16881562132892,13.573340605857085,1.7030859260759852,-2.9095578088334637,-0.0022293971278721275,1.0069637116664085,-0.24234691449290308,-1.1033508294757801,0.0,0.0,0.0,0.0,0.0,0.0,4.0047016891610764e-29,2.847787867847831e-28,8.20730885791946e-27,1.1359597035182496e-28,7.09974814698915e-28,1.423570678619802e-33,9.116273835960397e-29,2.6816648545648054e-30,9.663546088957354e-30,NaN,NaN,NaN,NaN,NaN,NaN
2025-06-11T20:46:38Z,39.98626118563278,-75.16881562132892,13.573340605857085,1.7180206615709666,-2.909355590890819,-0.002248573363791283,1.0067912247157096,-0.24205239867137004,-1.1040500364880868,0.0,0.0,0.0,0.0,0.0,0.0,4.0047016891610764e-29,2.847787867847831e-28,8.20730885791946e-27,7.119469669619578e-29,1.9721522630525186e-29,1.2956768932503702e-33,1.2325951644078241e-30,2.5915313331675066e-30,1.7162655069214755e-28,NaN,NaN,NaN,NaN,NaN,NaN
2025-06-11T20:46:39Z,39.98626118563278,-75.16881562132892,13.573340605857085,1.7422516310333054,-2.9092520376898627,-0.002283446980328787,1.0064873755395618,-0.24155909537806583,-1.1051962299699345,0.0,0.0,0.0,0.0,0.0,0.0,4.0047016891610764e-29,2.847787867847831e-28,8.20730885791946e-27,3.1554436208840297e-28,5.965760595733843e-28,1.8807909613156581e-37,8.287969885478241e-29,5.307092554753516e-30,2.627399852451736e-28,NaN,NaN,NaN,NaN,NaN,NaN
2025-06-11T20:46:40Z,39.98626118563278,-75.16881562132892,13.573340605857085,1.7577155552782981,-2.9084718217723675,-0.0023037560668143467,1.005865363334989,-0.24141010975204283,-1.1058063658172617,0.0,0.0,0.0,0.0,0.0,0.0,4.0047016891610764e-29,2.847787867847831e-28,8.20730885791946e-27,4.6389951607652695e-28,1.932906433017787e-27,6.770847460736332e-36,3.1554436208840297e-28,1.4914401489334933e-30,3.8654184355829416e-29,NaN,NaN,NaN,NaN,NaN,NaN
2025-06-11T20:46:41Z,39.98626118563278,-75.16881562132892,13.573340605857085,1.7742490570361917,-2.907364463066241,-0.0023260479032958343,1.0054927561559663,-0.24115274032410622,-1.1064997508566314,0.0,0.0,0.0,0.0,0.0,0.0,4.0047016891610764e-29,2.847787867847831e-28,8.20730885791946e-27,1.8952383247934968e-28,9.941619558047956e-28,1.2714146898494056e-34,7.499108980257175e-29,1.1093356479670547e-29,4.930380657631319e-32,NaN,NaN,NaN,NaN,NaN,NaN
2025-06-11T20:46:42Z,39.98626118563278,-75.16881562132892,13.573340605857085,1.7890324059268705,-2.9060795762505305,-0.0023453961149368526,1.0050836159114616,-0.24096477094625687,-1.1070872003725525,0.0,0.0,0.0,0.0,0.0,0.0,4.0047016891610764e-29,2.847787867847831e-28,8.20730885791946e-27,3.3965392350422503e-28,1.932906433017787e-27,3.009265538105053e-36,8.697191480061685e-29,6.039716305598346e-31,1.774937036747265e-30,NaN,NaN,NaN,NaN,NaN,NaN
2025-06-11T20:46:43Z,39.98626118563278,-75.16881562132892,13.573340605857085,1.800334922058715,-2.904039276528889,-0.0023594002527594776,1.0046873800135048,-0.240859761017871,-1.1074644015234718,0.0,0.0,0.0,0.0,0.0,0.0,4.0047016891610764e-29,2.847787867847831e-28,8.20730885791946e-27,7.459172896930524e-28,6.865062027685902e-28,6.789655370349481e-35,2.485404889511989e-28,1.3589361687596383e-30,1.5974433330725352e-29,NaN,NaN,NaN,NaN,NaN,NaN
2025-06-11T20:46:44Z,39.98626118563278,-75.16881562132892,13.573340605857085,1.8100141390669153,-2.9024106840874384,-0.002370233052267918,1.0044076777766722,-0.2407790693445074,-1.107798993111592,0.0,0.0,0.0,0.0,0.0,0.0,4.0047016891610764e-29,2.847787867847831e-28,8.20730885791946e-27,9.663546088957328e-28,4.437342591868219e-29,6.547033336339857e-34,2.699876448118889e-28,1.553378055944993e-29,1.0432685471548036e-28,NaN,NaN,NaN,NaN,NaN,NaN
2025-06-11T20:46:45Z,39.98626118563278,-75.16881562132892,13.573340605857085,1.816022741826044,-2.9020027834308673,-0.002373788218748838,1.0041867983706412,-0.2407667146260952,-1.1080245637310109,0.0,0.0,0.0,0.0,0.0,0.0,4.0047016891610764e-29,2.847787867847831e-28,8.20730885791946e-27,4.7351375835891395e-28,2.279808016088701e-28,3.686350284178678e-35,1.1093356479670547e-29,1.9259299443872252e-32,1.6018806756644305e-28,NaN,NaN,NaN,NaN,NaN,NaN
2025-06-11T20:46:46Z,39.98626118563278,-75.16881562132892,13.573340605857085,1.8236836901171587,-2.901845098665732,-0.002379876996463594,1.0040587768295115,-0.24063486572920142,-1.108372134847967,0.0,0.0,0.0,0.0,0.0,0.0,4.0047016891610764e-29,2.847787867847831e-28,8.20730885791946e-27,2.0194839173657882e-28,5.332699719294121e-28,1.3588714695505603e-33,7.499108980257175e-29,2.4158865222393385e-30,1.8952383247934968e-28,NaN,NaN,NaN,NaN,NaN,NaN
2025-06-11T20:46:47Z,39.98626118563278,-75.16881562132892,13.573340605857085,1.8322613390915328,-2.900763457683047,-0.002388249996494947,1.0038553965601644,-0.24049252539808888,-1.108706561238868,0.0,0.0,0.0,0.0,0.0,0.0,4.0047016891610764e-29,2.847787867847831e-28,8.20730885791946e-27,1.1093356479670642e-27,1.4927220479044375e-27,1.423570678619802e-33,5.699520040221752e-29,3.774822690998956e-30,1.9721522630525275e-31,NaN,NaN,NaN,NaN,NaN,NaN
2025-06-11T20:46:48Z,39.98626118563278,-75.16881562132892,13.573340605857085,1.8390185394136596,-2.900121364116718,-0.002393168607196127,1.0036502926799626,-0.24043365206855002,-1.108964970544376,0.0,0.0,0.0,0.0,0.0,0.0,4.0047016891610764e-29,2.847787867847831e-28,8.20730885791946e-27,3.5942474994132205e-29,1.1093356479670642e-27,3.4775824874726857e-34,5.0487097934144705e-29,1.774937036747265e-30,1.774937036747265e-30,NaN,NaN,NaN,NaN,NaN,NaN
2025-06-11T20:46:49Z,39.98626118563278,-75.16881562132892,13.573340605857085,1.8480334689255034,-2.898833743493804,-0.002402356245264715,1.0034767941118066,-0.24028255481827895,-1.109313911933282,0.0,0.0,0.0,0.0,0.0,0.0,4.0047016891610764e-29,2.847787867847831e-28,8.20730885791946e-27,1.384943926728626e-28,6.1846694969327065e-28,2.048181356872742e-34,9.116273835960397e-29,1.619707083229668e-29,6.389773332290141e-29,NaN,NaN,NaN,NaN,NaN,NaN
2025-06-11T20:46:50Z,39.98626118563278,-75.16881562132892,13.573340605857085,1.8544599659113383,-2.896638765676064,-0.0024079716600979005,1.0032137174056512,-0.24024761026933492,-1.1094660611576266,0.0,0.0,0.0,0.0,0.0,0.0,4.0047016891610764e-29,2.847787867847831e-28,8.20730885791946e-27,2.083085827849215e-28,1.6585800532272042e-28,1.4745401136714712e-34,7.119469669619578e-29,1.488435698220232e-29,3.234822749471879e-28,NaN,NaN,NaN,NaN,NaN,NaN
2025-06-11T20:46:51Z,39.98626118563278,-75.16881562132892,13.573340605857085,1.8580981451875438,-2.8958079693333723,-0.00240780007231127,1.0030702087036687,-0.24028009022126923,-1.1095638045998732,0.0,0.0,0.0,0.0,0.0,0.0,4.0047016891610764e-29,2.847787867847831e-28,8.20730885791946e-27,1.3331749298235304e-28,6.1846694969327065e-28,1.3270861023043343e-33,2.4158865222393385e-30,4.449668543512236e-30,6.03971630559833e-29,NaN,NaN,NaN,NaN,NaN,NaN
2025-06-11T20:46:52Z,39.98626118563278,-75.16881562132892,13.573340605857085,1.8603370936830343,-2.895249007691208,-0.002405096784444703,1.0029796584599233,-0.2402827991123351,-1.1096246022793206,0.0,0.0,0.0,0.0,0.0,0.0,4.0047016891610764e-29,2.847787867847831e-28,8.20730885791946e-27,7.09974814698915e-28,3.9936083326814095e-28,6.998423167055548e-34,1.956868083013852e-28,7.703719777548901e-32,0.0,NaN,NaN,NaN,NaN,NaN,NaN
2025-06-11T20:46:53Z,39.98626118563278,-75.16881562132892,13.573340605857085,1.8641394803731626,-2.8946933126026995,-0.0024049733322015826,1.0029295178741404,-0.2402196153391986,-1.1097738152184349,0.0,0.0,0.0,0.0,0.0,0.0,4.0047016891610764e-29,2.847787867847831e-28,8.20730885791946e-27,2.415886522239332e-28,6.407522702657722e-28,7.464859325461777e-34,8.332343311397065e-30,5.0544105460498106e-30,1.2621774483536176e-29,NaN,NaN,NaN,NaN,NaN,NaN
2025-06-11T20:46:54Z,39.98626118563278,-75.16881562132892,13.573340605857085,1.8685297903298883,-2.895225268049969,-0.0024049039462866557,1.0028724915923026,-0.24015481856897597,-1.1100048815624532,0.0,0.0,0.0,0.0,0.0,0.0,4.0047016891610764e-29,2.847787867847831e-28,8.20730885791946e-27,3.9936083326814095e-28,1.6585800532272042e-28,5.898160454685885e-34,2.2132478772106838e-28,2.1639748855134782e-30,7.88860905221011e-31,NaN,NaN,NaN,NaN,NaN,NaN
2025-06-11T20:46:55Z,39.98626118563278,-75.16881562132892,13.573340605857085,1.868664548912515,-2.8952580617923256,-0.002398302810958294,1.002743740724813,-0.2401862522692906,-1.1099909547738007,0.0,0.0,0.0,0.0,0.0,0.0,4.0047016891610764e-29,2.847787867847831e-28,8.20730885791946e-27,2.5559093329160563e-28,6.865062027685902e-28,1.5234406786656715e-35,3.5942474994132205e-29,2.2464046871332628e-30,5.0487097934144705e-29,NaN,NaN,NaN,NaN,NaN,NaN
2025-06-11T20:46:56Z,39.98626118563278,-75.16881562132892,13.573340605857085,1.8699691658089606,-2.8958773904289705,-0.00239315599012616,1.0027659636978705,-0.24014896049792325,-1.1100915226805994,0.0,0.0,0.0,0.0,0.0,0.0,4.0047016891610764e-29,2.847787867847831e-28,8.20730885791946e-27,4.543838814072998e-28,3.646509534384159e-28,3.686350284178678e-35,1.7162655069214755e-28,5.565937539279095e-30,9.663546088957354e-30,NaN,NaN,NaN,NaN,NaN,NaN
2025-06-11T20:46:57Z,39.98626118563278,-75.16881562132892,13.573340605857085,1.8706373273316688,-2.8964041179774185,-0.002387081511891847,1.002738665826797,-0.24012718121319052,-1.110149628074797,0.0,0.0,0.0,0.0,0.0,0.0,4.0047016891610764e-29,2.847787867847831e-28,8.20730885791946e-27,4.930380657631288e-28,9.663546088957354e-30,4.891937290382063e-34,9.116273835960397e-29,7.703719777548887e-30,7.88860905221011e-31,NaN,NaN,NaN,NaN,NaN,NaN
2025-06-11T20:46:58Z,39.98626118563278,-75.16881562132892,13.573340605857085,1.870811294625027,-2.89657533194167,-0.002380534832015988,1.0027175404263087,-0.24011521323607862,-1.110166017845331,0.0,0.0,0.0,0.0,0.0,0.0,4.0047016891610764e-29,2.847787867847831e-28,8.20730885791946e-27,6.520428419717362e-28,1.232595164407822e-28,5.435485878202202e-35,3.3151879541912963e-28,2.4158865222393385e-30,1.2823920090499156e-28,NaN,NaN,NaN,NaN,NaN,NaN
2025-06-11T20:46:59Z,39.98626118563278,-75.16881562132892,13.573340605857085,1.8731904767250527,-2.8985495116476563,-0.0023760988237246368,1.0027828906213585,-0.240041412414589,-1.1103969447378834,0.0,0.0,0.0,0.0,0.0,0.0,4.0047016891610764e-29,2.847787867847831e-28,8.20730885791946e-27,6.520428419717362e-28,2.99964359210287e-28,4.701977403289116e-34,7.888609052210074e-29,5.965760595733973e-30,4.1464501330680106e-29,NaN,NaN,NaN,NaN,NaN,NaN
2025-06-11T20:47:00Z,39.98626118563278,-75.16881562132892,13.573340605857085,1.8743627674413577,-2.9001715343346173,-0.002370033905832144,1.002735725870998,-0.2399791775503193,-1.1105395172133021,0.0,0.0,0.0,0.0,0.0,0.0,4.0047016891610764e-29,2.847787867847831e-28,8.20730885791946e-27,8.721350345284119e-28,5.750795999061153e-28,7.464859325461777e-34,5.0487097934144705e-29,1.3019286424057914e-31,2.083085827849215e-28,NaN,NaN,NaN,NaN,NaN,NaN
2025-06-11T20:47:01Z,39.98626118563278,-75.16881562132892,13.573340605857085,1.8751076718992563,-2.9018635639235444,-0.0023632591094227447,1.0027291323427154,-0.23992410524238472,-1.1106698994242452,0.0,0.0,0.0,0.0,0.0,0.0,4.0047016891610764e-29,2.847787867847831e-28,8.20730885791946e-27,1.6585800532272042e-28,8.077935669463153e-28,3.161609605971619e-34,1.424880010055438e-29,7.39865247435803e-30,1.5461673742331766e-28,NaN,NaN,NaN,NaN,NaN,NaN
2025-06-11T20:47:02Z,39.98626118563278,-75.16881562132892,13.573340605857085,1.8769350681016284,-2.9072025260546184,-0.0023552737141004127,1.0028513738981855,-0.23982235537613594,-1.11106101063972,0.0,0.0,0.0,0.0,0.0,0.0,4.0047016891610764e-29,2.847787867847831e-28,8.20730885791946e-27,1.3331749298235304e-28,5.129568036199662e-28,7.523163845262598e-35,5.0487097934144705e-29,2.7810428396951476e-31,3.478876592024674e-28,NaN,NaN,NaN,NaN,NaN,NaN
2025-06-11T20:47:03Z,39.98626118563278,-75.16881562132892,13.573340605857085,1.8774451389654627,-2.9120007389758316,-0.002345669938196182,1.002849796677652,-0.23967445218324057,-1.1113589503098988,0.0,0.0,0.0,0.0,0.0,0.0,4.0047016891610764e-29,2.847787867847831e-28,8.20730885791946e-27,1.424880010055438e-29,2.839899258795624e-29,5.898160454685885e-34,1.4914401489334606e-28,5.2077145696231654e-31,3.5942474994132205e-29,NaN,NaN,NaN,NaN,NaN,NaN
2025-06-11T20:47:04Z,39.98626118563278,-75.16881562132892,13.573340605857085,1.8765749076562424,-2.919524377688863,-0.0023317055523505627,1.0029740270262932,-0.23955605719863832,-1.1117439725228428,0.0,0.0,0.0,0.0,0.0,0.0,4.0047016891610764e-29,2.847787867847831e-28,8.20730885791946e-27,3.3151879541912963e-28,5.539775706914504e-28,3.686350284178678e-35,3.332937324558826e-29,0.0,1.8345946427046095e-28,NaN,NaN,NaN,NaN,NaN,NaN
2025-06-11T20:47:05Z,39.98626118563278,-75.16881562132892,13.573340605857085,1.8742614114418783,-2.9262522335092624,-0.0023161713198567965,1.0030520481538134,-0.23939203604317266,-1.1120262325335086,0.0,0.0,0.0,0.0,0.0,0.0,4.0047016891610764e-29,2.847787867847831e-28,8.20730885791946e-27,2.0194839173657882e-28,2.99964359210287e-28,2.574802826041116e-34,6.389773332290141e-29,1.1845239529959355e-29,3.081487911019555e-29,NaN,NaN,NaN,NaN,NaN,NaN
2025-06-11T20:47:06Z,39.98626118563278,-75.16881562132892,13.573340605857085,1.8688867382639585,-2.9343317516896597,-0.0022947818479872603,1.0032141594288553,-0.23931276886307565,-1.1122333840101153,0.0,0.0,0.0,0.0,0.0,0.0,4.0047016891610764e-29,2.847787867847831e-28,8.20730885791946e-27,3.646509534384159e-28,2.0194839173657882e-28,3.808601696664247e-34,1.0432685471548036e-28,2.2464046871332628e-30,4.930380657631319e-32,NaN,NaN,NaN,NaN,NaN,NaN
2025-06-11T20:47:07Z,39.98626118563278,-75.16881562132892,13.573340605857085,1.8633521723224544,-2.9407205531100105,-0.002274620006807218,1.0033812309974448,-0.23917226587751694,-1.112358854535214,0.0,0.0,0.0,0.0,0.0,0.0,4.0047016891610764e-29,2.847787867847831e-28,8.20730885791946e-27,2.279808016088701e-28,3.1554436208840297e-28,3.808601696664247e-34,8.697191480061685e-29,7.858564545077694e-30,7.88860905221011e-31,NaN,NaN,NaN,NaN,NaN,NaN
2025-06-11T20:47:08Z,39.98626118563278,-75.16881562132892,13.573340605857085,1.8505172615278502,-2.954888094681519,-0.002236815604557926,1.003795951950516,-0.23925282487026864,-1.1125412636327234,0.0,0.0,0.0,0.0,0.0,0.0,4.0047016891610764e-29,2.847787867847831e-28,8.20730885791946e-27,3.081487911019555e-29,1.6585800532272042e-28,3.317715255760836e-34,2.839899258795624e-29,4.3333423748713444e-30,1.1837843958972849e-28,NaN,NaN,NaN,NaN,NaN,NaN
2025-06-11T20:47:09Z,39.98626118563278,-75.16881562132892,13.573340605857085,1.842491092959007,-2.962030220389819,-0.0022124033538693326,1.0040630508128043,-0.23893330167988805,-1.1126393338066236,0.0,0.0,0.0,0.0,0.0,0.0,4.0047016891610764e-29,2.847787867847831e-28,8.20730885791946e-27,3.3151879541912963e-28,4.35648434908298e-28,5.484386443196442e-34,1.4914401489334606e-28,2.496005207925836e-31,2.279808016088701e-28,NaN,NaN,NaN,NaN,NaN,NaN
2025-06-11T20:47:10Z,39.98626118563278,-75.16881562132892,13.573340605857085,1.8343479828175244,-2.967646828402248,-0.0021891602955235946,1.0042862471091132,-0.23886105316215991,-1.1126007481932814,0.0,0.0,0.0,0.0,0.0,0.0,4.0047016891610764e-29,2.847787867847831e-28,8.20730885791946e-27,2.608171367887009e-29,4.543838814072998e-28,1.8074401138243645e-34,9.116273835960397e-29,4.0752677623234515e-31,2.608171367887009e-29,NaN,NaN,NaN,NaN,NaN,NaN
2025-06-11T20:47:11Z,39.98626118563278,-75.16881562132892,13.573340605857085,1.8203573686606103,-2.975592840634989,-0.0021550503068944074,1.0045893388563059,-0.23898154938828986,-1.112390127164986,0.0,0.0,0.0,0.0,0.0,0.0,4.0047016891610764e-29,2.847787867847831e-28,8.20730885791946e-27,1.9721522630525186e-29,8.077935669463153e-28,1.0022735032851166e-33,4.1464501330680106e-29,8.819988773315847e-30,7.499108980257175e-29,NaN,NaN,NaN,NaN,NaN,NaN
2025-06-11T20:47:12Z,39.98626118563278,-75.16881562132892,13.573340605857085,1.8107101708245257,-2.9813435503116454,-0.002129637210449957,1.0049596418808304,-0.23886127790150238,-1.1123173488129017,0.0,0.0,0.0,0.0,0.0,0.0,4.0047016891610764e-29,2.847787867847831e-28,8.20730885791946e-27,2.083085827849215e-28,2.3863042382935893e-29,1.175494350822279e-34,1.1837843958972849e-28,2.8665541292259524e-30,4.437342591868219e-29,NaN,NaN,NaN,NaN,NaN,NaN
2025-06-11T20:47:13Z,39.98626118563278,-75.16881562132892,13.573340605857085,1.7952630998285093,-2.9899969282944676,-0.0020930465089993564,1.0053173555739818,-0.23899918605416823,-1.1120804786589489,0.0,0.0,0.0,0.0,0.0,0.0,4.0047016891610764e-29,2.847787867847831e-28,8.20730885791946e-27,2.0194839173657882e-28,7.338378570818438e-28,1.5817451984664957e-34,1.5461673742331766e-28,6.662947235602134e-30,3.1554436208840297e-28,NaN,NaN,NaN,NaN,NaN,NaN
2025-06-11T20:47:14Z,39.98626118563278,-75.16881562132892,13.573340605857085,1.7852394985137217,-2.9946225414518057,-0.002068242807158836,1.0056774059942002,-0.23885738699402306,-1.1119358225443674,0.0,0.0,0.0,0.0,0.0,0.0,4.0047016891610764e-29,2.847787867847831e-28,8.20730885791946e-27,4.930380657631288e-28,7.09974814698906e-30,3.178536724623514e-35,0.0,6.952607099237893e-30,1.956868083013852e-28,NaN,NaN,NaN,NaN,NaN,NaN
2025-06-11T20:47:15Z,39.98626118563278,-75.16881562132892,13.573340605857085,1.7756542951450625,-2.998375781060584,-0.0020449376277569074,1.0059406769757444,-0.23887381156955698,-1.1117240810117477,0.0,0.0,0.0,0.0,0.0,0.0,4.0047016891610764e-29,2.847787867847831e-28,8.20730885791946e-27,7.119469669619578e-29,5.699520040221752e-29,8.442870625345931e-34,1.9721522630525275e-31,5.965760595733973e-30,1.9721522630525275e-31,NaN,NaN,NaN,NaN,NaN,NaN
2025-06-11T20:47:16Z,39.98626118563278,-75.16881562132892,13.573340605857085,1.7654975559655943,-3.001996007431977,-0.002020980507382645,1.006202170524849,-0.2389343136584938,-1.1114709993782992,0.0,0.0,0.0,0.0,0.0,0.0,4.0047016891610764e-29,2.847787867847831e-28,8.20730885791946e-27,6.865062027685902e-28,9.119232064354803e-28,6.110689833314631e-34,7.119469669619578e-29,3.562200025138595e-30,1.6018806756644305e-28,NaN,NaN,NaN,NaN,NaN,NaN
2025-06-11T20:47:17Z,39.98626118563278,-75.16881562132892,13.573340605857085,1.7519424095327552,-3.0068612225650417,-0.001990949585392191,1.0065058707246466,-0.23908161554925433,-1.11111673431892,0.0,0.0,0.0,0.0,0.0,0.0,4.0047016891610764e-29,2.847787867847831e-28,8.20730885791946e-27,1.1837843958972849e-28,7.580953299173987e-28,1.0833355937178131e-34,1.9721522630525186e-29,1.3627109914506435e-29,1.3331749298235304e-28,NaN,NaN,NaN,NaN,NaN,NaN
2025-06-11T20:47:18Z,39.98626118563278,-75.16881562132892,13.573340605857085,1.7449364087368686,-3.0090941129942275,-0.001973179280268203,1.0068262135253199,-0.23898548962811325,-1.110972015393724,0.0,0.0,0.0,0.0,0.0,0.0,4.0047016891610764e-29,2.847787867847831e-28,8.20730885791946e-27,6.389773332290141e-29,4.7351375835891395e-28,9.94938418535999e-35,7.119469669619578e-29,1.925929944387222e-30,4.930380657631319e-32,NaN,NaN,NaN,NaN,NaN,NaN
2025-06-11T20:47:19Z,39.98626118563278,-75.16881562132892,13.573340605857085,1.7297244947869428,-3.0141116835365023,-0.0019407814425155834,1.0070670967431792,-0.23925017702207602,-1.1105206138352905,0.0,0.0,0.0,0.0,0.0,0.0,4.0047016891610764e-29,2.847787867847831e-28,8.20730885791946e-27,6.634320212908817e-28,1.0223637331664225e-27,2.7158621481397925e-34,2.4158865222393385e-30,7.703719777548887e-30,1.5974433330725352e-29,NaN,NaN,NaN,NaN,NaN,NaN
2025-06-11T20:47:20Z,39.98626118563278,-75.16881562132892,13.573340605857085,1.722656325571335,-3.0171109805046266,-0.001922545714902413,1.0074538645746942,-0.23913105218863862,-1.1104249607335426,0.0,0.0,0.0,0.0,0.0,0.0,4.0047016891610764e-29,2.847787867847831e-28,8.20730885791946e-27,3.0770505684277186e-28,3.9936083326814095e-28,4.3333423748712524e-34,5.369184536160481e-29,2.003737514140493e-30,1.9721522630525186e-29,NaN,NaN,NaN,NaN,NaN,NaN
2025-06-11T20:47:21Z,39.98626118563278,-75.16881562132892,13.573340605857085,1.720305466507079,-3.018283405111929,-0.0019129999193478657,1.0076183620223444,-0.23903306198049146,-1.110417730832669,0.0,0.0,0.0,0.0,0.0,0.0,4.0047016891610764e-29,2.847787867847831e-28,8.20730885791946e-27,3.731805119761094e-28,1.7798674174049007e-27,3.3971786738764006e-34,5.965760595733973e-30,2.6816648545648054e-30,1.6018806756644305e-28,NaN,NaN,NaN,NaN,NaN,NaN
2025-06-11T20:47:22Z,39.98626118563278,-75.16881562132892,13.573340605857085,1.7180830315705364,-3.0191789958968034,-0.0019039134864847179,1.0076798287115891,-0.23903376462525155,-1.1103706210891926,0.0,0.0,0.0,0.0,0.0,0.0,4.0047016891610764e-29,2.847787867847831e-28,8.20730885791946e-27,6.1846694969327065e-28,1.232595164407822e-28,9.521504241660618e-35,6.389773332290141e-29,3.6677409860909875e-30,4.1464501330680106e-29,NaN,NaN,NaN,NaN,NaN,NaN
2025-06-11T20:47:23Z,39.98626118563278,-75.16881562132892,13.573340605857085,1.7111419052839194,-3.0218584208053474,-0.0018863568334585325,1.0077778812024698,-0.23916759170834428,-1.1101807434246862,0.0,0.0,0.0,0.0,0.0,0.0,4.0047016891610764e-29,2.847787867847831e-28,8.20730885791946e-27,6.1846694969327065e-28,6.865062027685902e-28,5.28314181033564e-34,5.699520040221752e-29,1.5600032549536756e-30,3.9053545189098003e-28,NaN,NaN,NaN,NaN,NaN,NaN
2025-06-11T20:47:24Z,39.98626118563278,-75.16881562132892,13.573340605857085,1.706740821460547,-3.0236899609089756,-0.0018733784063773658,1.007956540139655,-0.23913389822506984,-1.110104086066304,0.0,0.0,0.0,0.0,0.0,0.0,4.0047016891610764e-29,2.847787867847831e-28,8.20730885791946e-27,4.264286230785366e-28,9.119232064354803e-28,1.2714146898494056e-34,8.287969885478241e-29,4.6869431126607344e-30,4.1464501330680106e-29,NaN,NaN,NaN,NaN,NaN,NaN
2025-06-11T20:47:25Z,39.98626118563278,-75.16881562132892,13.573340605857085,1.7038527826178822,-3.024852935715721,-0.00186325880071423,1.0080672551656702,-0.23911163135326396,-1.1100510314780636,0.0,0.0,0.0,0.0,0.0,0.0,4.0047016891610764e-29,2.847787867847831e-28,8.20730885791946e-27,3.731805119761094e-28,5.332699719294121e-28,9.94938418535999e-35,1.6018806756644305e-28,1.112417135878059e-30,1.424880010055438e-29,NaN,NaN,NaN,NaN,NaN,NaN
2025-06-11T20:47:26Z,39.98626118563278,-75.16881562132892,13.573340605857085,1.7013275730122297,-3.025827477321982,-0.0018538809126277692,1.0081448466072371,-0.23911463894914248,-1.1099958092373041,0.0,0.0,0.0,0.0,0.0,0.0,4.0047016891610764e-29,2.847787867847831e-28,8.20730885791946e-27,2.347354231098232e-28,1.3915506368098697e-27,1.3710966107991106e-34,9.116273835960397e-29,7.858564545077694e-30,7.499108980257175e-29,NaN,NaN,NaN,NaN,NaN,NaN
2025-06-11T20:47:27Z,39.98626118563278,-75.16881562132892,13.573340605857085,1.6986689319258184,-3.0263866765738947,-0.0018446693612159577,1.0082025327752726,-0.23913154462204322,-1.1099081475014678,0.0,0.0,0.0,0.0,0.0,0.0,4.0047016891610764e-29,2.847787867847831e-28,8.20730885791946e-27,7.499108980257175e-29,6.865062027685902e-28,3.558926696549505e-34,1.1093356479670547e-29,2.5915313331675066e-30,7.499108980257175e-29,NaN,NaN,NaN,NaN,NaN,NaN
2025-06-11T20:47:28Z,39.98626118563278,-75.16881562132892,13.573340605857085,1.6969661390240809,-3.026434718248767,-0.0018373227834409752,1.0082602988014866,-0.23913312011715016,-1.10984035874434,0.0,0.0,0.0,0.0,0.0,0.0,4.0047016891610764e-29,2.847787867847831e-28,8.20730885791946e-27,9.984020831703524e-29,5.750795999061153e-28,2.3702668089980973e-34,9.116273835960397e-29,2.3303752327085323e-30,1.0432685471548036e-28,NaN,NaN,NaN,NaN,NaN,NaN
2025-06-11T20:47:29Z,39.98626118563278,-75.16881562132892,13.573340605857085,1.696444090490522,-3.0265219942503174,-0.0018317431557630765,1.0083080006684986,-0.23912644746165918,-1.1098282773078099,0.0,0.0,0.0,0.0,0.0,0.0,4.0047016891610764e-29,2.847787867847831e-28,8.20730885791946e-27,3.0770505684277186e-28,7.119469669619578e-29,1.8662148313654442e-34,2.3863042382935893e-29,1.112417135878059e-30,4.9303806576312965e-30,NaN,NaN,NaN,NaN,NaN,NaN
2025-06-11T20:47:30Z,39.98626118563278,-75.16881562132892,13.573340605857085,1.6963740467180932,-3.02659826769968,-0.0018268721707385038,1.008323904272375,-0.23911969442426864,-1.1098322306942932,0.0,0.0,0.0,0.0,0.0,0.0,4.0047016891610764e-29,2.847787867847831e-28,8.20730885791946e-27,3.0770505684277186e-28,8.33234331139686e-28,4.891937290382063e-34,3.8654184355829416e-29,7.858564545077694e-30,1.1093356479670547e-29,NaN,NaN,NaN,NaN,NaN,NaN
2025-06-11T20:47:31Z,39.98626118563278,-75.16881562132892,13.573340605857085,1.696130675638198,-3.02689458591186,-0.0018216027833508632,1.008333595524014,-0.23912245803385643,-1.1098370731077922,0.0,0.0,0.0,0.0,0.0,0.0,4.0047016891610764e-29,2.847787867847831e-28,8.20730885791946e-27,5.857785259331843e-28,4.930380657631288e-28,6.110689833314631e-34,2.839899258795624e-29,3.2548216060143985e-30,3.081487911019555e-29,NaN,NaN,NaN,NaN,NaN,NaN
2025-06-11T20:47:32Z,39.98626118563278,-75.16881562132892,13.573340605857085,1.6962110951959937,-3.0272628661696865,-0.0018167846772015172,1.008347458188276,-0.23910839418728513,-1.1098639900669784,0.0,0.0,0.0,0.0,0.0,0.0,4.0047016891610764e-29,2.847787867847831e-28,8.20730885791946e-27,9.545216953174357e-29,1.1391151471391324e-27,6.770847460736418e-34,4.4373425918681625e-31,3.155443620884044e-30,7.88860905221011e-31,NaN,NaN,NaN,NaN,NaN,NaN
2025-06-11T20:47:33Z,39.98626118563278,-75.16881562132892,13.573340605857085,1.6965392810988076,-3.027783599038398,-0.0018122417070726283,1.0083567938353162,-0.2390888609229591,-1.1099104385317808,0.0,0.0,0.0,0.0,0.0,0.0,4.0047016891610764e-29,2.847787867847831e-28,8.20730885791946e-27,2.7733391199176604e-28,2.051827214479865e-27,0.0,1.3331749298235304e-28,8.655899542053913e-30,1.2823920090499156e-28,NaN,NaN,NaN,NaN,NaN,NaN
2025-06-11T20:47:34Z,39.98626118563278,-75.16881562132892,13.573340605857085,1.6972394654313574,-3.0291344715545367,-0.0018076455967922336,1.008383792382957,-0.2390555555876197,-1.1100211126121178,0.0,0.0,0.0,0.0,0.0,0.0,4.0047016891610764e-29,2.847787867847831e-28,8.20730885791946e-27,2.839899258795624e-29,2.415886522239332e-28,9.521504241660618e-35,3.332937324558826e-29,3.774822690998956e-30,1.7798674174048944e-29,NaN,NaN,NaN,NaN,NaN,NaN
2025-06-11T20:47:35Z,39.98626118563278,-75.16881562132892,13.573340605857085,1.698882378240717,-3.031818418661585,-0.0018034572999784926,1.0084299848811555,-0.2389749649466033,-1.1102542881278332,0.0,0.0,0.0,0.0,0.0,0.0,4.0047016891610764e-29,2.847787867847831e-28,8.20730885791946e-27,1.7162655069214755e-28,5.965760595733843e-28,1.0386668083865596e-34,3.5942474994132205e-29,1.575333657310994e-29,1.7798674174048944e-29,NaN,NaN,NaN,NaN,NaN,NaN
2025-06-11T20:47:36Z,39.98626118563278,-75.16881562132892,13.573340605857085,1.7011853206755831,-3.0360046187859586,-0.001799133658621156,1.0084737791464173,-0.23884755557618548,-1.1106032113888349,0.0,0.0,0.0,0.0,0.0,0.0,4.0047016891610764e-29,2.847787867847831e-28,8.20730885791946e-27,1.384943926728626e-28,2.300318399624461e-27,1.32078545258391e-34,1.5461673742331766e-28,4.1053122694558375e-30,3.5942474994132205e-29,NaN,NaN,NaN,NaN,NaN,NaN
2025-06-11T20:47:37Z,39.98626118563278,-75.16881562132892,13.573340605857085,1.7020387958856347,-3.0377246746268116,-0.0017945540854450229,1.0083867527995003,-0.2387347780054657,-1.110741471395432,0.0,0.0,0.0,0.0,0.0,0.0,4.0047016891610764e-29,2.847787867847831e-28,8.20730885791946e-27,3.234822749471879e-28,1.4586038137536636e-27,1.175494350822279e-34,1.8345946427046095e-28,2.5915313331675066e-30,1.2621774483536176e-29,NaN,NaN,NaN,NaN,NaN,NaN
2025-06-11T20:47:38Z,39.98626118563278,-75.16881562132892,13.573340605857085,1.7022140863320483,-3.0382067180404175,-0.0017899304920968942,1.0083463808354927,-0.23869268340639765,-1.1107774264692418,0.0,0.0,0.0,0.0,0.0,0.0,4.0047016891610764e-29,2.847787867847831e-28,8.20730885791946e-27,2.083085827849215e-28,2.415886522239332e-28,5.484386443196442e-34,7.88860905221011e-31,1.2037062152420097e-29,1.9721522630525275e-31,NaN,NaN,NaN,NaN,NaN,NaN
2025-06-11T20:47:39Z,39.98626118563278,-75.16881562132892,13.573340605857085,1.7029577085234708,-3.0403525054407075,-0.001784921851862262,1.0084032712931552,-0.23865523332164776,-1.11093528605529,0.0,0.0,0.0,0.0,0.0,0.0,4.0047016891610764e-29,2.847787867847831e-28,8.20730885791946e-27,1.4376989997652882e-28,4.437342591868219e-29,1.925929944387234e-34,3.5942474994132205e-29,8.389350837750752e-31,2.347354231098232e-28,NaN,NaN,NaN,NaN,NaN,NaN
2025-06-11T20:47:40Z,39.98626118563278,-75.16881562132892,13.573340605857085,1.7030780532032295,-3.040683272974391,-0.00178037787001964,1.0083526500136786,-0.2386026274221491,-1.1109617886426395,0.0,0.0,0.0,0.0,0.0,0.0,4.0047016891610764e-29,2.847787867847831e-28,8.20730885791946e-27,2.083085827849215e-28,7.338378570818438e-28,7.151707630402732e-35,9.545216953174357e-29,1.5315765289745172e-29,4.9303806576312965e-30,NaN,NaN,NaN,NaN,NaN,NaN
2025-06-11T20:47:41Z,39.98626118563278,-75.16881562132892,13.573340605857085,1.704645371094828,-3.0436834820312186,-0.0017759780091434671,1.0084442529492348,-0.23854353629355274,-1.111209083990577,0.0,0.0,0.0,0.0,0.0,0.0,4.0047016891610764e-29,2.847787867847831e-28,8.20730885791946e-27,6.1846694969327065e-28,2.847787867847831e-28,1.4223481644949538e-34,2.7733391199176604e-28,7.703719777548936e-34,5.0487097934144705e-29,NaN,NaN,NaN,NaN,NaN,NaN
2025-06-11T20:47:42Z,39.98626118563278,-75.16881562132892,13.573340605857085,1.712257991806203,-3.0588542453796332,-0.0017713569129656917,1.0088493978783282,-0.23823023324995182,-1.1124413629169747,0.0,0.0,0.0,0.0,0.0,0.0,4.0047016891610764e-29,2.847787867847831e-28,8.20730885791946e-27,2.485404889511989e-28,5.0487097934144705e-29,3.724436301145363e-34,3.8654184355829416e-29,5.830945499626709e-30,2.3863042382935893e-29,NaN,NaN,NaN,NaN,NaN,NaN
2025-06-11T20:47:43Z,39.98626118563278,-75.16881562132892,13.573340605857085,1.7139294003840804,-3.0618277055361993,-0.0017671706809470958,1.0084431469777566,-0.23786218618205113,-1.1126920223271644,0.0,0.0,0.0,0.0,0.0,0.0,4.0047016891610764e-29,2.847787867847831e-28,8.20730885791946e-27,4.930380657631288e-28,1.8940550334356558e-27,2.3039689276116677e-34,1.7798674174048944e-29,3.993608332681338e-30,7.499108980257175e-29,NaN,NaN,NaN,NaN,NaN,NaN
2025-06-11T20:47:44Z,39.98626118563278,-75.16881562132892,13.573340605857085,1.72168351113898,-3.0753579555185704,-0.0017639986214830652,1.00879528596938,-0.23755154481244983,-1.1138395196650561,0.0,0.0,0.0,0.0,0.0,0.0,4.0047016891610764e-29,2.847787867847831e-28,8.20730885791946e-27,4.832266082544468e-28,3.818086781269743e-28,2.860683052161093e-34,4.738095811983742e-29,1.3589361687596383e-30,2.3863042382935893e-29,NaN,NaN,NaN,NaN,NaN,NaN
2025-06-11T20:47:45Z,39.98626118563278,-75.16881562132892,13.573340605857085,1.7236653311338885,-3.07807782152873,-0.0017604806682803553,1.0084098568880897,-0.23722053993253342,-1.1140864443242935,0.0,0.0,0.0,0.0,0.0,0.0,4.0047016891610764e-29,2.847787867847831e-28,8.20730885791946e-27,1.232595164407822e-28,5.129568036199662e-28,2.0735720348505224e-35,2.415886522239332e-28,3.2548216060143985e-30,6.749691120297223e-29,NaN,NaN,NaN,NaN,NaN,NaN
2025-06-11T20:47:46Z,39.98626118563278,-75.16881562132892,13.573340605857085,1.7275967462754047,-3.085073963509742,-0.001756646455717067,1.0085378017937847,-0.2370434491161391,-1.1146729404737385,0.0,0.0,0.0,0.0,0.0,0.0,4.0047016891610764e-29,2.847787867847831e-28,8.20730885791946e-27,3.9053545189098003e-28,9.941619558047956e-28,1.6367583340849642e-34,1.384943926728626e-28,1.2325951644078297e-32,3.818086781269743e-28,NaN,NaN,NaN,NaN,NaN,NaN
2025-06-11T20:47:47Z,39.98626118563278,-75.16881562132892,13.573340605857085,1.7320880689505747,-3.0929663535844023,-0.0017529767726504298,1.0085580865644366,-0.23675786711193758,-1.1153387621387374,0.0,0.0,0.0,0.0,0.0,0.0,4.0047016891610764e-29,2.847787867847831e-28,8.20730885791946e-27,3.818086781269743e-28,1.2939290997887515e-27,3.9543629961662393e-35,1.5461673742331766e-28,1.7565251464789214e-29,1.4914401489334606e-28,NaN,NaN,NaN,NaN,NaN,NaN
2025-06-11T20:47:48Z,39.98626118563278,-75.16881562132892,13.573340605857085,1.7354404028909498,-3.09826613599698,-0.0017495874767495386,1.0084592870554503,-0.2364936029023372,-1.115801534146865,0.0,0.0,0.0,0.0,0.0,0.0,4.0047016891610764e-29,2.847787867847831e-28,8.20730885791946e-27,1.4914401489334606e-28,1.7749370367472875e-28,2.1741943512808807e-34,2.847787867847831e-28,3.562200025138595e-30,1.774937036747265e-30,NaN,NaN,NaN,NaN,NaN,NaN
2025-06-11T20:47:49Z,39.98626118563278,-75.16881562132892,13.573340605857085,1.7372274164529549,-3.101972833590259,-0.0017451495828246953,1.008386344865118,-0.23633220090135235,-1.116095032569934,0.0,0.0,0.0,0.0,0.0,0.0,4.0047016891610764e-29,2.847787867847831e-28,8.20730885791946e-27,3.818086781269743e-28,1.6331392890337803e-27,3.4775824874726857e-34,9.663546088957354e-30,2.1639748855134782e-30,1.774937036747265e-30,NaN,NaN,NaN,NaN,NaN,NaN
2025-06-11T20:47:50Z,39.98626118563278,-75.16881562132892,13.573340605857085,1.7409749850323013,-3.108858760437177,-0.0017412100719613553,1.0084957829596148,-0.23613223923398646,-1.1166696900397295,0.0,0.0,0.0,0.0,0.0,0.0,4.0047016891610764e-29,2.847787867847831e-28,8.20730885791946e-27,3.5622000251386207e-28,4.543838814072998e-28,4.154667233546238e-34,2.608171367887009e-29,6.662947235602134e-30,0.0,NaN,NaN,NaN,NaN,NaN,NaN
2025-06-11T20:47:51Z,39.98626118563278,-75.16881562132892,13.573340605857085,1.7518158037818665,-3.1291652503996272,-0.0017376295336114292,1.0089374574331358,-0.23563820732410318,-1.1183507751484514,0.0,0.0,0.0,0.0,0.0,0.0,4.0047016891610764e-29,2.847787867847831e-28,8.20730885791946e-27,2.1476738144641925e-28,5.129568036199662e-28,1.692711865184083e-36,1.774937036747265e-30,8.905500062846488e-31,7.119469669619578e-29,NaN,NaN,NaN,NaN,NaN,NaN
2025-06-11T20:47:52Z,39.98626118563278,-75.16881562132892,13.573340605857085,1.7573630844389292,-3.138972989399223,-0.0017341604914228924,1.0085670979174932,-0.23504583405115198,-1.119174852703741,0.0,0.0,0.0,0.0,0.0,0.0,4.0047016891610764e-29,2.847787867847831e-28,8.20730885791946e-27,3.0770505684277186e-28,7.888609052210074e-29,9.521504241660618e-35,6.389773332290141e-29,6.102116435796563e-30,4.1464501330680106e-29,NaN,NaN,NaN,NaN,NaN,NaN
2025-06-11T20:47:53Z,39.98626118563278,-75.16881562132892,13.573340605857085,1.7669512125026368,-3.157179986048075,-0.0017303608939600152,1.0088294739988006,-0.23453555721943978,-1.120673045353251,0.0,0.0,0.0,0.0,0.0,0.0,4.0047016891610764e-29,2.847787867847831e-28,8.20730885791946e-27,3.155443620884044e-30,2.2159102827658017e-27,1.4223481644949538e-34,1.4376989997652882e-28,1.112417135878059e-30,2.3863042382935893e-29,NaN,NaN,NaN,NaN,NaN,NaN
2025-06-11T20:47:54Z,39.98626118563278,-75.16881562132892,13.573340605857085,1.772579728326515,-3.167322862391549,-0.0017268004674378305,1.0085443097126552,-0.23398116148523992,-1.1215207229622581,0.0,0.0,0.0,0.0,0.0,0.0,4.0047016891610764e-29,2.847787867847831e-28,8.20730885791946e-27,1.956868083013852e-28,1.1359597035182496e-28,1.0833355937178131e-34,3.081487911019555e-29,5.1799811784239004e-30,5.0487097934144705e-29,NaN,NaN,NaN,NaN,NaN,NaN
2025-06-11T20:47:55Z,39.98626118563278,-75.16881562132892,13.573340605857085,1.7867078168953967,-3.1913472256827697,-0.0017252285413762683,1.0089981296368558,-0.23332204651507732,-1.1235744159036691,0.0,0.0,0.0,0.0,0.0,0.0,4.0047016891610764e-29,2.847787867847831e-28,8.20730885791946e-27,4.35648434908298e-28,1.2308202273710874e-27,2.275757063191976e-35,6.03971630559833e-29,2.2464046871332628e-30,1.2325951644078241e-30,NaN,NaN,NaN,NaN,NaN,NaN
2025-06-11T20:47:56Z,39.98626118563278,-75.16881562132892,13.573340605857085,1.7982130329963157,-3.2106527044133144,-0.0017233668198644234,1.0087807426319835,-0.23247905449088185,-1.1252220162695212,0.0,0.0,0.0,0.0,0.0,0.0,4.0047016891610764e-29,2.847787867847831e-28,8.20730885791946e-27,8.721350345284119e-28,1.7057144923141464e-27,2.7158621481397925e-34,3.1554436208840297e-28,3.774822690998956e-30,3.731805119761094e-28,NaN,NaN,NaN,NaN,NaN,NaN
2025-06-11T20:47:57Z,39.98626118563278,-75.16881562132892,13.573340605857085,1.8021575905174052,-3.2177662589609306,-0.0017196581839701217,1.008315400553786,-0.2319725907972827,-1.1258070652648964,0.0,0.0,0.0,0.0,0.0,0.0,4.0047016891610764e-29,2.847787867847831e-28,8.20730885791946e-27,3.9053545189098003e-28,8.33234331139686e-28,3.08496737429798e-34,3.081487911019555e-29,3.562200025138595e-30,5.0487097934144705e-29,NaN,NaN,NaN,NaN,NaN,NaN
2025-06-11T20:47:58Z,39.98626118563278,-75.16881562132892,13.573340605857085,1.8042763193587028,-3.2214372480502056,-0.0017158729023491952,1.0081879232472164,-0.23176120820180354,-1.1261165376851816,0.0,0.0,0.0,0.0,0.0,0.0,4.0047016891610764e-29,2.847787867847831e-28,8.20730885791946e-27,3.9936083326814095e-28,1.0799505792475557e-27,1.0833355937178131e-34,9.984020831703524e-29,3.774822690998956e-30,1.774937036747265e-30,NaN,NaN,NaN,NaN,NaN,NaN
2025-06-11T20:47:59Z,39.98626118563278,-75.16881562132892,13.573340605857085,1.8063250922741654,-3.225182666370772,-0.0017119564537908586,1.0081820593968198,-0.23162152650540205,-1.1264275705428282,0.0,0.0,0.0,0.0,0.0,0.0,4.0047016891610764e-29,2.847787867847831e-28,8.20730885791946e-27,6.295603061729411e-28,6.407522702657722e-28,3.558926696549505e-34,2.99964359210287e-28,1.2819760081819197e-29,3.155443620884044e-30,NaN,NaN,NaN,NaN,NaN,NaN
2025-06-11T20:48:00Z,39.98626118563278,-75.16881562132892,13.573340605857085,1.8127259066500176,-3.2361267542080427,-0.0017089919817223204,1.0084200443602023,-0.23133933821547747,-1.1273617142419734,0.0,0.0,0.0,0.0,0.0,0.0,4.0047016891610764e-29,2.847787867847831e-28,8.20730885791946e-27,3.332937324558826e-29,7.338378570818438e-28,1.5817451984664957e-34,6.03971630559833e-29,6.520428419717522e-30,1.7798674174048944e-29,NaN,NaN,NaN,NaN,NaN,NaN
2025-06-11T20:48:01Z,39.98626118563278,-75.16881562132892,13.573340605857085,1.8202911241097086,-3.249958275975527,-0.0017056152112564073,1.0084875201640313,-0.23087690196583416,-1.1285108950831413,0.0,0.0,0.0,0.0,0.0,0.0,4.0047016891610764e-29,2.847787867847831e-28,8.20730885791946e-27,7.580953299173987e-28,9.663546088957328e-28,3.3971786738764006e-34,9.984020831703524e-29,5.4357446750385534e-30,7.88860905221011e-31,NaN,NaN,NaN,NaN,NaN,NaN
2025-06-11T20:48:02Z,39.98626118563278,-75.16881562132892,13.573340605857085,1.8257317546284766,-3.259068038154143,-0.00170264746111564,1.0083077609057345,-0.23042316599265514,-1.1292899571734076,0.0,0.0,0.0,0.0,0.0,0.0,4.0047016891610764e-29,2.847787867847831e-28,8.20730885791946e-27,7.338378570818438e-28,2.6996792328926073e-27,1.692711865184083e-36,2.4158865222393385e-30,3.0576063797091438e-30,1.2823920090499156e-28,NaN,NaN,NaN,NaN,NaN,NaN
2025-06-11T20:48:03Z,39.98626118563278,-75.16881562132892,13.573340605857085,1.8332213811678102,-3.2714330178101783,-0.0017002237660870886,1.0083919918419415,-0.230004461782686,-1.1303539863208025,0.0,0.0,0.0,0.0,0.0,0.0,4.0047016891610764e-29,2.847787867847831e-28,8.20730885791946e-27,3.3965392350422503e-28,5.965760595733843e-28,5.689392657979815e-34,4.1464501330680106e-29,1.4914401489334933e-30,1.774937036747265e-30,NaN,NaN,NaN,NaN,NaN,NaN
2025-06-11T20:48:04Z,39.98626118563278,-75.16881562132892,13.573340605857085,1.8332694045245752,-3.2715122975985502,-0.0016962144801621567,1.0079377098692892,-0.22976223372783025,-1.1303519801184754,0.0,0.0,0.0,0.0,0.0,0.0,4.0047016891610764e-29,2.847787867847831e-28,8.20730885791946e-27,5.369184536160481e-29,1.932906433017787e-27,8.317327828678244e-34,2.7733391199176604e-28,4.0752677623234515e-31,4.437342591868219e-29,NaN,NaN,NaN,NaN,NaN,NaN
2025-06-11T20:48:05Z,39.98626118563278,-75.16881562132892,13.573340605857085,1.8335946795682185,-3.2720913692437903,-0.0016922541907688994,1.0079551628801746,-0.22974988088429846,-1.1304008634467375,0.0,0.0,0.0,0.0,0.0,0.0,4.0047016891610764e-29,2.847787867847831e-28,8.20730885791946e-27,6.389773332290141e-29,1.3331749298235304e-28,3.4277415269977765e-35,3.993608332681338e-30,5.565937539279095e-30,1.3331749298235304e-28,NaN,NaN,NaN,NaN,NaN,NaN
2025-06-11T20:48:06Z,39.98626118563278,-75.16881562132892,13.573340605857085,1.8335919595194468,-3.2720869257148437,-0.0016882716509002272,1.007935171626981,-0.2297381610393363,-1.1304003123299209,0.0,0.0,0.0,0.0,0.0,0.0,4.0047016891610764e-29,2.847787867847831e-28,8.20730885791946e-27,1.6018806756644305e-28,2.9353514283273752e-27,1.3710966107991106e-34,2.3863042382935893e-29,3.4581998081416934e-30,9.545216953174357e-29,NaN,NaN,NaN,NaN,NaN,NaN
2025-06-11T20:48:07Z,39.98626118563278,-75.16881562132892,13.573340605857085,1.8337410511595134,-3.2725434110071556,-0.0016841944790285774,1.0079511226655944,-0.22973261413013002,-1.13043345127878,0.0,0.0,0.0,0.0,0.0,0.0,4.0047016891610764e-29,2.847787867847831e-28,8.20730885791946e-27,6.1846694969327065e-28,2.5559093329160563e-28,1.1289447745297288e-34,2.699876448118889e-28,6.102116435796563e-30,4.1464501330680106e-29,NaN,NaN,NaN,NaN,NaN,NaN
2025-06-11T20:48:08Z,39.98626118563278,-75.16881562132892,13.573340605857085,1.8345929414789326,-3.2739897746030833,-0.0016804035913328224,1.007987477940023,-0.22969454321508861,-1.1305578568976462,0.0,0.0,0.0,0.0,0.0,0.0,4.0047016891610764e-29,2.847787867847831e-28,8.20730885791946e-27,1.094593809800722e-27,3.155443620884044e-30,3.0092655381050393e-34,3.5942474994132205e-29,1.054639237546441e-30,1.0432685471548036e-28,NaN,NaN,NaN,NaN,NaN,NaN
2025-06-11T20:48:09Z,39.98626118563278,-75.16881562132892,13.573340605857085,1.8350203292900793,-3.2756864228160345,-0.0016758845786778024,1.0079901522676278,-0.22964935672229608,-1.1306732653149374,0.0,0.0,0.0,0.0,0.0,0.0,4.0047016891610764e-29,2.847787867847831e-28,8.20730885791946e-27,3.234822749471879e-28,4.7351375835891395e-28,1.6367583340849642e-34,1.424880010055438e-29,1.1093356479670547e-29,5.369184536160481e-29,NaN,NaN,NaN,NaN,NaN,NaN
2025-06-11T20:48:10Z,39.98626118563278,-75.16881562132892,13.573340605857085,1.8350218336576252,-3.2757555208391302,-0.0016719324348088002,1.0079470720794395,-0.22960885762890773,-1.1306792674518897,0.0,0.0,0.0,0.0,0.0,0.0,4.0047016891610764e-29,2.847787867847831e-28,8.20730885791946e-27,1.5974433330725352e-29,5.965760595733843e-28,8.06906342178449e-34,1.5974433330725352e-29,5.0544105460498106e-30,1.1837843958972849e-28,NaN,NaN,NaN,NaN,NaN,NaN
2025-06-11T20:48:11Z,39.98626118563278,-75.16881562132892,13.573340605857085,1.8349329111807517,-3.2760234016666008,-0.0016677407006328296,1.0079544771576072,-0.2296084709233329,-1.1306899329793623,0.0,0.0,0.0,0.0,0.0,0.0,4.0047016891610764e-29,2.847787867847831e-28,8.20730885791946e-27,2.7733391199176604e-28,2.0117925235398897e-27,1.175494350822279e-34,1.6018806756644305e-28,3.355740335100301e-30,1.774937036747265e-30,NaN,NaN,NaN,NaN,NaN,NaN
2025-06-11T20:48:12Z,39.98626118563278,-75.16881562132892,13.573340605857085,1.8348861857184955,-3.276340433084026,-0.001663591352666266,1.00796211620968,-0.2296004553522882,-1.130706465579249,0.0,0.0,0.0,0.0,0.0,0.0,4.0047016891610764e-29,2.847787867847831e-28,8.20730885791946e-27,8.985618748533138e-28,9.545216953174357e-29,7.583819353764969e-34,6.03971630559833e-29,1.1845239529959355e-29,6.03971630559833e-29,NaN,NaN,NaN,NaN,NaN,NaN
2025-06-11T20:48:13Z,39.98626118563278,-75.16881562132892,13.573340605857085,1.834796731540334,-3.2767833581449257,-0.0016593180461217207,1.007971310662247,-0.22959244336557078,-1.1307277233970556,0.0,0.0,0.0,0.0,0.0,0.0,4.0047016891610764e-29,2.847787867847831e-28,8.20730885791946e-27,1.4376989997652882e-28,1.3260751816765185e-27,1.6367583340849642e-34,7.119469669619578e-29,1.0366125332670026e-29,2.608171367887009e-29,NaN,NaN,NaN,NaN,NaN,NaN
2025-06-11T20:48:14Z,39.98626118563278,-75.16881562132892,13.573340605857085,1.8347104760557897,-3.27685689634692,-0.001655320501951979,1.0079676705913951,-0.22958155503379118,-1.1307291265445527,0.0,0.0,0.0,0.0,0.0,0.0,4.0047016891610764e-29,2.847787867847831e-28,8.20730885791946e-27,3.478876592024674e-28,5.965760595733843e-28,1.5234406786656715e-35,4.1464501330680106e-29,1.5600032549536756e-30,1.089121087270745e-28,NaN,NaN,NaN,NaN,NaN,NaN
2025-06-11T20:48:15Z,39.98626118563278,-75.16881562132892,13.573340605857085,1.834762164150897,-3.276612146228074,-0.001651741517921118,1.0079620851537834,-0.2295776337206443,-1.1307189056229954,0.0,0.0,0.0,0.0,0.0,0.0,4.0047016891610764e-29,2.847787867847831e-28,8.20730885791946e-27,6.295603061729411e-28,2.1476738144641925e-28,1.6367583340849642e-34,8.287969885478241e-29,3.0814879110195603e-31,1.1093356479670547e-29,NaN,NaN,NaN,NaN,NaN,NaN
2025-06-11T20:48:16Z,39.98626118563278,-75.16881562132892,13.573340605857085,1.8350311228680172,-3.2760695451808055,-0.0016486697451580043,1.007950747332301,-0.22957867026238774,-1.1307016491672048,0.0,0.0,0.0,0.0,0.0,0.0,4.0047016891610764e-29,2.847787867847831e-28,8.20730885791946e-27,6.03971630559833e-29,1.3331749298235304e-28,6.43700706510279e-35,6.03971630559833e-29,1.4914401489334933e-30,1.424880010055438e-29,NaN,NaN,NaN,NaN,NaN,NaN
2025-06-11T20:48:17Z,39.98626118563278,-75.16881562132892,13.573340605857085,1.8351527776383554,-3.2752259774678945,-0.0016456204988315728,1.007929313086502,-0.22959504762253374,-1.1306582238237723,0.0,0.0,0.0,0.0,0.0,0.0,4.0047016891610764e-29,2.847787867847831e-28,8.20730885791946e-27,5.4357446750386125e-28,1.3586156940169001e-27,2.048181356872742e-34,8.332343311397065e-30,5.307092554753516e-30,7.888609052210074e-29,NaN,NaN,NaN,NaN,NaN,NaN
2025-06-11T20:48:18Z,39.98626118563278,-75.16881562132892,13.573340605857085,1.8356543757819384,-3.273770353233781,-0.0016435010588598362,1.0079006904393863,-0.2296090206103707,-1.1306001367198826,0.0,0.0,0.0,0.0,0.0,0.0,4.0047016891610764e-29,2.847787867847831e-28,8.20730885791946e-27,2.5559093329160563e-28,2.847787867847831e-28,0.0,7.119469669619578e-29,1.2325951644078297e-32,3.155443620884044e-30,NaN,NaN,NaN,NaN,NaN,NaN
2025-06-11T20:48:19Z,39.98626118563278,-75.16881562132892,13.573340605857085,1.8362060305812968,-3.2727486568764563,-0.0016411649872163751,1.007887513568913,-0.22964107494576777,-1.1305651903489884,0.0,0.0,0.0,0.0,0.0,0.0,4.0047016891610764e-29,2.847787867847831e-28,8.20730885791946e-27,1.089121087270745e-28,2.5559093329160563e-28,2.9345040973927675e-34,3.8654184355829416e-29,7.55041575397573e-30,3.9053545189098003e-28,NaN,NaN,NaN,NaN,NaN,NaN
2025-06-11T20:48:20Z,39.98626118563278,-75.16881562132892,13.573340605857085,1.8383891821264222,-3.2683352977934486,-0.0016432675716200093,1.00776583896733,-0.22962716620855578,-1.1304254526032826,0.0,0.0,0.0,0.0,0.0,0.0,4.0047016891610764e-29,2.847787867847831e-28,8.20730885791946e-27,5.369184536160481e-29,2.0922563358724146e-27,2.860683052161093e-34,3.332937324558826e-29,3.0576063797091438e-30,6.03971630559833e-29,NaN,NaN,NaN,NaN,NaN,NaN
2025-06-11T20:48:21Z,39.98626118563278,-75.16881562132892,13.573340605857085,1.8418541221316487,-3.2627548287293613,-0.0016478271547694615,1.0076362763072815,-0.2296905469500726,-1.1302688814643536,0.0,0.0,0.0,0.0,0.0,0.0,4.0047016891610764e-29,2.847787867847831e-28,8.20730885791946e-27,3.478876592024674e-28,2.9836691587722096e-27,6.326980793865983e-34,5.699520040221752e-29,1.112417135878059e-30,7.09974814698906e-30,NaN,NaN,NaN,NaN,NaN,NaN
2025-06-11T20:48:22Z,39.98626118563278,-75.16881562132892,13.573340605857085,1.846098051822601,-3.256168470996532,-0.0016540601504531603,1.0074665381327292,-0.2297813956210379,-1.1300862345138345,0.0,0.0,0.0,0.0,0.0,0.0,4.0047016891610764e-29,2.847787867847831e-28,8.20730885791946e-27,3.9053545189098003e-28,4.543838814072998e-28,1.5276724583286577e-34,7.888609052210074e-29,5.4357446750385534e-30,7.499108980257175e-29,NaN,NaN,NaN,NaN,NaN,NaN
2025-06-11T20:48:23Z,39.98626118563278,-75.16881562132892,13.573340605857085,1.8508875660157997,-3.249531495264005,-0.0016610121811529582,1.007296124435491,-0.22989321176266728,-1.129921868354321,0.0,0.0,0.0,0.0,0.0,0.0,4.0047016891610764e-29,2.847787867847831e-28,8.20730885791946e-27,6.520428419717362e-28,1.774937036747265e-30,2.1107176563364828e-34,5.699520040221752e-29,1.2949952946059751e-30,1.5974433330725352e-29,NaN,NaN,NaN,NaN,NaN,NaN
2025-06-11T20:48:24Z,39.98626118563278,-75.16881562132892,13.573340605857085,1.8545856909952603,-3.244273351987609,-0.0016655903485191658,1.0071495413358997,-0.23003868186940848,-1.129775530855913,0.0,0.0,0.0,0.0,0.0,0.0,4.0047016891610764e-29,2.847787867847831e-28,8.20730885791946e-27,1.2823920090499156e-28,1.2308202273710874e-27,7.94634181155859e-34,6.749691120297223e-29,3.0814879110195743e-33,4.738095811983742e-29,NaN,NaN,NaN,NaN,NaN,NaN
2025-06-11T20:48:25Z,39.98626118563278,-75.16881562132892,13.573340605857085,1.8619322232274633,-3.2335659367854066,-0.0016785192172656966,1.0068522343901833,-0.2300503878304461,-1.129521172322901,0.0,0.0,0.0,0.0,0.0,0.0,4.0047016891610764e-29,2.847787867847831e-28,8.20730885791946e-27,3.5622000251386207e-28,2.7460248110743607e-27,4.608408052963703e-34,1.1837843958972849e-28,9.836879783952205e-30,2.4158865222393385e-30,NaN,NaN,NaN,NaN,NaN,NaN
2025-06-11T20:48:26Z,39.98626118563278,-75.16881562132892,13.573340605857085,1.8640936657740628,-3.230167678056745,-0.0016798081297420475,1.0067671801363216,-0.23037040209103077,-1.1293760051345598,0.0,0.0,0.0,0.0,0.0,0.0,4.0047016891610764e-29,2.847787867847831e-28,8.20730885791946e-27,8.852991508842735e-28,2.9353514283273752e-27,6.21836511584984e-34,6.03971630559833e-29,5.0544105460498106e-30,1.0432685471548036e-28,NaN,NaN,NaN,NaN,NaN,NaN
2025-06-11T20:48:27Z,39.98626118563278,-75.16881562132892,13.573340605857085,1.8670893834486744,-3.225388107651743,-0.001683086417019245,1.0066405554978297,-0.23041707472929426,-1.1292426662140775,0.0,0.0,0.0,0.0,0.0,0.0,4.0047016891610764e-29,2.847787867847831e-28,8.20730885791946e-27,7.119469669619578e-29,2.3863042382935893e-29,2.048181356872742e-34,4.4373425918681625e-31,7.55041575397573e-30,4.1464501330680106e-29,NaN,NaN,NaN,NaN,NaN,NaN
2025-06-11T20:48:28Z,39.98626118563278,-75.16881562132892,13.573340605857085,1.8746732123286525,-3.2139783789588394,-0.0016966598695401884,1.0063323925545353,-0.23040332786038234,-1.1289662262601017,0.0,0.0,0.0,0.0,0.0,0.0,4.0047016891610764e-29,2.847787867847831e-28,8.20730885791946e-27,5.699520040221752e-29,4.173074188619214e-28,3.161609605971619e-34,2.3863042382935893e-29,7.703719777548887e-30,2.1742978700154214e-29,NaN,NaN,NaN,NaN,NaN,NaN
2025-06-11T20:48:29Z,39.98626118563278,-75.16881562132892,13.573340605857085,1.8796622127044478,-3.206507694595191,-0.0017042302495119696,1.0061405067345783,-0.23067872159656652,-1.1287353601611472,0.0,0.0,0.0,0.0,0.0,0.0,4.0047016891610764e-29,2.847787867847831e-28,8.20730885791946e-27,3.731805119761094e-28,3.1554436208840297e-28,9.103028252767904e-35,5.0487097934144705e-29,5.830945499626709e-30,5.0487097934144705e-29,NaN,NaN,NaN,NaN,NaN,NaN
2025-06-11T20:48:30Z,39.98626118563278,-75.16881562132892,13.573340605857085,1.8825998731647393,-3.201950124162886,-0.0017072115908078776,1.0060234029500037,-0.2308672255809587,-1.1285858933514743,0.0,0.0,0.0,0.0,0.0,0.0,4.0047016891610764e-29,2.847787867847831e-28,8.20730885791946e-27,2.415886522239332e-28,9.545216953174357e-29,3.3971786738764006e-34,1.4376989997652882e-28,1.7565251464789214e-29,6.389773332290141e-29,NaN,NaN,NaN,NaN,NaN,NaN
2025-06-11T20:48:31Z,39.98626118563278,-75.16881562132892,13.573340605857085,1.8847719332733748,-3.1987181051069786,-0.0017083270363784677,1.0059428718441734,-0.23097175445238274,-1.1284895420796255,0.0,0.0,0.0,0.0,0.0,0.0,4.0047016891610764e-29,2.847787867847831e-28,8.20730885791946e-27,3.5622000251386207e-28,4.7351375835891395e-28,1.3710966107991106e-34,1.956868083013852e-28,6.520428419717522e-30,2.1476738144641925e-28,NaN,NaN,NaN,NaN,NaN,NaN
2025-06-11T20:48:32Z,39.98626118563278,-75.16881562132892,13.573340605857085,1.8864077902550356,-3.196586949251755,-0.0017080300105415446,1.0058889601708698,-0.23104376101824003,-1.1284345880667555,0.0,0.0,0.0,0.0,0.0,0.0,4.0047016891610764e-29,2.847787867847831e-28,8.20730885791946e-27,5.230640839681036e-28,3.9936083326814095e-28,6.770847460736332e-36,5.369184536160481e-29,7.09974814698906e-30,8.332343311397065e-30,NaN,NaN,NaN,NaN,NaN,NaN
2025-06-11T20:48:33Z,39.98626118563278,-75.16881562132892,13.573340605857085,1.8883382898635328,-3.1941181258927656,-0.0017083315307672296,1.0058186968144993,-0.231073230192863,-1.128381523265675,0.0,0.0,0.0,0.0,0.0,0.0,4.0047016891610764e-29,2.847787867847831e-28,8.20730885791946e-27,2.839899258795624e-29,1.0799505792475557e-27,1.6927118651841045e-34,1.3331749298235304e-28,7.403274706224597e-31,7.119469669619578e-29,NaN,NaN,NaN,NaN,NaN,NaN
2025-06-11T20:48:34Z,39.98626118563278,-75.16881562132892,13.573340605857085,1.8911479103492597,-3.19042751072086,-0.0017105493428432623,1.0057128625644196,-0.23109448444482858,-1.1283028280188472,0.0,0.0,0.0,0.0,0.0,0.0,4.0047016891610764e-29,2.847787867847831e-28,8.20730885791946e-27,3.155443620884044e-30,1.3260751816765185e-27,5.484386443196442e-34,4.437342591868219e-29,1.5600032549536756e-30,1.089121087270745e-28,NaN,NaN,NaN,NaN,NaN,NaN
2025-06-11T20:48:35Z,39.98626118563278,-75.16881562132892,13.573340605857085,1.8928537839754387,-3.188266335272514,-0.0017103580363996714,1.005649725928616,-0.23118421753726048,-1.128245167271247,0.0,0.0,0.0,0.0,0.0,0.0,4.0047016891610764e-29,2.847787867847831e-28,8.20730885791946e-27,5.539775706914504e-28,7.580953299173987e-28,5.898160454685885e-34,1.6018806756644305e-28,7.703719777548887e-30,2.4158865222393385e-30,NaN,NaN,NaN,NaN,NaN,NaN
2025-06-11T20:48:36Z,39.98626118563278,-75.16881562132892,13.573340605857085,1.894057598693742,-3.186474052279663,-0.00170929054290241,1.0055959314207483,-0.23123325795228206,-1.1281922497786656,0.0,0.0,0.0,0.0,0.0,0.0,4.0047016891610764e-29,2.847787867847831e-28,8.20730885791946e-27,6.407522702657722e-28,9.663546088957354e-30,3.808601696664247e-34,9.116273835960397e-29,9.984020831703345e-31,1.424880010055438e-29,NaN,NaN,NaN,NaN,NaN,NaN
2025-06-11T20:48:37Z,39.98626118563278,-75.16881562132892,13.573340605857085,1.899527457321267,-3.1792196452609796,-0.001717169934145669,1.0053976837424459,-0.23116542709351665,-1.1280564201960686,0.0,0.0,0.0,0.0,0.0,0.0,4.0047016891610764e-29,2.847787867847831e-28,8.20730885791946e-27,3.731805119761094e-28,3.332937324558826e-29,1.8662148313654442e-34,1.384943926728626e-28,9.152789467706005e-30,5.0487097934144705e-29,NaN,NaN,NaN,NaN,NaN,NaN
2025-06-11T20:48:38Z,39.98626118563278,-75.16881562132892,13.573340605857085,1.906048313686244,-3.1710020022988985,-0.0017269660968569566,1.00516471728484,-0.23126594703307127,-1.1278837428098853,0.0,0.0,0.0,0.0,0.0,0.0,4.0047016891610764e-29,2.847787867847831e-28,8.20730885791946e-27,2.279808016088701e-28,9.941619558047956e-28,3.724436301145363e-34,4.738095811983742e-29,5.4357446750385534e-30,3.332937324558826e-29,NaN,NaN,NaN,NaN,NaN,NaN
2025-06-11T20:48:39Z,39.98626118563278,-75.16881562132892,13.573340605857085,1.917345974128524,-3.155663214777547,-0.0017473361791145922,1.004721307600724,-0.23129368114125137,-1.1275500770695295,0.0,0.0,0.0,0.0,0.0,0.0,4.0047016891610764e-29,2.847787867847831e-28,8.20730885791946e-27,8.985618748533138e-28,1.6585800532272042e-28,1.4223481644949538e-34,7.119469669619578e-29,8.17287631200162e-30,1.1837843958972849e-28,NaN,NaN,NaN,NaN,NaN,NaN
2025-06-11T20:48:40Z,39.98626118563278,-75.16881562132892,13.573340605857085,1.9219445467464094,-3.148894475419744,-0.0017536717707333574,1.004524422297006,-0.23172457625369827,-1.1273079926700214,0.0,0.0,0.0,0.0,0.0,0.0,4.0047016891610764e-29,2.847787867847831e-28,8.20730885791946e-27,5.699520040221752e-29,3.9936083326814095e-28,1.2714146898494056e-34,1.0432685471548036e-28,5.565937539279095e-30,4.4373425918681625e-31,NaN,NaN,NaN,NaN,NaN,NaN
2025-06-11T20:48:41Z,39.98626118563278,-75.16881562132892,13.573340605857085,1.9256112845519564,-3.14081773322318,-0.0017596481034141086,1.0042976260498335,-0.23187970803807373,-1.1270034593422034,0.0,0.0,0.0,0.0,0.0,0.0,4.0047016891610764e-29,2.847787867847831e-28,8.20730885791946e-27,1.2823920090499156e-28,3.818086781269743e-28,4.3333423748712524e-34,2.0194839173657882e-28,9.491753137918112e-30,1.2621774483536176e-29,NaN,NaN,NaN,NaN,NaN,NaN
2025-06-11T20:48:42Z,39.98626118563278,-75.16881562132892,13.573340605857085,1.9268404730571136,-3.135618886177677,-0.0017607000987746033,1.0042017678625024,-0.23211716606323687,-1.1267365089511483,0.0,0.0,0.0,0.0,0.0,0.0,4.0047016891610764e-29,2.847787867847831e-28,8.20730885791946e-27,4.930380657631319e-32,2.051827214479865e-27,2.048181356872742e-34,1.232595164407822e-28,6.379450347788204e-30,8.697191480061685e-29,NaN,NaN,NaN,NaN,NaN,NaN
2025-06-11T20:48:43Z,39.98626118563278,-75.16881562132892,13.573340605857085,1.9267500106471735,-3.1308990822806937,-0.0017597905858943517,1.004125219182687,-0.23228482953870752,-1.1264494116877746,0.0,0.0,0.0,0.0,0.0,0.0,4.0047016891610764e-29,2.847787867847831e-28,8.20730885791946e-27,8.461026246561093e-28,1.4927220479044375e-27,7.904024014929047e-35,7.09974814698906e-30,7.39865247435803e-30,1.2621774483536176e-29,NaN,NaN,NaN,NaN,NaN,NaN
2025-06-11T20:48:44Z,39.98626118563278,-75.16881562132892,13.573340605857085,1.9252964459259718,-3.1263486617995633,-0.001757075403767987,1.0040750546429273,-0.23246131934415057,-1.126110582996022,0.0,0.0,0.0,0.0,0.0,0.0,4.0047016891610764e-29,2.847787867847831e-28,8.20730885791946e-27,5.857785259331843e-28,8.077935669463153e-28,1.6367583340849642e-34,1.7749370367472875e-28,6.520428419717522e-30,2.608171367887009e-29,NaN,NaN,NaN,NaN,NaN,NaN
2025-06-11T20:48:45Z,39.98626118563278,-75.16881562132892,13.573340605857085,1.9217104157880636,-3.118112363745865,-0.0017540598396915334,1.0039352481892612,-0.23268641750510433,-1.1254656626168154,0.0,0.0,0.0,0.0,0.0,0.0,4.0047016891610764e-29,2.847787867847831e-28,8.20730885791946e-27,1.0082135406790362e-27,8.077935669463153e-28,9.08469054089497e-34,9.116273835960397e-29,1.2230425518836575e-29,3.993608332681338e-30,NaN,NaN,NaN,NaN,NaN,NaN
2025-06-11T20:48:46Z,39.98626118563278,-75.16881562132892,13.573340605857085,1.9206194545620592,-3.116289603563507,-0.001750088286103358,1.004139365892144,-0.23289776571986567,-1.125306999995927,0.0,0.0,0.0,0.0,0.0,0.0,4.0047016891610764e-29,2.847787867847831e-28,8.20730885791946e-27,7.499108980257175e-29,5.699520040221752e-29,5.0856587593976225e-34,2.847787867847831e-28,1.112417135878059e-30,7.88860905221011e-31,NaN,NaN,NaN,NaN,NaN,NaN
2025-06-11T20:48:47Z,39.98626118563278,-75.16881562132892,13.573340605857085,1.9190701824859,-3.1140907374831373,-0.0017458035070699932,1.0041317464218618,-0.2329818514589413,-1.1251069659754658,0.0,0.0,0.0,0.0,0.0,0.0,4.0047016891610764e-29,2.847787867847831e-28,8.20730885791946e-27,4.7351375835891395e-28,6.1846694969327065e-28,2.9387358770556974e-35,9.984020831703524e-29,7.55041575397573e-30,1.5461673742331766e-28,NaN,NaN,NaN,NaN,NaN,NaN
2025-06-11T20:48:48Z,39.98626118563278,-75.16881562132892,13.573340605857085,1.9185542827252862,-3.1138292148277262,-0.0017415917927614518,1.0042093100390774,-0.23303676801734133,-1.1250689571598897,0.0,0.0,0.0,0.0,0.0,0.0,4.0047016891610764e-29,2.847787867847831e-28,8.20730885791946e-27,3.081487911019555e-29,1.3331749298235304e-28,1.5276724583286577e-34,6.749691120297223e-29,5.830945499626709e-30,3.081487911019555e-29,NaN,NaN,NaN,NaN,NaN,NaN
2025-06-11T20:48:49Z,39.98626118563278,-75.16881562132892,13.573340605857085,1.9169648566106043,-3.1113788089907692,-0.001737452504109927,1.0041464215682787,-0.23308800864824974,-1.1248537754802113,0.0,0.0,0.0,0.0,0.0,0.0,4.0047016891610764e-29,2.847787867847831e-28,8.20730885791946e-27,1.0366125332669874e-27,7.09974814698915e-28,4.231779662960261e-35,1.232595164407822e-28,3.0576063797091438e-30,1.4914401489334606e-28,NaN,NaN,NaN,NaN,NaN,NaN
2025-06-11T20:48:50Z,39.98626118563278,-75.16881562132892,13.573340605857085,1.9121277190584884,-3.1064218592092865,-0.001730905627217146,1.004064704557921,-0.23328084019226245,-1.1243336844370582,0.0,0.0,0.0,0.0,0.0,0.0,4.0047016891610764e-29,2.847787867847831e-28,8.20730885791946e-27,1.2823920090499156e-28,2.2159102827658017e-27,1.8807909613156496e-35,1.8345946427046095e-28,3.4581998081416934e-30,4.4373425918681625e-31,NaN,NaN,NaN,NaN,NaN,NaN
2025-06-11T20:48:51Z,39.98626118563278,-75.16881562132892,13.573340605857085,1.9095825796641306,-3.102995012806289,-0.0017262444871867875,1.0041813740195225,-0.23343535313127284,-1.1240267290699855,0.0,0.0,0.0,0.0,0.0,0.0,4.0047016891610764e-29,2.847787867847831e-28,8.20730885791946e-27,2.699876448118889e-28,6.634320212908817e-28,1.6927118651841045e-34,3.8654184355829416e-29,4.80789151316831e-30,1.6585800532272042e-28,NaN,NaN,NaN,NaN,NaN,NaN
2025-06-11T20:48:52Z,39.98626118563278,-75.16881562132892,13.573340605857085,1.905540881891908,-3.097069401419484,-0.0017213322541208488,1.004119083597787,-0.23362398166193588,-1.1234959127721011,0.0,0.0,0.0,0.0,0.0,0.0,4.0047016891610764e-29,2.847787867847831e-28,8.20730885791946e-27,5.539775706914504e-28,1.4376989997652882e-28,3.4775824874726857e-34,1.956868083013852e-28,1.1093356479670547e-29,4.4373425918681625e-31,NaN,NaN,NaN,NaN,NaN,NaN
2025-06-11T20:48:53Z,39.98626118563278,-75.16881562132892,13.573340605857085,1.8695712361084884,-3.038613289241609,-0.0017101870157544667,1.0023709949199355,-0.2348855825376133,-1.1184151578378707,0.0,0.0,0.0,0.0,0.0,0.0,4.0047016891610764e-29,2.847787867847831e-28,8.20730885791946e-27,9.941619558047956e-28,1.3915506368098697e-27,2.048181356872742e-34,1.7749370367472875e-28,1.1093356479670406e-31,1.774937036747265e-30,NaN,NaN,NaN,NaN,NaN,NaN
2025-06-11T20:48:54Z,39.98626118563278,-75.16881562132892,13.573340605857085,1.8349343818887556,-2.982322976624524,-0.0016993662681504993,1.0026324873615065,-0.23712578934616557,-1.1135610535494018,0.0,0.0,0.0,0.0,0.0,0.0,4.0047016891610764e-29,2.847787867847831e-28,8.20730885791946e-27,4.543838814072998e-28,1.9721522630525275e-31,4.7019774032891453e-38,4.738095811983742e-29,1.1279016126309496e-29,6.389773332290141e-29,NaN,NaN,NaN,NaN,NaN,NaN
2025-06-11T20:48:55Z,39.98626118563278,-75.16881562132892,13.573340605857085,1.8015575903143297,-2.9280802884141037,-0.0016888528477621875,1.0028717112491208,-0.23928459792286,-1.1088811970246184,0.0,0.0,0.0,0.0,0.0,0.0,4.0047016891610764e-29,2.847787867847831e-28,8.20730885791946e-27,9.545216953174357e-29,1.7749370367472875e-28,1.4223481644949538e-34,1.232595164407822e-28,8.332343311397065e-30,4.4373425918681625e-31,NaN,NaN,NaN,NaN,NaN,NaN
2025-06-11T20:48:56Z,39.98626118563278,-75.16881562132892,13.573340605857085,1.769373329578754,-2.875775493390094,-0.001678630813469724,1.003090539899704,-0.24136631361498834,-1.1043663295366044,0.0,0.0,0.0,0.0,0.0,0.0,4.0047016891610764e-29,2.847787867847831e-28,8.20730885791946e-27,1.7162655069214755e-28,5.129568036199662e-28,6.093762714662686e-35,6.749691120297223e-29,9.836879783952205e-30,9.663546088957354e-30,NaN,NaN,NaN,NaN,NaN,NaN
2025-06-11T20:48:57Z,39.98626118563278,-75.16881562132892,13.573340605857085,1.738318808911673,-2.8253065633247147,-0.0016686853393095497,1.0032906676954383,-0.24337494713030686,-1.1000078398724686,0.0,0.0,0.0,0.0,0.0,0.0,4.0047016891610764e-29,2.847787867847831e-28,8.20730885791946e-27,1.5461673742331766e-28,2.699876448118889e-28,5.586419352847903e-34,1.956868083013852e-28,1.0545622003486747e-29,1.7798674174048944e-29,NaN,NaN,NaN,NaN,NaN,NaN
2025-06-11T20:48:58Z,39.98626118563278,-75.16881562132892,13.573340605857085,1.7083355697027849,-2.7765785087146617,-0.0016590026183090224,1.0034736295790183,-0.24531423898165594,-1.0957977084456256,0.0,0.0,0.0,0.0,0.0,0.0,4.0047016891610764e-29,2.847787867847831e-28,8.20730885791946e-27,5.644792814922142e-28,1.4376989997652882e-28,2.7878024024101388e-34,3.993608332681338e-30,9.491753137918112e-30,1.384943926728626e-28,NaN,NaN,NaN,NaN,NaN,NaN
2025-06-11T20:48:59Z,39.98626118563278,-75.16881562132892,13.573340605857085,1.6793691182224115,-2.7295027820879074,-0.0016495697761078534,1.0036408181548526,-0.24718768157421891,-1.0917284571238002,0.0,0.0,0.0,0.0,0.0,0.0,4.0047016891610764e-29,2.847787867847831e-28,8.20730885791946e-27,6.03971630559833e-29,8.59069525785677e-28,1.5817451984664957e-34,5.699520040221752e-29,9.321500930834129e-30,1.232595164407822e-28,NaN,NaN,NaN,NaN,NaN,NaN
2025-06-11T20:49:00Z,39.98626118563278,-75.16881562132892,13.573340605857085,1.651368595085292,-2.6839967409985257,-0.001640374793223106,1.0037934987228856,-0.24899853919179496,-1.0877931040991304,0.0,0.0,0.0,0.0,0.0,0.0,4.0047016891610764e-29,2.847787867847831e-28,8.20730885791946e-27,2.839899258795624e-29,8.59069525785677e-28,4.796487149095272e-34,1.2325951644078241e-30,2.0830858278492662e-30,1.6585800532272042e-28,NaN,NaN,NaN,NaN,NaN,NaN
2025-06-11T20:49:01Z,39.98626118563278,-75.16881562132892,13.573340605857085,1.6506968594994984,-2.683076950360819,-0.0016367138606708986,1.0053918190187001,-0.24990375702468487,-1.0877301622274613,0.0,0.0,0.0,0.0,0.0,0.0,4.0047016891610764e-29,2.847787867847831e-28,8.20730885791946e-27,8.077935669463153e-28,1.5461673742331766e-28,3.724436301145363e-34,1.089121087270745e-28,6.952607099237893e-30,0.0,NaN,NaN,NaN,NaN,NaN,NaN
2025-06-11T20:49:02Z,39.98626118563278,-75.16881562132892,13.573340605857085,1.6505423769348955,-2.68290556920174,-0.0016332305300641114,1.0054222656360112,-0.24992504347011643,-1.0877138771128139,0.0,0.0,0.0,0.0,0.0,0.0,4.0047016891610764e-29,2.847787867847831e-28,8.20730885791946e-27,2.99964359210287e-28,8.33234331139686e-28,2.1741943512808807e-34,1.384943926728626e-28,5.697671147475248e-30,3.332937324558826e-29,NaN,NaN,NaN,NaN,NaN,NaN
2025-06-11T20:49:03Z,39.98626118563278,-75.16881562132892,13.573340605857085,1.6502509894396022,-2.682886633292382,-0.0016295041491226048,1.0054286166104134,-0.24993570037342125,-1.0876984476279896,0.0,0.0,0.0,0.0,0.0,0.0,4.0047016891610764e-29,2.847787867847831e-28,8.20730885791946e-27,5.965760595733973e-30,1.232595164407822e-28,1.3710966107991106e-34,9.545216953174357e-29,9.321500930834333e-32,2.608171367887009e-29,NaN,NaN,NaN,NaN,NaN,NaN
2025-06-11T20:49:04Z,39.98626118563278,-75.16881562132892,13.573340605857085,1.6501055171890933,-2.6821389177676735,-0.0016264130865537726,1.005413806629981,-0.24993901216428255,-1.0876511298453484,0.0,0.0,0.0,0.0,0.0,0.0,4.0047016891610764e-29,2.847787867847831e-28,8.20730885791946e-27,1.3331749298235304e-28,2.5559093329160563e-28,1.8074401138243645e-34,1.4914401489334606e-28,1.0011754222902691e-29,1.1093356479670547e-29,NaN,NaN,NaN,NaN,NaN,NaN
2025-06-11T20:49:05Z,39.98626118563278,-75.16881562132892,13.573340605857085,1.6515613127491322,-2.6760466846969213,-0.0016285057100383356,1.0052495149608132,-0.24993430626817928,-1.0873849114543732,0.0,0.0,0.0,0.0,0.0,0.0,4.0047016891610764e-29,2.847787867847831e-28,8.20730885791946e-27,6.634320212908817e-28,9.663546088957328e-28,1.8662148313654442e-34,8.697191480061685e-29,7.248429938695734e-30,1.4376989997652882e-28,NaN,NaN,NaN,NaN,NaN,NaN
2025-06-11T20:49:06Z,39.98626118563278,-75.16881562132892,13.573340605857085,1.6541692147086817,-2.6702779972992996,-0.0016317658325204468,1.005157199337396,-0.2500534095973033,-1.0871700858084368,0.0,0.0,0.0,0.0,0.0,0.0,4.0047016891610764e-29,2.847787867847831e-28,8.20730885791946e-27,1.6018806756644305e-28,1.0432685471548036e-28,4.154667233546238e-34,3.3965392350422503e-28,3.355740335100301e-30,1.3331749298235304e-28,NaN,NaN,NaN,NaN,NaN,NaN
2025-06-11T20:49:07Z,39.98626118563278,-75.16881562132892,13.573340605857085,1.6572777135540657,-2.6665166035821106,-0.0016343890217336567,1.0050919678649533,-0.25015694847608955,-1.0870869430562555,0.0,0.0,0.0,0.0,0.0,0.0,4.0047016891610764e-29,2.847787867847831e-28,8.20730885791946e-27,1.7162655069214755e-28,2.5559093329160563e-28,3.4775824874726857e-34,0.0,5.965760595733973e-30,6.03971630559833e-29,NaN,NaN,NaN,NaN,NaN,NaN
2025-06-11T20:49:08Z,39.98626118563278,-75.16881562132892,13.573340605857085,1.66059058751887,-2.663976688336191,-0.001636503816697759,1.0050142237266455,-0.2502044884983977,-1.0870854834636896,0.0,0.0,0.0,0.0,0.0,0.0,4.0047016891610764e-29,2.847787867847831e-28,8.20730885791946e-27,1.3331749298235304e-28,2.279808016088701e-28,2.5056837582127915e-34,7.888609052210074e-29,1.0011754222902691e-29,5.369184536160481e-29,NaN,NaN,NaN,NaN,NaN,NaN
2025-06-11T20:49:09Z,39.98626118563278,-75.16881562132892,13.573340605857085,1.665795489966072,-2.6603791602018476,-0.0016414904329500595,1.004883456859286,-0.2501736560086337,-1.0871241756343681,0.0,0.0,0.0,0.0,0.0,0.0,4.0047016891610764e-29,2.847787867847831e-28,8.20730885791946e-27,1.424880010055438e-29,1.0509599409806944e-27,1.4745401136714712e-34,9.984020831703524e-29,6.240013019814702e-30,1.384943926728626e-28,NaN,NaN,NaN,NaN,NaN,NaN
2025-06-11T20:49:10Z,39.98626118563278,-75.16881562132892,13.573340605857085,1.670465933840003,-2.6572227464426676,-0.0016455587257770403,1.0047322086618617,-0.2502039417411648,-1.0871462229691469,0.0,0.0,0.0,0.0,0.0,0.0,4.0047016891610764e-29,2.847787867847831e-28,8.20730885791946e-27,8.287969885478241e-29,2.415886522239332e-28,1.2714146898494056e-34,9.663546088957354e-30,8.332343311397065e-30,5.0487097934144705e-29,NaN,NaN,NaN,NaN,NaN,NaN
2025-06-11T20:49:11Z,39.98626118563278,-75.16881562132892,13.573340605857085,1.678293969050643,-2.652119055707304,-0.0016545077687493287,1.004540762194814,-0.250136183139895,-1.0872252235147226,0.0,0.0,0.0,0.0,0.0,0.0,4.0047016891610764e-29,2.847787867847831e-28,8.20730885791946e-27,6.389773332290141e-29,5.699520040221752e-29,4.701977403289124e-36,3.081487911019555e-29,9.663546088957354e-30,2.3863042382935893e-29,NaN,NaN,NaN,NaN,NaN,NaN
2025-06-11T20:49:12Z,39.98626118563278,-75.16881562132892,13.573340605857085,1.68887299100891,-2.6455150966796093,-0.0016675604320672568,1.0042652108224472,-0.2500818589136467,-1.08733711144585,0.0,0.0,0.0,0.0,0.0,0.0,4.0047016891610764e-29,2.847787867847831e-28,8.20730885791946e-27,2.847787867847831e-28,1.232595164407822e-28,2.3039689276116677e-34,1.4914401489334606e-28,7.39865247435803e-30,1.4376989997652882e-28,NaN,NaN,NaN,NaN,NaN,NaN
2025-06-11T20:49:13Z,39.98626118563278,-75.16881562132892,13.573340605857085,1.6980820911826833,-2.6398261331043735,-0.0016784018641486523,1.0039650516672765,-0.25013087642489656,-1.0874099150908132,0.0,0.0,0.0,0.0,0.0,0.0,4.0047016891610764e-29,2.847787867847831e-28,8.20730885791946e-27,2.847787867847831e-28,1.4376989997652882e-28,1.925929944387234e-34,7.499108980257175e-29,6.520428419717522e-30,1.2325951644078241e-30,NaN,NaN,NaN,NaN,NaN,NaN
2025-06-11T20:49:14Z,39.98626118563278,-75.16881562132892,13.573340605857085,1.7170713545278493,-2.6275677330673113,-0.001704597895027852,1.0035243314341078,-0.2498925822931306,-1.087626182747582,0.0,0.0,0.0,0.0,0.0,0.0,4.0047016891610764e-29,2.847787867847831e-28,8.20730885791946e-27,3.3151879541912963e-28,1.4376989997652882e-28,1.3710966107991106e-34,1.4914401489334606e-28,2.5915313331675066e-30,9.663546088957354e-30,NaN,NaN,NaN,NaN,NaN,NaN
2025-06-11T20:49:15Z,39.98626118563278,-75.16881562132892,13.573340605857085,1.7346107376741027,-2.616388770661383,-0.0017283466459519343,1.0029669578313505,-0.24996645098419376,-1.0877530822754722,0.0,0.0,0.0,0.0,0.0,0.0,4.0047016891610764e-29,2.847787867847831e-28,8.20730885791946e-27,5.750795999061153e-28,1.5974433330725352e-29,1.175494350822279e-34,6.389773332290141e-29,1.619707083229668e-29,1.5461673742331766e-28,NaN,NaN,NaN,NaN,NaN,NaN
2025-06-11T20:49:16Z,39.98626118563278,-75.16881562132892,13.573340605857085,1.7421763805013735,-2.6113476109852383,-0.001736694375512881,1.002575445523535,-0.25025219274851607,-1.0877246940240177,0.0,0.0,0.0,0.0,0.0,0.0,4.0047016891610764e-29,2.847787867847831e-28,8.20730885791946e-27,2.7733391199176604e-28,7.888609052210074e-29,5.435485878202202e-35,1.4376989997652882e-28,3.562200025138595e-30,1.956868083013852e-28,NaN,NaN,NaN,NaN,NaN,NaN
2025-06-11T20:49:17Z,39.98626118563278,-75.16881562132892,13.573340605857085,1.7522442367912336,-2.604498922532718,-0.0017489996992231197,1.002296061232858,-0.2502082355677194,-1.0877985640628116,0.0,0.0,0.0,0.0,0.0,0.0,4.0047016891610764e-29,2.847787867847831e-28,8.20730885791946e-27,2.1476738144641925e-28,4.7351375835891395e-28,1.4223481644949538e-34,7.888609052210074e-29,1.4914401489334933e-30,2.1476738144641925e-28,NaN,NaN,NaN,NaN,NaN,NaN
2025-06-11T20:49:18Z,39.98626118563278,-75.16881562132892,13.573340605857085,1.7656462278192386,-2.5954673057756423,-0.001766429115806481,1.001929231700969,-0.25015310820642866,-1.0879011777871066,0.0,0.0,0.0,0.0,0.0,0.0,4.0047016891610764e-29,2.847787867847831e-28,8.20730885791946e-27,1.6585800532272042e-28,4.437342591868219e-29,5.689392657979815e-34,1.6018806756644305e-28,1.467096394436395e-29,1.7798674174048944e-29,NaN,NaN,NaN,NaN,NaN,NaN
2025-06-11T20:49:19Z,39.98626118563278,-75.16881562132892,13.573340605857085,1.773374130958718,-2.5907482986648263,-0.0017746475020414155,1.0016212164105656,-0.2503334268322592,-1.0879289960389271,0.0,0.0,0.0,0.0,0.0,0.0,4.0047016891610764e-29,2.847787867847831e-28,8.20730885791946e-27,4.543838814072998e-28,1.4248800100554483e-27,4.796487149095272e-34,2.1742978700154214e-29,2.0830858278492662e-30,1.5974433330725352e-29,NaN,NaN,NaN,NaN,NaN,NaN
2025-06-11T20:49:20Z,39.98626118563278,-75.16881562132892,13.573340605857085,1.7895326722771263,-2.580886423112292,-0.0017956395587782597,1.001264784146847,-0.25012480395132847,-1.0881456832980738,0.0,0.0,0.0,0.0,0.0,0.0,4.0047016891610764e-29,2.847787867847831e-28,8.20730885791946e-27,5.029481308849724e-28,3.332937324558826e-29,1.6974138425873703e-35,2.608171367887009e-29,7.39865247435803e-30,7.499108980257175e-29,NaN,NaN,NaN,NaN,NaN,NaN
2025-06-11T20:49:21Z,39.98626118563278,-75.16881562132892,13.573340605857085,1.8013664433305128,-2.573610656822421,-0.0018100219619486529,1.0008358147235976,-0.2502512386242897,-1.088222307821978,0.0,0.0,0.0,0.0,0.0,0.0,4.0047016891610764e-29,2.847787867847831e-28,8.20730885791946e-27,3.646509534384159e-28,9.119232064354803e-28,4.243534606468441e-34,1.7749370367472875e-28,5.4357446750385534e-30,3.332937324558826e-29,NaN,NaN,NaN,NaN,NaN,NaN
2025-06-11T20:49:22Z,39.98626118563278,-75.16881562132892,13.573340605857085,1.8131159221935136,-2.5662622696341066,-0.0018242924797727083,1.0004738030522726,-0.2502666412972175,-1.088323031558375,0.0,0.0,0.0,0.0,0.0,0.0,4.0047016891610764e-29,2.847787867847831e-28,8.20730885791946e-27,4.930380657631288e-28,4.35648434908298e-28,3.08496737429798e-34,5.369184536160481e-29,8.332343311397065e-30,2.485404889511989e-28,NaN,NaN,NaN,NaN,NaN,NaN
2025-06-11T20:49:23Z,39.98626118563278,-75.16881562132892,13.573340605857085,1.8248103979031434,-2.559204007056061,-0.0018382722585790613,1.0001242601761242,-0.2502837413987873,-1.088437354107921,0.0,0.0,0.0,0.0,0.0,0.0,4.0047016891610764e-29,2.847787867847831e-28,8.20730885791946e-27,1.5974433330725352e-29,6.634320212908817e-28,3.558926696549505e-34,7.499108980257175e-29,1.0011754222902691e-29,9.984020831703524e-29,NaN,NaN,NaN,NaN,NaN,NaN
2025-06-11T20:49:24Z,39.98626118563278,-75.16881562132892,13.573340605857085,1.8371708897813637,-2.551324297385307,-0.0018534436940502988,0.9997481829434129,-0.2502768582420811,-1.0885411004563026,0.0,0.0,0.0,0.0,0.0,0.0,4.0047016891610764e-29,2.847787867847831e-28,8.20730885791946e-27,3.9053545189098003e-28,1.9721522630525186e-29,2.238611441705925e-34,7.888609052210074e-29,8.905500062846488e-31,5.369184536160481e-29,NaN,NaN,NaN,NaN,NaN,NaN
2025-06-11T20:49:25Z,39.98626118563278,-75.16881562132892,13.573340605857085,1.8466009201327154,-2.5452471335282487,-0.0018641388263838034,0.9994123815614219,-0.2503735594622798,-1.0885895024538068,0.0,0.0,0.0,0.0,0.0,0.0,4.0047016891610764e-29,2.847787867847831e-28,8.20730885791946e-27,5.332699719294121e-28,4.35648434908298e-28,3.317715255760836e-34,2.5205338516975905e-28,8.655899542053913e-30,1.7798674174048944e-29,NaN,NaN,NaN,NaN,NaN,NaN
2025-06-11T20:49:26Z,39.98626118563278,-75.16881562132892,13.573340605857085,1.8538940595077935,-2.5406452502545123,-0.0018714837567049628,0.9991591560123461,-0.25044622027428803,-1.088633220098806,0.0,0.0,0.0,0.0,0.0,0.0,4.0047016891610764e-29,2.847787867847831e-28,8.20730885791946e-27,4.6389951607652695e-28,2.415886522239332e-28,1.4223481644949538e-34,1.4914401489334606e-28,2.1228370219014065e-29,2.4158865222393385e-30,NaN,NaN,NaN,NaN,NaN,NaN
2025-06-11T20:49:27Z,39.98626118563278,-75.16881562132892,13.573340605857085,1.8611333656029256,-2.535996350612465,-0.0018787655835064657,0.9989348917040832,-0.25045920134030875,-1.0886882046265283,0.0,0.0,0.0,0.0,0.0,0.0,4.0047016891610764e-29,2.847787867847831e-28,8.20730885791946e-27,1.1093356479670642e-27,3.9936083326814095e-28,1.175494350822279e-34,1.112417135878063e-28,7.703719777548901e-32,9.663546088957354e-30,NaN,NaN,NaN,NaN,NaN,NaN
2025-06-11T20:49:28Z,39.98626118563278,-75.16881562132892,13.573340605857085,1.876861365072733,-2.526467393129231,-0.0018985364227346838,0.9985990480531242,-0.2502545397006827,-1.088904444878963,0.0,0.0,0.0,0.0,0.0,0.0,4.0047016891610764e-29,2.847787867847831e-28,8.20730885791946e-27,8.721350345284119e-28,2.839899258795624e-29,3.686350284178678e-35,6.933347799794151e-29,1.2621774483536176e-29,1.7798674174048944e-29,NaN,NaN,NaN,NaN,NaN,NaN
2025-06-11T20:49:29Z,39.98626118563278,-75.16881562132892,13.573340605857085,1.8882273588321143,-2.5195282250703794,-0.001911762005618001,0.9981840742086907,-0.25037984458462204,-1.088979386014274,0.0,0.0,0.0,0.0,0.0,0.0,4.0047016891610764e-29,2.847787867847831e-28,8.20730885791946e-27,7.88860905221011e-31,3.8654184355829416e-29,1.749605791763887e-34,4.1464501330680106e-29,6.807006795442157e-30,8.332343311397065e-30,NaN,NaN,NaN,NaN,NaN,NaN
2025-06-11T20:49:30Z,39.98626118563278,-75.16881562132892,13.573340605857085,1.9048866936527489,-2.5092228812674766,-0.0019328980242461203,0.9977585330393307,-0.25025583612325375,-1.0891694676873167,0.0,0.0,0.0,0.0,0.0,0.0,4.0047016891610764e-29,2.847787867847831e-28,8.20730885791946e-27,5.750795999061153e-28,1.6692296754476857e-27,7.151707630402732e-35,1.1597487901913174e-28,1.2230425518836575e-29,6.03971630559833e-29,NaN,NaN,NaN,NaN,NaN,NaN
2025-06-11T20:49:31Z,39.98626118563278,-75.16881562132892,13.573340605857085,1.9177428577378899,-2.5016616309902715,-0.0019480531461175653,0.9973200437367444,-0.2503724556084349,-1.0892780811297087,0.0,0.0,0.0,0.0,0.0,0.0,4.0047016891610764e-29,2.847787867847831e-28,8.20730885791946e-27,1.0223637331664225e-27,9.941619558047956e-28,7.703719777548936e-34,4.449668543512236e-30,1.2621774483536176e-29,7.499108980257175e-29,NaN,NaN,NaN,NaN,NaN,NaN
2025-06-11T20:49:32Z,39.98626118563278,-75.16881562132892,13.573340605857085,1.9356691307759464,-2.4908793620675125,-0.00197074386486575,0.9968563131314992,-0.25024741046870463,-1.0894958340729959,0.0,0.0,0.0,0.0,0.0,0.0,4.0047016891610764e-29,2.847787867847831e-28,8.20730885791946e-27,2.9232226919096137e-28,4.930380657631288e-28,6.770847460736418e-34,7.308056729774034e-29,1.1845239529959355e-29,2.608171367887009e-29,NaN,NaN,NaN,NaN,NaN,NaN
2025-06-11T20:49:33Z,39.98626118563278,-75.16881562132892,13.573340605857085,1.9476297631454302,-2.483440386132297,-0.0019846844406107064,0.9963919901013897,-0.2504143180939848,-1.089556945592146,0.0,0.0,0.0,0.0,0.0,0.0,4.0047016891610764e-29,2.847787867847831e-28,8.20730885791946e-27,2.5559093329160563e-28,1.7749370367472875e-28,4.154667233546238e-34,4.1464501330680106e-29,8.014950056561973e-30,0.0,NaN,NaN,NaN,NaN,NaN,NaN
2025-06-11T20:49:34Z,39.98626118563278,-75.16881562132892,13.573340605857085,1.9569505903914177,-2.4775840248433667,-0.0019946860398612045,0.9960653211953687,-0.25049793628069084,-1.0896156637101415,0.0,0.0,0.0,0.0,0.0,0.0,4.0047016891610764e-29,2.847787867847831e-28,8.20730885791946e-27,1.1093356479670642e-27,4.543838814072998e-28,3.161609605971619e-34,4.586486606761524e-29,5.2077145696231654e-31,3.646509534384159e-28,NaN,NaN,NaN,NaN,NaN,NaN
2025-06-11T20:49:35Z,39.98626118563278,-75.16881562132892,13.573340605857085,1.985001638147134,-2.4598960414153264,-0.002032503608510847,0.9954965841835354,-0.250033476599114,-1.0899904305799137,0.0,0.0,0.0,0.0,0.0,0.0,4.0047016891610764e-29,2.847787867847831e-28,8.20730885791946e-27,1.5461673742331766e-28,1.1692890767638455e-27,7.523163845262598e-35,0.0,1.6301071049293806e-30,5.0487097934144705e-29,NaN,NaN,NaN,NaN,NaN,NaN
2025-06-11T20:49:36Z,39.98626118563278,-75.16881562132892,13.573340605857085,2.010777811988457,-2.443560317857926,-0.0020668463314908875,0.9946704100492293,-0.25013653982588546,-1.0901819582908685,0.0,0.0,0.0,0.0,0.0,0.0,4.0047016891610764e-29,2.847787867847831e-28,8.20730885791946e-27,3.818086781269743e-28,8.077935669463153e-28,1.6927118651841045e-34,1.8046425802095194e-28,6.240013019814702e-30,3.081487911019555e-29,NaN,NaN,NaN,NaN,NaN,NaN
2025-06-11T20:49:37Z,39.98626118563278,-75.16881562132892,13.573340605857085,2.0269514461438893,-2.4338476621204292,-0.002086512038373702,0.9940441851491423,-0.25042389143999677,-1.0902696678642032,0.0,0.0,0.0,0.0,0.0,0.0,4.0047016891610764e-29,2.847787867847831e-28,8.20730885791946e-27,1.3331749298235304e-28,9.663546088957354e-30,2.048181356872742e-34,2.663514890768853e-28,6.807006795442157e-30,9.984020831703524e-29,NaN,NaN,NaN,NaN,NaN,NaN
2025-06-11T20:49:38Z,39.98626118563278,-75.16881562132892,13.573340605857085,2.038723666625906,-2.4272236479916556,-0.002099418034965649,0.9936322480719181,-0.2505473165084551,-1.090379710716429,0.0,0.0,0.0,0.0,0.0,0.0,4.0047016891610764e-29,2.847787867847831e-28,8.20730885791946e-27,1.3260751816765185e-27,9.389416924392928e-28,1.0579449157400743e-33,1.4914401489334606e-28,8.655899542053913e-30,4.738095811983742e-29,NaN,NaN,NaN,NaN,NaN,NaN
2025-06-11T20:49:39Z,39.98626118563278,-75.16881562132892,13.573340605857085,2.058678825194196,-2.415915647274176,-0.002124073243716838,0.9931733271893377,-0.25033261348643476,-1.090680602306521,0.0,0.0,0.0,0.0,0.0,0.0,4.0047016891610764e-29,2.847787867847831e-28,8.20730885791946e-27,3.818086781269743e-28,9.545216953174357e-29,1.925929944387234e-34,1.208066520636117e-28,6.933347799794092e-31,1.3331749298235304e-28,NaN,NaN,NaN,NaN,NaN,NaN
2025-06-11T20:49:40Z,39.98626118563278,-75.16881562132892,13.573340605857085,2.076092426520076,-2.4066560836285498,-0.0021446382680486314,0.9926312319231626,-0.2503915822194809,-1.0909051635433573,0.0,0.0,0.0,0.0,0.0,0.0,4.0047016891610764e-29,2.847787867847831e-28,8.20730885791946e-27,2.3863042382935893e-29,1.5621418075639201e-27,3.4775824874726857e-34,2.7733391199176368e-30,5.4357446750385534e-30,1.2823920090499156e-28,NaN,NaN,NaN,NaN,NaN,NaN
2025-06-11T20:49:41Z,39.98626118563278,-75.16881562132892,13.573340605857085,2.0885104528847243,-2.400391347984116,-0.002157871945615223,0.992190898549361,-0.25049807515951256,-1.0910624661299746,0.0,0.0,0.0,0.0,0.0,0.0,4.0047016891610764e-29,2.847787867847831e-28,8.20730885791946e-27,4.437342591868219e-29,4.9303806576312965e-30,4.3333423748712524e-34,1.4914401489334606e-28,2.7733391199176368e-30,2.3863042382935893e-29,NaN,NaN,NaN,NaN,NaN,NaN
2025-06-11T20:49:42Z,39.98626118563278,-75.16881562132892,13.573340605857085,2.0996357318256575,-2.395138978775766,-0.0021690472451385413,0.9918565000924412,-0.25050537900866476,-1.0912477488754946,0.0,0.0,0.0,0.0,0.0,0.0,4.0047016891610764e-29,2.847787867847831e-28,8.20730885791946e-27,1.3331749298235304e-28,9.545216953174357e-29,9.94938418535999e-35,2.485404889511989e-28,1.5099290763995866e-31,1.774937036747265e-30,NaN,NaN,NaN,NaN,NaN,NaN
2025-06-11T20:49:43Z,39.98626118563278,-75.16881562132892,13.573340605857085,2.100325233095709,-2.3948543067231443,-0.002165816242302464,0.9916462838282378,-0.25074370892605335,-1.091188003057257,0.0,0.0,0.0,0.0,0.0,0.0,4.0047016891610764e-29,2.847787867847831e-28,8.20730885791946e-27,6.865062027685902e-28,4.9303806576312965e-30,3.4775824874726857e-34,1.112417135878063e-28,2.4158865222393385e-30,1.9721522630525186e-29,NaN,NaN,NaN,NaN,NaN,NaN
2025-06-11T20:49:44Z,39.98626118563278,-75.16881562132892,13.573340605857085,2.1012882007080687,-2.394627783261989,-0.002162867002228418,0.9916310046547301,-0.2507326339301733,-1.091219854249971,0.0,0.0,0.0,0.0,0.0,0.0,4.0047016891610764e-29,2.847787867847831e-28,8.20730885791946e-27,1.5461673742331766e-28,7.827472332055408e-28,4.231779662960261e-35,1.2823920090499156e-28,2.7733391199176016e-32,5.965760595733973e-30,NaN,NaN,NaN,NaN,NaN,NaN
2025-06-11T20:49:45Z,39.98626118563278,-75.16881562132892,13.573340605857085,2.10168042323399,-2.3946231625554844,-0.002159174500370461,0.9916114828089319,-0.2507379659104681,-1.0912335827021686,0.0,0.0,0.0,0.0,0.0,0.0,4.0047016891610764e-29,2.847787867847831e-28,8.20730885791946e-27,4.7351375835891395e-28,3.3151879541912963e-28,6.093762714662686e-35,4.586486606761524e-29,2.7733391199176368e-30,1.6018806756644305e-28,NaN,NaN,NaN,NaN,NaN,NaN
2025-06-11T20:49:46Z,39.98626118563278,-75.16881562132892,13.573340605857085,2.1028293246807612,-2.3947032108822053,-0.002156281519930849,0.9916094145005471,-0.2507104285424232,-1.0912945145054378,0.0,0.0,0.0,0.0,0.0,0.0,4.0047016891610764e-29,2.847787867847831e-28,8.20730885791946e-27,2.0194839173657882e-28,1.2621774483536176e-29,4.701977403289124e-36,6.933347799794151e-29,8.655899542053913e-30,3.8654184355829416e-29,NaN,NaN,NaN,NaN,NaN,NaN
2025-06-11T20:49:47Z,39.98626118563278,-75.16881562132892,13.573340605857085,2.1038456779679757,-2.394569142426863,-0.002153374019531229,0.9915777556880627,-0.25069307180277034,-1.0913327233490357,0.0,0.0,0.0,0.0,0.0,0.0,4.0047016891610764e-29,2.847787867847831e-28,8.20730885791946e-27,4.930380657631288e-28,1.0432685471548036e-28,1.6927118651841045e-34,1.384943926728626e-28,9.321500930834129e-30,1.1837843958972849e-28,NaN,NaN,NaN,NaN,NaN,NaN
2025-06-11T20:49:48Z,39.98626118563278,-75.16881562132892,13.573340605857085,2.1059633765500614,-2.394130793376101,-0.0021518558412550776,0.9915492354779658,-0.25065061526093096,-1.0914102434268182,0.0,0.0,0.0,0.0,0.0,0.0,4.0047016891610764e-29,2.847787867847831e-28,8.20730885791946e-27,5.965760595733843e-28,5.0487097934144705e-29,1.6927118651841045e-34,3.5942474994132205e-29,1.9721522630525186e-29,1.384943926728626e-28,NaN,NaN,NaN,NaN,NaN,NaN
2025-06-11T20:49:49Z,39.98626118563278,-75.16881562132892,13.573340605857085,2.1110454153622613,-2.3930687384728198,-0.0021539369881448385,0.9914901532606839,-0.2505486484551159,-1.0915969738691318,0.0,0.0,0.0,0.0,0.0,0.0,4.0047016891610764e-29,2.847787867847831e-28,8.20730885791946e-27,6.1846694969327065e-28,1.9721522630525275e-31,2.3039689276116677e-34,3.7286003723336516e-29,1.5099290763995866e-31,4.437342591868219e-29,NaN,NaN,NaN,NaN,NaN,NaN
2025-06-11T20:49:50Z,39.98626118563278,-75.16881562132892,13.573340605857085,2.11187362496572,-2.392766209493523,-0.00215093882011181,0.9913662593401995,-0.2506090452895157,-1.091590396818059,0.0,0.0,0.0,0.0,0.0,0.0,4.0047016891610764e-29,2.847787867847831e-28,8.20730885791946e-27,3.332937324558826e-29,1.0509599409806944e-27,9.94938418535999e-35,2.959460989743212e-29,6.520428419717522e-30,1.8345946427046095e-28,NaN,NaN,NaN,NaN,NaN,NaN
2025-06-11T20:49:51Z,39.98626118563278,-75.16881562132892,13.573340605857085,2.11470113353168,-2.391833851086404,-0.0021504829734374648,0.9913338814900781,-0.2505509625927005,-1.0916771632995859,0.0,0.0,0.0,0.0,0.0,0.0,4.0047016891610764e-29,2.847787867847831e-28,8.20730885791946e-27,1.1391151471391324e-27,1.5974433330725352e-29,5.435485878202202e-35,1.988052740673364e-28,7.703719777548901e-32,2.608171367887009e-29,NaN,NaN,NaN,NaN,NaN,NaN
2025-06-11T20:49:52Z,39.98626118563278,-75.16881562132892,13.573340605857085,2.117170998186172,-2.3910716285441915,-0.0021495449992616354,0.9912623385179952,-0.2505401282062143,-1.0917418976784516,0.0,0.0,0.0,0.0,0.0,0.0,4.0047016891610764e-29,2.847787867847831e-28,8.20730885791946e-27,5.699520040221752e-29,2.3863042382935893e-29,8.29428813940209e-35,3.462359816821565e-29,3.993608332681338e-30,1.424880010055438e-29,NaN,NaN,NaN,NaN,NaN,NaN
2025-06-11T20:49:53Z,39.98626118563278,-75.16881562132892,13.573340605857085,2.1203064067976425,-2.390113258283296,-0.002149442430316459,0.9911942474179926,-0.2505033694273303,-1.091832189319359,0.0,0.0,0.0,0.0,0.0,0.0,4.0047016891610764e-29,2.847787867847831e-28,8.20730885791946e-27,1.8952383247934968e-28,6.865062027685902e-28,9.750020343460298e-34,8.491348087605626e-29,1.923156605267324e-29,3.993608332681338e-30,NaN,NaN,NaN,NaN,NaN,NaN
2025-06-11T20:49:54Z,39.98626118563278,-75.16881562132892,13.573340605857085,2.1264028870437586,-2.38876013384243,-0.0021527698002526637,0.9911126018579771,-0.25039903610282965,-1.0920470766351729,0.0,0.0,0.0,0.0,0.0,0.0,4.0047016891610764e-29,2.847787867847831e-28,8.20730885791946e-27,5.129568036199662e-28,8.697191480061685e-29,2.860683052161093e-34,2.608171367887009e-29,1.1093356479670406e-31,5.699520040221752e-29,NaN,NaN,NaN,NaN,NaN,NaN
2025-06-11T20:49:55Z,39.98626118563278,-75.16881562132892,13.573340605857085,2.129155791949774,-2.387833341987673,-0.0021522301142872157,0.990955590580274,-0.2504271376281299,-1.0920972320595734,0.0,0.0,0.0,0.0,0.0,0.0,4.0047016891610764e-29,2.847787867847831e-28,8.20730885791946e-27,4.437342591868219e-29,1.9721522630525186e-29,1.086344859255917e-33,4.1464501330680106e-29,1.8747772450642938e-29,5.0487097934144705e-29,NaN,NaN,NaN,NaN,NaN,NaN
2025-06-11T20:49:56Z,39.98626118563278,-75.16881562132892,13.573340605857085,2.1314144385621088,-2.3866204956296957,-0.002151316263384601,0.9908710132186549,-0.2504224542991899,-1.0921265647633709,0.0,0.0,0.0,0.0,0.0,0.0,4.0047016891610764e-29,2.847787867847831e-28,8.20730885791946e-27,1.5974433330725352e-29,2.839899258795624e-29,1.8074401138243645e-34,3.5942474994132205e-29,1.923156605267324e-29,1.6585800532272042e-28,NaN,NaN,NaN,NaN,NaN,NaN
2025-06-11T20:49:57Z,39.98626118563278,-75.16881562132892,13.573340605857085,2.1326831853994253,-2.3860225382705362,-0.0021489998412517653,0.9908201014043732,-0.25044521710478407,-1.0921416097754402,0.0,0.0,0.0,0.0,0.0,0.0,4.0047016891610764e-29,2.847787867847831e-28,8.20730885791946e-27,1.5461673742331766e-28,3.3151879541912963e-28,1.0833355937178131e-34,3.155443620884044e-30,1.1093356479670547e-29,3.5942474994132205e-29,NaN,NaN,NaN,NaN,NaN,NaN
2025-06-11T20:49:58Z,39.98626118563278,-75.16881562132892,13.573340605857085,2.1378193472433344,-2.384482212012704,-0.0021513725126680408,0.990772659336017,-0.25033820379696803,-1.092308826238618,0.0,0.0,0.0,0.0,0.0,0.0,4.0047016891610764e-29,2.847787867847831e-28,8.20730885791946e-27,8.697191480061685e-29,1.7798674174049007e-27,6.547033336339857e-34,2.736484524501805e-28,1.9721522630525275e-31,4.9303806576312965e-30,NaN,NaN,NaN,NaN,NaN,NaN
2025-06-11T20:49:59Z,39.98626118563278,-75.16881562132892,13.573340605857085,2.143787236419973,-2.3829073387068975,-0.0021546488571433037,0.9906397281237519,-0.25027480130188573,-1.0924916958805342,0.0,0.0,0.0,0.0,0.0,0.0,4.0047016891610764e-29,2.847787867847831e-28,8.20730885791946e-27,1.4376989997652882e-28,1.7749370367472875e-28,5.0856587593976225e-34,1.112417135878063e-28,1.923156605267324e-29,3.5942474994132205e-29,NaN,NaN,NaN,NaN,NaN,NaN
2025-06-11T20:50:00Z,39.98626118563278,-75.16881562132892,13.573340605857085,2.144067030687175,-2.3828157892378035,-0.0021510013996704947,0.9905053372061814,-0.25037260444223486,-1.092462350972423,0.0,0.0,0.0,0.0,0.0,0.0,4.0047016891610764e-29,2.847787867847831e-28,8.20730885791946e-27,1.1391151471391324e-27,1.774937036747265e-30,3.686350284178678e-35,2.9613098824898394e-28,1.923156605267324e-29,7.888609052210074e-29,NaN,NaN,NaN,NaN,NaN,NaN
2025-06-11T20:50:01Z,39.98626118563278,-75.16881562132892,13.573340605857085,2.145268231998236,-2.382193292602083,-0.0021486438334636614,0.9904863424058507,-0.25034672652887047,-1.0924872161909938,0.0,0.0,0.0,0.0,0.0,0.0,4.0047016891610764e-29,2.847787867847831e-28,8.20730885791946e-27,9.663546088957328e-28,7.580953299173987e-28,3.161609605971619e-34,5.369184536160481e-29,1.1093356479670547e-29,6.03971630559833e-29,NaN,NaN,NaN,NaN,NaN,NaN
2025-06-11T20:50:02Z,39.98626118563278,-75.16881562132892,13.573340605857085,2.1455781712800173,-2.3820542551857122,-0.0021450790705092896,0.9904632054794628,-0.2503676206047667,-1.092486723950282,0.0,0.0,0.0,0.0,0.0,0.0,4.0047016891610764e-29,2.847787867847831e-28,8.20730885791946e-27,3.332937324558826e-29,4.930380657631288e-28,1.0833355937178131e-34,6.933347799794151e-29,1.3422961340401203e-29,5.369184536160481e-29,NaN,NaN,NaN,NaN,NaN,NaN
2025-06-11T20:50:03Z,39.98626118563278,-75.16881562132892,13.573340605857085,2.1464486892684667,-2.3817708481847957,-0.0021422038658389167,0.9904533492079948,-0.2503513793062657,-1.0925132918365705,0.0,0.0,0.0,0.0,0.0,0.0,4.0047016891610764e-29,2.847787867847831e-28,8.20730885791946e-27,6.865062027685902e-28,5.332699719294121e-28,6.326980793865983e-34,4.9303806576312965e-30,2.9613098824898387e-30,9.663546088957354e-30,NaN,NaN,NaN,NaN,NaN,NaN
2025-06-11T20:50:04Z,39.98626118563278,-75.16881562132892,13.573340605857085,2.148353394475262,-2.381157913643952,-0.0021406191614398978,0.9904252397551965,-0.25031761066510333,-1.0925706150552714,0.0,0.0,0.0,0.0,0.0,0.0,4.0047016891610764e-29,2.847787867847831e-28,8.20730885791946e-27,9.119232064354803e-28,1.2939290997887515e-27,2.574802826041116e-34,1.4376989997652882e-28,5.1799811784239004e-30,1.6585800532272042e-28,NaN,NaN,NaN,NaN,NaN,NaN
2025-06-11T20:50:05Z,39.98626118563278,-75.16881562132892,13.573340605857085,2.1515817763918235,-2.379982126106889,-0.002140751988605665,0.9903634435299883,-0.25026900384955075,-1.0926572146526428,0.0,0.0,0.0,0.0,0.0,0.0,4.0047016891610764e-29,2.847787867847831e-28,8.20730885791946e-27,3.8654184355829416e-29,1.8952383247934968e-28,7.229760455297458e-34,5.369184536160481e-29,4.449668543512236e-30,6.749691120297223e-29,NaN,NaN,NaN,NaN,NaN,NaN
2025-06-11T20:50:06Z,39.98626118563278,-75.16881562132892,13.573340605857085,2.1552572740007725,-2.379261552166909,-0.002141112016056073,0.9902922000342552,-0.25023581850040577,-1.0927827297935455,0.0,0.0,0.0,0.0,0.0,0.0,4.0047016891610764e-29,2.847787867847831e-28,8.20730885791946e-27,5.699520040221752e-29,9.119232064354803e-28,2.708338984294533e-35,3.993608332681338e-30,8.905500062846488e-31,1.0432685471548036e-28,NaN,NaN,NaN,NaN,NaN,NaN
2025-06-11T20:50:07Z,39.98626118563278,-75.16881562132892,13.573340605857085,2.166026167195696,-2.3773365043553056,-0.002149630665746108,0.9901943647271721,-0.25000505729214534,-1.0932016228081285,0.0,0.0,0.0,0.0,0.0,0.0,4.0047016891610764e-29,2.847787867847831e-28,8.20730885791946e-27,3.1554436208840297e-28,7.09974814698906e-30,9.94938418535999e-35,6.213512223779972e-29,5.965760595733973e-30,5.369184536160481e-29,NaN,NaN,NaN,NaN,NaN,NaN
2025-06-11T20:50:08Z,39.98626118563278,-75.16881562132892,13.573340605857085,2.170339357466681,-2.3769484159944514,-0.0021504675841540603,0.9899438118480554,-0.2500543879540988,-1.0933330802011025,0.0,0.0,0.0,0.0,0.0,0.0,4.0047016891610764e-29,2.847787867847831e-28,8.20730885791946e-27,3.332937324558826e-29,2.839899258795624e-29,1.2714146898494056e-34,3.5942474994132205e-29,1.925929944387222e-30,3.5942474994132205e-29,NaN,NaN,NaN,NaN,NaN,NaN
2025-06-11T20:50:09Z,39.98626118563278,-75.16881562132892,13.573340605857085,2.177235424471467,-2.3763437472631948,-0.002154142286267364,0.9898459012359305,-0.24992401275671794,-1.0936254395097562,0.0,0.0,0.0,0.0,0.0,0.0,4.0047016891610764e-29,2.847787867847831e-28,8.20730885791946e-27,1.6585800532272042e-28,7.580953299173987e-28,1.5817451984664957e-34,6.213512223779972e-29,1.0726659418259222e-29,3.993608332681338e-30,NaN,NaN,NaN,NaN,NaN,NaN
2025-06-11T20:50:10Z,39.98626118563278,-75.16881562132892,13.573340605857085,2.181546246115373,-2.376031060877636,-0.0021549249127035537,0.9896787665973816,-0.24989706289712638,-1.0937869590861895,0.0,0.0,0.0,0.0,0.0,0.0,4.0047016891610764e-29,2.847787867847831e-28,8.20730885791946e-27,1.4376989997652882e-28,5.0487097934144705e-29,4.814824860968085e-35,7.499108980257175e-29,2.1639748855134782e-30,1.7749370367472875e-28,NaN,NaN,NaN,NaN,NaN,NaN
2025-06-11T20:50:11Z,39.98626118563278,-75.16881562132892,13.573340605857085,2.1853631723570186,-2.3760734753504633,-0.002154995135128478,0.9895858047284392,-0.2498470891240238,-1.0939586262137477,0.0,0.0,0.0,0.0,0.0,0.0,4.0047016891610764e-29,2.847787867847831e-28,8.20730885791946e-27,2.0194839173657882e-28,1.2621774483536119e-27,3.808601696664247e-34,4.449668543512236e-30,2.2464046871332628e-30,1.5461673742331766e-28,NaN,NaN,NaN,NaN,NaN,NaN
2025-06-11T20:50:12Z,39.98626118563278,-75.16881562132892,13.573340605857085,2.190744524127539,-2.376188835206742,-0.0021566670778187295,0.9895089131337564,-0.2497395385255809,-1.094217972379265,0.0,0.0,0.0,0.0,0.0,0.0,4.0047016891610764e-29,2.847787867847831e-28,8.20730885791946e-27,5.0487097934144705e-29,4.930380657631288e-28,5.0856587593976225e-34,2.839899258795624e-29,2.5915313331675066e-30,2.99964359210287e-28,NaN,NaN,NaN,NaN,NaN,NaN
2025-06-11T20:50:13Z,39.98626118563278,-75.16881562132892,13.573340605857085,2.1938491109122333,-2.376296232067389,-0.0021559532764836723,0.9893772594037833,-0.249709301636806,-1.0943521620070353,0.0,0.0,0.0,0.0,0.0,0.0,4.0047016891610764e-29,2.847787867847831e-28,8.20730885791946e-27,2.1476738144641925e-28,1.4376989997652882e-28,3.178536724623514e-35,1.7749370367472875e-28,1.7333369499485378e-29,1.5974433330725352e-29,NaN,NaN,NaN,NaN,NaN,NaN
2025-06-11T20:50:14Z,39.98626118563278,-75.16881562132892,13.573340605857085,2.2009021080250997,-2.3765241277995774,-0.0021593045575578223,0.9893296453166597,-0.24954634897625827,-1.0947072274230711,0.0,0.0,0.0,0.0,0.0,0.0,4.0047016891610764e-29,2.847787867847831e-28,8.20730885791946e-27,2.279808016088701e-28,3.9936083326814095e-28,1.2956768932503702e-33,1.9721522630525275e-31,1.2325951644078297e-32,5.369184536160481e-29,NaN,NaN,NaN,NaN,NaN,NaN
2025-06-11T20:50:15Z,39.98626118563278,-75.16881562132892,13.573340605857085,2.2056462628626363,-2.376333537127026,-0.0021604578577680885,0.9891480301047278,-0.24948733050439875,-1.0948992747729587,0.0,0.0,0.0,0.0,0.0,0.0,4.0047016891610764e-29,2.847787867847831e-28,8.20730885791946e-27,2.839899258795624e-29,1.6585800532272042e-28,1.0299211304164464e-33,2.0719924713695602e-29,9.836879783952205e-30,1.2823920090499156e-28,NaN,NaN,NaN,NaN,NaN,NaN
2025-06-11T20:50:16Z,39.98626118563278,-75.16881562132892,13.573340605857085,2.211767318631856,-2.376807902769186,-0.0021626873539050957,0.9890645626076623,-0.2493747194416799,-1.0952103724368218,0.0,0.0,0.0,0.0,0.0,0.0,4.0047016891610764e-29,2.847787867847831e-28,8.20730885791946e-27,3.646509534384159e-28,4.437342591868219e-29,5.28314181033564e-34,1.307660209920259e-28,3.0814879110195603e-31,1.1093356479670547e-29,NaN,NaN,NaN,NaN,NaN,NaN
2025-06-11T20:50:17Z,39.98626118563278,-75.16881562132892,13.573340605857085,2.216788242468071,-2.377243056693204,-0.002163786009358502,0.9889244843151094,-0.24928988760350163,-1.0954573932826028,0.0,0.0,0.0,0.0,0.0,0.0,4.0047016891610764e-29,2.847787867847831e-28,8.20730885791946e-27,1.4586038137536636e-27,5.129568036199662e-28,1.086344859255917e-33,2.736484524501805e-28,3.8834451398624826e-30,1.384943926728626e-28,NaN,NaN,NaN,NaN,NaN,NaN
2025-06-11T20:50:18Z,39.98626118563278,-75.16881562132892,13.573340605857085,2.2197213553331405,-2.3776234872831092,-0.0021627432431636415,0.9888042586210831,-0.24925144198495808,-1.0956010657115534,0.0,0.0,0.0,0.0,0.0,0.0,4.0047016891610764e-29,2.847787867847831e-28,8.20730885791946e-27,2.279808016088701e-28,2.3863042382935893e-29,3.979753674143996e-34,2.7733391199176368e-30,6.4788283329187665e-31,4.437342591868219e-29,NaN,NaN,NaN,NaN,NaN,NaN
2025-06-11T20:50:19Z,39.98626118563278,-75.16881562132892,13.573340605857085,2.2211789808306026,-2.3777578038244593,-0.0021603060427887832,0.9887280996023763,-0.24923286346702409,-1.0956674969318814,0.0,0.0,0.0,0.0,0.0,0.0,4.0047016891610764e-29,2.847787867847831e-28,8.20730885791946e-27,5.965760595733843e-28,2.847787867847831e-28,2.048181356872742e-34,2.663514890768853e-28,7.09974814698906e-30,1.1359597035182496e-28,NaN,NaN,NaN,NaN,NaN,NaN
2025-06-11T20:50:20Z,39.98626118563278,-75.16881562132892,13.573340605857085,2.223471111972561,-2.377879985806073,-0.0021587468161730857,0.9887004960349111,-0.2491819295687785,-1.095783421462478,0.0,0.0,0.0,0.0,0.0,0.0,4.0047016891610764e-29,2.847787867847831e-28,8.20730885791946e-27,2.1476738144641925e-28,8.077935669463153e-28,1.8807909613156581e-37,4.449668543512236e-30,2.5915313331675066e-30,4.9303806576312965e-30,NaN,NaN,NaN,NaN,NaN,NaN
2025-06-11T20:50:21Z,39.98626118563278,-75.16881562132892,13.573340605857085,2.22655369903551,-2.378277415554545,-0.0021578639517938225,0.9886623144071361,-0.24911796386359666,-1.0959501963813938,0.0,0.0,0.0,0.0,0.0,0.0,4.0047016891610764e-29,2.847787867847831e-28,8.20730885791946e-27,7.09974814698915e-28,6.407522702657722e-28,1.8074401138243645e-34,3.462359816821565e-29,2.3303752327085323e-30,5.965760595733973e-30,NaN,NaN,NaN,NaN,NaN,NaN
2025-06-11T20:50:22Z,39.98626118563278,-75.16881562132892,13.573340605857085,2.2319467395017054,-2.3790672948198344,-0.002159158197645874,0.9886197444512295,-0.2489910914201749,-1.0962529330213377,0.0,0.0,0.0,0.0,0.0,0.0,4.0047016891610764e-29,2.847787867847831e-28,8.20730885791946e-27,2.847787867847831e-28,2.839899258795624e-29,5.28314181033564e-34,1.2325951644078297e-32,6.520428419717522e-30,1.9721522630525275e-31,NaN,NaN,NaN,NaN,NaN,NaN
2025-06-11T20:50:23Z,39.98626118563278,-75.16881562132892,13.573340605857085,2.2430026186119094,-2.380854978166684,-0.0021657477971234393,0.9885626706181145,-0.2487213532277103,-1.0968879579034998,0.0,0.0,0.0,0.0,0.0,0.0,4.0047016891610764e-29,2.847787867847831e-28,8.20730885791946e-27,8.077935669463153e-28,1.4376989997652882e-28,1.3270861023043343e-33,3.205980022624789e-29,4.9303806576312965e-30,1.1359597035182496e-28,NaN,NaN,NaN,NaN,NaN,NaN
2025-06-11T20:50:24Z,39.98626118563278,-75.16881562132892,13.573340605857085,2.260339401563266,-2.3842897226989193,-0.002177898728813262,0.9884104180263412,-0.24831061736072468,-1.0979057571302426,0.0,0.0,0.0,0.0,0.0,0.0,4.0047016891610764e-29,2.847787867847831e-28,8.20730885791946e-27,4.35648434908298e-28,2.3863042382935893e-29,1.5817451984664957e-34,1.307660209920259e-28,8.655899542053913e-30,1.1093356479670547e-29,NaN,NaN,NaN,NaN,NaN,NaN
2025-06-11T20:50:25Z,39.98626118563278,-75.16881562132892,13.573340605857085,2.2632064695048713,-2.3849773174698257,-0.002176615479232441,0.9879036862450662,-0.2483288184341374,-1.0980024578880452,0.0,0.0,0.0,0.0,0.0,0.0,4.0047016891610764e-29,2.847787867847831e-28,8.20730885791946e-27,1.9721522630525186e-29,1.5461673742331766e-28,4.701977403289124e-36,1.0207120556461127e-28,5.0544105460498106e-30,8.697191480061685e-29,NaN,NaN,NaN,NaN,NaN,NaN
2025-06-11T20:50:26Z,39.98626118563278,-75.16881562132892,13.573340605857085,2.2645426020841484,-2.3850019706327132,-0.002174116915224384,0.9878193783735786,-0.2483052707415847,-1.0980578942800976,0.0,0.0,0.0,0.0,0.0,0.0,4.0047016891610764e-29,2.847787867847831e-28,8.20730885791946e-27,5.129568036199662e-28,3.155443620884044e-30,1.0833355937178131e-34,1.5974433330725352e-29,9.321500930834129e-30,0.0,NaN,NaN,NaN,NaN,NaN,NaN
2025-06-11T20:50:27Z,39.98626118563278,-75.16881562132892,13.573340605857085,2.266689583543074,-2.3844323541228682,-0.0021727650445033863,0.9877749778923882,-0.24826190992164504,-1.0981282880050427,0.0,0.0,0.0,0.0,0.0,0.0,4.0047016891610764e-29,2.847787867847831e-28,8.20730885791946e-27,1.5974433330725352e-29,1.2621774483536176e-29,2.4375050858650744e-34,9.545216953174357e-29,6.662947235602134e-30,1.4376989997652882e-28,NaN,NaN,NaN,NaN,NaN,NaN
2025-06-11T20:50:28Z,39.98626118563278,-75.16881562132892,13.573340605857085,2.2674798928536455,-2.3841638553523326,-0.0021698782639799053,0.98772293783735,-0.24827914740532547,-1.0981399529629223,0.0,0.0,0.0,0.0,0.0,0.0,4.0047016891610764e-29,2.847787867847831e-28,8.20730885791946e-27,7.888609052210074e-29,1.5461673742331766e-28,6.110689833314631e-34,7.09974814698906e-30,9.321500930834129e-30,2.1742978700154214e-29,NaN,NaN,NaN,NaN,NaN,NaN
2025-06-11T20:50:29Z,39.98626118563278,-75.16881562132892,13.573340605857085,2.2690045148253173,-2.3842400624186078,-0.0021675697764413017,0.9877164478857449,-0.24825266302248172,-1.0982167940506655,0.0,0.0,0.0,0.0,0.0,0.0,4.0047016891610764e-29,2.847787867847831e-28,8.20730885791946e-27,1.5461673742331766e-28,3.8654184355829416e-29,4.154667233546238e-34,5.0487097934144705e-29,7.248429938695734e-30,1.089121087270745e-28,NaN,NaN,NaN,NaN,NaN,NaN
2025-06-11T20:50:30Z,39.98626118563278,-75.16881562132892,13.573340605857085,2.2704650990453055,-2.384624678659721,-0.002165044400976481,0.9876924776731478,-0.24822603994329898,-1.0983044006639935,0.0,0.0,0.0,0.0,0.0,0.0,4.0047016891610764e-29,2.847787867847831e-28,8.20730885791946e-27,3.155443620884044e-30,5.750795999061153e-28,8.192725427490969e-34,7.119469669619578e-29,1.9721522630525186e-29,1.6585800532272042e-28,NaN,NaN,NaN,NaN,NaN,NaN
2025-06-11T20:50:31Z,39.98626118563278,-75.16881562132892,13.573340605857085,2.2710006489671346,-2.384835179091762,-0.0021616800392834233,0.98765479419284,-0.24821645316831098,-1.098336431418596,0.0,0.0,0.0,0.0,0.0,0.0,4.0047016891610764e-29,2.847787867847831e-28,8.20730885791946e-27,1.199857436841148e-27,2.415886522239332e-28,7.5231638452626325e-37,1.7454780123179173e-28,1.575333657310994e-29,4.4373425918681625e-31,NaN,NaN,NaN,NaN,NaN,NaN
2025-06-11T20:50:32Z,39.98626118563278,-75.16881562132892,13.573340605857085,2.2715776919492647,-2.385299814981643,-0.0021582381194488478,0.9876539642447093,-0.24819946875928303,-1.0983894399048348,0.0,0.0,0.0,0.0,0.0,0.0,4.0047016891610764e-29,2.847787867847831e-28,8.20730885791946e-27,3.155443620884044e-30,1.1359597035182496e-28,9.215875710446695e-36,1.384943926728626e-28,3.2548216060143985e-30,1.384943926728626e-28,NaN,NaN,NaN,NaN,NaN,NaN
2025-06-11T20:50:33Z,39.98626118563278,-75.16881562132892,13.573340605857085,2.2720394864208693,-2.385550958117941,-0.0021548019255012087,0.9876399658042294,-0.24818006054979305,-1.0984252019239082,0.0,0.0,0.0,0.0,0.0,0.0,4.0047016891610764e-29,2.847787867847831e-28,8.20730885791946e-27,1.3331749298235304e-28,3.478876592024674e-28,3.161609605971619e-34,5.86838557774558e-29,2.2464046871332628e-30,4.4373425918681625e-31,NaN,NaN,NaN,NaN,NaN,NaN
2025-06-11T20:50:34Z,39.98626118563278,-75.16881562132892,13.573340605857085,2.2725005234261824,-2.3856873386337405,-0.0021514360665340674,0.9876296463914709,-0.2481653270845491,-1.0984545605626954,0.0,0.0,0.0,0.0,0.0,0.0,4.0047016891610764e-29,2.847787867847831e-28,8.20730885791946e-27,3.3151879541912963e-28,7.827472332055408e-28,9.21587571044667e-34,3.205980022624789e-29,3.0814879110195603e-31,4.930380657631319e-32,NaN,NaN,NaN,NaN,NaN,NaN
2025-06-11T20:50:35Z,39.98626118563278,-75.16881562132892,13.573340605857085,2.27376703192503,-2.38646171521643,-0.0021485649905625655,0.9876450040574056,-0.2481297300509848,-1.0985601576369037,0.0,0.0,0.0,0.0,0.0,0.0,4.0047016891610764e-29,2.847787867847831e-28,8.20730885791946e-27,4.9303806576312965e-30,2.279808016088701e-28,6.547033336339857e-34,2.0719924713695602e-29,6.379450347788204e-30,1.9721522630525275e-31,NaN,NaN,NaN,NaN,NaN,NaN
2025-06-11T20:50:36Z,39.98626118563278,-75.16881562132892,13.573340605857085,2.2746871495870913,-2.387210908077367,-0.0021453686374010707,0.9876236562600069,-0.24809578552400613,-1.09864401818081,0.0,0.0,0.0,0.0,0.0,0.0,4.0047016891610764e-29,2.847787867847831e-28,8.20730885791946e-27,1.3331749298235304e-28,3.8654184355829416e-29,1.5817451984664957e-34,3.205980022624789e-29,2.0830858278492662e-30,2.485404889511989e-28,NaN,NaN,NaN,NaN,NaN,NaN
2025-06-11T20:50:37Z,39.98626118563278,-75.16881562132892,13.573340605857085,2.275529162677557,-2.387948729899758,-0.002142110835128806,0.9876116045495068,-0.24806089153155134,-1.0987251469034207,0.0,0.0,0.0,0.0,0.0,0.0,4.0047016891610764e-29,2.847787867847831e-28,8.20730885791946e-27,2.99964359210287e-28,6.407522702657722e-28,5.898160454685885e-34,5.207714569623038e-29,7.248429938695734e-30,1.7749370367472875e-28,NaN,NaN,NaN,NaN,NaN,NaN
2025-06-11T20:50:38Z,39.98626118563278,-75.16881562132892,13.573340605857085,2.276138239607878,-2.3888946000686926,-0.002138524585598736,0.9876073393530241,-0.24803121412262855,-1.0988063896912568,0.0,0.0,0.0,0.0,0.0,0.0,4.0047016891610764e-29,2.847787867847831e-28,8.20730885791946e-27,1.3260751816765185e-27,3.818086781269743e-28,1.925929944387234e-34,7.888609052210074e-29,3.774822690998956e-30,3.081487911019555e-29,NaN,NaN,NaN,NaN,NaN,NaN
2025-06-11T20:50:39Z,39.98626118563278,-75.16881562132892,13.573340605857085,2.276759405283462,-2.390862570749613,-0.0021344409859636215,0.9876373388308921,-0.247990288620875,-1.0989470682715126,0.0,0.0,0.0,0.0,0.0,0.0,4.0047016891610764e-29,2.847787867847831e-28,8.20730885791946e-27,2.1476738144641925e-28,3.332937324558826e-29,9.21587571044667e-34,2.083085827849215e-28,4.449668543512236e-30,1.9721522630525275e-31,NaN,NaN,NaN,NaN,NaN,NaN
2025-06-11T20:50:40Z,39.98626118563278,-75.16881562132892,13.573340605857085,2.2774693697173887,-2.3940137218058237,-0.0021298570891257924,0.9876846207126603,-0.2479169482170833,-1.0991610620561902,0.0,0.0,0.0,0.0,0.0,0.0,4.0047016891610764e-29,2.847787867847831e-28,8.20730885791946e-27,5.129568036199662e-28,2.699876448118889e-28,9.215875710446695e-36,3.081487911019555e-29,7.55041575397573e-30,1.1093356479670547e-29,NaN,NaN,NaN,NaN,NaN,NaN
2025-06-11T20:50:41Z,39.98626118563278,-75.16881562132892,13.573340605857085,2.2775782633496804,-2.397451041222622,-0.0021245444137080374,0.9877129742694072,-0.24782925577243636,-1.0993633084661605,0.0,0.0,0.0,0.0,0.0,0.0,4.0047016891610764e-29,2.847787867847831e-28,8.20730885791946e-27,6.389773332290141e-29,5.965760595733843e-28,1.233986949719192e-33,1.1359597035182496e-28,5.307092554753516e-30,4.930380657631319e-32,NaN,NaN,NaN,NaN,NaN,NaN
2025-06-11T20:50:42Z,39.98626118563278,-75.16881562132892,13.573340605857085,2.2778692609015914,-2.404248442121487,-0.002117724506348242,0.9878576901420288,-0.24771287173728856,-1.0997660943198948,0.0,0.0,0.0,0.0,0.0,0.0,4.0047016891610764e-29,2.847787867847831e-28,8.20730885791946e-27,1.3586156940169001e-27,7.88860905221011e-31,3.4775824874726857e-34,1.1837843958972849e-28,7.09974814698906e-30,1.2823920090499156e-28,NaN,NaN,NaN,NaN,NaN,NaN
2025-06-11T20:50:43Z,39.98626118563278,-75.16881562132892,13.573340605857085,2.2782023866657735,-2.4100113317288265,-0.002111494427598197,0.9879009310427569,-0.24751244328463548,-1.1001222299820932,0.0,0.0,0.0,0.0,0.0,0.0,4.0047016891610764e-29,2.847787867847831e-28,8.20730885791946e-27,1.9721522630525186e-29,3.8654184355829416e-29,6.998423167055548e-34,1.7454780123179173e-28,2.7810428396951476e-31,5.965760595733973e-30,NaN,NaN,NaN,NaN,NaN,NaN
2025-06-11T20:50:44Z,39.98626118563278,-75.16881562132892,13.573340605857085,2.278443783893577,-2.416202245331192,-0.0021049781230335135,0.9879756764223864,-0.24734077547858804,-1.1004942214591207,0.0,0.0,0.0,0.0,0.0,0.0,4.0047016891610764e-29,2.847787867847831e-28,8.20730885791946e-27,1.5974433330725352e-29,3.646509534384159e-28,1.5817451984664957e-34,1.7749370367472875e-28,4.5675354561087714e-30,1.0432685471548036e-28,NaN,NaN,NaN,NaN,NaN,NaN
2025-06-11T20:50:45Z,39.98626118563278,-75.16881562132892,13.573340605857085,2.2788068154537164,-2.421421662630424,-0.0020990954317951535,0.9880149804038656,-0.24715635958528154,-1.100820072468131,0.0,0.0,0.0,0.0,0.0,0.0,4.0047016891610764e-29,2.847787867847831e-28,8.20730885791946e-27,0.0,7.88860905221011e-31,3.6412113011071614e-34,8.491348087605626e-29,2.4158865222393385e-30,2.415886522239332e-28,NaN,NaN,NaN,NaN,NaN,NaN
2025-06-11T20:50:46Z,39.98626118563278,-75.16881562132892,13.573340605857085,2.279639730772366,-2.4297617857051934,-0.0020921228464237888,0.98816871383188,-0.24697684072795564,-1.1013400445034267,0.0,0.0,0.0,0.0,0.0,0.0,4.0047016891610764e-29,2.847787867847831e-28,8.20730885791946e-27,7.580953299173987e-28,7.580953299173987e-28,4.3333423748712524e-34,9.116273835960397e-29,5.965760595733973e-30,1.6585800532272042e-28,NaN,NaN,NaN,NaN,NaN,NaN
2025-06-11T20:50:47Z,39.98626118563278,-75.16881562132892,13.573340605857085,2.2803184816803217,-2.4372845438142168,-0.002085433623338977,0.988223335080007,-0.24672737667487354,-1.101813055902331,0.0,0.0,0.0,0.0,0.0,0.0,4.0047016891610764e-29,2.847787867847831e-28,8.20730885791946e-27,7.88860905221011e-31,1.6585800532272042e-28,1.6927118651841045e-34,4.738095811983742e-29,7.39865247435803e-30,4.738095811983742e-29,NaN,NaN,NaN,NaN,NaN,NaN
2025-06-11T20:50:48Z,39.98626118563278,-75.16881562132892,13.573340605857085,2.281206255933706,-2.447769883325748,-0.002077483608674816,0.9883908773832202,-0.24648333240474823,-1.1024600743758368,0.0,0.0,0.0,0.0,0.0,0.0,4.0047016891610764e-29,2.847787867847831e-28,8.20730885791946e-27,3.332937324558826e-29,1.8555980643061078e-27,3.009265538105053e-36,7.308056729774034e-29,9.491753137918112e-30,1.0432685471548036e-28,NaN,NaN,NaN,NaN,NaN,NaN
2025-06-11T20:50:49Z,39.98626118563278,-75.16881562132892,13.573340605857085,2.2821885469801733,-2.4565796547809198,-0.002070494478230885,0.988443789713099,-0.24616624870943843,-1.1030259840723247,0.0,0.0,0.0,0.0,0.0,0.0,4.0047016891610764e-29,2.847787867847831e-28,8.20730885791946e-27,2.415886522239332e-28,4.437342591868219e-29,4.701977403289116e-34,2.31345786407704e-28,1.0909237576986983e-29,3.081487911019555e-29,NaN,NaN,NaN,NaN,NaN,NaN
2025-06-11T20:50:50Z,39.98626118563278,-75.16881562132892,13.573340605857085,2.282652806820081,-2.4626606336819323,-0.0020643879418173377,0.9884389592349293,-0.2459160183472607,-1.1034081455022497,0.0,0.0,0.0,0.0,0.0,0.0,4.0047016891610764e-29,2.847787867847831e-28,8.20730885791946e-27,1.3331749298235304e-28,2.0194839173657882e-28,1.8807909613156581e-37,4.738095811983742e-29,8.17287631200162e-30,2.4158865222393385e-30,NaN,NaN,NaN,NaN,NaN,NaN
2025-06-11T20:50:51Z,39.98626118563278,-75.16881562132892,13.573340605857085,2.2828149771013155,-2.470205802374932,-0.0020572738108647817,0.9885450813227583,-0.2457355455850681,-1.1038514116644451,0.0,0.0,0.0,0.0,0.0,0.0,4.0047016891610764e-29,2.847787867847831e-28,8.20730885791946e-27,2.1476738144641925e-28,3.9936083326814095e-28,2.275757063191976e-35,1.4376989997652882e-28,6.379450347788204e-30,1.9721522630525186e-29,NaN,NaN,NaN,NaN,NaN,NaN
2025-06-11T20:50:52Z,39.98626118563278,-75.16881562132892,13.573340605857085,2.2833446702173963,-2.479415702028886,-0.0020497119285634927,0.9886846154601456,-0.2454985405515408,-1.1044119431870953,0.0,0.0,0.0,0.0,0.0,0.0,4.0047016891610764e-29,2.847787867847831e-28,8.20730885791946e-27,2.279808016088701e-28,7.09974814698915e-28,8.9544457668237e-34,1.7454780123179173e-28,2.7733391199176368e-30,4.1464501330680106e-29,NaN,NaN,NaN,NaN,NaN,NaN
2025-06-11T20:50:53Z,39.98626118563278,-75.16881562132892,13.573340605857085,2.2841884031139212,-2.490033207026972,-0.0020417805216696723,0.9888269342956365,-0.2452093061828601,-1.1050694963229934,0.0,0.0,0.0,0.0,0.0,0.0,4.0047016891610764e-29,2.847787867847831e-28,8.20730885791946e-27,1.1391151471391324e-27,6.389773332290141e-29,3.009265538105053e-36,1.518680502066898e-28,5.307092554753516e-30,1.2621774483536176e-29,NaN,NaN,NaN,NaN,NaN,NaN
2025-06-11T20:50:54Z,39.98626118563278,-75.16881562132892,13.573340605857085,2.28467889032236,-2.4969390726320237,-0.00203537865906734,0.9888161521029546,-0.24490694200919325,-1.1055046311874825,0.0,0.0,0.0,0.0,0.0,0.0,4.0047016891610764e-29,2.847787867847831e-28,8.20730885791946e-27,1.5974433330725352e-29,1.8952383247934968e-28,1.4745401136714712e-34,6.749691120297223e-29,1.710302827813628e-29,1.5974433330725352e-29,NaN,NaN,NaN,NaN,NaN,NaN
2025-06-11T20:50:55Z,39.98626118563278,-75.16881562132892,13.573340605857085,2.285326180357022,-2.507181197136573,-0.002027493435801012,0.9889912257980071,-0.2446839980043294,-1.1061247895846875,0.0,0.0,0.0,0.0,0.0,0.0,4.0047016891610764e-29,2.847787867847831e-28,8.20730885791946e-27,2.415886522239332e-28,1.5461673742331766e-28,2.4375050858650744e-34,5.699520040221752e-29,2.9613098824898387e-30,9.984020831703524e-29,NaN,NaN,NaN,NaN,NaN,NaN
2025-06-11T20:50:56Z,39.98626118563278,-75.16881562132892,13.573340605857085,2.2855209534917402,-2.513122801182455,-0.002021328098974023,0.9889614268512474,-0.24440005252495287,-1.106491060037321,0.0,0.0,0.0,0.0,0.0,0.0,4.0047016891610764e-29,2.847787867847831e-28,8.20730885791946e-27,2.1476738144641925e-28,8.33234331139686e-28,7.703719777548936e-34,1.0207120556461127e-28,8.014950056561973e-30,3.993608332681338e-30,NaN,NaN,NaN,NaN,NaN,NaN
2025-06-11T20:50:57Z,39.98626118563278,-75.16881562132892,13.573340605857085,2.285518858211333,-2.516562211644239,-0.0020162314808568707,0.9889485899035257,-0.2442363805370064,-1.1066982756131778,0.0,0.0,0.0,0.0,0.0,0.0,4.0047016891610764e-29,2.847787867847831e-28,8.20730885791946e-27,6.634320212908817e-28,6.865062027685902e-28,2.7158621481397925e-34,2.3863042382935893e-29,6.379450347788204e-30,1.4376989997652882e-28,NaN,NaN,NaN,NaN,NaN,NaN
2025-06-11T20:50:58Z,39.98626118563278,-75.16881562132892,13.573340605857085,2.28547083913444,-2.5224060800325447,-0.0020099189172679646,0.9890642576288026,-0.24413045753983548,-1.1070309859605258,0.0,0.0,0.0,0.0,0.0,0.0,4.0047016891610764e-29,2.847787867847831e-28,8.20730885791946e-27,2.99964359210287e-28,8.697191480061685e-29,1.925929944387234e-34,4.738095811983742e-29,6.102116435796563e-30,4.9303806576312965e-30,NaN,NaN,NaN,NaN,NaN,NaN
2025-06-11T20:50:59Z,39.98626118563278,-75.16881562132892,13.573340605857085,2.2851776132020065,-2.5327073396040887,-0.0020011907975296906,0.9892720439631458,-0.24395482775417432,-1.1076063557310076,0.0,0.0,0.0,0.0,0.0,0.0,4.0047016891610764e-29,2.847787867847831e-28,8.20730885791946e-27,4.543838814072998e-28,7.338378570818438e-28,4.515779098118915e-34,7.308056729774034e-29,6.952607099237893e-30,1.9721522630525186e-29,NaN,NaN,NaN,NaN,NaN,NaN
2025-06-11T20:51:00Z,39.98626118563278,-75.16881562132892,13.573340605857085,2.285235418602924,-2.539463250651026,-0.00199457720264732,0.989291254777642,-0.24366015216016876,-1.1080161816937668,0.0,0.0,0.0,0.0,0.0,0.0,4.0047016891610764e-29,2.847787867847831e-28,8.20730885791946e-27,3.155443620884044e-30,3.9936083326814095e-28,7.464859325461777e-34,5.0487097934144705e-29,2.1639748855134782e-30,1.7798674174048944e-29,NaN,NaN,NaN,NaN,NaN,NaN
2025-06-11T20:51:01Z,39.98626118563278,-75.16881562132892,13.573340605857085,2.285193458627739,-2.5540820015698844,-0.001984022265395368,0.989613633506619,-0.24344240760654018,-1.1088465906013019,0.0,0.0,0.0,0.0,0.0,0.0,4.0047016891610764e-29,2.847787867847831e-28,8.20730885791946e-27,5.129568036199662e-28,2.415886522239332e-28,2.574802826041116e-34,7.119469669619578e-29,2.003737514140493e-30,1.2823920090499156e-28,NaN,NaN,NaN,NaN,NaN,NaN
2025-06-11T20:51:02Z,39.98626118563278,-75.16881562132892,13.573340605857085,2.2853758720421085,-2.5615186403401533,-0.0019772448289641486,0.9895633151129944,-0.24303174484237447,-1.1093112362478161,0.0,0.0,0.0,0.0,0.0,0.0,4.0047016891610764e-29,2.847787867847831e-28,8.20730885791946e-27,9.545216953174357e-29,9.545216953174357e-29,1.175494350822279e-34,1.112417135878063e-28,3.774822690998956e-30,3.8654184355829416e-29,NaN,NaN,NaN,NaN,NaN,NaN
2025-06-11T20:51:03Z,39.98626118563278,-75.16881562132892,13.573340605857085,2.2851197835099746,-2.5686231572721123,-0.0019702317102699746,0.98963401081635,-0.24282491369115072,-1.1097135527641144,0.0,0.0,0.0,0.0,0.0,0.0,4.0047016891610764e-29,2.847787867847831e-28,8.20730885791946e-27,5.750795999061153e-28,9.663546088957328e-28,3.178536724623514e-35,2.485404889511989e-28,2.0830858278492662e-30,4.738095811983742e-29,NaN,NaN,NaN,NaN,NaN,NaN
2025-06-11T20:51:04Z,39.98626118563278,-75.16881562132892,13.573340605857085,2.284671086955153,-2.5727727542108307,-0.0019645033617244146,0.9896304127844034,-0.24263565731399503,-1.1099430362422662,0.0,0.0,0.0,0.0,0.0,0.0,4.0047016891610764e-29,2.847787867847831e-28,8.20730885791946e-27,1.2621774483536176e-29,1.2939290997887515e-27,2.1741943512808807e-34,2.1742978700154214e-29,4.449668543512236e-30,1.4914401489334606e-28,NaN,NaN,NaN,NaN,NaN,NaN
2025-06-11T20:51:05Z,39.98626118563278,-75.16881562132892,13.573340605857085,2.2840867853643667,-2.574410486304671,-0.001959891479088652,0.989610946002084,-0.24253275492628557,-1.1100185874995983,0.0,0.0,0.0,0.0,0.0,0.0,4.0047016891610764e-29,2.847787867847831e-28,8.20730885791946e-27,1.232595164407822e-28,1.2621774483536176e-29,2.4375050858650744e-34,9.763386297274501e-29,3.7748226909989664e-32,1.4914401489334606e-28,NaN,NaN,NaN,NaN,NaN,NaN
2025-06-11T20:51:06Z,39.98626118563278,-75.16881562132892,13.573340605857085,2.2829555808839626,-2.5756704355234534,-0.001954956635992289,0.9896300035474016,-0.2425103295813951,-1.1100389823088344,0.0,0.0,0.0,0.0,0.0,0.0,4.0047016891610764e-29,2.847787867847831e-28,8.20730885791946e-27,4.7351375835891395e-28,2.1476738144641925e-28,3.6412113011071614e-34,1.518680502066898e-28,2.7810428396951476e-31,6.03971630559833e-29,NaN,NaN,NaN,NaN,NaN,NaN
2025-06-11T20:51:07Z,39.98626118563278,-75.16881562132892,13.573340605857085,2.282924316147622,-2.5756906041492957,-0.0019516909079156889,0.9896379321637193,-0.24246523411806115,-1.110048420740818,0.0,0.0,0.0,0.0,0.0,0.0,4.0047016891610764e-29,2.847787867847831e-28,8.20730885791946e-27,3.8654184355829416e-29,3.9936083326814095e-28,1.0438860033042163e-33,3.234822749471879e-28,9.321500930834129e-30,7.119469669619578e-29,NaN,NaN,NaN,NaN,NaN,NaN
2025-06-11T20:51:08Z,39.98626118563278,-75.16881562132892,13.573340605857085,2.2826399394916836,-2.5758723807478363,-0.0019481163587657282,0.9896435240115464,-0.2424714175601531,-1.1100443866169527,0.0,0.0,0.0,0.0,0.0,0.0,4.0047016891610764e-29,2.847787867847831e-28,8.20730885791946e-27,3.155443620884044e-30,2.847787867847831e-28,5.28314181033564e-34,1.4914401489334606e-28,7.703719777548887e-30,3.993608332681338e-30,NaN,NaN,NaN,NaN,NaN,NaN
2025-06-11T20:51:09Z,39.98626118563278,-75.16881562132892,13.573340605857085,2.2825569885938783,-2.57589970651269,-0.0019448200159132652,0.9896490602317453,-0.24246547469502144,-1.1100438790860274,0.0,0.0,0.0,0.0,0.0,0.0,4.0047016891610764e-29,2.847787867847831e-28,8.20730885791946e-27,1.8952383247934968e-28,9.663546088957354e-30,4.066740256104818e-34,3.081487911019555e-29,5.830945499626709e-30,6.03971630559833e-29,NaN,NaN,NaN,NaN,NaN,NaN
2025-06-11T20:51:10Z,39.98626118563278,-75.16881562132892,13.573340605857085,2.28184009614946,-2.5761847412819225,-0.0019408079646432359,0.9896572036779295,-0.2424824178076521,-1.1100238525229618,0.0,0.0,0.0,0.0,0.0,0.0,4.0047016891610764e-29,2.847787867847831e-28,8.20730885791946e-27,3.332937324558826e-29,6.865062027685902e-28,8.29428813940209e-35,1.956868083013852e-28,7.703719777548887e-30,1.1359597035182496e-28,NaN,NaN,NaN,NaN,NaN,NaN
2025-06-11T20:51:11Z,39.98626118563278,-75.16881562132892,13.573340605857085,2.28055742735879,-2.5765209776609206,-0.001936248216548812,0.9896768943686728,-0.24250083891750374,-1.109982077980778,0.0,0.0,0.0,0.0,0.0,0.0,4.0047016891610764e-29,2.847787867847831e-28,8.20730885791946e-27,7.119469669619578e-29,8.077935669463153e-28,7.113621613436245e-34,3.7286003723336516e-29,6.662947235602134e-30,3.332937324558826e-29,NaN,NaN,NaN,NaN,NaN,NaN
2025-06-11T20:51:12Z,39.98626118563278,-75.16881562132892,13.573340605857085,2.280420486107948,-2.576670018821592,-0.0019328776237711464,0.989710557381772,-0.24248083556265612,-1.1099915727702165,0.0,0.0,0.0,0.0,0.0,0.0,4.0047016891610764e-29,2.847787867847831e-28,8.20730885791946e-27,7.88860905221011e-31,1.2621774483536176e-29,1.173801638957107e-33,6.520428419717522e-30,1.5600032549536756e-30,3.8654184355829416e-29,NaN,NaN,NaN,NaN,NaN,NaN
2025-06-11T20:51:13Z,39.98626118563278,-75.16881562132892,13.573340605857085,2.279332453574948,-2.578028091505813,-0.0019280368252296428,0.9897495170850567,-0.2425010333226501,-1.110012995792549,0.0,0.0,0.0,0.0,0.0,0.0,4.0047016891610764e-29,2.847787867847831e-28,8.20730885791946e-27,6.865062027685902e-28,9.941619558047956e-28,1.0438860033042163e-33,1.5099290763995825e-29,8.014950056561973e-30,4.738095811983742e-29,NaN,NaN,NaN,NaN,NaN,NaN
2025-06-11T20:51:14Z,39.98626118563278,-75.16881562132892,13.573340605857085,2.2788274968168993,-2.578510111036621,-0.001924183332338853,0.9897665525616925,-0.24246546745991002,-1.1100240261147145,0.0,0.0,0.0,0.0,0.0,0.0,4.0047016891610764e-29,2.847787867847831e-28,8.20730885791946e-27,1.9721522630525275e-31,8.077935669463153e-28,1.6367583340849642e-34,4.2906637673036887e-29,1.0545622003486747e-29,4.437342591868219e-29,NaN,NaN,NaN,NaN,NaN,NaN
2025-06-11T20:51:15Z,39.98626118563278,-75.16881562132892,13.573340605857085,2.2787522704264758,-2.578521381895868,-0.0019209731698895916,0.9897718476453526,-0.24244902087428993,-1.1100250774173404,0.0,0.0,0.0,0.0,0.0,0.0,4.0047016891610764e-29,2.847787867847831e-28,8.20730885791946e-27,3.8654184355829416e-29,2.847787867847831e-28,4.701977403289116e-34,2.736484524501805e-28,6.102116435796563e-30,0.0,NaN,NaN,NaN,NaN,NaN,NaN
2025-06-11T20:51:16Z,39.98626118563278,-75.16881562132892,13.573340605857085,2.278687433879465,-2.5783549076173657,-0.0019178685021574145,0.9897689621348167,-0.2424499564593255,-1.110013065184741,0.0,0.0,0.0,0.0,0.0,0.0,4.0047016891610764e-29,2.847787867847831e-28,8.20730885791946e-27,7.88860905221011e-31,1.6331392890337803e-27,7.94634181155859e-34,9.545216953174357e-29,1.4040029294583028e-29,1.2621774483536176e-29,NaN,NaN,NaN,NaN,NaN,NaN
2025-06-11T20:51:17Z,39.98626118563278,-75.16881562132892,13.573340605857085,2.278721563465815,-2.5781755564817312,-0.0019148729420975991,0.9897693004250961,-0.24245300875104037,-1.110004828165116,0.0,0.0,0.0,0.0,0.0,0.0,4.0047016891610764e-29,2.847787867847831e-28,8.20730885791946e-27,8.852991508842735e-28,3.646509534384159e-28,4.701977403289116e-34,3.462359816821565e-29,1.3832799232566773e-29,3.1554436208840297e-28,NaN,NaN,NaN,NaN,NaN,NaN
2025-06-11T20:51:18Z,39.98626118563278,-75.16881562132892,13.573340605857085,2.278662514667526,-2.5779953981494717,-0.001911800192275931,0.989766706801786,-0.24246005169640192,-1.1099912102469383,0.0,0.0,0.0,0.0,0.0,0.0,4.0047016891610764e-29,2.847787867847831e-28,8.20730885791946e-27,9.663546088957354e-30,1.3331749298235304e-28,7.5231638452626325e-37,6.749691120297223e-29,7.39865247435803e-30,1.0432685471548036e-28,NaN,NaN,NaN,NaN,NaN,NaN
2025-06-11T20:51:19Z,39.98626118563278,-75.16881562132892,13.573340605857085,2.2784934580883425,-2.5775149903103527,-0.0019087778766016213,0.9897568694702767,-0.24246994909238653,-1.1099557870359915,0.0,0.0,0.0,0.0,0.0,0.0,4.0047016891610764e-29,2.847787867847831e-28,8.20730885791946e-27,2.279808016088701e-28,1.2939290997887515e-27,1.0833355937178131e-34,1.424880010055438e-29,1.5600032549536756e-30,1.1359597035182496e-28,NaN,NaN,NaN,NaN,NaN,NaN
2025-06-11T20:51:20Z,39.98626118563278,-75.16881562132892,13.573340605857085,2.2783655198193986,-2.5773257338551963,-0.0019056649148551292,0.9897651719090031,-0.24248454246903667,-1.10993844236105,0.0,0.0,0.0,0.0,0.0,0.0,4.0047016891610764e-29,2.847787867847831e-28,8.20730885791946e-27,1.1359597035182496e-28,9.663546088957354e-30,9.48106723599239e-34,1.7454780123179173e-28,6.952607099237893e-30,1.0432685471548036e-28,NaN,NaN,NaN,NaN,NaN,NaN
2025-06-11T20:51:21Z,39.98626118563278,-75.16881562132892,13.573340605857085,2.2767327045522237,-2.5766960803543357,-0.0019013687204729767,0.9897461851704746,-0.24253434143535207,-1.1098204561447735,0.0,0.0,0.0,0.0,0.0,0.0,4.0047016891610764e-29,2.847787867847831e-28,8.20730885791946e-27,9.545216953174357e-29,8.697191480061685e-29,1.0160502970767415e-33,1.307660209920259e-28,4.3333423748713444e-30,1.1093356479670547e-29,NaN,NaN,NaN,NaN,NaN,NaN
2025-06-11T20:51:22Z,39.98626118563278,-75.16881562132892,13.573340605857085,2.276170978616166,-2.5763184110209703,-0.0018979635124458118,0.9897900567286847,-0.24254893806520408,-1.109778234605454,0.0,0.0,0.0,0.0,0.0,0.0,4.0047016891610764e-29,2.847787867847831e-28,8.20730885791946e-27,3.478876592024674e-28,1.2621774483536176e-29,1.8807909613156496e-35,1.7162655069214755e-28,1.054639237546441e-30,1.5974433330725352e-29,NaN,NaN,NaN,NaN,NaN,NaN
2025-06-11T20:51:23Z,39.98626118563278,-75.16881562132892,13.573340605857085,2.275338623621607,-2.575982137044716,-0.0018942981364049145,0.9897994595428294,-0.2425761328225208,-1.1097192676198744,0.0,0.0,0.0,0.0,0.0,0.0,4.0047016891610764e-29,2.847787867847831e-28,8.20730885791946e-27,7.119469669619578e-29,2.279808016088701e-28,9.521504241660618e-35,1.0432685471548036e-28,4.3333423748713444e-30,3.5942474994132205e-29,NaN,NaN,NaN,NaN,NaN,NaN
2025-06-11T20:51:24Z,39.98626118563278,-75.16881562132892,13.573340605857085,2.275116964566338,-2.5759686346856374,-0.0018910582039023296,0.9898283205899494,-0.24258160871600198,-1.1097110162692672,0.0,0.0,0.0,0.0,0.0,0.0,4.0047016891610764e-29,2.847787867847831e-28,8.20730885791946e-27,1.6692296754476857e-27,3.332937324558826e-29,3.808601696664247e-34,1.4914401489334606e-28,2.0830858278492662e-30,7.888609052210074e-29,NaN,NaN,NaN,NaN,NaN,NaN
2025-06-11T20:51:25Z,39.98626118563278,-75.16881562132892,13.573340605857085,2.275087874372837,-2.5759922381285474,-0.0018879894757199737,0.9898360179075535,-0.24258004540862124,-1.109712148901755,0.0,0.0,0.0,0.0,0.0,0.0,4.0047016891610764e-29,2.847787867847831e-28,8.20730885791946e-27,1.1359597035182496e-28,7.88860905221011e-31,6.21836511584984e-34,1.307660209920259e-28,2.4158865222393385e-30,9.663546088957354e-30,NaN,NaN,NaN,NaN,NaN,NaN
2025-06-11T20:51:26Z,39.98626118563278,-75.16881562132892,13.573340605857085,2.2751915968883694,-2.5761745501724795,-0.0018849784521049492,0.9898431990136356,-0.24257556687317294,-1.1097279180981008,0.0,0.0,0.0,0.0,0.0,0.0,4.0047016891610764e-29,2.847787867847831e-28,8.20730885791946e-27,4.9303806576312965e-30,7.827472332055408e-28,5.0856587593976225e-34,3.462359816821565e-29,6.102116435796563e-30,2.485404889511989e-28,NaN,NaN,NaN,NaN,NaN,NaN
2025-06-11T20:51:27Z,39.98626118563278,-75.16881562132892,13.573340605857085,2.2753420175974353,-2.5763575708044053,-0.001882019830837472,0.9898438422907352,-0.24256712326159,-1.1097458103612026,0.0,0.0,0.0,0.0,0.0,0.0,4.0047016891610764e-29,2.847787867847831e-28,8.20730885791946e-27,7.88860905221011e-31,1.9721522630525186e-29,6.789655370349481e-35,1.089121087270745e-28,1.925929944387222e-30,1.232595164407822e-28,NaN,NaN,NaN,NaN,NaN,NaN
2025-06-11T20:51:28Z,39.98626118563278,-75.16881562132892,13.573340605857085,2.275980895125516,-2.576378688115621,-0.0018795971199718482,0.9898403408901896,-0.24254630165894564,-1.1097793303181516,0.0,0.0,0.0,0.0,0.0,0.0,4.0047016891610764e-29,2.847787867847831e-28,8.20730885791946e-27,7.09974814698906e-30,7.09974814698915e-28,6.21836511584984e-34,0.0,3.0814879110195743e-33,9.663546088957354e-30,NaN,NaN,NaN,NaN,NaN,NaN
2025-06-11T20:51:29Z,39.98626118563278,-75.16881562132892,13.573340605857085,2.2764570127881045,-2.575903251601613,-0.0018772656652287255,0.9898103148294124,-0.24254105088196257,-1.1097737465686328,0.0,0.0,0.0,0.0,0.0,0.0,4.0047016891610764e-29,2.847787867847831e-28,8.20730885791946e-27,1.5974433330725352e-29,3.9936083326814095e-28,5.0856587593976225e-34,1.8747772450642938e-29,1.7017516988605392e-30,9.116273835960397e-29,NaN,NaN,NaN,NaN,NaN,NaN
2025-06-11T20:51:30Z,39.98626118563278,-75.16881562132892,13.573340605857085,2.277542633178395,-2.574525942408227,-0.001875924819325034,0.9897691665102154,-0.24253297141537958,-1.1097485501035433,0.0,0.0,0.0,0.0,0.0,0.0,4.0047016891610764e-29,2.847787867847831e-28,8.20730885791946e-27,0.0,9.663546088957328e-28,9.521504241660618e-35,3.462359816821565e-29,1.2325951644078297e-32,0.0,NaN,NaN,NaN,NaN,NaN,NaN
2025-06-11T20:51:31Z,39.98626118563278,-75.16881562132892,13.573340605857085,2.2788098779174155,-2.5717099729569144,-0.0018754287577371284,0.9896848318285285,-0.24255454505020496,-1.1096466276889192,0.0,0.0,0.0,0.0,0.0,0.0,4.0047016891610764e-29,2.847787867847831e-28,8.20730885791946e-27,2.1476738144641925e-28,1.8940550334356558e-27,2.1107176563364828e-34,3.8654184355829416e-29,8.819988773315847e-30,5.965760595733973e-30,NaN,NaN,NaN,NaN,NaN,NaN
2025-06-11T20:51:32Z,39.98626118563278,-75.16881562132892,13.573340605857085,2.279026381233839,-2.5712199078990525,-0.0018728840339856487,0.9896911501994414,-0.24263791450878164,-1.1096155969889294,0.0,0.0,0.0,0.0,0.0,0.0,4.0047016891610764e-29,2.847787867847831e-28,8.20730885791946e-27,3.155443620884044e-30,3.155443620884044e-30,0.0,2.485404889511989e-28,2.2464046871332628e-30,6.03971630559833e-29,NaN,NaN,NaN,NaN,NaN,NaN
2025-06-11T20:51:33Z,39.98626118563278,-75.16881562132892,13.573340605857085,2.2799140542930196,-2.5697249786457834,-0.0018714303787261458,0.9896529103791595,-0.24263307588400995,-1.1095751638765008,0.0,0.0,0.0,0.0,0.0,0.0,4.0047016891610764e-29,2.847787867847831e-28,8.20730885791946e-27,5.129568036199662e-28,1.0432685471548036e-28,2.1741943512808807e-34,1.257370327212431e-28,9.836879783952205e-30,1.2325951644078241e-30,NaN,NaN,NaN,NaN,NaN,NaN
2025-06-11T20:51:34Z,39.98626118563278,-75.16881562132892,13.573340605857085,2.2800046261456934,-2.5695565971869345,-0.0018686350565781699,0.989653383402404,-0.24268004399234253,-1.1095614083518728,0.0,0.0,0.0,0.0,0.0,0.0,4.0047016891610764e-29,2.847787867847831e-28,8.20730885791946e-27,1.1359597035182496e-28,5.965760595733843e-28,9.521504241660618e-35,1.0432685471548036e-28,5.616011717833157e-31,3.332937324558826e-29,NaN,NaN,NaN,NaN,NaN,NaN
2025-06-11T20:51:35Z,39.98626118563278,-75.16881562132892,13.573340605857085,2.2800670107095615,-2.5692309314025454,-0.0018658960664033396,0.9896449986150962,-0.24268453660067157,-1.1095455908824765,0.0,0.0,0.0,0.0,0.0,0.0,4.0047016891610764e-29,2.847787867847831e-28,8.20730885791946e-27,2.99964359210287e-28,4.543838814072998e-28,9.94938418535999e-35,1.0366125332670026e-29,3.562200025138595e-30,1.2621774483536176e-29,NaN,NaN,NaN,NaN,NaN,NaN
2025-06-11T20:51:36Z,39.98626118563278,-75.16881562132892,13.573340605857085,2.280445396775599,-2.568597567678154,-0.0018635963281497683,0.9896323110985333,-0.24268509837946572,-1.109528470870771,0.0,0.0,0.0,0.0,0.0,0.0,4.0047016891610764e-29,2.847787867847831e-28,8.20730885791946e-27,3.1554436208840297e-28,1.0509599409806944e-27,7.464859325461777e-34,5.4357446750385534e-30,8.014950056561973e-30,2.1742978700154214e-29,NaN,NaN,NaN,NaN,NaN,NaN
2025-06-11T20:51:37Z,39.98626118563278,-75.16881562132892,13.573340605857085,2.280809992540284,-2.5676412588283966,-0.0018614411368919215,0.9896067807026658,-0.24269856370092294,-1.1094900555549214,0.0,0.0,0.0,0.0,0.0,0.0,4.0047016891610764e-29,2.847787867847831e-28,8.20730885791946e-27,2.3863042382935893e-29,1.2621774483536176e-29,4.231779662960261e-35,7.119469669619578e-29,2.2464046871332628e-30,1.6018806756644305e-28,NaN,NaN,NaN,NaN,NaN,NaN
2025-06-11T20:51:38Z,39.98626118563278,-75.16881562132892,13.573340605857085,2.2809236940644686,-2.567395299675796,-0.0018587359767883917,0.9896088908398892,-0.24272515932083633,-1.1094775687336442,0.0,0.0,0.0,0.0,0.0,0.0,4.0047016891610764e-29,2.847787867847831e-28,8.20730885791946e-27,7.827472332055408e-28,9.941619558047956e-28,4.066740256104818e-34,3.5942474994132205e-29,5.965760595733973e-30,3.9936083326814095e-28,NaN,NaN,NaN,NaN,NaN,NaN
2025-06-11T20:51:39Z,39.98626118563278,-75.16881562132892,13.573340605857085,2.280989136823737,-2.567194840727122,-0.0018559745319766806,0.9896052794366228,-0.24273150277586786,-1.109468530400248,0.0,0.0,0.0,0.0,0.0,0.0,4.0047016891610764e-29,2.847787867847831e-28,8.20730885791946e-27,7.580953299173987e-28,1.1359597035182496e-28,5.28314181033564e-34,2.7228027181768627e-29,9.984020831703345e-31,5.0487097934144705e-29,NaN,NaN,NaN,NaN,NaN,NaN
2025-06-11T20:51:40Z,39.98626118563278,-75.16881562132892,13.573340605857085,2.280951160319011,-2.5670576898533093,-0.0018530989492962886,0.9896036160115264,-0.24273875819783078,-1.109458139527177,0.0,0.0,0.0,0.0,0.0,0.0,4.0047016891610764e-29,2.847787867847831e-28,8.20730885791946e-27,7.119469669619578e-29,5.332699719294121e-28,2.860683052161093e-34,1.1597487901913174e-28,1.803363762726417e-29,1.2325951644078241e-30,NaN,NaN,NaN,NaN,NaN,NaN
2025-06-11T20:51:41Z,39.98626118563278,-75.16881562132892,13.573340605857085,2.2808498952045717,-2.566793289178616,-0.0018502338723548443,0.9895993321054964,-0.24274529761509894,-1.1094381907590225,0.0,0.0,0.0,0.0,0.0,0.0,4.0047016891610764e-29,2.847787867847831e-28,8.20730885791946e-27,2.839899258795624e-29,9.545216953174357e-29,6.998423167055548e-34,1.4914401489334933e-30,8.985618748533051e-30,1.6585800532272042e-28,NaN,NaN,NaN,NaN,NaN,NaN
2025-06-11T20:51:42Z,39.98626118563278,-75.16881562132892,13.573340605857085,2.28060924663308,-2.5664093079162305,-0.0018473071072884937,0.9895949300496811,-0.24275862661493278,-1.1094044776714058,0.0,0.0,0.0,0.0,0.0,0.0,4.0047016891610764e-29,2.847787867847831e-28,8.20730885791946e-27,8.697191480061685e-29,1.9721522630525275e-31,2.9345040973927675e-34,3.116123835139473e-28,1.2325951644078241e-30,5.0487097934144705e-29,NaN,NaN,NaN,NaN,NaN,NaN
2025-06-11T20:51:43Z,39.98626118563278,-75.16881562132892,13.573340605857085,2.280163020657406,-2.565707453365882,-0.001844350497298604,0.9895858981938919,-0.24278007770619578,-1.1093430328579428,0.0,0.0,0.0,0.0,0.0,0.0,4.0047016891610764e-29,2.847787867847831e-28,8.20730885791946e-27,1.6585800532272042e-28,2.699876448118889e-28,4.608408052963703e-34,5.965760595733973e-30,7.09974814698906e-30,1.2621774483536176e-29,NaN,NaN,NaN,NaN,NaN,NaN
2025-06-11T20:51:44Z,39.98626118563278,-75.16881562132892,13.573340605857085,2.2798705983175696,-2.56515695587815,-0.0018414718701406962,0.989594144004707,-0.2428029472646371,-1.1092981095875343,0.0,0.0,0.0,0.0,0.0,0.0,4.0047016891610764e-29,2.847787867847831e-28,8.20730885791946e-27,4.7351375835891395e-28,1.742593739633192e-27,1.749605791763887e-34,2.736484524501805e-28,3.774822690998956e-30,1.5974433330725352e-29,NaN,NaN,NaN,NaN,NaN,NaN
2025-06-11T20:51:45Z,39.98626118563278,-75.16881562132892,13.573340605857085,2.2797543907344435,-2.5639052228227213,-0.0018390816666751103,0.9895741686414444,-0.24282076461493357,-1.1092227001551225,0.0,0.0,0.0,0.0,0.0,0.0,4.0047016891610764e-29,2.847787867847831e-28,8.20730885791946e-27,1.2621774483536176e-29,5.965760595733843e-28,2.238611441705925e-34,1.424880010055438e-29,2.6816648545648054e-30,3.3965392350422503e-28,NaN,NaN,NaN,NaN,NaN,NaN
2025-06-11T20:51:46Z,39.98626118563278,-75.16881562132892,13.573340605857085,2.2800824126142616,-2.5631285176735443,-0.0018368796093708654,0.9895797649620606,-0.2428454408979342,-1.1091934387899318,0.0,0.0,0.0,0.0,0.0,0.0,4.0047016891610764e-29,2.847787867847831e-28,8.20730885791946e-27,3.818086781269743e-28,5.965760595733843e-28,2.1107176563364828e-34,5.207714569623038e-29,6.520428419717522e-30,1.2621774483536176e-29,NaN,NaN,NaN,NaN,NaN,NaN
2025-06-11T20:51:47Z,39.98626118563278,-75.16881562132892,13.573340605857085,2.2804194895700176,-2.56257290397535,-0.0018345914725681183,0.989570736315399,-0.2428617038881435,-1.109175799203319,0.0,0.0,0.0,0.0,0.0,0.0,4.0047016891610764e-29,2.847787867847831e-28,8.20730885791946e-27,4.9303806576312965e-30,1.5461673742331766e-28,6.110689833314631e-34,9.984020831703345e-31,1.112417135878059e-30,1.1359597035182496e-28,NaN,NaN,NaN,NaN,NaN,NaN
2025-06-11T20:51:48Z,39.98626118563278,-75.16881562132892,13.573340605857085,2.2809145087314655,-2.5609076259281878,-0.0018329576357418356,0.9895233461563019,-0.2428711519446681,-1.1091050071532014,0.0,0.0,0.0,0.0,0.0,0.0,4.0047016891610764e-29,2.847787867847831e-28,8.20730885791946e-27,7.888609052210074e-29,9.389416924392928e-28,1.0833355937178131e-34,1.1093356479670406e-31,5.0544105460498106e-30,1.8952383247934968e-28,NaN,NaN,NaN,NaN,NaN,NaN
2025-06-11T20:51:49Z,39.98626118563278,-75.16881562132892,13.573340605857085,2.2810238585759888,-2.5605833969154346,-0.0018303741181835208,0.9895331874325748,-0.2429181458778752,-1.1090852280350463,0.0,0.0,0.0,0.0,0.0,0.0,4.0047016891610764e-29,2.847787867847831e-28,8.20730885791946e-27,7.119469669619578e-29,7.09974814698906e-30,3.979753674143996e-34,1.2823920090499156e-28,4.0752677623234515e-31,3.478876592024674e-28,NaN,NaN,NaN,NaN,NaN,NaN
2025-06-11T20:51:50Z,39.98626118563278,-75.16881562132892,13.573340605857085,2.281081485098651,-2.560217235004171,-0.0018277715661034297,0.9895260098524323,-0.2429271899886033,-1.1090663684326407,0.0,0.0,0.0,0.0,0.0,0.0,4.0047016891610764e-29,2.847787867847831e-28,8.20730885791946e-27,7.827472332055408e-28,5.0487097934144705e-29,9.103028252767904e-35,5.86838557774558e-29,6.952607099237893e-30,2.1742978700154214e-29,NaN,NaN,NaN,NaN,NaN,NaN
2025-06-11T20:51:51Z,39.98626118563278,-75.16881562132892,13.573340605857085,2.2810341116535358,-2.5592750946426652,-0.001825345154536942,0.9895026908485233,-0.2429412907040294,-1.109010265219596,0.0,0.0,0.0,0.0,0.0,0.0,4.0047016891610764e-29,2.847787867847831e-28,8.20730885791946e-27,1.8952383247934968e-28,9.663546088957354e-30,1.9865854528896475e-34,1.8952383247934968e-28,1.054639237546441e-30,4.9303806576312965e-30,NaN,NaN,NaN,NaN,NaN,NaN
2025-06-11T20:51:52Z,39.98626118563278,-75.16881562132892,13.573340605857085,2.2808409361152373,-2.5582102021198545,-0.0018228523937570405,0.9894890216124003,-0.2429736776908864,-1.1089388720163045,0.0,0.0,0.0,0.0,0.0,0.0,4.0047016891610764e-29,2.847787867847831e-28,8.20730885791946e-27,3.155443620884044e-30,9.119232064354803e-28,3.9543629961662393e-35,8.697191480061685e-29,7.39865247435803e-30,1.3331749298235304e-28,NaN,NaN,NaN,NaN,NaN,NaN
2025-06-11T20:51:53Z,39.98626118563278,-75.16881562132892,13.573340605857085,2.280804513561803,-2.5580515168268954,-0.0018200960741736425,0.9895106592921215,-0.24300076782731336,-1.108926380405262,0.0,0.0,0.0,0.0,0.0,0.0,4.0047016891610764e-29,2.847787867847831e-28,8.20730885791946e-27,1.6585800532272042e-28,3.8654184355829416e-29,5.759922319029169e-35,2.8104402343662743e-28,4.9303806576312965e-30,7.499108980257175e-29,NaN,NaN,NaN,NaN,NaN,NaN
2025-06-11T20:51:54Z,39.98626118563278,-75.16881562132892,13.573340605857085,2.2810056436301993,-2.5575583926307526,-0.0018177095995199,0.9895009738775762,-0.24300029516202276,-1.1089090401882182,0.0,0.0,0.0,0.0,0.0,0.0,4.0047016891610764e-29,2.847787867847831e-28,8.20730885791946e-27,6.634320212908817e-28,7.09974814698906e-30,6.770847460736418e-34,1.5461673742331766e-28,1.5315765289745172e-29,8.332343311397065e-30,NaN,NaN,NaN,NaN,NaN,NaN
2025-06-11T20:51:55Z,39.98626118563278,-75.16881562132892,13.573340605857085,2.2818204784313525,-2.556489366026338,-0.0018161326593467211,0.9894760932768886,-0.24299613585655527,-1.1088886669293851,0.0,0.0,0.0,0.0,0.0,0.0,4.0047016891610764e-29,2.847787867847831e-28,8.20730885791946e-27,1.2621774483536176e-29,8.59069525785677e-28,3.2391922331259254e-34,1.307660209920259e-28,1.112417135878059e-30,7.09974814698906e-30,NaN,NaN,NaN,NaN,NaN,NaN
2025-06-11T20:51:56Z,39.98626118563278,-75.16881562132892,13.573340605857085,2.282406137946321,-2.5548767137132526,-0.0018146032327609925,0.9894275337667796,-0.2430217372752404,-1.108821325121918,0.0,0.0,0.0,0.0,0.0,0.0,4.0047016891610764e-29,2.847787867847831e-28,8.20730885791946e-27,9.545216953174357e-29,6.407522702657722e-28,9.94938418535999e-35,6.03971630559833e-29,6.379450347788204e-30,2.839899258795624e-29,NaN,NaN,NaN,NaN,NaN,NaN
2025-06-11T20:51:57Z,39.98626118563278,-75.16881562132892,13.573340605857085,2.2829813921198157,-2.5531834448204322,-0.0018131055671407018,0.9893933420925496,-0.24305957413941817,-1.1087487198377044,0.0,0.0,0.0,0.0,0.0,0.0,4.0047016891610764e-29,2.847787867847831e-28,8.20730885791946e-27,2.847787867847831e-28,7.119469669619578e-29,3.9543629961662393e-35,6.213512223779972e-29,1.6301071049293806e-30,1.1837843958972849e-28,NaN,NaN,NaN,NaN,NaN,NaN
2025-06-11T20:51:58Z,39.98626118563278,-75.16881562132892,13.573340605857085,2.2834254760131447,-2.552101137590216,-0.001811222640209674,0.9893794138162635,-0.24310122844110216,-1.108703268202761,0.0,0.0,0.0,0.0,0.0,0.0,4.0047016891610764e-29,2.847787867847831e-28,8.20730885791946e-27,3.8654184355829416e-29,1.2621774483536119e-27,2.1741943512808807e-34,4.2906637673036887e-29,1.44591116504815e-29,1.089121087270745e-28,NaN,NaN,NaN,NaN,NaN,NaN
2025-06-11T20:51:59Z,39.98626118563278,-75.16881562132892,13.573340605857085,2.283623899325838,-2.5514565514862273,-0.001808933337368662,0.9893697108435933,-0.2431308402338407,-1.1086720982667881,0.0,0.0,0.0,0.0,0.0,0.0,4.0047016891610764e-29,2.847787867847831e-28,8.20730885791946e-27,1.5974433330725352e-29,5.129568036199662e-28,1.4745401136714712e-34,2.381497117152371e-28,4.218556950185764e-30,2.1742978700154214e-29,NaN,NaN,NaN,NaN,NaN,NaN
2025-06-11T20:52:00Z,39.98626118563278,-75.16881562132892,13.573340605857085,2.2846300490657714,-2.548870242247222,-0.001808228925256683,0.9893015216549748,-0.24312977999159588,-1.1085766049738315,0.0,0.0,0.0,0.0,0.0,0.0,4.0047016891610764e-29,2.847787867847831e-28,8.20730885791946e-27,7.827472332055408e-28,1.1359597035182496e-28,1.175494350822279e-34,1.424880010055438e-29,1.0909237576986983e-29,5.699520040221752e-29,NaN,NaN,NaN,NaN,NaN,NaN
2025-06-11T20:52:01Z,39.98626118563278,-75.16881562132892,13.573340605857085,2.2852125158525056,-2.54673083363501,-0.001806955793217821,0.9892608190006561,-0.2431989175031273,-1.1084744593035434,0.0,0.0,0.0,0.0,0.0,0.0,4.0047016891610764e-29,2.847787867847831e-28,8.20730885791946e-27,6.634320212908817e-28,3.478876592024674e-28,9.103028252767904e-35,2.3863042382935893e-29,3.8834451398624826e-30,9.984020831703524e-29,NaN,NaN,NaN,NaN,NaN,NaN
2025-06-11T20:52:02Z,39.98626118563278,-75.16881562132892,13.573340605857085,2.2857805012839525,-2.5435762971018607,-0.0018061270572716805,0.9891914769169333,-0.2432549481442682,-1.1083186747264417,0.0,0.0,0.0,0.0,0.0,0.0,4.0047016891610764e-29,2.847787867847831e-28,8.20730885791946e-27,4.7351375835891395e-28,2.839899258795624e-29,8.192725427490969e-34,1.5739007654323528e-28,2.0830858278492662e-30,4.930380657631319e-32,NaN,NaN,NaN,NaN,NaN,NaN
2025-06-11T20:52:03Z,39.98626118563278,-75.16881562132892,13.573340605857085,2.2858211663757113,-2.5434648231290056,-0.001803483898744972,0.9892345509278525,-0.24334306412926884,-1.1083026368076216,0.0,0.0,0.0,0.0,0.0,0.0,4.0047016891610764e-29,2.847787867847831e-28,8.20730885791946e-27,1.0799505792475557e-27,8.697191480061685e-29,1.3588714695505505e-35,1.2823920090499156e-28,1.9721522630525275e-31,7.88860905221011e-31,NaN,NaN,NaN,NaN,NaN,NaN
2025-06-11T20:52:04Z,39.98626118563278,-75.16881562132892,13.573340605857085,2.2859511377510544,-2.5427936427566036,-0.0018011756966735122,0.9892159410911455,-0.24334467070841412,-1.108271457555573,0.0,0.0,0.0,0.0,0.0,0.0,4.0047016891610764e-29,2.847787867847831e-28,8.20730885791946e-27,2.279808016088701e-28,9.119232064354803e-28,1.3710966107991106e-34,3.0770505684277186e-28,1.642124907782335e-29,3.332937324558826e-29,NaN,NaN,NaN,NaN,NaN,NaN
2025-06-11T20:52:05Z,39.98626118563278,-75.16881562132892,13.573340605857085,2.286167860568789,-2.541889928116568,-0.0017990533069124363,0.9891989164912941,-0.24336025295972566,-1.1082296892436965,0.0,0.0,0.0,0.0,0.0,0.0,4.0047016891610764e-29,2.847787867847831e-28,8.20730885791946e-27,3.8654184355829416e-29,9.389416924392928e-28,2.238611441705925e-34,1.6301071049293405e-28,1.112417135878059e-30,5.0487097934144705e-29,NaN,NaN,NaN,NaN,NaN,NaN
2025-06-11T20:52:06Z,39.98626118563278,-75.16881562132892,13.573340605857085,2.2862993490810273,-2.5415985611257916,-0.001796591479626311,0.9892026782019837,-0.24338345740747552,-1.1082165270089313,0.0,0.0,0.0,0.0,0.0,0.0,4.0047016891610764e-29,2.847787867847831e-28,8.20730885791946e-27,7.09974814698915e-28,1.2308202273710874e-27,5.183930087126362e-34,4.2906637673036887e-29,9.491753137918112e-30,3.9936083326814095e-28,NaN,NaN,NaN,NaN,NaN,NaN
2025-06-11T20:52:07Z,39.98626118563278,-75.16881562132892,13.573340605857085,2.28625409962621,-2.541170083668751,-0.0017940444186136083,0.9891918132894647,-0.24339487692778558,-1.1081889152157687,0.0,0.0,0.0,0.0,0.0,0.0,4.0047016891610764e-29,2.847787867847831e-28,8.20730885791946e-27,7.88860905221011e-31,9.389416924392928e-28,2.048181356872742e-34,2.608171367887009e-29,7.248429938695734e-30,8.332343311397065e-30,NaN,NaN,NaN,NaN,NaN,NaN
2025-06-11T20:52:08Z,39.98626118563278,-75.16881562132892,13.573340605857085,2.2841827186478083,-2.5362984037197123,-0.001791715105037969,0.9890411853173215,-0.2434761083154741,-1.1078112957567323,0.0,0.0,0.0,0.0,0.0,0.0,4.0047016891610764e-29,2.847787867847831e-28,8.20730885791946e-27,2.699876448118889e-28,2.279808016088701e-28,1.2714146898494056e-34,3.5942474994132205e-29,1.146621651690381e-29,5.699520040221752e-29,NaN,NaN,NaN,NaN,NaN,NaN
2025-06-11T20:52:09Z,39.98626118563278,-75.16881562132892,13.573340605857085,2.2831370673349873,-2.5333136575311004,-0.001789446672713055,0.9890962946086499,-0.24361795130525193,-1.107589825207323,0.0,0.0,0.0,0.0,0.0,0.0,4.0047016891610764e-29,2.847787867847831e-28,8.20730885791946e-27,2.0194839173657882e-28,3.478876592024674e-28,3.4775824874726857e-34,4.9303806576312965e-30,1.553378055944993e-29,7.09974814698906e-30,NaN,NaN,NaN,NaN,NaN,NaN
2025-06-11T20:52:10Z,39.98626118563278,-75.16881562132892,13.573340605857085,2.282797379534704,-2.5309866254209563,-0.0017875048123734342,0.9891099443815495,-0.2437004884157734,-1.10744051367026,0.0,0.0,0.0,0.0,0.0,0.0,4.0047016891610764e-29,2.847787867847831e-28,8.20730885791946e-27,4.437342591868219e-29,1.7749370367472875e-28,6.110689833314631e-34,2.7733391199176368e-30,7.88860905221011e-31,1.424880010055438e-29,NaN,NaN,NaN,NaN,NaN,NaN
2025-06-11T20:52:11Z,39.98626118563278,-75.16881562132892,13.573340605857085,2.2814776326415704,-2.5289568226061134,-0.0017845923746394952,0.9890961115141705,-0.24379950646862217,-1.1072556981725519,0.0,0.0,0.0,0.0,0.0,0.0,4.0047016891610764e-29,2.847787867847831e-28,8.20730885791946e-27,1.9721522630525186e-29,2.99964359210287e-28,1.1289447745297288e-34,6.56849963112934e-29,3.774822690998956e-30,4.4373425918681625e-31,NaN,NaN,NaN,NaN,NaN,NaN
2025-06-11T20:52:12Z,39.98626118563278,-75.16881562132892,13.573340605857085,2.2790590841782685,-2.526223280873685,-0.001781051641933373,0.9890767084991352,-0.2439119216172653,-1.1069819996625658,0.0,0.0,0.0,0.0,0.0,0.0,4.0047016891610764e-29,2.847787867847831e-28,8.20730885791946e-27,9.545216953174357e-29,1.4927220479044375e-27,1.175494350822279e-34,5.533119693026709e-29,8.985618748533051e-30,2.279808016088701e-28,NaN,NaN,NaN,NaN,NaN,NaN
2025-06-11T20:52:13Z,39.98626118563278,-75.16881562132892,13.573340605857085,2.27599095949362,-2.522831500912986,-0.0017772518132573867,0.9890779009079813,-0.2440502720315487,-1.1066426959471207,0.0,0.0,0.0,0.0,0.0,0.0,4.0047016891610764e-29,2.847787867847831e-28,8.20730885791946e-27,1.2621774483536176e-29,1.5974433330725638e-27,4.515779098118915e-34,2.4158865222393385e-30,1.1717357781651836e-30,9.116273835960397e-29,NaN,NaN,NaN,NaN,NaN,NaN
2025-06-11T20:52:14Z,39.98626118563278,-75.16881562132892,13.573340605857085,2.2429713969829077,-2.4862243477571044,-0.001762305214456893,0.9879417767383173,-0.24511272502027437,-1.102929542046558,0.0,0.0,0.0,0.0,0.0,0.0,4.0047016891610764e-29,2.847787867847831e-28,8.20730885791946e-27,2.279808016088701e-28,2.0194839173657882e-28,6.658470200797719e-34,3.205980022624789e-29,2.2464046871332628e-30,1.7749370367472875e-28,NaN,NaN,NaN,NaN,NaN,NaN
2025-06-11T20:52:15Z,39.98626118563278,-75.16881562132892,13.573340605857085,2.210896214118003,-2.450664364665447,-0.001747754318088209,0.9883140056308987,-0.24668592716825918,-1.0993970834827838,0.0,0.0,0.0,0.0,0.0,0.0,4.0047016891610764e-29,2.847787867847831e-28,8.20730885791946e-27,8.077935669463153e-28,3.8654184355829416e-29,4.066740256104818e-34,8.905500062846552e-29,1.1279016126309496e-29,2.3863042382935893e-29,NaN,NaN,NaN,NaN,NaN,NaN
2025-06-11T20:52:16Z,39.98626118563278,-75.16881562132892,13.573340605857085,2.179725467351234,-2.4161072528241068,-0.001733582530085488,0.9886693785615603,-0.24821566292863853,-1.0959632960067167,0.0,0.0,0.0,0.0,0.0,0.0,4.0047016891610764e-29,2.847787867847831e-28,8.20730885791946e-27,7.580953299173987e-28,1.9721522630525186e-29,3.9543629961662393e-35,1.4914401489334606e-28,1.054639237546441e-30,9.116273835960397e-29,NaN,NaN,NaN,NaN,NaN,NaN
2025-06-11T20:52:17Z,39.98626118563278,-75.16881562132892,13.573340605857085,2.1494214344242195,-2.382511177326893,-0.0017197741781761313,0.9890088598908561,-0.24970368809198357,-1.0926240860818641,0.0,0.0,0.0,0.0,0.0,0.0,4.0047016891610764e-29,2.847787867847831e-28,8.20730885791946e-27,4.35648434908298e-28,5.332699719294121e-28,1.9865854528896475e-34,1.0660715576963415e-28,1.3589361687596383e-30,2.3863042382935893e-29,NaN,NaN,NaN,NaN,NaN,NaN
2025-06-11T20:52:18Z,39.98626118563278,-75.16881562132892,13.573340605857085,2.143386826652227,-2.375913172717782,-0.0017149579197328142,0.990249980102692,-0.2504361668242311,-1.0920218337834429,0.0,0.0,0.0,0.0,0.0,0.0,4.0047016891610764e-29,2.847787867847831e-28,8.20730885791946e-27,3.332937324558826e-29,7.827472332055408e-28,5.0856587593976225e-34,1.257370327212431e-28,3.155443620884044e-30,1.8952383247934968e-28,NaN,NaN,NaN,NaN,NaN,NaN
2025-06-11T20:52:19Z,39.98626118563278,-75.16881562132892,13.573340605857085,2.138342740012572,-2.3703981754639027,-0.0017105288816875097,0.9903468706411006,-0.25069679029123276,-1.091472261053037,0.0,0.0,0.0,0.0,0.0,0.0,4.0047016891610764e-29,2.847787867847831e-28,8.20730885791946e-27,2.699876448118889e-28,3.646509534384159e-28,2.487346046339997e-35,4.0047016891610764e-29,1.2621774483536176e-29,3.478876592024674e-28,NaN,NaN,NaN,NaN,NaN,NaN
2025-06-11T20:52:20Z,39.98626118563278,-75.16881562132892,13.573340605857085,2.1283839062048293,-2.359526940228832,-0.0017042572436913575,0.9902071696114603,-0.25108958084182564,-1.090371619915761,0.0,0.0,0.0,0.0,0.0,0.0,4.0047016891610764e-29,2.847787867847831e-28,8.20730885791946e-27,7.580953299173987e-28,7.827472332055408e-28,1.3710966107991106e-34,2.279808016088701e-28,9.984020831703345e-31,1.6585800532272042e-28,NaN,NaN,NaN,NaN,NaN,NaN
2025-06-11T20:52:21Z,39.98626118563278,-75.16881562132892,13.573340605857085,2.0994871624663665,-2.327486695236406,-0.0016910942085483394,0.9895596248296014,-0.25214759192240066,-1.0871390784733068,0.0,0.0,0.0,0.0,0.0,0.0,4.0047016891610764e-29,2.847787867847831e-28,8.20730885791946e-27,6.1846694969327065e-28,6.634320212908817e-28,2.0735720348505224e-35,3.462359816821565e-29,3.155443620884044e-30,3.081487911019555e-29,NaN,NaN,NaN,NaN,NaN,NaN
2025-06-11T20:52:22Z,39.98626118563278,-75.16881562132892,13.573340605857085,2.094245678068754,-2.3217756732166337,-0.0016866371341090897,0.9907555460069849,-0.2528319930331332,-1.0866218787064286,0.0,0.0,0.0,0.0,0.0,0.0,4.0047016891610764e-29,2.847787867847831e-28,8.20730885791946e-27,5.332699719294121e-28,1.8952383247934968e-28,3.0092655381050393e-34,4.586486606761524e-29,6.807006795442157e-30,1.8345946427046095e-28,NaN,NaN,NaN,NaN,NaN,NaN
2025-06-11T20:52:23Z,39.98626118563278,-75.16881562132892,13.573340605857085,2.0662641394166137,-2.2907490141917894,-0.0016738755727777506,0.9899156434178725,-0.25377847786173285,-1.083480963541908,0.0,0.0,0.0,0.0,0.0,0.0,4.0047016891610764e-29,2.847787867847831e-28,8.20730885791946e-27,1.6585800532272042e-28,2.847787867847831e-28,1.5817451984664957e-34,2.0830858278492662e-30,1.925929944387222e-30,3.3965392350422503e-28,NaN,NaN,NaN,NaN,NaN,NaN
2025-06-11T20:52:24Z,39.98626118563278,-75.16881562132892,13.573340605857085,2.0390204730428403,-2.2605406590657413,-0.0016614222327572612,0.9902011029330126,-0.25511893681937986,-1.0804755749618806,0.0,0.0,0.0,0.0,0.0,0.0,4.0047016891610764e-29,2.847787867847831e-28,8.20730885791946e-27,6.1846694969327065e-28,1.5272347125078972e-27,6.436536867362517e-34,1.0207120556461127e-28,1.925929944387222e-30,9.663546088957354e-30,NaN,NaN,NaN,NaN,NaN,NaN
2025-06-11T20:52:25Z,39.98626118563278,-75.16881562132892,13.573340605857085,2.0317551417929747,-2.252601761881352,-0.0016562791261511035,0.9912295217642006,-0.25583672206374575,-1.079725705827143,0.0,0.0,0.0,0.0,0.0,0.0,4.0047016891610764e-29,2.847787867847831e-28,8.20730885791946e-27,3.1554436208840297e-28,0.0,1.2714146898494056e-34,6.213512223779972e-29,6.240013019814702e-30,9.116273835960397e-29,NaN,NaN,NaN,NaN,NaN,NaN
2025-06-11T20:52:26Z,39.98626118563278,-75.16881562132892,13.573340605857085,2.031121149104956,-2.2521111234201525,-0.0016535375717050766,0.9915573823626916,-0.25598490812164254,-1.0796828412257964,0.0,0.0,0.0,0.0,0.0,0.0,4.0047016891610764e-29,2.847787867847831e-28,8.20730885791946e-27,4.35648434908298e-28,1.1359597035182496e-28,6.003954946259891e-34,1.0660715576963415e-28,1.2621774483536176e-29,2.608171367887009e-29,NaN,NaN,NaN,NaN,NaN,NaN
2025-06-11T20:52:27Z,39.98626118563278,-75.16881562132892,13.573340605857085,2.0306556454701403,-2.252704002091098,-0.001650479859373828,0.9916006451538565,-0.2560018622175893,-1.0796942980370179,0.0,0.0,0.0,0.0,0.0,0.0,4.0047016891610764e-29,2.847787867847831e-28,8.20730885791946e-27,8.33234331139686e-28,9.663546088957354e-30,1.175494350822281e-36,4.0047016891610764e-29,7.09974814698906e-30,1.1359597035182496e-28,NaN,NaN,NaN,NaN,NaN,NaN
2025-06-11T20:52:28Z,39.98626118563278,-75.16881562132892,13.573340605857085,2.0298322138487332,-2.2536316178060773,-0.0016469861312106396,0.9916279918018424,-0.25600132898474964,-1.079708611285527,0.0,0.0,0.0,0.0,0.0,0.0,4.0047016891610764e-29,2.847787867847831e-28,8.20730885791946e-27,1.0799505792475557e-27,1.1359597035182496e-28,5.793306358592598e-34,1.0207120556461127e-28,5.1799811784239004e-30,5.369184536160481e-29,NaN,NaN,NaN,NaN,NaN,NaN
2025-06-11T20:52:29Z,39.98626118563278,-75.16881562132892,13.573340605857085,2.028498766891633,-2.2557637193950475,-0.0016425574587855423,0.9916940108274535,-0.2559988341227331,-1.079767094173796,0.0,0.0,0.0,0.0,0.0,0.0,4.0047016891610764e-29,2.847787867847831e-28,8.20730885791946e-27,3.9936083326814095e-28,2.5559093329160563e-28,1.6927118651841045e-34,1.7798674174048944e-29,1.2325951644078297e-32,2.847787867847831e-28,NaN,NaN,NaN,NaN,NaN,NaN
2025-06-11T20:52:30Z,39.98626118563278,-75.16881562132892,13.573340605857085,2.0283040940411032,-2.2577640342760144,-0.00163915337167967,0.991752572396569,-0.2559290996762797,-1.0798830327181674,0.0,0.0,0.0,0.0,0.0,0.0,4.0047016891610764e-29,2.847787867847831e-28,8.20730885791946e-27,2.847787867847831e-28,2.839899258795624e-29,1.925929944387234e-34,1.307660209920259e-28,1.467096394436395e-29,8.697191480061685e-29,NaN,NaN,NaN,NaN,NaN,NaN
2025-06-11T20:52:31Z,39.98626118563278,-75.16881562132892,13.573340605857085,2.0283762661452394,-2.2603041869776828,-0.0016357517934690073,0.9918005842431089,-0.25586583154486453,-1.0800356607003763,0.0,0.0,0.0,0.0,0.0,0.0,4.0047016891610764e-29,2.847787867847831e-28,8.20730885791946e-27,3.3151879541912963e-28,1.0432685471548036e-28,6.43700706510279e-35,1.6874227800743057e-29,6.039716305598346e-31,5.965760595733973e-30,NaN,NaN,NaN,NaN,NaN,NaN
2025-06-11T20:52:32Z,39.98626118563278,-75.16881562132892,13.573340605857085,2.02875524799277,-2.262870920694203,-0.0016326053376903278,0.9918335084326583,-0.2557829153539482,-1.080205580610337,0.0,0.0,0.0,0.0,0.0,0.0,4.0047016891610764e-29,2.847787867847831e-28,8.20730885791946e-27,1.774937036747265e-30,6.389773332290141e-29,6.43700706510279e-35,1.2325951644078241e-30,2.0719924713695602e-29,6.749691120297223e-29,NaN,NaN,NaN,NaN,NaN,NaN
2025-06-11T20:52:33Z,39.98626118563278,-75.16881562132892,13.573340605857085,2.029757427415842,-2.268746295262987,-0.0016285775150313932,0.9919632737678707,-0.2556759320101149,-1.0805897599497505,0.0,0.0,0.0,0.0,0.0,0.0,4.0047016891610764e-29,2.847787867847831e-28,8.20730885791946e-27,9.545216953174357e-29,2.1476738144641925e-28,3.3971786738764006e-34,3.462359816821565e-29,7.39865247435803e-30,4.4373425918681625e-31,NaN,NaN,NaN,NaN,NaN,NaN
2025-06-11T20:52:34Z,39.98626118563278,-75.16881562132892,13.573340605857085,2.030474868331842,-2.2713801769449717,-0.0016257041833665669,0.9919124758126745,-0.2555069183234156,-1.0807858687870397,0.0,0.0,0.0,0.0,0.0,0.0,4.0047016891610764e-29,2.847787867847831e-28,8.20730885791946e-27,3.9936083326814095e-28,2.5559093329160563e-28,3.3971786738764006e-34,3.462359816821565e-29,9.321500930834129e-30,4.738095811983742e-29,NaN,NaN,NaN,NaN,NaN,NaN
2025-06-11T20:52:35Z,39.98626118563278,-75.16881562132892,13.573340605857085,2.0312152505809533,-2.2747622026710768,-0.0016225401104617556,0.9919530123155959,-0.2554160845241627,-1.0810161614682545,0.0,0.0,0.0,0.0,0.0,0.0,4.0047016891610764e-29,2.847787867847831e-28,8.20730885791946e-27,7.338378570818438e-28,1.6585800532272042e-28,3.08496737429798e-34,2.4505224463592275e-28,7.703719777548887e-30,4.9303806576312965e-30,NaN,NaN,NaN,NaN,NaN,NaN
2025-06-11T20:52:36Z,39.98626118563278,-75.16881562132892,13.573340605857085,2.0317431718775603,-2.2775988383590198,-0.0016194400331505717,0.99196106564447,-0.25531348522638014,-1.0812074881742777,0.0,0.0,0.0,0.0,0.0,0.0,4.0047016891610764e-29,2.847787867847831e-28,8.20730885791946e-27,9.663546088957354e-30,1.3331749298235304e-28,5.689392657979815e-34,4.738095811983742e-29,2.0830858278492662e-30,1.232595164407822e-28,NaN,NaN,NaN,NaN,NaN,NaN
2025-06-11T20:52:37Z,39.98626118563278,-75.16881562132892,13.573340605857085,2.0324628342084763,-2.280771786891258,-0.0016163654954913535,0.9919963494110304,-0.25521657630391525,-1.0814267983277441,0.0,0.0,0.0,0.0,0.0,0.0,4.0047016891610764e-29,2.847787867847831e-28,8.20730885791946e-27,8.33234331139686e-28,3.8654184355829416e-29,1.5276724583286577e-34,1.4914401489334933e-30,4.4373425918681625e-31,1.2325951644078241e-30,NaN,NaN,NaN,NaN,NaN,NaN
2025-06-11T20:52:38Z,39.98626118563278,-75.16881562132892,13.573340605857085,2.0331399135026156,-2.2852398349580216,-0.0016127161328128618,0.9920602093504559,-0.25511037744553355,-1.081715983472621,0.0,0.0,0.0,0.0,0.0,0.0,4.0047016891610764e-29,2.847787867847831e-28,8.20730885791946e-27,4.930380657631288e-28,5.0487097934144705e-29,1.0386668083865596e-34,8.332343311397065e-30,9.663546088957354e-30,7.09974814698906e-30,NaN,NaN,NaN,NaN,NaN,NaN
2025-06-11T20:52:39Z,39.98626118563278,-75.16881562132892,13.573340605857085,2.034569024782546,-2.2916283885484825,-0.0016088879869611643,0.9921641917351391,-0.254944076650927,-1.0821547163729983,0.0,0.0,0.0,0.0,0.0,0.0,4.0047016891610764e-29,2.847787867847831e-28,8.20730885791946e-27,1.3260751816765185e-27,6.634320212908817e-28,4.154667233546238e-34,1.208066520636117e-28,2.1742978700154214e-29,2.839899258795624e-29,NaN,NaN,NaN,NaN,NaN,NaN
2025-06-11T20:52:40Z,39.98626118563278,-75.16881562132892,13.573340605857085,2.0356267627079183,-2.2966504749196153,-0.0016053406142334447,0.9921676866269327,-0.25474997461275956,-1.0825001647744994,0.0,0.0,0.0,0.0,0.0,0.0,4.0047016891610764e-29,2.847787867847831e-28,8.20730885791946e-27,1.2621774483536119e-27,1.5621418075639201e-27,3.724436301145363e-34,1.1359597035182496e-28,6.039716305598346e-31,3.0770505684277186e-28,NaN,NaN,NaN,NaN,NaN,NaN
2025-06-11T20:52:41Z,39.98626118563278,-75.16881562132892,13.573340605857085,2.0368661244470254,-2.3017574918830044,-0.0016019175368350497,0.992210144950255,-0.2545821692593305,-1.082857404386882,0.0,0.0,0.0,0.0,0.0,0.0,4.0047016891610764e-29,2.847787867847831e-28,8.20730885791946e-27,1.2621774483536176e-29,2.1476738144641925e-28,1.5817451984664957e-34,2.2464046871332845e-28,2.7733391199176368e-30,9.545216953174357e-29,NaN,NaN,NaN,NaN,NaN,NaN
2025-06-11T20:52:42Z,39.98626118563278,-75.16881562132892,13.573340605857085,2.039143931329962,-2.309421763254611,-0.0015982838898683746,0.992330215059908,-0.2543783063743388,-1.0834091310326128,0.0,0.0,0.0,0.0,0.0,0.0,4.0047016891610764e-29,2.847787867847831e-28,8.20730885791946e-27,3.9936083326814095e-28,1.3331749298235304e-28,2.1741943512808807e-34,1.4376989997652882e-28,3.355740335100301e-30,3.332937324558826e-29,NaN,NaN,NaN,NaN,NaN,NaN
2025-06-11T20:52:43Z,39.98626118563278,-75.16881562132892,13.573340605857085,2.0406726853737136,-2.3155749347878887,-0.0015946791052077562,0.9923237999793639,-0.25414386716676796,-1.083840596501625,0.0,0.0,0.0,0.0,0.0,0.0,4.0047016891610764e-29,2.847787867847831e-28,8.20730885791946e-27,6.389773332290141e-29,2.3863042382935893e-29,6.110689833314631e-34,1.7798674174048944e-29,4.930380657631319e-32,3.9053545189098003e-28,NaN,NaN,NaN,NaN,NaN,NaN
2025-06-11T20:52:44Z,39.98626118563278,-75.16881562132892,13.573340605857085,2.041971909319864,-2.321261496788998,-0.0015910917376442987,0.9923503465143085,-0.2539483282843908,-1.0842339060672455,0.0,0.0,0.0,0.0,0.0,0.0,4.0047016891610764e-29,2.847787867847831e-28,8.20730885791946e-27,9.663546088957328e-28,5.0487097934144705e-29,5.898160454685885e-34,7.499108980257175e-29,8.014950056561973e-30,1.3331749298235304e-28,NaN,NaN,NaN,NaN,NaN,NaN
2025-06-11T20:52:45Z,39.98626118563278,-75.16881562132892,13.573340605857085,2.04295654665782,-2.3251595652662265,-0.0015880059928827202,0.9923347498798413,-0.2537762209734644,-1.0845114496376302,0.0,0.0,0.0,0.0,0.0,0.0,4.0047016891610764e-29,2.847787867847831e-28,8.20730885791946e-27,9.941619558047956e-28,4.437342591868219e-29,1.925929944387234e-34,1.3331749298235304e-28,2.1228370219014065e-29,1.2823920090499156e-28,NaN,NaN,NaN,NaN,NaN,NaN
2025-06-11T20:52:46Z,39.98626118563278,-75.16881562132892,13.573340605857085,2.0441678757291197,-2.331485366690787,-0.0015840986309888494,0.9924376396189382,-0.25363397449799613,-1.0849319001379754,0.0,0.0,0.0,0.0,0.0,0.0,4.0047016891610764e-29,2.847787867847831e-28,8.20730885791946e-27,1.232595164407822e-28,7.88860905221011e-31,7.904024014929047e-35,1.1093356479670547e-29,6.520428419717522e-30,4.437342591868219e-29,NaN,NaN,NaN,NaN,NaN,NaN
2025-06-11T20:52:47Z,39.98626118563278,-75.16881562132892,13.573340605857085,2.0457373586409044,-2.3394448106993564,-0.0015798126935522782,0.9925412630426916,-0.2534166093473489,-1.0854677725878374,0.0,0.0,0.0,0.0,0.0,0.0,4.0047016891610764e-29,2.847787867847831e-28,8.20730885791946e-27,1.5461673742331766e-28,1.3331749298235304e-28,1.5234406786656715e-35,2.847787867847831e-28,8.985618748533051e-30,3.5942474994132205e-29,NaN,NaN,NaN,NaN,NaN,NaN
2025-06-11T20:52:48Z,39.98626118563278,-75.16881562132892,13.573340605857085,2.047308126444027,-2.3462629356234497,-0.0015760163223095603,0.9925689260703816,-0.2531638715016261,-1.0859431624323526,0.0,0.0,0.0,0.0,0.0,0.0,4.0047016891610764e-29,2.847787867847831e-28,8.20730885791946e-27,5.332699719294121e-28,8.33234331139686e-28,4.515779098118915e-34,1.4644463148329608e-28,5.2077145696231654e-31,1.089121087270745e-28,NaN,NaN,NaN,NaN,NaN,NaN
2025-06-11T20:52:49Z,39.98626118563278,-75.16881562132892,13.573340605857085,2.049388352094645,-2.3561645174962433,-0.0015713613460605156,0.9927159902134245,-0.25291791513267153,-1.086612575380206,0.0,0.0,0.0,0.0,0.0,0.0,4.0047016891610764e-29,2.847787867847831e-28,8.20730885791946e-27,1.2621774483536176e-29,1.9721522630525275e-31,6.326980793865983e-34,7.308056729774034e-29,8.905500062846488e-31,1.7162655069214755e-28,NaN,NaN,NaN,NaN,NaN,NaN
2025-06-11T20:52:50Z,39.98626118563278,-75.16881562132892,13.573340605857085,2.0507014555817613,-2.3623106451920797,-0.0015676572579541065,0.9926709185034643,-0.25262907147020264,-1.0870404060727836,0.0,0.0,0.0,0.0,0.0,0.0,4.0047016891610764e-29,2.847787867847831e-28,8.20730885791946e-27,1.4376989997652882e-28,3.818086781269743e-28,7.946341811558785e-36,3.462359816821565e-29,7.09974814698906e-30,4.9303806576312965e-30,NaN,NaN,NaN,NaN,NaN,NaN
2025-06-11T20:52:51Z,39.98626118563278,-75.16881562132892,13.573340605857085,2.051622188128053,-2.3684833938799015,-0.0015636331264918177,0.9927161861103919,-0.252440232527864,-1.0874424562640206,0.0,0.0,0.0,0.0,0.0,0.0,4.0047016891610764e-29,2.847787867847831e-28,8.20730885791946e-27,3.818086781269743e-28,0.0,5.0856587593976225e-34,1.5974433330725352e-29,5.965760595733973e-30,5.0487097934144705e-29,NaN,NaN,NaN,NaN,NaN,NaN
2025-06-11T20:52:52Z,39.98626118563278,-75.16881562132892,13.573340605857085,2.0526189558580907,-2.3737145535525523,-0.0015600729368704692,0.9927426426418826,-0.25224716900756594,-1.087798250252692,0.0,0.0,0.0,0.0,0.0,0.0,4.0047016891610764e-29,2.847787867847831e-28,8.20730885791946e-27,9.545216953174357e-29,5.0487097934144705e-29,2.1741943512808807e-34,2.699876448118889e-28,2.7733391199176368e-30,2.1742978700154214e-29,NaN,NaN,NaN,NaN,NaN,NaN
2025-06-11T20:52:53Z,39.98626118563278,-75.16881562132892,13.573340605857085,2.052690637812584,-2.3740849731185545,-0.0015577864339681483,0.9926293349271919,-0.2521186793823257,-1.087832965978562,0.0,0.0,0.0,0.0,0.0,0.0,4.0047016891610764e-29,2.847787867847831e-28,8.20730885791946e-27,7.119469669619578e-29,2.1476738144641925e-28,1.32078545258391e-34,1.5461673742331766e-28,1.0011754222902691e-29,8.332343311397065e-30,NaN,NaN,NaN,NaN,NaN,NaN
2025-06-11T20:52:54Z,39.98626118563278,-75.16881562132892,13.573340605857085,2.0529415579098074,-2.3750014288894463,-0.0015554256416307598,0.9926505424319072,-0.2521001961787504,-1.0878975790468022,0.0,0.0,0.0,0.0,0.0,0.0,4.0047016891610764e-29,2.847787867847831e-28,8.20730885791946e-27,2.99964359210287e-28,3.9936083326814095e-28,3.6412113011071614e-34,9.116273835960397e-29,2.0830858278492662e-30,3.5942474994132205e-29,NaN,NaN,NaN,NaN,NaN,NaN
2025-06-11T20:52:55Z,39.98626118563278,-75.16881562132892,13.573340605857085,2.052980618885068,-2.375200612726281,-0.001553196419737402,0.9926333101376204,-0.2520772868228739,-1.087912116751174,0.0,0.0,0.0,0.0,0.0,0.0,4.0047016891610764e-29,2.847787867847831e-28,8.20730885791946e-27,2.415886522239332e-28,3.646509534384159e-28,2.860683052161093e-34,5.533119693026709e-29,6.240013019814702e-30,8.287969885478241e-29,NaN,NaN,NaN,NaN,NaN,NaN
2025-06-11T20:52:56Z,39.98626118563278,-75.16881562132892,13.573340605857085,2.0529618677525687,-2.3756979761720785,-0.0015508036314802144,0.9926443797540293,-0.25207148335637425,-1.0879393162765454,0.0,0.0,0.0,0.0,0.0,0.0,4.0047016891610764e-29,2.847787867847831e-28,8.20730885791946e-27,2.5559093329160563e-28,2.0194839173657882e-28,9.521504241660618e-35,7.703719777548887e-30,1.3832799232566773e-29,3.155443620884044e-30,NaN,NaN,NaN,NaN,NaN,NaN
2025-06-11T20:52:57Z,39.98626118563278,-75.16881562132892,13.573340605857085,2.0529648236658704,-2.376149517098327,-0.001548453935944723,0.992650085648612,-0.2520568563684325,-1.087966311997457,0.0,0.0,0.0,0.0,0.0,0.0,4.0047016891610764e-29,2.847787867847831e-28,8.20730885791946e-27,1.1093356479670642e-27,9.663546088957354e-30,1.5817451984664957e-34,5.699520040221752e-29,9.663546088957354e-30,2.1476738144641925e-28,NaN,NaN,NaN,NaN,NaN,NaN
2025-06-11T20:52:58Z,39.98626118563278,-75.16881562132892,13.573340605857085,2.053071700687644,-2.382052380041175,-0.0015439508986051151,0.9928260309390552,-0.25202504081960403,-1.0883017933243584,0.0,0.0,0.0,0.0,0.0,0.0,4.0047016891610764e-29,2.847787867847831e-28,8.20730885791946e-27,1.7749370367472875e-28,3.332937324558826e-29,1.8662148313654442e-34,3.0770505684277186e-28,4.9303806576312965e-30,1.774937036747265e-30,NaN,NaN,NaN,NaN,NaN,NaN
2025-06-11T20:52:59Z,39.98626118563278,-75.16881562132892,13.573340605857085,2.053047717088404,-2.3823871083168373,-0.0015416436178242578,0.9927227433374602,-0.2518723366467655,-1.0883367219402151,0.0,0.0,0.0,0.0,0.0,0.0,4.0047016891610764e-29,2.847787867847831e-28,8.20730885791946e-27,8.077935669463153e-28,1.2939290997887515e-27,7.151707630402732e-35,1.2823920090499156e-28,1.3832799232566773e-29,5.965760595733973e-30,NaN,NaN,NaN,NaN,NaN,NaN
2025-06-11T20:53:00Z,39.98626118563278,-75.16881562132892,13.573340605857085,2.0530717440567052,-2.3833800001712486,-0.001539111214387779,0.9927485730269937,-0.2518597381656905,-1.0883944559185095,0.0,0.0,0.0,0.0,0.0,0.0,4.0047016891610764e-29,2.847787867847831e-28,8.20730885791946e-27,9.389416924392928e-28,3.646509534384159e-28,7.946341811558785e-36,2.381497117152371e-28,4.6869431126607344e-30,5.0487097934144705e-29,NaN,NaN,NaN,NaN,NaN,NaN
2025-06-11T20:53:01Z,39.98626118563278,-75.16881562132892,13.573340605857085,2.0537540350512944,-2.386224248530891,-0.001536355457512745,0.9928212254726009,-0.2518072122152823,-1.0885905351054275,0.0,0.0,0.0,0.0,0.0,0.0,4.0047016891610764e-29,2.847787867847831e-28,8.20730885791946e-27,1.6585800532272042e-28,9.663546088957354e-30,5.586419352847903e-34,4.89217020753463e-29,3.562200025138595e-30,6.389773332290141e-29,NaN,NaN,NaN,NaN,NaN,NaN
2025-06-11T20:53:02Z,39.98626118563278,-75.16881562132892,13.573340605857085,2.054586576180079,-2.3895825815953073,-0.0015335173770323065,0.9928576563414645,-0.2517079721544812,-1.0888247971611185,0.0,0.0,0.0,0.0,0.0,0.0,4.0047016891610764e-29,2.847787867847831e-28,8.20730885791946e-27,1.0799505792475557e-27,2.699876448118889e-28,1.5817451984664957e-34,1.089121087270745e-28,1.774937036747265e-30,2.0194839173657882e-28,NaN,NaN,NaN,NaN,NaN,NaN
2025-06-11T20:53:03Z,39.98626118563278,-75.16881562132892,13.573340605857085,2.05594635038479,-2.3943505476588425,-0.001530533061189882,0.9929264796622057,-0.25157848843083724,-1.0891651078877753,0.0,0.0,0.0,0.0,0.0,0.0,4.0047016891610764e-29,2.847787867847831e-28,8.20730885791946e-27,1.5461673742331766e-28,1.232595164407822e-28,3.724436301145363e-34,1.7454780123179173e-28,2.5915313331675066e-30,5.369184536160481e-29,NaN,NaN,NaN,NaN,NaN,NaN
2025-06-11T20:53:04Z,39.98626118563278,-75.16881562132892,13.573340605857085,2.056954755436032,-2.3985929326232998,-0.0015274906337691466,0.9929363455359242,-0.25142907725446995,-1.0894595421476874,0.0,0.0,0.0,0.0,0.0,0.0,4.0047016891610764e-29,2.847787867847831e-28,8.20730885791946e-27,3.646509534384159e-28,8.33234331139686e-28,4.701977403289124e-36,1.5739007654323528e-28,1.8270141824435085e-29,6.389773332290141e-29,NaN,NaN,NaN,NaN,NaN,NaN
2025-06-11T20:53:05Z,39.98626118563278,-75.16881562132892,13.573340605857085,2.0574263416547174,-2.401800530656398,-0.00152444984177987,0.9929310758107014,-0.2513072328154056,-1.0896693890127558,0.0,0.0,0.0,0.0,0.0,0.0,4.0047016891610764e-29,2.847787867847831e-28,8.20730885791946e-27,5.699520040221752e-29,1.6585800532272042e-28,2.487346046339997e-35,3.7286003723336516e-29,6.240013019814702e-30,3.081487911019555e-29,NaN,NaN,NaN,NaN,NaN,NaN
2025-06-11T20:53:06Z,39.98626118563278,-75.16881562132892,13.573340605857085,2.0587708862493566,-2.4076935694927113,-0.0015210202906580622,0.9930474202136326,-0.2511749639851262,-1.0900731067669793,0.0,0.0,0.0,0.0,0.0,0.0,4.0047016891610764e-29,2.847787867847831e-28,8.20730885791946e-27,3.818086781269743e-28,3.478876592024674e-28,2.0735720348505224e-35,1.864793224232631e-28,5.697671147475248e-30,3.993608332681338e-30,NaN,NaN,NaN,NaN,NaN,NaN
2025-06-11T20:53:07Z,39.98626118563278,-75.16881562132892,13.573340605857085,2.0605114860721585,-2.4139135102625313,-0.0015177826148975095,0.9931011010025065,-0.25097039305224933,-1.090518396140195,0.0,0.0,0.0,0.0,0.0,0.0,4.0047016891610764e-29,2.847787867847831e-28,8.20730885791946e-27,7.580953299173987e-28,1.1359597035182496e-28,1.1289447745297288e-34,1.864793224232631e-28,2.0830858278492662e-30,1.7798674174048944e-29,NaN,NaN,NaN,NaN,NaN,NaN
2025-06-11T20:53:08Z,39.98626118563278,-75.16881562132892,13.573340605857085,2.0630984229129803,-2.422765712306148,-0.0015141582132708463,0.993223354630131,-0.25073080301274586,-1.091152067615472,0.0,0.0,0.0,0.0,0.0,0.0,4.0047016891610764e-29,2.847787867847831e-28,8.20730885791946e-27,1.4376989997652882e-28,3.478876592024674e-28,4.243534606468441e-34,3.205980022624789e-29,3.774822690998956e-30,3.478876592024674e-28,NaN,NaN,NaN,NaN,NaN,NaN
2025-06-11T20:53:09Z,39.98626118563278,-75.16881562132892,13.573340605857085,2.064159098159811,-2.4249606198586724,-0.001512030646579103,0.9930586744291381,-0.2504926889185687,-1.0913404910153972,0.0,0.0,0.0,0.0,0.0,0.0,4.0047016891610764e-29,2.847787867847831e-28,8.20730885791946e-27,7.09974814698906e-30,4.930380657631288e-28,1.175494350822279e-34,5.207714569623038e-29,5.2077145696231654e-31,1.384943926728626e-28,NaN,NaN,NaN,NaN,NaN,NaN
2025-06-11T20:53:10Z,39.98626118563278,-75.16881562132892,13.573340605857085,2.0660557573109664,-2.4286469912671835,-0.0015099679640383828,0.9931117638611651,-0.2503843437071666,-1.091643056616304,0.0,0.0,0.0,0.0,0.0,0.0,4.0047016891610764e-29,2.847787867847831e-28,8.20730885791946e-27,1.1359597035182496e-28,4.173074188619214e-28,6.093762714662686e-35,2.608171367887009e-29,8.014950056561973e-30,4.738095811983742e-29,NaN,NaN,NaN,NaN,NaN,NaN
2025-06-11T20:53:11Z,39.98626118563278,-75.16881562132892,13.573340605857085,2.0672794001902175,-2.4311552563231267,-0.001507854321450156,0.993074036268185,-0.25026790677210137,-1.0918454943861897,0.0,0.0,0.0,0.0,0.0,0.0,4.0047016891610764e-29,2.847787867847831e-28,8.20730885791946e-27,1.2621774483536176e-29,6.407522702657722e-28,3.979753674143996e-34,9.329512799402735e-29,1.8747772450642938e-29,6.389773332290141e-29,NaN,NaN,NaN,NaN,NaN,NaN
2025-06-11T20:53:12Z,39.98626118563278,-75.16881562132892,13.573340605857085,2.06915924311655,-2.435065272595498,-0.0015056994143136972,0.9931235614684502,-0.25015295994754555,-1.0921596616427902,0.0,0.0,0.0,0.0,0.0,0.0,4.0047016891610764e-29,2.847787867847831e-28,8.20730885791946e-27,4.35648434908298e-28,1.9721522630525275e-31,1.175494350822279e-34,2.839899258795624e-29,7.703719777548887e-30,4.437342591868219e-29,NaN,NaN,NaN,NaN,NaN,NaN
2025-06-11T20:53:13Z,39.98626118563278,-75.16881562132892,13.573340605857085,2.069246478663564,-2.4352723502211777,-0.0015036277999447276,0.9930052937862897,-0.2500682073552738,-1.0921768271639252,0.0,0.0,0.0,0.0,0.0,0.0,4.0047016891610764e-29,2.847787867847831e-28,8.20730885791946e-27,2.699876448118889e-28,7.580953299173987e-28,4.814824860968085e-35,2.0194839173657882e-28,5.697671147475248e-30,7.09974814698906e-30,NaN,NaN,NaN,NaN,NaN,NaN
2025-06-11T20:53:14Z,39.98626118563278,-75.16881562132892,13.573340605857085,2.069269529205401,-2.4353338266815654,-0.0015015698460783982,0.993001471843236,-0.25006283264859497,-1.0921816284941337,0.0,0.0,0.0,0.0,0.0,0.0,4.0047016891610764e-29,2.847787867847831e-28,8.20730885791946e-27,1.1359597035182496e-28,4.437342591868219e-29,8.29428813940209e-35,1.6874227800743057e-29,2.2464046871332628e-30,8.697191480061685e-29,NaN,NaN,NaN,NaN,NaN,NaN
2025-06-11T20:53:15Z,39.98626118563278,-75.16881562132892,13.573340605857085,2.0703330689728072,-2.4371262011582804,-0.0014996409159709228,0.9930606885578575,-0.2500271441544097,-1.0923357418642272,0.0,0.0,0.0,0.0,0.0,0.0,4.0047016891610764e-29,2.847787867847831e-28,8.20730885791946e-27,5.0487097934144705e-29,4.437342591868219e-29,1.1289447745297288e-34,3.462359816821565e-29,3.0814879110195603e-31,4.1464501330680106e-29,NaN,NaN,NaN,NaN,NaN,NaN
2025-06-11T20:53:16Z,39.98626118563278,-75.16881562132892,13.573340605857085,2.070883925939491,-2.4385648469784744,-0.0014974560999855826,0.9930452695274061,-0.2499725583309347,-1.0924433417081003,0.0,0.0,0.0,0.0,0.0,0.0,4.0047016891610764e-29,2.847787867847831e-28,8.20730885791946e-27,7.09974814698915e-28,7.119469669619578e-29,3.808601696664247e-34,2.0719924713695602e-29,7.248429938695734e-30,1.8952383247934968e-28,NaN,NaN,NaN,NaN,NaN,NaN
2025-06-11T20:53:17Z,39.98626118563278,-75.16881562132892,13.573340605857085,2.0711031884107083,-2.4404361390515072,-0.0014948433472919732,0.9930625410069812,-0.24992948866248058,-1.0925599595456752,0.0,0.0,0.0,0.0,0.0,0.0,4.0047016891610764e-29,2.847787867847831e-28,8.20730885791946e-27,5.539775706914504e-28,4.930380657631288e-28,1.175494350822281e-36,2.839899258795624e-29,1.112417135878059e-30,1.5974433330725352e-29,NaN,NaN,NaN,NaN,NaN,NaN
2025-06-11T20:53:18Z,39.98626118563278,-75.16881562132892,13.573340605857085,2.0716657515195602,-2.4451875706300306,-0.0014913536679601643,0.9931717788048815,-0.24985388652510263,-1.092857571439181,0.0,0.0,0.0,0.0,0.0,0.0,4.0047016891610764e-29,2.847787867847831e-28,8.20730885791946e-27,3.3151879541912963e-28,2.0194839173657882e-28,1.3588714695505505e-35,8.985618748533051e-30,6.952607099237893e-30,4.738095811983742e-29,NaN,NaN,NaN,NaN,NaN,NaN
2025-06-11T20:53:19Z,39.98626118563278,-75.16881562132892,13.573340605857085,2.0721503222682505,-2.4470938745528965,-0.00148895004694973,0.9931281324164293,-0.24971732863532037,-1.0929995136027735,0.0,0.0,0.0,0.0,0.0,0.0,4.0047016891610764e-29,2.847787867847831e-28,8.20730885791946e-27,5.965760595733843e-28,0.0,1.9865854528896475e-34,1.0432685471548036e-28,3.562200025138595e-30,8.287969885478241e-29,NaN,NaN,NaN,NaN,NaN,NaN
2025-06-11T20:53:20Z,39.98626118563278,-75.16881562132892,13.573340605857085,2.0726232472418107,-2.449175193975002,-0.00148647393402015,0.9931459837597623,-0.24965383273774722,-1.0931425166109445,0.0,0.0,0.0,0.0,0.0,0.0,4.0047016891610764e-29,2.847787867847831e-28,8.20730885791946e-27,2.839899258795624e-29,1.9721522630525275e-31,1.5276724583286577e-34,4.2906637673036887e-29,3.155443620884044e-30,1.1093356479670547e-29,NaN,NaN,NaN,NaN,NaN,NaN
2025-06-11T20:53:21Z,39.98626118563278,-75.16881562132892,13.573340605857085,2.0741739453060397,-2.4555214961441285,-0.0014831454827990945,0.9932982990373225,-0.24954387932192326,-1.0935784546632823,0.0,0.0,0.0,0.0,0.0,0.0,4.0047016891610764e-29,2.847787867847831e-28,8.20730885791946e-27,1.2308202273710874e-27,5.0487097934144705e-29,3.009265538105053e-36,9.116273835960397e-29,1.8508186765561496e-29,1.1359597035182496e-28,NaN,NaN,NaN,NaN,NaN,NaN
2025-06-11T20:53:22Z,39.98626118563278,-75.16881562132892,13.573340605857085,2.074675154951599,-2.4579295254484967,-0.0014805758361556506,0.9932128632410516,-0.24937445629115873,-1.0937483230332834,0.0,0.0,0.0,0.0,0.0,0.0,4.0047016891610764e-29,2.847787867847831e-28,8.20730885791946e-27,1.7749370367472875e-28,7.119469669619578e-29,3.3971786738764006e-34,6.213512223779972e-29,9.491753137918112e-30,1.232595164407822e-28,NaN,NaN,NaN,NaN,NaN,NaN
2025-06-11T20:53:23Z,39.98626118563278,-75.16881562132892,13.573340605857085,2.075347060377769,-2.4620990092042487,-0.0014774455230047007,0.993286492023826,-0.24928658129702677,-1.094019093521112,0.0,0.0,0.0,0.0,0.0,0.0,4.0047016891610764e-29,2.847787867847831e-28,8.20730885791946e-27,9.663546088957328e-28,4.437342591868219e-29,1.0386668083865596e-34,1.208066520636117e-28,1.112417135878059e-30,3.332937324558826e-29,NaN,NaN,NaN,NaN,NaN,NaN
2025-06-11T20:53:24Z,39.98626118563278,-75.16881562132892,13.573340605857085,2.0762020329740887,-2.466755192913637,-0.0014742727372136044,0.9933378928964604,-0.24914823756873364,-1.0943305672086365,0.0,0.0,0.0,0.0,0.0,0.0,4.0047016891610764e-29,2.847787867847831e-28,8.20730885791946e-27,5.750795999061153e-28,1.2621774483536176e-29,1.8074401138243645e-34,2.7733391199176368e-30,3.774822690998956e-30,1.774937036747265e-30,NaN,NaN,NaN,NaN,NaN,NaN
2025-06-11T20:53:25Z,39.98626118563278,-75.16881562132892,13.573340605857085,2.0772739376365803,-2.4722489407048154,-0.0014709447894832614,0.9934019986801587,-0.2489908237013259,-1.0947001230128937,0.0,0.0,0.0,0.0,0.0,0.0,4.0047016891610764e-29,2.847787867847831e-28,8.20730885791946e-27,1.4248800100554483e-27,5.750795999061153e-28,4.3333423748712524e-34,1.5739007654323528e-28,1.9259299443872252e-32,1.9721522630525186e-29,NaN,NaN,NaN,NaN,NaN,NaN
2025-06-11T20:53:26Z,39.98626118563278,-75.16881562132892,13.573340605857085,2.078134055734709,-2.475934324548641,-0.0014681777859999036,0.9933869817720378,-0.24882492430522887,-1.0949594669515674,0.0,0.0,0.0,0.0,0.0,0.0,4.0047016891610764e-29,2.847787867847831e-28,8.20730885791946e-27,4.35648434908298e-28,7.09974814698906e-30,6.43700706510279e-35,5.4357446750385534e-30,9.152789467706005e-30,5.0487097934144705e-29,NaN,NaN,NaN,NaN,NaN,NaN
2025-06-11T20:53:27Z,39.98626118563278,-75.16881562132892,13.573340605857085,2.079391126573891,-2.479660440839484,-0.0014657096362690086,0.9934152033473131,-0.248692911018162,-1.095237115557744,0.0,0.0,0.0,0.0,0.0,0.0,4.0047016891610764e-29,2.847787867847831e-28,8.20730885791946e-27,3.9936083326814095e-28,5.129568036199662e-28,2.9387358770556974e-35,3.332937324558826e-29,4.6869431126607344e-30,1.6585800532272042e-28,NaN,NaN,NaN,NaN,NaN,NaN
2025-06-11T20:53:28Z,39.98626118563278,-75.16881562132892,13.573340605857085,2.080070880800921,-2.482281407174249,-0.0014632379965263018,0.9933947582511286,-0.24858306765083374,-1.0954216918264803,0.0,0.0,0.0,0.0,0.0,0.0,4.0047016891610764e-29,2.847787867847831e-28,8.20730885791946e-27,1.9721522630525275e-31,5.965760595733843e-28,1.1289447745297288e-34,3.8654184355829416e-29,5.2077145696231654e-31,2.608171367887009e-29,NaN,NaN,NaN,NaN,NaN,NaN
2025-06-11T20:53:29Z,39.98626118563278,-75.16881562132892,13.573340605857085,2.081254120014439,-2.4875582348400833,-0.0014601142070261577,0.9934960249583631,-0.24847437272313844,-1.0957797419880833,0.0,0.0,0.0,0.0,0.0,0.0,4.0047016891610764e-29,2.847787867847831e-28,8.20730885791946e-27,5.699520040221752e-29,1.5461673742331766e-28,3.3971786738764006e-34,1.3331749298235304e-28,2.9613098824898387e-30,0.0,NaN,NaN,NaN,NaN,NaN,NaN
2025-06-11T20:53:30Z,39.98626118563278,-75.16881562132892,13.573340605857085,2.082971579378948,-2.493342842756162,-0.0014572109363382773,0.9935510248093209,-0.24828580362415376,-1.0961982998167563,0.0,0.0,0.0,0.0,0.0,0.0,4.0047016891610764e-29,2.847787867847831e-28,8.20730885791946e-27,2.1476738144641925e-28,3.646509534384159e-28,3.724436301145363e-34,8.905500062846552e-29,5.830945499626709e-30,4.437342591868219e-29,NaN,NaN,NaN,NaN,NaN,NaN
2025-06-11T20:53:31Z,39.98626118563278,-75.16881562132892,13.573340605857085,2.08473457378802,-2.4986838114281444,-0.001454525058832585,0.9935680261253608,-0.24808978765381917,-1.0965929530426581,0.0,0.0,0.0,0.0,0.0,0.0,4.0047016891610764e-29,2.847787867847831e-28,8.20730885791946e-27,5.0487097934144705e-29,1.5272347125078972e-27,5.120453392181856e-35,1.232595164407822e-28,3.8834451398624826e-30,1.8952383247934968e-28,NaN,NaN,NaN,NaN,NaN,NaN
2025-06-11T20:53:32Z,39.98626118563278,-75.16881562132892,13.573340605857085,2.0862995173529986,-2.5042568619467334,-0.0014516027152062772,0.9935984806458777,-0.24791055673634016,-1.0969888402917891,0.0,0.0,0.0,0.0,0.0,0.0,4.0047016891610764e-29,2.847787867847831e-28,8.20730885791946e-27,9.663546088957354e-30,7.119469669619578e-29,1.1289447745297288e-34,4.437342591868219e-29,6.520428419717522e-30,2.608171367887009e-29,NaN,NaN,NaN,NaN,NaN,NaN
2025-06-11T20:53:33Z,39.98626118563278,-75.16881562132892,13.573340605857085,2.0875944818889223,-2.508614243974141,-0.0014489577001360605,0.9935908415620921,-0.2477340132693426,-1.0973050678346559,0.0,0.0,0.0,0.0,0.0,0.0,4.0047016891610764e-29,2.847787867847831e-28,8.20730885791946e-27,0.0,1.232595164407822e-28,3.9543629961662393e-35,2.8853820203622672e-28,2.5029385557256727e-30,9.116273835960397e-29,NaN,NaN,NaN,NaN,NaN,NaN
2025-06-11T20:53:34Z,39.98626118563278,-75.16881562132892,13.573340605857085,2.0887609038111044,-2.5125383595758413,-0.0014463908440968452,0.9935997218563563,-0.24759101968871344,-1.0975885475723342,0.0,0.0,0.0,0.0,0.0,0.0,4.0047016891610764e-29,2.847787867847831e-28,8.20730885791946e-27,1.199857436841148e-27,2.1476738144641925e-28,1.5234406786656715e-35,1.5974433330725352e-29,3.562200025138595e-30,3.332937324558826e-29,NaN,NaN,NaN,NaN,NaN,NaN
2025-06-11T20:53:35Z,39.98626118563278,-75.16881562132892,13.573340605857085,2.08976278696234,-2.5165313145378914,-0.0014436777265109818,0.9936217640278692,-0.24746222604923296,-1.097866909031512,0.0,0.0,0.0,0.0,0.0,0.0,4.0047016891610764e-29,2.847787867847831e-28,8.20730885791946e-27,9.663546088957354e-30,6.1846694969327065e-28,4.515779098118915e-34,9.329512799402735e-29,8.332343311397065e-30,5.0487097934144705e-29,NaN,NaN,NaN,NaN,NaN,NaN
2025-06-11T20:53:36Z,39.98626118563278,-75.16881562132892,13.573340605857085,2.0911180668745035,-2.5214314268512377,-0.0014408877571272063,0.9936767683786063,-0.24731757375444838,-1.0982148940345744,0.0,0.0,0.0,0.0,0.0,0.0,4.0047016891610764e-29,2.847787867847831e-28,8.20730885791946e-27,9.545216953174357e-29,9.663546088957354e-30,2.4375050858650744e-34,4.2906637673036887e-29,2.9613098824898387e-30,1.774937036747265e-30,NaN,NaN,NaN,NaN,NaN,NaN
2025-06-11T20:53:37Z,39.98626118563278,-75.16881562132892,13.573340605857085,2.092194831581655,-2.5260047590275145,-0.0014380197954703363,0.9936932396786864,-0.24716161634594283,-1.0985311489872824,0.0,0.0,0.0,0.0,0.0,0.0,4.0047016891610764e-29,2.847787867847831e-28,8.20730885791946e-27,3.478876592024674e-28,4.9303806576312965e-30,3.808601696664179e-36,7.692626421069296e-29,1.8496631185895076e-30,3.5942474994132205e-29,NaN,NaN,NaN,NaN,NaN,NaN
2025-06-11T20:53:38Z,39.98626118563278,-75.16881562132892,13.573340605857085,2.0929993896434116,-2.5299279863866575,-0.0014352050102117125,0.9937021150785765,-0.2470204740224662,-1.098797929626067,0.0,0.0,0.0,0.0,0.0,0.0,4.0047016891610764e-29,2.847787867847831e-28,8.20730885791946e-27,1.9721522630525275e-31,8.33234331139686e-28,4.518600284560911e-35,1.424880010055438e-29,3.774822690998956e-30,7.119469669619578e-29,NaN,NaN,NaN,NaN,NaN,NaN
2025-06-11T20:53:39Z,39.98626118563278,-75.16881562132892,13.573340605857085,2.094149543961119,-2.535808641937139,-0.0014318991066816626,0.9937932970096154,-0.2468782374497522,-1.0991909022046276,0.0,0.0,0.0,0.0,0.0,0.0,4.0047016891610764e-29,2.847787867847831e-28,8.20730885791946e-27,1.774937036747265e-30,7.580953299173987e-28,2.3702668089980973e-34,8.697191480061685e-29,1.3589361687596383e-30,1.1093356479670547e-29,NaN,NaN,NaN,NaN,NaN,NaN
2025-06-11T20:53:40Z,39.98626118563278,-75.16881562132892,13.573340605857085,2.0961170899357273,-2.54472692025981,-0.0014280433128715333,0.9939355519501594,-0.24665752179233597,-1.099798380234165,0.0,0.0,0.0,0.0,0.0,0.0,4.0047016891610764e-29,2.847787867847831e-28,8.20730885791946e-27,1.9721522630525275e-31,1.8952383247934968e-28,2.1107176563364828e-34,6.749691120297223e-29,1.2037062152420097e-29,3.3151879541912963e-28,NaN,NaN,NaN,NaN,NaN,NaN
2025-06-11T20:53:41Z,39.98626118563278,-75.16881562132892,13.573340605857085,2.09744251971844,-2.5503584414131346,-0.0014249855675376696,0.9938918875283176,-0.24639339140339434,-1.100194390434962,0.0,0.0,0.0,0.0,0.0,0.0,4.0047016891610764e-29,2.847787867847831e-28,8.20730885791946e-27,2.5559093329160563e-28,2.99964359210287e-28,1.1289447745297288e-34,7.308056729774034e-29,1.3589361687596383e-30,7.888609052210074e-29,NaN,NaN,NaN,NaN,NaN,NaN
2025-06-11T20:53:42Z,39.98626118563278,-75.16881562132892,13.573340605857085,2.099813737879119,-2.5602581463531586,-0.0014210749997988078,0.9940662417037978,-0.24616718589045405,-1.1008753020128008,0.0,0.0,0.0,0.0,0.0,0.0,4.0047016891610764e-29,2.847787867847831e-28,8.20730885791946e-27,0.0,1.0432685471548036e-28,1.692711865184083e-36,6.933347799794151e-29,2.4158865222393385e-30,4.1464501330680106e-29,NaN,NaN,NaN,NaN,NaN,NaN
2025-06-11T20:53:43Z,39.98626118563278,-75.16881562132892,13.573340605857085,2.1022906545118683,-2.566913265751279,-0.0014185114185596604,0.9940293384938791,-0.24584735360120796,-1.1013874606281393,0.0,0.0,0.0,0.0,0.0,0.0,4.0047016891610764e-29,2.847787867847831e-28,8.20730885791946e-27,3.3151879541912963e-28,5.0487097934144705e-29,1.9865854528896475e-34,2.5559093329160563e-28,2.7733391199176016e-32,1.0432685471548036e-28,NaN,NaN,NaN,NaN,NaN,NaN
2025-06-11T20:53:44Z,39.98626118563278,-75.16881562132892,13.573340605857085,2.1056433736120264,-2.574861813265226,-0.0014161177299497067,0.9940958933425539,-0.24558577551304595,-1.1020062312659726,0.0,0.0,0.0,0.0,0.0,0.0,4.0047016891610764e-29,2.847787867847831e-28,8.20730885791946e-27,1.2621774483536176e-29,1.8952383247934968e-28,1.6927118651841045e-34,1.956868083013852e-28,4.930380657631319e-32,2.1742978700154214e-29,NaN,NaN,NaN,NaN,NaN,NaN
2025-06-11T20:53:45Z,39.98626118563278,-75.16881562132892,13.573340605857085,2.1081363265532294,-2.5799210121132243,-0.0014141959237286834,0.9940196040140752,-0.24533177437771,-1.1024191375564152,0.0,0.0,0.0,0.0,0.0,0.0,4.0047016891610764e-29,2.847787867847831e-28,8.20730885791946e-27,2.1476738144641925e-28,2.415886522239332e-28,2.9387358770556974e-35,8.905500062846552e-29,1.3627109914506435e-29,9.545216953174357e-29,NaN,NaN,NaN,NaN,NaN,NaN
2025-06-11T20:53:46Z,39.98626118563278,-75.16881562132892,13.573340605857085,2.1101108926917926,-2.583349125703266,-0.0014125166877404331,0.9939694273659558,-0.24516279431779828,-1.1027112792289269,0.0,0.0,0.0,0.0,0.0,0.0,4.0047016891610764e-29,2.847787867847831e-28,8.20730885791946e-27,5.699520040221752e-29,7.119469669619578e-29,4.701977403289116e-34,7.09974814698906e-30,1.0011754222902691e-29,3.8654184355829416e-29,NaN,NaN,NaN,NaN,NaN,NaN
2025-06-11T20:53:47Z,39.98626118563278,-75.16881562132892,13.573340605857085,2.1127179062189447,-2.5870402791261307,-0.001411217708523934,0.9939759391798956,-0.2450127757661928,-1.1030484972653012,0.0,0.0,0.0,0.0,0.0,0.0,4.0047016891610764e-29,2.847787867847831e-28,8.20730885791946e-27,1.232595164407822e-28,3.646509534384159e-28,7.904024014929047e-35,5.86838557774558e-29,9.321500930834333e-32,1.9721522630525186e-29,NaN,NaN,NaN,NaN,NaN,NaN
2025-06-11T20:53:48Z,39.98626118563278,-75.16881562132892,13.573340605857085,2.1144665256652853,-2.5893300843820377,-0.0014098144354144032,0.9939124717449052,-0.2448902900007664,-1.1032611711252183,0.0,0.0,0.0,0.0,0.0,0.0,4.0047016891610764e-29,2.847787867847831e-28,8.20730885791946e-27,1.0432685471548036e-28,4.35648434908298e-28,3.317715255760836e-34,2.7228027181768627e-29,1.619707083229668e-29,8.332343311397065e-30,NaN,NaN,NaN,NaN,NaN,NaN
2025-06-11T20:53:49Z,39.98626118563278,-75.16881562132892,13.573340605857085,2.1167175042912767,-2.591732699324924,-0.0014087495344657231,0.9939054246213791,-0.2447810301558062,-1.1035065013433518,0.0,0.0,0.0,0.0,0.0,0.0,4.0047016891610764e-29,2.847787867847831e-28,8.20730885791946e-27,8.852991508842735e-28,7.09974814698906e-30,3.178536724623514e-35,4.0047016891610764e-29,1.1654957651453944e-29,7.119469669619578e-29,NaN,NaN,NaN,NaN,NaN,NaN
2025-06-11T20:53:50Z,39.98626118563278,-75.16881562132892,13.573340605857085,2.121091752980746,-2.59616624468464,-0.0014085038826856333,0.9939550942385666,-0.2446104845129921,-1.103970625038963,0.0,0.0,0.0,0.0,0.0,0.0,4.0047016891610764e-29,2.847787867847831e-28,8.20730885791946e-27,2.3863042382935893e-29,3.818086781269743e-28,8.29428813940209e-35,3.5942474994132205e-29,1.3019286424057594e-29,1.7798674174048944e-29,NaN,NaN,NaN,NaN,NaN,NaN
2025-06-11T20:53:51Z,39.98626118563278,-75.16881562132892,13.573340605857085,2.1255295842532522,-2.600313070998827,-0.001408416481262892,0.9938983949943592,-0.24440917106973759,-1.1044159864021574,0.0,0.0,0.0,0.0,0.0,0.0,4.0047016891610764e-29,2.847787867847831e-28,8.20730885791946e-27,9.119232064354803e-28,3.1554436208840297e-28,5.120453392181856e-35,7.888609052210074e-29,9.984020831703345e-31,1.7798674174048944e-29,NaN,NaN,NaN,NaN,NaN,NaN
2025-06-11T20:53:52Z,39.98626118563278,-75.16881562132892,13.573340605857085,2.128065081716352,-2.602469061901287,-0.0014076652234410493,0.9937748916939941,-0.24427377268669737,-1.1046523808786486,0.0,0.0,0.0,0.0,0.0,0.0,4.0047016891610764e-29,2.847787867847831e-28,8.20730885791946e-27,1.232595164407822e-28,7.09974814698906e-30,4.231779662960261e-35,3.562200025138595e-30,8.905500062846488e-31,4.4373425918681625e-31,NaN,NaN,NaN,NaN,NaN,NaN
2025-06-11T20:53:53Z,39.98626118563278,-75.16881562132892,13.573340605857085,2.1304023757551516,-2.604389642582047,-0.0014068575088347697,0.9937340237127529,-0.2441757129525406,-1.1048704907980849,0.0,0.0,0.0,0.0,0.0,0.0,4.0047016891610764e-29,2.847787867847831e-28,8.20730885791946e-27,6.1846694969327065e-28,1.6585800532272042e-28,1.3588714695505505e-35,1.518680502066898e-28,3.2548216060143985e-30,2.608171367887009e-29,NaN,NaN,NaN,NaN,NaN,NaN
2025-06-11T20:53:54Z,39.98626118563278,-75.16881562132892,13.573340605857085,2.1326017159658814,-2.606297352018392,-0.0014059536483110287,0.9937021243477598,-0.24408544885357994,-1.105081285205946,0.0,0.0,0.0,0.0,0.0,0.0,4.0047016891610764e-29,2.847787867847831e-28,8.20730885791946e-27,1.4248800100554483e-27,8.33234331139686e-28,1.32078545258391e-34,2.959460989743212e-29,8.819988773315847e-30,3.332937324558826e-29,NaN,NaN,NaN,NaN,NaN,NaN
2025-06-11T20:53:55Z,39.98626118563278,-75.16881562132892,13.573340605857085,2.1338065924594245,-2.607302825099396,-0.0014046535097871568,0.9936417038369086,-0.2440237704823099,-1.1051918973208124,0.0,0.0,0.0,0.0,0.0,0.0,4.0047016891610764e-29,2.847787867847831e-28,8.20730885791946e-27,1.0223637331664225e-27,2.699876448118889e-28,2.048181356872742e-34,2.627399852451736e-28,3.4581998081416934e-30,9.545216953174357e-29,NaN,NaN,NaN,NaN,NaN,NaN
2025-06-11T20:53:56Z,39.98626118563278,-75.16881562132892,13.573340605857085,2.1343162573127334,-2.6077846234082225,-0.0014030376553687085,0.9936067230804893,-0.24399528065979725,-1.1052409000951826,0.0,0.0,0.0,0.0,0.0,0.0,4.0047016891610764e-29,2.847787867847831e-28,8.20730885791946e-27,2.0194839173657882e-28,2.699876448118889e-28,1.8074401138243645e-34,4.2906637673036887e-29,8.819988773315847e-30,1.1837843958972849e-28,NaN,NaN,NaN,NaN,NaN,NaN
2025-06-11T20:53:57Z,39.98626118563278,-75.16881562132892,13.573340605857085,2.1346660048461215,-2.6082168638396706,-0.001401325702280122,0.9935987804485829,-0.24397736830172634,-1.105281379107817,0.0,0.0,0.0,0.0,0.0,0.0,4.0047016891610764e-29,2.847787867847831e-28,8.20730885791946e-27,6.407522702657722e-28,4.9303806576312965e-30,3.6412113011071614e-34,1.0432685471548036e-28,7.09974814698906e-30,9.663546088957354e-30,NaN,NaN,NaN,NaN,NaN,NaN
2025-06-11T20:53:58Z,39.98626118563278,-75.16881562132892,13.573340605857085,2.1347525756154466,-2.6083214051810426,-0.001399546848680328,0.9935848248499973,-0.24396712852024452,-1.1052909517550227,0.0,0.0,0.0,0.0,0.0,0.0,4.0047016891610764e-29,2.847787867847831e-28,8.20730885791946e-27,8.59069525785677e-28,2.839899258795624e-29,0.0,1.1837843958972849e-28,2.0830858278492662e-30,4.4373425918681625e-31,NaN,NaN,NaN,NaN,NaN,NaN
2025-06-11T20:53:59Z,39.98626118563278,-75.16881562132892,13.573340605857085,2.1350784019757936,-2.6086204337881487,-0.00139787654114049,0.9935916016915185,-0.24395548140682002,-1.1053240826689739,0.0,0.0,0.0,0.0,0.0,0.0,4.0047016891610764e-29,2.847787867847831e-28,8.20730885791946e-27,1.8952383247934968e-28,2.99964359210287e-28,1.925929944387234e-34,5.533119693026709e-29,5.830945499626709e-30,6.03971630559833e-29,NaN,NaN,NaN,NaN,NaN,NaN
2025-06-11T20:54:00Z,39.98626118563278,-75.16881562132892,13.573340605857085,2.1359193813157793,-2.6091890774223567,-0.0013964906039445467,0.9935987277021251,-0.24392653159641373,-1.1053976976052373,0.0,0.0,0.0,0.0,0.0,0.0,4.0047016891610764e-29,2.847787867847831e-28,8.20730885791946e-27,1.0432685471548036e-28,3.3151879541912963e-28,7.5231638452626325e-37,7.499108980257175e-29,1.2325951644078297e-32,9.663546088957354e-30,NaN,NaN,NaN,NaN,NaN,NaN
2025-06-11T20:54:01Z,39.98626118563278,-75.16881562132892,13.573340605857085,2.136670137658494,-2.609713367876816,-0.0013950581457438979,0.9935846392521882,-0.2438987789167287,-1.1054621409616323,0.0,0.0,0.0,0.0,0.0,0.0,4.0047016891610764e-29,2.847787867847831e-28,8.20730885791946e-27,6.1846694969327065e-28,8.59069525785677e-28,7.904024014929047e-35,1.6872995205578796e-28,7.248429938695734e-30,8.697191480061685e-29,NaN,NaN,NaN,NaN,NaN,NaN
2025-06-11T20:54:02Z,39.98626118563278,-75.16881562132892,13.573340605857085,2.140154272510959,-2.6124737947191656,-0.001394807263856335,0.9936557889857177,-0.24379011216872554,-1.105790756427215,0.0,0.0,0.0,0.0,0.0,0.0,4.0047016891610764e-29,2.847787867847831e-28,8.20730885791946e-27,6.389773332290141e-29,1.1359597035182496e-28,3.08496737429798e-34,1.7749370367472875e-28,0.0,1.9721522630525186e-29,NaN,NaN,NaN,NaN,NaN,NaN
2025-06-11T20:54:03Z,39.98626118563278,-75.16881562132892,13.573340605857085,2.1417857945377383,-2.6138617430476687,-0.0013937056811762498,0.9935571832621573,-0.24370750138711675,-1.1059396653884324,0.0,0.0,0.0,0.0,0.0,0.0,4.0047016891610764e-29,2.847787867847831e-28,8.20730885791946e-27,1.7749370367472875e-28,3.818086781269743e-28,2.5056837582127915e-34,9.545216953174357e-29,1.1279016126309496e-29,1.5974433330725352e-29,NaN,NaN,NaN,NaN,NaN,NaN
2025-06-11T20:54:04Z,39.98626118563278,-75.16881562132892,13.573340605857085,2.143073840523829,-2.614979933682317,-0.0013924550402689138,0.9935262891743085,-0.2436506137548799,-1.1060624702318467,0.0,0.0,0.0,0.0,0.0,0.0,4.0047016891610764e-29,2.847787867847831e-28,8.20730885791946e-27,6.634320212908817e-28,8.852991508842735e-28,4.7019774032891453e-38,2.839899258795624e-29,1.5099290763995866e-31,3.081487911019555e-29,NaN,NaN,NaN,NaN,NaN,NaN
2025-06-11T20:54:05Z,39.98626118563278,-75.16881562132892,13.573340605857085,2.1441792867702207,-2.6158953532433493,-0.0013911492983945243,0.9935029573266219,-0.24360258422684308,-1.1061658277124589,0.0,0.0,0.0,0.0,0.0,0.0,4.0047016891610764e-29,2.847787867847831e-28,8.20730885791946e-27,9.663546088957328e-28,1.9721522630525186e-29,3.3971786738764006e-34,7.119469669619578e-29,8.655899542053913e-30,1.9721522630525275e-31,NaN,NaN,NaN,NaN,NaN,NaN
2025-06-11T20:54:06Z,39.98626118563278,-75.16881562132892,13.573340605857085,2.1469605840977315,-2.618106103225546,-0.001390593828101089,0.9935364460686944,-0.2435083636284233,-1.1064271507176766,0.0,0.0,0.0,0.0,0.0,0.0,4.0047016891610764e-29,2.847787867847831e-28,8.20730885791946e-27,1.5461673742331766e-28,6.407522702657722e-28,6.093762714662686e-35,3.462359816821565e-29,6.039716305598346e-31,4.1464501330680106e-29,NaN,NaN,NaN,NaN,NaN,NaN
2025-06-11T20:54:07Z,39.98626118563278,-75.16881562132892,13.573340605857085,2.1485538101025843,-2.619226810113572,-0.0013895753874236057,0.9934593099101049,-0.24343426100636023,-1.1065615773320319,0.0,0.0,0.0,0.0,0.0,0.0,4.0047016891610764e-29,2.847787867847831e-28,8.20730885791946e-27,7.580953299173987e-28,1.9721522630525186e-29,4.988327827149426e-34,2.699876448118889e-28,6.379450347788204e-30,1.9721522630525275e-31,NaN,NaN,NaN,NaN,NaN,NaN
2025-06-11T20:54:08Z,39.98626118563278,-75.16881562132892,13.573340605857085,2.149247851475452,-2.619809800298259,-0.0013881007946834462,0.9934152863599417,-0.24340172854866726,-1.1066237688716742,0.0,0.0,0.0,0.0,0.0,0.0,4.0047016891610764e-29,2.847787867847831e-28,8.20730885791946e-27,3.8654184355829416e-29,4.543838814072998e-28,1.5234406786656715e-35,4.2906637673036887e-29,7.703719777548901e-32,4.1464501330680106e-29,NaN,NaN,NaN,NaN,NaN,NaN
2025-06-11T20:54:09Z,39.98626118563278,-75.16881562132892,13.573340605857085,2.1501895030094254,-2.6206085712491327,-0.0013867307517628617,0.9934143272797069,-0.2433659906632087,-1.1067140746807484,0.0,0.0,0.0,0.0,0.0,0.0,4.0047016891610764e-29,2.847787867847831e-28,8.20730885791946e-27,1.0432685471548036e-28,7.888609052210074e-29,4.231779662960261e-35,7.888609052210074e-29,1.0545622003486747e-29,1.3331749298235304e-28,NaN,NaN,NaN,NaN,NaN,NaN
2025-06-11T20:54:10Z,39.98626118563278,-75.16881562132892,13.573340605857085,2.152161048508703,-2.6223250148599426,-0.0013857753978376416,0.9934355378592382,-0.24329656207853886,-1.1069071877835337,0.0,0.0,0.0,0.0,0.0,0.0,4.0047016891610764e-29,2.847787867847831e-28,8.20730885791946e-27,1.6585800532272042e-28,1.5974433330725352e-29,9.103028252767904e-35,1.3589361687596531e-28,5.697671147475248e-30,1.8345946427046095e-28,NaN,NaN,NaN,NaN,NaN,NaN
2025-06-11T20:54:11Z,39.98626118563278,-75.16881562132892,13.573340605857085,2.15250625665563,-2.6226277842005437,-0.001384160677914345,0.9933591969708702,-0.24326293326864507,-1.1069355731243467,0.0,0.0,0.0,0.0,0.0,0.0,4.0047016891610764e-29,2.847787867847831e-28,8.20730885791946e-27,7.580953299173987e-28,8.077935669463153e-28,1.6927118651841045e-34,1.1845239529959355e-29,2.226375015711622e-31,2.3863042382935893e-29,NaN,NaN,NaN,NaN,NaN,NaN
2025-06-11T20:54:12Z,39.98626118563278,-75.16881562132892,13.573340605857085,2.1527669743711497,-2.6228652631482476,-0.0013825126623717016,0.9933527602754838,-0.2432509043512143,-1.1069610761140456,0.0,0.0,0.0,0.0,0.0,0.0,4.0047016891610764e-29,2.847787867847831e-28,8.20730885791946e-27,1.3331749298235304e-28,5.0487097934144705e-29,2.1107176563364828e-34,5.369184536160481e-29,4.3333423748713444e-30,2.608171367887009e-29,NaN,NaN,NaN,NaN,NaN,NaN
2025-06-11T20:54:13Z,39.98626118563278,-75.16881562132892,13.573340605857085,2.1530459450827566,-2.623109162045339,-0.001380879737000179,0.9933502039324469,-0.24323913769806782,-1.106988152517414,0.0,0.0,0.0,0.0,0.0,0.0,4.0047016891610764e-29,2.847787867847831e-28,8.20730885791946e-27,2.279808016088701e-28,1.0223637331664225e-27,5.28314181033564e-34,1.5461673742331766e-28,1.5099290763995825e-29,1.9721522630525186e-29,NaN,NaN,NaN,NaN,NaN,NaN
2025-06-11T20:54:14Z,39.98626118563278,-75.16881562132892,13.573340605857085,2.1534749048307966,-2.623240059298722,-0.0013794023019564217,0.9933441844019102,-0.243223638948352,-1.1070164997245526,0.0,0.0,0.0,0.0,0.0,0.0,4.0047016891610764e-29,2.847787867847831e-28,8.20730885791946e-27,2.0194839173657882e-28,4.437342591868219e-29,3.724436301145363e-34,5.369184536160481e-29,7.703719777548887e-30,2.699876448118889e-28,NaN,NaN,NaN,NaN,NaN,NaN
2025-06-11T20:54:15Z,39.98626118563278,-75.16881562132892,13.573340605857085,2.1555690672523284,-2.62363553512658,-0.001379042411992417,0.9933519890304503,-0.24316654436206223,-1.1071432981387794,0.0,0.0,0.0,0.0,0.0,0.0,4.0047016891610764e-29,2.847787867847831e-28,8.20730885791946e-27,5.539775706914504e-28,3.818086781269743e-28,5.120453392181856e-35,3.116123835139473e-28,8.819988773315847e-30,4.930380657631319e-32,NaN,NaN,NaN,NaN,NaN,NaN
2025-06-11T20:54:16Z,39.98626118563278,-75.16881562132892,13.573340605857085,2.1588472321674996,-2.62378735080321,-0.0013796346663597467,0.9933064979209529,-0.2430892828852175,-1.1073083761386835,0.0,0.0,0.0,0.0,0.0,0.0,4.0047016891610764e-29,2.847787867847831e-28,8.20730885791946e-27,7.119469669619578e-29,1.0432685471548036e-28,8.29428813940209e-35,5.533119693026709e-29,3.6677409860909875e-30,9.663546088957354e-30,NaN,NaN,NaN,NaN,NaN,NaN
2025-06-11T20:54:17Z,39.98626118563278,-75.16881562132892,13.573340605857085,2.1629430299320247,-2.6235288959460505,-0.0013809712214962239,0.9932240193335105,-0.2430103517326154,-1.1074850331663841,0.0,0.0,0.0,0.0,0.0,0.0,4.0047016891610764e-29,2.847787867847831e-28,8.20730885791946e-27,1.3915506368098697e-27,6.634320212908817e-28,3.161609605971619e-34,9.329512799402735e-29,3.8834451398624826e-30,4.437342591868219e-29,NaN,NaN,NaN,NaN,NaN,NaN
2025-06-11T20:54:18Z,39.98626118563278,-75.16881562132892,13.573340605857085,2.1665418624065,-2.623135622423697,-0.001381993945157649,0.9931205055386648,-0.24296515984321482,-1.107623168234453,0.0,0.0,0.0,0.0,0.0,0.0,4.0047016891610764e-29,2.847787867847831e-28,8.20730885791946e-27,1.9721522630525186e-29,1.774937036747265e-30,1.0386668083865596e-34,3.081487911019555e-29,1.112417135878059e-30,9.545216953174357e-29,NaN,NaN,NaN,NaN,NaN,NaN
2025-06-11T20:54:19Z,39.98626118563278,-75.16881562132892,13.573340605857085,2.1707065048192544,-2.6221471165751398,-0.0013836440331674734,0.9930173778868306,-0.24290431582646232,-1.1077593906797731,0.0,0.0,0.0,0.0,0.0,0.0,4.0047016891610764e-29,2.847787867847831e-28,8.20730885791946e-27,1.9721522630525186e-29,1.8952383247934968e-28,1.1289447745297288e-34,1.4111982037305355e-28,7.858564545077694e-30,3.993608332681338e-30,NaN,NaN,NaN,NaN,NaN,NaN
2025-06-11T20:54:20Z,39.98626118563278,-75.16881562132892,13.573340605857085,2.172990562045194,-2.621422756691818,-0.0013838320542759084,0.9929098997448449,-0.24291588557790683,-1.107809660588402,0.0,0.0,0.0,0.0,0.0,0.0,4.0047016891610764e-29,2.847787867847831e-28,8.20730885791946e-27,1.5461673742331766e-28,1.8952383247934968e-28,3.178536724623514e-35,1.1597487901913174e-28,1.774937036747265e-30,2.3863042382935893e-29,NaN,NaN,NaN,NaN,NaN,NaN
2025-06-11T20:54:21Z,39.98626118563278,-75.16881562132892,13.573340605857085,2.175317813749924,-2.620477791842455,-0.001384132188981218,0.9928425198836823,-0.24289923350492137,-1.1078610307766277,0.0,0.0,0.0,0.0,0.0,0.0,4.0047016891610764e-29,2.847787867847831e-28,8.20730885791946e-27,5.699520040221752e-29,3.332937324558826e-29,4.3333423748712524e-34,1.5974433330725352e-29,3.774822690998956e-30,1.384943926728626e-28,NaN,NaN,NaN,NaN,NaN,NaN
2025-06-11T20:54:22Z,39.98626118563278,-75.16881562132892,13.573340605857085,2.1759790073793757,-2.620182089772288,-0.0013829901907109708,0.9927908750596387,-0.24293242614168387,-1.1078627699311143,0.0,0.0,0.0,0.0,0.0,0.0,4.0047016891610764e-29,2.847787867847831e-28,8.20730885791946e-27,1.5974433330725352e-29,2.5559093329160563e-28,3.317715255760836e-34,2.1742978700154214e-29,5.1799811784239004e-30,1.6585800532272042e-28,NaN,NaN,NaN,NaN,NaN,NaN
2025-06-11T20:54:23Z,39.98626118563278,-75.16881562132892,13.573340605857085,2.178429469610596,-2.6187644926389586,-0.0013835533309429348,0.9927458116513428,-0.24288462433104568,-1.1079043174401737,0.0,0.0,0.0,0.0,0.0,0.0,4.0047016891610764e-29,2.847787867847831e-28,8.20730885791946e-27,5.699520040221752e-29,1.2621774483536176e-29,3.808601696664179e-36,1.6585800532272042e-28,1.3019286424057914e-31,3.478876592024674e-28,NaN,NaN,NaN,NaN,NaN,NaN
2025-06-11T20:54:24Z,39.98626118563278,-75.16881562132892,13.573340605857085,2.1824462272042524,-2.615939229273742,-0.0013857597698084276,0.9926365280109206,-0.24284733767547165,-1.1079342664263954,0.0,0.0,0.0,0.0,0.0,0.0,4.0047016891610764e-29,2.847787867847831e-28,8.20730885791946e-27,6.1846694969327065e-28,0.0,8.693956218681714e-35,7.499108980257175e-29,1.5099290763995866e-31,9.545216953174357e-29,NaN,NaN,NaN,NaN,NaN,NaN
2025-06-11T20:54:25Z,39.98626118563278,-75.16881562132892,13.573340605857085,2.1857078157554364,-2.613307099856078,-0.0013873469547934913,0.9925139865197741,-0.24288430054594923,-1.1079238421590347,0.0,0.0,0.0,0.0,0.0,0.0,4.0047016891610764e-29,2.847787867847831e-28,8.20730885791946e-27,3.3151879541912963e-28,1.972152263052515e-27,5.0856587593976225e-34,5.0487097934144705e-29,1.710302827813628e-29,7.88860905221011e-31,NaN,NaN,NaN,NaN,NaN,NaN
2025-06-11T20:54:26Z,39.98626118563278,-75.16881562132892,13.573340605857085,2.19056733927202,-2.608351017392364,-0.0013909294285006717,0.9923435275138638,-0.24287099634497714,-1.1078702259313302,0.0,0.0,0.0,0.0,0.0,0.0,4.0047016891610764e-29,2.847787867847831e-28,8.20730885791946e-27,5.129568036199662e-28,1.1692890767638455e-27,1.2229843225955158e-34,1.1093356479670547e-29,6.662947235602134e-30,2.839899258795624e-29,NaN,NaN,NaN,NaN,NaN,NaN
2025-06-11T20:54:27Z,39.98626118563278,-75.16881562132892,13.573340605857085,2.19373242749674,-2.6050864136679808,-0.001392668631033652,0.9922190889886314,-0.24297758671549716,-1.107809022005925,0.0,0.0,0.0,0.0,0.0,0.0,4.0047016891610764e-29,2.847787867847831e-28,8.20730885791946e-27,7.119469669619578e-29,1.0432685471548036e-28,7.904024014929047e-35,8.491348087605626e-29,3.355740335100301e-30,9.545216953174357e-29,NaN,NaN,NaN,NaN,NaN,NaN
2025-06-11T20:54:28Z,39.98626118563278,-75.16881562132892,13.573340605857085,2.1975872839227315,-2.6008072803558475,-0.0013952685340187887,0.9920800901093308,-0.24300523697016527,-1.1077406368435947,0.0,0.0,0.0,0.0,0.0,0.0,4.0047016891610764e-29,2.847787867847831e-28,8.20730885791946e-27,1.0432685471548036e-28,6.634320212908817e-28,2.9345040973927675e-34,1.0432685471548036e-28,8.985618748533051e-30,1.8952383247934968e-28,NaN,NaN,NaN,NaN,NaN,NaN
2025-06-11T20:54:29Z,39.98626118563278,-75.16881562132892,13.573340605857085,2.2028692158640073,-2.5953062518867567,-0.0013993290892341408,0.991910270690659,-0.2430316926196685,-1.1076702885115015,0.0,0.0,0.0,0.0,0.0,0.0,4.0047016891610764e-29,2.847787867847831e-28,8.20730885791946e-27,3.1554436208840297e-28,1.1093356479670642e-27,4.2317796629602075e-37,2.736484524501805e-28,6.807006795442157e-30,1.1837843958972849e-28,NaN,NaN,NaN,NaN,NaN,NaN
2025-06-11T20:54:30Z,39.98626118563278,-75.16881562132892,13.573340605857085,2.208457009298902,-2.5895702916452845,-0.0014036838221804947,0.9917189109449388,-0.24309825512329722,-1.1075910861534504,0.0,0.0,0.0,0.0,0.0,0.0,4.0047016891610764e-29,2.847787867847831e-28,8.20730885791946e-27,2.0194839173657882e-28,5.129568036199662e-28,3.4277415269977765e-35,9.545216953174357e-29,5.965760595733973e-30,1.7798674174048944e-29,NaN,NaN,NaN,NaN,NaN,NaN
2025-06-11T20:54:31Z,39.98626118563278,-75.16881562132892,13.573340605857085,2.211362600476871,-2.5870167613065984,-0.0014049544615867377,0.9916104479548782,-0.2432382932347075,-1.1075499573112835,0.0,0.0,0.0,0.0,0.0,0.0,4.0047016891610764e-29,2.847787867847831e-28,8.20730885791946e-27,1.8952383247934968e-28,1.2621774483536176e-29,9.521504241660618e-35,1.518680502066898e-28,1.3627109914506435e-29,5.0487097934144705e-29,NaN,NaN,NaN,NaN,NaN,NaN
2025-06-11T20:54:32Z,39.98626118563278,-75.16881562132892,13.573340605857085,2.2138912498433356,-2.5846255022903324,-0.0014058942834925452,0.991517445742656,-0.24327512483345615,-1.1075224759501054,0.0,0.0,0.0,0.0,0.0,0.0,4.0047016891610764e-29,2.847787867847831e-28,8.20730885791946e-27,2.5559093329160563e-28,1.7749370367472875e-28,1.175494350822279e-34,9.329512799402735e-29,3.2548216060143985e-30,1.5974433330725352e-29,NaN,NaN,NaN,NaN,NaN,NaN
2025-06-11T20:54:33Z,39.98626118563278,-75.16881562132892,13.573340605857085,2.217747743454026,-2.5813752148214952,-0.00140808914246509,0.9914110035245068,-0.243269800330322,-1.1075174011317797,0.0,0.0,0.0,0.0,0.0,0.0,4.0047016891610764e-29,2.847787867847831e-28,8.20730885791946e-27,2.839899258795624e-29,4.437342591868219e-29,1.6927118651841045e-34,1.6585800532272042e-28,1.1093356479670547e-29,8.287969885478241e-29,NaN,NaN,NaN,NaN,NaN,NaN
2025-06-11T20:54:34Z,39.98626118563278,-75.16881562132892,13.573340605857085,2.2198651215694527,-2.579232279371232,-0.0014086402778500145,0.9913111628284635,-0.24334588363190587,-1.1074755338934357,0.0,0.0,0.0,0.0,0.0,0.0,4.0047016891610764e-29,2.847787867847831e-28,8.20730885791946e-27,0.0,1.9721522630525186e-29,9.94938418535999e-35,2.608171367887009e-29,5.565937539279095e-30,1.8952383247934968e-28,NaN,NaN,NaN,NaN,NaN,NaN
2025-06-11T20:54:35Z,39.98626118563278,-75.16881562132892,13.573340605857085,2.222135082588975,-2.5764206762554482,-0.0014095408160619434,0.9912176875961682,-0.24337152848394383,-1.1074169941715792,0.0,0.0,0.0,0.0,0.0,0.0,4.0047016891610764e-29,2.847787867847831e-28,8.20730885791946e-27,1.1359597035182496e-28,8.852991508842735e-28,7.151707630402732e-35,5.86838557774558e-29,1.146621651690381e-29,1.2823920090499156e-28,NaN,NaN,NaN,NaN,NaN,NaN
2025-06-11T20:54:36Z,39.98626118563278,-75.16881562132892,13.573340605857085,2.22343014578876,-2.5735903060853778,-0.0014097545639115967,0.9911280008548501,-0.2434430334572062,-1.1073049925359224,0.0,0.0,0.0,0.0,0.0,0.0,4.0047016891610764e-29,2.847787867847831e-28,8.20730885791946e-27,1.8952383247934968e-28,1.774937036747265e-30,1.2714146898494056e-34,2.1152565616402733e-28,9.152789467706005e-30,5.0487097934144705e-29,NaN,NaN,NaN,NaN,NaN,NaN
2025-06-11T20:54:37Z,39.98626118563278,-75.16881562132892,13.573340605857085,2.224025985459626,-2.571812373464033,-0.0014090919111977875,0.9910951258503651,-0.2435202918287036,-1.1072213027619517,0.0,0.0,0.0,0.0,0.0,0.0,4.0047016891610764e-29,2.847787867847831e-28,8.20730885791946e-27,4.437342591868219e-29,6.634320212908817e-28,1.6974138425873703e-35,1.6872995205578796e-28,2.9613098824898387e-30,3.993608332681338e-30,NaN,NaN,NaN,NaN,NaN,NaN
2025-06-11T20:54:38Z,39.98626118563278,-75.16881562132892,13.573340605857085,2.2242842321344143,-2.5709939318918553,-0.0014078454812413033,0.9910893752998801,-0.24356868062628684,-1.1071806587729722,0.0,0.0,0.0,0.0,0.0,0.0,4.0047016891610764e-29,2.847787867847831e-28,8.20730885791946e-27,5.750795999061153e-28,1.232595164407822e-28,3.0092655381050393e-34,7.499108980257175e-29,7.403274706224597e-31,5.0487097934144705e-29,NaN,NaN,NaN,NaN,NaN,NaN
2025-06-11T20:54:39Z,39.98626118563278,-75.16881562132892,13.573340605857085,2.22405107470437,-2.5706087502844643,-0.0014060985801810262,0.9910855265573182,-0.24360035479138778,-1.1071436585085215,0.0,0.0,0.0,0.0,0.0,0.0,4.0047016891610764e-29,2.847787867847831e-28,8.20730885791946e-27,1.7749370367472875e-28,1.9721522630525186e-29,1.6927118651841045e-34,5.207714569623038e-29,4.3333423748713444e-30,3.478876592024674e-28,NaN,NaN,NaN,NaN,NaN,NaN
2025-06-11T20:54:40Z,39.98626118563278,-75.16881562132892,13.573340605857085,2.223909947296902,-2.5703987371159034,-0.0014043577749692936,0.9910926766973013,-0.2436122370862182,-1.1071250501285346,0.0,0.0,0.0,0.0,0.0,0.0,4.0047016891610764e-29,2.847787867847831e-28,8.20730885791946e-27,3.646509534384159e-28,1.199857436841148e-27,2.644862289350186e-34,9.329512799402735e-29,7.858564545077694e-30,1.5974433330725352e-29,NaN,NaN,NaN,NaN,NaN,NaN
2025-06-11T20:54:41Z,39.98626118563278,-75.16881562132892,13.573340605857085,2.222682276717937,-2.5685336918649124,-0.0014024509793670037,0.9910375079583328,-0.2436549968328361,-1.1069589119035574,0.0,0.0,0.0,0.0,0.0,0.0,4.0047016891610764e-29,2.847787867847831e-28,8.20730885791946e-27,1.4376989997652882e-28,9.663546088957328e-28,5.120453392181856e-35,3.081487911019555e-29,6.807006795442157e-30,1.384943926728626e-28,NaN,NaN,NaN,NaN,NaN,NaN
2025-06-11T20:54:42Z,39.98626118563278,-75.16881562132892,13.573340605857085,2.2212565213857114,-2.566264666642495,-0.0014005545865524072,0.9910310279238487,-0.2437357121484875,-1.1067615829649196,0.0,0.0,0.0,0.0,0.0,0.0,4.0047016891610764e-29,2.847787867847831e-28,8.20730885791946e-27,3.332937324558826e-29,1.774937036747265e-30,1.5817451984664957e-34,6.03971630559833e-29,1.5099290763995866e-31,3.332937324558826e-29,NaN,NaN,NaN,NaN,NaN,NaN
2025-06-11T20:54:43Z,39.98626118563278,-75.16881562132892,13.573340605857085,2.2195448532613473,-2.5635428029048613,-0.0013986243438539395,0.9910224758624632,-0.24383394412180828,-1.106524437120633,0.0,0.0,0.0,0.0,0.0,0.0,4.0047016891610764e-29,2.847787867847831e-28,8.20730885791946e-27,7.09974814698915e-28,7.09974814698915e-28,1.6927118651841045e-34,3.5942474994132205e-29,2.7733391199176368e-30,5.699520040221752e-29,NaN,NaN,NaN,NaN,NaN,NaN
2025-06-11T20:54:44Z,39.98626118563278,-75.16881562132892,13.573340605857085,2.2191560997732998,-2.5633989265852057,-0.0013967034628982425,0.9911167240658298,-0.24389730893015116,-1.106498540059828,0.0,0.0,0.0,0.0,0.0,0.0,4.0047016891610764e-29,2.847787867847831e-28,8.20730885791946e-27,2.415886522239332e-28,9.663546088957354e-30,2.644862289350186e-34,5.86838557774558e-29,6.520428419717522e-30,1.4376989997652882e-28,NaN,NaN,NaN,NaN,NaN,NaN
2025-06-11T20:54:45Z,39.98626118563278,-75.16881562132892,13.573340605857085,2.218245881793742,-2.563400779343634,-0.0013943692818958152,0.991126565067591,-0.24392152929128533,-1.1064540696236183,0.0,0.0,0.0,0.0,0.0,0.0,4.0047016891610764e-29,2.847787867847831e-28,8.20730885791946e-27,4.35648434908298e-28,1.5272347125078972e-27,2.574802826041116e-34,2.0511616130910715e-28,3.0814879110195603e-31,3.234822749471879e-28,NaN,NaN,NaN,NaN,NaN,NaN
2025-06-11T20:54:46Z,39.98626118563278,-75.16881562132892,13.573340605857085,2.217993103322567,-2.5635077663061026,-0.0013924637428754589,0.9911542074055912,-0.24391794583089838,-1.106452273438051,0.0,0.0,0.0,0.0,0.0,0.0,4.0047016891610764e-29,2.847787867847831e-28,8.20730885791946e-27,7.09974814698915e-28,1.232595164407822e-28,6.43700706510279e-35,1.8046425802095194e-28,4.218556950185764e-30,1.1359597035182496e-28,NaN,NaN,NaN,NaN,NaN,NaN
2025-06-11T20:54:47Z,39.98626118563278,-75.16881562132892,13.573340605857085,2.217324058883875,-2.5636194753352046,-0.0013902698556590282,0.9911599327756375,-0.24393019463770205,-1.1064261603839705,0.0,0.0,0.0,0.0,0.0,0.0,4.0047016891610764e-29,2.847787867847831e-28,8.20730885791946e-27,4.173074188619214e-28,3.8654184355829416e-29,3.4277415269977765e-35,2.4158865222393385e-30,1.0726659418259222e-29,4.437342591868219e-29,NaN,NaN,NaN,NaN,NaN,NaN
2025-06-11T20:54:48Z,39.98626118563278,-75.16881562132892,13.573340605857085,2.216996648422057,-2.563691602980724,-0.001388334161862545,0.9911773652960656,-0.24392852915936697,-1.106417586664799,0.0,0.0,0.0,0.0,0.0,0.0,4.0047016891610764e-29,2.847787867847831e-28,8.20730885791946e-27,2.3863042382935893e-29,1.232595164407822e-28,2.3702668089980973e-34,8.905500062846552e-29,1.2037062152420097e-29,3.3151879541912963e-28,NaN,NaN,NaN,NaN,NaN,NaN
2025-06-11T20:54:49Z,39.98626118563278,-75.16881562132892,13.573340605857085,2.2165642481995684,-2.5639344549449037,-0.0013862690093046322,0.9911909731370717,-0.24393403216336398,-1.1064111521839055,0.0,0.0,0.0,0.0,0.0,0.0,4.0047016891610764e-29,2.847787867847831e-28,8.20730885791946e-27,3.155443620884044e-30,8.33234331139686e-28,3.9543629961662393e-35,2.4505224463592275e-28,3.774822690998956e-30,1.089121087270745e-28,NaN,NaN,NaN,NaN,NaN,NaN
2025-06-11T20:54:50Z,39.98626118563278,-75.16881562132892,13.573340605857085,2.2164486339448537,-2.5644036354336754,-0.0013843491352041556,0.9912126330795618,-0.24392460743929642,-1.1064345282123134,0.0,0.0,0.0,0.0,0.0,0.0,4.0047016891610764e-29,2.847787867847831e-28,8.20730885791946e-27,2.99964359210287e-28,9.663546088957354e-30,2.9345040973927675e-34,1.4111982037305355e-28,1.1093356479670547e-29,1.774937036747265e-30,NaN,NaN,NaN,NaN,NaN,NaN
2025-06-11T20:54:51Z,39.98626118563278,-75.16881562132892,13.573340605857085,2.216104522342149,-2.5653546897340616,-0.00138210344217425,0.9912351038836834,-0.24391757911458528,-1.106471957160359,0.0,0.0,0.0,0.0,0.0,0.0,4.0047016891610764e-29,2.847787867847831e-28,8.20730885791946e-27,1.6585800532272042e-28,3.8654184355829416e-29,1.5276724583286577e-34,1.518680502066898e-28,2.9613098824898387e-30,7.09974814698906e-30,NaN,NaN,NaN,NaN,NaN,NaN
2025-06-11T20:54:52Z,39.98626118563278,-75.16881562132892,13.573340605857085,2.2155060336503842,-2.5666396465730603,-0.0013795676538939357,0.9912637462434253,-0.24390138529149458,-1.1065176377611932,0.0,0.0,0.0,0.0,0.0,0.0,4.0047016891610764e-29,2.847787867847831e-28,8.20730885791946e-27,2.3863042382935893e-29,1.5461673742331766e-28,4.3333423748712524e-34,1.307660209920259e-28,1.774937036747265e-30,1.5974433330725352e-29,NaN,NaN,NaN,NaN,NaN,NaN
2025-06-11T20:54:53Z,39.98626118563278,-75.16881562132892,13.573340605857085,2.2147199613974897,-2.5682874577427066,-0.0013767789480295882,0.9913033482634557,-0.24387770907686046,-1.1065763120879502,0.0,0.0,0.0,0.0,0.0,0.0,4.0047016891610764e-29,2.847787867847831e-28,8.20730885791946e-27,8.697191480061685e-29,5.539775706914504e-28,1.175494350822279e-34,7.308056729774034e-29,2.0830858278492662e-30,1.384943926728626e-28,NaN,NaN,NaN,NaN,NaN,NaN
2025-06-11T20:54:54Z,39.98626118563278,-75.16881562132892,13.573340605857085,2.21396877691207,-2.568649375522585,-0.0013744766932572638,0.9913012616664888,-0.24384524385479606,-1.106567246994037,0.0,0.0,0.0,0.0,0.0,0.0,4.0047016891610764e-29,2.847787867847831e-28,8.20730885791946e-27,1.0432685471548036e-28,2.279808016088701e-28,4.701977403289124e-36,4.586486606761524e-29,4.218556950185764e-30,3.9936083326814095e-28,NaN,NaN,NaN,NaN,NaN,NaN
2025-06-11T20:54:55Z,39.98626118563278,-75.16881562132892,13.573340605857085,2.2139167461110927,-2.5687553247449695,-0.0013727550600499327,0.991318393538414,-0.2438285087564239,-1.1065757505818308,0.0,0.0,0.0,0.0,0.0,0.0,4.0047016891610764e-29,2.847787867847831e-28,8.20730885791946e-27,7.888609052210074e-29,7.09974814698906e-30,5.759922319029169e-35,8.697191480061685e-29,7.09974814698906e-30,2.3863042382935893e-29,NaN,NaN,NaN,NaN,NaN,NaN
2025-06-11T20:54:56Z,39.98626118563278,-75.16881562132892,13.573340605857085,2.2138786338226173,-2.568803292443921,-0.0013710676765510024,0.9913194709011508,-0.24382596750159924,-1.1065771245689984,0.0,0.0,0.0,0.0,0.0,0.0,4.0047016891610764e-29,2.847787867847831e-28,8.20730885791946e-27,1.3331749298235304e-28,5.539775706914504e-28,1.4745401136714712e-34,1.774937036747265e-30,5.565937539279095e-30,7.888609052210074e-29,NaN,NaN,NaN,NaN,NaN,NaN
2025-06-11T20:54:57Z,39.98626118563278,-75.16881562132892,13.573340605857085,2.2138547302789595,-2.568792153262396,-0.001369415017753561,0.9913195164296933,-0.2438248823645991,-1.1065756915415599,0.0,0.0,0.0,0.0,0.0,0.0,4.0047016891610764e-29,2.847787867847831e-28,8.20730885791946e-27,1.9721522630525186e-29,9.663546088957328e-28,5.183930087126362e-34,1.4644463148329608e-28,9.491753137918112e-30,0.0,NaN,NaN,NaN,NaN,NaN,NaN
2025-06-11T20:54:58Z,39.98626118563278,-75.16881562132892,13.573340605857085,2.2137054386432067,-2.5686732653469355,-0.0013677177122103856,0.9913163988918882,-0.2438292360031824,-1.1065616239959668,0.0,0.0,0.0,0.0,0.0,0.0,4.0047016891610764e-29,2.847787867847831e-28,8.20730885791946e-27,1.6585800532272042e-28,1.3331749298235304e-28,5.68939265797994e-36,4.437342591868219e-29,7.55041575397573e-30,2.839899258795624e-29,NaN,NaN,NaN,NaN,NaN,NaN
2025-06-11T20:54:59Z,39.98626118563278,-75.16881562132892,13.573340605857085,2.2134243182886317,-2.568097737808647,-0.0013660943402948203,0.9913040389045596,-0.24383995383714824,-1.1065158116712834,0.0,0.0,0.0,0.0,0.0,0.0,4.0047016891610764e-29,2.847787867847831e-28,8.20730885791946e-27,4.9303806576312965e-30,7.88860905221011e-31,1.4745401136714712e-34,6.213512223779972e-29,3.355740335100301e-30,2.3863042382935893e-29,NaN,NaN,NaN,NaN,NaN,NaN
2025-06-11T20:55:00Z,39.98626118563278,-75.16881562132892,13.573340605857085,2.2119733422300243,-2.56605376361351,-0.0013641854357255446,0.9912532292646762,-0.24389736222807934,-1.1063280772048432,0.0,0.0,0.0,0.0,0.0,0.0,4.0047016891610764e-29,2.847787867847831e-28,8.20730885791946e-27,1.2939290997887515e-27,2.3863042382935893e-29,3.808601696664247e-34,1.112417135878063e-28,1.2325951644078297e-32,5.369184536160481e-29,NaN,NaN,NaN,NaN,NaN,NaN
2025-06-11T20:55:01Z,39.98626118563278,-75.16881562132892,13.573340605857085,2.2094999358509386,-2.5628745930264096,-0.001361976381965834,0.9912232728335847,-0.2440115406638232,-1.106027412727684,0.0,0.0,0.0,0.0,0.0,0.0,4.0047016891610764e-29,2.847787867847831e-28,8.20730885791946e-27,3.3151879541912963e-28,1.2621774483536119e-27,1.6927118651841045e-34,1.3422961340401203e-29,5.2077145696231654e-31,1.6585800532272042e-28,NaN,NaN,NaN,NaN,NaN,NaN
2025-06-11T20:55:02Z,39.98626118563278,-75.16881562132892,13.573340605857085,2.208620701535243,-2.561726067303357,-0.0013601556353602657,0.9913138856434082,-0.2440948048552221,-1.105923530508568,0.0,0.0,0.0,0.0,0.0,0.0,4.0047016891610764e-29,2.847787867847831e-28,8.20730885791946e-27,4.543838814072998e-28,5.0487097934144705e-29,4.988327827149426e-34,4.437342591868219e-29,1.5315765289745172e-29,1.232595164407822e-28,NaN,NaN,NaN,NaN,NaN,NaN
2025-06-11T20:55:03Z,39.98626118563278,-75.16881562132892,13.573340605857085,2.182590110920972,-2.5315301231988174,-0.00135125492644735,0.99030409313471,-0.24491300428630852,-1.1029175927326254,0.0,0.0,0.0,0.0,0.0,0.0,4.0047016891610764e-29,2.847787867847831e-28,8.20730885791946e-27,7.88860905221011e-31,9.389416924392928e-28,1.3710966107991106e-34,1.2325951644078297e-32,8.493351054747832e-30,2.279808016088701e-28,NaN,NaN,NaN,NaN,NaN,NaN
2025-06-11T20:55:04Z,39.98626118563278,-75.16881562132892,13.573340605857085,2.182329138574524,-2.5311893375934833,-0.0013495923517654164,0.9915962744270986,-0.24542538270598976,-1.1029456289578397,0.0,0.0,0.0,0.0,0.0,0.0,4.0047016891610764e-29,2.847787867847831e-28,8.20730885791946e-27,7.119469669619578e-29,4.35648434908298e-28,4.515779098118915e-34,3.7286003723336516e-29,2.3303752327085323e-30,2.415886522239332e-28,NaN,NaN,NaN,NaN,NaN,NaN
2025-06-11T20:55:05Z,39.98626118563278,-75.16881562132892,13.573340605857085,2.181027044823068,-2.529539647477843,-0.0013476784036912351,0.9915532240751965,-0.24547166748832136,-1.102787970707503,0.0,0.0,0.0,0.0,0.0,0.0,4.0047016891610764e-29,2.847787867847831e-28,8.20730885791946e-27,5.699520040221752e-29,2.699876448118889e-28,7.523163845262598e-35,2.7733391199176368e-30,7.703719777548887e-30,3.731805119761094e-28,NaN,NaN,NaN,NaN,NaN,NaN
2025-06-11T20:55:06Z,39.98626118563278,-75.16881562132892,13.573340605857085,2.1556403730971776,-2.500092813489933,-0.0013390028863799414,0.9905907971109833,-0.2462786246297217,-1.099857455126373,0.0,0.0,0.0,0.0,0.0,0.0,4.0047016891610764e-29,2.847787867847831e-28,8.20730885791946e-27,7.09974814698915e-28,6.634320212908817e-28,6.770847460736332e-36,1.988052740673364e-28,1.8270141824435085e-29,1.5461673742331766e-28,NaN,NaN,NaN,NaN,NaN,NaN
2025-06-11T20:55:07Z,39.98626118563278,-75.16881562132892,13.573340605857085,2.1308378919045845,-2.471323682246973,-0.0013305105947996941,0.9908516574191001,-0.24753132788272864,-1.0970499792901585,0.0,0.0,0.0,0.0,0.0,0.0,4.0047016891610764e-29,2.847787867847831e-28,8.20730885791946e-27,8.33234331139686e-28,6.389773332290141e-29,1.0579449157400653e-35,6.213512223779972e-29,1.2325951644078241e-30,1.424880010055438e-29,NaN,NaN,NaN,NaN,NaN,NaN
2025-06-11T20:55:08Z,39.98626118563278,-75.16881562132892,13.573340605857085,2.106599665791197,-2.443209124467439,-0.0013221953348112002,0.9911026461778398,-0.2487560412040145,-1.0943057525577782,0.0,0.0,0.0,0.0,0.0,0.0,4.0047016891610764e-29,2.847787867847831e-28,8.20730885791946e-27,5.750795999061153e-28,3.8654184355829416e-29,2.3039689276116738e-36,1.6018806756644305e-28,5.4357446750385534e-30,1.1093356479670547e-29,NaN,NaN,NaN,NaN,NaN,NaN
2025-06-11T20:55:09Z,39.98626118563278,-75.16881562132892,13.573340605857085,2.0829066561625424,-2.415727051534761,-0.0013140511906233408,0.9913442269667676,-0.24995368193559434,-1.0916226529492874,0.0,0.0,0.0,0.0,0.0,0.0,4.0047016891610764e-29,2.847787867847831e-28,8.20730885791946e-27,9.663546088957354e-30,1.3331749298235304e-28,0.0,1.0660715576963415e-28,3.8834451398624826e-30,1.2325951644078241e-30,NaN,NaN,NaN,NaN,NaN,NaN
2025-06-11T20:55:10Z,39.98626118563278,-75.16881562132892,13.573340605857085,2.059740671408999,-2.388856357619703,-0.0013060725093184018,0.9915768370407317,-0.25112512824831745,-1.08899865272363,0.0,0.0,0.0,0.0,0.0,0.0,4.0047016891610764e-29,2.847787867847831e-28,8.20730885791946e-27,5.539775706914504e-28,2.1476738144641925e-28,2.3039689276116677e-34,2.847787867847831e-28,1.8747772450642938e-29,3.9053545189098003e-28,NaN,NaN,NaN,NaN,NaN,NaN
2025-06-11T20:55:11Z,39.98626118563278,-75.16881562132892,13.573340605857085,2.037084320323558,-2.3625768656228887,-0.0012982538863984447,0.991800889085725,-0.2522712211823307,-1.0864318131849735,0.0,0.0,0.0,0.0,0.0,0.0,4.0047016891610764e-29,2.847787867847831e-28,8.20730885791946e-27,7.338378570818438e-28,7.09974814698915e-28,1.925929944387234e-34,4.2906637673036887e-29,3.155443620884044e-30,4.1464501330680106e-29,NaN,NaN,NaN,NaN,NaN,NaN
2025-06-11T20:55:12Z,39.98626118563278,-75.16881562132892,13.573340605857085,2.0149209685603244,-2.3368692766461234,-0.0012905901522751288,0.9920167728400763,-0.2533927665633687,-1.0839202798302907,0.0,0.0,0.0,0.0,0.0,0.0,4.0047016891610764e-29,2.847787867847831e-28,8.20730885791946e-27,1.2621774483536119e-27,1.6585800532272042e-28,8.693956218681714e-35,6.749691120297223e-29,1.2325951644078241e-30,1.9721522630525186e-29,NaN,NaN,NaN,NaN,NaN,NaN
2025-06-11T20:55:13Z,39.98626118563278,-75.16881562132892,13.573340605857085,1.9932346979043738,-2.3117151227279686,-0.0012830763596318074,0.9922248565932954,-0.25449053680329176,-1.0814622778116032,0.0,0.0,0.0,0.0,0.0,0.0,4.0047016891610764e-29,2.847787867847831e-28,8.20730885791946e-27,1.2325951644078241e-30,4.543838814072998e-28,7.946341811558785e-36,7.308056729774034e-29,1.0366125332670026e-29,6.03971630559833e-29,NaN,NaN,NaN,NaN,NaN,NaN
2025-06-11T20:55:14Z,39.98626118563278,-75.16881562132892,13.573340605857085,1.9720102681441327,-2.2870967225982555,-0.0012757077715926963,0.9924254885721133,-0.25556527259295364,-1.0790561076897636,0.0,0.0,0.0,0.0,0.0,0.0,4.0047016891610764e-29,2.847787867847831e-28,8.20730885791946e-27,1.384943926728626e-28,1.8952383247934968e-28,1.5817451984664957e-34,1.9721522630525275e-31,1.3019286424057594e-29,7.499108980257175e-29,NaN,NaN,NaN,NaN,NaN,NaN
2025-06-11T20:55:15Z,39.98626118563278,-75.16881562132892,13.573340605857085,1.95123308135418,-2.2629971402309086,-0.0012684798506402374,0.9926189982241864,-0.2566176844945466,-1.0767001414578534,0.0,0.0,0.0,0.0,0.0,0.0,4.0047016891610764e-29,2.847787867847831e-28,8.20730885791946e-27,2.699876448118889e-28,7.888609052210074e-29,3.161609605971619e-34,3.562200025138595e-30,9.321500930834129e-30,1.232595164407822e-28,NaN,NaN,NaN,NaN,NaN,NaN
2025-06-11T20:55:16Z,39.98626118563278,-75.16881562132892,13.573340605857085,1.9308891484121449,-2.2394001459892356,-0.0012613882482251117,0.9928056974072282,-0.2576484544403976,-1.0743928188145047,0.0,0.0,0.0,0.0,0.0,0.0,4.0047016891610764e-29,2.847787867847831e-28,8.20730885791946e-27,1.7162655069214755e-28,1.8952383247934968e-28,7.523163845262598e-35,1.5099290763995825e-29,2.0217642184199243e-29,5.965760595733973e-30,NaN,NaN,NaN,NaN,NaN,NaN
2025-06-11T20:55:17Z,39.98626118563278,-75.16881562132892,13.573340605857085,1.91096505758874,-2.2162901801774177,-0.0012544287950199478,0.9929858814918802,-0.2586582371442549,-1.0721326436686496,0.0,0.0,0.0,0.0,0.0,0.0,4.0047016891610764e-29,2.847787867847831e-28,8.20730885791946e-27,1.7162655069214755e-28,8.077935669463153e-28,1.5276724583286577e-34,1.3589361687596531e-28,7.703719777548901e-32,8.332343311397065e-30,NaN,NaN,NaN,NaN,NaN,NaN
2025-06-11T20:55:18Z,39.98626118563278,-75.16881562132892,13.573340605857085,1.8914479450625123,-2.1936523188252917,-0.001247597491769821,0.9931598303852786,-0.2596476614310522,-1.0699181808595615,0.0,0.0,0.0,0.0,0.0,0.0,4.0047016891610764e-29,2.847787867847831e-28,8.20730885791946e-27,8.287969885478241e-29,1.774937036747265e-30,3.4277415269977765e-35,8.087056873679697e-29,1.5974433330725352e-29,2.99964359210287e-28,NaN,NaN,NaN,NaN,NaN,NaN
2025-06-11T20:55:19Z,39.98626118563278,-75.16881562132892,13.573340605857085,1.8911212765000518,-2.193246966342627,-0.0012460627508180467,0.9940899350020846,-0.2600413036031501,-1.0699181722297735,0.0,0.0,0.0,0.0,0.0,0.0,4.0047016891610764e-29,2.847787867847831e-28,8.20730885791946e-27,5.965760595733843e-28,5.539775706914504e-28,5.68939265797994e-36,7.119469669619578e-29,1.0011754222902691e-29,1.1093356479670547e-29,NaN,NaN,NaN,NaN,NaN,NaN
2025-06-11T20:55:20Z,39.98626118563278,-75.16881562132892,13.573340605857085,1.8904296735429664,-2.192364707072807,-0.0012444498746944739,0.9940759570750123,-0.26006977125557157,-1.0698344234937545,0.0,0.0,0.0,0.0,0.0,0.0,4.0047016891610764e-29,2.847787867847831e-28,8.20730885791946e-27,4.930380657631288e-28,5.965760595733843e-28,5.68939265797994e-36,1.7749370367472875e-28,2.7733391199176016e-32,1.1359597035182496e-28,NaN,NaN,NaN,NaN,NaN,NaN
2025-06-11T20:55:21Z,39.98626118563278,-75.16881562132892,13.573340605857085,1.8901497156128375,-2.19202895141435,-0.0012429298741225847,0.9940994181172035,-0.2600939817153637,-1.0698026191217271,0.0,0.0,0.0,0.0,0.0,0.0,4.0047016891610764e-29,2.847787867847831e-28,8.20730885791946e-27,1.5461673742331766e-28,1.3331749298235304e-28,1.4223481644949538e-34,1.6874227800743057e-29,1.923156605267324e-29,9.545216953174357e-29,NaN,NaN,NaN,NaN,NaN,NaN
2025-06-11T20:55:22Z,39.98626118563278,-75.16881562132892,13.573340605857085,1.8901356761363255,-2.1919405916631254,-0.0012415071186224018,0.9941106532882961,-0.26010034304495816,-1.069797556675208,0.0,0.0,0.0,0.0,0.0,0.0,4.0047016891610764e-29,2.847787867847831e-28,8.20730885791946e-27,1.0082135406790362e-27,4.173074188619214e-28,7.5231638452626325e-37,3.081487911019555e-29,2.5915313331675066e-30,1.5974433330725352e-29,NaN,NaN,NaN,NaN,NaN,NaN
2025-06-11T20:55:23Z,39.98626118563278,-75.16881562132892,13.573340605857085,1.871040786856041,-2.169794432345726,-0.001234845203259895,0.9933379539384111,-0.26068766719976594,-1.0675913654620408,0.0,0.0,0.0,0.0,0.0,0.0,4.0047016891610764e-29,2.847787867847831e-28,8.20730885791946e-27,6.634320212908817e-28,1.9721522630525186e-29,1.749605791763887e-34,7.119469669619578e-29,1.774937036747265e-30,2.7733391199176604e-28,NaN,NaN,NaN,NaN,NaN,NaN
2025-06-11T20:55:24Z,39.98626118563278,-75.16881562132892,13.573340605857085,1.85232784697263,-2.1480913021075767,-0.0012283030369957511,0.9934998280282225,-0.2616367707837067,-1.065467365291752,0.0,0.0,0.0,0.0,0.0,0.0,4.0047016891610764e-29,2.847787867847831e-28,8.20730885791946e-27,6.749691120297223e-29,7.09974814698915e-28,3.4277415269977765e-35,6.03971630559833e-29,4.9303806576312965e-30,3.155443620884044e-30,NaN,NaN,NaN,NaN,NaN,NaN
2025-06-11T20:55:25Z,39.98626118563278,-75.16881562132892,13.573340605857085,1.8339855099363576,-2.1268180385542244,-0.0012218771093490653,0.9936562396716927,-0.2625672997723051,-1.0633850159568763,0.0,0.0,0.0,0.0,0.0,0.0,4.0047016891610764e-29,2.847787867847831e-28,8.20730885791946e-27,6.865062027685902e-28,2.3863042382935893e-29,1.3588714695505505e-35,4.586486606761524e-29,1.925929944387222e-30,5.699520040221752e-29,NaN,NaN,NaN,NaN,NaN,NaN
2025-06-11T20:55:26Z,39.98626118563278,-75.16881562132892,13.573340605857085,1.8160028742193837,-2.1059619955846567,-0.001215564047290448,0.9938074149374843,-0.26347978974138486,-1.0613431005768925,0.0,0.0,0.0,0.0,0.0,0.0,4.0047016891610764e-29,2.847787867847831e-28,8.20730885791946e-27,7.338378570818438e-28,7.88860905221011e-31,5.759922319029169e-35,4.0047016891610764e-29,5.697671147475248e-30,2.608171367887009e-29,NaN,NaN,NaN,NaN,NaN,NaN
2025-06-11T20:55:27Z,39.98626118563278,-75.16881562132892,13.573340605857085,1.815380947644113,-2.1051418260714945,-0.001214024771874073,0.9946409634325173,-0.26385364239778625,-1.061300278701139,0.0,0.0,0.0,0.0,0.0,0.0,4.0047016891610764e-29,2.847787867847831e-28,8.20730885791946e-27,6.03971630559833e-29,3.9936083326814095e-28,5.120453392181856e-35,4.0047016891610764e-29,4.6869431126607344e-30,6.749691120297223e-29,NaN,NaN,NaN,NaN,NaN,NaN
2025-06-11T20:55:28Z,39.98626118563278,-75.16881562132892,13.573340605857085,1.7977601524596645,-2.084706442949641,-0.001207833367208934,0.993957633768126,-0.26440845683412767,-1.0592654965162855,0.0,0.0,0.0,0.0,0.0,0.0,4.0047016891610764e-29,2.847787867847831e-28,8.20730885791946e-27,3.5622000251386207e-28,8.59069525785677e-28,1.6974138425873703e-35,9.116273835960397e-29,5.1799811784239004e-30,8.332343311397065e-30,NaN,NaN,NaN,NaN,NaN,NaN
2025-06-11T20:55:29Z,39.98626118563278,-75.16881562132892,13.573340605857085,1.7975901962816148,-2.0844216628927814,-0.001206425478460189,0.9947906009637584,-0.26476152962294597,-1.0592744341945055,0.0,0.0,0.0,0.0,0.0,0.0,4.0047016891610764e-29,2.847787867847831e-28,8.20730885791946e-27,3.9936083326814095e-28,2.839899258795624e-29,9.94938418535999e-35,3.7286003723336516e-29,3.155443620884044e-30,1.774937036747265e-30,NaN,NaN,NaN,NaN,NaN,NaN
2025-06-11T20:55:30Z,39.98626118563278,-75.16881562132892,13.573340605857085,1.7975845384756937,-2.084373161386025,-0.001205049868481224,0.9947990743151576,-0.26476736277880836,-1.0592715177734926,0.0,0.0,0.0,0.0,0.0,0.0,4.0047016891610764e-29,2.847787867847831e-28,8.20730885791946e-27,2.0194839173657882e-28,4.35648434908298e-28,9.521504241660618e-35,1.5461673742331766e-28,1.2325951644078297e-32,4.930380657631319e-32,NaN,NaN,NaN,NaN,NaN,NaN
2025-06-11T20:55:31Z,39.98626118563278,-75.16881562132892,13.573340605857085,1.797205525346922,-2.0838800887772932,-0.0012035801828063027,0.9947833767539308,-0.2647802570170396,-1.0592246757238135,0.0,0.0,0.0,0.0,0.0,0.0,4.0047016891610764e-29,2.847787867847831e-28,8.20730885791946e-27,5.965760595733843e-28,6.389773332290141e-29,1.5817451984664957e-34,2.839899258795624e-29,4.930380657631319e-32,5.699520040221752e-29,NaN,NaN,NaN,NaN,NaN,NaN
2025-06-11T20:55:32Z,39.98626118563278,-75.16881562132892,13.573340605857085,1.7970570822176763,-2.0836925705643123,-0.0012021633489372136,0.9947962368341149,-0.26479364230714114,-1.0592072491684277,0.0,0.0,0.0,0.0,0.0,0.0,4.0047016891610764e-29,2.847787867847831e-28,8.20730885791946e-27,5.750795999061153e-28,4.930380657631288e-28,7.5231638452626325e-37,4.738095811983742e-29,2.7733391199176016e-32,9.663546088957354e-30,NaN,NaN,NaN,NaN,NaN,NaN
2025-06-11T20:55:33Z,39.98626118563278,-75.16881562132892,13.573340605857085,1.7797897101753262,-2.0636690105829243,-0.0011961159351146398,0.9941031478498001,-0.2653261329822196,-1.0572127950762757,0.0,0.0,0.0,0.0,0.0,0.0,4.0047016891610764e-29,2.847787867847831e-28,8.20730885791946e-27,1.1837843958972849e-28,2.99964359210287e-28,1.2229843225955158e-34,4.437342591868219e-29,2.226375015711638e-29,7.888609052210074e-29,NaN,NaN,NaN,NaN,NaN,NaN
2025-06-11T20:55:34Z,39.98626118563278,-75.16881562132892,13.573340605857085,1.7628510137246747,-2.0440266265392286,-0.0011901711287966264,0.9942395159321223,-0.2661861312372683,-1.0552884394958932,0.0,0.0,0.0,0.0,0.0,0.0,4.0047016891610764e-29,2.847787867847831e-28,8.20730885791946e-27,1.4914401489334606e-28,1.774937036747265e-30,3.08496737429798e-34,1.0432685471548036e-28,4.6869431126607344e-30,1.424880010055438e-29,NaN,NaN,NaN,NaN,NaN,NaN
2025-06-11T20:55:35Z,39.98626118563278,-75.16881562132892,13.573340605857085,1.7615539167167653,-2.042409348705447,-0.0011884976460751371,0.9949897705975143,-0.26656079652853243,-1.0551637389672308,0.0,0.0,0.0,0.0,0.0,0.0,4.0047016891610764e-29,2.847787867847831e-28,8.20730885791946e-27,2.279808016088701e-28,7.580953299173987e-28,4.2317796629602075e-37,2.7228027181768627e-29,5.1799811784239004e-30,5.699520040221752e-29,NaN,NaN,NaN,NaN,NaN,NaN
2025-06-11T20:55:36Z,39.98626118563278,-75.16881562132892,13.573340605857085,1.7449595996103433,-2.02316741703912,-0.00118266755684993,0.9943802832871098,-0.26709786581556,-1.0532488420030446,0.0,0.0,0.0,0.0,0.0,0.0,4.0047016891610764e-29,2.847787867847831e-28,8.20730885791946e-27,6.634320212908817e-28,1.6585800532272042e-28,2.574802826041116e-34,2.627399852451736e-28,1.5099290763995866e-31,4.4373425918681625e-31,NaN,NaN,NaN,NaN,NaN,NaN
2025-06-11T20:55:37Z,39.98626118563278,-75.16881562132892,13.573340605857085,1.7286750106839848,-2.0042846653816624,-0.0011769341360662571,0.9945076573688487,-0.26792495201368,-1.051398138714532,0.0,0.0,0.0,0.0,0.0,0.0,4.0047016891610764e-29,2.847787867847831e-28,8.20730885791946e-27,1.7162655069214755e-28,5.129568036199662e-28,2.574802826041116e-34,1.5099290763995825e-29,1.4914401489334933e-30,1.8345946427046095e-28,NaN,NaN,NaN,NaN,NaN,NaN
2025-06-11T20:55:38Z,39.98626118563278,-75.16881562132892,13.573340605857085,1.728326928389584,-2.0037458368239034,-0.001175544022053208,0.9952612645586889,-0.26825807933472573,-1.051379938186225,0.0,0.0,0.0,0.0,0.0,0.0,4.0047016891610764e-29,2.847787867847831e-28,8.20730885791946e-27,1.3331749298235304e-28,8.077935669463153e-28,2.708338984294533e-35,2.847787867847831e-28,1.2325951644078241e-30,7.119469669619578e-29,NaN,NaN,NaN,NaN,NaN,NaN
2025-06-11T20:55:39Z,39.98626118563278,-75.16881562132892,13.573340605857085,1.7267181400037845,-2.0015937298463267,-0.0011738694006452515,0.9952062372574783,-0.2683185002423252,-1.0511783356629636,0.0,0.0,0.0,0.0,0.0,0.0,4.0047016891610764e-29,2.847787867847831e-28,8.20730885791946e-27,2.5559093329160563e-28,4.35648434908298e-28,1.175494350822281e-36,4.0047016891610764e-29,7.703719777548901e-32,1.7798674174048944e-29,NaN,NaN,NaN,NaN,NaN,NaN
2025-06-11T20:55:40Z,39.98626118563278,-75.16881562132892,13.573340605857085,1.7107731251913139,-1.9831086624723728,-0.0011682553287076449,0.9946407450104123,-0.26884627934167404,-1.0493385432081774,0.0,0.0,0.0,0.0,0.0,0.0,4.0047016891610764e-29,2.847787867847831e-28,8.20730885791946e-27,6.03971630559833e-29,7.119469669619578e-29,9.215875710446695e-36,9.763386297274501e-29,1.1093356479670406e-31,4.4373425918681625e-31,NaN,NaN,NaN,NaN,NaN,NaN
2025-06-11T20:55:41Z,39.98626118563278,-75.16881562132892,13.573340605857085,1.6951198976332003,-1.9649618964982785,-0.0011627322128775033,0.9947596807280785,-0.2696414866207907,-1.047559124102215,0.0,0.0,0.0,0.0,0.0,0.0,4.0047016891610764e-29,2.847787867847831e-28,8.20730885791946e-27,3.646509534384159e-28,1.424880010055438e-29,2.708338984294533e-35,2.699876448118889e-28,1.2325951644078297e-32,6.749691120297223e-29,NaN,NaN,NaN,NaN,NaN,NaN
2025-06-11T20:55:42Z,39.98626118563278,-75.16881562132892,13.573340605857085,1.6797505205679089,-1.9471442290856755,-0.001157297619141004,0.9948748754140165,-0.2704224026473267,-1.0458116584910366,0.0,0.0,0.0,0.0,0.0,0.0,4.0047016891610764e-29,2.847787867847831e-28,8.20730885791946e-27,5.644792814922142e-28,1.0432685471548036e-28,3.6412113011071614e-34,2.663514890768853e-28,6.933347799794092e-31,1.7162655069214755e-28,NaN,NaN,NaN,NaN,NaN,NaN
2025-06-11T20:55:43Z,39.98626118563278,-75.16881562132892,13.573340605857085,1.6646573424928188,-1.92964678819052,-0.0011519492007760989,0.9949864720475308,-0.2711894066753977,-1.0440952912020953,0.0,0.0,0.0,0.0,0.0,0.0,4.0047016891610764e-29,2.847787867847831e-28,8.20730885791946e-27,3.234822749471879e-28,3.9936083326814095e-28,2.048181356872742e-34,4.2906637673036887e-29,1.925929944387222e-30,1.2621774483536176e-29,NaN,NaN,NaN,NaN,NaN,NaN
2025-06-11T20:55:44Z,39.98626118563278,-75.16881562132892,13.573340605857085,1.6632723878557405,-1.9276051720446414,-0.001150420370414531,0.9956263415793,-0.27153224713066887,-1.0439372046943969,0.0,0.0,0.0,0.0,0.0,0.0,4.0047016891610764e-29,2.847787867847831e-28,8.20730885791946e-27,8.332343311397065e-30,6.749691120297223e-29,7.5231638452626325e-37,2.0511616130910715e-28,3.155443620884044e-30,1.3331749298235304e-28,NaN,NaN,NaN,NaN,NaN,NaN
2025-06-11T20:55:45Z,39.98626118563278,-75.16881562132892,13.573340605857085,1.6621560948133114,-1.9254547804295445,-0.0011491069681706639,0.9956273231662163,-0.2716074464042544,-1.0437614210774164,0.0,0.0,0.0,0.0,0.0,0.0,4.0047016891610764e-29,2.847787867847831e-28,8.20730885791946e-27,1.4914401489334606e-28,2.5559093329160563e-28,0.0,3.1950099256615843e-28,8.905500062846488e-31,5.965760595733973e-30,NaN,NaN,NaN,NaN,NaN,NaN
2025-06-11T20:55:46Z,39.98626118563278,-75.16881562132892,13.573340605857085,1.661069504118324,-1.9232970079636336,-0.00114781839338026,0.9956229349594061,-0.27168721201735313,-1.0435847454821399,0.0,0.0,0.0,0.0,0.0,0.0,4.0047016891610764e-29,2.847787867847831e-28,8.20730885791946e-27,4.6389951607652695e-28,4.9303806576312965e-30,2.275757063191976e-35,1.864793224232631e-28,3.155443620884044e-30,2.627399852451736e-28,NaN,NaN,NaN,NaN,NaN,NaN
2025-06-11T20:55:47Z,39.98626118563278,-75.16881562132892,13.573340605857085,1.6600978904350603,-1.92070937084089,-0.001146750908839755,0.9956050296959957,-0.27176556421878884,-1.0433897927901439,0.0,0.0,0.0,0.0,0.0,0.0,4.0047016891610764e-29,2.847787867847831e-28,8.20730885791946e-27,2.7733391199176604e-28,1.089121087270745e-28,1.0579449157400653e-35,1.6585800532272042e-28,6.240013019814702e-30,9.663546088957354e-30,NaN,NaN,NaN,NaN,NaN,NaN
2025-06-11T20:55:48Z,39.98626118563278,-75.16881562132892,13.573340605857085,1.6600624684498826,-1.9184793191275902,-0.001146176896011414,0.9956069152384833,-0.2718293725602215,-1.0432602022440443,0.0,0.0,0.0,0.0,0.0,0.0,4.0047016891610764e-29,2.847787867847831e-28,8.20730885791946e-27,8.287969885478241e-29,1.1391151471391324e-27,2.275757063191976e-35,7.499108980257175e-29,8.332343311397065e-30,2.347354231098232e-28,NaN,NaN,NaN,NaN,NaN,NaN
2025-06-11T20:55:49Z,39.98626118563278,-75.16881562132892,13.573340605857085,1.6613136367851495,-1.9169918197533056,-0.0011461948206069228,0.9956065263063418,-0.27185584825413267,-1.0432332685377061,0.0,0.0,0.0,0.0,0.0,0.0,4.0047016891610764e-29,2.847787867847831e-28,8.20730885791946e-27,4.930380657631319e-32,9.25383145630816e-28,1.0579449157400653e-35,1.4376989997652882e-28,2.5915313331675066e-30,2.3863042382935893e-29,NaN,NaN,NaN,NaN,NaN,NaN
2025-06-11T20:55:50Z,39.98626118563278,-75.16881562132892,13.573340605857085,1.6619622035079766,-1.9169426731394996,-0.0011453434657175852,0.9956008749510957,-0.2718880844635595,-1.0432507721115687,0.0,0.0,0.0,0.0,0.0,0.0,4.0047016891610764e-29,2.847787867847831e-28,8.20730885791946e-27,3.234822749471879e-28,6.074722008267592e-28,7.946341811558785e-36,3.993608332681338e-30,3.0814879110195603e-31,1.3331749298235304e-28,NaN,NaN,NaN,NaN,NaN,NaN
2025-06-11T20:55:51Z,39.98626118563278,-75.16881562132892,13.573340605857085,1.6626807823138925,-1.9183863103077385,-0.0011440445185368557,0.9956328968511761,-0.2718717205714372,-1.0433637870748294,0.0,0.0,0.0,0.0,0.0,0.0,4.0047016891610764e-29,2.847787867847831e-28,8.20730885791946e-27,6.407522702657722e-28,1.1837843958972849e-28,8.29428813940209e-35,6.03971630559833e-29,4.930380657631319e-32,4.738095811983742e-29,NaN,NaN,NaN,NaN,NaN,NaN
2025-06-11T20:55:52Z,39.98626118563278,-75.16881562132892,13.573340605857085,1.6628352162388624,-1.9205698826296478,-0.001142137464573694,0.9956574464720844,-0.2718313323119368,-1.043494291075916,0.0,0.0,0.0,0.0,0.0,0.0,4.0047016891610764e-29,2.847787867847831e-28,8.20730885791946e-27,1.232595164407822e-28,8.204646452364286e-28,2.487346046339997e-35,2.0194839173657882e-28,2.9613098824898387e-30,5.0487097934144705e-29,NaN,NaN,NaN,NaN,NaN,NaN
2025-06-11T20:55:53Z,39.98626118563278,-75.16881562132892,13.573340605857085,1.663385603044757,-1.9253492793721456,-0.0011396324625172478,0.995766584104661,-0.2717483621991832,-1.043795531034647,0.0,0.0,0.0,0.0,0.0,0.0,4.0047016891610764e-29,2.847787867847831e-28,8.20730885791946e-27,4.082848222584451e-28,4.4373425918681625e-31,6.789655370349481e-35,1.864793224232631e-28,9.663546088957354e-30,3.332937324558826e-29,NaN,NaN,NaN,NaN,NaN,NaN
2025-06-11T20:55:54Z,39.98626118563278,-75.16881562132892,13.573340605857085,1.664294374802331,-1.9300754613521924,-0.001137382614832105,0.9958198280717147,-0.2715936054954127,-1.04411921608035,0.0,0.0,0.0,0.0,0.0,0.0,4.0047016891610764e-29,2.847787867847831e-28,8.20730885791946e-27,1.0432685471548036e-28,8.852991508842735e-28,4.701977403289124e-36,1.2325951644078297e-32,7.39865247435803e-30,1.6018806756644305e-28,NaN,NaN,NaN,NaN,NaN,NaN
2025-06-11T20:55:55Z,39.98626118563278,-75.16881562132892,13.573340605857085,1.6663552462969773,-1.9382347459453335,-0.001134749399427622,0.9959763415549662,-0.27140223101079547,-1.044690393773091,0.0,0.0,0.0,0.0,0.0,0.0,4.0047016891610764e-29,2.847787867847831e-28,8.20730885791946e-27,5.029481308849724e-28,5.4357446750386125e-28,2.7158621481397925e-34,1.518680502066898e-28,1.1845239529959355e-29,1.2621774483536176e-29,NaN,NaN,NaN,NaN,NaN,NaN
2025-06-11T20:55:56Z,39.98626118563278,-75.16881562132892,13.573340605857085,1.6672738941724068,-1.9424472957532497,-0.0011326857703296504,0.9959142508454307,-0.27117729837239124,-1.0449893293197439,0.0,0.0,0.0,0.0,0.0,0.0,4.0047016891610764e-29,2.847787867847831e-28,8.20730885791946e-27,5.4357446750386125e-28,6.520428419717362e-28,1.2229843225955158e-34,4.0047016891610764e-29,8.905500062846488e-31,5.965760595733973e-30,NaN,NaN,NaN,NaN,NaN,NaN
2025-06-11T20:55:57Z,39.98626118563278,-75.16881562132892,13.573340605857085,1.668539430289458,-1.948439427296233,-0.0011302643968568117,0.9960083677206878,-0.2710270384173806,-1.0453973456676409,0.0,0.0,0.0,0.0,0.0,0.0,4.0047016891610764e-29,2.847787867847831e-28,8.20730885791946e-27,4.082848222584451e-28,4.738095811983742e-29,4.814824860968085e-35,2.9232226919096137e-28,3.562200025138595e-30,7.09974814698906e-30,NaN,NaN,NaN,NaN,NaN,NaN
2025-06-11T20:55:58Z,39.98626118563278,-75.16881562132892,13.573340605857085,1.6715722376537885,-1.9633414154701376,-0.0011260559114433881,0.9963470038966162,-0.2707607423398592,-1.0463958250120908,0.0,0.0,0.0,0.0,0.0,0.0,4.0047016891610764e-29,2.847787867847831e-28,8.20730885791946e-27,1.8345946427046095e-28,1.8345946427046095e-28,3.009265538105053e-36,2.959460989743212e-29,1.0011754222902691e-29,1.1093356479670547e-29,NaN,NaN,NaN,NaN,NaN,NaN
2025-06-11T20:55:59Z,39.98626118563278,-75.16881562132892,13.573340605857085,1.6736561091854731,-1.9715736399989103,-0.0011234378727440354,0.99627075058781,-0.2703301175157391,-1.0469964964318552,0.0,0.0,0.0,0.0,0.0,0.0,4.0047016891610764e-29,2.847787867847831e-28,8.20730885791946e-27,1.6585800532272042e-28,4.264286230785366e-28,3.9543629961662393e-35,1.9721522630525186e-29,5.965760595733973e-30,3.081487911019555e-29,NaN,NaN,NaN,NaN,NaN,NaN
2025-06-11T20:56:00Z,39.98626118563278,-75.16881562132892,13.573340605857085,1.6757952740572604,-1.9789452499117914,-0.0011211437102320106,0.9963098337155991,-0.27006093070951753,-1.0475333784350909,0.0,0.0,0.0,0.0,0.0,0.0,4.0047016891610764e-29,2.847787867847831e-28,8.20730885791946e-27,1.089121087270745e-28,8.287969885478241e-29,9.103028252767904e-35,1.988052740673364e-28,1.2325951644078241e-30,3.993608332681338e-30,NaN,NaN,NaN,NaN,NaN,NaN
2025-06-11T20:56:01Z,39.98626118563278,-75.16881562132892,13.573340605857085,1.6762994255148602,-1.9807517370143957,-0.00111962940445863,0.9961819912010054,-0.26987493542285423,-1.0476736393033907,0.0,0.0,0.0,0.0,0.0,0.0,4.0047016891610764e-29,2.847787867847831e-28,8.20730885791946e-27,4.9303806576312965e-30,6.749691120297223e-29,4.518600284560911e-35,7.888609052210074e-29,3.355740335100301e-30,4.437342591868219e-29,NaN,NaN,NaN,NaN,NaN,NaN
2025-06-11T20:56:02Z,39.98626118563278,-75.16881562132892,13.573340605857085,1.6767919353876148,-1.9821398993834287,-0.001118248005510068,0.9961824481748303,-0.26981629999703344,-1.0477795941377333,0.0,0.0,0.0,0.0,0.0,0.0,4.0047016891610764e-29,2.847787867847831e-28,8.20730885791946e-27,1.8345946427046095e-28,5.644792814922142e-28,2.9387358770556974e-35,1.0207120556461127e-28,2.496005207925836e-31,1.5974433330725352e-29,NaN,NaN,NaN,NaN,NaN,NaN
2025-06-11T20:56:03Z,39.98626118563278,-75.16881562132892,13.573340605857085,1.676843415349329,-1.9822078098226175,-0.0011170190095808898,0.9961475247917134,-0.2697840731111715,-1.047788136311963,0.0,0.0,0.0,0.0,0.0,0.0,4.0047016891610764e-29,2.847787867847831e-28,8.20730885791946e-27,8.59069525785677e-28,3.5622000251386207e-28,5.435485878202202e-35,3.5942474994132205e-29,1.1093356479670547e-29,9.663546088957354e-30,NaN,NaN,NaN,NaN,NaN,NaN
2025-06-11T20:56:04Z,39.98626118563278,-75.16881562132892,13.573340605857085,1.6768886745141447,-1.9822437676110292,-0.001115799196239908,0.9961465715301077,-0.26978145055600344,-1.0477924375194556,0.0,0.0,0.0,0.0,0.0,0.0,4.0047016891610764e-29,2.847787867847831e-28,8.20730885791946e-27,1.232595164407822e-28,4.7351375835891395e-28,2.0735720348505224e-35,6.520428419717522e-30,9.984020831703345e-31,3.3151879541912963e-28,NaN,NaN,NaN,NaN,NaN,NaN
2025-06-11T20:56:05Z,39.98626118563278,-75.16881562132892,13.573340605857085,1.6770883422943779,-1.982705425755499,-0.0011145418375726403,0.9961602783158039,-0.26977413196754924,-1.0478282279224587,0.0,0.0,0.0,0.0,0.0,0.0,4.0047016891610764e-29,2.847787867847831e-28,8.20730885791946e-27,2.99964359210287e-28,8.204646452364286e-28,1.6367583340849642e-34,1.0432685471548036e-28,3.562200025138595e-30,1.1837843958972849e-28,NaN,NaN,NaN,NaN,NaN,NaN
2025-06-11T20:56:06Z,39.98626118563278,-75.16881562132892,13.573340605857085,1.6776336939315277,-1.9838398828965689,-0.001113288641924046,0.9961848554601258,-0.26974608572064335,-1.0479197087186782,0.0,0.0,0.0,0.0,0.0,0.0,4.0047016891610764e-29,2.847787867847831e-28,8.20730885791946e-27,3.646509534384159e-28,5.129568036199662e-28,3.009265538105053e-36,1.4914401489334606e-28,3.993608332681338e-30,1.0432685471548036e-28,NaN,NaN,NaN,NaN,NaN,NaN
2025-06-11T20:56:07Z,39.98626118563278,-75.16881562132892,13.573340605857085,1.6792991255443874,-1.9863662633349342,-0.0011122993842120582,0.9962367166446441,-0.269669663502813,-1.0481461390578484,0.0,0.0,0.0,0.0,0.0,0.0,4.0047016891610764e-29,2.847787867847831e-28,8.20730885791946e-27,2.1476738144641925e-28,8.721350345284119e-28,1.3588714695505505e-35,3.5942474994132205e-29,1.112417135878059e-30,7.499108980257175e-29,NaN,NaN,NaN,NaN,NaN,NaN
2025-06-11T20:56:08Z,39.98626118563278,-75.16881562132892,13.573340605857085,1.6807143778330473,-1.9892542697477178,-0.001111035223820086,0.9962442766236544,-0.269574443219175,-1.0483783383684828,0.0,0.0,0.0,0.0,0.0,0.0,4.0047016891610764e-29,2.847787867847831e-28,8.20730885791946e-27,1.384943926728626e-28,7.827472332055408e-28,1.925929944387234e-34,8.905500062846552e-29,4.9303806576312965e-30,4.1464501330680106e-29,NaN,NaN,NaN,NaN,NaN,NaN
2025-06-11T20:56:09Z,39.98626118563278,-75.16881562132892,13.573340605857085,1.681503838814795,-1.9916355933174048,-0.0011095401802452551,0.996233538868337,-0.2694861204607084,-1.0485532062086407,0.0,0.0,0.0,0.0,0.0,0.0,4.0047016891610764e-29,2.847787867847831e-28,8.20730885791946e-27,6.407522702657722e-28,5.230640839681036e-28,1.692711865184083e-36,1.0432685471548036e-28,5.965760595733973e-30,5.0487097934144705e-29,NaN,NaN,NaN,NaN,NaN,NaN
2025-06-11T20:56:10Z,39.98626118563278,-75.16881562132892,13.573340605857085,1.6823708060562537,-1.9936170555866157,-0.00110822752108911,0.9962363358637975,-0.2694036666320237,-1.0487116318808647,0.0,0.0,0.0,0.0,0.0,0.0,4.0047016891610764e-29,2.847787867847831e-28,8.20730885791946e-27,3.731805119761094e-28,2.2132478772106838e-28,3.9543629961662393e-35,9.763386297274501e-29,1.774937036747265e-30,7.09974814698906e-30,NaN,NaN,NaN,NaN,NaN,NaN
2025-06-11T20:56:11Z,39.98626118563278,-75.16881562132892,13.573340605857085,1.6849080278758768,-1.9986285337226637,-0.0011069959933041116,0.9963458522127534,-0.2692777849674585,-1.0491219631139543,0.0,0.0,0.0,0.0,0.0,0.0,4.0047016891610764e-29,2.847787867847831e-28,8.20730885791946e-27,7.218570320838078e-28,1.7749370367472875e-28,3.9543629961662393e-35,2.847787867847831e-28,2.7733391199176368e-30,9.116273835960397e-29,NaN,NaN,NaN,NaN,NaN,NaN
2025-06-11T20:56:12Z,39.98626118563278,-75.16881562132892,13.573340605857085,1.6870419413496547,-2.002590820041794,-0.0011058511607062956,0.9963229084803822,-0.26910500274240934,-1.0494543343366272,0.0,0.0,0.0,0.0,0.0,0.0,4.0047016891610764e-29,2.847787867847831e-28,8.20730885791946e-27,2.347354231098232e-28,8.697191480061685e-29,1.692711865184083e-36,1.257370327212431e-28,9.984020831703345e-31,1.3331749298235304e-28,NaN,NaN,NaN,NaN,NaN,NaN
2025-06-11T20:56:13Z,39.98626118563278,-75.16881562132892,13.573340605857085,1.6885391294818946,-2.0050444382476194,-0.0011047934868735976,0.9962793760325562,-0.26897678197938174,-1.0496688702632935,0.0,0.0,0.0,0.0,0.0,0.0,4.0047016891610764e-29,2.847787867847831e-28,8.20730885791946e-27,4.35648434908298e-28,6.1846694969327065e-28,5.759922319029169e-35,3.5942474994132205e-29,3.0814879110195743e-33,3.646509534384159e-28,NaN,NaN,NaN,NaN,NaN,NaN
2025-06-11T20:56:14Z,39.98626118563278,-75.16881562132892,13.573340605857085,1.6902989911392343,-2.0080047519567454,-0.0011037406406674685,0.9962963656098617,-0.26887217116876755,-1.0499233486573465,0.0,0.0,0.0,0.0,0.0,0.0,4.0047016891610764e-29,2.847787867847831e-28,8.20730885791946e-27,2.9232226919096137e-28,1.199857436841148e-27,1.6974138425873703e-35,1.6874227800743057e-29,1.2325951644078297e-32,1.7798674174048944e-29,NaN,NaN,NaN,NaN,NaN,NaN
2025-06-11T20:56:15Z,39.98626118563278,-75.16881562132892,13.573340605857085,1.6930947587698115,-2.0134054566931208,-0.0011025572366320793,0.9963779252835808,-0.26872185303594837,-1.0503667299386568,0.0,0.0,0.0,0.0,0.0,0.0,4.0047016891610764e-29,2.847787867847831e-28,8.20730885791946e-27,3.1554436208840297e-28,6.389773332290141e-29,2.3039689276116738e-36,6.03971630559833e-29,8.332343311397065e-30,1.0432685471548036e-28,NaN,NaN,NaN,NaN,NaN,NaN
2025-06-11T20:56:16Z,39.98626118563278,-75.16881562132892,13.573340605857085,1.6941582632499925,-2.0159848034535264,-0.001101192135823336,0.9962931125209735,-0.26857487406710673,-1.0505673566985745,0.0,0.0,0.0,0.0,0.0,0.0,4.0047016891610764e-29,2.847787867847831e-28,8.20730885791946e-27,2.347354231098232e-28,1.7749370367472875e-28,5.435485878202202e-35,1.424880010055438e-29,5.965760595733973e-30,7.888609052210074e-29,NaN,NaN,NaN,NaN,NaN,NaN
2025-06-11T20:56:17Z,39.98626118563278,-75.16881562132892,13.573340605857085,1.696278352207472,-2.0209203945942527,-0.0010997376008868417,0.996382414850586,-0.268447249353444,-1.0509531310673825,0.0,0.0,0.0,0.0,0.0,0.0,4.0047016891610764e-29,2.847787867847831e-28,8.20730885791946e-27,5.129568036199662e-28,7.580953299173987e-28,3.4277415269977765e-35,2.7228027181768627e-29,1.774937036747265e-30,1.3331749298235304e-28,NaN,NaN,NaN,NaN,NaN,NaN
2025-06-11T20:56:18Z,39.98626118563278,-75.16881562132892,13.573340605857085,1.697676472130945,-2.023623420658632,-0.0010985496563835281,0.9963291209898313,-0.26829603720048006,-1.0511799802010584,0.0,0.0,0.0,0.0,0.0,0.0,4.0047016891610764e-29,2.847787867847831e-28,8.20730885791946e-27,1.6585800532272042e-28,2.415886522239332e-28,1.3588714695505505e-35,1.3589361687596531e-28,2.5915313331675066e-30,9.116273835960397e-29,NaN,NaN,NaN,NaN,NaN,NaN
2025-06-11T20:56:19Z,39.98626118563278,-75.16881562132892,13.573340605857085,1.698659075314385,-2.026155639196841,-0.0010971575964223194,0.9963273595346208,-0.26820653911944076,-1.051372441668529,0.0,0.0,0.0,0.0,0.0,0.0,4.0047016891610764e-29,2.847787867847831e-28,8.20730885791946e-27,2.2132478772106838e-28,1.1692890767638455e-27,1.2037062152420212e-35,3.462359816821565e-29,1.424880010055438e-29,5.965760595733973e-30,NaN,NaN,NaN,NaN,NaN,NaN
2025-06-11T20:56:20Z,39.98626118563278,-75.16881562132892,13.573340605857085,1.7008530341479269,-2.0316140209959257,-0.0010955907832991523,0.9964361636625374,-0.26807578101487617,-1.0517913671931354,0.0,0.0,0.0,0.0,0.0,0.0,4.0047016891610764e-29,2.847787867847831e-28,8.20730885791946e-27,3.0770505684277186e-28,1.1359597035182496e-28,4.518600284560911e-35,2.083085827849215e-28,5.2077145696231654e-31,7.499108980257175e-29,NaN,NaN,NaN,NaN,NaN,NaN
2025-06-11T20:56:21Z,39.98626118563278,-75.16881562132892,13.573340605857085,1.7031021969873685,-2.037384027677669,-0.0010939620994598652,0.9964706766784467,-0.26787980489612806,-1.0522336948757787,0.0,0.0,0.0,0.0,0.0,0.0,4.0047016891610764e-29,2.847787867847831e-28,8.20730885791946e-27,2.99964359210287e-28,8.697191480061685e-29,7.946341811558785e-36,1.0660715576963415e-28,3.155443620884044e-30,1.1359597035182496e-28,NaN,NaN,NaN,NaN,NaN,NaN
2025-06-11T20:56:22Z,39.98626118563278,-75.16881562132892,13.573340605857085,1.7050657624390282,-2.0416426003593777,-0.0010926420118500609,0.9964498319058686,-0.26768859329146844,-1.0525780791332293,0.0,0.0,0.0,0.0,0.0,0.0,4.0047016891610764e-29,2.847787867847831e-28,8.20730885791946e-27,2.1476738144641925e-28,6.634320212908817e-28,1.175494350822281e-36,3.234822749471879e-28,2.226375015711638e-29,3.993608332681338e-30,NaN,NaN,NaN,NaN,NaN,NaN
2025-06-11T20:56:23Z,39.98626118563278,-75.16881562132892,13.573340605857085,1.7064611351790913,-2.0444708651912324,-0.001091426398561795,0.9964162953959653,-0.2675528084767821,-1.0528101908761882,0.0,0.0,0.0,0.0,0.0,0.0,4.0047016891610764e-29,2.847787867847831e-28,8.20730885791946e-27,3.234822749471879e-28,4.543838814072998e-28,2.487346046339997e-35,1.1093356479670406e-31,5.1799811784239004e-30,1.7749370367472875e-28,NaN,NaN,NaN,NaN,NaN,NaN
2025-06-11T20:56:24Z,39.98626118563278,-75.16881562132892,13.573340605857085,1.70945710385822,-2.051152091239568,-0.001089983830268206,0.996550311961825,-0.2673930967281816,-1.0533366411934841,0.0,0.0,0.0,0.0,0.0,0.0,4.0047016891610764e-29,2.847787867847831e-28,8.20730885791946e-27,1.956868083013852e-28,3.3151879541912963e-28,2.3039689276116738e-36,2.4505224463592275e-28,7.703719777548887e-30,9.984020831703524e-29,NaN,NaN,NaN,NaN,NaN,NaN
2025-06-11T20:56:25Z,39.98626118563278,-75.16881562132892,13.573340605857085,1.7120672898276235,-2.056643067991946,-0.0010886832071267858,0.9965343203081437,-0.2671647053719926,-1.0537813430786798,0.0,0.0,0.0,0.0,0.0,0.0,4.0047016891610764e-29,2.847787867847831e-28,8.20730885791946e-27,1.6018806756644305e-28,1.5461673742331766e-28,4.518600284560911e-35,4.437342591868219e-29,3.562200025138595e-30,9.663546088957354e-30,NaN,NaN,NaN,NaN,NaN,NaN
2025-06-11T20:56:26Z,39.98626118563278,-75.16881562132892,13.573340605857085,1.715263683228391,-2.0629312356974654,-0.0010851510412992456,0.9965776639218418,-0.26694449674318527,-1.0542984349597129,0.0,0.0,0.0,0.0,0.0,0.0,4.0047016891610764e-29,2.847787867847831e-28,8.20730885791946e-27,8.697191480061685e-29,3.818086781269743e-28,1.5234406786656715e-35,1.5739007654323528e-28,1.0011754222902691e-29,4.738095811983742e-29,NaN,NaN,NaN,NaN,NaN,NaN
2025-06-11T20:56:27Z,39.98626118563278,-75.16881562132892,13.573340605857085,1.7178883403648875,-2.0683446747997163,-0.0010815639047495077,0.9965612455689692,-0.26672782398522943,-1.0547370243513738,0.0,0.0,0.0,0.0,0.0,0.0,4.0047016891610764e-29,2.847787867847831e-28,8.20730885791946e-27,1.424880010055438e-29,3.3151879541912963e-28,2.487346046339997e-35,1.4644463148329608e-28,1.0011754222902691e-29,1.7798674174048944e-29,NaN,NaN,NaN,NaN,NaN,NaN
2025-06-11T20:56:28Z,39.98627305886463,-75.1688269445859,14.128877164027047,0.9270412210383804,0.06293549554552738,1.0893813986184815,1.0104625144939554,-0.3538191523628639,-1.0692944866827159,0.0,0.0,0.0,0.0,0.0,0.0,2.5914656861531092e-14,2.699242018454964e-14,0.9312950801378626,1.5751535308658348e-8,2.4099123615139185e-8,1.915539022600838e-10,1.5684025290304902e-11,9.027823046387485e-12,6.331824157918387e-11,NaN,NaN,NaN,NaN,NaN,NaN
2025-06-11T20:56:29Z,39.98629754386145,-75.16885156535834,14.810065864606742,1.0828091388546854,1.723288175947023,1.1909213585206664,0.9279880244748597,-0.26981585786760115,-0.9888942872271782,0.0,0.0,0.0,0.0,0.0,0.0,2.445781076860264e-14,2.5175590898029667e-14,0.9296374219804289,0.0015354095776533947,0.001492631482140118,0.000044245628812276114,2.902986149459745e-6,1.4333949418971376e-6,0.00002584464989341798,NaN,NaN,NaN,NaN,NaN,NaN
2025-06-11T20:56:30Z,39.986335768221366,-75.168842303152,16.457405283357062,2.023252979869638,4.495968957785466,0.7059459928585345,0.8962815931104452,-0.36747621903871747,-1.0491031166640497,0.0,0.0,0.0,0.0,0.0,0.0,2.6518868441286136e-14,2.579583758684042e-14,0.9559262472131954,0.004882498058789899,0.0026978961209216056,0.00010703206397992206,3.4594541134279392e-6,2.455848986244705e-6,0.00002825569863239352,NaN,NaN,NaN,NaN,NaN,NaN
2025-06-11T20:56:31Z,39.986379822315264,-75.168818203364,17.972995444347905,4.377277305054131,5.567442294050633,0.5427018542313068,0.9230107801237466,-0.14186010791824963,-1.1183799185346668,0.0,0.0,0.0,0.0,0.0,0.0,2.4290567967861868e-14,2.48128290345964e-14,1.0013218549417526,0.0060635200710581465,0.0024483498923540165,0.00013883242277153924,2.5344786481182717e-6,2.273017859116311e-6,0.0000143035699251159,NaN,NaN,NaN,NaN,NaN,NaN
2025-06-11T20:56:32Z,39.98643432303777,-75.16880345881694,19.03191427036789,6.383627442299617,5.650558351025033,0.861745048381721,0.9337052144551156,-0.12544398206480453,-1.1977729981714513,0.0,0.0,0.0,0.0,0.0,0.0,2.5648418834854617e-14,2.5531778398666448e-14,0.9763636643225124,0.006293765201591559,0.0023146081688490134,0.00008399928315839145,1.7313293510743628e-6,2.1687278802535216e-6,0.000013926652590239273,NaN,NaN,NaN,NaN,NaN,NaN
2025-06-11T20:56:33Z,39.98652001378416,-75.16876699266224,17.7892645489695,8.886973873089067,6.598462096741547,0.5071338757647296,0.9032232407506826,-0.12459087334630063,-1.1402201153011937,0.0,0.0,0.0,0.0,0.0,0.0,2.5259646605634125e-14,2.5760006794622453e-14,1.0268604879276606,0.008710704857957021,0.004939976572951923,0.0001014831237320743,4.051750445980713e-6,5.144676463356281e-6,6.541504638234707e-6,NaN,NaN,NaN,NaN,NaN,NaN
2025-06-11T20:56:34Z,39.98663885538479,-75.16874401226046,18.02857656634383,11.37407427911273,5.045745089773621,0.4855661457168868,0.9170999170284455,0.005716110931327942,-1.2018418172278709,0.0,0.0,0.0,0.0,0.0,0.0,2.7152689463536733e-14,2.5174213449844186e-14,0.981126346480198,0.00895342285891483,0.008357414182385588,0.00010294874132661543,6.455894231750199e-6,5.346597465960542e-6,5.336275079988173e-6,NaN,NaN,NaN,NaN,NaN,NaN
2025-06-11T20:56:35Z,39.98676042098936,-75.16875414494474,18.08893891329306,12.057481895035895,0.05909883680436676,0.6139659497132632,0.9871175757331914,0.09350508227908362,-1.2622184233974112,0.0,0.0,0.0,0.0,0.0,0.0,2.7456722792802755e-14,2.4110636655836818e-14,0.9813236027919082,0.004410113142525624,0.0070067890523423885,0.00004762137273821231,5.215677311608005e-6,2.6864575563845625e-6,2.4338192342433835e-6,NaN,NaN,NaN,NaN,NaN,NaN
2025-06-11T20:56:36Z,39.98689239323552,-75.16880779307452,16.93201664442892,12.178846608145331,-4.309144855926788,0.23519328197282996,1.0826438296704988,0.19271941816745014,-1.2481050628765942,0.0,0.0,0.0,0.0,0.0,0.0,2.508908633281299e-14,3.084712769851658e-14,1.1091967396108704,0.00502453195125152,0.013113523230762208,0.00009528675525553996,9.989971589486328e-6,3.2687020757720487e-6,7.884422013679003e-6,NaN,NaN,NaN,NaN,NaN,NaN
2025-06-11T20:56:37Z,39.98697891466954,-75.16893265693169,17.397214259972714,9.755460920166477,-8.649695955736616,-0.1382112006135462,1.1674026909015074,0.2782162896638924,-1.439842060343502,0.0,0.0,0.0,0.0,0.0,0.0,2.672037491821638e-14,2.8762370925275994e-14,0.9727251675707427,0.007237223580240444,0.011358010384952376,0.00011927549546007761,7.275141012064288e-6,3.994934829425482e-6,0.00001135270197888987,NaN,NaN,NaN,NaN,NaN,NaN
2025-06-11T20:56:38Z,39.9870803667561,-75.16905838154659,16.418006017089496,6.337668904883495,-11.087488475191531,-0.3648454778191885,1.2593952430091933,0.25724393466564816,-1.5003645245610542,0.0,0.0,0.0,0.0,0.0,0.0,2.6816599433271445e-14,2.7350238333597365e-14,1.0005056282261193,0.00966518433239343,0.0074249457253079505,0.00014946103405329695,4.194362351546142e-6,4.657460645543568e-6,0.000010664860988357837,NaN,NaN,NaN,NaN,NaN,NaN
2025-06-11T20:56:39Z,39.98712448002994,-75.16919664927862,15.702678429323946,3.3557523813223584,-10.391464250552167,-0.24360068358110581,1.2815270990487913,0.15599965807320496,-1.651255888231576,0.0,0.0,0.0,0.0,0.0,0.0,2.6755706190018228e-14,2.481498112901331e-14,1.1269446792933522,0.004682218791040157,0.0029736394623621986,0.000058146362433214376,1.392986178751098e-6,2.012912368776152e-6,5.982988236049432e-6,NaN,NaN,NaN,NaN,NaN,NaN
2025-06-11T20:56:40Z,39.987168107821816,-75.1693243322779,16.568216841811147,1.9734176553768537,-9.699679010945184,-0.12768571797036649,1.2732980726583651,0.08573514904194851,-1.7047545775136426,0.0,0.0,0.0,0.0,0.0,0.0,2.450561859154463e-14,2.6538031518180398e-14,1.1159901152554081,0.004035996302888645,0.0035503896661588153,0.00004990527858694145,2.120229350519705e-6,2.4187143138719624e-6,4.030474005585242e-6,NaN,NaN,NaN,NaN,NaN,NaN
2025-06-11T20:56:41Z,39.98721227123388,-75.16942825274863,17.06053278012813,1.9756258185728623,-7.629246767963292,0.02145074154703039,1.2359457626757064,-0.02189248595202958,-1.770834771456725,0.0,0.0,0.0,0.0,0.0,0.0,2.553372066829919e-14,2.6244598466370663e-14,1.0046034129253159,0.001560646013230905,0.0022310407567938807,0.000017652304317348193,1.7079431781007655e-6,1.1557758615272664e-6,1.1377602807839238e-6,NaN,NaN,NaN,NaN,NaN,NaN
2025-06-11T20:56:42Z,39.987247051809454,-75.16953502475268,16.509048043409337,2.638672103101117,-6.461606272620378,0.11290309475972636,1.1982245461541174,-0.00995130105356785,-1.8171852732071774,0.0,0.0,0.0,0.0,0.0,0.0,2.713955836307545e-14,2.4808388283635636e-14,1.0340667612291365,0.0008725374523732599,0.0013527388680368048,5.864845233128116e-6,1.4199327884071176e-6,8.820921751098901e-7,3.373730040985888e-7,NaN,NaN,NaN,NaN,NaN,NaN
2025-06-11T20:56:43Z,39.987293424648456,-75.16963475411825,16.923789163039714,2.8644121024768605,-5.959269088686364,0.010644361882805941,1.168029541112859,-0.049047419810966456,-1.8482752520054557,0.0,0.0,0.0,0.0,0.0,0.0,2.6381299833224395e-14,2.7185289225557738e-14,0.9360181189793922,0.001251764142299552,0.00220601286346266,5.364738244596387e-6,2.759420713606209e-6,1.505688288758276e-6,1.0796580213521075e-6,NaN,NaN,NaN,NaN,NaN,NaN
2025-06-11T20:56:44Z,39.98734357088733,-75.16972654272843,16.54561925456621,2.4848918558847073,-5.665046877165939,-0.11367818992088284,1.1573836702002687,-0.05314326500561422,-1.8345226368290573,0.0,0.0,0.0,0.0,0.0,0.0,2.6248878149970083e-14,2.6404512825265976e-14,1.0057734650861372,0.005630872947274372,0.009493068264276603,0.00002250045017330418,0.000011060394946716181,6.3470589711703876e-6,2.1647358545937066e-6,NaN,NaN,NaN,NaN,NaN,NaN
2025-06-11T20:56:45Z,39.98738468075292,-75.16981356638415,16.592452545890406,2.093847200255712,-5.916342009449445,-0.10953007538100501,1.1569508793646628,0.06664783629586826,-2.0304202224347594,0.0,0.0,0.0,0.0,0.0,0.0,2.7265084501576193e-14,2.8566427872590436e-14,0.9555698157071035,0.016093553977241465,0.027680158515113233,0.0000570485970189472,0.000024693162963504747,0.000014009296685656954,2.45682715457095e-6,NaN,NaN,NaN,NaN,NaN,NaN
2025-06-11T20:56:46Z,39.987421371145736,-75.16990771128953,17.768435591084412,2.0522832450196176,-6.056897384825009,-0.196433206113525,1.1447332089309543,-0.07960190187302463,-2.061407968653802,0.0,0.0,0.0,0.0,0.0,0.0,3.1541820312293155e-14,3.128231750441561e-14,0.9686716055786888,0.04383255296241427,0.0679108068794136,0.00013002059540637297,0.00004818548619595253,0.00003078821020235414,2.3263149572661496e-6,NaN,NaN,NaN,NaN,NaN,NaN
2025-06-11T20:56:47Z,39.98748534389832,-75.16998324008317,17.912937434660126,4.045336681859336,-4.962382196577728,-0.10583156803384482,1.1184504520019771,0.008369734646719074,-2.2355064462505316,0.0,0.0,0.0,0.0,0.0,0.0,2.691825458890171e-14,2.975186218941638e-14,1.054561250471813,0.019844770592480618,0.037535029962452435,0.000024000035961126083,0.000021802139443835706,0.000011115054737084133,2.536695877389844e-8,NaN,NaN,NaN,NaN,NaN,NaN
2025-06-11T20:56:48Z,39.98755319469813,-75.17005703623161,17.85861625731792,4.9056296369745205,-4.1203076290700045,-0.17456657046623122,1.1262741809071901,-0.0903426494780556,-2.3432551000368935,0.0,0.0,0.0,0.0,0.0,0.0,2.71683715075359e-14,2.6861002081149315e-14,0.9853302171566148,0.01020723666606597,0.01564260518483147,4.771648785021224e-6,9.049277235653325e-6,5.899624048960416e-6,1.010780590385155e-6,NaN,NaN,NaN,NaN,NaN,NaN
2025-06-11T20:56:49Z,39.987610480742255,-75.17013149329782,18.203299315953636,5.171332181823456,-3.645176486153566,-0.1683749487685082,1.1493381283959496,-0.0017234599854789186,-2.511131241738527,0.0,0.0,0.0,0.0,0.0,0.0,2.5081501765091968e-14,2.730672598882787e-14,0.9137248129097381,0.00910001708878476,0.014738841251427152,0.000012445208403215893,9.881223261817353e-6,6.094599394330159e-6,9.401415554270225e-7,NaN,NaN,NaN,NaN,NaN,NaN
2025-06-11T20:56:50Z,39.98766907934814,-75.17019766375189,18.826226535123986,5.4707140724876515,-2.879495190414665,-0.1503024931445704,1.1646650063273045,-0.04392956400494448,-2.6563455251394625,0.0,0.0,0.0,0.0,0.0,0.0,2.5627585052045918e-14,2.5639283075993743e-14,1.0186718080113317,0.007765861681939247,0.011234789359976169,0.000014924109556348,7.975387289170485e-6,5.310026364691847e-6,1.378933035461976e-6,NaN,NaN,NaN,NaN,NaN,NaN
2025-06-11T20:56:51Z,39.98773462155804,-75.17025378189524,19.474802297691447,6.376639712740005,-1.9806533548123533,-0.13422822285691938,1.1873820728909141,-0.07328130245126048,-2.777747223455422,0.0,0.0,0.0,0.0,0.0,0.0,2.6638407072345714e-14,2.988462530913386e-14,0.9616840069133427,0.0053065301813982,0.008583731665603762,0.000018144671227374753,6.405088340281117e-6,3.814425169082891e-6,1.535197934722192e-7,NaN,NaN,NaN,NaN,NaN,NaN
2025-06-11T20:56:52Z,39.98781534130168,-75.17029947689099,20.308231721843423,7.553216583905231,-0.5761753545283713,-0.24829021291717301,1.2072687596766873,-0.12495280058134102,-2.9215842641854524,0.0,0.0,0.0,0.0,0.0,0.0,2.491441341688336e-14,2.7319216076078834e-14,0.9885061416876066,0.005756897807381463,0.008555990159223549,0.0000407831674513027,6.95136478263248e-6,4.502866290311036e-6,2.591586479370279e-7,NaN,NaN,NaN,NaN,NaN,NaN
2025-06-11T20:56:53Z,39.98782970544271,-75.17032230916429,20.011205841518635,7.641585787672101,-0.5062568916382446,-0.21965363647752964,1.1778006803676793,-0.11664934963226474,-2.9216112231627784,0.0,0.0,0.0,0.0,0.0,0.0,3.8654184355829265e-29,4.437342591868117e-29,1.1391151471391197e-25,1.3745112412571188e-26,4.9303806576312544e-30,3.0576063797092093e-30,3.155443620884049e-30,1.665736808900538e-30,2.3863042382936038e-27,NaN,NaN,NaN,NaN,NaN,NaN
2025-06-11T20:56:54Z,39.98782970544271,-75.17032230916429,20.011205841518635,7.722233412170938,-0.20923651146485248,-0.23268927770971884,1.1919020224070833,-0.12040038756514208,-2.923632309847725,0.0,0.0,0.0,0.0,0.0,0.0,3.8654184355829265e-29,4.437342591868117e-29,1.1391151471391197e-25,3.88782208529121e-26,2.359264181874364e-29,3.155443620884049e-30,4.7380958119837554e-29,6.933347799793933e-31,1.4927220479044935e-27,NaN,NaN,NaN,NaN,NaN,NaN
2025-06-11T20:56:55Z,39.98782970544271,-75.17032230916429,20.011205841518635,7.800488646064586,-0.12172511790510882,-0.2315324594631069,1.2087202737938176,-0.12459695992178467,-2.9264886712123377,0.0,0.0,0.0,0.0,0.0,0.0,3.8654184355829265e-29,4.437342591868117e-29,1.1391151471391197e-25,2.3883552766471896e-26,6.033745922770894e-30,1.2621774483536197e-29,2.415886522239329e-30,6.449746790758522e-30,2.2579171259688464e-27,NaN,NaN,NaN,NaN,NaN,NaN
2025-06-11T20:56:56Z,39.98782970544271,-75.17032230916429,20.011205841518635,7.941607689331485,-0.02142769383192245,-0.23231287069885712,1.2094333575253668,-0.12473895460246838,-2.929477578161091,0.0,0.0,0.0,0.0,0.0,0.0,3.8654184355829265e-29,4.437342591868117e-29,1.1391151471391197e-25,5.434462776067608e-27,1.0123169270185486e-32,1.1466216516903857e-29,1.282392009049941e-28,1.1717357781651741e-30,1.597443333072583e-29,NaN,NaN,NaN,NaN,NaN,NaN
2025-06-11T20:56:57Z,39.98782970544271,-75.17032230916429,20.011205841518635,7.982345021211746,0.013597453338091165,-0.22751798382119576,1.2128519670901947,-0.13329931812220175,-2.9309230601447407,0.0,0.0,0.0,0.0,0.0,0.0,3.8654184355829265e-29,4.437342591868117e-29,1.1391151471391197e-25,2.563009081063018e-27,4.478990826915569e-32,5.1799811784239894e-30,4.735137583589117e-28,8.172876312001837e-30,1.0223637331664532e-27,NaN,NaN,NaN,NaN,NaN,NaN
2025-06-11T20:56:58Z,39.98782970544271,-75.17032230916429,20.011205841518635,8.06130250052822,0.0614749117342825,-0.2243749081423326,1.2119920954440875,-0.1326511466004074,-2.932797357097645,0.0,0.0,0.0,0.0,0.0,0.0,3.8654184355829265e-29,4.437342591868117e-29,1.1391151471391197e-25,1.416478641414845e-26,9.169352465227698e-31,7.09974814698923e-30,1.7162655069215073e-28,2.083085827849247e-30,1.633139289033792e-27,NaN,NaN,NaN,NaN,NaN,NaN
2025-06-11T20:56:59Z,39.98782970544271,-75.17032230916429,20.011205841518635,8.132810480714125,0.0796990169156052,-0.21966128801889628,1.2128129570714512,-0.13516549421416146,-2.9346688020823732,0.0,0.0,0.0,0.0,0.0,0.0,3.8654184355829265e-29,4.437342591868117e-29,1.1391151471391197e-25,2.2798080160887623e-26,1.7333369499484831e-31,6.478828332918711e-31,4.08284822258448e-28,4.9303806576312544e-30,1.333174929823518e-28,NaN,NaN,NaN,NaN,NaN,NaN
2025-06-11T20:57:00Z,39.98782970544271,-75.17032230916429,20.011205841518635,8.165961328521595,0.07966070318983906,-0.2136626383394109,1.212236882438321,-0.13841529722213625,-2.9357488225243418,0.0,0.0,0.0,0.0,0.0,0.0,3.8654184355829265e-29,4.437342591868117e-29,1.1391151471391197e-25,4.319802316990242e-27,3.3973404218990096e-31,5.830945499626928e-30,7.499108980257115e-29,2.5029385557256034e-30,2.839899258795692e-29,NaN,NaN,NaN,NaN,NaN,NaN
2025-06-11T20:57:01Z,39.98782970544271,-75.17032230916429,20.011205841518635,8.115027441510286,0.0800869256048721,-0.20679777478547326,1.2106864896779201,-0.14193049305849603,-2.9351912766260013,0.0,0.0,0.0,0.0,0.0,0.0,3.8654184355829265e-29,4.437342591868117e-29,1.1391151471391197e-25,2.333766102005817e-26,2.2049971933289516e-30,4.9303806576312544e-30,3.3151879541913532e-28,5.965760595733811e-30,2.147673814464248e-28,NaN,NaN,NaN,NaN,NaN,NaN
2025-06-11T20:57:02Z,39.98782970544271,-75.17032230916429,20.011205841518635,8.030631247655743,0.08325953766619276,-0.1999782138981382,1.2098934116229383,-0.14055840657291718,-2.9340720306228913,0.0,0.0,0.0,0.0,0.0,0.0,3.8654184355829265e-29,4.437342591868117e-29,1.1391151471391197e-25,2.333766102005817e-26,2.083085827849247e-30,6.37945034778825e-30,3.646509534384089e-28,1.3019286424057793e-31,1.1391151471391224e-27,NaN,NaN,NaN,NaN,NaN,NaN
2025-06-11T20:57:03Z,39.98782970544271,-75.17032230916429,20.011205841518635,7.986940271629262,0.11985365663783122,-0.19574831234819667,1.2085824083321213,-0.13533984452758857,-2.9336137162377827,0.0,0.0,0.0,0.0,0.0,0.0,3.8654184355829265e-29,4.437342591868117e-29,1.1391151471391197e-25,2.9353514283273874e-27,1.3589361687596038e-30,7.09974814698923e-30,1.384943926728658e-28,6.478828332918711e-31,9.389416924393163e-28,NaN,NaN,NaN,NaN,NaN,NaN
2025-06-11T20:57:04Z,39.98782970544271,-75.17032230916429,20.011205841518635,7.913006727217332,0.17088309335033552,-0.19202849994728924,1.2087269577907518,-0.1344217971204943,-2.932629397022888,0.0,0.0,0.0,0.0,0.0,0.0,3.8654184355829265e-29,4.437342591868117e-29,1.1391151471391197e-25,1.0072964898767197e-26,1.597443333072583e-29,3.667740986091079e-30,9.389416924393163e-28,1.925929944387236e-30,1.1692890767638582e-27,NaN,NaN,NaN,NaN,NaN,NaN
2025-06-11T20:57:05Z,39.98782970544271,-75.17032230916429,20.011205841518635,7.880140495459598,0.20246742722234612,-0.1881290063227869,1.2109057607418994,-0.12979562812970222,-2.9325685655029066,0.0,0.0,0.0,0.0,0.0,0.0,3.8654184355829265e-29,4.437342591868117e-29,1.1391151471391197e-25,3.478876592024598e-26,3.7286003723336317e-31,9.836879783952341e-30,5.699520040221681e-29,3.355740335100388e-30,4.496704374986019e-27,NaN,NaN,NaN,NaN,NaN,NaN
2025-06-11T20:57:06Z,39.98782970544271,-75.17032230916429,20.011205841518635,7.867840090269463,0.20598380162470384,-0.1834055536760949,1.212356342434196,-0.12731916678671087,-2.9328419205540888,0.0,0.0,0.0,0.0,0.0,0.0,3.8654184355829265e-29,4.437342591868117e-29,1.1391151471391197e-25,9.545216953174415e-27,1.849663118589499e-30,4.449668543512197e-30,4.735137583589117e-28,3.155443620884049e-30,1.0223637331664532e-27,NaN,NaN,NaN,NaN,NaN,NaN
2025-06-11T20:57:07Z,39.98782970544271,-75.17032230916429,20.011205841518635,7.85071319378439,0.20440445531233473,-0.17862573375268717,1.2119029237178855,-0.12646412447918026,-2.932880901292287,0.0,0.0,0.0,0.0,0.0,0.0,3.8654184355829265e-29,4.437342591868117e-29,1.1391151471391197e-25,1.7425937396332183e-27,7.703719777548835e-32,5.4357446750384154e-30,4.832266082544487e-28,4.449668543512197e-30,5.332699719294072e-28,NaN,NaN,NaN,NaN,NaN,NaN
2025-06-11T20:57:08Z,39.98782970544271,-75.17032230916429,20.011205841518635,7.808270733456802,0.21526780092068398,-0.17430696641985363,1.2107523926121293,-0.12624161949245563,-2.9323703387369355,0.0,0.0,0.0,0.0,0.0,0.0,3.8654184355829265e-29,4.437342591868117e-29,1.1391151471391197e-25,2.2798080160886725e-28,1.165495765145405e-29,8.905500062846377e-31,1.1837843958972793e-28,4.807891513168285e-30,1.4248800100554764e-27,NaN,NaN,NaN,NaN,NaN,NaN
2025-06-11T20:57:09Z,39.98782970544271,-75.17032230916429,20.011205841518635,7.788214232977697,0.21852754420793233,-0.17013391103533898,1.2110188983729442,-0.12337990538946465,-2.93237191812053,0.0,0.0,0.0,0.0,0.0,0.0,3.8654184355829265e-29,4.437342591868117e-29,1.1391151471391197e-25,4.799429747364553e-27,1.2037062152420224e-29,4.333342374871281e-30,1.4376989997653126e-28,1.3019286424057793e-31,2.792764819708697e-27,NaN,NaN,NaN,NaN,NaN,NaN
2025-06-11T20:57:10Z,39.98782970544271,-75.17032230916429,20.011205841518635,7.736469986157072,0.2527073150163649,-0.16706689394016533,1.2095241533201178,-0.12341439761623056,-2.931611133609706,0.0,0.0,0.0,0.0,0.0,0.0,3.8654184355829265e-29,4.437342591868117e-29,1.1391151471391197e-25,9.663546088957382e-28,2.415886522239329e-30,6.039716305598323e-31,4.930380657631324e-28,3.667740986091079e-30,1.230820227371081e-27,NaN,NaN,NaN,NaN,NaN,NaN
2025-06-11T20:57:11Z,39.98782970544271,-75.17032230916429,20.011205841518635,7.602143420931638,0.30710486388091235,-0.1640161046504804,1.2096518093285225,-0.12432489849997519,-2.9293762814975115,0.0,0.0,0.0,0.0,0.0,0.0,3.8654184355829265e-29,4.437342591868117e-29,1.1391151471391197e-25,5.434462776067608e-27,1.8747772450642786e-29,2.5915313331674845e-30,1.333174929823518e-28,2.246404687133301e-30,3.488540138113637e-27,NaN,NaN,NaN,NaN,NaN,NaN
2025-06-11T20:57:12Z,39.98782970544271,-75.17032230916429,20.011205841518635,7.445371059207256,0.3518066017086386,-0.16046251419671514,1.212293823021215,-0.12007411774285785,-2.9268990362453198,0.0,0.0,0.0,0.0,0.0,0.0,3.8654184355829265e-29,4.437342591868117e-29,1.1391151471391197e-25,1.9197718989458213e-26,2.0217642184199206e-29,3.2548216060143894e-30,7.099748146988987e-28,4.807891513168285e-30,2.839899258795692e-29,NaN,NaN,NaN,NaN,NaN,NaN
2025-06-11T20:57:13Z,39.98782970544271,-75.17032230916429,20.011205841518635,7.377586725396233,0.3754554781707125,-0.15721377920480048,1.215405997287446,-0.1108535891661542,-2.9261332325374,0.0,0.0,0.0,0.0,0.0,0.0,3.8654184355829265e-29,4.437342591868117e-29,1.1391151471391197e-25,6.63432021290876e-28,5.783644660192693e-29,6.520428419717389e-30,6.389773332290332e-29,9.437056727497443e-31,2.473867798773073e-27,NaN,NaN,NaN,NaN,NaN,NaN
2025-06-11T20:57:14Z,39.98782970544271,-75.17032230916429,20.011205841518635,7.329392139513418,0.41186014136356,-0.15479637820658973,1.2158342141299854,-0.10741085660675977,-2.9255210522758377,0.0,0.0,0.0,0.0,0.0,0.0,3.8654184355829265e-29,4.437342591868117e-29,1.1391151471391197e-25,1.1359597035182379e-26,3.8654184355829265e-29,4.930380657631327e-32,8.461026246561142e-28,9.708612849656233e-31,7.888609052210007e-29,NaN,NaN,NaN,NaN,NaN,NaN
2025-06-11T20:57:15Z,39.98782970544271,-75.17032230916429,20.011205841518635,7.328154947456161,0.41004416543006955,-0.15154389676667634,1.2181946025258084,-0.1035788670430973,-2.925917415166317,0.0,0.0,0.0,0.0,0.0,0.0,3.8654184355829265e-29,4.437342591868117e-29,1.1391151471391197e-25,3.1309889328222303e-27,3.562200025138551e-30,3.993608332681458e-30,1.6018806756643862e-28,1.3267731386883808e-30,1.0799505792475605e-27,NaN,NaN,NaN,NaN,NaN,NaN
2025-06-11T20:57:16Z,39.98782970544271,-75.17032230916429,20.011205841518635,7.323651458945928,0.410461120996519,-0.14847013570586387,1.2175130870943904,-0.10325346540723833,-2.9260608198448232,0.0,0.0,0.0,0.0,0.0,0.0,3.8654184355829265e-29,4.437342591868117e-29,1.1391151471391197e-25,1.9444632452792935e-26,5.4357446750384154e-30,4.930380657631327e-32,1.2325951644078136e-30,5.009343785351332e-31,1.4248800100554764e-27,NaN,NaN,NaN,NaN,NaN,NaN
2025-06-11T20:57:17Z,39.98782970544271,-75.17032230916429,20.011205841518635,7.322038750849253,0.40945751278008435,-0.14549555311034215,1.217084968122203,-0.10259918201140486,-2.9262643548187866,0.0,0.0,0.0,0.0,0.0,0.0,3.8654184355829265e-29,4.437342591868117e-29,1.1391151471391197e-25,1.502306707902906e-26,4.437342591868117e-29,5.6160117178332524e-31,7.888609052210123e-31,3.5100073236457535e-30,7.580953299174009e-28,NaN,NaN,NaN,NaN,NaN,NaN
2025-06-11T20:57:18Z,39.98782970544271,-75.17032230916429,20.011205841518635,7.318429392213104,0.4100888481307077,-0.14267357324318264,1.2164998167428405,-0.1022475772866661,-2.926409747004348,0.0,0.0,0.0,0.0,0.0,0.0,3.8654184355829265e-29,4.437342591868117e-29,1.1391151471391197e-25,9.719555213228025e-27,2.415886522239329e-30,3.4581998081417116e-30,2.1742978700153661e-29,1.8876039384939404e-30,4.9857981362230855e-27,NaN,NaN,NaN,NaN,NaN,NaN
2025-06-11T20:57:19Z,39.98782970544271,-75.17032230916429,20.011205841518635,7.276974345280076,0.4200313490569376,-0.13991313095641572,1.2156984670725204,-0.10319008416887032,-2.9258097395551377,0.0,0.0,0.0,0.0,0.0,0.0,3.8654184355829265e-29,4.437342591868117e-29,1.1391151471391197e-25,5.332699719294072e-28,2.415886522239329e-30,7.703719777548835e-32,1.4248800100554203e-29,3.406777478626598e-30,4.9303806576312544e-30,NaN,NaN,NaN,NaN,NaN,NaN
2025-06-11T20:57:20Z,39.98782970544271,-75.17032230916429,20.011205841518635,7.190098657649868,0.43300395418478693,-0.13692623382384286,1.215759837053395,-0.10309166399875941,-2.92439372014289,0.0,0.0,0.0,0.0,0.0,0.0,3.8654184355829265e-29,4.437342591868117e-29,1.1391151471391197e-25,1.416478641414845e-26,3.8654184355829265e-29,2.496005207925911e-31,2.415886522239329e-30,5.1799811784239894e-30,1.8555980643060927e-27,NaN,NaN,NaN,NaN,NaN,NaN
2025-06-11T20:57:21Z,39.98782970544271,-75.17032230916429,20.011205841518635,7.08581465021555,0.4401766507577241,-0.13369321864113376,1.2167061885758579,-0.10034210900049671,-2.9227015481989604,0.0,0.0,0.0,0.0,0.0,0.0,3.8654184355829265e-29,4.437342591868117e-29,1.1391151471391197e-25,1.5272347125078555e-27,1.1717357781652165e-28,7.888609052210123e-31,4.146450133067975e-29,4.6270466913903895e-30,4.356484349083046e-28,NaN,NaN,NaN,NaN,NaN,NaN
2025-06-11T20:57:22Z,39.98782970544271,-75.17032230916429,20.011205841518635,6.929899724550634,0.44637351432152966,-0.13007118253673047,1.2174455894944374,-0.09824241012189736,-2.9200101727527796,0.0,0.0,0.0,0.0,0.0,0.0,3.8654184355829265e-29,4.437342591868117e-29,1.1391151471391197e-25,2.253065631401773e-26,1.3589361687596038e-30,7.403274706224618e-31,3.5942474994132816e-29,2.7273093942467745e-30,3.478876592024586e-28,NaN,NaN,NaN,NaN,NaN,NaN
2025-06-11T20:57:23Z,39.98782970544271,-75.17032230916429,20.011205841518635,6.7488987603259085,0.4554604757823363,-0.12644352622735996,1.2186235622010124,-0.09336024478179271,-2.9168614946889595,0.0,0.0,0.0,0.0,0.0,0.0,3.8654184355829265e-29,4.437342591868117e-29,1.1391151471391197e-25,1.3537641994497827e-26,1.4510418424200072e-28,8.905500062846377e-31,3.155443620884049e-30,4.814824860968022e-33,3.646509534384089e-28,NaN,NaN,NaN,NaN,NaN,NaN
2025-06-11T20:57:24Z,39.98782970544271,-75.17032230916429,20.011205841518635,6.635991988359393,0.4650022729990052,-0.12355801234480156,1.220444208321215,-0.08418739519608373,-2.915029028741979,0.0,0.0,0.0,0.0,0.0,0.0,3.8654184355829265e-29,4.437342591868117e-29,1.1391151471391197e-25,5.175716399154997e-27,1.7333369499485123e-29,1.9259299443872088e-32,5.029481308849635e-28,3.3973404218990096e-31,9.941619558047982e-28,NaN,NaN,NaN,NaN,NaN,NaN
2025-06-11T20:57:25Z,39.98782970544271,-75.17032230916429,20.011205841518635,6.48786586974402,0.4560051148659438,-0.11989032589670971,1.2220036389944262,-0.08117565796722112,-2.9124898016008887,0.0,0.0,0.0,0.0,0.0,0.0,3.8654184355829265e-29,4.437342591868117e-29,1.1391151471391197e-25,1.4586038137536356e-27,2.89937197547827e-29,8.645499520354279e-31,1.9721522630525018e-29,4.333342374871208e-32,1.3260751816765413e-27,NaN,NaN,NaN,NaN,NaN,NaN
2025-06-11T20:57:26Z,39.98782970544271,-75.17032230916429,20.011205841518635,6.471621854201342,0.45407496189741775,-0.1176879766010968,1.2229356781611447,-0.07082297666667128,-2.912436959362728,0.0,0.0,0.0,0.0,0.0,0.0,3.8654184355829265e-29,4.437342591868117e-29,1.1391151471391197e-25,7.270142102516971e-27,9.873395415697941e-29,6.257346389314008e-31,9.663546088957316e-30,4.930380657631327e-32,1.2621774483536011e-27,NaN,NaN,NaN,NaN,NaN,NaN
2025-06-11T20:57:27Z,39.98782970544271,-75.17032230916429,20.011205841518635,6.463636751577537,0.45420442400595146,-0.1156891959451097,1.2226529918834934,-0.0696903194164675,-2.912452027321454,0.0,0.0,0.0,0.0,0.0,0.0,3.8654184355829265e-29,4.437342591868117e-29,1.1391151471391197e-25,7.888609052210118e-27,5.868385577745727e-29,7.888609052210123e-31,1.4914401489335023e-28,5.8259380817714936e-31,2.133079887717629e-27,NaN,NaN,NaN,NaN,NaN,NaN
2025-06-11T20:57:28Z,39.98782970544271,-75.17032230916429,20.011205841518635,4.927716203788247,0.35755776632556724,-0.098263669389812,1.2220772765705508,-0.12486686643150005,-2.883267242999446,0.0,0.0,0.0,0.0,0.0,0.0,3.8654184355829265e-29,4.437342591868117e-29,1.1391151471391197e-25,1.9721522630525295e-27,6.807006795442259e-30,2.773339119917668e-32,4.356484349083046e-28,3.993608332681458e-30,1.597443333072578e-27,NaN,NaN,NaN,NaN,NaN,NaN
2025-06-11T20:57:29Z,39.98782970544271,-75.17032230916429,20.011205841518635,3.981584529011899,0.29449513510485537,-0.08716822835313064,1.234977575999663,-0.048617543517093215,-2.8658576418370383,0.0,0.0,0.0,0.0,0.0,0.0,3.8654184355829265e-29,4.437342591868117e-29,1.1391151471391197e-25,4.861158113198234e-27,3.7286003723336317e-31,4.4373425918682685e-31,3.993608332681458e-30,4.333342374871208e-32,4.861158113198234e-27,NaN,NaN,NaN,NaN,NaN,NaN
2025-06-11T20:57:30Z,39.98782970544271,-75.17032230916429,20.011205841518635,3.9628173296124785,0.2934639664613728,-0.0856222347590804,1.2437350782435745,0.018683516604591218,-2.8656019525565477,0.0,0.0,0.0,0.0,0.0,0.0,3.8654184355829265e-29,4.437342591868117e-29,1.1391151471391197e-25,2.5182412246917993e-27,1.1845239529959389e-29,1.2636026365124504e-30,5.965760595733811e-30,2.773339119917668e-32,3.436278103142797e-27,NaN,NaN,NaN,NaN,NaN,NaN
2025-06-11T20:57:31Z,39.98782970544271,-75.17032230916429,20.011205841518635,3.327086547464384,0.24952577859004868,-0.07805064263444045,1.2436313998628719,-0.00292971438965378,-2.853559788902906,0.0,0.0,0.0,0.0,0.0,0.0,3.8654184355829265e-29,4.437342591868117e-29,1.1391151471391197e-25,3.646509534384089e-28,6.952607099237791e-30,4.0492677080741865e-30,1.597443333072583e-29,1.6266961024419318e-33,2.999643592102846e-28,NaN,NaN,NaN,NaN,NaN,NaN
2025-06-11T20:57:32Z,39.98782970544271,-75.17032230916429,20.011205841518635,2.8671218406244217,0.21695754805995035,-0.0723894736270617,1.249817950743415,0.02590311630117186,-2.8446667550481624,0.0,0.0,0.0,0.0,0.0,0.0,3.8654184355829265e-29,4.437342591868117e-29,1.1391151471391197e-25,2.011792523539854e-27,1.710302827813635e-29,2.547042351452164e-30,7.888609052210123e-31,3.987156467367657e-31,1.8175355256292428e-27,NaN,NaN,NaN,NaN,NaN,NaN
2025-06-11T20:57:33Z,39.98782970544271,-75.17032230916429,20.011205841518635,2.5188823299774667,0.19186437907664505,-0.06795663265283472,1.25443803612304,0.046169591002608965,-2.8378599528554527,0.0,0.0,0.0,0.0,0.0,0.0,3.8654184355829265e-29,4.437342591868117e-29,1.1391151471391197e-25,4.735137583589117e-28,6.039716305598323e-31,1.2325951644078318e-32,1.0799505792475605e-27,8.645499520354279e-31,0.0,NaN,NaN,NaN,NaN,NaN,NaN
2025-06-11T20:57:34Z,39.98782970544271,-75.17032230916429,20.011205841518635,2.2460694026233234,0.1719437501365238,-0.0643622220850208,1.258009583435892,0.06116780250992917,-2.8324902956349356,0.0,0.0,0.0,0.0,0.0,0.0,3.8654184355829265e-29,4.437342591868117e-29,1.1391151471391197e-25,6.63432021290876e-28,4.930380657631327e-32,5.009343785351332e-31,2.999643592102846e-28,1.7017516988605648e-30,1.2939290997887492e-27,NaN,NaN,NaN,NaN,NaN,NaN
2025-06-11T20:57:35Z,39.98782970544271,-75.17032230916429,20.011205841518635,2.026572226327568,0.15574897834710882,-0.0613670913179529,1.2608468705159086,0.07270471854350125,-2.828150991329596,0.0,0.0,0.0,0.0,0.0,0.0,3.8654184355829265e-29,4.437342591868117e-29,1.1391151471391197e-25,9.941619558047982e-28,4.81482486096809e-31,1.1093356479670671e-31,9.545216953174097e-29,2.496005207925911e-31,3.8654184355829265e-29,NaN,NaN,NaN,NaN,NaN,NaN
2025-06-11T20:57:36Z,39.98782970544271,-75.17032230916429,20.011205841518635,1.8461529167670419,0.1423260533788574,-0.05881631182032241,1.2631508571320633,0.08184997942523989,-2.8245747429923966,0.0,0.0,0.0,0.0,0.0,0.0,3.8654184355829265e-29,4.437342591868117e-29,1.1391151471391197e-25,5.048709793414479e-29,2.8665541292259643e-30,3.987156467367657e-31,2.3863042382935243e-29,6.933347799793933e-31,1.0799505792475605e-27,NaN,NaN,NaN,NaN,NaN,NaN
2025-06-11T20:57:37Z,39.98782970544271,-75.17032230916429,20.011205841518635,1.695228823586695,0.1310206454597778,-0.05660503074598877,1.2650557498273582,0.08927572204515931,-2.821578930690017,0.0,0.0,0.0,0.0,0.0,0.0,3.8654184355829265e-29,4.437342591868117e-29,1.1391151471391197e-25,4.449668543512186e-28,1.4244177868687847e-30,1.0404355042066087e-30,3.7318051197612337e-28,6.704162136412138e-31,6.389773332290332e-29,NaN,NaN,NaN,NaN,NaN,NaN
2025-06-11T20:57:38Z,39.98782970544271,-75.17032230916429,20.011205841518635,1.5671136894861475,0.12136913014245207,-0.05465969646411459,1.266654475692893,0.09542485746941193,-2.8190346577172667,0.0,0.0,0.0,0.0,0.0,0.0,3.8654184355829265e-29,4.437342591868117e-29,1.1391151471391197e-25,2.627399852451728e-28,7.703719777548943e-30,9.169352465227698e-31,1.4248800100554203e-29,1.1717357781651741e-30,1.1359597035182767e-28,NaN,NaN,NaN,NaN,NaN,NaN
2025-06-11T20:57:39Z,39.98782970544271,-75.17032230916429,20.011205841518635,1.457000219188057,0.1130338940866475,-0.05292714561404291,1.2680133647890988,0.10060077394756936,-2.816848406516453,0.0,0.0,0.0,0.0,0.0,0.0,3.8654184355829265e-29,4.437342591868117e-29,1.1391151471391197e-25,1.8952383247935022e-28,1.665736808900538e-30,4.930380657631327e-32,9.545216953174097e-29,6.520428419717389e-30,9.941619558047982e-28,NaN,NaN,NaN,NaN,NaN,NaN
2025-06-11T20:57:40Z,39.98782970544271,-75.17032230916429,20.011205841518635,1.3613433748280728,0.10576328120109911,-0.051367961352347974,1.269181001367876,0.10501808678899106,-2.8149507106879748,0.0,0.0,0.0,0.0,0.0,0.0,3.8654184355829265e-29,4.437342591868117e-29,1.1391151471391197e-25,1.1093356479670292e-29,8.645499520354279e-31,1.248050752211517e-30,4.08284822258448e-28,6.240013019814778e-32,1.3915506368098343e-27,NaN,NaN,NaN,NaN,NaN,NaN
2025-06-11T20:57:41Z,39.98782970544271,-75.17032230916429,20.011205841518635,1.2774716043449676,0.09936589236561577,-0.049952271655287345,1.2701937697825296,0.10883279607656494,-2.8132889078817573,0.0,0.0,0.0,0.0,0.0,0.0,3.8654184355829265e-29,4.437342591868117e-29,1.1391151471391197e-25,2.627399852451728e-28,1.1124171358780492e-30,4.075267762323368e-31,1.65858005322719e-28,7.62687517276789e-30,2.608171367887016e-27,NaN,NaN,NaN,NaN,NaN,NaN
2025-06-11T20:57:42Z,39.98782970544271,-75.17032230916429,20.011205841518635,1.2033334213226343,0.09369358002632437,-0.048657001977136384,1.271079447267432,0.11216096276829565,-2.8118223591824627,0.0,0.0,0.0,0.0,0.0,0.0,3.8654184355829265e-29,4.437342591868117e-29,1.1391151471391197e-25,2.6998764481189012e-28,4.254379247151412e-31,3.478710962049503e-31,8.852991508842782e-28,1.6197070832296778e-31,2.5182412246917993e-27,NaN,NaN,NaN,NaN,NaN,NaN
2025-06-11T20:57:43Z,39.98782970544271,-75.17032230916429,20.011205841518635,1.1373273746089259,0.08862989095363706,-0.0474640268284675,1.271859600007727,0.11509068858818382,-2.810519209957134,0.0,0.0,0.0,0.0,0.0,0.0,3.8654184355829265e-29,4.437342591868117e-29,1.1391151471391197e-25,2.147673814464248e-28,3.7748226909989516e-32,3.987156467367657e-31,1.7162655069215073e-28,4.449668543512197e-30,6.63432021290876e-28,NaN,NaN,NaN,NaN,NaN,NaN
2025-06-11T20:57:44Z,39.98782970544271,-75.17032230916429,20.011205841518635,1.078185058706835,0.08408202504661288,-0.04635889474288075,1.2725512223199553,0.11769003744294404,-2.8093541427653648,0.0,0.0,0.0,0.0,0.0,0.0,3.8654184355829265e-29,4.437342591868117e-29,1.1391151471391197e-25,2.1742978700153661e-29,1.5600032549536944e-32,2.9293394454129354e-31,2.627399852451728e-28,6.257346389314008e-31,2.1742978700153736e-27,NaN,NaN,NaN,NaN,NaN,NaN
2025-06-11T20:57:45Z,39.98782970544271,-75.17032230916429,20.011205841518635,1.071767315121021,0.08681685284473377,-0.04579217445513387,1.2730842367572266,0.12169668351008651,-2.809207251705599,0.0,0.0,0.0,0.0,0.0,0.0,3.8654184355829265e-29,4.437342591868117e-29,1.1391151471391197e-25,2.2132478772106954e-28,1.925929944387236e-30,3.159006591281126e-31,1.0654059563075673e-27,1.0546392375464458e-30,2.792764819708697e-27,NaN,NaN,NaN,NaN,NaN,NaN
2025-06-11T20:57:46Z,39.98782970544271,-75.17032230916429,20.011205841518635,1.0720253099739798,0.09071360429382856,-0.04530893939369577,1.2731463763535458,0.12222139480583256,-2.8092520365796707,0.0,0.0,0.0,0.0,0.0,0.0,3.8654184355829265e-29,4.437342591868117e-29,1.1391151471391197e-25,2.1742978700153661e-29,1.0833355937178202e-30,2.854709660068013e-31,1.956868083013894e-28,2.2263750157115943e-31,5.332699719294072e-28,NaN,NaN,NaN,NaN,NaN,NaN
2025-06-11T20:57:47Z,39.98782970544271,-75.17032230916429,20.011205841518635,1.0776756288934926,0.09103669076580448,-0.04479124963259531,1.2732838432789662,0.12248543647188904,-2.809412058213271,0.0,0.0,0.0,0.0,0.0,0.0,3.8654184355829265e-29,4.437342591868117e-29,1.1391151471391197e-25,2.6081713678869557e-29,9.984020831703644e-31,8.38935083775097e-31,4.264286230785378e-28,4.6270466913903895e-30,3.8654184355829265e-29,NaN,NaN,NaN,NaN,NaN,NaN
2025-06-11T20:57:48Z,39.98782970544271,-75.17032230916429,20.011205841518635,1.0814085247687066,0.09209495239185717,-0.044290597678584946,1.2730974107513229,0.12230056086319785,-2.8095547064516557,0.0,0.0,0.0,0.0,0.0,0.0,3.8654184355829265e-29,4.437342591868117e-29,1.1391151471391197e-25,7.888609052210123e-31,1.1093356479670671e-31,3.561044467171962e-31,0.0,4.807891513168285e-30,1.6692296754476517e-27,NaN,NaN,NaN,NaN,NaN,NaN
2025-06-11T20:57:49Z,39.98782970544271,-75.17032230916429,20.011205841518635,1.092951626994284,0.09643779493238498,-0.043922495549304275,1.2729127956893975,0.1225186905224918,-2.809837820132897,0.0,0.0,0.0,0.0,0.0,0.0,3.8654184355829265e-29,4.437342591868117e-29,1.1391151471391197e-25,5.965760595733811e-30,1.1124171358780492e-30,5.512492983322379e-31,5.857785259331728e-28,6.309539090806919e-30,1.4927220479044935e-27,NaN,NaN,NaN,NaN,NaN,NaN
2025-06-11T20:57:50Z,39.98782970544271,-75.17032230916429,20.011205841518635,1.110498986340939,0.10359942544474378,-0.043661059103477555,1.272722672980081,0.12238984253694701,-2.8102353610654953,0.0,0.0,0.0,0.0,0.0,0.0,3.8654184355829265e-29,4.437342591868117e-29,1.1391151471391197e-25,1.972152263052531e-31,3.204940020454747e-30,2.123337763686881e-32,2.083085827849209e-28,8.252417218704844e-30,1.6692296754476517e-27,NaN,NaN,NaN,NaN,NaN,NaN
2025-06-11T20:57:51Z,39.98782970544271,-75.17032230916429,20.011205841518635,1.1355348387277338,0.1134059525662065,-0.04350772952628242,1.2725387869758837,0.12209693094988783,-2.8107752317635555,0.0,0.0,0.0,0.0,0.0,0.0,3.8654184355829265e-29,4.437342591868117e-29,1.1391151471391197e-25,4.7380958119837554e-29,1.7749370367473074e-30,2.5658201684098906e-31,6.407522702657545e-28,6.37945034778825e-30,2.847787867847806e-28,NaN,NaN,NaN,NaN,NaN,NaN
2025-06-11T20:57:52Z,39.98782970544271,-75.17032230916429,20.011205841518635,1.1574303193812947,0.12175743597441298,-0.04330838161352422,1.272416453169449,0.12116638620776253,-2.811258812851787,0.0,0.0,0.0,0.0,0.0,0.0,3.8654184355829265e-29,4.437342591868117e-29,1.1391151471391197e-25,3.234822749471873e-28,7.248429938695675e-30,2.496005207925911e-31,9.545216953174097e-29,9.32150093083439e-30,7.099748146988987e-28,NaN,NaN,NaN,NaN,NaN,NaN
2025-06-11T20:57:53Z,39.98782970544271,-75.17032230916429,20.011205841518635,1.1976987610520418,0.1369133315888162,-0.04336458795815213,1.2721156828156404,0.12109779681581949,-2.812091405047092,0.0,0.0,0.0,0.0,0.0,0.0,3.8654184355829265e-29,4.437342591868117e-29,1.1391151471391197e-25,2.7733391199176196e-28,7.703719777548835e-32,8.137054015035973e-31,6.039716305598364e-29,2.083085827849247e-30,1.633139289033792e-27,NaN,NaN,NaN,NaN,NaN,NaN
2025-06-11T20:57:54Z,39.98782970544271,-75.17032230916429,20.011205841518635,1.2233216955424702,0.14669577319552635,-0.043222792725066246,1.272014207150203,0.11922223012834564,-2.812652464279935,0.0,0.0,0.0,0.0,0.0,0.0,3.8654184355829265e-29,4.437342591868117e-29,1.1391151471391197e-25,3.8654184355829265e-29,5.207714569623117e-31,2.2263750157115943e-31,2.1742978700153661e-29,5.0544105460498015e-30,4.6166112325796125e-27,NaN,NaN,NaN,NaN,NaN,NaN
2025-06-11T20:57:55Z,39.98782970544271,-75.17032230916429,20.011205841518635,1.250447223814471,0.15912104595103022,-0.043147034664112696,1.2717798136718599,0.11842198129432074,-2.813232958091503,0.0,0.0,0.0,0.0,0.0,0.0,3.8654184355829265e-29,4.437342591868117e-29,1.1391151471391197e-25,3.5942474994132816e-29,1.05456220034869e-29,5.720493417316141e-31,5.435744675038434e-28,6.37945034778825e-30,2.887428128335158e-27,NaN,NaN,NaN,NaN,NaN,NaN
2025-06-11T20:57:56Z,39.98782970544271,-75.17032230916429,20.011205841518635,1.2673071398938487,0.17060817715484478,-0.0429954954363563,1.271673169202707,0.11714349151591119,-2.8136076883781667,0.0,0.0,0.0,0.0,0.0,0.0,3.8654184355829265e-29,4.437342591868117e-29,1.1391151471391197e-25,5.965760595734009e-28,2.681664854564855e-30,1.0689392673835219e-30,5.965760595733811e-30,1.2325951644078136e-30,9.663546088957382e-28,NaN,NaN,NaN,NaN,NaN,NaN
2025-06-11T20:57:57Z,39.98782970544271,-75.17032230916429,20.011205841518635,1.2853081576185792,0.18401117362171263,-0.042892139582327064,1.2716355451750194,0.11661865081062296,-2.813988322074549,0.0,0.0,0.0,0.0,0.0,0.0,3.8654184355829265e-29,4.437342591868117e-29,1.1391151471391197e-25,5.699520040221681e-29,6.952607099237791e-30,4.4373425918682685e-31,5.36918453616062e-29,6.033745922770894e-30,9.11923206435469e-28,NaN,NaN,NaN,NaN,NaN,NaN
2025-06-11T20:57:58Z,39.98782970544271,-75.17032230916429,20.011205841518635,1.2970682294891316,0.18998751227364288,-0.042608966616903624,1.271885344721845,0.11581761620850792,-2.8142498142984436,0.0,0.0,0.0,0.0,0.0,0.0,3.8654184355829265e-29,4.437342591868117e-29,1.1391151471391197e-25,5.36918453616062e-29,1.1124171358780492e-30,2.781042839695123e-31,1.4248800100554203e-29,1.849663118589499e-30,1.3915506368098343e-27,NaN,NaN,NaN,NaN,NaN,NaN
2025-06-11T20:57:59Z,39.98782970544271,-75.17032230916429,20.011205841518635,1.3090805725807655,0.19087138767201486,-0.042233363179745985,1.2719615042538635,0.11549021511604866,-2.814534749030827,0.0,0.0,0.0,0.0,0.0,0.0,3.8654184355829265e-29,4.437342591868117e-29,1.1391151471391197e-25,1.0432685471547823e-28,9.437056727497443e-31,1.9110039873182558e-31,3.332937324558795e-29,6.478828332918711e-31,1.65858005322719e-28,NaN,NaN,NaN,NaN,NaN,NaN
2025-06-11T20:58:00Z,39.98782970544271,-75.17032230916429,20.011205841518635,1.3403987969329123,0.18490336958656986,-0.04183798298086611,1.271989714522051,0.11588132447482001,-2.815218733341664,0.0,0.0,0.0,0.0,0.0,0.0,3.8654184355829265e-29,4.437342591868117e-29,1.1391151471391197e-25,3.993608332681445e-28,1.7333369499484831e-31,3.9000081373842235e-31,3.155443620884003e-28,2.0037375141405327e-30,1.1692890767638582e-27,NaN,NaN,NaN,NaN,NaN,NaN
2025-06-11T20:58:01Z,39.98782970544271,-75.17032230916429,20.011205841518635,1.3587271479791982,0.17486203040209522,-0.04130264915648302,1.2713799843881821,0.11446555769988137,-2.8157061608933254,0.0,0.0,0.0,0.0,0.0,0.0,3.8654184355829265e-29,4.437342591868117e-29,1.1391151471391197e-25,9.116273835960222e-29,9.984020831703644e-31,2.496005207925911e-31,2.6998764481189012e-28,4.6869431126606966e-30,2.555909332916133e-28,NaN,NaN,NaN,NaN,NaN,NaN
2025-06-11T20:58:02Z,39.98782970544271,-75.17032230916429,20.011205841518635,1.3729409588456434,0.16341184582318297,-0.0407297542099484,1.2707890826165305,0.11381691659501475,-2.816104872422493,0.0,0.0,0.0,0.0,0.0,0.0,3.8654184355829265e-29,4.437342591868117e-29,1.1391151471391197e-25,2.147673814464248e-28,7.888609052210123e-31,9.845835358193764e-31,1.972152263052531e-31,9.663546088957316e-30,4.146450133067967e-27,NaN,NaN,NaN,NaN,NaN,NaN
2025-06-11T20:58:03Z,39.98782970544271,-75.17032230916429,20.011205841518635,1.4110209408034422,0.13353825810685477,-0.03994818628613664,1.2707779606475413,0.11440858274584438,-2.81698163802831,0.0,0.0,0.0,0.0,0.0,0.0,3.8654184355829265e-29,4.437342591868117e-29,1.1391151471391197e-25,5.332699719294072e-28,6.520428419717389e-30,4.530268711684797e-31,6.981912049271743e-28,4.807891513168285e-30,3.7015325825233235e-27,NaN,NaN,NaN,NaN,NaN,NaN
2025-06-11T20:58:04Z,39.98782970544271,-75.17032230916429,20.011205841518635,1.44760791660438,0.10515588366973026,-0.039202560032927124,1.2692658448098249,0.1132689856411804,-2.8179237506472274,0.0,0.0,0.0,0.0,0.0,0.0,3.8654184355829265e-29,4.437342591868117e-29,1.1391151471391197e-25,3.396539235042255e-28,7.703719777548835e-32,2.547042351452105e-32,1.4914401489335023e-28,3.828941322436268e-30,1.7798674174048745e-27,NaN,NaN,NaN,NaN,NaN,NaN
2025-06-11T20:58:05Z,39.98782970544271,-75.17032230916429,20.011205841518635,1.4674810224431527,0.09036084804149963,-0.03863595400299736,1.2674370346978923,0.11155907976388804,-2.8185176253146356,0.0,0.0,0.0,0.0,0.0,0.0,3.8654184355829265e-29,4.437342591868117e-29,1.1391151471391197e-25,3.993608332681458e-30,3.561044467171962e-31,3.316932846720952e-31,9.116273835960222e-29,3.106332407302242e-30,2.7460248110744117e-27,NaN,NaN,NaN,NaN,NaN,NaN
2025-06-11T20:58:06Z,39.98782970544271,-75.17032230916429,20.011205841518635,1.4883150199094428,0.07529698998933478,-0.03808072001715571,1.2666789328998678,0.11105196359059705,-2.8190584341719687,0.0,0.0,0.0,0.0,0.0,0.0,3.8654184355829265e-29,4.437342591868117e-29,1.1391151471391197e-25,7.338378570818469e-28,2.6365980938661145e-31,1.7915963307662277e-31,8.721350345284092e-28,2.781042839695123e-31,2.839899258795692e-29,NaN,NaN,NaN,NaN,NaN,NaN
2025-06-11T20:58:07Z,39.98782970544271,-75.17032230916429,20.011205841518635,1.493400673561422,0.07155302832373879,-0.037661113942800986,1.2655279775504185,0.10984983222847189,-2.8192831980676405,0.0,0.0,0.0,0.0,0.0,0.0,3.8654184355829265e-29,4.437342591868117e-29,1.1391151471391197e-25,5.965760595734009e-28,5.8259380817714936e-31,1.3914843848197464e-32,1.9721522630525018e-29,5.965760595733811e-30,1.0223637331664532e-27,NaN,NaN,NaN,NaN,NaN,NaN
2025-06-11T20:58:08Z,39.98782970544271,-75.17032230916429,20.011205841518635,1.4941683684304012,0.070770053451991,-0.037281028793014474,1.2651936660062757,0.10957851994422864,-2.8193600343375818,0.0,0.0,0.0,0.0,0.0,0.0,3.8654184355829265e-29,4.437342591868117e-29,1.1391151471391197e-25,2.9232226919096455e-28,1.5948625869470627e-30,1.9259299443872088e-32,8.287969885478383e-29,9.708612849656233e-31,9.663546088957316e-30,NaN,NaN,NaN,NaN,NaN,NaN
2025-06-11T20:58:09Z,39.98782970544271,-75.17032230916429,20.011205841518635,1.4997495001943286,0.06629520679107695,-0.036866882640019485,1.2652194678067323,0.10980107780737526,-2.8195169768068147,0.0,0.0,0.0,0.0,0.0,0.0,3.8654184355829265e-29,4.437342591868117e-29,1.1391151471391197e-25,2.0194839173657916e-28,7.644015949273023e-31,4.164342022251345e-31,8.287969885478383e-29,6.257346389314008e-31,1.4248800100554764e-27,NaN,NaN,NaN,NaN,NaN,NaN
2025-06-11T20:58:10Z,39.98782970544271,-75.17032230916429,20.011205841518635,1.5048355261172988,0.06236054918860032,-0.03646775343546445,1.264938831257799,0.1096644732650622,-2.81968192258076,0.0,0.0,0.0,0.0,0.0,0.0,3.8654184355829265e-29,4.437342591868117e-29,1.1391151471391197e-25,3.155443620884049e-30,1.342806505475365e-30,6.148049864970213e-31,6.63432021290876e-28,1.525529108949148e-30,6.865062027686029e-28,NaN,NaN,NaN,NaN,NaN,NaN
2025-06-11T20:58:11Z,39.98782970544271,-75.17032230916429,20.011205841518635,1.5165902205858264,0.053713264278413886,-0.03602689166058658,1.2648497256796674,0.10982616628383808,-2.8199773823573673,0.0,0.0,0.0,0.0,0.0,0.0,3.8654184355829265e-29,4.437342591868117e-29,1.1391151471391197e-25,4.735137583589117e-28,4.4373425918682685e-31,9.750020343460559e-32,1.1837843958972793e-28,1.7381517748094478e-30,7.099748146988987e-28,NaN,NaN,NaN,NaN,NaN,NaN
2025-06-11T20:58:12Z,39.98782970544271,-75.17032230916429,20.011205841518635,1.5264991501166556,0.04619500953686324,-0.0356048755377644,1.2643449765935126,0.1094463257127753,-2.8202599356048728,0.0,0.0,0.0,0.0,0.0,0.0,3.8654184355829265e-29,4.437342591868117e-29,1.1391151471391197e-25,1.232595164407831e-28,4.814824860968093e-35,4.814824860968022e-33,1.972152263052531e-31,2.6365980938661145e-31,1.932906433017795e-27,NaN,NaN,NaN,NaN,NaN,NaN
2025-06-11T20:58:13Z,39.98782970544271,-75.17032230916429,20.011205841518635,1.5347732497470594,0.039610900442126576,-0.03519886276810265,1.2639060510514661,0.10913080395256636,-2.8205024634152607,0.0,0.0,0.0,0.0,0.0,0.0,3.8654184355829265e-29,4.437342591868117e-29,1.1391151471391197e-25,3.396539235042255e-28,1.6197070832296778e-31,5.898160454685902e-32,2.415886522239329e-30,3.721089245550563e-30,4.9303806576312544e-30,NaN,NaN,NaN,NaN,NaN,NaN
2025-06-11T20:58:14Z,39.98782970544271,-75.17032230916429,20.011205841518635,1.536135834497395,0.03831051779576221,-0.03485685329208644,1.2633813488915682,0.10865242697438734,-2.820599762756733,0.0,0.0,0.0,0.0,0.0,0.0,3.8654184355829265e-29,4.437342591868117e-29,1.1391151471391197e-25,6.407522702657545e-28,7.703719777548835e-32,5.243344273594356e-32,1.0945938098007264e-27,4.81482486096809e-31,4.437342591868117e-29,NaN,NaN,NaN,NaN,NaN,NaN
2025-06-11T20:58:15Z,39.98782970544271,-75.17032230916429,20.011205841518635,1.540282699389718,0.03466588421763596,-0.034494980115887995,1.2633471061036723,0.10877088269438416,-2.820725463568885,0.0,0.0,0.0,0.0,0.0,0.0,3.8654184355829265e-29,4.437342591868117e-29,1.1391151471391197e-25,1.4248800100554203e-29,7.703719777548835e-32,4.254379247151412e-31,4.930380657631324e-28,9.984020831703644e-31,2.2159102827658527e-27,NaN,NaN,NaN,NaN,NaN,NaN
2025-06-11T20:58:16Z,39.98782970544271,-75.17032230916429,20.011205841518635,1.541927400800822,0.03411822844950277,-0.034179407143533416,1.2630405684988009,0.10858699912067903,-2.820810886836157,0.0,0.0,0.0,0.0,0.0,0.0,3.8654184355829265e-29,4.437342591868117e-29,1.1391151471391197e-25,2.2132478772106954e-28,4.254379247151412e-31,5.243344273594356e-32,1.6018806756643862e-28,3.667740986091079e-30,1.6692296754476517e-27,NaN,NaN,NaN,NaN,NaN,NaN
2025-06-11T20:58:17Z,39.98782970544271,-75.17032230916429,20.011205841518635,1.5427597151266683,0.03374094681698708,-0.03386858156007482,1.2629449934190167,0.10854812686148269,-2.8208662922254586,0.0,0.0,0.0,0.0,0.0,0.0,3.8654184355829265e-29,4.437342591868117e-29,1.1391151471391197e-25,1.3750338616067737e-27,7.703719777548949e-34,1.5099290763995806e-31,1.9721522630525018e-29,1.0546392375464458e-30,6.184669496932682e-28,NaN,NaN,NaN,NaN,NaN,NaN
2025-06-11T20:58:18Z,39.98782970544271,-75.17032230916429,20.011205841518635,1.5500172521218933,0.029172879678393493,-0.03352444270639177,1.263009147837607,0.10881903967063813,-2.8210477579012796,0.0,0.0,0.0,0.0,0.0,0.0,3.8654184355829265e-29,4.437342591868117e-29,1.1391151471391197e-25,1.972152263052531e-31,7.897516478202815e-32,4.075267762323368e-31,3.993608332681445e-28,2.043219078000459e-30,1.230820227371081e-27,NaN,NaN,NaN,NaN,NaN,NaN
2025-06-11T20:58:19Z,39.98782970544271,-75.17032230916429,20.011205841518635,1.5521480867382178,0.02779914549850061,-0.033214734161543996,1.2626252332111447,0.1084358182486357,-2.8211488868996577,0.0,0.0,0.0,0.0,0.0,0.0,3.8654184355829265e-29,4.437342591868117e-29,1.1391151471391197e-25,7.099748146988987e-28,2.6589870294696324e-32,1.925929944387237e-34,8.287969885478383e-29,3.5100073236457535e-30,3.993608332681445e-28,NaN,NaN,NaN,NaN,NaN,NaN
2025-06-11T20:58:20Z,39.98782970544271,-75.17032230916429,20.011205841518635,1.5557324217074775,0.024536034689787857,-0.032886766651010195,1.2625660639754157,0.10847395577220899,-2.821261327267374,0.0,0.0,0.0,0.0,0.0,0.0,3.8654184355829265e-29,4.437342591868117e-29,1.1391151471391197e-25,1.4914401489335023e-28,6.93334779979417e-33,7.284348532158781e-31,1.972152263052531e-31,9.437056727497443e-31,1.3260751816765413e-27,NaN,NaN,NaN,NaN,NaN,NaN
2025-06-11T20:58:21Z,39.98782970544271,-75.17032230916429,20.011205841518635,1.5707434878220505,0.013188116666575262,-0.0324871639899304,1.2626349749175445,0.10886289407749684,-2.8216097811481675,0.0,0.0,0.0,0.0,0.0,0.0,3.8654184355829265e-29,4.437342591868117e-29,1.1391151471391197e-25,4.735137583589117e-28,9.215875710446734e-32,1.4040029294583131e-31,2.4158865222393455e-28,7.403274706224618e-31,2.3431141037326913e-27,NaN,NaN,NaN,NaN,NaN,NaN
2025-06-11T20:58:22Z,39.98782970544271,-75.17032230916429,20.011205841518635,1.6082347444667906,-0.014798027346522939,-0.03193208444619166,1.2625840956033099,0.10934422711191372,-2.8224497876985946,0.0,0.0,0.0,0.0,0.0,0.0,3.8654184355829265e-29,4.437342591868117e-29,1.1391151471391197e-25,1.2780039702645934e-27,5.814201946172755e-32,1.063594811787853e-31,1.333174929823518e-28,4.449668543512197e-30,1.894055033435647e-27,NaN,NaN,NaN,NaN,NaN,NaN
2025-06-11T20:58:23Z,39.98782970544271,-75.17032230916429,20.011205841518635,1.6207830181536684,-0.0240829043537221,-0.03156887986541233,1.2606267056327831,0.10724437630695008,-2.8228737937832102,0.0,0.0,0.0,0.0,0.0,0.0,3.8654184355829265e-29,4.437342591868117e-29,1.1391151471391197e-25,3.7318051197612337e-28,6.414550421024726e-32,3.009265538105056e-32,7.703719777548943e-28,7.403274706224618e-31,1.65858005322719e-28,NaN,NaN,NaN,NaN,NaN,NaN
2025-06-11T20:58:24Z,39.98782970544271,-75.17032230916429,20.011205841518635,1.6314768225047518,-0.03009508243190497,-0.03125438119979452,1.2600478549395886,0.10681648643066914,-2.8231635846521628,0.0,0.0,0.0,0.0,0.0,0.0,3.8654184355829265e-29,4.437342591868117e-29,1.1391151471391197e-25,8.332343311396988e-30,5.359020440879068e-31,3.64434093726683e-31,2.2798080160886725e-28,4.075267762323368e-31,4.543838814073107e-28,NaN,NaN,NaN,NaN,NaN,NaN
2025-06-11T20:58:25Z,39.98782970544271,-75.17032230916429,20.011205841518635,1.635919597337939,-0.033294614693968,-0.030961386049808953,1.259588522206118,0.1062787280623856,-2.82331595648255,0.0,0.0,0.0,0.0,0.0,0.0,3.8654184355829265e-29,4.437342591868117e-29,1.1391151471391197e-25,2.6998764481189012e-28,3.478710962049503e-31,3.4379053213528033e-31,3.332937324558795e-29,3.5100073236457535e-30,4.735137583589117e-28,NaN,NaN,NaN,NaN,NaN,NaN
2025-06-11T20:58:26Z,39.98782970544271,-75.17032230916429,20.011205841518635,1.6423491323915216,-0.037781136732139946,-0.030662199194241662,1.2594354968384065,0.1062580451047749,-2.823489544395606,0.0,0.0,0.0,0.0,0.0,0.0,3.8654184355829265e-29,4.437342591868117e-29,1.1391151471391197e-25,5.539775706914632e-28,2.781042839695123e-31,4.478990826915569e-32,7.888609052210007e-29,7.858564545077555e-30,3.155443620884003e-28,NaN,NaN,NaN,NaN,NaN,NaN
2025-06-11T20:58:27Z,39.98782970544271,-75.17032230916429,20.011205841518635,1.6557469878972646,-0.04768511466026382,-0.03031579622126826,1.259347877039739,0.10637625072414013,-2.8238088358642957,0.0,0.0,0.0,0.0,0.0,0.0,3.8654184355829265e-29,4.437342591868117e-29,1.1391151471391197e-25,4.638995160765232e-28,1.3108360683985419e-30,2.3930883265226674e-31,8.697191480061465e-29,5.2433442735941676e-30,2.0518272144799055e-27,NaN,NaN,NaN,NaN,NaN,NaN
2025-06-11T20:58:28Z,39.98782970544271,-75.17032230916429,20.011205841518635,1.667821178103617,-0.05672249278102103,-0.029982480598856994,1.258811997746595,0.10594957040196891,-2.8241275400619745,0.0,0.0,0.0,0.0,0.0,0.0,3.8654184355829265e-29,4.437342591868117e-29,1.1391151471391197e-25,8.077935669463166e-28,9.57235330609067e-31,8.093720591287483e-32,1.8345946427046171e-28,1.849663118589499e-30,1.4586038137536356e-27,NaN,NaN,NaN,NaN,NaN,NaN
2025-06-11T20:58:29Z,39.98782970544271,-75.17032230916429,20.011205841518635,1.6744542066214325,-0.06177017113380379,-0.029691100074141042,1.2582218227062716,0.10539803303309676,-2.8243321744604692,0.0,0.0,0.0,0.0,0.0,0.0,3.8654184355829265e-29,4.437342591868117e-29,1.1391151471391197e-25,7.338378570818469e-28,1.5427180337028033e-30,1.7915963307662277e-31,1.0891210872707614e-28,3.7286003723336317e-31,1.1998574368411383e-27,NaN,NaN,NaN,NaN,NaN,NaN
2025-06-11T20:58:30Z,39.98782970544271,-75.17032230916429,20.011205841518635,1.6956462535193542,-0.07640236480098543,-0.029323578047569396,1.258255376966,0.10580559082810992,-2.8248066037763007,0.0,0.0,0.0,0.0,0.0,0.0,3.8654184355829265e-29,4.437342591868117e-29,1.1391151471391197e-25,5.230640839681175e-28,1.5600032549536894e-30,1.8308371533830846e-32,3.993608332681458e-30,1.0833355937178202e-30,3.646509534384089e-28,NaN,NaN,NaN,NaN,NaN,NaN
2025-06-11T20:58:31Z,39.98782970544271,-75.17032230916429,20.011205841518635,1.720884100231695,-0.09526491759547316,-0.028916796140826515,1.2576361738788229,0.10535310875836507,-2.8254114404289474,0.0,0.0,0.0,0.0,0.0,0.0,3.8654184355829265e-29,4.437342591868117e-29,1.1391151471391197e-25,6.865062027686029e-28,1.1418838640272053e-30,1.063594811787853e-31,1.282392009049941e-28,2.9137394128635125e-30,2.3003183996245002e-27,NaN,NaN,NaN,NaN,NaN,NaN
2025-06-11T20:58:32Z,39.98782970544271,-75.17032230916429,20.011205841518635,1.7450094512307979,-0.11325955367609841,-0.02852452263567031,1.2566867381780242,0.10456774402757574,-2.8260111061565376,0.0,0.0,0.0,0.0,0.0,0.0,3.8654184355829265e-29,4.437342591868117e-29,1.1391151471391197e-25,2.4854048895119956e-28,9.169352465227698e-31,3.987156467367657e-31,1.0432685471547823e-28,1.1418838640272053e-30,1.972152263052531e-31,NaN,NaN,NaN,NaN,NaN,NaN
2025-06-11T20:58:33Z,39.98782970544271,-75.17032230916429,20.011205841518635,1.7678122325870365,-0.130567523894469,-0.02814296438631295,1.255783255795185,0.10380814735094859,-2.826578938900467,0.0,0.0,0.0,0.0,0.0,0.0,3.8654184355829265e-29,4.437342591868117e-29,1.1391151471391197e-25,5.029481308849635e-28,2.681664854564855e-30,2.773339119917668e-32,2.1742978700153661e-29,1.5948625869470627e-30,3.155443620884003e-28,NaN,NaN,NaN,NaN,NaN,NaN
2025-06-11T20:58:34Z,39.98782970544271,-75.17032230916429,20.011205841518635,1.7806360928444505,-0.14023654973377736,-0.027836297282351586,1.2547020006561327,0.10274023690938176,-2.826942259757842,0.0,0.0,0.0,0.0,0.0,0.0,3.8654184355829265e-29,4.437342591868117e-29,1.1391151471391197e-25,1.6692296754476517e-27,1.05456220034869e-29,3.004932195730178e-31,4.08284822258448e-28,3.9000081373842235e-31,1.8175355256292428e-27,NaN,NaN,NaN,NaN,NaN,NaN
2025-06-11T20:58:35Z,39.98782970544271,-75.17032230916429,20.011205841518635,1.7977330326522438,-0.15252048232923215,-0.02751438535360326,1.254300837390403,0.10254536967106813,-2.8273533550269265,0.0,0.0,0.0,0.0,0.0,0.0,3.8654184355829265e-29,4.437342591868117e-29,1.1391151471391197e-25,1.9919230894896433e-27,3.081487911019534e-31,6.952607099237808e-32,2.999643592102846e-28,4.508409406816028e-30,4.543838814073107e-28,NaN,NaN,NaN,NaN,NaN,NaN
2025-06-11T20:58:36Z,39.98782970544271,-75.17032230916429,20.011205841518635,1.8290221179441628,-0.17583349161623596,-0.027098611519366097,1.2540281938939577,0.10261791700768806,-2.8280606084046074,0.0,0.0,0.0,0.0,0.0,0.0,3.8654184355829265e-29,4.437342591868117e-29,1.1391151471391197e-25,2.3646598672065893e-27,4.6869431126606966e-30,0.0,2.9232226919096455e-28,1.2325951644078136e-30,2.887428128335158e-27,NaN,NaN,NaN,NaN,NaN,NaN
2025-06-11T20:58:37Z,39.98782970544271,-75.17032230916429,20.011205841518635,1.8565681567874757,-0.19601210255024865,-0.026718199374169253,1.2528062067397752,0.1015327116406912,-2.8287433502497312,0.0,0.0,0.0,0.0,0.0,0.0,3.8654184355829265e-29,4.437342591868117e-29,1.1391151471391197e-25,9.116273835960222e-29,5.697671147475139e-30,9.534556930932176e-32,1.2621774483536197e-29,3.355740335100388e-30,1.8952383247935022e-28,NaN,NaN,NaN,NaN,NaN,NaN
2025-06-11T20:58:38Z,39.98782970544271,-75.17032230916429,20.011205841518635,1.8767218138673205,-0.210704747874804,-0.02639067658941839,1.2516506467934618,0.10041561954530061,-2.829262876305233,0.0,0.0,0.0,0.0,0.0,0.0,3.8654184355829265e-29,4.437342591868117e-29,1.1391151471391197e-25,7.218570320837895e-28,2.148490408760584e-29,8.902611167929905e-32,1.282392009049941e-28,1.8876039384939404e-30,1.4586038137536356e-27,NaN,NaN,NaN,NaN,NaN,NaN
2025-06-11T20:58:39Z,39.98782970544271,-75.17032230916429,20.011205841518635,1.9150344858096495,-0.23897667084183566,-0.025951801064257183,1.2513529619471169,0.10054791235197712,-2.8301175580799227,0.0,0.0,0.0,0.0,0.0,0.0,3.8654184355829265e-29,4.437342591868117e-29,1.1391151471391197e-25,1.282392009049941e-28,4.363695030794839e-29,1.252335946337833e-31,1.9721522630525018e-29,3.2548216060143894e-30,2.147673814464248e-28,NaN,NaN,NaN,NaN,NaN,NaN
2025-06-11T20:58:40Z,39.98782970544271,-75.17032230916429,20.011205841518635,1.943206961652334,-0.2595521619930515,-0.025585481290242726,1.2497551246882512,0.09898506722139436,-2.8308313761661466,0.0,0.0,0.0,0.0,0.0,0.0,3.8654184355829265e-29,4.437342591868117e-29,1.1391151471391197e-25,6.184669496932682e-28,7.09974814698923e-30,1.018816940580842e-31,1.597443333072583e-29,8.137054015035973e-31,5.129568036199764e-28,NaN,NaN,NaN,NaN,NaN,NaN
2025-06-11T20:58:41Z,39.98782970544271,-75.17032230916429,20.011205841518635,1.9740936619742757,-0.28234020179037755,-0.025205003010915657,1.2488259339292485,0.09824921989416613,-2.8315623103421625,0.0,0.0,0.0,0.0,0.0,0.0,3.8654184355829265e-29,4.437342591868117e-29,1.1391151471391197e-25,6.749198082231616e-28,7.703719777548835e-32,6.952607099237808e-32,4.930380657631327e-32,1.9646411362693888e-30,2.133079887717629e-27,NaN,NaN,NaN,NaN,NaN,NaN
2025-06-11T20:58:42Z,39.98782970544271,-75.17032230916429,20.011205841518635,2.005387814707257,-0.3054914083626453,-0.0248267924062824,1.2477411733578652,0.09733564625867643,-2.8323094902306547,0.0,0.0,0.0,0.0,0.0,0.0,3.8654184355829265e-29,4.437342591868117e-29,1.1391151471391197e-25,1.3915506368098343e-27,2.496005207925903e-29,9.437056727497379e-33,1.972152263052531e-31,2.083085827849247e-30,1.7798674174048745e-27,NaN,NaN,NaN,NaN,NaN,NaN
2025-06-11T20:58:43Z,39.98782970544271,-75.17032230916429,20.011205841518635,2.0302794718692305,-0.32563651443053726,-0.02447019639538152,1.246529619737942,0.09614396917731027,-2.832929561150561,0.0,0.0,0.0,0.0,0.0,0.0,3.8654184355829265e-29,4.437342591868117e-29,1.1391151471391197e-25,1.8175355256292428e-27,1.8270141824435284e-29,2.003087512784217e-31,5.230640839681175e-28,3.106332407302242e-30,1.9721522630525018e-29,NaN,NaN,NaN,NaN,NaN,NaN
2025-06-11T20:58:44Z,39.98782970544271,-75.17032230916429,20.011205841518635,2.0490630030569172,-0.34147654815817624,-0.024153001552614642,1.2454579454284032,0.09515972579178072,-2.8334099871948712,0.0,0.0,0.0,0.0,0.0,0.0,3.8654184355829265e-29,4.437342591868117e-29,1.1391151471391197e-25,1.3260751816765413e-27,1.3832799232566846e-29,1.8308371533830846e-32,1.7749370367472467e-28,3.5100073236457535e-30,9.663546088957382e-28,NaN,NaN,NaN,NaN,NaN,NaN
2025-06-11T20:58:45Z,39.98782970544271,-75.17032230916429,20.011205841518635,2.066476195981235,-0.35622539616930254,-0.02384964477728303,1.2446944028230214,0.09455276894263974,-2.833842587556027,0.0,0.0,0.0,0.0,0.0,0.0,3.8654184355829265e-29,4.437342591868117e-29,1.1391151471391197e-25,7.827472332055576e-28,6.84121131125454e-29,3.3812107586148875e-32,8.590695257856993e-28,9.169352465227698e-31,5.539775706914632e-28,NaN,NaN,NaN,NaN,NaN,NaN
2025-06-11T20:58:46Z,39.98782970544271,-75.17032230916429,20.011205841518635,2.0976414455928163,-0.38230327147185517,-0.02345335805571431,1.2443662298078542,0.09459854966420089,-2.8345437846341843,0.0,0.0,0.0,0.0,0.0,0.0,3.8654184355829265e-29,4.437342591868117e-29,1.1391151471391197e-25,2.133079887717629e-27,8.697191480061465e-29,8.902611167929905e-32,4.449668543512186e-28,1.9259299443872088e-32,8.077935669463166e-28,NaN,NaN,NaN,NaN,NaN,NaN
2025-06-11T20:58:47Z,39.98782970544271,-75.17032230916429,20.011205841518635,2.1344963023772747,-0.4114698472365145,-0.023043414934834566,1.2432841269009127,0.09388567932418321,-2.835403955865909,0.0,0.0,0.0,0.0,0.0,0.0,3.8654184355829265e-29,4.437342591868117e-29,1.1391151471391197e-25,1.0432685471547823e-28,3.2059800226248524e-29,3.043089682753348e-31,2.3473542310982907e-28,2.547042351452164e-30,3.8654184355829265e-29,NaN,NaN,NaN,NaN,NaN,NaN
2025-06-11T20:58:48Z,39.98782970544271,-75.17032230916429,20.011205841518635,2.183627979254221,-0.4466248343355946,-0.02260661832858042,1.2421381720963074,0.0932438542587397,-2.8365208094746523,0.0,0.0,0.0,0.0,0.0,0.0,3.8654184355829265e-29,4.437342591868117e-29,1.1391151471391197e-25,7.888609052210123e-31,6.213512223779989e-29,2.5307923175463666e-31,2.627399852451728e-28,7.888609052210123e-31,3.0323813196696035e-27,NaN,NaN,NaN,NaN,NaN,NaN
2025-06-11T20:58:49Z,39.98782970544271,-75.17032230916429,20.011205841518635,2.205751165180001,-0.46231317715217024,-0.0223274705911829,1.2398448872030792,0.09065242878229435,-2.8371287667249434,0.0,0.0,0.0,0.0,0.0,0.0,3.8654184355829265e-29,4.437342591868117e-29,1.1391151471391197e-25,6.865062027686029e-28,5.127904032727596e-29,1.227900710168368e-31,4.146450133067975e-29,2.773339119917668e-32,9.941619558047982e-28,NaN,NaN,NaN,NaN,NaN,NaN
2025-06-11T20:58:50Z,39.98782970544271,-75.17032230916429,20.011205841518635,2.2135581360716627,-0.4677745381643755,-0.022130808312988158,1.238757313591619,0.08941029090458652,-2.837367286551522,0.0,0.0,0.0,0.0,0.0,0.0,3.8654184355829265e-29,4.437342591868117e-29,1.1391151471391197e-25,4.437342591868117e-29,2.0217642184199206e-29,3.3812107586148875e-32,9.663546088957316e-30,1.5600032549536944e-32,1.4927220479044935e-27,NaN,NaN,NaN,NaN,NaN,NaN
2025-06-11T20:58:51Z,39.98782970544271,-75.17032230916429,20.011205841518635,2.233315494964796,-0.48117209685706647,-0.02187925620537091,1.2387261700095116,0.08966078041149043,-2.83779960894496,0.0,0.0,0.0,0.0,0.0,0.0,3.8654184355829265e-29,4.437342591868117e-29,1.1391151471391197e-25,1.6692296754476517e-27,1.4510418424200072e-28,3.0092655381050137e-34,4.832266082544487e-28,1.2636026365124504e-30,7.338378570818469e-28,NaN,NaN,NaN,NaN,NaN,NaN
2025-06-11T20:58:52Z,39.98782970544271,-75.17032230916429,20.011205841518635,2.2504857266986606,-0.4936496907380072,-0.021633572110864696,1.238025575496017,0.08896197408063045,-2.838214426596715,0.0,0.0,0.0,0.0,0.0,0.0,3.8654184355829265e-29,4.437342591868117e-29,1.1391151471391197e-25,3.3151879541913532e-28,5.207714569623117e-31,8.775018309114457e-33,7.888609052210007e-29,1.9259299443872088e-32,1.9721522630525018e-29,NaN,NaN,NaN,NaN,NaN,NaN
2025-06-11T20:58:53Z,39.98782970544271,-75.17032230916429,20.011205841518635,2.267529144698977,-0.5059116736017979,-0.02139346791461038,1.2374136549219585,0.08843941747171954,-2.8386205180194644,0.0,0.0,0.0,0.0,0.0,0.0,3.8654184355829265e-29,4.437342591868117e-29,1.1391151471391197e-25,1.0799505792475605e-27,9.984020831703612e-29,5.3083444092172025e-33,7.119469669619515e-29,1.2037062152420224e-31,4.089454932665813e-27,NaN,NaN,NaN,NaN,NaN,NaN
2025-06-11T20:58:54Z,39.98782970544271,-75.17032230916429,20.011205841518635,2.289375104135265,-0.5204586706825112,-0.021145073765476297,1.2368932704234046,0.08811129138692539,-2.8391203716103903,0.0,0.0,0.0,0.0,0.0,0.0,3.8654184355829265e-29,4.437342591868117e-29,1.1391151471391197e-25,3.3151879541913532e-28,1.0366125332669938e-29,1.277011923750287e-31,3.0770505684277024e-28,3.5100073236457535e-30,2.0194839173657916e-28,NaN,NaN,NaN,NaN,NaN,NaN
2025-06-11T20:58:55Z,39.98782970544271,-75.17032230916429,20.011205841518635,2.3334114482409403,-0.5522134885234852,-0.02076568400144829,1.2367030621588124,0.08833486911181963,-2.840071939719478,0.0,0.0,0.0,0.0,0.0,0.0,3.8654184355829265e-29,4.437342591868117e-29,1.1391151471391197e-25,9.663546088957382e-28,6.213512223779989e-29,8.493351054747524e-32,4.9303806576312544e-30,4.333342374871208e-32,1.3260751816765413e-27,NaN,NaN,NaN,NaN,NaN,NaN
2025-06-11T20:58:56Z,39.98782970544271,-75.17032230916429,20.011205841518635,2.3467211781238895,-0.562231705915631,-0.0205507130809148,1.2345136299614976,0.08574650192866777,-2.8404795702354764,0.0,0.0,0.0,0.0,0.0,0.0,3.8654184355829265e-29,4.437342591868117e-29,1.1391151471391197e-25,9.545216953174097e-29,9.545216953174097e-29,1.0863448592559049e-31,7.119469669619515e-29,1.457736374906732e-30,3.332937324558795e-29,NaN,NaN,NaN,NaN,NaN,NaN
2025-06-11T20:58:57Z,39.98782970544271,-75.17032230916429,20.011205841518635,2.36715337196537,-0.5767535952462918,-0.02030835866536041,1.2341765304142265,0.08563005944763444,-2.8409392027538645,0.0,0.0,0.0,0.0,0.0,0.0,3.8654184355829265e-29,4.437342591868117e-29,1.1391151471391197e-25,1.6692296754476517e-27,3.993608332681458e-30,9.75002034346059e-34,2.7733391199176196e-28,9.437056727497379e-33,1.7749370367472467e-28,NaN,NaN,NaN,NaN,NaN,NaN
2025-06-11T20:58:58Z,39.98782970544271,-75.17032230916429,20.011205841518635,2.3838437152960257,-0.5889537987286981,-0.02008444444443139,1.2333995442511947,0.08485808177736877,-2.841342851385744,0.0,0.0,0.0,0.0,0.0,0.0,3.8654184355829265e-29,4.437342591868117e-29,1.1391151471391197e-25,1.65858005322719e-28,1.597443333072583e-29,5.403437200221424e-32,5.965760595733811e-30,1.0833355937178202e-30,5.7507959990612505e-28,NaN,NaN,NaN,NaN,NaN,NaN
2025-06-11T20:58:59Z,39.98782970544271,-75.17032230916429,20.011205841518635,2.401082338163902,-0.6021176952187874,-0.019853811094030265,1.232840980952259,0.08437669830823288,-2.841747041555974,0.0,0.0,0.0,0.0,0.0,0.0,3.8654184355829265e-29,4.437342591868117e-29,1.1391151471391197e-25,7.099748146988987e-28,1.159748790191308e-28,1.310836068398589e-32,7.888609052210007e-29,2.0037375141405327e-30,2.6996792328926464e-27,NaN,NaN,NaN,NaN,NaN,NaN
2025-06-11T20:59:00Z,39.98782970544271,-75.17032230916429,20.011205841518635,2.418702332385605,-0.6156502101905437,-0.019623080270949556,1.2322324126888409,0.08387009825972057,-2.8421610287949393,0.0,0.0,0.0,0.0,0.0,0.0,3.8654184355829265e-29,4.437342591868117e-29,1.1391151471391197e-25,4.173074188619129e-28,2.6081713678869557e-29,6.067883031035146e-32,1.972152263052531e-31,1.2325951644078136e-30,2.608171367887016e-27,NaN,NaN,NaN,NaN,NaN,NaN
2025-06-11T20:59:01Z,39.98782970544271,-75.17032230916429,20.011205841518635,2.4385001479211983,-0.6316080538291157,-0.01937399382738798,1.2316704363505715,0.08342683050644024,-2.8426190244274676,0.0,0.0,0.0,0.0,0.0,0.0,3.8654184355829265e-29,4.437342591868117e-29,1.1391151471391197e-25,3.3151879541913532e-28,4.0047016891609654e-29,5.085658759397483e-32,9.663546088957316e-30,3.9383341432775055e-30,3.755766769757265e-27,NaN,NaN,NaN,NaN,NaN,NaN
2025-06-11T20:59:02Z,39.98782970544271,-75.17032230916429,20.011205841518635,2.4502232864069398,-0.6421099510691803,-0.019165374070258596,1.2307676354044175,0.0825045333492233,-2.842924118682226,0.0,0.0,0.0,0.0,0.0,0.0,3.8654184355829265e-29,4.437342591868117e-29,1.1391151471391197e-25,5.7507959990612505e-28,2.0511616130910383e-28,2.427153212414058e-31,1.7749370367473074e-30,7.644015949273023e-31,8.077935669463166e-28,NaN,NaN,NaN,NaN,NaN,NaN
2025-06-11T20:59:03Z,39.98782970544271,-75.17032230916429,20.011205841518635,2.4607304436818493,-0.649690868743103,-0.018989371881814023,1.2302159331346987,0.08209903694161355,-2.8431826217412057,0.0,0.0,0.0,0.0,0.0,0.0,3.8654184355829265e-29,4.437342591868117e-29,1.1391151471391197e-25,1.1998574368411383e-27,2.3814971171523603e-28,1.6478738086663216e-32,4.4373425918682685e-31,6.478828332918711e-31,8.077935669463166e-28,NaN,NaN,NaN,NaN,NaN,NaN
2025-06-11T20:59:04Z,39.98782970544271,-75.17032230916429,20.011205841518635,2.480094540810108,-0.6624671283901338,-0.018784345184695603,1.2300123767314814,0.08213228336144802,-2.8436082848117517,0.0,0.0,0.0,0.0,0.0,0.0,3.8654184355829265e-29,4.437342591868117e-29,1.1391151471391197e-25,7.888609052210007e-29,4.437342591868117e-29,1.1567616728475965e-32,4.146450133067975e-29,1.6197070832296778e-31,1.705714492314151e-27,NaN,NaN,NaN,NaN,NaN,NaN
2025-06-11T20:59:05Z,39.98782970544271,-75.17032230916429,20.011205841518635,2.4882056799073395,-0.6692831121349969,-0.018614016099990915,1.2291816448013255,0.08109512952450557,-2.843832138037104,0.0,0.0,0.0,0.0,0.0,0.0,3.8654184355829265e-29,4.437342591868117e-29,1.1391151471391197e-25,1.0509599409806912e-27,1.1359597035182767e-28,1.083335593717802e-32,6.184669496932682e-28,3.7286003723336317e-31,2.2159102827658527e-27,NaN,NaN,NaN,NaN,NaN,NaN
2025-06-11T20:59:06Z,39.98782970544271,-75.17032230916429,20.011205841518635,2.500478155181032,-0.6808771942125347,-0.01840468593700588,1.2290068522172957,0.08103367350373723,-2.8441126146700997,0.0,0.0,0.0,0.0,0.0,0.0,3.8654184355829265e-29,4.437342591868117e-29,1.1391151471391197e-25,6.389773332290332e-29,4.930380657631327e-32,1.0123169270185486e-32,1.6018806756643862e-28,2.773339119917668e-32,3.3151879541913532e-28,NaN,NaN,NaN,NaN,NaN,NaN
2025-06-11T20:59:07Z,39.98782970544271,-75.17032230916429,20.011205841518635,2.519093521009406,-0.6971918713356936,-0.018164669851478632,1.2286496965819584,0.08092452080403079,-2.8445336466203326,0.0,0.0,0.0,0.0,0.0,0.0,3.8654184355829265e-29,4.437342591868117e-29,1.1391151471391197e-25,4.9303806576312544e-30,3.8654184355829265e-29,1.083335593717839e-34,4.4373425918682685e-31,4.333342374871208e-32,3.436278103142797e-27,NaN,NaN,NaN,NaN,NaN,NaN
2025-06-11T20:59:08Z,39.98782970544271,-75.17032230916429,20.011205841518635,2.540839105420778,-0.7131946403467653,-0.01794102197174903,1.2279312214161997,0.08047225465931547,-2.8450331150788872,0.0,0.0,0.0,0.0,0.0,0.0,3.8654184355829265e-29,4.437342591868117e-29,1.1391151471391197e-25,4.437342591868117e-29,1.7454780123179357e-28,7.703719777548949e-34,2.083085827849209e-28,2.359264181874361e-31,3.332937324558795e-29,NaN,NaN,NaN,NaN,NaN,NaN
2025-06-11T20:59:09Z,39.98782970544271,-75.17032230916429,20.011205841518635,2.550012373443267,-0.7202432241453306,-0.017780791688334883,1.2268973899272066,0.07929853710471464,-2.845285347379385,0.0,0.0,0.0,0.0,0.0,0.0,3.8654184355829265e-29,4.437342591868117e-29,1.1391151471391197e-25,6.407522702657545e-28,1.5739007654323746e-28,3.3812107586148875e-32,2.839899258795692e-29,2.083085827849247e-30,1.7749370367473074e-30,NaN,NaN,NaN,NaN,NaN,NaN
2025-06-11T20:59:10Z,39.98782970544271,-75.17032230916429,20.011205841518635,2.5592819028954485,-0.7267140361209107,-0.017629241208060958,1.2265463983388778,0.07902506926701808,-2.845505825215546,0.0,0.0,0.0,0.0,0.0,0.0,3.8654184355829265e-29,4.437342591868117e-29,1.1391151471391197e-25,7.119469669619515e-29,2.4854048895119956e-28,7.323348613532338e-32,2.147673814464248e-28,1.1124171358780492e-30,1.9721522630525295e-27,NaN,NaN,NaN,NaN,NaN,NaN
2025-06-11T20:59:11Z,39.98782970544271,-75.17032230916429,20.011205841518635,2.580306448717259,-0.7412576222624391,-0.017426799444919736,1.226479844131693,0.0792139276189343,-2.845957761360198,0.0,0.0,0.0,0.0,0.0,0.0,3.8654184355829265e-29,4.437342591868117e-29,1.1391151471391197e-25,5.539775706914632e-28,1.3076602099202939e-28,1.083335593717802e-32,5.332699719294072e-28,1.457736374906732e-30,1.4248800100554764e-27,NaN,NaN,NaN,NaN,NaN,NaN
2025-06-11T20:59:12Z,39.98782970544271,-75.17032230916429,20.011205841518635,2.5873989300297433,-0.7464187515898654,-0.017286882601444706,1.2254820986674815,0.07800699979308608,-2.8461631787503863,0.0,0.0,0.0,0.0,0.0,0.0,3.8654184355829265e-29,4.437342591868117e-29,1.1391151471391197e-25,2.3431141037326913e-27,6.933347799794049e-29,1.4301233543290352e-31,4.264286230785378e-28,6.257346389314008e-31,1.0799505792475605e-27,NaN,NaN,NaN,NaN,NaN,NaN
2025-06-11T20:59:13Z,39.98782970544271,-75.17032230916429,20.011205841518635,2.5879587586435435,-0.7467816150746805,-0.0171810016675148,1.225077963324045,0.07753495306279011,-2.8462038778269383,0.0,0.0,0.0,0.0,0.0,0.0,3.8654184355829265e-29,4.437342591868117e-29,1.1391151471391197e-25,2.999643592102846e-28,5.207714569623023e-29,2.4375050858651397e-32,3.234822749471873e-28,2.496005207925911e-31,1.5272347125078555e-27,NaN,NaN,NaN,NaN,NaN,NaN
2025-06-11T20:59:14Z,39.98782970544271,-75.17032230916429,20.011205841518635,2.604390384586394,-0.7575061523210355,-0.017012299728699273,1.2253724313808607,0.07816061307469069,-2.8465416182207246,0.0,0.0,0.0,0.0,0.0,0.0,3.8654184355829265e-29,4.437342591868117e-29,1.1391151471391197e-25,1.7749370367473074e-30,2.839899258795692e-29,7.512330489325445e-32,1.65858005322719e-28,1.2037062152420224e-31,1.232595164407831e-28,NaN,NaN,NaN,NaN,NaN,NaN
2025-06-11T20:59:15Z,39.98782970544271,-75.17032230916429,20.011205841518635,2.617313712231448,-0.7677261341629059,-0.016840413316083675,1.2248147800275793,0.07752059933174298,-2.84684851669544,0.0,0.0,0.0,0.0,0.0,0.0,3.8654184355829265e-29,4.437342591868117e-29,1.1391151471391197e-25,1.705714492314151e-27,1.3589361687596085e-28,5.243344273594356e-32,2.9232226919096455e-28,5.009343785351332e-31,3.0323813196696035e-27,NaN,NaN,NaN,NaN,NaN,NaN
2025-06-11T20:59:16Z,39.98782970544271,-75.17032230916429,20.011205841518635,2.638148351533103,-0.7827658836863938,-0.016642685411478626,1.2244981006694018,0.07743887746776983,-2.847306776437177,0.0,0.0,0.0,0.0,0.0,0.0,3.8654184355829265e-29,4.437342591868117e-29,1.1391151471391197e-25,1.65858005322719e-28,1.1845239529959389e-29,4.930380657631327e-32,9.545216953174097e-29,1.3914843848198012e-30,1.1093356479670479e-27,NaN,NaN,NaN,NaN,NaN,NaN
2025-06-11T20:59:17Z,39.98782970544271,-75.17032230916429,20.011205841518635,2.659541377520147,-0.7995615571642164,-0.01643022394911752,1.223837274700064,0.07682063419867095,-2.847794063223229,0.0,0.0,0.0,0.0,0.0,0.0,3.8654184355829265e-29,4.437342591868117e-29,1.1391151471391197e-25,1.4248800100554764e-27,2.5205338516976035e-28,9.437056727497379e-33,4.146450133067975e-29,1.5099290763995806e-31,1.6692296754476517e-27,NaN,NaN,NaN,NaN,NaN,NaN
2025-06-11T20:59:18Z,39.98782970544271,-75.17032230916429,20.011205841518635,2.667581105676973,-0.8073303794836892,-0.016276173737695278,1.2227881580904738,0.07562717439703898,-2.8480205043361533,0.0,0.0,0.0,0.0,0.0,0.0,3.8654184355829265e-29,4.437342591868117e-29,1.1391151471391197e-25,6.407522702657545e-28,9.329512799403084e-29,1.083335593717839e-34,4.930380657631327e-32,7.644015949273023e-31,3.0814879110195774e-27,NaN,NaN,NaN,NaN,NaN,NaN
2025-06-11T20:59:19Z,39.98782970544271,-75.17032230916429,20.011205841518635,2.6729118517764796,-0.8122019297568378,-0.0161464222034679,1.222365405771048,0.07527687531506817,-2.848160382247542,0.0,0.0,0.0,0.0,0.0,0.0,3.8654184355829265e-29,4.437342591868117e-29,1.1391151471391197e-25,1.0509599409806912e-27,3.728600372333756e-29,5.243344273594356e-32,1.4914401489335023e-28,2.547042351452164e-30,3.155443620884003e-28,NaN,NaN,NaN,NaN,NaN,NaN
2025-06-11T20:59:20Z,39.98782970544271,-75.17032230916429,20.011205841518635,2.678941185109806,-0.8166756881330735,-0.016024386543576703,1.2221366488283048,0.07514635829845011,-2.8483050852516234,0.0,0.0,0.0,0.0,0.0,0.0,3.8654184355829265e-29,4.437342591868117e-29,1.1391151471391197e-25,3.332937324558795e-29,3.993608332681445e-28,4.0492677080741946e-32,1.282392009049941e-28,4.333342374871208e-32,3.332937324558735e-27,NaN,NaN,NaN,NaN,NaN,NaN
2025-06-11T20:59:21Z,39.98782970544271,-75.17032230916429,20.011205841518635,2.6921315330888707,-0.8270300829402469,-0.015863432294554308,1.2220983999301709,0.07525805133863064,-2.848591272171891,0.0,0.0,0.0,0.0,0.0,0.0,3.8654184355829265e-29,4.437342591868117e-29,1.1391151471391197e-25,4.930380657631324e-28,7.09974814698923e-30,9.437056727497379e-33,1.1359597035182767e-28,8.38935083775097e-31,4.9857981362230855e-27,NaN,NaN,NaN,NaN,NaN,NaN
2025-06-11T20:59:22Z,39.98782970544271,-75.17032230916429,20.011205841518635,2.717756188738053,-0.8480130715017047,-0.01563038035258318,1.221946944053755,0.07535977588791228,-2.8491426025576425,0.0,0.0,0.0,0.0,0.0,0.0,3.8654184355829265e-29,4.437342591868117e-29,1.1391151471391197e-25,2.3863042382935243e-29,7.499108980257115e-29,1.8508186765561545e-31,1.4376989997653126e-28,6.039716305598323e-31,1.65858005322719e-28,NaN,NaN,NaN,NaN,NaN,NaN
2025-06-11T20:59:23Z,39.98782970544271,-75.17032230916429,20.011205841518635,2.7406610534521674,-0.8665531859128583,-0.015417259727732235,1.2209394124988957,0.07445215285509196,-2.849673599724476,0.0,0.0,0.0,0.0,0.0,0.0,3.8654184355829265e-29,4.437342591868117e-29,1.1391151471391197e-25,4.543838814073107e-28,1.7749370367472467e-28,4.930380657631327e-32,1.8952383247935022e-28,1.7017516988605648e-30,1.7425937396332183e-27,NaN,NaN,NaN,NaN,NaN,NaN
2025-06-11T20:59:24Z,39.98782970544271,-75.17032230916429,20.011205841518635,2.7512724395646737,-0.8746332740426909,-0.015278312106665706,1.2197910775477545,0.07323983422667694,-2.8499526728521656,0.0,0.0,0.0,0.0,0.0,0.0,3.8654184355829265e-29,4.437342591868117e-29,1.1391151471391197e-25,3.647692825741876e-27,3.081487911019534e-31,2.831417944802998e-32,1.956868083013894e-28,1.457736374906732e-30,7.580953299174009e-28,NaN,NaN,NaN,NaN,NaN,NaN
2025-06-11T20:59:25Z,39.98782970544271,-75.17032230916429,20.011205841518635,2.764244257772091,-0.8841784482107891,-0.01513274750229547,1.2194604621808929,0.07300794046175005,-2.8502448470972856,0.0,0.0,0.0,0.0,0.0,0.0,3.8654184355829265e-29,4.437342591868117e-29,1.1391151471391197e-25,3.818086781269639e-28,1.9259299443872359e-28,1.083335593717839e-34,1.956868083013894e-28,1.018816940580842e-31,3.646509534384089e-28,NaN,NaN,NaN,NaN,NaN,NaN
2025-06-11T20:59:26Z,39.98782970544271,-75.17032230916429,20.011205841518635,2.7826026156577885,-0.898370740078727,-0.014957054989155083,1.2191532080015515,0.07282629603560135,-2.85064848743634,0.0,0.0,0.0,0.0,0.0,0.0,3.8654184355829265e-29,4.437342591868117e-29,1.1391151471391197e-25,1.2621774483536011e-27,1.4376989997653126e-28,1.3914843848197464e-32,2.1742978700153661e-29,5.8259380817714936e-31,8.852991508842782e-28,NaN,NaN,NaN,NaN,NaN,NaN
2025-06-11T20:59:27Z,39.98782970544271,-75.17032230916429,20.011205841518635,2.803020082403859,-0.9145586158827202,-0.014769030110715542,1.2185655903409292,0.07234001709453829,-2.85110681361779,0.0,0.0,0.0,0.0,0.0,0.0,3.8654184355829265e-29,4.437342591868117e-29,1.1391151471391197e-25,8.590695257856993e-28,1.02071205564612e-28,8.137054015036121e-33,4.543838814073107e-28,3.561044467171962e-31,4.930380657631324e-28,NaN,NaN,NaN,NaN,NaN,NaN
2025-06-11T20:59:28Z,39.98782970544271,-75.17032230916429,20.011205841518635,2.8212938386737973,-0.9289749048241244,-0.014594789440835447,1.2177823309287237,0.0716166916227357,-2.85152799462256,0.0,0.0,0.0,0.0,0.0,0.0,3.8654184355829265e-29,4.437342591868117e-29,1.1391151471391197e-25,3.3151879541913532e-28,2.0511616130910383e-28,5.243344273594356e-32,3.646509534384089e-28,6.478828332918711e-31,2.983669158772237e-27,NaN,NaN,NaN,NaN,NaN,NaN
2025-06-11T20:59:29Z,39.98782970544271,-75.17032230916429,20.011205841518635,2.8357421576824438,-0.9407048861597211,-0.014438515017391856,1.2170470011774,0.07089482894591954,-2.8518674000546063,0.0,0.0,0.0,0.0,0.0,0.0,3.8654184355829265e-29,4.437342591868117e-29,1.1391151471391197e-25,2.847787867847806e-28,7.692626421069256e-29,1.2714146898493708e-32,3.155443620884003e-28,2.0973377094377423e-31,2.4158865222393455e-28,NaN,NaN,NaN,NaN,NaN,NaN
2025-06-11T20:59:30Z,39.98782970544271,-75.17032230916429,20.011205841518635,2.8517298465265237,-0.954509120611008,-0.014267673083187857,1.2165811098745536,0.07051434159667642,-2.8522279548712777,0.0,0.0,0.0,0.0,0.0,0.0,3.8654184355829265e-29,4.437342591868117e-29,1.1391151471391197e-25,4.496704374986019e-27,7.308056729774114e-29,5.648090488469427e-32,2.4854048895119956e-28,8.137054015035973e-31,1.972152263052531e-31,NaN,NaN,NaN,NaN,NaN,NaN
2025-06-11T20:59:31Z,39.98782970544271,-75.17032230916429,20.011205841518635,2.8541611547238905,-0.9570123488005161,-0.014172529755282383,1.215633034713703,0.06946906683486091,-2.852325446315491,0.0,0.0,0.0,0.0,0.0,0.0,3.8654184355829265e-29,4.437342591868117e-29,1.1391151471391197e-25,2.5182412246917993e-27,3.234822749471873e-28,8.392540659221031e-32,7.338378570818469e-28,1.6301071049293473e-30,3.541196603537113e-27,NaN,NaN,NaN,NaN,NaN,NaN
2025-06-11T20:59:32Z,39.98782970544271,-75.17032230916429,20.011205841518635,2.8573433894705924,-0.9605332125383058,-0.014070503532340555,1.2155495097458948,0.06943634403028878,-2.852403459946493,0.0,0.0,0.0,0.0,0.0,0.0,3.8654184355829265e-29,4.437342591868117e-29,1.1391151471391197e-25,2.7460248110744117e-27,4.449668543512197e-30,9.777103733303138e-33,7.09974814698923e-30,4.4373425918682685e-31,9.389416924393163e-28,NaN,NaN,NaN,NaN,NaN,NaN
2025-06-11T20:59:33Z,39.98782970544271,-75.17032230916429,20.011205841518635,2.8595148292134662,-0.9622946538184741,-0.013983954060518607,1.215348627701803,0.06930213309250374,-2.8524639753561756,0.0,0.0,0.0,0.0,0.0,0.0,3.8654184355829265e-29,4.437342591868117e-29,1.1391151471391197e-25,4.9857981362230855e-27,6.520428419717389e-30,9.534556930932176e-32,4.264286230785378e-28,9.169352465227698e-31,2.5182412246917993e-27,NaN,NaN,NaN,NaN,NaN,NaN
2025-06-11T20:59:34Z,39.98782970544271,-75.17032230916429,20.011205841518635,2.8615268860523457,-0.9634008961024663,-0.01390424529505383,1.2152415308766158,0.06923416832020156,-2.8525169784560527,0.0,0.0,0.0,0.0,0.0,0.0,3.8654184355829265e-29,4.437342591868117e-29,1.1391151471391197e-25,0.0,2.5915313331674794e-28,6.326980793865916e-32,1.384943926728658e-28,2.9293394454129354e-31,2.3431141037326913e-27,NaN,NaN,NaN,NaN,NaN,NaN
2025-06-11T20:59:35Z,39.98782970544271,-75.17032230916429,20.011205841518635,2.8649162282036045,-0.9650813762664737,-0.013823572180819324,1.2151922543866678,0.06923199319195597,-2.852595719392771,0.0,0.0,0.0,0.0,0.0,0.0,3.8654184355829265e-29,4.437342591868117e-29,1.1391151471391197e-25,6.865062027686029e-28,1.864793224232648e-28,2.2777130857917686e-32,7.499108980257115e-29,7.703719777548835e-32,2.0518272144799055e-27,NaN,NaN,NaN,NaN,NaN,NaN
2025-06-11T20:59:36Z,39.98782970544271,-75.17032230916429,20.011205841518635,2.8722553500018924,-0.9703448264449813,-0.0137200138534969,1.2151975092470726,0.06929375837156312,-2.8527547494293586,0.0,0.0,0.0,0.0,0.0,0.0,3.8654184355829265e-29,4.437342591868117e-29,1.1391151471391197e-25,9.663546088957382e-28,4.586486606761543e-29,1.0475253338143965e-32,4.4373425918682685e-31,4.814824860968022e-33,1.972152263052531e-31,NaN,NaN,NaN,NaN,NaN,NaN
2025-06-11T20:59:37Z,39.98782970544271,-75.17032230916429,20.011205841518635,2.8785269421066557,-0.9753161834510342,-0.013617468082766215,1.2149331840487556,0.06902853869761337,-2.8529029236161425,0.0,0.0,0.0,0.0,0.0,0.0,3.8654184355829265e-29,4.437342591868117e-29,1.1391151471391197e-25,3.478876592024586e-28,1.159748790191308e-28,5.164200589942103e-32,3.818086781269639e-28,8.137054015035973e-31,2.133079887717629e-27,NaN,NaN,NaN,NaN,NaN,NaN
2025-06-11T20:59:38Z,39.98782970544271,-75.17032230916429,20.011205841518635,2.8856134478436286,-0.9801547773103042,-0.01351942431894412,1.2147016120491723,0.06886751140943491,-2.853065501319475,0.0,0.0,0.0,0.0,0.0,0.0,3.8654184355829265e-29,4.437342591868117e-29,1.1391151471391197e-25,2.473867798773073e-27,1.3076602099202939e-28,6.326980793865916e-32,1.0891210872707614e-28,1.018816940580842e-31,1.0432685471547823e-28,NaN,NaN,NaN,NaN,NaN,NaN
2025-06-11T20:59:39Z,39.98782970544271,-75.17032230916429,20.011205841518635,2.889463610489693,-0.9835718798873998,-0.013427240908695756,1.2144155828772019,0.06852483778108107,-2.8531644930874727,0.0,0.0,0.0,0.0,0.0,0.0,3.8654184355829265e-29,4.437342591868117e-29,1.1391151471391197e-25,2.999643592102846e-28,1.333174929823518e-28,4.333342374871208e-32,8.287969885478383e-29,1.7333369499484831e-31,9.663546088957316e-30,NaN,NaN,NaN,NaN,NaN,NaN
2025-06-11T20:59:40Z,39.98782970544271,-75.17032230916429,20.011205841518635,2.8940922779049494,-0.9879531525490423,-0.013329003291241322,1.214288161419128,0.0684459949777949,-2.853273097992185,0.0,0.0,0.0,0.0,0.0,0.0,3.8654184355829265e-29,4.437342591868117e-29,1.1391151471391197e-25,9.389416924393163e-28,7.218570320837895e-28,3.686350284178689e-33,1.8345946427046171e-28,1.925929944387237e-34,1.1692890767638582e-27,NaN,NaN,NaN,NaN,NaN,NaN
2025-06-11T20:59:41Z,39.98782970544271,-75.17032230916429,20.011205841518635,2.9000218736293544,-0.9941014245734792,-0.013218671212978676,1.2141473563828533,0.06836627691540274,-2.8534097402200937,0.0,0.0,0.0,0.0,0.0,0.0,3.8654184355829265e-29,4.437342591868117e-29,1.1391151471391197e-25,7.580953299174009e-28,1.6018806756643862e-28,1.1325671779211992e-31,1.4914401489335023e-28,9.708612849656233e-31,3.155443620884003e-28,NaN,NaN,NaN,NaN,NaN,NaN
2025-06-11T20:59:42Z,39.98782970544271,-75.17032230916429,20.011205841518635,2.9076953241397425,-1.0011408124106225,-0.013105732277118491,1.213919471950041,0.06825812913465534,-2.853585126671881,0.0,0.0,0.0,0.0,0.0,0.0,3.8654184355829265e-29,4.437342591868117e-29,1.1391151471391197e-25,2.608171367887016e-27,6.749198082231616e-28,1.1567616728475965e-32,5.699520040221681e-29,6.952607099237808e-32,4.437342591868117e-29,NaN,NaN,NaN,NaN,NaN,NaN
2025-06-11T20:59:43Z,39.98782970544271,-75.17032230916429,20.011205841518635,2.918226197527006,-1.0105536760840692,-0.012979403289732978,1.2136872840169446,0.06814127070409032,-2.853819969574582,0.0,0.0,0.0,0.0,0.0,0.0,3.8654184355829265e-29,4.437342591868117e-29,1.1391151471391197e-25,1.597443333072578e-27,2.4158865222393455e-28,1.7333369499485424e-33,2.4854048895119956e-28,1.7017516988605648e-30,1.230820227371081e-27,NaN,NaN,NaN,NaN,NaN,NaN
2025-06-11T20:59:44Z,39.98782970544271,-75.17032230916429,20.011205841518635,2.9330863267163956,-1.0234266428891219,-0.012833688266306657,1.213386338864291,0.06799249882275735,-2.8541469898395553,0.0,0.0,0.0,0.0,0.0,0.0,3.8654184355829265e-29,4.437342591868117e-29,1.1391151471391197e-25,5.539775706914632e-28,3.155443620884049e-30,3.6412113011071835e-32,4.4373425918682685e-31,1.2037062152420224e-31,1.597443333072578e-27,NaN,NaN,NaN,NaN,NaN,NaN
2025-06-11T20:59:45Z,39.98782970544271,-75.17032230916429,20.011205841518635,2.94833215817869,-1.035025277557256,-0.012702103569631489,1.2127953424479834,0.06753734180052454,-2.8544916100003905,0.0,0.0,0.0,0.0,0.0,0.0,3.8654184355829265e-29,4.437342591868117e-29,1.1391151471391197e-25,9.663546088957316e-30,2.847787867847806e-28,2.1937545772786142e-33,2.083085827849209e-28,4.81482486096809e-31,4.543838814073107e-28,NaN,NaN,NaN,NaN,NaN,NaN
2025-06-11T20:59:46Z,39.98782970544271,-75.17032230916429,20.011205841518635,2.980402287974885,-1.0581677390414057,-0.01250967979770856,1.2126278688257375,0.06772956665315713,-2.8551659244166734,0.0,0.0,0.0,0.0,0.0,0.0,3.8654184355829265e-29,4.437342591868117e-29,1.1391151471391197e-25,1.8555980643060927e-27,5.230640839681175e-28,1.1943774920739099e-32,4.9303806576312544e-30,3.7286003723336317e-31,1.1093356479670479e-27,NaN,NaN,NaN,NaN,NaN,NaN
2025-06-11T20:59:47Z,39.98782970544271,-75.17032230916429,20.011205841518635,3.0026969573353792,-1.0748883337897972,-0.012352518706358796,1.2113598913847725,0.06632075459455473,-2.8556824619085543,0.0,0.0,0.0,0.0,0.0,0.0,3.8654184355829265e-29,4.437342591868117e-29,1.1391151471391197e-25,2.3003183996245002e-27,3.5942474994132816e-29,2.890098622796092e-32,4.832266082544487e-28,9.437056727497379e-33,4.378375239202906e-27,NaN,NaN,NaN,NaN,NaN,NaN
2025-06-11T20:59:48Z,39.98782970544271,-75.17032230916429,20.011205841518635,3.027625906868335,-1.0944945676791777,-0.01217755073254504,1.2106847251436106,0.06572558658213887,-2.85622976631915,0.0,0.0,0.0,0.0,0.0,0.0,3.8654184355829265e-29,4.437342591868117e-29,1.1391151471391197e-25,5.539775706914632e-28,1.65858005322719e-28,3.06975177542092e-32,4.173074188619129e-28,6.704162136412138e-31,2.6998764481189012e-28,NaN,NaN,NaN,NaN,NaN,NaN
2025-06-11T20:59:49Z,39.98782970544271,-75.17032230916429,20.011205841518635,3.0488655514955365,-1.1118279967988927,-0.012015414751832041,1.2097395252987015,0.0647908626871945,-2.856710832062546,0.0,0.0,0.0,0.0,0.0,0.0,3.8654184355829265e-29,4.437342591868117e-29,1.1391151471391197e-25,1.1093356479670479e-27,5.048709793414479e-29,1.1943774920739099e-32,7.888609052210007e-29,1.7333369499484831e-31,2.563009081063018e-27,NaN,NaN,NaN,NaN,NaN,NaN
2025-06-11T20:59:50Z,39.98782970544271,-75.17032230916429,20.011205841518635,3.0660515230551706,-1.1250140135361468,-0.011881757316859773,1.2088547833524141,0.06395168483366893,-2.857104064172092,0.0,0.0,0.0,0.0,0.0,0.0,3.8654184355829265e-29,4.437342591868117e-29,1.1391151471391197e-25,1.7749370367472467e-28,1.956868083013894e-28,2.715862148139762e-32,4.449668543512186e-28,1.0263280673639562e-30,2.2159102827658527e-27,NaN,NaN,NaN,NaN,NaN,NaN
2025-06-11T20:59:51Z,39.98782970544271,-75.17032230916429,20.011205841518635,3.071823536865185,-1.1306751309298846,-0.011787816957298037,1.208023320505408,0.062954897547764,-2.857260922822889,0.0,0.0,0.0,0.0,0.0,0.0,3.8654184355829265e-29,4.437342591868117e-29,1.1391151471391197e-25,9.389416924393163e-28,1.8952383247935022e-28,5.085658759397483e-32,2.627399852451728e-28,2.083085827849247e-30,3.478876592024586e-28,NaN,NaN,NaN,NaN,NaN,NaN
2025-06-11T20:59:52Z,39.98782970544271,-75.17032230916429,20.011205841518635,3.0783139620038353,-1.1375725747918881,-0.011685635106195788,1.2078192896382418,0.06281304367019436,-2.8574092208252093,0.0,0.0,0.0,0.0,0.0,0.0,3.8654184355829265e-29,4.437342591868117e-29,1.1391151471391197e-25,2.473867798773073e-27,7.09974814698923e-30,5.085658759397483e-32,1.597443333072583e-29,6.952607099237808e-32,1.597443333072578e-27,NaN,NaN,NaN,NaN,NaN,NaN
2025-06-11T20:59:53Z,39.98782970544271,-75.17032230916429,20.011205841518635,3.086686252491312,-1.144510123814409,-0.01158874088024118,1.2075445011519212,0.06268522347582105,-2.857597276309378,0.0,0.0,0.0,0.0,0.0,0.0,3.8654184355829265e-29,4.437342591868117e-29,1.1391151471391197e-25,3.646509534384089e-28,6.749691120297253e-29,6.647467573674081e-33,4.638995160765232e-28,5.565937539278986e-32,1.6692296754476517e-27,NaN,NaN,NaN,NaN,NaN,NaN
2025-06-11T20:59:54Z,39.98782970544271,-75.17032230916429,20.011205841518635,3.099133283882673,-1.1536750657572763,-0.011483286208082429,1.2073089330993734,0.06258479864560412,-2.8578672147084503,0.0,0.0,0.0,0.0,0.0,0.0,3.8654184355829265e-29,4.437342591868117e-29,1.1391151471391197e-25,4.173074188619129e-28,3.905354518909819e-28,2.2777130857917686e-32,1.4376989997653126e-28,6.039716305598323e-31,1.894055033435647e-27,NaN,NaN,NaN,NaN,NaN,NaN
2025-06-11T20:59:55Z,39.98782970544271,-75.17032230916429,20.011205841518635,3.1163711997011228,-1.1667601631517812,-0.011356385076135329,1.207006444891889,0.06238638534923625,-2.8582384829363225,0.0,0.0,0.0,0.0,0.0,0.0,3.8654184355829265e-29,4.437342591868117e-29,1.1391151471391197e-25,1.1692890767638582e-27,4.832266082544487e-28,6.770847460736376e-32,7.827472332055576e-28,4.627046691390386e-32,5.129568036199764e-28,NaN,NaN,NaN,NaN,NaN,NaN
2025-06-11T20:59:56Z,39.98782970544271,-75.17032230916429,20.011205841518635,3.1359718927544744,-1.1806297152203935,-0.011229643037026645,1.2064437475050254,0.06192959122160204,-2.8586665635147095,0.0,0.0,0.0,0.0,0.0,0.0,3.8654184355829265e-29,4.437342591868117e-29,1.1391151471391197e-25,1.6692296754476517e-27,3.818086781269639e-28,1.5169707577587864e-32,4.264286230785378e-28,7.403274706224618e-31,1.0223637331664532e-27,NaN,NaN,NaN,NaN,NaN,NaN
2025-06-11T20:59:57Z,39.98782970544271,-75.17032230916429,20.011205841518635,3.155248606201429,-1.1943150721956715,-0.011104908801526573,1.2057945573095386,0.061291707739877285,-2.8590909886082745,0.0,0.0,0.0,0.0,0.0,0.0,3.8654184355829265e-29,4.437342591868117e-29,1.1391151471391197e-25,1.1093356479670479e-27,2.415886522239329e-30,4.333342374871208e-32,1.1093356479670292e-29,3.9000081373842235e-31,1.4927220479044935e-27,NaN,NaN,NaN,NaN,NaN,NaN
2025-06-11T20:59:58Z,39.98782970544271,-75.17032230916429,20.011205841518635,3.1906544441081537,-1.2194885908600726,-0.01092151816571759,1.2055177647465147,0.06132251947852534,-2.8598323002109103,0.0,0.0,0.0,0.0,0.0,0.0,3.8654184355829265e-29,4.437342591868117e-29,1.1391151471391197e-25,1.5272347125078555e-27,7.119469669619515e-29,1.5600032549536944e-32,3.396539235042255e-28,3.3973404218990096e-31,7.338378570818469e-28,NaN,NaN,NaN,NaN,NaN,NaN
2025-06-11T20:59:59Z,39.98782970544271,-75.17032230916429,20.011205841518635,3.2290857528614114,-1.2471419204796597,-0.010725900190000881,1.204436658713685,0.060309142370303055,-2.8606639135907295,0.0,0.0,0.0,0.0,0.0,0.0,3.8654184355829265e-29,4.437342591868117e-29,1.1391151471391197e-25,5.965760595734009e-28,4.930380657631327e-32,3.900008137384236e-33,3.332937324558795e-29,7.284348532158781e-31,1.0509599409806912e-27,NaN,NaN,NaN,NaN,NaN,NaN
2025-06-11T21:00:00Z,39.98782970544271,-75.17032230916429,20.011205841518635,3.252213100712572,-1.2649305305320282,-0.010579532939755009,1.2028634482963474,0.058467406097251116,-2.8611984518027738,0.0,0.0,0.0,0.0,0.0,0.0,3.8654184355829265e-29,4.437342591868117e-29,1.1391151471391197e-25,3.7015325825233235e-27,2.999643592102846e-28,2.2256527919824762e-32,1.232595164407831e-28,5.308344409217221e-31,4.735137583589117e-28,NaN,NaN,NaN,NaN,NaN,NaN
2025-06-11T21:00:01Z,39.98782970544271,-75.17032230916429,20.011205841518635,3.2607793552692175,-1.2713607110116818,-0.010496159551977474,1.2017224925340282,0.057140416347695115,-2.861417503605091,0.0,0.0,0.0,0.0,0.0,0.0,3.8654184355829265e-29,4.437342591868117e-29,1.1391151471391197e-25,3.976647823219193e-27,2.415886522239329e-30,6.647467573674081e-33,1.0432685471547823e-28,4.530268711684797e-31,4.032854162716166e-27,NaN,NaN,NaN,NaN,NaN,NaN
2025-06-11T21:00:02Z,39.98782970544271,-75.17032230916429,20.011205841518635,3.2672546704550847,-1.2763640383763872,-0.010420644919563415,1.2013837304440205,0.05678708928037782,-2.8615664030004364,0.0,0.0,0.0,0.0,0.0,0.0,3.8654184355829265e-29,4.437342591868117e-29,1.1391151471391197e-25,1.1391151471391224e-27,3.993608332681458e-30,3.7748226909989516e-32,4.4373425918682685e-31,1.1717357781651741e-30,3.5942474994132515e-27,NaN,NaN,NaN,NaN,NaN,NaN
2025-06-11T21:00:03Z,39.98782970544271,-75.17032230916429,20.011205841518635,3.2735610141366887,-1.2830618007337864,-0.01033119652481799,1.2011999686081245,0.05658789274589487,-2.861707879838495,0.0,0.0,0.0,0.0,0.0,0.0,3.8654184355829265e-29,4.437342591868117e-29,1.1391151471391197e-25,2.563009081063018e-27,2.3863042382935243e-29,4.930380657631327e-32,0.0,1.738151774809452e-32,2.2159102827658527e-27,NaN,NaN,NaN,NaN,NaN,NaN
2025-06-11T21:00:04Z,39.98782970544271,-75.17032230916429,20.011205841518635,3.2774883456584405,-1.287654030317032,-0.010254588461008563,1.2008651971162634,0.05629728299160617,-2.8618048426900424,0.0,0.0,0.0,0.0,0.0,0.0,3.8654184355829265e-29,4.437342591868117e-29,1.1391151471391197e-25,2.9353514283273874e-27,1.1541528081449031e-27,2.0342635037590302e-33,3.993608332681458e-30,1.3019286424057793e-31,1.7425937396332183e-27,NaN,NaN,NaN,NaN,NaN,NaN
2025-06-11T21:00:05Z,39.98782970544271,-75.17032230916429,20.011205841518635,3.283215885720449,-1.2922135813894644,-0.010183159198376047,1.2006871062925455,0.05624519126299445,-2.861932371567436,0.0,0.0,0.0,0.0,0.0,0.0,3.8654184355829265e-29,4.437342591868117e-29,1.1391151471391197e-25,2.0518272144799055e-27,1.0891210872707614e-28,3.3812107586148875e-32,4.9303806576312544e-30,1.407902937595717e-30,1.2939290997887492e-27,NaN,NaN,NaN,NaN,NaN,NaN
2025-06-11T21:00:06Z,39.98782970544271,-75.17032230916429,20.011205841518635,3.288151759395778,-1.2969196553313231,-0.010109324500912223,1.200482600504959,0.056039107413448516,-2.8620453966974013,0.0,0.0,0.0,0.0,0.0,0.0,3.8654184355829265e-29,4.437342591868117e-29,1.1391151471391197e-25,8.590695257856993e-28,3.7318051197612337e-28,5.0856587593975755e-34,6.865062027686029e-28,5.207714569623117e-31,1.5621418075639276e-27,NaN,NaN,NaN,NaN,NaN,NaN
2025-06-11T21:00:07Z,39.98782970544271,-75.17032230916429,20.011205841518635,3.297463339628193,-1.3093002925572057,-0.009982998354244056,1.2005004396791934,0.05608791869502427,-2.8622435645062714,0.0,0.0,0.0,0.0,0.0,0.0,3.8654184355829265e-29,4.437342591868117e-29,1.1391151471391197e-25,5.500135446427095e-27,2.3863042382935243e-29,3.641211301107062e-34,1.4248800100554203e-29,1.3267731386883808e-30,2.0518272144799055e-27,NaN,NaN,NaN,NaN,NaN,NaN
2025-06-11T21:00:08Z,39.98782970544271,-75.17032230916429,20.011205841518635,3.3105555045889274,-1.32679149750481,-0.009824568944142131,1.200184413374291,0.055968819233075576,-2.862530450172006,0.0,0.0,0.0,0.0,0.0,0.0,3.8654184355829265e-29,4.437342591868117e-29,1.1391151471391197e-25,1.597443333072578e-27,4.146450133067975e-29,1.8308371533830846e-32,1.972152263052531e-31,1.248050752211517e-30,6.865062027686029e-28,NaN,NaN,NaN,NaN,NaN,NaN
2025-06-11T21:00:09Z,39.98782970544271,-75.17032230916429,20.011205841518635,3.3242048679875658,-1.34409618880249,-0.009670364695713883,1.1995308723879938,0.055586476213037195,-2.862838488743392,0.0,0.0,0.0,0.0,0.0,0.0,3.8654184355829265e-29,4.437342591868117e-29,1.1391151471391197e-25,4.543838814073107e-28,1.9721522630525018e-29,1.0863448592559074e-33,2.999643592102846e-28,5.512492983322379e-31,5.539775706914632e-28,NaN,NaN,NaN,NaN,NaN,NaN
2025-06-11T21:00:10Z,39.98782970544271,-75.17032230916429,20.011205841518635,3.3341970640933205,-1.3566620757554708,-0.009547740846924155,1.198741436645354,0.05500722335795939,-2.8630745076630646,0.0,0.0,0.0,0.0,0.0,0.0,3.8654184355829265e-29,4.437342591868117e-29,1.1391151471391197e-25,2.0518272144799055e-27,2.627399852451728e-28,1.738151774809452e-32,3.5942474994132816e-29,1.0689392673835219e-30,7.099748146988987e-28,NaN,NaN,NaN,NaN,NaN,NaN
2025-06-11T21:00:11Z,39.98782970544271,-75.17032230916429,20.011205841518635,3.3488645914307997,-1.3736172087463419,-0.009401287109689894,1.1983961646203822,0.05489305249182868,-2.863392473595014,0.0,0.0,0.0,0.0,0.0,0.0,3.8654184355829265e-29,4.437342591868117e-29,1.1391151471391197e-25,7.888609052210123e-31,7.888609052210123e-31,4.119684521665804e-33,1.4376989997653126e-28,1.4745401136714774e-30,4.930380657631324e-28,NaN,NaN,NaN,NaN,NaN,NaN
2025-06-11T21:00:12Z,39.98782970544271,-75.17032230916429,20.011205841518635,3.3711121566501943,-1.4001472170488576,-0.009196078045404534,1.1980179776197173,0.05476242642603129,-2.863868547697503,0.0,0.0,0.0,0.0,0.0,0.0,3.8654184355829265e-29,4.437342591868117e-29,1.1391151471391197e-25,1.5272347125078555e-27,3.562200025138691e-28,5.982720816306668e-32,1.0432685471547823e-28,1.5427180337028033e-30,6.184669496932682e-28,NaN,NaN,NaN,NaN,NaN,NaN
2025-06-11T21:00:13Z,39.98782970544271,-75.17032230916429,20.011205841518635,3.372635270903485,-1.4017834913810132,-0.00914582790036488,1.1962811055173752,0.05318181728591683,-2.8639567722846944,0.0,0.0,0.0,0.0,0.0,0.0,3.8654184355829265e-29,4.437342591868117e-29,1.1391151471391197e-25,1.5272347125078555e-27,8.590695257856993e-28,9.437056727497379e-33,1.8345946427046171e-28,1.9841411769563506e-30,5.7507959990612505e-28,NaN,NaN,NaN,NaN,NaN,NaN
2025-06-11T21:00:14Z,39.98782970544271,-75.17032230916429,20.011205841518635,3.3749517262231272,-1.4040579917933433,-0.009092697764960727,1.1962300288739058,0.05317106295740733,-2.8640098530708484,0.0,0.0,0.0,0.0,0.0,0.0,3.8654184355829265e-29,4.437342591868117e-29,1.1391151471391197e-25,1.4248800100554764e-27,3.396539235042255e-28,1.1943774920739099e-32,2.2132478772106954e-28,7.52316384526264e-31,4.032854162716166e-27,NaN,NaN,NaN,NaN,NaN,NaN
2025-06-11T21:00:15Z,39.98782970544271,-75.17032230916429,20.011205841518635,3.3760821669792667,-1.4050469530548038,-0.009047612984564165,1.1960942488286987,0.05305251652075953,-2.8640410626429427,0.0,0.0,0.0,0.0,0.0,0.0,3.8654184355829265e-29,4.437342591868117e-29,1.1391151471391197e-25,7.888609052210123e-31,2.2132478772106954e-28,8.137054015036121e-33,1.1837843958972793e-28,1.1717357781651741e-30,2.847787867847806e-28,NaN,NaN,NaN,NaN,NaN,NaN
2025-06-11T21:00:16Z,39.98782970544271,-75.17032230916429,20.011205841518635,3.37714140981985,-1.406071323026107,-0.009002481592144904,1.196047135364703,0.0530190969247122,-2.8640681542774162,0.0,0.0,0.0,0.0,0.0,0.0,3.8654184355829265e-29,4.437342591868117e-29,1.1391151471391197e-25,5.632664078504433e-27,5.36918453616062e-29,5.898160454685862e-34,4.638995160765232e-28,1.0123169270185466e-30,1.972152263052531e-31,NaN,NaN,NaN,NaN,NaN,NaN
2025-06-11T21:00:17Z,39.98782970544271,-75.17032230916429,20.011205841518635,3.3816432067338544,-1.4101384465843902,-0.008941360858133605,1.19609086674854,0.0531316536031433,-2.864162878011754,0.0,0.0,0.0,0.0,0.0,0.0,3.8654184355829265e-29,4.437342591868117e-29,1.1391151471391197e-25,3.180884385077496e-27,7.09974814698923e-30,7.52316384526264e-33,2.3473542310982907e-28,1.018816940580842e-31,2.473867798773073e-27,NaN,NaN,NaN,NaN,NaN,NaN
2025-06-11T21:00:18Z,39.98782970544271,-75.17032230916429,20.011205841518635,3.384147379121949,-1.4123537830817618,-0.00889090841550699,1.1958609312288315,0.05290991954379208,-2.86422500922748,0.0,0.0,0.0,0.0,0.0,0.0,3.8654184355829265e-29,4.437342591868117e-29,1.1391151471391197e-25,9.663546088957382e-28,1.65858005322719e-28,1.4564845204428249e-33,5.857785259331728e-28,3.7748226909989516e-32,1.1692890767638582e-27,NaN,NaN,NaN,NaN,NaN,NaN
2025-06-11T21:00:19Z,39.98782970544271,-75.17032230916429,20.011205841518635,3.386761137675099,-1.416245506083624,-0.0088280174759373,1.1958068810284923,0.05284768712816367,-2.864284946655686,0.0,0.0,0.0,0.0,0.0,0.0,3.8654184355829265e-29,4.437342591868117e-29,1.1391151471391197e-25,1.0223637331664532e-27,6.52042841971754e-28,4.5770928834577115e-33,1.232595164407831e-28,1.719903588586425e-30,9.545216953174097e-29,NaN,NaN,NaN,NaN,NaN,NaN
2025-06-11T21:00:20Z,39.98782970544271,-75.17032230916429,20.011205841518635,3.3894314919273536,-1.4208186327260912,-0.008760481174152476,1.195680043819388,0.05277760139219479,-2.8643482739799246,0.0,0.0,0.0,0.0,0.0,0.0,3.8654184355829265e-29,4.437342591868117e-29,1.1391151471391197e-25,5.1120158810583735e-27,1.65858005322719e-28,1.083335593717802e-32,1.7749370367473074e-30,1.6301071049293473e-30,2.3003183996245002e-27,NaN,NaN,NaN,NaN,NaN,NaN
2025-06-11T21:00:21Z,39.98782970544271,-75.17032230916429,20.011205841518635,3.3926656865402722,-1.4248126072137584,-0.008699239398917525,1.1955027443234318,0.05271829710373969,-2.8644238041840717,0.0,0.0,0.0,0.0,0.0,0.0,3.8654184355829265e-29,4.437342591868117e-29,1.1391151471391197e-25,4.496704374986019e-27,3.562200025138691e-28,2.5307923175463716e-33,1.1359597035182767e-28,1.407902937595717e-30,8.332343311396837e-28,NaN,NaN,NaN,NaN,NaN,NaN
2025-06-11T21:00:22Z,39.98782970544271,-75.17032230916429,20.011205841518635,3.3949442143908266,-1.4264979101343989,-0.00865427347098034,1.19528319778868,0.05257422951916566,-2.8644803241396186,0.0,0.0,0.0,0.0,0.0,0.0,3.8654184355829265e-29,4.437342591868117e-29,1.1391151471391197e-25,6.108938850031422e-27,4.735137583589117e-28,5.164200589942103e-32,1.333174929823518e-28,2.0973377094377423e-31,3.1309889328222303e-27,NaN,NaN,NaN,NaN,NaN,NaN
2025-06-11T21:00:23Z,39.98782970544271,-75.17032230916429,20.011205841518635,3.398322788186321,-1.4301361556097765,-0.008597044656340981,1.1952571691298248,0.05255570102458795,-2.864554311218163,0.0,0.0,0.0,0.0,0.0,0.0,3.8654184355829265e-29,4.437342591868117e-29,1.1391151471391197e-25,5.632664078504433e-27,7.09974814698923e-30,7.703719777548949e-34,1.1359597035182767e-28,3.004932195730178e-31,2.0518272144799055e-27,NaN,NaN,NaN,NaN,NaN,NaN
2025-06-11T21:00:24Z,39.98782970544271,-75.17032230916429,20.011205841518635,3.4055493380264035,-1.4367786754960026,-0.008525565226074873,1.1952010945495357,0.052608776260640144,-2.864707410316746,0.0,0.0,0.0,0.0,0.0,0.0,3.8654184355829265e-29,4.437342591868117e-29,1.1391151471391197e-25,1.2621774483536011e-27,2.999643592102846e-28,1.8780826223313614e-32,3.905354518909819e-28,1.018816940580842e-31,7.119469669619515e-29,NaN,NaN,NaN,NaN,NaN,NaN
2025-06-11T21:00:25Z,39.98782970544271,-75.17032230916429,20.011205841518635,3.413705569816025,-1.4452685847464348,-0.008442587796977643,1.194974011539188,0.0524252503777913,-2.86488534717219,0.0,0.0,0.0,0.0,0.0,0.0,3.8654184355829265e-29,4.437342591868117e-29,1.1391151471391197e-25,1.358615694016902e-27,3.3151879541913532e-28,4.814824860968022e-33,1.4914401489335023e-28,1.9110039873182558e-31,8.077935669463166e-28,NaN,NaN,NaN,NaN,NaN,NaN
2025-06-11T21:00:26Z,39.98782970544271,-75.17032230916429,20.011205841518635,3.4309674198476143,-1.4641893757845905,-0.008300508325610217,1.1949380124560645,0.052556466888653015,-2.8652447454007275,0.0,0.0,0.0,0.0,0.0,0.0,3.8654184355829265e-29,4.437342591868117e-29,1.1391151471391197e-25,7.827472332055576e-28,3.396539235042255e-28,2.4375050858651397e-32,4.735137583589117e-28,5.720493417316141e-31,5.965760595734009e-28,NaN,NaN,NaN,NaN,NaN,NaN
2025-06-11T21:00:27Z,39.98782970544271,-75.17032230916429,20.011205841518635,3.4530756896043875,-1.4886041297653145,-0.008128353205901677,1.1943592815849968,0.052217670626533715,-2.8657195464698484,0.0,0.0,0.0,0.0,0.0,0.0,3.8654184355829265e-29,4.437342591868117e-29,1.1391151471391197e-25,7.099748146988987e-28,1.7749370367473074e-30,1.2325951644078318e-32,1.0891210872707614e-28,2.3592641818743448e-33,1.5272347125078555e-27,NaN,NaN,NaN,NaN,NaN,NaN
2025-06-11T21:00:28Z,39.98782970544271,-75.17032230916429,20.011205841518635,3.467561858490089,-1.5061344164173558,-0.007993350989140972,1.1932036593041049,0.05120559841653231,-2.8660549430985798,0.0,0.0,0.0,0.0,0.0,0.0,3.8654184355829265e-29,4.437342591868117e-29,1.1391151471391197e-25,1.8555980643060927e-27,1.2939290997887492e-27,3.900008137384236e-33,1.282392009049941e-28,1.097828216549321e-30,9.11923206435469e-28,NaN,NaN,NaN,NaN,NaN,NaN
2025-06-11T21:00:29Z,39.98782970544271,-75.17032230916429,20.011205841518635,3.475826908279522,-1.5179247558768258,-0.00788940908337337,1.1923675170164396,0.050495318168468355,-2.866253074147461,0.0,0.0,0.0,0.0,0.0,0.0,3.8654184355829265e-29,4.437342591868117e-29,1.1391151471391197e-25,1.7749370367473074e-30,6.63432021290876e-28,3.979753674144006e-32,1.333174929823518e-28,4.814824860968093e-35,1.7425937396332183e-27,NaN,NaN,NaN,NaN,NaN,NaN
2025-06-11T21:00:30Z,39.98782970544271,-75.17032230916429,20.011205841518635,3.4822163963476203,-1.527300001532544,-0.007800424989475713,1.191868545490431,0.05016034783417342,-2.8664023580278295,0.0,0.0,0.0,0.0,0.0,0.0,3.8654184355829265e-29,4.437342591868117e-29,1.1391151471391197e-25,8.86364113106341e-27,6.63432021290876e-28,4.6952065558284034e-33,4.146450133067975e-29,4.81482486096809e-31,1.8175355256292428e-27,NaN,NaN,NaN,NaN,NaN,NaN
2025-06-11T21:00:31Z,39.98782970544271,-75.17032230916429,20.011205841518635,3.490725394085362,-1.5370903314830824,-0.007713506962510298,1.1915465576772766,0.05004435119113603,-2.8665889178795037,0.0,0.0,0.0,0.0,0.0,0.0,3.8654184355829265e-29,4.437342591868117e-29,1.1391151471391197e-25,1.0799505792475605e-27,2.6081713678869557e-29,1.4327113226918278e-32,1.6018806756643862e-28,2.0973377094377423e-31,3.332937324558795e-29,NaN,NaN,NaN,NaN,NaN,NaN
2025-06-11T21:00:32Z,39.98782970544271,-75.17032230916429,20.011205841518635,3.501914911276169,-1.5503396064303216,-0.007607247001496321,1.1912677437540207,0.04989414768994369,-2.866829647903775,0.0,0.0,0.0,0.0,0.0,0.0,3.8654184355829265e-29,4.437342591868117e-29,1.1391151471391197e-25,3.0814879110195774e-27,7.218570320837895e-28,1.9500793003304953e-32,4.735137583589117e-28,2.773339119917668e-32,8.852991508842782e-28,NaN,NaN,NaN,NaN,NaN,NaN
2025-06-11T21:00:33Z,39.98782970544271,-75.17032230916429,20.011205841518635,3.5070507708128162,-1.5574101381465328,-0.007534895498562247,1.1905794786661128,0.04929031079121263,-2.8669578454523252,0.0,0.0,0.0,0.0,0.0,0.0,3.8654184355829265e-29,4.437342591868117e-29,1.1391151471391197e-25,3.646509534384089e-28,7.499108980257115e-29,3.06975177542092e-32,2.415886522239329e-30,8.493351054747524e-32,4.356484349083046e-28,NaN,NaN,NaN,NaN,NaN,NaN
2025-06-11T21:00:34Z,39.98782970544271,-75.17032230916429,20.011205841518635,3.513532966687136,-1.5653722634336065,-0.0074593539352858255,1.190346006251007,0.049186782033148344,-2.867100300439981,0.0,0.0,0.0,0.0,0.0,0.0,3.8654184355829265e-29,4.437342591868117e-29,1.1391151471391197e-25,5.23981134770421e-27,5.230640839681175e-28,3.910841493321255e-32,1.0891210872707614e-28,7.403274706224618e-31,1.597443333072578e-27,NaN,NaN,NaN,NaN,NaN,NaN
2025-06-11T21:00:35Z,39.98782970544271,-75.17032230916429,20.011205841518635,3.521732264749419,-1.574581546313737,-0.0073788203398155415,1.1900817911963768,0.04905448134537819,-2.867278432541633,0.0,0.0,0.0,0.0,0.0,0.0,3.8654184355829265e-29,4.437342591868117e-29,1.1391151471391197e-25,4.089454932665813e-27,1.384943926728658e-28,2.5194323401400477e-32,1.232595164407831e-28,6.148049864970213e-31,1.1391151471391224e-27,NaN,NaN,NaN,NaN,NaN,NaN
2025-06-11T21:00:36Z,39.98782970544271,-75.17032230916429,20.011205841518635,3.5265201252977407,-1.580310324519569,-0.007317320785476857,1.189620879885833,0.04865455820071918,-2.8673923089767435,0.0,0.0,0.0,0.0,0.0,0.0,3.8654184355829265e-29,4.437342591868117e-29,1.1391151471391197e-25,4.738095811983759e-27,1.230820227371081e-27,2.5194323401400477e-32,1.972152263052531e-31,1.1717357781651741e-30,2.653728085163504e-27,NaN,NaN,NaN,NaN,NaN,NaN
2025-06-11T21:00:37Z,39.98782970544271,-75.17032230916429,20.011205841518635,3.5297262599511807,-1.5842184774022,-0.00726630594665814,1.1893473618394694,0.04843921598775452,-2.867468434341122,0.0,0.0,0.0,0.0,0.0,0.0,3.8654184355829265e-29,4.437342591868117e-29,1.1391151471391197e-25,2.4158865222393455e-28,2.1742978700153661e-29,1.8308371533830846e-32,6.749691120297253e-29,1.6760405341030345e-31,1.894055033435647e-27,NaN,NaN,NaN,NaN,NaN,NaN
2025-06-11T21:00:38Z,39.98782970544271,-75.17032230916429,20.011205841518635,3.5315597311048754,-1.586033748985468,-0.007228044290901472,1.1891368364123067,0.04828020958433546,-2.8675144047386527,0.0,0.0,0.0,0.0,0.0,0.0,3.8654184355829265e-29,4.437342591868117e-29,1.1391151471391197e-25,8.614558300239647e-27,2.0194839173657916e-28,1.2714146898493708e-32,4.437342591868117e-29,3.510007323645783e-32,1.9721522630525018e-29,NaN,NaN,NaN,NaN,NaN,NaN
2025-06-11T21:00:39Z,39.98782970544271,-75.17032230916429,20.011205841518635,3.5357898467037834,-1.5906757894904164,-0.007174570856491819,1.1891418031940482,0.048327398349685226,-2.8676036230090856,0.0,0.0,0.0,0.0,0.0,0.0,3.8654184355829265e-29,4.437342591868117e-29,1.1391151471391197e-25,2.887428128335158e-27,8.852991508842782e-28,5.5641319799561904e-33,3.155443620884049e-30,4.911602840673472e-31,1.2621774483536197e-29,NaN,NaN,NaN,NaN,NaN,NaN
2025-06-11T21:00:40Z,39.98782970544271,-75.17032230916429,20.011205841518635,3.5372589269825445,-1.59218564924385,-0.007138429337988009,1.1888666027380035,0.04807890589876753,-2.867643934851838,0.0,0.0,0.0,0.0,0.0,0.0,3.8654184355829265e-29,4.437342591868117e-29,1.1391151471391197e-25,2.608171367887016e-27,5.230640839681175e-28,1.6618668934185203e-33,5.435744675038434e-28,1.972152263052531e-31,0.0,NaN,NaN,NaN,NaN,NaN,NaN
2025-06-11T21:00:41Z,39.98782970544271,-75.17032230916429,20.011205841518635,3.542244201303107,-1.5975215397614517,-0.007082283950603749,1.1889144914345497,0.04818382382212245,-2.86774724635596,0.0,0.0,0.0,0.0,0.0,0.0,3.8654184355829265e-29,4.437342591868117e-29,1.1391151471391197e-25,5.965760595734009e-28,1.4914401489335023e-28,4.333342374871356e-34,1.65858005322719e-28,1.3589361687596038e-30,1.65858005322719e-28,NaN,NaN,NaN,NaN,NaN,NaN
2025-06-11T21:00:42Z,39.98782970544271,-75.17032230916429,20.011205841518635,3.5493973534540646,-1.6052347652560368,-0.007013987127733938,1.188771847802085,0.04811949625663923,-2.8679000229691782,0.0,0.0,0.0,0.0,0.0,0.0,3.8654184355829265e-29,4.437342591868117e-29,1.1391151471391197e-25,1.5621418075639276e-27,6.749198082231616e-28,1.715356588358314e-32,7.119469669619515e-29,6.952607099237808e-32,3.8103953874437765e-27,NaN,NaN,NaN,NaN,NaN,NaN
2025-06-11T21:00:43Z,39.98782970544271,-75.17032230916429,20.011205841518635,3.5528783280013165,-1.6093569373181218,-0.006964374986346594,1.1883616761136038,0.047741602937579355,-2.8679851634974747,0.0,0.0,0.0,0.0,0.0,0.0,3.8654184355829265e-29,4.437342591868117e-29,1.1391151471391197e-25,7.422392257224371e-27,2.083085827849209e-28,1.8063116392475575e-33,1.2325951644078136e-30,1.2019728782920713e-30,1.2621774483536011e-27,NaN,NaN,NaN,NaN,NaN,NaN
2025-06-11T21:00:44Z,39.98782970544271,-75.17032230916429,20.011205841518635,3.5562994039363294,-1.6142280283707913,-0.0069097389974362294,1.1882211503282216,0.047636422228809434,-2.868061983349473,0.0,0.0,0.0,0.0,0.0,0.0,3.8654184355829265e-29,4.437342591868117e-29,1.1391151471391197e-25,1.8555980643060927e-27,7.703719777548943e-28,3.792426894396966e-33,1.282392009049941e-28,1.9259299443872088e-32,3.8103953874437765e-27,NaN,NaN,NaN,NaN,NaN,NaN
2025-06-11T21:00:45Z,39.98782970544271,-75.17032230916429,20.011205841518635,3.5564489192863027,-1.615385817984646,-0.006875189329462878,1.1879338813824782,0.047393703498615124,-2.8680757077070873,0.0,0.0,0.0,0.0,0.0,0.0,3.8654184355829265e-29,4.437342591868117e-29,1.1391151471391197e-25,1.5461673742331706e-28,1.282392009049941e-28,2.5194323401400477e-32,3.478876592024586e-28,3.004932195730178e-31,1.5461673742331706e-28,NaN,NaN,NaN,NaN,NaN,NaN
2025-06-11T21:00:46Z,39.98782970544271,-75.17032230916429,20.011205841518635,3.556635215578029,-1.6193204370644112,-0.0068215150624908565,1.187969470450504,0.0474109157011238,-2.868082706321218,0.0,0.0,0.0,0.0,0.0,0.0,3.8654184355829265e-29,4.437342591868117e-29,1.1391151471391197e-25,1.4376989997653126e-28,4.08284822258448e-28,7.52316384526264e-33,8.697191480061465e-29,1.1560394491184368e-31,3.155443620884049e-30,NaN,NaN,NaN,NaN,NaN,NaN
2025-06-11T21:00:47Z,39.98782970544271,-75.17032230916429,20.011205841518635,3.558144153091192,-1.6228665527071573,-0.006773557933444949,1.187851811308408,0.04746065657063211,-2.8681195259549055,0.0,0.0,0.0,0.0,0.0,0.0,3.8654184355829265e-29,4.437342591868117e-29,1.1391151471391197e-25,7.888609052210007e-29,8.697191480061465e-29,1.0863448592559074e-33,4.173074188619129e-28,4.627046691390386e-32,2.999643592102846e-28,NaN,NaN,NaN,NaN,NaN,NaN
2025-06-11T21:00:48Z,39.98782970544271,-75.17032230916429,20.011205841518635,3.5613353160420704,-1.6290528083349827,-0.00671088891258155,1.1878078748965846,0.04749459353030395,-2.8681893162450995,0.0,0.0,0.0,0.0,0.0,0.0,3.8654184355829265e-29,4.437342591868117e-29,1.1391151471391197e-25,3.384410498624457e-27,4.930380657631324e-28,1.807440113824371e-32,2.415886522239329e-30,1.0263280673639562e-30,1.5461673742331706e-28,NaN,NaN,NaN,NaN,NaN,NaN
2025-06-11T21:00:49Z,39.98782970544271,-75.17032230916429,20.011205841518635,3.5655441068409255,-1.6363680034876527,-0.006642854140487542,1.1876297941556715,0.04744361507001865,-2.868283318513373,0.0,0.0,0.0,0.0,0.0,0.0,3.8654184355829265e-29,4.437342591868117e-29,1.1391151471391197e-25,5.434462776067608e-27,1.384943926728658e-28,1.738151774809452e-32,1.4376989997653126e-28,4.930380657631327e-32,2.3863042382936038e-27,NaN,NaN,NaN,NaN,NaN,NaN
2025-06-11T21:00:50Z,39.98782970544271,-75.17032230916429,20.011205841518635,3.5715123174572363,-1.6449817543919665,-0.006569781499594692,1.1874153175659616,0.04738776433414012,-2.8684138509769115,0.0,0.0,0.0,0.0,0.0,0.0,3.8654184355829265e-29,4.437342591868117e-29,1.1391151471391197e-25,4.032854162716166e-27,1.0223637331664532e-27,7.827099664611456e-33,2.847787867847806e-28,2.2923381163069246e-31,3.478876592024586e-28,NaN,NaN,NaN,NaN,NaN,NaN
2025-06-11T21:00:51Z,39.98782970544271,-75.17032230916429,20.011205841518635,3.576524006778979,-1.6516782597377733,-0.00650859824284623,1.1870501834548488,0.047158365861438636,-2.8685285377584737,0.0,0.0,0.0,0.0,0.0,0.0,3.8654184355829265e-29,4.437342591868117e-29,1.1391151471391197e-25,7.270142102516971e-27,1.4376989997653126e-28,1.2714146898493708e-32,1.4248800100554203e-29,3.510007323645783e-32,4.032854162716166e-27,NaN,NaN,NaN,NaN,NaN,NaN
2025-06-11T21:00:52Z,39.98782970544271,-75.17032230916429,20.011205841518635,3.584693573557727,-1.6629941593683735,-0.006422302932278018,1.1869335186163354,0.047143019369646565,-2.868701536527081,0.0,0.0,0.0,0.0,0.0,0.0,3.8654184355829265e-29,4.437342591868117e-29,1.1391151471391197e-25,1.65858005322719e-28,4.930380657631324e-28,1.1014664185848838e-32,1.8345946427046171e-28,1.1418838640272053e-30,7.119469669619515e-29,NaN,NaN,NaN,NaN,NaN,NaN
2025-06-11T21:00:53Z,39.98782970544271,-75.17032230916429,20.011205841518635,3.5956883571380716,-1.6789121494254562,-0.006310658545596555,1.1866509537799927,0.047016282234489705,-2.868936927267194,0.0,0.0,0.0,0.0,0.0,0.0,3.8654184355829265e-29,4.437342591868117e-29,1.1391151471391197e-25,6.389773332290312e-27,7.827472332055576e-28,3.686350284178689e-33,1.4914401489335023e-28,8.493351054747524e-32,3.155443620884003e-28,NaN,NaN,NaN,NaN,NaN,NaN
2025-06-11T21:00:54Z,39.98782970544271,-75.17032230916429,20.011205841518635,3.598397437218782,-1.6832760487085034,-0.006262593135612613,1.185749408699994,0.04630999782416952,-2.869018331126522,0.0,0.0,0.0,0.0,0.0,0.0,3.8654184355829265e-29,4.437342591868117e-29,1.1391151471391197e-25,6.2485672302557106e-27,1.7241048121671023e-27,1.956774916152864e-33,1.282392009049941e-28,8.38935083775097e-31,4.9303806576312544e-30,NaN,NaN,NaN,NaN,NaN,NaN
2025-06-11T21:00:55Z,39.98782970544271,-75.17032230916429,20.011205841518635,3.6006901405998266,-1.68781877473534,-0.006212881929176557,1.1855971864891581,0.04621458067374102,-2.8690719704854635,0.0,0.0,0.0,0.0,0.0,0.0,3.8654184355829265e-29,4.437342591868117e-29,1.1391151471391197e-25,6.389773332290332e-29,5.048709793414479e-29,1.0475253338143965e-32,1.8345946427046171e-28,1.2037062152420055e-33,1.65858005322719e-28,NaN,NaN,NaN,NaN,NaN,NaN
2025-06-11T21:00:56Z,39.98782970544271,-75.17032230916429,20.011205841518635,3.6014748300074944,-1.6884378451593895,-0.006187163315069092,1.1853348010696778,0.04607126371868274,-2.8690966931512834,0.0,0.0,0.0,0.0,0.0,0.0,3.8654184355829265e-29,4.437342591868117e-29,1.1391151471391197e-25,7.580953299174009e-28,7.338378570818469e-28,6.367605878630263e-33,7.499108980257115e-29,1.7333369499484831e-31,1.2621774483536011e-27,NaN,NaN,NaN,NaN,NaN,NaN
2025-06-11T21:00:57Z,39.98782970544271,-75.17032230916429,20.011205841518635,3.602651890742601,-1.6889192709647523,-0.006163301021388318,1.1853020906846625,0.04606217337315054,-2.869123483083286,0.0,0.0,0.0,0.0,0.0,0.0,3.8654184355829265e-29,4.437342591868117e-29,1.1391151471391197e-25,5.539775706914632e-28,1.2152895282995585e-27,9.103028252767959e-33,2.9232226919096455e-28,1.4040029294583131e-31,4.799429747364553e-27,NaN,NaN,NaN,NaN,NaN,NaN
2025-06-11T21:00:58Z,39.98782970544271,-75.17032230916429,20.011205841518635,3.605301994014963,-1.6913418473387059,-0.00612938027389627,1.1853259203296242,0.04609014770281375,-2.8691789976657147,0.0,0.0,0.0,0.0,0.0,0.0,3.8654184355829265e-29,4.437342591868117e-29,1.1391151471391197e-25,1.633139289033792e-27,7.338378570818469e-28,2.1132567241343047e-33,4.735137583589117e-28,2.854709660068013e-31,1.597443333072578e-27,NaN,NaN,NaN,NaN,NaN,NaN
2025-06-11T21:00:59Z,39.98782970544271,-75.17032230916429,20.011205841518635,3.6064707679344132,-1.6917611473237215,-0.006106303893957386,1.1851659282982263,0.045942649296052386,-2.8692089234514766,0.0,0.0,0.0,0.0,0.0,0.0,3.8654184355829265e-29,4.437342591868117e-29,1.1391151471391197e-25,3.818086781269639e-28,1.6018806756643862e-28,3.979753674143914e-34,5.965760595734009e-28,4.254379247151412e-31,3.920835914174738e-27,NaN,NaN,NaN,NaN,NaN,NaN
2025-06-11T21:01:00Z,39.98782970544271,-75.17032230916429,20.011205841518635,3.6087628921340893,-1.6932759801897075,-0.006078207722661573,1.1851683217562965,0.04595340479139635,-2.8692574623833917,0.0,0.0,0.0,0.0,0.0,0.0,3.8654184355829265e-29,4.437342591868117e-29,1.1391151471391197e-25,2.2159102827658527e-27,7.119469669619515e-29,4.935947798876759e-33,4.638995160765232e-28,3.7286003723336317e-31,2.653728085163504e-27,NaN,NaN,NaN,NaN,NaN,NaN
2025-06-11T21:01:01Z,39.98782970544271,-75.17032230916429,20.011205841518635,3.612260804999737,-1.6975729637072048,-0.006034123617695964,1.1851712435738506,0.04594024032566978,-2.8693311136690633,0.0,0.0,0.0,0.0,0.0,0.0,3.8654184355829265e-29,4.437342591868117e-29,1.1391151471391197e-25,5.434462776067608e-27,6.389773332290332e-29,4.935947798876759e-33,2.147673814464248e-28,7.284348532158781e-31,8.590695257856993e-28,NaN,NaN,NaN,NaN,NaN,NaN
2025-06-11T21:01:02Z,39.98782970544271,-75.17032230916429,20.011205841518635,3.6186053113357146,-1.7059122769914117,-0.005968946944483203,1.1851227379166918,0.04595711307639528,-2.8694641497467717,0.0,0.0,0.0,0.0,0.0,0.0,3.8654184355829265e-29,4.437342591868117e-29,1.1391151471391197e-25,1.358615694016902e-27,7.459172896930592e-28,2.7993692668222308e-33,3.155443620884003e-28,7.52316384526264e-31,8.077935669463166e-28,NaN,NaN,NaN,NaN,NaN,NaN
2025-06-11T21:01:03Z,39.98782970544271,-75.17032230916429,20.011205841518635,3.6194072225824527,-1.7071231157377789,-0.0059408987798670165,1.184609810296907,0.04551860145410268,-2.8694958389192746,0.0,0.0,0.0,0.0,0.0,0.0,3.8654184355829265e-29,4.437342591868117e-29,1.1391151471391197e-25,9.663546088957382e-28,1.4376989997653126e-28,2.708338984294505e-33,2.6081713678869557e-29,3.081487911019534e-31,6.865062027686029e-28,NaN,NaN,NaN,NaN,NaN,NaN
2025-06-11T21:01:04Z,39.98782970544271,-75.17032230916429,20.011205841518635,3.620229819979792,-1.708346249841282,-0.0059130100195136015,1.1845640221609168,0.0454970846925229,-2.8695159375651254,0.0,0.0,0.0,0.0,0.0,0.0,3.8654184355829265e-29,4.437342591868117e-29,1.1391151471391197e-25,8.450475231953761e-27,2.847787867847806e-28,2.9859437301847747e-33,1.2621774483536197e-29,5.6160117178332524e-31,3.332937324558795e-29,NaN,NaN,NaN,NaN,NaN,NaN
2025-06-11T21:01:05Z,39.98782970544271,-75.17032230916429,20.011205841518635,3.627284531938249,-1.717774917251665,-0.005843156469149419,1.1847523140192444,0.045745067189252045,-2.8696572720166706,0.0,0.0,0.0,0.0,0.0,0.0,3.8654184355829265e-29,4.437342591868117e-29,1.1391151471391197e-25,5.699520040221906e-27,3.3151879541913532e-28,5.3083444092172025e-33,4.146450133067975e-29,4.4373425918682685e-31,2.9353514283273874e-27,NaN,NaN,NaN,NaN,NaN,NaN
2025-06-11T21:01:06Z,39.98782970544271,-75.17032230916429,20.011205841518635,3.6293164592375797,-1.7199607326255302,-0.005811760997660661,1.1842001991222608,0.04530217034829518,-2.86971465769171,0.0,0.0,0.0,0.0,0.0,0.0,3.8654184355829265e-29,4.437342591868117e-29,1.1391151471391197e-25,9.389416924393163e-28,3.646509534384089e-28,5.95909808183261e-33,2.4158865222393455e-28,3.561044467171962e-31,1.1093356479670479e-27,NaN,NaN,NaN,NaN,NaN,NaN
2025-06-11T21:01:07Z,39.98782970544271,-75.17032230916429,20.011205841518635,3.6331841032036607,-1.723849225762285,-0.005772889929378475,1.1841627983548517,0.04531546170224986,-2.8697961824201488,0.0,0.0,0.0,0.0,0.0,0.0,3.8654184355829265e-29,4.437342591868117e-29,1.1391151471391197e-25,9.663546088957382e-28,3.646509534384089e-28,2.7083389842945975e-35,4.356484349083046e-28,2.1613748800885697e-31,7.827472332055576e-28,NaN,NaN,NaN,NaN,NaN,NaN
2025-06-11T21:01:08Z,39.98782970544271,-75.17032230916429,20.011205841518635,3.634770028820084,-1.725774801928148,-0.005742839057999439,1.183946804455642,0.045099958040041126,-2.8698361130236774,0.0,0.0,0.0,0.0,0.0,0.0,3.8654184355829265e-29,4.437342591868117e-29,1.1391151471391197e-25,1.7798674174048745e-27,3.155443620884049e-30,3.178536724623427e-33,2.147673814464248e-28,1.018816940580842e-31,4.319802316990242e-27,NaN,NaN,NaN,NaN,NaN,NaN
2025-06-11T21:01:09Z,39.98782970544271,-75.17032230916429,20.011205841518635,3.6359626817400352,-1.7290229443419003,-0.005703773672823047,1.1839047714736746,0.04504519579201492,-2.8698641123704043,0.0,0.0,0.0,0.0,0.0,0.0,3.8654184355829265e-29,4.437342591868117e-29,1.1391151471391197e-25,8.450475231953761e-27,2.2798080160886725e-28,8.613270286441217e-33,1.4376989997653126e-28,2.427153212414058e-31,2.3863042382936038e-27,NaN,NaN,NaN,NaN,NaN,NaN
2025-06-11T21:01:10Z,39.98782970544271,-75.17032230916429,20.011205841518635,3.633684140365936,-1.7297201418535235,-0.005675097786528775,1.1837212809646611,0.04487300274380828,-2.869825336285395,0.0,0.0,0.0,0.0,0.0,0.0,3.8654184355829265e-29,4.437342591868117e-29,1.1391151471391197e-25,2.2579171259688464e-27,3.478876592024586e-28,3.009265538105058e-36,3.234822749471873e-28,1.972152263052531e-31,2.3863042382936038e-27,NaN,NaN,NaN,NaN,NaN,NaN
2025-06-11T21:01:11Z,39.98782970544271,-75.17032230916429,20.011205841518635,3.6303609199613947,-1.7283100439034067,-0.0056582214782647175,1.1836705415955175,0.04490453811679893,-2.8697613757624376,0.0,0.0,0.0,0.0,0.0,0.0,3.8654184355829265e-29,4.437342591868117e-29,1.1391151471391197e-25,7.888609052210118e-27,7.459172896930592e-28,1.5234406786657123e-33,6.039716305598364e-29,7.888609052210123e-31,1.7425937396332183e-27,NaN,NaN,NaN,NaN,NaN,NaN
2025-06-11T21:01:12Z,39.98782970544271,-75.17032230916429,20.011205841518635,3.623503857990272,-1.7252509307123944,-0.005645648035340041,1.1836930669759613,0.04488066229489421,-2.869624649563679,0.0,0.0,0.0,0.0,0.0,0.0,3.8654184355829265e-29,4.437342591868117e-29,1.1391151471391197e-25,7.044725098849997e-27,7.703719777548943e-28,1.0298458987780176e-32,1.7749370367472467e-28,9.302723113876407e-31,4.861158113198234e-27,NaN,NaN,NaN,NaN,NaN,NaN
2025-06-11T21:01:13Z,39.98782970544271,-75.17032230916429,20.011205841518635,3.616989766349503,-1.7227362684961594,-0.005630316847749836,1.1838755971181538,0.04512631266520071,-2.8694904870549722,0.0,0.0,0.0,0.0,0.0,0.0,3.8654184355829265e-29,4.437342591868117e-29,1.1391151471391197e-25,3.488540138113637e-27,4.832266082544487e-28,4.119684521665804e-33,1.2325951644078136e-30,1.8508186765561545e-31,1.6692296754476517e-27,NaN,NaN,NaN,NaN,NaN,NaN
2025-06-11T21:01:14Z,39.98782970544271,-75.17032230916429,20.011205841518635,3.6131906290637033,-1.7216725145488032,-0.005610735207344002,1.184070845993169,0.04545197580433462,-2.869410557197901,0.0,0.0,0.0,0.0,0.0,0.0,3.8654184355829265e-29,4.437342591868117e-29,1.1391151471391197e-25,6.460968028986285e-27,2.9232226919096455e-28,1.1014664185848838e-32,7.703719777548943e-28,3.9000081373842235e-31,1.4248800100554764e-27,NaN,NaN,NaN,NaN,NaN,NaN
2025-06-11T21:01:15Z,39.98782970544271,-75.17032230916429,20.011205841518635,3.612240402161262,-1.7230642432545715,-0.0055808503255387375,1.1842188857223113,0.04569836479540818,-2.8693897138503814,0.0,0.0,0.0,0.0,0.0,0.0,3.8654184355829265e-29,4.437342591868117e-29,1.1391151471391197e-25,2.1742978700153736e-27,1.2939290997887492e-27,3.0092655381050137e-34,8.332343311396837e-28,2.5658201684098906e-31,3.0323813196696035e-27,NaN,NaN,NaN,NaN,NaN,NaN
2025-06-11T21:01:16Z,39.98782970544271,-75.17032230916429,20.011205841518635,3.612464047332089,-1.7240678224419952,-0.005555681617719078,1.1841848831837443,0.04577566040220319,-2.8693969405280138,0.0,0.0,0.0,0.0,0.0,0.0,3.8654184355829265e-29,4.437342591868117e-29,1.1391151471391197e-25,2.09225633587247e-27,4.930380657631324e-28,1.6618668934185203e-33,3.646509534384089e-28,4.164342022251345e-31,9.545216953174097e-29,NaN,NaN,NaN,NaN,NaN,NaN
2025-06-11T21:01:17Z,39.98782970544271,-75.17032230916429,20.011205841518635,3.612832574824558,-1.725153203971276,-0.005530428499239757,1.184154768249996,0.045777949563054615,-2.869407224366209,0.0,0.0,0.0,0.0,0.0,0.0,3.8654184355829265e-29,4.437342591868117e-29,1.1391151471391197e-25,2.983669158772237e-27,4.08284822258448e-28,1.3710966107991224e-32,5.36918453616062e-29,8.775018309114384e-31,8.332343311396837e-28,NaN,NaN,NaN,NaN,NaN,NaN
2025-06-11T21:01:18Z,39.98782970544271,-75.17032230916429,20.011205841518635,3.6131287211120564,-1.726086987303461,-0.005506167677315422,1.1841138123528556,0.04576627652312603,-2.8694162881759406,0.0,0.0,0.0,0.0,0.0,0.0,3.8654184355829265e-29,4.437342591868117e-29,1.1391151471391197e-25,1.894055033435647e-27,1.1541528081449031e-27,1.1197477067288923e-32,2.4158865222393455e-28,3.316932846720952e-31,9.663546088957316e-30,NaN,NaN,NaN,NaN,NaN,NaN
2025-06-11T21:01:19Z,39.98782970544271,-75.17032230916429,20.011205841518635,3.6134014063460587,-1.7267585982703775,-0.00548366208111851,1.1840751472564022,0.04575793834845508,-2.8694247263545782,0.0,0.0,0.0,0.0,0.0,0.0,3.8654184355829265e-29,4.437342591868117e-29,1.1391151471391197e-25,4.5564605885564896e-27,5.332699719294072e-28,1.88079096131566e-33,2.839899258795692e-29,5.108047695001148e-31,3.332937324558735e-27,NaN,NaN,NaN,NaN,NaN,NaN
2025-06-11T21:01:20Z,39.98782970544271,-75.17032230916429,20.011205841518635,3.613972550528298,-1.7285239471291751,-0.00545505014555085,1.1840801663024296,0.04576918541618536,-2.86943838321907,0.0,0.0,0.0,0.0,0.0,0.0,3.8654184355829265e-29,4.437342591868117e-29,1.1391151471391197e-25,2.792764819708697e-27,7.95221096269374e-28,1.0863448592559074e-33,7.499108980257115e-29,1.8508186765561545e-31,1.597443333072583e-29,NaN,NaN,NaN,NaN,NaN,NaN
2025-06-11T21:01:21Z,39.98782970544271,-75.17032230916429,20.011205841518635,3.614639564162278,-1.7299895307936057,-0.005428650212183605,1.1840152846444414,0.0457569129533324,-2.869455529309067,0.0,0.0,0.0,0.0,0.0,0.0,3.8654184355829265e-29,4.437342591868117e-29,1.1391151471391197e-25,2.653728085163504e-27,5.857785259331728e-28,1.8807909613156336e-35,6.039716305598364e-29,2.5658201684098906e-31,2.839899258795692e-29,NaN,NaN,NaN,NaN,NaN,NaN
2025-06-11T21:01:22Z,39.98782970544271,-75.17032230916429,20.011205841518635,3.61555307126249,-1.732102030920616,-0.00539887238597185,1.1839823046282618,0.04575163695245918,-2.869477027973164,0.0,0.0,0.0,0.0,0.0,0.0,3.8654184355829265e-29,4.437342591868117e-29,1.1391151471391197e-25,9.663546088957316e-30,6.52042841971754e-28,6.229931980261963e-33,5.857785259331728e-28,4.3453794370236194e-31,1.597443333072578e-27,NaN,NaN,NaN,NaN,NaN,NaN
2025-06-11T21:01:23Z,39.98782970544271,-75.17032230916429,20.011205841518635,3.61684488354411,-1.7346525067976222,-0.005367259786634096,1.1839239535899968,0.04574260401703736,-2.8695068020073564,0.0,0.0,0.0,0.0,0.0,0.0,3.8654184355829265e-29,4.437342591868117e-29,1.1391151471391197e-25,6.460968028986285e-27,7.95221096269374e-28,1.6618668934185203e-33,4.449668543512186e-28,4.930380657631327e-32,1.2621774483536011e-27,NaN,NaN,NaN,NaN,NaN,NaN
2025-06-11T21:01:24Z,39.98782970544271,-75.17032230916429,20.011205841518635,3.6180214770270442,-1.7370712190415896,-0.005336467372572505,1.1838325828579468,0.045700385230426604,-2.8695350656633716,0.0,0.0,0.0,0.0,0.0,0.0,3.8654184355829265e-29,4.437342591868117e-29,1.1391151471391197e-25,8.697191480061494e-27,1.5272347125078555e-27,4.814824860968022e-33,6.749198082231616e-28,4.333342374871208e-32,9.389416924393163e-28,NaN,NaN,NaN,NaN,NaN,NaN
2025-06-11T21:01:25Z,39.98782970544271,-75.17032230916429,20.011205841518635,3.6192317174413655,-1.738561731306091,-0.005311595302048767,1.1837260429073566,0.04566274028683147,-2.8695640561645765,0.0,0.0,0.0,0.0,0.0,0.0,3.8654184355829265e-29,4.437342591868117e-29,1.1391151471391197e-25,6.184669496932682e-28,1.597443333072578e-27,2.4375050858651475e-34,9.663546088957316e-30,2.781042839695123e-31,2.6998764481189012e-28,NaN,NaN,NaN,NaN,NaN,NaN
2025-06-11T21:01:26Z,39.98782970544271,-75.17032230916429,20.011205841518635,3.621018777298286,-1.7413926156328232,-0.005279731568592253,1.1837046101686122,0.04565481966019993,-2.8696029193615606,0.0,0.0,0.0,0.0,0.0,0.0,3.8654184355829265e-29,4.437342591868117e-29,1.1391151471391197e-25,3.384410498624457e-27,1.633139289033792e-27,2.6188133345359914e-33,5.129568036199764e-28,8.902611167929905e-32,4.735137583589117e-28,NaN,NaN,NaN,NaN,NaN,NaN
2025-06-11T21:01:27Z,39.98782970544271,-75.17032230916429,20.011205841518635,3.623239506874388,-1.7471935883113234,-0.005230836752294292,1.1836819536370682,0.045633424851613244,-2.8696513248108393,0.0,0.0,0.0,0.0,0.0,0.0,3.8654184355829265e-29,4.437342591868117e-29,1.1391151471391197e-25,3.5942474994132515e-27,4.7380958119837554e-29,4.814824860968022e-33,2.2798080160886725e-28,3.159006591281126e-31,7.099748146988987e-28,NaN,NaN,NaN,NaN,NaN,NaN
2025-06-11T21:01:28Z,39.98782970544271,-75.17032230916429,20.011205841518635,3.625051194860782,-1.751876817829733,-0.0051883170716484316,1.1834656228028226,0.04554856612571976,-2.8696958041596328,0.0,0.0,0.0,0.0,0.0,0.0,3.8654184355829265e-29,4.437342591868117e-29,1.1391151471391197e-25,5.539775706914632e-28,5.048709793414479e-29,2.174194351280854e-34,4.146450133067975e-29,6.478828332918711e-31,3.332937324558795e-29,NaN,NaN,NaN,NaN,NaN,NaN
2025-06-11T21:01:29Z,39.98782970544271,-75.17032230916429,20.011205841518635,3.625785135469165,-1.757601106814317,-0.005137997802067146,1.1833382088522664,0.04546373086745985,-2.8697168956071852,0.0,0.0,0.0,0.0,0.0,0.0,3.8654184355829265e-29,4.437342591868117e-29,1.1391151471391197e-25,4.173074188619129e-28,1.4081660196261082e-27,4.814824860968022e-33,1.9721522630525018e-29,5.40993721378382e-31,1.8175355256292428e-27,NaN,NaN,NaN,NaN,NaN,NaN
2025-06-11T21:01:30Z,39.98782970544271,-75.17032230916429,20.011205841518635,3.6281122818490013,-1.7621739102717802,-0.005097592998492774,1.1831492564813075,0.045501201381542164,-2.8697705962624034,0.0,0.0,0.0,0.0,0.0,0.0,3.8654184355829265e-29,4.437342591868117e-29,1.1391151471391197e-25,3.1309889328222303e-27,1.7798674174048787e-29,6.367605878630263e-33,7.338378570818469e-28,8.262720943907365e-31,3.541196603537113e-27,NaN,NaN,NaN,NaN,NaN,NaN
2025-06-11T21:01:31Z,39.98782970544271,-75.17032230916429,20.011205841518635,3.6346318601684477,-1.7711788218808129,-0.005038007194113967,1.1831241720392562,0.04560813403636034,-2.869905516425707,0.0,0.0,0.0,0.0,0.0,0.0,3.8654184355829265e-29,4.437342591868117e-29,1.1391151471391197e-25,4.496704374986019e-27,6.295603061729498e-28,1.5919014696575657e-33,1.333174929823518e-28,1.2949952946059974e-30,1.1998574368411383e-27,NaN,NaN,NaN,NaN,NaN,NaN
2025-06-11T21:01:32Z,39.98782970544271,-75.17032230916429,20.011205841518635,3.642320651488059,-1.7820390843070735,-0.0049697178228745595,1.1828497194646563,0.04545611318471042,-2.870070756562863,0.0,0.0,0.0,0.0,0.0,0.0,3.8654184355829265e-29,4.437342591868117e-29,1.1391151471391197e-25,3.976647823219193e-27,4.146450133067975e-29,3.6863502841786637e-35,4.437342591868117e-29,3.2374882365149934e-31,2.147673814464248e-28,NaN,NaN,NaN,NaN,NaN,NaN
2025-06-11T21:01:33Z,39.98782970544271,-75.17032230916429,20.011205841518635,3.64892325249112,-1.7910592042265552,-0.00491098533399296,1.1824072403622656,0.045164962576750074,-2.8702178708951003,0.0,0.0,0.0,0.0,0.0,0.0,3.8654184355829265e-29,4.437342591868117e-29,1.1391151471391197e-25,8.450475231953761e-27,2.147673814464248e-28,8.192725427491181e-34,1.597443333072583e-29,4.530268711684797e-31,2.8398992587955948e-27,NaN,NaN,NaN,NaN,NaN,NaN
2025-06-11T21:01:34Z,39.98782970544271,-75.17032230916429,20.011205841518635,3.664494458406424,-1.8116507045005077,-0.004799075232496739,1.1824103296476047,0.045346436786083105,-2.8705360234037363,0.0,0.0,0.0,0.0,0.0,0.0,3.8654184355829265e-29,4.437342591868117e-29,1.1391151471391197e-25,1.932906433017795e-27,4.638995160765232e-28,4.814824860968022e-33,1.8345946427046171e-28,1.4564845204428734e-31,5.332699719294072e-28,NaN,NaN,NaN,NaN,NaN,NaN
2025-06-11T21:01:35Z,39.98782970544271,-75.17032230916429,20.011205841518635,3.6723415163569606,-1.820702986216075,-0.004743146508327716,1.1813329626300286,0.04450838999918195,-2.8707236766648134,0.0,0.0,0.0,0.0,0.0,0.0,3.8654184355829265e-29,4.437342591868117e-29,1.1391151471391197e-25,7.338378570818469e-28,7.703719777548943e-28,7.373452884741955e-33,2.083085827849209e-28,9.845835358193764e-31,2.0518272144799055e-27,NaN,NaN,NaN,NaN,NaN,NaN
2025-06-11T21:01:36Z,39.98782970544271,-75.17032230916429,20.011205841518635,3.676682510816651,-1.827000721702939,-0.004697983411627929,1.180904903491852,0.044116075596852454,-2.8708243081609615,0.0,0.0,0.0,0.0,0.0,0.0,3.8654184355829265e-29,4.437342591868117e-29,1.1391151471391197e-25,2.887428128335158e-27,5.644792814922116e-28,4.009094013140454e-33,6.52042841971754e-28,1.7915963307662277e-31,9.11923206435469e-28,NaN,NaN,NaN,NaN,NaN,NaN
2025-06-11T21:01:37Z,39.98782970544271,-75.17032230916429,20.011205841518635,3.6804965111985353,-1.8340592585388418,-0.004647786521404136,1.180696909886221,0.04396576490666819,-2.8709088791819597,0.0,0.0,0.0,0.0,0.0,0.0,3.8654184355829265e-29,4.437342591868117e-29,1.1391151471391197e-25,4.861158113198234e-27,7.827472332055576e-28,6.770847460736262e-34,2.083085827849209e-28,4.911602840673472e-31,7.888609052210123e-31,NaN,NaN,NaN,NaN,NaN,NaN
2025-06-11T21:01:38Z,39.98782970544271,-75.17032230916429,20.011205841518635,3.680024512069062,-1.8358533842068265,-0.004621628506051773,1.1803064198223576,0.043664655095339906,-2.870910755782794,0.0,0.0,0.0,0.0,0.0,0.0,3.8654184355829265e-29,4.437342591868117e-29,1.1391151471391197e-25,5.566202547239337e-27,2.2790684589900378e-27,1.2910501474855258e-32,3.3151879541913532e-28,1.564336597328502e-31,1.230820227371081e-27,NaN,NaN,NaN,NaN,NaN,NaN
2025-06-11T21:01:39Z,39.98782970544271,-75.17032230916429,20.011205841518635,3.677917427267543,-1.8365092262476106,-0.004599591644366334,1.180227380797611,0.04361985930670879,-2.870871999596237,0.0,0.0,0.0,0.0,0.0,0.0,3.8654184355829265e-29,4.437342591868117e-29,1.1391151471391197e-25,3.488540138113637e-27,5.332699719294072e-28,5.3083444092172025e-33,2.847787867847806e-28,2.496005207925911e-31,4.437342591868117e-29,NaN,NaN,NaN,NaN,NaN,NaN
2025-06-11T21:01:40Z,39.98782970544271,-75.17032230916429,20.011205841518635,3.6765980014070476,-1.837048035470402,-0.004579657709152702,1.1802345135811045,0.043722045205541814,-2.8708466689089205,0.0,0.0,0.0,0.0,0.0,0.0,3.8654184355829265e-29,4.437342591868117e-29,1.1391151471391197e-25,3.1309889328222303e-27,1.7749370367472467e-28,2.0342635037590302e-33,1.972152263052531e-31,4.814824860968093e-35,1.705714492314151e-27,NaN,NaN,NaN,NaN,NaN,NaN
2025-06-11T21:01:41Z,39.98782970544271,-75.17032230916429,20.011205841518635,3.675528886331168,-1.8370176482275862,-0.004563549468793256,1.1802210158031778,0.043775367478737746,-2.8708268144816005,0.0,0.0,0.0,0.0,0.0,0.0,3.8654184355829265e-29,4.437342591868117e-29,1.1391151471391197e-25,7.967692357958573e-27,7.099748146988987e-28,7.827099664611456e-33,1.1359597035182767e-28,6.240013019814778e-32,9.941619558047982e-28,NaN,NaN,NaN,NaN,NaN,NaN
2025-06-11T21:01:42Z,39.98782970544271,-75.17032230916429,20.011205841518635,3.6726062541710935,-1.8369205628367846,-0.004544926998690928,1.180225274180847,0.043746155886149087,-2.8707696433539347,0.0,0.0,0.0,0.0,0.0,0.0,3.8654184355829265e-29,4.437342591868117e-29,1.1391151471391197e-25,2.8398992587955948e-27,5.435744675038434e-28,4.009094013140454e-33,6.865062027686029e-28,7.166385323064911e-31,2.608171367887016e-27,NaN,NaN,NaN,NaN,NaN,NaN
2025-06-11T21:01:43Z,39.98782970544271,-75.17032230916429,20.011205841518635,3.6711002686780065,-1.8367771399017139,-0.00452897474579155,1.1802670055076576,0.043897923878974524,-2.8707394806487483,0.0,0.0,0.0,0.0,0.0,0.0,3.8654184355829265e-29,4.437342591868117e-29,1.1391151471391197e-25,1.972152263052531e-31,9.116273835960222e-29,1.083335593717839e-34,1.8345946427046171e-28,1.8508186765561545e-31,4.437342591868117e-29,NaN,NaN,NaN,NaN,NaN,NaN
2025-06-11T21:01:44Z,39.98782970544271,-75.17032230916429,20.011205841518635,3.667613418880667,-1.8348258997161129,-0.004520294642936262,1.1802343697907784,0.04386889622173813,-2.870671384737723,0.0,0.0,0.0,0.0,0.0,0.0,3.8654184355829265e-29,4.437342591868117e-29,1.1391151471391197e-25,7.119469669619515e-29,8.461026246561142e-28,4.70197740328915e-34,8.332343311396988e-30,1.3019286424057793e-31,1.705714492314151e-27,NaN,NaN,NaN,NaN,NaN,NaN
2025-06-11T21:01:45Z,39.98782970544271,-75.17032230916429,20.011205841518635,3.6662037383238384,-1.832933466416901,-0.004514664377468567,1.1803376357295543,0.044061423857004914,-2.870641275516686,0.0,0.0,0.0,0.0,0.0,0.0,3.8654184355829265e-29,4.437342591868117e-29,1.1391151471391197e-25,3.332937324558735e-27,1.1998574368411383e-27,7.229760455297478e-34,1.1359597035182767e-28,1.083335593717802e-32,2.9353514283273874e-27,NaN,NaN,NaN,NaN,NaN,NaN
2025-06-11T21:01:46Z,39.98788440706479,-75.17033625044051,20.07582200162148,8.342246415959552,-0.4580032864019836,0.16377585135393383,1.0532836259139704,0.35852052591029226,2.6213480686419026,0.0,0.0,0.0,0.0,0.0,0.0,2.4430152080525732e-14,2.468672416424408e-14,1.0084747998910557,1.3286577804852864e-7,1.767836136775744e-7,7.336724772127004e-9,1.1370547297701726e-10,1.003176043756067e-10,3.4452700007028046e-11,NaN,NaN,NaN,NaN,NaN,NaN
2025-06-11T21:01:47Z,39.987980231132056,-75.17035283959798,19.77326732175981,8.262060373205484,0.6992839984404725,0.2029225500833288,1.1647809097638684,0.18767822440404433,2.9103908709495943,0.0,0.0,0.0,0.0,0.0,0.0,2.711912513934223e-14,3.0099345526106935e-14,0.9737462576272572,0.005748482339477463,0.004423126899791996,0.000024397093281285552,7.404075740088064e-7,3.5860445364599513e-7,0.00020365129816260442,NaN,NaN,NaN,NaN,NaN,NaN
2025-06-11T21:01:48Z,39.987996951946045,-75.17037755062003,20.58672940232254,5.955631325032422,1.985440823120358,0.17055686282277388,1.1852511069254663,0.20448068918777138,3.117121635895606,0.0,0.0,0.0,0.0,0.0,0.0,1.8747772450642786e-29,2.2798080160886725e-28,1.2924697071141066e-26,3.976647823219193e-27,3.155443620884003e-28,6.478828332918711e-31,4.146450133067975e-29,1.664696806730574e-29,1.2939290997887492e-27,NaN,NaN,NaN,NaN,NaN,NaN
2025-06-11T21:01:49Z,39.98803967504071,-75.17034739731531,20.55851522581684,3.402302496087311,3.12337497601668,-0.3174907020675137,1.1804007209412755,0.2674005563999746,3.112214818071455,0.0,0.0,0.0,0.0,0.0,0.0,2.7532212924518257e-14,2.6050722543102924e-14,1.022831767391668,0.004909433189262309,0.0023320125889565945,0.00004186788338411264,3.240742376304355e-6,2.5637475782717994e-6,0.000030324298983523076,NaN,NaN,NaN,NaN,NaN,NaN
2025-06-11T21:01:50Z,39.988070002161805,-75.17035296787651,19.924418982679374,0.4701839939578664,2.0296711964670466,-0.5772169125031372,1.127805107696352,0.2840717956416171,-3.0810739691341644,0.0,0.0,0.0,0.0,0.0,0.0,2.6928379231442235e-14,2.7336160993466714e-14,0.9827913078735966,0.006543371462208911,0.010081496535630858,0.0001122261298911389,0.000010061190274390245,4.079721653016143e-6,0.000017879103581675246,NaN,NaN,NaN,NaN,NaN,NaN
2025-06-11T21:01:51Z,39.98809497560511,-75.17036886025153,18.664259270566422,-0.29832817565261155,0.6624065817294165,-0.5331531295921754,1.0904734486658696,0.2315574382524095,-3.007960321690357,0.0,0.0,0.0,0.0,0.0,0.0,2.6832088720315706e-14,2.761236040046998e-14,0.9355966929071122,0.009056649074553511,0.035575192608939495,0.00011624188160015846,0.000023075298270760865,4.499102713077149e-6,0.000044701431472701736,NaN,NaN,NaN,NaN,NaN,NaN
2025-06-11T21:01:52Z,39.98810727880986,-75.17040900051249,18.63813745449026,-0.5721016675785854,-0.686581011973131,-0.4172390887214679,1.0540821650805643,0.20803689398281952,-2.9608282669076758,0.0,0.0,0.0,0.0,0.0,0.0,2.810776871832839e-14,2.773091680811552e-14,0.9301797741103772,0.006515114625939971,0.033622746531476684,0.00007536365820418162,0.000017571282408098197,2.9422736358524132e-6,0.00002474667607748047,NaN,NaN,NaN,NaN,NaN,NaN
2025-06-11T21:01:53Z,39.98812438530669,-75.17043679632809,20.99932411770682,-0.9440362761526163,-0.2988793930099949,-0.3490815804225921,1.0749488525309896,0.15643836778071718,-2.9307119984612298,0.0,0.0,0.0,0.0,0.0,0.0,2.425924121888088e-14,2.396954390371887e-14,0.9859630027610549,0.0004990095010327449,0.0010838069900823576,5.899181771794039e-6,5.918563889307733e-7,2.9698972859132607e-7,4.976220507665731e-7,NaN,NaN,NaN,NaN,NaN,NaN
