timestamp,latitude,longitude,altitude,latitude_ins,longitude_ins,altitude_ins,latitude_cov,longitude_cov,altitude_cov,effective_sample_size,horizontal_error_m,vertical_error_m,error_3d_m
2025-06-11 20:34:28+00:00,39.98155979535383,-75.15358909703666,10.121873677649631,39.98157191209361,-75.15354303664543,11.547210443066431,9.86145111845321e-07,1.0496754241977431e-06,122.0066330244304,4999.996322887287,13.30550668363931,28.87812632235037,31.79595395640765
2025-06-11 20:34:29+00:00,39.981353942805946,-75.15378552627891,-21.372494324490773,39.98138985757844,-75.15371448840082,-7.467393058817834,9.90887016173414e-07,1.062714674607452e-06,146.42058657020837,4999.985217267909,38.066209144558414,65.37249432449077,75.64786376919604
2025-06-11 20:34:30+00:00,39.98107294266696,-75.15399021012482,-63.36942128754069,39.98109387680857,-75.15383693821799,-25.84601555473637,9.965332316826913e-07,1.0731341756079462e-06,172.9235949993668,4999.966708633405,72.52205701340473,115.36942128754067,136.2701439115611
2025-06-11 20:34:31+00:00,39.98069279414854,-75.15416394525553,-111.73470953524355,39.98062486805376,-75.1539023936417,-42.197192293126136,1.0020056216178848e-06,1.082321425566577e-06,197.8420669359855,4999.940637589107,114.94793816249825,164.73470953524355,200.87447078578845
2025-06-11 20:34:32+00:00,39.98038591585728,-75.15476669200913,-154.44702070688209,39.98035083652035,-75.15498258197246,-44.68304456654005,1.0157248796487423e-06,1.0914087065382652e-06,223.8425143434746,4999.906969470627,169.54664835394834,205.44702070688209,266.3729421044702
2025-06-11 20:34:33+00:00,39.98002515103467,-75.1554760311804,-182.91393780541483,39.97977023229623,-75.15573874819674,-34.397891100496054,1.0235809423070566e-06,1.1000740609217402e-06,254.2533458866233,4999.865769123189,237.2242493509882,232.91393780541483,332.45187156062826
2025-06-11 20:34:34+00:00,39.979575231355646,-75.15608906448577,-196.5541470106438,39.979044752731184,-75.15635984976471,-13.83575083303731,1.0288133532546264e-06,1.107631197064088e-06,275.6887566838082,4999.817007666394,307.11762156501874,248.5541470106438,395.095428310608
2025-06-11 20:34:35+00:00,39.97920074675927,-75.1566659957,-212.70457174037148,39.97899209453234,-75.15766944724098,-1.1034174269298092,1.0400510114766465e-06,1.1217479612786152e-06,299.3909916044213,4999.760601794629,368.9125596967141,263.7045717403715,453.4716946610388
2025-06-11 20:34:36+00:00,39.9788514129428,-75.15722341169749,-245.66745756464545,39.97870341836298,-75.15856790976775,-12.55883702385472,1.046916162076613e-06,1.132045140966049e-06,323.6264762774261,4999.69671619861,427.7433672706298,293.6674575646454,518.8496544053004
2025-06-11 20:34:37+00:00,39.97846072008332,-75.15785606315396,-287.7598863359134,39.97808651625244,-75.15956841658806,-25.37556388333905,1.0602414224210583e-06,1.1417854780722871e-06,351.3944319961043,4999.625356937634,494.98020225237553,332.7598863359134,596.4348602958186
2025-06-11 20:34:38+00:00,39.97785768349366,-75.15849269603234,-323.40176126217546,39.97700875125479,-75.16053128149547,-22.21821976546198,1.0694810689778888e-06,1.1527285819103616e-06,379.42388678967177,4999.546665505483,578.7816321773818,364.40176126217546,683.9421184258866
2025-06-11 20:34:39+00:00,39.97698874565799,-75.15896050840925,-343.8906157038357,39.975229981397646,-75.16035140414478,-4.767117603536462,1.0765651899661466e-06,1.1635110002688392e-06,408.0745512509132,4999.460251549172,674.2746737786211,383.8906157038357,775.8984086365534
2025-06-11 20:34:40+00:00,39.9759299851104,-75.15941623408821,-358.6101299869158,39.97395532193981,-75.1604766128848,8.926763439725619,1.085009592207978e-06,1.1718980955773763e-06,432.8980019899312,4999.364839154871,786.9365543171966,394.6101299869158,880.3330592502548
2025-06-11 20:34:41+00:00,39.97473607878857,-75.15991630360631,-376.51040781504526,39.97356165912616,-75.1608303811655,10.53223346924642,1.101450488005392e-06,1.179860540681801e-06,460.9089909126263,4999.257598855315,915.95587566997,410.51040781504526,1003.7399867987808
2025-06-11 20:34:42+00:00,39.97344299177074,-75.16039740275818,-402.2760560985629,39.971911077045405,-75.16114980881918,-5.1274625581281725,1.106365384080224e-06,1.192060784975413e-06,484.76965316274,4999.138490018888,1055.200112875301,432.2760560985629,1140.311302622304
2025-06-11 20:34:43+00:00,39.97204743026502,-75.16085114314441,-434.6474406956578,39.969251279694845,-75.16133175265226,-22.0943095801631,1.1101046885057897e-06,1.203902299274352e-06,503.41114510957954,4999.00902290281,1204.7883939665487,460.6474406956578,1289.849269820298
2025-06-11 20:34:44+00:00,39.97055565712766,-75.16163947422362,-464.2112038970109,39.96662048271719,-75.16424958578682,-28.31052289996296,1.1184846412490116e-06,1.2126795607673155e-06,533.6604908174518,4998.86942190728,1379.2321788934828,487.2112038970109,1462.756357189412
2025-06-11 20:34:45+00:00,39.96905465098308,-75.16262160313282,-487.489007018857,39.961978871419454,-75.16674067592241,-30.92381044907961,1.1253434018362191e-06,1.2240232849742715e-06,555.9640937732084,4998.719839752551,1563.0079943252645,509.489007018857,1643.950436782614
2025-06-11 20:34:46+00:00,39.96769301741268,-75.16383280861706,-500.48011923422746,39.95801782527326,-75.17063192940809,-17.894929751520976,1.1359902401599763e-06,1.2345742186248237e-06,574.1037399824138,4998.560316241194,1743.4765381790628,521.4801192342275,1819.7944812361077
2025-06-11 20:34:47+00:00,39.96650746812698,-75.16516359777918,-514.2714851342417,39.955568438728605,-75.17399841225611,-7.956377802649513,1.1432399772721798e-06,1.2457635941243032e-06,604.7530380423703,4998.391465454375,1912.343656088847,535.2714851342417,1985.843352780142
2025-06-11 20:34:48+00:00,39.96544626760456,-75.16651550260192,-538.9623412080421,39.95289653284169,-75.17633131706148,-13.338479534257203,1.1524687483616008e-06,1.25784155690269e-06,629.0891013144957,4998.213243132426,2070.881741346452,558.9623412080421,2144.991861413672
2025-06-11 20:34:49+00:00,39.96442715046843,-75.16776475155163,-576.8086832665085,39.9474845652932,-75.17747857873368,-30.16991071065422,1.163424439096659e-06,1.2604184778064895e-06,650.5388914994717,4998.02562022538,2221.680166303493,595.8086832665085,2300.1849378695806
2025-06-11 20:34:50+00:00,39.96337422208888,-75.16871904042891,-619.2076338300944,39.936952487172654,-75.176417719955,-42.25433721533045,1.1664999253228714e-06,1.2761675570346e-06,677.9767834036389,4997.828497322012,2362.6100209852257,636.2076338300944,2446.770578661493
2025-06-11 20:34:51+00:00,39.96228606633416,-75.169259668196,-652.1495785789308,39.92550670428951,-75.17343229904704,-32.678964470746,1.1678687774839874e-06,1.2895669813864496e-06,699.8669725007669,4997.62144744786,2489.762987485964,668.1495785789308,2577.856394993762
2025-06-11 20:34:52+00:00,39.96122275128083,-75.16949937881364,-671.3626317678443,39.91956915422633,-75.17008448874559,-6.555639092141064,1.1800172478904134e-06,1.292447173059743e-06,716.0860167578797,4997.402927618763,2600.400252937268,687.3626317678443,2689.7116691249685
2025-06-11 20:34:53+00:00,39.960203294001325,-75.16963417827,-692.8022564074989,39.91791027349075,-75.16906550322868,-0.774384387263126,1.1906563323271295e-06,1.3040304689324042e-06,735.7096257435144,4997.172024214211,2704.269927265092,707.8022564074989,2795.3639966354813
2025-06-11 20:34:54+00:00,39.95923684365888,-75.16967413020252,-720.5020239477008,39.91636644146373,-75.16863302685621,-8.600907862186432,1.207416220328344e-06,1.3125532968759906e-06,759.6862659550064,4996.926001613919,2801.240045983066,735.5020239477008,2896.18870629149
2025-06-11 20:34:55+00:00,39.95832981594079,-75.16963412570078,-752.5660406159801,39.9145240744329,-75.16824871574048,-17.349448765045963,1.2175999469264844e-06,1.326902396697699e-06,788.3824182432775,4996.663402058841,2889.8720661803936,765.5660406159801,2989.557144701229
2025-06-11 20:34:56+00:00,39.95749099105889,-75.16953034227483,-786.9585938443818,39.91186848946311,-75.16802678753642,-24.29874382878188,1.2304217935846108e-06,1.3326039922580103e-06,811.0511362398265,4996.383696613125,2969.65796736433,798.9585938443818,3075.25661983
2025-06-11 20:34:57+00:00,39.95672329163426,-75.16936730753942,-823.5603003121373,39.90777911255012,-75.1679901236279,-31.41504644649104,1.2420627540952551e-06,1.3414051171046694e-06,832.9681789877536,4996.087958607431,3041.15905979608,833.5603003121373,3153.3270051227223
2025-06-11 20:34:58+00:00,39.95601681523703,-75.16915588885303,-860.4206923507597,39.90218938165785,-75.16828804352282,-36.33294899947941,1.2534108017486698e-06,1.3556616585267143e-06,860.3254929975456,4995.777451658496,3105.386719654068,871.4206923507597,3225.337300447959
2025-06-11 20:34:59+00:00,39.95533936664138,-75.16888711615552,-897.3917596618668,39.89554122970242,-75.1688343248374,-40.31852581584826,1.260695910562418e-06,1.3682364624163292e-06,888.3140259220196,4995.4527007329925,3164.61125936756,908.3917596618668,3292.406416580054
2025-06-11 20:35:00+00:00,39.95474309476554,-75.16858806266177,-929.9556754304716,39.89450975170115,-75.16900603631007,-35.458923761500046,1.273521714946442e-06,1.375575635381746e-06,910.0037182688518,4995.112685307797,3216.930173882784,938.9556754304716,3351.1606204508626
2025-06-11 20:35:01+00:00,39.95420437946103,-75.16827088613547,-955.3038739983414,39.89392520919596,-75.16918487020595,-27.27653531124816,1.2830963043637864e-06,1.391361495811094e-06,944.7043851332604,4994.757862756152,3262.0727518178464,963.3038739983414,3401.3340018017448
2025-06-11 20:35:02+00:00,39.95373071859868,-75.16793063535216,-977.7334426692098,39.89168979967139,-75.16905161023037,-25.3908169149654,1.2936011116794957e-06,1.4016995334536263e-06,980.3383932760846,4994.387665789785,3300.447153972248,986.7334426692098,3444.7923454172587
2025-06-11 20:35:03+00:00,39.953321064124346,-75.16758853206309,-996.3692849819756,39.88892338066665,-75.16915488140663,-20.721013308269903,1.2992392064277318e-06,1.4170782427737127e-06,1001.7788594598532,4994.003509393115,3332.4570537477875,1005.3692849819756,3480.8098790739136
2025-06-11 20:35:04+00:00,39.95298389052141,-75.1672599513584,-1011.2577285618696,39.88658498344536,-75.1694867929986,-13.777968994982077,1.306928397175995e-06,1.429720670007302e-06,1035.802643463404,4993.604587115292,3357.66754681724,1020.2577285618696,3509.2530811612783
2025-06-11 20:35:05+00:00,39.952707019942295,-75.166934953838,-1023.552343025622,39.88450701678477,-75.16989970844966,-7.599807865684852,1.320426487942338e-06,1.4461126189989056e-06,1065.3980228821886,4993.190482470494,3378.08044968243,1032.552343025622,3532.363495680244
2025-06-11 20:35:06+00:00,39.95248590634854,-75.16660491805598,-1034.6454115266586,39.88285102253783,-75.17036708949003,-2.943760749651119,1.3284514525237814e-06,1.4572909183183286e-06,1092.5118767202152,4992.761703299789,3391.921832769012,1043.6454115266586,3548.8490337876788
2025-06-11 20:35:07+00:00,39.95232000907002,-75.16625628937669,-1045.8812439337603,39.88149137174779,-75.17091647282108,-0.5252667221138836,1.336891140937494e-06,1.464883677414355e-06,1119.2771911228158,4992.318124371128,3399.9331601037416,1053.8812439337603,3559.52400883719
2025-06-11 20:35:08+00:00,39.95210608286689,-75.16584323143587,-1058.016316359989,39.88130648076978,-75.17051484152286,0.2164705194136331,1.3410499047686783e-06,1.4732107935129094e-06,1140.6447724247057,4991.860014365271,3411.0824174960603,1066.016316359989,3573.77588073126
2025-06-11 20:35:09+00:00,39.95182873597131,-75.16536043921312,-1072.2129966387442,39.88139366615018,-75.16996008250277,-1.467166637812625,1.347611600500806e-06,1.4826312575856096e-06,1169.4447206960688,4991.386903028925,3427.121131103476,1080.2129966387442,3593.329843663565
2025-06-11 20:35:10+00:00,39.95148061218672,-75.16480045025077,-1089.620203431,39.88201221723614,-75.1693110015051,-5.489481619326398,1.3552332208044776e-06,1.4872026975626845e-06,1196.2519009278462,4990.897773508104,3448.8288130448977,1096.620203431,3618.977210796129
2025-06-11 20:35:11+00:00,39.951057243891,-75.16416770110916,-1110.9391969764406,39.8831440384453,-75.16851470249999,-11.550180943391751,1.3585373593516223e-06,1.4966670688962131e-06,1218.5932322340143,4990.392420364175,3477.54112294583,1116.9391969764406,3652.512208264569
2025-06-11 20:35:12+00:00,39.9505543420802,-75.16345831108114,-1136.4680066804965,39.88512971896989,-75.16751964974247,-19.24557949695736,1.3672499660583235e-06,1.5111607113714713e-06,1248.4877818666228,4989.869079326509,3514.2351807170603,1142.4680066804965,3695.278345629457
2025-06-11 20:35:13+00:00,39.94997552633019,-75.16266688449781,-1165.9450756419806,39.88907032603347,-75.16620523603235,-27.013054535607807,1.3794726466987318e-06,1.5169181417487596e-06,1276.5740395189716,4989.326948345645,3559.8781041649167,1170.9450756419806,3747.5117727210686
2025-06-11 20:35:14+00:00,39.94932671430958,-75.16179410022681,-1197.958127901035,39.89336459152941,-75.16488608612967,-33.88240203168243,1.3882911297105787e-06,1.5297491803837388e-06,1310.752246377752,4988.766100296997,3613.9332573986503,1202.958127901035,3808.88721891515
2025-06-11 20:35:15+00:00,39.94861683088,-75.16083301780026,-1231.9031917296666,39.89791608656021,-75.16306290086636,-40.21020875382237,1.399477267481247e-06,1.5462223115163524e-06,1332.8082773893802,4988.184296647557,3675.587677014728,1236.9031917296666,3878.12767674474
2025-06-11 20:35:16+00:00,39.94784378698018,-75.15976484489502,-1265.3092890438354,39.90325843195278,-75.16076759211691,-43.14660095004365,1.40884934123365e-06,1.5589079942980817e-06,1351.8092727914222,4987.580551148148,3745.644750082388,1269.3092890438354,3954.870499153256
2025-06-11 20:35:17+00:00,39.94700790316453,-75.15859083991366,-1295.8314681315137,39.90914043857912,-75.15778929696721,-42.15207637776621,1.4165816095228152e-06,1.5662332199045186e-06,1377.3150387515936,4986.951605811428,3823.175280635324,1299.8314681315137,4038.0974569722703
2025-06-11 20:35:18+00:00,39.94613140573816,-75.15727689831482,-1321.4948005462857,39.919637191815056,-75.15344035493985,-36.324167867191136,1.425530375029578e-06,1.5779150231115648e-06,1409.361108330435,4986.292908569819,3907.145308040854,1324.4948005462857,4125.538865993121
2025-06-11 20:35:19+00:00,39.94520189527356,-75.15582154270933,-1343.9639460135277,39.92833919445217,-75.14939611172012,-27.74777181551326,1.4410085630947346e-06,1.5827170967431328e-06,1437.3110378617096,4985.600752460688,3998.392145492426,1346.9639460135277,4219.176652025352
2025-06-11 20:35:20+00:00,39.94422393896537,-75.15424171998596,-1364.2309652145375,39.93315125803151,-75.14605097946648,-20.540771278436296,1.4533487065299328e-06,1.595468689915455e-06,1457.4904169311208,4984.874610790268,4100.113777179038,1366.2309652145375,4321.74964986687
2025-06-11 20:35:21+00:00,39.94319989854984,-75.15255920240435,-1382.4979372597786,39.93491185851824,-75.1432301175925,-14.794263415155,1.467402504255885e-06,1.6073121614007218e-06,1483.489760899688,4984.1165717717095,4213.072939257873,1383.4979372597786,4434.416549435679
2025-06-11 20:35:22+00:00,39.9421180927276,-75.15081068984034,-1397.608103704741,39.93393105164937,-75.14092638950096,-8.786908052745275,1.477524947767294e-06,1.6198085228247775e-06,1509.4342769373538,4983.335491601377,4335.731144915692,1397.608103704741,4555.422370377209
2025-06-11 20:35:23+00:00,39.9409739946213,-75.14900379593539,-1411.2330325493313,39.93197731238936,-75.13869383478203,-4.734816982614575,1.4839166598298183e-06,1.6299964437382783e-06,1537.6009585659776,4982.540995085465,4469.94889868002,1410.2330325493313,4687.131357547386
2025-06-11 20:35:24+00:00,39.93976915445698,-75.14712712288787,-1424.6974397694405,39.93018998666141,-75.1362305360625,-4.023012901132461,1.4963695094534682e-06,1.6463480126967038e-06,1559.5041953025864,4981.725102266647,4615.980848480295,1422.6974397694405,4830.253326551661
2025-06-11 20:35:25+00:00,39.93849359291034,-75.14518122185912,-1438.3576676282482,39.928365560966725,-75.13365298300243,-4.427457727084402,1.5002351691957998e-06,1.6429888415899915e-06,1587.2259537425225,4980.877714262062,4773.984021034553,1436.3576676282482,4985.383313492323
2025-06-11 20:35:26+00:00,39.93714411981844,-75.14316336397073,-1452.7902639749732,39.92609812596747,-75.13103169905588,-5.366250314837089,1.5089747937148454e-06,1.647277414252556e-06,1623.01622332249,4979.990469636196,4945.047606479273,1448.7902639749732,5152.910736596847
2025-06-11 20:35:27+00:00,39.93656403533095,-75.14133717147011,-1465.0255637045298,39.97979779797088,-75.1497489820377,1.2636822084969026,1.5196743986247371e-06,1.658024987490601e-06,1650.2908628341136,4979.060461477111,5032.934464605177,1461.0255637045298,5240.708446651916
2025-06-11 20:35:28+00:00,39.93600423486217,-75.13945892465989,-1478.8424854128352,39.97919382586201,-75.14786416749061,-3.8815528981067473,1.5360887916958095e-06,1.6679508121902775e-06,1674.0906117732272,4978.08356256929,5123.583725630004,1473.8424854128352,5331.352723779258
2025-06-11 20:35:29+00:00,39.93546651569386,-75.13753172554178,-1494.64321556018,39.97850539540414,-75.1459737834045,-7.001285044651013,1.5455795627194205e-06,1.6802377629341926e-06,1694.829903973695,4977.065882421633,5217.437559696691,1489.64321556018,5425.92771781916
2025-06-11 20:35:30+00:00,39.93493447025767,-75.13555620922554,-1512.0411469595629,39.97775002688293,-75.14406103736908,-9.694928655633705,1.5549535528865225e-06,1.6900403402439177e-06,1729.2253766578292,4976.004169696212,5316.751308959619,1507.0411469595629,5526.211858041004
2025-06-11 20:35:31+00:00,39.93440330979419,-75.13352032713969,-1530.6580769923312,39.976906395967546,-75.14209964874745,-12.4444519864046,1.5646056674776825e-06,1.7013785876164154e-06,1745.8204122603704,4974.897098302062,5422.409865052617,1524.6580769923312,5632.682397966167
2025-06-11 20:35:32+00:00,39.93388447695495,-75.13142225128013,-1550.89065047521,39.97597844385723,-75.14005619822105,-15.932537948829122,1.574075599744891e-06,1.706934868727429e-06,1771.8885867823442,4973.74256966312,5533.370088662313,1544.89065047521,5744.986654469137
2025-06-11 20:35:33+00:00,39.93336776666362,-75.1292618663594,-1572.0892103213928,39.97491319906656,-75.13789172236213,-19.379009588970803,1.5750377774887802e-06,1.7119459717470363e-06,1795.5113841581945,4972.541294264394,5649.858934704822,1566.0892103213928,5862.895308356528
2025-06-11 20:35:34+00:00,39.93284566143228,-75.12702590735981,-1593.0667523463394,39.97371890814016,-75.13555896596662,-22.209779526339844,1.5830489112951656e-06,1.7274704552868897e-06,1824.0307869349729,4971.28895705706,5773.34721408995,1587.0667523463394,5987.513585023698
2025-06-11 20:35:35+00:00,39.93231705283452,-75.12470755449493,-1614.655898858964,39.972373937629456,-75.13305909088373,-24.30241546907928,1.5968295802674403e-06,1.739728864884559e-06,1846.6612137235013,4969.97962207441,5903.714957071064,1608.655898858964,6118.956127909264
2025-06-11 20:35:36+00:00,39.93178490739868,-75.12229044006376,-1636.2427818633612,39.97091140774037,-75.13033608822825,-25.19053229654673,1.6021741891560732e-06,1.7491197798019983e-06,1864.5551796190396,4968.620257447432,6042.156184861689,1629.2427818633612,6257.961601393559
2025-06-11 20:35:37+00:00,39.93124893990832,-75.11977120813319,-1657.2859039562193,39.96937813615964,-75.12734652768536,-25.05310912360437,1.6151500542624937e-06,1.7614928932030096e-06,1877.3528157844,4967.214159332793,6189.689866395983,1650.2859039562193,6405.91166087714
2025-06-11 20:35:38+00:00,39.93071557129738,-75.11715345994384,-1676.484996380787,39.9678424662587,-75.12410840020016,-23.036257862113416,1.6228960527658053e-06,1.7675980690307476e-06,1903.5757144640336,4965.762152371105,6346.451726362972,1669.484996380787,6562.364639990383
2025-06-11 20:35:39+00:00,39.93019064085013,-75.11444022008563,-1693.0775830950845,39.96641593410123,-75.12068791241707,-19.070778257213533,1.6334396578042858e-06,1.7817692715476736e-06,1917.5469534564445,4964.261259636615,6511.828419978098,1686.0775830950845,6726.5717113140345
2025-06-11 20:35:40+00:00,39.929686637041534,-75.11164627562513,-1707.351723945695,39.96513315962494,-75.11716418805891,-13.85350776166888,1.6446411317010262e-06,1.78214508101151e-06,1945.4245371897368,4962.710683018456,6685.54155808685,1699.351723945695,6898.13469037707
2025-06-11 20:35:41+00:00,39.92920772916364,-75.10877550743093,-1719.956240191268,39.963996077577626,-75.11361056286346,-9.305410259810742,1.6595398316312355e-06,1.7944846177593686e-06,1967.3771780709333,4961.107227191159,6863.7634800407695,1710.956240191268,7073.798156986869
2025-06-11 20:35:42+00:00,39.92874954458951,-75.10583143904634,-1731.613129221583,39.962869055510176,-75.10999739446005,-6.078683781670407,1.669832203460976e-06,1.8098456048924475e-06,1997.5379873214467,4959.45163756172,7048.148686329551,1722.613129221583,7255.604447430659
2025-06-11 20:35:43+00:00,39.92830840137872,-75.10280913556244,-1743.39179780197,39.96169043850056,-75.10630637215539,-4.831501914741239,1.6755061678980778e-06,1.819896636968849e-06,2016.082408318514,4957.745041593247,7239.161320730243,1734.39179780197,7444.02925409617
2025-06-11 20:35:44+00:00,39.92787004488391,-75.09969556328059,-1755.7060333927866,39.96033034956788,-75.1024736430189,-4.756650663679466,1.6854085125597894e-06,1.8303310705458296e-06,2039.853085026011,4955.984798693077,7438.843995192172,1746.7060333927866,7641.163651689277
2025-06-11 20:35:45+00:00,39.92740919946946,-75.09648418793239,-1768.202939924889,39.9586662352999,-75.09843339477614,-5.254809827631107,1.6972526888973056e-06,1.8375828159983327e-06,2056.5260545606307,4954.173545523912,7649.8760985178415,1758.202939924889,7849.323658802398
2025-06-11 20:35:46+00:00,39.92690213953016,-75.09315975608381,-1780.5811357180555,39.95664015373112,-75.09415013162105,-5.532137847243575,1.7090691046871182e-06,1.8515601804089883e-06,2080.6135951110264,4952.320667836754,7875.007384966037,1770.5811357180555,8071.598284815112
2025-06-11 20:35:47+00:00,39.926327398334834,-75.08971528484291,-1792.2956918755508,39.95423854265884,-75.08960623863582,-4.785139285115292,1.718419052669031e-06,1.8646570163593656e-06,2109.3665256119225,4950.453448694018,8115.892446643785,1781.2956918755508,8309.07483101362
2025-06-11 20:35:48+00:00,39.925670531874246,-75.08614897298082,-1802.8719970827567,39.95165511948806,-75.08487401935925,-3.459766290092375,1.7337496931126429e-06,1.8727044626502248e-06,2134.8753441431627,4948.620243224204,8376.544063221343,1791.8719970827567,8566.054850222363
2025-06-11 20:35:49+00:00,39.92492653019615,-75.08244964723542,-1812.598387505468,39.94894082153014,-75.0799442140158,-2.0333938827971,1.7504104514152595e-06,1.8883830195182092e-06,2155.847903551339,4946.870672760662,8657.843842751634,1801.598387505468,8843.303497864057
2025-06-11 20:35:50+00:00,39.92409877163281,-75.07862000584396,-1821.7973237653996,39.94622098884282,-75.07483587868322,-1.344816885277396,1.7607552928364552e-06,1.897420006818029e-06,2186.2103086516267,4945.236262949372,8954.748071396527,1810.7973237653996,9136.000217268813
2025-06-11 20:35:51+00:00,39.92318708552941,-75.07465747312631,-1830.588734965519,39.94344995245677,-75.06950969016482,-0.9481067930209974,1.7727902091718015e-06,1.905406145008756e-06,2202.8022817630467,4943.724458655557,9268.705610175612,1819.588734965519,9445.623687852183
2025-06-11 20:35:52+00:00,39.92219262656389,-75.07056805653626,-1839.077920617712,39.94061374829538,-75.06397015286701,-0.6972735089730122,1.786902899634833e-06,1.917791342997723e-06,2235.450248877435,4942.257411086495,9599.309171371156,1828.077920617712,9771.827129632433
2025-06-11 20:35:53+00:00,39.92112701052692,-75.06636125214138,-1847.0695316822512,39.93782977523756,-75.0582326188739,-0.3838513235532446,1.7966475752335968e-06,1.930635717368327e-06,2263.2912883452914,4940.778332235504,9944.467751191443,1836.0695316822512,10112.546176886335
2025-06-11 20:35:54+00:00,39.91999698650972,-75.06204913053486,-1854.583567737124,39.93506333518029,-75.05233907483908,0.1754922379586787,1.8008170096606016e-06,1.932926261148321e-06,2283.0008528544263,4939.279472504551,10302.913349542265,1843.583567737124,10466.55740247989
2025-06-11 20:35:55+00:00,39.91882062208006,-75.05764994868011,-1861.434515124612,39.9324428616517,-75.0463916830336,0.9276561481892712,1.8139907822561025e-06,1.939527154374756e-06,2300.1654917384453,4937.767511435644,10671.714119626306,1850.434515124612,10830.955181598523
2025-06-11 20:35:56+00:00,39.91762472446559,-75.05317286920268,-1867.528574771968,39.92996946334856,-75.04039499914026,2.01082019401656,1.8223479805263976e-06,1.952038201908385e-06,2327.6206578205,4936.22493498013,11049.087112909554,1856.528574771968,11203.973597684386
2025-06-11 20:35:57+00:00,39.91641022577974,-75.04863835134006,-1872.9965553824156,39.92772204825742,-75.03442955719251,3.34996321646031,1.831062338516784e-06,1.961352400084841e-06,2348.515649518419,4934.6459666239925,11433.15121377414,1860.9965553824156,11583.620110145632
2025-06-11 20:35:58+00:00,39.91518437792302,-75.04405306603394,-1877.7918530917325,39.925590720327065,-75.0284903437715,4.907186581258429,1.841625051557558e-06,1.9687528805613447e-06,2372.215349894063,4933.036099714012,11822.632877623284,1865.7918530917325,11968.952644159071
2025-06-11 20:35:59+00:00,39.91395712608313,-75.0394146119611,-1882.226877808691,39.92349364797985,-75.02256630942873,6.491610452503664,1.8478052399051688e-06,1.9752954125451477e-06,2389.517607144231,4931.574514776275,12217.000842343945,1871.226877808691,12359.474083069485
2025-06-11 20:36:00+00:00,39.91275579148105,-75.0347278153458,-1886.3923377330248,39.92185593753734,-75.01688431824712,7.786840714601567,1.847357556706601e-06,1.9880199499327367e-06,2407.813378866557,4930.21930931575,12615.143326156363,1875.3923377330248,12753.781304377742
2025-06-11 20:36:01+00:00,39.911562433875446,-75.02998517459727,-1890.2362431896136,39.92002995437276,-75.01109692479021,8.321035536297131,1.857431339864127e-06,1.99710210321419e-06,2430.8579769070184,4928.968907145368,13019.086638411676,1879.2362431896136,13154.016335560287
2025-06-11 20:36:02+00:00,39.91036955568821,-75.02518478444102,-1894.3383860631889,39.91816949842968,-75.00524437981633,8.578438575554173,1.8658248905582623e-06,2.0098329670356703e-06,2460.235310121104,4927.859603205063,13427.691882494624,1883.3383860631889,13559.125073825047
2025-06-11 20:36:03+00:00,39.9091639224017,-75.02031410225024,-1898.9267382484368,39.91608574857823,-74.99923524116642,8.19133613910526,1.8767699225266424e-06,2.024171990652488e-06,2498.8463672142484,4926.9591574333335,13844.243296035447,1887.9267382484368,13972.377743563042
2025-06-11 20:36:04+00:00,39.90793732822451,-75.01536945690677,-1904.1735280397008,39.9137975424501,-74.99304218641626,7.275524393480737,1.8836672928840167e-06,2.0305134363504907e-06,2520.9839864859405,4926.380785675176,14267.96612984391,1893.1735280397008,14393.01787290085
2025-06-11 20:36:05+00:00,39.906670681921646,-75.01034667742968,-1909.8961462703448,39.91111462901132,-74.98658274053139,6.081082419666927,1.895462272211116e-06,2.037125160291753e-06,2552.106332043752,4926.112810074107,14702.730589105076,1899.8961462703448,14824.975283028938
2025-06-11 20:36:06+00:00,39.90532155368617,-75.0052465133816,-1915.9556825222808,39.90764412105655,-74.97967931901024,5.2160864859761205,1.9065295518622584e-06,2.0442905649557307e-06,2577.656233260257,4926.027947149804,15148.486226959283,1905.9556825222808,15267.917409788217
2025-06-11 20:36:07+00:00,39.903861904399605,-75.00007313627486,-1921.8336458026572,39.90357260981568,-74.9725018965965,4.697047010966344,1.917246719722416e-06,2.052358249604935e-06,2606.536422520666,4926.055897598623,15607.749595619016,1911.8336458026572,15724.406358548758
2025-06-11 20:36:08+00:00,39.902264369502895,-74.99483378157359,-1927.2793669097764,39.89907011943283,-74.96518461705485,4.927397710358491,1.92609866442123e-06,2.0611283169894237e-06,2627.99538748774,4926.190901111986,16080.611257016002,1918.2793669097764,16194.624235491898
2025-06-11 20:36:09+00:00,39.90050944464959,-74.98954049519702,-1931.968810169412,39.89411077718979,-74.95772739284014,5.98180832399521,1.931567315576087e-06,2.07137264364915e-06,2653.019287060932,4926.579423059851,16567.86320228023,1922.968810169412,16679.0857103846
2025-06-11 20:36:10+00:00,39.89858673530632,-74.98420287762343,-1936.1484615132008,39.88905563720807,-74.95030191833291,7.05066707363585,1.946000233711337e-06,2.079367717615647e-06,2674.246206861034,4927.016753386019,17069.101092158337,1928.1484615132008,17177.65899603193
2025-06-11 20:36:11+00:00,39.8965080394012,-74.97882968518272,-1940.136084416658,39.88411672300028,-74.94301301675985,7.840622602292569,1.9603846726865844e-06,2.096964409256187e-06,2697.783611992623,4927.486070340881,17582.291355506295,1932.136084416658,17688.13498248519
2025-06-11 20:36:12+00:00,39.89428363909193,-74.97343187948908,-1943.9844674979936,39.879258295926775,-74.935832875027,8.30008112458745,1.979665392905878e-06,2.10408501982022e-06,2717.6393758568447,4928.078976379964,18106.38171465799,1935.9844674979936,18209.58798697254
2025-06-11 20:36:13+00:00,39.89192267102891,-74.96801758041002,-1948.042747173923,39.87443094071116,-74.92872099057954,8.409451288694981,1.9948235338519378e-06,2.111267236478002e-06,2747.673353714724,4929.116404643904,18639.648804730987,1941.042747173923,18740.44168396428
2025-06-11 20:36:14+00:00,39.88943767479013,-74.96259982067153,-1952.306906292502,39.86954255652133,-74.92161480865633,8.364773772540502,2.003403763079753e-06,2.121627129847189e-06,2788.652272123797,4930.594034018907,19181.051224797167,1944.306906292502,19279.34271271066
2025-06-11 20:36:15+00:00,39.8868463404142,-74.95719152860244,-1956.5180842163072,39.864577243490665,-74.91445684711238,8.239499634073582,2.0104414823282204e-06,2.131448562635363e-06,2829.620384998744,4932.172459195476,19727.93223123956,1949.5180842163072,19824.02408395094
2025-06-11 20:36:16+00:00,39.884166878896224,-74.95179635595477,-1960.9641227612608,39.85978359044778,-74.90737312593943,8.092488049820531,2.018920705165985e-06,2.138328073445346e-06,2847.1830798135347,4933.774323482308,20279.360903151,1953.9641227612608,20373.27795013084
2025-06-11 20:36:17+00:00,39.88142666312032,-74.94642103732292,-1965.346560717272,39.85518768084459,-74.90035689957527,7.974455237505026,2.0287163767142007e-06,2.1494217361356373e-06,2869.70866663881,4935.384570884335,20833.07446234386,1958.346560717272,20924.916076425183
2025-06-11 20:36:18+00:00,39.87864186437702,-74.94106816705684,-1969.8730933057109,39.85084975012104,-74.89341528835872,8.042039258172736,2.0373399357210013e-06,2.153490291349269e-06,2885.490218631209,4936.928529301018,21388.17039022517,1962.8730933057109,21478.051667265543
2025-06-11 20:36:19+00:00,39.8758367080891,-74.93574006550112,-1973.9462030891436,39.84660337015422,-74.8864715418743,8.519288485695142,2.043383920903057e-06,2.1677903854407803e-06,2926.1816640458114,4938.480731678239,21941.961517248787,1966.9462030891436,22029.946722365752
2025-06-11 20:36:20+00:00,39.87301826561598,-74.93042745635101,-1977.553057138428,39.84255510235892,-74.87961509749714,9.416921921016185,2.053281374247275e-06,2.1811199863704584e-06,2957.437269561577,4940.288928820397,22496.447855062303,1968.553057138428,22582.4127859338
2025-06-11 20:36:21+00:00,39.87018585339665,-74.92513947262826,-1980.505562861848,39.838595907584185,-74.87287180230723,10.588252811925486,2.068277068037577e-06,2.195330011245015e-06,2974.0842472059408,4942.179923309001,23048.50774937086,1971.505562861848,23132.672644059177
2025-06-11 20:36:22+00:00,39.867323339871504,-74.91987956569642,-1983.1021343834668,39.834379915372445,-74.86607410822911,11.563441968697587,2.0833152338151e-06,2.2039051640572047e-06,2999.145342364404,4944.054373287334,23600.46598313881,1973.1021343834668,23682.8023395459
2025-06-11 20:36:23+00:00,39.86443435840397,-74.91465130578163,-1985.814417518348,39.83044414371928,-74.85957331602087,12.264368593867404,2.095148199082071e-06,2.2112734678109518e-06,3025.315013436261,4945.856384551191,24150.950813253632,1976.814417518348,24231.71930395168
2025-06-11 20:36:24+00:00,39.861507173273125,-74.90947460966677,-1988.856620477924,39.826252903647855,-74.85308044831616,12.38679490389768,2.10775897685596e-06,2.2217431035154704e-06,3051.549537964805,4947.587960433226,24699.276477273084,1979.856620477924,24778.500574861784
2025-06-11 20:36:25+00:00,39.85853361849659,-74.90433697274472,-1992.7795453932224,39.82206093382507,-74.8466358959456,11.805075022391977,2.119016833714079e-06,2.2336133484898343e-06,3076.3863971410774,4949.300583549767,25246.74901963599,1983.7795453932224,25324.567466103174
2025-06-11 20:36:26+00:00,39.855527417365714,-74.89926692729217,-1997.6657985498464,39.81795165810809,-74.84041511981548,10.482932105194775,2.124493330644536e-06,2.2412304829537604e-06,3086.460374106472,4951.002689353041,25790.776383035907,1989.6657985498464,25867.410315485424
2025-06-11 20:36:27+00:00,39.85426825219122,-74.89593100344041,-2005.604999346148,39.98228303738078,-75.14432768697044,5.413833007070934,2.13810614969954e-06,2.2534462483092563e-06,3110.32801363058,4952.640787860489,26104.1271634498,1998.604999346148,26180.52476381956
2025-06-11 20:36:28+00:00,39.85301580533567,-74.89268557695476,-2015.358632177152,39.98100663910953,-75.1410187437971,1.3526347339429776,2.149016298280291e-06,2.267053661842466e-06,3147.0800272062074,4954.209386228406,26412.909621146864,2008.358632177152,26489.15436646313
2025-06-11 20:36:29+00:00,39.85178705890743,-74.88949014977504,-2025.8330059030804,39.97978063495281,-75.13773421404773,-2.133294693689095,2.159038443555594e-06,2.275327513380882e-06,3175.6094612416555,4955.674351083962,26717.36932588132,2017.8330059030804,26793.459532790013
2025-06-11 20:36:30+00:00,39.85059245119436,-74.8863362489567,-2036.620562200725,39.97859558566756,-75.13443884829327,-4.347522182593821,2.171786068134604e-06,2.2862852716052754e-06,3207.1101352641995,4957.051969545311,27016.96456425792,2029.620562200725,27093.093841288708
2025-06-11 20:36:31+00:00,39.84942099692425,-74.88319502551147,-2047.7570638291272,39.97742855150652,-75.13103704472945,-5.669348011899274,2.177339967013621e-06,2.2910925989663265e-06,3239.9791629093443,4958.346634754386,27313.898533972988,2040.7570638291272,27390.02998387808
2025-06-11 20:36:32+00:00,39.84826391568898,-74.88005338017867,-2058.414119741725,39.97622639610755,-75.1275195790157,-5.876725473499391,2.1896820191895686e-06,2.304231678457047e-06,3264.30907875626,4959.564333198518,27609.580057292053,2051.414119741725,27685.686027813987
2025-06-11 20:36:33+00:00,39.84711832322149,-74.87691419970366,-2069.1485687998693,39.9749468466278,-75.12390196707064,-5.409327169356402,2.202597696659553e-06,2.3152584577498703e-06,3295.5870707489285,4960.713938149472,27904.804775312023,2061.1485687998693,27980.82312890281
2025-06-11 20:36:34+00:00,39.8459622284518,-74.87377228615699,-2080.0890707029166,39.97355349199749,-75.12017166534191,-5.138504966482287,2.2015643771492435e-06,2.317214654058046e-06,3337.6183843296803,4961.8294464787705,28200.382157890952,2072.0890707029166,28276.40548174433
2025-06-11 20:36:35+00:00,39.84480998171159,-74.87063809262017,-2091.0539442252725,39.97205868004305,-75.1164574298156,-5.365824375767261,2.2180395287925963e-06,2.327486534452783e-06,3366.504560964799,4962.903154375796,28495.031190251502,2082.0539442252725,28570.99492772469
2025-06-11 20:36:36+00:00,39.84366302498543,-74.86751617285282,-2101.8459524088,39.97044536676611,-75.11272266411802,-5.763027070905082,2.222748691467145e-06,2.3351645776725177e-06,3399.7003947518524,4963.934733473163,28788.846244767552,2092.8459524088,28864.81720512674
2025-06-11 20:36:37+00:00,39.84252059643396,-74.86440918576535,-2112.9131398609206,39.96868238651041,-75.10899849054974,-5.940362612775061,2.2302343832792576e-06,2.346206294330647e-06,3421.8013642337987,4964.940846726102,29082.116504106765,2102.9131398609206,29158.047671821907
2025-06-11 20:36:38+00:00,39.84139632485497,-74.86131568126078,-2123.3367530761034,39.96678476785991,-75.1052963483436,-5.970981425431091,2.2345339065877823e-06,2.355559608137999e-06,3449.5230092049064,4965.933300409046,29374.9665534346,2113.3367530761034,29450.888819309068
2025-06-11 20:36:39+00:00,39.84019123983435,-74.85820828094916,-2131.712433889699,39.96434824440741,-75.1012412691188,-3.8580986290617134,2.242182042883029e-06,2.371965934792303e-06,3468.507644969412,4966.91317252943,29674.15836437901,2121.712433889699,29749.913248383888
2025-06-11 20:36:40+00:00,39.838908251725286,-74.85509323836003,-2139.112175407213,39.961714275377176,-75.0972611531378,-1.198436082508124,2.2477943646203604e-06,2.3834678060555506e-06,3485.2708115072583,4967.859501899454,29980.22241506428,2129.112175407213,30055.72914956797
2025-06-11 20:36:41+00:00,39.8375455419557,-74.8519917239315,-2145.8690701498,39.95904194114436,-75.09339615694368,0.282421271162093,2.258008993402472e-06,2.392742826887274e-06,3505.5317657107835,4968.743938815067,30289.862415762436,2134.8690701498,30365.0033939155
2025-06-11 20:36:42+00:00,39.83610693818072,-74.84890823327379,-2152.1211558398145,39.95620625454154,-75.08957289685729,1.4609492989402495,2.267294028605204e-06,2.398766831127525e-06,3531.9834594164067,4969.565830892922,30603.772802537773,2142.1211558398145,30678.650439607787
2025-06-11 20:36:43+00:00,39.83460193360394,-74.84583636783364,-2158.117734318379,39.95321560906413,-75.08574230632372,2.608768144622445,2.2809177624945854e-06,2.4078849647990006e-06,3566.6208241347917,4970.327174082423,30920.426038963156,2148.117734318379,30994.95372204133
2025-06-11 20:36:44+00:00,39.83304891466997,-74.84277668574788,-2163.6077703264746,39.95032371785016,-75.08198548508487,3.80192391431774,2.2918739716657338e-06,2.4184278900261337e-06,3592.50095002054,4971.022518390939,31239.76489250235,2152.6077703264746,31313.84088149667
2025-06-11 20:36:45+00:00,39.83145498218728,-74.83973384674587,-2168.7654292245365,39.94735193189076,-75.07821953288695,4.768930075981189,2.3033463066982966e-06,2.4275498687240706e-06,3611.803109146113,4971.635785555967,31561.586215190557,2157.7654292245365,31635.260012626142
2025-06-11 20:36:46+00:00,39.829823669759485,-74.83670976947589,-2173.873704388527,39.944337392632384,-75.07443513492606,5.553137104085181,2.3134899782327043e-06,2.438415160735864e-06,3642.478408148933,4972.19028647473,31883.738599483502,2163.873704388527,31957.082728070447
2025-06-11 20:36:47+00:00,39.82816275480202,-74.83370388710486,-2179.0745969073537,39.94135679504527,-75.07065612182564,5.95936422466184,2.329665804375654e-06,2.44625748193834e-06,3650.141085519717,4972.693859851558,32206.932638004688,2168.0745969073537,32279.82430879584
2025-06-11 20:36:48+00:00,39.82645622598156,-74.83071391998446,-2184.1212494963606,39.93804700706124,-75.06674075923962,6.563242816453567,2.341852236352828e-06,2.4541297399541296e-06,3667.956889970109,4973.156499489612,32531.639619989663,2174.1212494963606,32604.20800406587
2025-06-11 20:36:49+00:00,39.82470953765845,-74.8277380810138,-2189.030374743002,39.93479172072677,-75.06285021987223,6.80710854838253,2.349392452850785e-06,2.467232035157923e-06,3684.747059598741,4973.597341493244,32857.888268989176,2179.030374743002,32930.062175335
2025-06-11 20:36:50+00:00,39.82291738642999,-74.82477411361984,-2193.8797346297306,39.93138916886036,-75.0588985460596,7.156615239655366,2.359252479337958e-06,2.479197948204664e-06,3721.2614359935,4974.030883307808,33186.2659499865,2183.8797346297306,33258.0453183671
2025-06-11 20:36:51+00:00,39.821079961660566,-74.82182153084577,-2198.731608241804,39.92788799988459,-75.05490941834768,7.670387889054837,2.3715226016294397e-06,2.493870554249798e-06,3760.87165906926,4974.432894896702,33517.08644321889,2189.731608241804,33588.539833674535
2025-06-11 20:36:52+00:00,39.81918753438137,-74.81887567990896,-2203.148737582257,39.92435404879391,-75.05093339781214,8.235513394349255,2.380721271407784e-06,2.497187673271028e-06,3788.750678318312,4974.785978089292,33850.63954138104,2194.148737582257,33921.67575523272
2025-06-11 20:36:53+00:00,39.81724310537916,-74.81594097536023,-2207.633470114843,39.92072131154834,-75.04694499922626,8.927439696795773,2.3868462430365138e-06,2.5030238592551567e-06,3807.544798905543,4975.091450801045,34186.74349970967,2199.633470114843,34257.43449994163
2025-06-11 20:36:54+00:00,39.81524954093783,-74.8130182205175,-2212.2216414304894,39.91718025033246,-75.04304110880673,9.256341890082696,2.3934632828217003e-06,2.508719609628003e-06,3823.294738507085,4975.351179589524,34524.86143002625,2204.2216414304894,34595.15355952427
2025-06-11 20:36:55+00:00,39.81321402230169,-74.81010829201868,-2216.455288424614,39.91364998364192,-75.03919591199033,9.43418367463164,2.409739703458036e-06,2.5174178081919784e-06,3846.2013692805695,4975.568222729651,34864.55166111227,2208.455288424614,34934.4276794588
2025-06-11 20:36:56+00:00,39.81113790786371,-74.80721252723393,-2220.692758431793,39.91006648449803,-75.03532153595879,10.085699681658298,2.4193596732415334e-06,2.5350372628699754e-06,3884.0972949835927,4975.728394279684,35205.896263499046,2212.692758431793,35275.36167014411
2025-06-11 20:36:57+00:00,39.80901274710737,-74.80432631011834,-2225.176171689949,39.90638787150984,-75.0315506974909,10.222447305568494,2.427875762480039e-06,2.5460522665143374e-06,3897.543788326463,4975.840244060194,35549.767171703366,2217.176171689949,35618.84074669792
2025-06-11 20:36:58+00:00,39.80684322203684,-74.8014540503736,-2229.581134513999,39.90276572097412,-75.02783124135551,10.300523679237813,2.4395027418543727e-06,2.561144141498139e-06,3922.091904715288,4975.9151435155,35895.32750367142,2221.581134513999,35964.00922218014
2025-06-11 20:36:59+00:00,39.804639236985416,-74.79860001604825,-2233.948609556769,39.89921905582647,-75.02419372331104,10.239208583894651,2.444948084884995e-06,2.562119549978058e-06,3950.945656602096,4975.955811415165,36241.44549595556,2225.948609556769,36309.73999973981
2025-06-11 20:37:00+00:00,39.802408897540886,-74.79576478908987,-2238.514693426311,39.89569327895144,-75.02058453404311,10.326992252201308,2.4573440017758568e-06,2.573372750945018e-06,3986.869739276593,4975.960136873782,36588.18953490156,2231.514693426311,36656.17644093363
2025-06-11 20:37:01+00:00,39.80015694598487,-74.7929493234248,-2243.157594314529,39.892184343887166,-75.01704334192637,10.36179381981492,2.4743288012344587e-06,2.582954757391913e-06,4004.172412694091,4975.9304201658,36934.83199475536,2236.157594314529,37002.4622865481
2025-06-11 20:37:02+00:00,39.79789090498587,-74.79015107353413,-2247.6503920399464,39.888753649798765,-75.01357708804053,10.406898372049907,2.485318054661639e-06,2.5895811893802627e-06,4039.339964927043,4975.87647144869,37281.672196980886,2240.6503920399464,37348.94370638193
2025-06-11 20:37:03+00:00,39.79561542793209,-74.7873714704122,-2252.13354150018,39.88529363100353,-75.01016269506738,10.71993275580462,2.493338826923441e-06,2.5888502417170504e-06,4074.895833816757,4975.7913705366245,37627.58918737932,2246.13354150018,37694.56968769424
2025-06-11 20:37:04+00:00,39.79333935599674,-74.78461318639063,-2256.244355814323,39.881969293015686,-75.00683756813099,11.086623408540618,2.497975346712769e-06,2.5962103074691597e-06,4102.370337895127,4975.676463038989,37972.60246723838,2250.244355814323,38039.21841725711
2025-06-11 20:37:05+00:00,39.791057226900094,-74.7818739975065,-2260.1931071773943,39.87867578363528,-75.00359294646323,11.492961721727625,2.508751417443148e-06,2.6082752858807683e-06,4119.503354527875,4975.536089727294,38315.96182213422,2254.1931071773943,38382.21354898246
2025-06-11 20:37:06+00:00,39.78877341226299,-74.77915453500836,-2264.1400293864203,39.87534257440565,-75.00039482711124,11.947433410037776,2.516167229875403e-06,2.6234969591769804e-06,4147.598273403767,4975.37093010797,38657.80013952982,2257.1400293864203,38723.63868156104
2025-06-11 20:37:07+00:00,39.786478191100485,-74.7764597493927,-2268.2198339917422,39.87196501459495,-74.99724746310173,12.237353705335408,2.5305995889228337e-06,2.634265951440383e-06,4171.7810499713605,4975.176897743598,38998.47229676852,2261.2198339917422,39063.97261697098
2025-06-11 20:37:08+00:00,39.7841682756797,-74.7737830911402,-2272.02357190408,39.86843979592447,-74.99412453461093,12.513507580326404,2.5435821180239886e-06,2.652427856594333e-06,4203.845464243136,4974.9276032860735,39339.32465871776,2265.02357190408,39404.476857145055
2025-06-11 20:37:09+00:00,39.78183430511858,-74.77112353373468,-2275.6615603962096,39.86474296875109,-74.99101922687426,12.841881736880168,2.5507693605802083e-06,2.65446322296126e-06,4226.884197719233,4974.641685646999,39681.03504911052,2269.6615603962096,39745.89168917308
2025-06-11 20:37:10+00:00,39.77946584055442,-74.76847835865695,-2279.228960683496,39.86086284517207,-74.9879246246587,13.214929868350737,2.5573958286848706e-06,2.656698938556044e-06,4242.954597868171,4974.336322791829,40022.33091724847,2274.228960683496,40086.89423509078
2025-06-11 20:37:11+00:00,39.77706181548393,-74.76584610264007,-2282.4850206993638,39.85681995785995,-74.98488906205806,13.713453580625355,2.566123199192084e-06,2.6603564826574605e-06,4269.655894229526,4974.0147263975405,40365.23025789259,2274.4850206993638,40429.26039246913
2025-06-11 20:37:12+00:00,39.77457930923494,-74.76321346126932,-2285.5974743273,39.852359039750326,-74.98170719984029,14.279543213837314,2.5819750127287283e-06,2.671217124920885e-06,4304.479964892617,4973.678129463528,40711.37481982763,2275.5974743273,40774.923465111
2025-06-11 20:37:13+00:00,39.77204402272713,-74.76058979382621,-2288.712588439438,39.84794243011671,-74.97864987018046,14.87314277794212,2.591395974191547e-06,2.675620144764039e-06,4328.808711180772,4973.328695048935,41060.676373529815,2278.712588439438,41123.85773869545
2025-06-11 20:37:14+00:00,39.76941213645341,-74.75796093856059,-2291.821900361786,39.8431961431684,-74.9754691081134,15.282807066629177,2.6049310165434463e-06,2.6846488380478976e-06,4353.648451136116,4972.964825476794,41414.82338745471,2281.821900361786,41477.63623205927
2025-06-11 20:37:15+00:00,39.766704256034295,-74.75533336983965,-2295.261182332546,39.838595150943966,-74.97237249319318,15.291479364270344,2.613274542580662e-06,2.7006908999790896e-06,4386.644671976392,4972.582389744712,41772.99709249175,2286.261182332546,41835.51453350568
2025-06-11 20:37:16+00:00,39.76394029567747,-74.75271162755607,-2298.85748945444,39.83424857472004,-74.96938062646095,14.94532399327727,2.632697449885221e-06,2.703976287525413e-06,4406.00404124459,4972.185943586987,42133.37990825105,2291.85748945444,42195.666996090746
2025-06-11 20:37:17+00:00,39.76114276449074,-74.75010353371016,-2302.712002710755,39.83018793095881,-74.96647472531335,14.404786695842631,2.6460857574498773e-06,2.713812513134371e-06,4443.422875978595,4971.778899060726,42494.30890280994,2296.712002710755,42556.32943700417
2025-06-11 20:37:18+00:00,39.75838493394446,-74.74745858228056,-2306.5735965852587,39.82657498225203,-74.96369322665664,13.934165817219764,2.6471437026258773e-06,2.720226337204249e-06,4465.450258599255,5000.0,42857.31300263784,2300.5735965852587,42919.01579346124
2025-06-11 20:37:19+00:00,39.75561963820787,-74.7449013576551,-2310.4748403654294,39.82358426319501,-74.96108226636761,13.79135675256839,2.6547749144513163e-06,2.7321225179010104e-06,4499.260093530783,5000.0,43215.03425975555,2304.4748403654294,43276.43458467579
2025-06-11 20:37:20+00:00,39.752920477175614,-74.74239013780706,-2314.2072063856426,39.82127560526937,-74.9586656192075,14.018606839817949,2.658927689417777e-06,2.7433054588451607e-06,4510.131419504642,5000.0,43565.660123112895,2308.2072063856426,43626.76429063012
2025-06-11 20:37:21+00:00,39.75030931439747,-74.73993573440129,-2317.591973263396,39.8195464945644,-74.95643326292422,14.577667940524409,2.678823509497097e-06,2.7402040752265945e-06,4555.370421602773,5000.0,43906.87567041162,2311.591973263396,43967.68345714656
2025-06-11 20:37:22+00:00,39.74779010777908,-74.73753617829618,-2320.71842198828,39.81812642594867,-74.95432824356187,15.216901211068034,2.687121759344575e-06,2.7546355031720057e-06,4584.577379562186,5000.0,44238.50603981553,2314.71842198828,44299.02186287963
2025-06-11 20:37:23+00:00,39.74534748681028,-74.73519998541795,-2323.5794270428096,39.8167894059966,-74.9523022570421,15.757279173936697,2.702080987796589e-06,2.7596305469215344e-06,4609.510175215584,5000.0,44560.9461484302,2317.5794270428096,44621.17318094571
2025-06-11 20:37:24+00:00,39.74297765164858,-74.73292439846607,-2326.412505313322,39.81539335289129,-74.95032510028844,16.14940204040613,2.7093933856770558e-06,2.7767488845123604e-06,4609.36495705216,5000.0,44874.60862206969,2320.412505313322,44934.56145528457
2025-06-11 20:37:25+00:00,39.74065211534156,-74.73069240654961,-2329.251026086543,39.81377057327398,-74.94834761044632,16.2765111757908,2.7254538263438e-06,2.784906383023866e-06,4613.04725778728,5000.0,45182.53479725841,2323.251026086543,45242.22525512731
2025-06-11 20:37:26+00:00,39.73836170864541,-74.72850464436505,-2331.890223435491,39.81208106236663,-74.94642414263141,16.545352274086326,2.7435614999120606e-06,2.81007774237734e-06,4638.602019110522,5000.0,45485.122969897,2325.890223435491,45544.55156128035
2025-06-11 20:37:27+00:00,39.73810302743125,-74.72771334827594,-2336.913469405664,39.98398799979853,-75.15316395155821,13.384369046601932,2.754905779956796e-06,2.8294246823985234e-06,4661.175314947193,5000.0,45557.523716539166,2330.913469405664,45617.11438467897
2025-06-11 20:37:28+00:00,39.73786948302794,-74.72699408895122,-2344.029559519193,39.98374567878572,-75.15239414663345,9.236876220733391,2.765197544281502e-06,2.842057334803909e-06,4694.09636109634,5000.0,45623.82814868246,2338.029559519193,45683.69596652284
2025-06-11 20:37:29+00:00,39.7376541512311,-74.7263175119546,-2352.2774136436933,39.98349939093544,-75.15163169258305,5.176005070388783,2.7758614755878354e-06,2.850715021765008e-06,4739.391125212256,5000.0,45687.24301985247,2346.2774136436933,45747.45011972616
2025-06-11 20:37:30+00:00,39.73743207580269,-74.72564762886705,-2360.659162285625,39.98315573182664,-75.15076982684684,3.020938829489751,2.782913188815106e-06,2.856361858322061e-06,4759.611605598577,5000.0,45752.91968028136,2354.659162285625,45813.47049766928
2025-06-11 20:37:31+00:00,39.73717580395591,-74.72494246502828,-2367.780685384876,39.98262943498522,-75.14972481123888,4.439813386590686,2.7923674788392383e-06,2.869023645764017e-06,4785.218933468627,5000.0,45824.2884985208,2361.780685384876,45885.111140777706
2025-06-11 20:37:32+00:00,39.73688259094139,-74.72419207246006,-2372.9769860042043,39.981966356768815,-75.14856448032653,8.188253726519179,2.800420578706877e-06,2.885499945261884e-06,4828.970206899167,5000.0,45900.98003541851,2367.9769860042043,45962.02000802548
2025-06-11 20:37:33+00:00,39.73655150243413,-74.72341375508464,-2376.770927211386,39.98127408224513,-75.14740734731342,12.36265711649321,2.8073961416259424e-06,2.895060700335961e-06,4844.548486413636,5000.0,45982.70602433914,2371.770927211386,46043.8329274612
2025-06-11 20:37:34+00:00,39.7361970162474,-74.72262683438731,-2379.632527283264,39.98062320219463,-75.14632153066333,15.700067880912684,2.816362776610442e-06,2.907570691269901e-06,4866.538894886995,5000.0,46066.69028352815,2374.632527283264,46127.85311845912
2025-06-11 20:37:35+00:00,39.73583295502439,-74.72185002243847,-2381.9175348763783,39.98004533459019,-75.14533143337815,17.721266799722798,2.8262428155187096e-06,2.9260516139198616e-06,4874.444258808492,5000.0,46150.53409969403,2376.9175348763783,46211.703438140255
2025-06-11 20:37:36+00:00,39.735466720469695,-74.72109068407455,-2384.069741635849,39.97951275763496,-75.14440863455052,18.95790380134713,2.839250344557105e-06,2.937166849189823e-06,4910.872540487931,5000.0,46233.59322595708,2379.069741635849,46294.76336929298
2025-06-11 20:37:37+00:00,39.73510208568347,-74.72035474573852,-2386.49108925224,39.97901489233141,-75.14354473568243,19.37063074368052,2.8485704395409345e-06,2.941709314820078e-06,4932.19850038051,5000.0,46315.16141202385,2382.49108925224,46376.39960596542
2025-06-11 20:37:38+00:00,39.734740938990406,-74.71964126720478,-2388.6134721887342,39.97848832889417,-75.14270505221951,19.81630078877788,2.8588204447494637e-06,2.9518325542782944e-06,4957.137559219398,5000.0,46394.67462176046,2384.6134721887342,46455.91689624442
2025-06-11 20:37:39+00:00,39.73438027513354,-74.7189535710452,-2390.637183572033,39.977951058893616,-75.14190322828172,20.15988745028153,2.8669845743193467e-06,2.9641343131867496e-06,4986.870735910434,5000.0,46472.72468182728,2386.637183572033,46533.96798467681
2025-06-11 20:37:40+00:00,39.73402595420635,-74.71829037477383,-2392.8169520225947,39.97742415694847,-75.14114112816385,20.244937984156422,2.872583835892463e-06,2.975103425665048e-06,5009.094867858385,5000.0,46549.12594706177,2389.8169520225947,46610.43178838396
2025-06-11 20:37:41+00:00,39.73367555066031,-74.71765654142536,-2394.861564157815,39.97690191323902,-75.14041953768785,20.10765427467413,2.8791180770152694e-06,2.990287563658016e-06,5022.197942065871,5000.0,46622.51075285298,2391.861564157815,46683.8249358596
2025-06-11 20:37:42+00:00,39.73333098539639,-74.71705090556307,-2397.057129590441,39.97632313203841,-75.13972790140998,20.02351931494195,2.8839095038264923e-06,3.010353037360152e-06,5069.61021777954,5000.0,46694.28533957307,2394.057129590441,46755.61776849079
2025-06-11 20:37:43+00:00,39.73299120785791,-74.71647578269236,-2399.246273937345,39.97564909337776,-75.13906261955711,20.09995825623628,2.90140852582168e-06,3.011201135044853e-06,5100.588496227668,5000.0,46763.33973809653,2396.246273937345,46824.69369537826
2025-06-11 20:37:44+00:00,39.73265671668989,-74.71592870279196,-2401.387336672018,39.97498180152994,-75.13843689602213,20.098856217926368,2.903354826435942e-06,3.0161365176878382e-06,5121.374815080781,5000.0,46830.451325136186,2398.387336672018,46891.826933194425
2025-06-11 20:37:45+00:00,39.73233182525431,-74.71540385186023,-2403.470608912461,39.974301963420025,-75.13784570571349,20.14202210609801,2.910823487097378e-06,3.02603855265014e-06,5134.197322624719,5000.0,46894.781250339634,2400.470608912461,46956.17922767416
2025-06-11 20:37:46+00:00,39.7320237741472,-74.71490375682586,-2405.470657815754,39.97366067206467,-75.13728806479047,20.23539455269929,2.913458287267817e-06,3.0365303842186075e-06,5155.788185259895,5000.0,46954.96092071908,2402.470657815754,47016.38246747533
2025-06-11 20:37:47+00:00,39.73173159669737,-74.71442679823525,-2407.291006230156,39.973064940038746,-75.13676384276908,20.3492889724439,2.916726207250878e-06,3.04014364631214e-06,5187.183484867186,5000.0,47013.39114137967,2404.291006230156,47074.82938742312
2025-06-11 20:37:48+00:00,39.73145263661976,-74.71396603307515,-2408.937673609621,39.972499495299424,-75.13626211151343,20.6814840787556,2.926218851403102e-06,3.0595708878074243e-06,5206.215909327877,5000.0,47070.19158078719,2405.937673609621,47131.6398138374
2025-06-11 20:37:49+00:00,39.73119913242377,-74.71351655743571,-2410.2177042700523,39.97201811099556,-75.13578533604479,21.140201981412247,2.9368888829584774e-06,3.067802393030508e-06,5205.077330620655,5000.0,47124.25348309334,2407.2177042700523,47185.6965977465
2025-06-11 20:37:50+00:00,39.730967616976784,-74.71307757246446,-2411.1473458772543,39.97159318101495,-75.13533152658698,21.907962300931104,2.954188501539524e-06,3.066666772383736e-06,5206.144119695227,5000.0,47175.85498412498,2408.1473458772543,47237.27836277875
2025-06-11 20:37:51+00:00,39.73075989886237,-74.71265138465326,-2411.7396824172542,39.97134184493618,-75.1348934623327,22.684374652337283,2.9609253986098763e-06,3.075548648948496e-06,5224.974092121825,5000.0,47225.22327950231,2408.7396824172542,47286.61270017655
2025-06-11 20:37:52+00:00,39.73058315305275,-74.71223777817167,-2411.7614211142677,39.97116720632891,-75.13448314363751,23.560537722543813,2.972733279200388e-06,3.083284212349807e-06,5239.435331151634,5000.0,47272.03678729692,2408.7614211142677,47333.36659908527
2025-06-11 20:37:53+00:00,39.7304359791009,-74.71183667040563,-2411.8779706831647,39.97107206538729,-75.13409962459693,24.386707105324604,2.987395467130777e-06,3.090516710892847e-06,5251.824564061072,5000.0,47316.236574029215,2408.8779706831647,47377.51509531861
2025-06-11 20:37:54+00:00,39.7303087842922,-74.71145299573077,-2412.133192797937,39.97106924122247,-75.13372954623804,24.918601294746622,2.9925893189304373e-06,3.0923411578896698e-06,5263.580749566984,5000.0,47358.38496243028,2409.133192797937,47419.62198278664
2025-06-11 20:37:55+00:00,39.730201103872346,-74.71108696890195,-2411.891209436993,39.97103612122497,-75.13337297442817,25.649045944330283,2.998007232622139e-06,3.101460927231725e-06,5278.692585387632,5000.0,47397.55442214389,2407.891209436993,47458.67787113939
2025-06-11 20:37:56+00:00,39.73011199093658,-74.71074092625284,-2411.725413001824,39.97112855952276,-75.13303437146863,26.12178551894613,3.006178797483367e-06,3.1209142135579603e-06,5300.251252135381,5000.0,47435.14655516962,2406.725413001824,47496.16253892528
2025-06-11 20:37:57+00:00,39.73003857156569,-74.71040608648083,-2411.4824352942924,39.971267479917564,-75.13271250005464,26.549002471147105,3.015859755882643e-06,3.1325310993877644e-06,5318.3183141561385,5000.0,47471.22542362948,2406.4824352942924,47532.18279158264
2025-06-11 20:37:58+00:00,39.72998695083639,-74.7100886054543,-2411.283036715904,39.97138918685161,-75.13242204317525,27.0882413960062,3.0333606017977214e-06,3.137055711190834e-06,5349.22499536376,5000.0,47504.97673567048,2406.283036715904,47565.880762468594
2025-06-11 20:37:59+00:00,39.72995081797004,-74.70978651087685,-2410.940822458985,39.97152146590464,-75.13213578179294,27.568782915594056,3.05245533456052e-06,3.149800566520911e-06,5361.632377451642,5000.0,47536.81938222237,2406.940822458985,47597.715923149626
2025-06-11 20:38:00+00:00,39.72993185149186,-74.70950006022309,-2410.357391367301,39.97171133861852,-75.13187836403601,28.18034956138581,3.054558058679916e-06,3.162670487317368e-06,5387.88509094743,5000.0,47566.153248936585,2406.357391367301,47626.98280173024
2025-06-11 20:38:01+00:00,39.72992833746318,-74.70923091523068,-2409.7161321987965,39.97192177547953,-75.13163219749829,28.819059288012795,3.055405969811809e-06,3.1717105219463315e-06,5409.049061249185,5000.0,47593.64802877726,2405.7161321987965,47654.4101085708
2025-06-11 20:38:02+00:00,39.72993507229495,-74.70897988130795,-2409.003514676906,39.97222982434821,-75.13138801448353,29.364690572256222,3.0579099377623355e-06,3.1789560177343267e-06,5426.588762788718,5000.0,47618.99697186507,2405.003514676906,47679.690797152856
2025-06-11 20:38:03+00:00,39.72995222052684,-74.70874935872726,-2408.5567974625164,39.97256503097285,-75.13114099542281,29.74786860507448,3.0693080262027827e-06,3.182841163191464e-06,5439.35684331674,5000.0,47641.17250551942,2404.5567974625164,47701.81559535112
2025-06-11 20:38:04+00:00,39.729984203784056,-74.7085402741822,-2408.1723624319266,39.97305047466192,-75.13089560053307,29.796724213985726,3.076899828450827e-06,3.1861304345460275e-06,5467.801258828862,5000.0,47661.322316001664,2405.1723624319266,47721.97082060636
2025-06-11 20:38:05+00:00,39.73002605005429,-74.70835061940275,-2407.9003887045146,39.97361117403727,-75.13066601129468,29.554108201526105,3.081302179470765e-06,3.197896173398182e-06,5516.5973873462735,5000.0,47679.254739083575,2404.9003887045146,47739.86676095791
2025-06-11 20:38:06+00:00,39.73007600632749,-74.70818482564562,-2407.6175578219177,39.97400605768887,-75.13049718005742,29.659931360161863,3.099276519981686e-06,3.2096642811401982e-06,5530.446227487345,5000.0,47694.362981294114,2404.6175578219177,47754.94158504252
2025-06-11 20:38:07+00:00,39.73013839072833,-74.70803967734452,-2407.35830412162,39.97447649780688,-75.1303180585132,29.506540457485244,3.109260203091877e-06,3.226933868105231e-06,5553.19349963761,5000.0,47707.46571680701,2404.35830412162,47768.01465389696
2025-06-11 20:38:08+00:00,39.73020969031892,-74.70791282553827,-2407.005262721602,39.974854773518345,-75.13018057636013,29.48828638053965,3.1143783671102627e-06,3.2357372520687564e-06,5572.056650605768,5000.0,47718.13716795358,2404.005262721602,47778.65481658966
2025-06-11 20:38:09+00:00,39.73029901182112,-74.70779915291806,-2406.573694859023,39.97533291260691,-75.13012933910242,29.70355718303472,3.1216387252720645e-06,3.2393037119713906e-06,5594.490924504865,5000.0,47725.85160106304,2403.573694859023,47786.33777088708
2025-06-11 20:38:10+00:00,39.73040513196828,-74.70772203557462,-2406.2657882600315,39.97587098239493,-75.13006490503881,29.88978380151093,3.1313866665259235e-06,3.2492266146707573e-06,5617.968811673561,5000.0,47728.99435160864,2403.2657882600315,47789.46105853163
2025-06-11 20:38:11+00:00,39.730521963173615,-74.70766824581452,-2406.000501294832,39.9765300704285,-75.13002004356926,29.622317801928148,3.1399858899876247e-06,3.2569638833800458e-06,5637.055046142486,5000.0,47728.97099249625,2403.000501294832,47789.4243887889
2025-06-11 20:38:12+00:00,39.73066468112334,-74.70761206759289,-2405.5306678957463,39.97715191175298,-75.13004302583848,29.803920950507745,3.150231447049187e-06,3.268900696778785e-06,5656.960213974575,5000.0,47727.00110403317,2403.5306678957463,47787.48365478035
2025-06-11 20:38:13+00:00,39.73082201315772,-74.70755627546654,-2404.9046782700066,39.97782656635629,-75.13004714879811,30.162655341788195,3.15610907491101e-06,3.285925377105144e-06,5680.181081309753,5000.0,47722.0509863196,2402.9046782700066,47782.50831877434
2025-06-11 20:38:14+00:00,39.73099071281023,-74.70750730247818,-2404.191683055279,39.97843083111609,-75.13008062314503,30.56237169110682,3.1608486887595017e-06,3.284861949013452e-06,5709.447499989093,5000.0,47714.98044576088,2401.191683055279,47775.36059977065
2025-06-11 20:38:15+00:00,39.73116491699159,-74.70747209775371,-2403.610622838354,39.97925622637689,-75.13004632253866,30.891348534845747,3.1748692674243354e-06,3.2978302190237216e-06,5736.1170856926365,5000.0,47707.30011077041,2400.610622838354,47767.66076773698
2025-06-11 20:38:16+00:00,39.73134275488648,-74.7074470306227,-2402.7523303085354,39.98015319292382,-75.12994330649398,31.072909951442853,3.1938584045383232e-06,3.296504813646619e-06,5759.313550897466,5000.0,47701.4170275805,2399.7523303085354,47761.74198755704
2025-06-11 20:38:17+00:00,39.73152637658313,-74.70742924491296,-2402.04962393647,39.98115559697258,-75.12978211669761,31.127171831321903,3.2014814862119032e-06,3.3081028922170853e-06,5768.472884313939,5000.0,47696.71486460179,2399.04962393647,47757.01045891833
2025-06-11 20:38:18+00:00,39.73172112774455,-74.70742802130164,-2401.280134304474,39.982259475437615,-75.1297130877643,31.26767884520814,3.215012480993896e-06,3.31376137173584e-06,5798.314731240513,5000.0,47690.26941427155,2399.280134304474,47750.58472907607
2025-06-11 20:38:19+00:00,39.73191698674248,-74.70743898940535,-2400.617132112028,39.98350082104798,-75.12950233824203,31.215306492871605,3.221250582710789e-06,3.327512023173409e-06,5817.350462014704,5000.0,47682.16621811226,2398.617132112028,47742.45845574092
2025-06-11 20:38:20+00:00,39.73211081072817,-74.70746068430424,-2399.85376046608,39.98482762427269,-75.12918090705509,31.041501075960696,3.2360584460548586e-06,3.342060979190784e-06,5854.768602207557,5000.0,47673.80996536648,2397.85376046608,47734.074404668805
2025-06-11 20:38:21+00:00,39.7323022947442,-74.70750197467373,-2399.1130442886,39.986035171410656,-75.12896332525925,30.920136228669435,3.255550120333352e-06,3.34999759551372e-06,5886.3781041091015,5000.0,47665.425856368216,2397.1130442886,47725.66367287138
2025-06-11 20:38:22+00:00,39.73248944274702,-74.70755642474528,-2398.450298967963,39.98720534698347,-75.12870736241933,30.623075702926144,3.2596062251298075e-06,3.357700141498336e-06,5902.031717623513,5000.0,47656.92134586648,2396.450298967963,47717.13660941453
2025-06-11 20:38:23+00:00,39.73267522431146,-74.70763574712404,-2398.259725303368,39.98817030692968,-75.12862834291695,30.17133380682208,3.2706713540719893e-06,3.3734091385236566e-06,5940.991026938133,5000.0,47646.98303737376,2396.259725303368,47707.20127229111
2025-06-11 20:38:24+00:00,39.73285260544722,-74.70774150582193,-2398.2376406618123,39.98906952693045,-75.12859097864724,29.36619105061982,3.27963880859326e-06,3.3866877520263005e-06,5973.1366102080765,5000.0,47635.26197148938,2396.2376406618123,47695.49389536654
2025-06-11 20:38:25+00:00,39.733030772534185,-74.70787052470038,-2398.65646427724,39.98976220416182,-75.12874987976328,28.804586036596447,3.290289401368789e-06,3.3960262480684548e-06,6003.430360571158,5000.0,47621.07116776089,2397.65646427724,47681.39234214578
2025-06-11 20:38:26+00:00,39.73320583453114,-74.70801609033434,-2398.701372917957,39.99033532202504,-75.12884288147664,28.375492673716508,3.2947336354461527e-06,3.4109256736938543e-06,6026.1946789930935,5000.0,47604.99345054036,2397.701372917957,47665.33723052511
2025-06-11 20:38:27+00:00,39.73309388362132,-74.70823034038676,-2399.2833483029917,39.9851408629012,-75.15902641914944,25.997622800408863,3.3095224889607984e-06,3.4209591578049235e-06,6042.004645221957,5000.0,47602.94566179785,2398.2833483029917,47663.32131418064
2025-06-11 20:38:28+00:00,39.73297310788763,-74.70847288433859,-2400.187279289037,39.98503161364189,-75.15925541891716,25.84358608990442,3.3173692436058345e-06,3.428423019557077e-06,6062.87255049487,5000.0,47598.7744517715,2399.187279289037,47659.20088410754
2025-06-11 20:38:29+00:00,39.73285174286879,-74.70872385536745,-2400.4058997531474,39.98492088695398,-75.15949111630566,25.90161639964208,3.3225614945998844e-06,3.4366284455979413e-06,6074.818568594089,5000.0,47594.29426953128,2399.4058997531474,47654.73738975495
2025-06-11 20:38:30+00:00,39.73273553614669,-74.70900059510947,-2400.476291528972,39.98483439297182,-75.15976727581152,26.296551309991628,3.3368884889259747e-06,3.4559739940130464e-06,6094.451893116798,5000.0,47587.77098727018,2399.476291528972,47648.22592721038
2025-06-11 20:38:31+00:00,39.73262108572662,-74.70932014162616,-2400.989178999779,39.98475215576832,-75.16005531852919,26.38992534694262,3.351474390348736e-06,3.4737850358471597e-06,6125.109815524416,5000.0,47578.642216584645,2399.989178999779,47639.13457686954
2025-06-11 20:38:32+00:00,39.73251416825613,-74.70968411865152,-2401.949552194728,39.984673863724446,-75.16038417479545,26.10611890873406,3.352960272544589e-06,3.482691425791983e-06,6149.911999495285,5000.0,47567.02945763,2401.949552194728,47627.63539243082
2025-06-11 20:38:33+00:00,39.732419588745714,-74.71008929504654,-2403.378362591457,39.98461610956414,-75.16075058501258,25.43785071338061,3.368044805994243e-06,3.501213555623936e-06,6165.440268359836,5000.0,47551.71752213571,2403.378362591457,47612.41504963554
2025-06-11 20:38:34+00:00,39.732339250888685,-74.71052820053085,-2405.0837673577425,39.984593679037815,-75.16112988062503,24.741848267847672,3.378777220364893e-06,3.508157502349368e-06,6184.488665491388,5000.0,47530.99032517199,2404.0837673577425,47591.7499158422
2025-06-11 20:38:35+00:00,39.732276465528415,-74.71099301441592,-2406.8320481587616,39.98460592931393,-75.16149969051212,24.21719949389808,3.3815939160706878e-06,3.5142138534422625e-06,6215.76863375758,5000.0,47505.71648054207,2406.8320481587616,47566.64733652867
2025-06-11 20:38:36+00:00,39.73222508785126,-74.71146624502231,-2408.4964021138394,39.98461001517111,-75.16182918544108,23.96279226907064,3.390045982170811e-06,3.530593882318595e-06,6242.777544545271,5000.0,47478.61238512582,2408.4964021138394,47539.66227200208
2025-06-11 20:38:37+00:00,39.73218328893717,-74.71193663592743,-2409.645527523531,39.9846005736352,-75.16213563014912,24.029788343934342,3.399260245982064e-06,3.5382373367195653e-06,6287.751196001131,5000.0,47450.95160042283,2409.645527523531,47512.09529534542
2025-06-11 20:38:38+00:00,39.73214863029349,-74.71240674801413,-2410.7633592880425,39.98457448372163,-75.16244963458925,24.201779324095696,3.4108047761040025e-06,3.55019718752679e-06,6318.548747743741,5000.0,47421.05375079194,2409.7633592880425,47482.24192562169
2025-06-11 20:38:39+00:00,39.73212028883747,-74.71288184657661,-2411.737035133274,39.9845337516734,-75.16277605960165,24.5213978481479,3.4205955670070884e-06,3.5658031090052893e-06,6333.37263829337,5000.0,47390.32488474038,2410.737035133274,47451.60214085301
2025-06-11 20:38:40+00:00,39.732096997123534,-74.71335491709112,-2412.501742588134,39.98448663737536,-75.16313480628317,24.91880310710985,3.4277686461402424e-06,3.573567846867824e-06,6357.473517721216,5000.0,47359.27437562497,2411.501742588134,47420.630637310525
2025-06-11 20:38:41+00:00,39.73207784433853,-74.71383439603912,-2413.1242027669523,39.98445062296848,-75.16354682001919,25.313325636205263,3.448709598813456e-06,3.582386568903234e-06,6387.567777012281,5000.0,47327.62428958539,2412.1242027669523,47389.05320921412
2025-06-11 20:38:42+00:00,39.73205754571637,-74.71430610923628,-2413.3972017938654,39.984423144630526,-75.16400184260264,25.75084938737564,3.462417791219973e-06,3.5915480354584093e-06,6428.269753915213,5000.0,47296.6023820294,2412.3972017938654,47358.085446341815
2025-06-11 20:38:43+00:00,39.73203124555194,-74.71477123763748,-2413.386418210075,39.98435187662579,-75.16445655335862,26.364146370324303,3.4750097025777976e-06,3.614125634457627e-06,6437.331980244918,5000.0,47266.371053432464,2411.386418210075,47327.84188000427
2025-06-11 20:38:44+00:00,39.73199979680746,-74.71524206782584,-2413.309119434076,39.98434445905036,-75.16497561772006,26.76684505830053,3.481284648959363e-06,3.6366341862903546e-06,6467.24248035255,5000.0,47236.38691531432,2411.309119434076,47297.89277000344
2025-06-11 20:38:45+00:00,39.731968317112,-74.71572031259183,-2413.1014841394963,39.98429093311233,-75.16550025412181,27.29059283656533,3.504689084063915e-06,3.6415371147403178e-06,6488.198049276495,5000.0,47208.127825609015,2411.1014841394963,47269.65985879167
2025-06-11 20:38:46+00:00,39.73194177667011,-74.71622071153212,-2412.8862886586567,39.984386118451845,-75.16611420408485,27.63254862290341,3.5205783137283838e-06,3.6428932460683223e-06,6512.368338036058,5000.0,47178.42024145218,2411.8862886586567,47240.03103246741
2025-06-11 20:38:47+00:00,39.73190937193884,-74.7167279818477,-2412.682904067082,39.98443821198448,-75.16670095752195,27.97242428024765,3.522982354352484e-06,3.654912427859111e-06,6535.587132084059,5000.0,47149.16518968697,2411.682904067082,47210.80376899084
2025-06-11 20:38:48+00:00,39.73187314075447,-74.71724620029303,-2412.385617535347,39.98451783242177,-75.16727110406111,28.13769740692805,3.531893750031793e-06,3.672693723795909e-06,6550.480657968131,5000.0,47121.47945226489,2411.385617535347,47183.13900501617
2025-06-11 20:38:49+00:00,39.73184382883966,-74.71778741547487,-2412.104400871339,39.98459243360384,-75.16784425214824,28.31874572939705,3.5367852684895034e-06,3.684140690487828e-06,6564.564028491995,5000.0,47091.335154720575,2411.104400871339,47153.01974514594
2025-06-11 20:38:50+00:00,39.73180513657313,-74.71834190383211,-2411.8911203844777,39.98468406627783,-75.16834664582886,28.18552084080875,3.5485553646551453e-06,3.694620820270889e-06,6591.719769932861,5000.0,47060.37518680294,2410.8911203844777,47122.08939252383
2025-06-11 20:38:51+00:00,39.73176087292441,-74.71890644651552,-2411.4991985760435,39.98471521942764,-75.1689147784127,28.27794386562892,3.560254593336504e-06,3.7108462936709024e-06,6615.972985495146,5000.0,47028.5187350576,2410.4991985760435,47090.25462662099
2025-06-11 20:38:52+00:00,39.73170812059065,-74.71948102248976,-2411.2597984750328,39.984832557441855,-75.16948583208637,28.272021977463737,3.556747008711236e-06,3.7161005781222777e-06,6644.516277383985,5000.0,46996.276786266135,2410.2597984750328,47058.04271394511
2025-06-11 20:38:53+00:00,39.73165324174796,-74.72007509406835,-2410.8185474933925,39.98489670135584,-75.17007638248165,28.372906627249904,3.572357611282785e-06,3.721885285338236e-06,6671.408967052068,5000.0,46962.44237739223,2410.8185474933925,47024.28138864882
2025-06-11 20:38:54+00:00,39.731594719330445,-74.72069366527492,-2410.3864659521187,39.98513375673637,-75.17074835278393,28.48772536253091,3.5831700919199577e-06,3.7256237217877177e-06,6676.695147830336,5000.0,46927.01219101532,2410.3864659521187,46988.875663192295
2025-06-11 20:38:55+00:00,39.73151923377917,-74.72130755117438,-2410.0136120178904,39.9849725827815,-75.17132063292344,28.54485405876767,3.595136398840349e-06,3.733309146985128e-06,6691.362617357566,5000.0,46892.51184613326,2410.0136120178904,46954.40163445659
2025-06-11 20:38:56+00:00,39.73143513711564,-74.72192713889444,-2409.83576616682,39.98522552218717,-75.17203776485006,28.680846867267974,3.618722928017048e-06,3.7385693037512088e-06,6710.846215958356,5000.0,46856.99213368597,2409.83576616682,46918.91964054805
2025-06-11 20:38:57+00:00,39.73134087242193,-74.72256227237008,-2409.5810478031854,39.985270571670334,-75.17261474699785,28.648592038778588,3.633637039327511e-06,3.7514135783309698e-06,6726.328945186301,5000.0,46820.9110041784,2409.5810478031854,46882.87307841881
2025-06-11 20:38:58+00:00,39.731225619610456,-74.72320393359757,-2409.430115836085,39.98520740555228,-75.17311389275343,28.40623174107168,3.637573364966893e-06,3.755889394541942e-06,6749.588673914872,5000.0,46785.788862885085,2409.430115836085,46847.78962774616
2025-06-11 20:38:59+00:00,39.73109624203319,-74.72385593594927,-2409.253303910116,39.985119788699365,-75.17368705876648,28.25090440257918,3.648221890513893e-06,3.7687466499597e-06,6788.537394071898,5000.0,46752.11398767032,2409.253303910116,46814.15025180444
2025-06-11 20:39:00+00:00,39.73095587091763,-74.72451926173564,-2409.07874459738,39.98509277497603,-75.1743440530119,28.21909350762144,3.6508806871789103e-06,3.7805643671475687e-06,6809.401892160377,5000.0,46718.81464149665,2409.07874459738,46780.88607438076
2025-06-11 20:39:01+00:00,39.73080490235206,-74.72519279400734,-2408.9803137837616,39.98508883252614,-75.17503642300147,28.05657703545876,3.659743177173525e-06,3.793015402180251e-06,6827.698271714773,5000.0,46684.72006392419,2408.9803137837616,46746.83169583971
2025-06-11 20:39:02+00:00,39.73064329038412,-74.72588111768924,-2408.798081114004,39.98495577578037,-75.17578096364682,27.999821383622475,3.667175035137249e-06,3.813296801055117e-06,6850.752158183656,5000.0,46649.81411332536,2408.798081114004,46711.962761196286
2025-06-11 20:39:03+00:00,39.73049151615936,-74.72658442242493,-2408.592089984122,39.9851489918852,-75.17662699955251,27.99373621237464,3.6739110342313e-06,3.817150950158923e-06,6855.543868572748,5000.0,46613.35070032992,2408.592089984122,46675.53726919361
2025-06-11 20:39:04+00:00,39.730332360253975,-74.72732272296219,-2408.4152291182586,39.98539830546259,-75.1775467030338,27.93177953234408,3.692736966704987e-06,3.82867185774862e-06,6908.46245071457,5000.0,46574.92277804301,2408.4152291182586,46637.15145349808
2025-06-11 20:39:05+00:00,39.73018165000866,-74.72806759584893,-2408.2192913044905,39.98552516463711,-75.17842586143828,27.767467196797952,3.702661985970305e-06,3.835031476447002e-06,6943.1179205923145,5000.0,46535.37572240411,2408.2192913044905,46597.64708416434
2025-06-11 20:39:06+00:00,39.73003332236962,-74.72884906664308,-2408.078943994752,39.98604271905317,-75.17977083841066,27.753391787293367,3.714601474512463e-06,3.838290490402841e-06,6961.249906292148,5000.0,46493.21221480285,2408.078943994752,46555.53271364429
2025-06-11 20:39:07+00:00,39.72988936238371,-74.72966601410627,-2407.46361839741,39.98641647055638,-75.18108425744114,27.97991140873637,3.720856904743082e-06,3.855931065694444e-06,6977.748565228484,5000.0,46448.3614583442,2408.46361839741,46510.76197146354
2025-06-11 20:39:08+00:00,39.72972751498715,-74.73050206567663,-2407.4179427646704,39.98652377089391,-75.18180058770432,28.15021062863525,3.7186932237497353e-06,3.858338524987567e-06,7008.037882378379,5000.0,46404.22958940938,2409.4179427646704,46466.73884198818
2025-06-11 20:39:09+00:00,39.72953209408544,-74.73134595443088,-2407.480830224854,39.98593952020588,-75.18257476321644,27.73340381903108,3.7225159546726433e-06,3.8656380410829145e-06,7047.147298321091,5000.0,46362.273269513855,2409.480830224854,46424.842278550605
2025-06-11 20:39:10+00:00,39.729319259998334,-74.73221383435913,-2407.819770409073,39.98527874609443,-75.18362629343414,27.40219887648709,3.7421854199475534e-06,3.870070996390945e-06,7058.163468831636,5000.0,46320.74807913624,2409.819770409073,46383.390711941895
2025-06-11 20:39:11+00:00,39.7291066080882,-74.7330997704376,-2407.880009034405,39.98509058197004,-75.18465947418858,27.04356417921372,3.7481879757328377e-06,3.8761730789453415e-06,7104.78479242358,5000.0,46278.50674780866,2409.880009034405,46341.20961374353
2025-06-11 20:39:12+00:00,39.72890082892821,-74.73400752543094,-2408.126414796677,39.98512410926092,-75.18576674773787,26.90581991430372,3.756300405217468e-06,3.882844736611958e-06,7114.374818700517,5000.0,46234.32310173058,2410.126414796677,46297.09863490928
2025-06-11 20:39:13+00:00,39.72869599763688,-74.73494546698706,-2408.3348677256904,39.98503501435406,-75.18683255448502,26.80530938785523,3.7624897458757545e-06,3.884265215345142e-06,7136.829665994807,5000.0,46188.08485838993,2410.3348677256904,46250.93401284349
2025-06-11 20:39:14+00:00,39.728496810254974,-74.73590411200671,-2408.3072087037945,39.98467931445219,-75.18792875940929,26.82603728491813,3.7768805607559888e-06,3.893404121829656e-06,7162.492715095261,5000.0,46140.6943491928,2410.3072087037945,46203.60652444743
2025-06-11 20:39:15+00:00,39.72829806239301,-74.73687705198819,-2408.121838615584,39.9845353923112,-75.18900093819266,26.8883901827503,3.7910592494422985e-06,3.905596724731967e-06,7202.994453911099,5000.0,46092.55241669984,2410.121838615584,46155.52053181932
2025-06-11 20:39:16+00:00,39.72809068498739,-74.73785177000028,-2408.091772349508,39.98433445805926,-75.18998785133569,26.984043436241336,3.796642671498338e-06,3.915059533021134e-06,7233.215316689071,5000.0,46044.843736492185,2410.091772349508,46107.8754343456
2025-06-11 20:39:17+00:00,39.7279410814476,-74.73888803525463,-2407.8561345764265,39.98622259786294,-75.1921234589732,27.25414256332442,3.810048816043029e-06,3.924265072589424e-06,7272.559192810247,5000.0,45988.90186442954,2409.8561345764265,46051.99779906933
2025-06-11 20:39:18+00:00,39.72780477262721,-74.7399423588368,-2407.58091491993,39.98646421080225,-75.19349380194414,27.27704040624667,3.817386084578642e-06,3.935174785058753e-06,7308.933313582168,5000.0,45930.812972715,2408.58091491993,45993.92179797501
2025-06-11 20:39:19+00:00,39.72766613602076,-74.74102087648971,-2407.382213455483,39.98646933969735,-75.19467436120543,27.441833847668025,3.833080580520908e-06,3.954314574194581e-06,7325.048810869208,5000.0,45871.78004074558,2408.382213455483,45934.95955144223
2025-06-11 20:39:20+00:00,39.72752742051982,-74.74211316507181,-2407.1591688512044,39.98633365034388,-75.19591973806148,27.65875611815136,3.8346099288346266e-06,3.961153329462419e-06,7346.463607606471,5000.0,45812.000038556784,2408.1591688512044,45875.25016951133
2025-06-11 20:39:21+00:00,39.72740055451042,-74.74322773578211,-2406.680039638826,39.98665527267108,-75.19734184105972,27.82779139908962,3.839833288945661e-06,3.9746586845179165e-06,7368.916298029349,5000.0,45750.04455537559,2407.680039638826,45813.35503968387
2025-06-11 20:39:22+00:00,39.72728854507902,-74.74437169127265,-2406.3757677200542,39.98700417198238,-75.19886949974574,28.101005228352733,3.844970491798466e-06,3.981183610256139e-06,7391.042311927539,5000.0,45684.92846311063,2407.3757677200542,45748.31304831405
2025-06-11 20:39:23+00:00,39.72718505775799,-74.74553980660245,-2406.022915619824,39.98734906130896,-75.20032500121843,28.23800209304318,3.8456492246946245e-06,3.996896342146329e-06,7426.080535795161,5000.0,45617.61514542909,2407.022915619824,45681.07453719538
2025-06-11 20:39:24+00:00,39.72709705259726,-74.74673398359886,-2405.787722111637,39.9878984287985,-75.20180016157971,28.30128184054047,3.84935332900966e-06,4.008539668226493e-06,7446.4970817759795,5000.0,45547.74830719918,2406.787722111637,45611.29249424175
2025-06-11 20:39:25+00:00,39.727038082032415,-74.74796234024421,-2405.387011070288,39.98919462373774,-75.20364314163501,28.214691382134333,3.863735248624123e-06,4.027616407724082e-06,7486.668330923469,5000.0,45475.00561181128,2406.387011070288,45538.63012697368
2025-06-11 20:39:26+00:00,39.7270011172962,-74.74922263689956,-2405.067408055316,39.990226845872776,-75.20529847283167,28.19076748250518,3.874420971992733e-06,4.035981420213934e-06,7498.340331922469,4999.9953516857095,45398.17844889383,2406.067408055316,45461.89356867699
2025-06-11 20:39:27+00:00,39.72680066788051,-74.749542750986,-2404.4726682244154,39.98566442624955,-75.16152100650532,27.9825623605866,3.876796718195927e-06,4.048863832382277e-06,7524.286901104073,4999.981465362105,45394.48398933012,2405.4726682244154,45458.17281210413
2025-06-11 20:39:28+00:00,39.72659730991978,-74.74986879711665,-2403.922726691313,39.98547292019331,-75.16184354284556,28.23432358761784,3.894008423168267e-06,4.055888136224073e-06,7559.356397757675,4999.95841496617,45390.496777882414,2403.922726691313,45454.10918958656
2025-06-11 20:39:29+00:00,39.72640076085344,-74.75019768066888,-2403.254859554644,39.98528992373402,-75.16217260046567,28.419776958879083,3.911634003811168e-06,4.065953301000016e-06,7562.566264078946,4999.92628488655,45385.45198793723,2403.254859554644,45449.03614015735
2025-06-11 20:39:30+00:00,39.72618844306396,-74.75053108464226,-2402.8728603961627,39.98510740835617,-75.16250671694475,28.53287430095952,3.929438170619599e-06,4.075542228199534e-06,7581.00621428344,4999.885181594414,45380.8749289693,2402.8728603961627,45444.44528544696
2025-06-11 20:39:31+00:00,39.72597014719128,-74.75086386428353,-2402.44246682986,39.98491399694229,-75.16284197192766,28.564802628126927,3.947301980585475e-06,4.088046568648748e-06,7579.255094102717,4999.835265331619,45375.364542202384,2402.44246682986,45438.9198501041
2025-06-11 20:39:32+00:00,39.72573519694157,-74.75119811024845,-2402.130383808226,39.98471933842691,-75.1631779035095,28.40927974740044,3.961660754147504e-06,4.110995696491057e-06,7607.973141570211,4999.77671244001,45369.5103948158,2402.130383808226,45433.0573904741
2025-06-11 20:39:33+00:00,39.72548565767606,-74.75153641364639,-2402.014923811905,39.98451733862544,-75.16351232848102,28.10422009555623,3.96600923489947e-06,4.122873060656259e-06,7632.165674742679,4999.709852245708,45364.8668445183,2401.014923811905,45428.36136693952
2025-06-11 20:39:34+00:00,39.72522090224886,-74.75186977608084,-2402.028510123747,39.98430017871385,-75.16384285936093,27.67382655572146,3.9752091077442885e-06,4.139297903207567e-06,7670.005319347895,4999.634879257372,45361.625596981,2401.028510123747,45425.125368094574
2025-06-11 20:39:35+00:00,39.72493436543095,-74.75220392825791,-2402.2866108481485,39.98406035690661,-75.16416778234868,27.108006080030464,3.980443064097895e-06,4.150099179255547e-06,7697.304579768817,4999.552097079478,45360.1942034823,2400.2866108481485,45423.656765961125
2025-06-11 20:39:36+00:00,39.72463054090028,-74.7525336108981,-2402.8795181701325,39.983784657012784,-75.16448856903659,26.47270159982145,3.987397636766792e-06,4.1642769578824426e-06,7724.2491178897135,4999.461779259193,45360.1838857453,2400.8795181701325,45423.67779704101
2025-06-11 20:39:37+00:00,39.72430696761943,-74.75285899615733,-2403.644466870944,39.98347105048621,-75.16480708705448,25.79880795895588,3.997158579337218e-06,4.176793785739681e-06,7751.377797852646,4999.36423458651,45361.891537167634,2401.644466870944,45425.42349802599
2025-06-11 20:39:38+00:00,39.72396671760896,-74.75317862915529,-2404.6146823677545,39.98312715625615,-75.16512595275168,25.12370780610945,4.01354796589735e-06,4.185507494017651e-06,7784.446059585025,4999.259624010506,45365.22744772599,2402.6146823677545,45428.80604523787
2025-06-11 20:39:39+00:00,39.72360325389381,-74.75349651165683,-2405.9510694641726,39.98275938262755,-75.165450690644,24.45154583617113,4.023510165426643e-06,4.199431970564814e-06,7797.829182064886,4999.148204187639,45370.38033600848,2403.9510694641726,45434.022412487786
2025-06-11 20:39:40+00:00,39.72322372945251,-74.75381563330822,-2407.636127805855,39.98239346724896,-75.1657811077152,23.92016696475912,4.022830952959935e-06,4.209708209808184e-06,7813.954335888166,4999.0302288880775,45376.69511142965,2405.636127805855,45440.41752025447
2025-06-11 20:39:41+00:00,39.72283311566955,-74.75417741052104,-2409.674347996998,39.98199561936028,-75.16645771332469,23.158640721114352,4.039854820551053e-06,4.214229292754462e-06,7835.121650189993,4998.905384531745,45381.63156626506,2407.674347996998,45445.454991475526
2025-06-11 20:39:42+00:00,39.72243895678085,-74.75455448546855,-2411.523809275477,39.98171763016081,-75.16697224159675,23.006916864891537,4.044046526480681e-06,4.224005627168331e-06,7870.136192453066,4998.774090976013,45386.82783623818,2409.523809275477,45450.74197440336
2025-06-11 20:39:43+00:00,39.72204554573303,-74.75494408285675,-2413.4724717666118,39.98143965742816,-75.16746182158569,22.618411683826707,4.051703913047737e-06,4.237460237867764e-06,7898.412312807193,4998.636106440635,45392.08299128528,2411.4724717666118,45456.09307639426
2025-06-11 20:39:44+00:00,39.72165067178442,-74.75535450145424,-2415.321590559149,39.981175937045805,-75.16796620796065,22.40113799390383,4.061469457521956e-06,4.253126893597278e-06,7915.364624721816,4998.491299688956,45397.573795526616,2413.321590559149,45461.67427206948
2025-06-11 20:39:45+00:00,39.72125305552109,-74.755781058823,-2417.0692063578044,39.98092064955418,-75.16853399911841,22.08358440606389,4.081174510077231e-06,4.266404155740111e-06,7944.099963856622,4998.339420930414,45402.64871530237,2415.0692063578044,45466.83483195906
2025-06-11 20:39:46+00:00,39.720855837826846,-74.7562137687336,-2418.804224160955,39.98065180215269,-75.16902321266836,22.04028253420256,4.090218175359694e-06,4.2638709522208e-06,7962.349401456857,4998.180452296015,45407.118067362506,2416.804224160955,45471.3900583798
2025-06-11 20:39:47+00:00,39.72046079689335,-74.75665988775089,-2420.299903727928,39.980368258213495,-75.16959184425956,22.016807757434435,4.092910055351518e-06,4.263732261626955e-06,7966.862203986327,4998.0142938213085,45410.996042556544,2417.299903727928,45475.28889849573
2025-06-11 20:39:48+00:00,39.72006214868366,-74.75711025874926,-2421.850280045432,39.98005160386508,-75.17015032686666,22.038403852377087,4.114082731650663e-06,4.26854918996759e-06,8015.614229728732,4997.840622033098,45418.38755046864,2418.850280045432,45482.75238331384
2025-06-11 20:39:49+00:00,39.719665897309184,-74.75757622796246,-2423.390514529648,39.97973049659517,-75.1707960965733,21.958267113775943,4.125929109047413e-06,4.2634885309651166e-06,8038.727775174472,4997.659377715786,45424.06618999772,2419.390514529648,45488.45171793705
2025-06-11 20:39:50+00:00,39.71926811463605,-74.75805890314285,-2424.809282144033,39.97932952772193,-75.17144312776384,21.82406790100504,4.139021745220396e-06,4.27996017827542e-06,8078.7051818185155,4997.470549647231,45427.64230069769,2420.809282144033,45492.09824332851
2025-06-11 20:39:51+00:00,39.71886546518563,-74.75856393493612,-2426.118171615405,39.97888067686306,-75.17216736001895,21.79758999682963,4.1555448211891655e-06,4.284046466070349e-06,8097.274156987772,4997.274086531083,45432.47166171031,2422.118171615405,45496.99042496525
2025-06-11 20:39:52+00:00,39.71845848610957,-74.75908117089791,-2427.504939751901,39.97837527037867,-75.17289775336815,21.546221402473748,4.178015881050437e-06,4.303572915660826e-06,8131.561048793412,4997.06947659605,45438.90895312556,2423.504939751901,45503.492426883415
2025-06-11 20:39:53+00:00,39.71804435562247,-74.75962493632503,-2428.8878367344046,39.977797257282525,-75.17378779196717,21.65827223379165,4.181713694018563e-06,4.315916579609473e-06,8145.148603795138,4996.857180291663,45442.7136591725,2423.8878367344046,45507.3121262354
2025-06-11 20:39:54+00:00,39.717627737198086,-74.76019475190695,-2430.3963100774376,39.9772227186866,-75.1746517646233,21.255919960793108,4.196662371387475e-06,4.328004214751334e-06,8175.568406641681,4996.63724286944,45445.37889170332,2425.3963100774376,45510.05394274337
2025-06-11 20:39:55+00:00,39.71720627502893,-74.76079064184682,-2431.6321072127475,39.97652820029736,-75.17562506199434,21.14133476058487,4.2066414981960975e-06,4.342977698847893e-06,8208.127594822316,4996.409380008847,45445.99723250811,2425.6321072127475,45510.68397175191
2025-06-11 20:39:56+00:00,39.71677554433694,-74.76141864621205,-2432.6506700210084,39.97581754191764,-75.17662282448265,21.043479392654262,4.213373002649087e-06,4.364587777986459e-06,8235.641736347143,4996.174175098578,45447.34514955476,2427.6506700210084,45512.13759996789
2025-06-11 20:39:57+00:00,39.71634124555558,-74.7620789822455,-2433.6502543704228,39.97504259038031,-75.17775503380864,21.22629763535224,4.214649268188982e-06,4.371140782013516e-06,8271.596031772282,4995.931859736733,45445.232253622926,2429.6502543704228,45510.13442019581
2025-06-11 20:39:58+00:00,39.715905887236566,-74.76277836019352,-2434.400494369768,39.97421380524627,-75.17898050539904,21.516080393921584,4.2180986695520745e-06,4.386352202231982e-06,8294.356180295032,4995.68242684618,45441.5974516522,2431.400494369768,45506.59828334816
2025-06-11 20:39:59+00:00,39.71551719803935,-74.7634921469934,-2434.8940003125854,39.97326517017756,-75.18048380360506,21.98943821841385,4.233448334852264e-06,4.394563711025925e-06,8330.01084756817,5000.0,45433.95247513167,2433.8940003125854,45499.09754618526
2025-06-11 20:40:00+00:00,39.715077420800895,-74.76427605605959,-2435.301126263015,39.97263679756805,-75.18185546350517,22.6388579151826,4.241309367842095e-06,4.401220390720962e-06,8361.02553651325,5000.0,45425.94477027688,2435.301126263015,45491.17661533743
2025-06-11 20:40:01+00:00,39.71463509379798,-74.7650768782982,-2435.674420850488,39.97183989637738,-75.18290127702464,22.948860305943526,4.247891598390752e-06,4.416823606746009e-06,8399.451439358392,5000.0,45415.939079852,2435.674420850488,45481.20526535344
2025-06-11 20:40:02+00:00,39.714188507794205,-74.7659070096106,-2436.1017142275086,39.97110360915522,-75.18415174692396,23.2458906279644,4.254696306271834e-06,4.422030517591041e-06,8438.35067735543,5000.0,45404.91245009608,2436.1017142275086,45470.21735337266
2025-06-11 20:40:03+00:00,39.71373627333641,-74.76676208622891,-2436.4077999682195,39.97037321663977,-75.18541433307195,23.4930035705911,4.263567776203138e-06,4.4323180250479255e-06,8453.779984618233,5000.0,45392.35658447598,2436.4077999682195,45457.69592995191
2025-06-11 20:40:04+00:00,39.71327876249129,-74.76764625662005,-2436.748703427653,39.96961864665539,-75.18672045000321,23.73871547728777,4.272578065403886e-06,4.434447659117058e-06,8462.05817701162,5000.0,45378.683276743664,2436.748703427653,45444.06055993095
2025-06-11 20:40:05+00:00,39.71281901073578,-74.76856129804803,-2436.803504250777,39.96866011669196,-75.18815250188234,24.42888848891016,4.287779403175194e-06,4.446404221700359e-06,8504.71052613288,5000.0,45362.86194394019,2435.803504250777,45428.21130593078
2025-06-11 20:40:06+00:00,39.71235348954842,-74.76950421765915,-2436.9241761791177,39.96789415354016,-75.18953012319024,24.9057219394017,4.295204562004679e-06,4.450777871894315e-06,8526.470756970772,5000.0,45345.94998282133,2436.9241761791177,45411.383807201695
2025-06-11 20:40:07+00:00,39.71187970475936,-74.77046960657749,-2437.197454863572,39.967233820489504,-75.19078849007892,25.1036381990416,4.3000051168962894e-06,4.4615461611158974e-06,8551.916061209618,5000.0,45327.67310152596,2436.197454863572,45393.09426375209
2025-06-11 20:40:08+00:00,39.71139757326263,-74.77145110176399,-2437.3511852510446,39.966568582826085,-75.19210643435984,25.362551994971,4.310873760269483e-06,4.469366905454773e-06,8567.304780415821,5000.0,45309.48200461665,2436.3511852510446,45374.93764871258
2025-06-11 20:40:09+00:00,39.71091019654718,-74.77245359083284,-2437.568620325213,39.96604427867902,-75.19336341386634,25.40248624794185,4.316000166186425e-06,4.46739983201301e-06,8577.344190693722,5000.0,45288.65242685843,2435.568620325213,45354.09610107011
2025-06-11 20:40:10+00:00,39.710420149798345,-74.77348170838002,-2437.9117231149366,39.96554225081207,-75.19473382270458,25.37869606423192,4.331613155797429e-06,4.482133777544212e-06,8586.758993450421,5000.0,45268.6087795493,2436.9117231149366,45334.15356640226
2025-06-11 20:40:11+00:00,39.7099233923539,-74.77452998727351,-2438.3100838519654,39.96496599362149,-75.19608374847918,25.33527337491978,4.346446576740863e-06,4.496787787478732e-06,8624.10237033686,5000.0,45251.29372258228,2435.3100838519654,45316.777453520735
2025-06-11 20:40:12+00:00,39.70942978198316,-74.77560275757321,-2438.2433457872057,39.96423653241968,-75.19751280464669,25.63542485295329,4.356015051350804e-06,4.503104169436116e-06,8632.340346465813,5000.0,45232.84970254992,2434.2433457872057,45298.30275937476
2025-06-11 20:40:13+00:00,39.70893351656814,-74.77670860711758,-2438.269746584003,39.96364913969455,-75.19918372721754,25.803766163182445,4.353141759423148e-06,4.513483502506202e-06,8646.142817815979,5000.0,45210.85010993193,2434.269746584003,45276.33638957404
2025-06-11 20:40:14+00:00,39.708434366088326,-74.77782631977553,-2438.3011492269898,39.96333308982455,-75.20044109400712,25.73868243745528,4.352186248809422e-06,4.519483387710174e-06,8675.304908108532,5000.0,45187.51203179353,2434.3011492269898,45253.03377353404
2025-06-11 20:40:15+00:00,39.707931705131095,-74.7789658348013,-2438.216220702541,39.96244659451123,-75.20190636510158,26.314208873314783,4.361046306735395e-06,4.529226950800163e-06,8696.733773632517,5000.0,45162.87180231809,2435.216220702541,45228.47850054423
2025-06-11 20:40:16+00:00,39.70742123595778,-74.78011615652879,-2438.221361879176,39.96202462939301,-75.20318126384949,26.59632743045222,4.3759064276941965e-06,4.5471306553162905e-06,8727.89500163747,5000.0,45138.27531324651,2436.221361879176,45203.97186949965
2025-06-11 20:40:17+00:00,39.70690048976476,-74.78127305337736,-2438.293512613554,39.96179903950888,-75.20436242633855,26.694450945593417,4.3921033453636325e-06,4.555165905762286e-06,8760.720895859982,5000.0,45113.64791673955,2436.293512613554,45179.38417503211
2025-06-11 20:40:18+00:00,39.70637887025869,-74.78245268662556,-2438.142199945356,39.9617232299953,-75.20582448410916,26.27354630583432,4.389869926285572e-06,4.556461821012156e-06,8765.302906633802,5000.0,45088.47246889116,2436.142199945356,45154.23721420074
2025-06-11 20:40:19+00:00,39.70585398763906,-74.78365590617636,-2438.199651451271,39.96118836811167,-75.20738490469131,26.564289545291103,4.3943972800950245e-06,4.574437000723291e-06,8794.05568323287,5000.0,45062.63113917186,2437.199651451271,45128.49063868739
2025-06-11 20:40:20+00:00,39.70533288743812,-74.78487657830962,-2438.122857398494,39.96059202827229,-75.20885925713593,26.986583645106293,4.408631874538704e-06,4.582077709160129e-06,8824.50462380716,5000.0,45036.29378859234,2437.122857398494,45102.187596994176
2025-06-11 20:40:21+00:00,39.70480956119077,-74.7861221933112,-2438.340814081094,39.959903929860666,-75.21049325191218,27.28455950354692,4.428809046434631e-06,4.591886482252519e-06,8847.869745955395,5000.0,45008.410469880335,2437.340814081094,45074.356825907336
2025-06-11 20:40:22+00:00,39.7042803344261,-74.78736499471268,-2438.268124363224,39.959466154713816,-75.21158526884327,27.68432037997991,4.444356128125251e-06,4.601991547935116e-06,8875.513316038157,5000.0,44980.71943042604,2438.268124363224,45046.75650837686
2025-06-11 20:40:23+00:00,39.70374471799868,-74.78862119971058,-2438.276863868107,39.959070400404855,-75.21292030110357,27.76244467019569,4.451020639375504e-06,4.618326392458793e-06,8890.197464734538,5000.0,44952.57937266911,2438.276863868107,45018.65820213871
2025-06-11 20:40:24+00:00,39.70320364498927,-74.78989731031743,-2438.350992479845,39.95865560440061,-75.21435811595481,27.866247492842376,4.466550042504655e-06,4.632819066982274e-06,8927.48130897634,5000.0,44924.163570021214,2437.350992479845,44990.23396612384
2025-06-11 20:40:25+00:00,39.70265880494229,-74.791185997502,-2438.5598245744745,39.95827732035151,-75.21576097236043,27.788237975910302,4.477598373189585e-06,4.652254619714078e-06,8959.59287718026,5000.0,44896.801937264616,2437.5598245744745,44962.92386058037
2025-06-11 20:40:26+00:00,39.70211422765287,-74.79248562582042,-2438.60295597748,39.95786318781443,-75.21728998883002,27.70634033111856,4.4937613665505925e-06,4.666564570446658e-06,8977.39262285121,5000.0,44868.48285253458,2435.60295597748,44934.54033644225
2025-06-11 20:40:27+00:00,39.70172131163315,-74.79299910505418,-2438.7991623801804,39.98586534403466,-75.16678666088804,28.229471244267188,4.504892795269943e-06,4.67532794335908e-06,8971.34425049274,5000.0,44876.27753759697,2435.7991623801804,44942.33419829106
2025-06-11 20:40:28+00:00,39.70131788571885,-74.79351741265265,-2439.0563303002764,39.98546597911362,-75.16731191677594,28.0064261876978,4.517192215854049e-06,4.680907063221632e-06,9019.246165434928,5000.0,44885.39365079099,2435.0563303002764,44951.39666927162
2025-06-11 20:40:29+00:00,39.700900400110186,-74.79404668001291,-2439.346524821483,39.98505473056389,-75.16784026926084,27.739677745499648,4.532325307152119e-06,4.693101756249649e-06,9061.81938568208,5000.0,44894.17639717648,2435.346524821483,44960.18224025296
2025-06-11 20:40:30+00:00,39.70046950183189,-74.79458251984805,-2439.9524279027346,39.98462943935533,-75.16837792487694,27.3003677186789,4.542752801458864e-06,4.7006198384148e-06,9080.508553008396,5000.0,44904.47572089302,2435.9524279027346,44970.49926339795
2025-06-11 20:40:31+00:00,39.70002853606223,-74.79512609589746,-2440.772737209036,39.98419000731231,-75.16892742701926,26.96186967729591,4.555877784790774e-06,4.705652721670478e-06,9093.020269899744,5000.0,44914.41951417264,2436.772737209036,44980.47289288872
2025-06-11 20:40:32+00:00,39.69956594131008,-74.79566868656083,-2441.597607548621,39.98373472584534,-75.16947583568097,26.51188499049749,4.560915360019514e-06,4.719676155348571e-06,9106.79664187198,5000.0,44926.62689297536,2436.597607548621,44992.65286557049
2025-06-11 20:40:33+00:00,39.69909181997858,-74.79622626571742,-2442.619180995681,39.98327144421081,-75.170077624789,25.90523050702177,4.5667971915406126e-06,4.735446687413734e-06,9129.122083484472,5000.0,44939.0605456608,2438.619180995681,45005.177771413
2025-06-11 20:40:34+00:00,39.698614411168165,-74.79679963556134,-2444.0223689916675,39.98279912353962,-75.17070733954903,25.46706840884872,4.577740569417334e-06,4.7367851831464506e-06,9162.07676718892,5000.0,44950.66778348186,2440.0223689916675,45016.843995799325
2025-06-11 20:40:35+00:00,39.69813644793072,-74.79739280654317,-2445.441435968029,39.98234543226776,-75.17141724691642,25.169377855025232,4.584072944163884e-06,4.735198497145942e-06,9194.239990868917,5000.0,44960.00515613169,2440.441435968029,45026.19035674434
2025-06-11 20:40:36+00:00,39.69766179432054,-74.79800901356526,-2446.682713517358,39.981891762465295,-75.17218123509134,24.995950939599425,4.59743217163858e-06,4.7461520561829525e-06,9209.516749712642,5000.0,44968.50445317072,2442.682713517358,45034.798673845
2025-06-11 20:40:37+00:00,39.69719967577727,-74.79864731437311,-2447.7092866828707,39.98146559247019,-75.17303071277205,25.299976939102635,4.609012985636206e-06,4.752724767567428e-06,9236.123088525306,5000.0,44973.39999279563,2444.7092866828707,45039.79696233525
2025-06-11 20:40:38+00:00,39.696755304799744,-74.79931409377762,-2448.656970143857,39.98110045791095,-75.17402764566586,26.086134169599973,4.622806999441179e-06,4.757340153817977e-06,9278.233639470953,5000.0,44975.6456130626,2445.656970143857,45042.09071887549
2025-06-11 20:40:39+00:00,39.69631078498931,-74.80000043378384,-2449.6014056283825,39.980678100298654,-75.17493560434005,26.2856110263383,4.639216250859837e-06,4.754361334043601e-06,9331.32291645407,5000.0,44977.59313107591,2446.6014056283825,45044.08665188617
2025-06-11 20:40:40+00:00,39.69586355705171,-74.80070796143615,-2450.4740227885195,39.980246902919134,-75.17590519813439,26.53886633098591,4.648775369981743e-06,4.765698045919609e-06,9336.118737189714,5000.0,44978.25675192002,2447.4740227885195,45044.796697663805
2025-06-11 20:40:41+00:00,39.69542730040449,-74.80143967008883,-2451.268084155376,39.97984526140733,-75.17699380497345,27.09645346587058,4.668530174069538e-06,4.771314684542762e-06,9371.777714120266,5000.0,44976.28810911608,2448.268084155376,45042.87411662482
2025-06-11 20:40:42+00:00,39.6949940930492,-74.80219339109955,-2451.9135524354583,39.97943049541856,-75.17805847238301,27.492526686401103,4.684476213736847e-06,4.7732147500955485e-06,9374.420357580066,5000.0,44972.016961163936,2448.9135524354583,45038.644375053285
2025-06-11 20:40:43+00:00,39.69456048953221,-74.8029774523373,-2452.700565875689,39.97900304788959,-75.17919834232644,28.027950568823144,4.696850414344607e-06,4.776406196891948e-06,9398.620450140916,5000.0,44964.19735360026,2449.700565875689,45030.8791443823
2025-06-11 20:40:44+00:00,39.69410946734748,-74.80378712839985,-2453.5518649933456,39.97853369353988,-75.18021809865755,27.760805238387547,4.706994290553756e-06,4.788342871099679e-06,9422.144550594076,5000.0,44957.15041713971,2450.5518649933456,45023.88897099347
2025-06-11 20:40:45+00:00,39.69366332438005,-74.80461159674483,-2454.303835687805,39.97803820383649,-75.18132903117721,27.62682753917761,4.719292319360224e-06,4.792764863324076e-06,9466.898633935947,5000.0,44947.02249670059,2451.303835687805,45013.81701004445
2025-06-11 20:40:46+00:00,39.69323200342218,-74.80546196525282,-2454.835895279582,39.97749729967004,-75.18255838560341,28.094387488788925,4.73385791892052e-06,4.804350024085862e-06,9513.437731339156,5000.0,44933.08238291941,2451.835895279582,44999.92657424681
2025-06-11 20:40:47+00:00,39.692811996276056,-74.80633418748243,-2455.3193154535797,39.97700068501148,-75.18373773215595,28.287981515866704,4.738834323232521e-06,4.81856653732334e-06,9549.481121608284,5000.0,44915.32826398266,2452.3193154535797,44982.22519047125
2025-06-11 20:40:48+00:00,39.6923969141427,-74.80722726268954,-2455.795590864767,39.97650352111134,-75.18496088296612,28.53402151342016,4.758029525988303e-06,4.830118068479225e-06,9563.393088779214,5000.0,44896.02252787253,2451.795590864767,44962.91961653093
2025-06-11 20:40:49+00:00,39.69198882674105,-74.8081343735353,-2456.231926534416,39.97600507300723,-75.18617729321669,28.700531079783104,4.771505127205499e-06,4.840858311900655e-06,9579.240501253536,5000.0,44875.97563418767,2452.231926534416,44942.92636824754
2025-06-11 20:40:50+00:00,39.69158778600397,-74.8090547535602,-2456.4867938655298,39.97550136719158,-75.18739498246019,28.80066321708728,4.788802223564359e-06,4.854739534311114e-06,9623.631651665351,5000.0,44855.216644912434,2452.4867938655298,44922.21223110138
2025-06-11 20:40:51+00:00,39.6911816694796,-74.80992118636215,-2456.7244283728305,39.97475975159644,-75.18735880296816,28.89040298818145,4.794903549080291e-06,4.859790929780653e-06,9630.0166750705,5000.0,44837.82736229702,2452.7244283728305,44904.86187143535
2025-06-11 20:40:52+00:00,39.69078117982937,-74.81079697490145,-2457.058744972014,39.974176445145375,-75.18855149598714,28.94786392210517,4.80491736033008e-06,4.863190313164536e-06,9658.82261904177,5000.0,44819.59207636034,2453.058744972014,44886.67208757658
2025-06-11 20:40:53+00:00,39.69038861076747,-74.81168710334295,-2457.4474120475625,39.97355853376433,-75.18975948689564,28.99765596073121,4.81982841324079e-06,4.884461579352098e-06,9677.89761407147,5000.0,44800.03393535598,2453.4474120475625,44867.16443918348
2025-06-11 20:40:54+00:00,39.6899985300165,-74.81258662369886,-2457.69796227977,39.97290351303671,-75.19098348105742,29.025193485198542,4.8261968500621145e-06,4.896409343361114e-06,9670.452030888557,5000.0,44779.89108552184,2453.69796227977,44847.06544826868
2025-06-11 20:40:55+00:00,39.68960916058866,-74.81344255014292,-2457.8017358942043,39.97197127163096,-75.19086079695275,29.051710102707148,4.839385032513429e-06,4.896327475066604e-06,9701.555304595722,5000.0,44762.37364530277,2453.8017358942043,44829.57993692082
2025-06-11 20:40:56+00:00,39.68922534311928,-74.8143045944428,-2458.114804109109,39.9712762569441,-75.19205023871164,29.011534646735527,4.8488377293019215e-06,4.8995468411347725e-06,9737.341585798018,5000.0,44744.025811363616,2454.114804109109,44811.27676466852
2025-06-11 20:40:57+00:00,39.68884478773201,-74.81517243358167,-2458.5457377527537,39.97053098008576,-75.19325734332972,28.945685683749616,4.853632691480913e-06,4.921062487733581e-06,9780.942976018325,5000.0,44725.39016323709,2454.5457377527537,44792.692707990944
2025-06-11 20:40:58+00:00,39.68846766873588,-74.81600765454985,-2458.851262303841,39.96948105673842,-75.19312344510831,28.923235857626423,4.873994370548541e-06,4.927472047370018e-06,9817.378220415472,5000.0,44708.500374071504,2454.851262303841,44775.84505532405
2025-06-11 20:40:59+00:00,39.68809636302154,-74.81685174006404,-2459.271763241518,39.96862287602766,-75.19432827313562,28.8324498514412,4.887699284887206e-06,4.933198879880943e-06,9831.777003173547,5000.0,44690.777147741326,2455.271763241518,44758.171561184776
2025-06-11 20:41:00+00:00,39.68772793119761,-74.81770251950702,-2459.567916360598,39.96773436008892,-75.19554913568234,28.693280062638223,4.902851361095166e-06,4.943738415394456e-06,9839.795890217996,5000.0,44672.580420093065,2455.567916360598,44740.01849777827
2025-06-11 20:41:01+00:00,39.6873720358077,-74.81852520280106,-2459.988578074749,39.96660637835988,-75.19545398452713,28.601283109514043,4.909354098181385e-06,4.952455562347156e-06,9891.523110072088,5000.0,44655.09458138594,2455.988578074749,44722.582125456014
2025-06-11 20:41:02+00:00,39.68703586800952,-74.81936236532158,-2460.535220689754,39.96537797734204,-75.19674028457165,28.40611034538597,4.926689198236599e-06,4.965293436780802e-06,9934.277231911714,5000.0,44635.03822391891,2456.535220689754,44702.58608337097
2025-06-11 20:41:03+00:00,39.68671440635431,-74.82017360118968,-2461.1278941628943,39.964410737886894,-75.19651910300266,28.13562450988684,4.939456628446194e-06,4.978019042899972e-06,9955.420238631836,5000.0,44615.43455636872,2457.1278941628943,44683.0446382282
2025-06-11 20:41:04+00:00,39.68639368912767,-74.82098922196016,-2461.570329403494,39.96305492219972,-75.19777511242552,27.94822845212184,4.960408465614408e-06,4.990081112996989e-06,9988.580259568573,5000.0,44596.76371000941,2457.570329403494,44664.42639652251
2025-06-11 20:41:05+00:00,39.68607461223268,-74.82181709637038,-2462.287588115363,39.96144732186909,-75.199179790604,27.86147251061629,4.9626671058278844e-06,5.0047082338955445e-06,10015.26800488647,5000.0,44578.7540127009,2458.287588115363,44646.48348068164
2025-06-11 20:41:06+00:00,39.68575508104581,-74.82265092029886,-2462.7419956934427,39.95980221323613,-75.19933092813282,28.027635724050924,4.976267185552317e-06,5.0073363545886174e-06,10046.021408819784,5000.0,44561.13570379955,2458.7419956934427,44628.91694197637
2025-06-11 20:41:07+00:00,39.68542860348991,-74.8235073544223,-2462.9296748043976,39.958360596841,-75.20075077121557,28.28635406307876,4.981692862100477e-06,5.001424758915978e-06,10055.01643706394,5000.0,44542.94853492981,2458.9296748043976,44610.76775097061
2025-06-11 20:41:08+00:00,39.68509256130171,-74.82437631316189,-2463.067278746469,39.957134915350686,-75.20209527711167,28.689285690663382,4.982284837131538e-06,5.021129475944562e-06,10050.048570636583,5000.0,44525.58387234397,2459.067278746469,44593.43708500769
2025-06-11 20:41:09+00:00,39.684751192118455,-74.825258239188,-2463.0932790305733,39.95612669830402,-75.20326227979815,28.87969286344014,4.99297583093945e-06,5.0260099813897405e-06,10074.751351378554,5000.0,44509.56250925982,2459.0932790305733,44577.44154301232
2025-06-11 20:41:10+00:00,39.68440709766925,-74.82613160939789,-2463.187778569098,39.95518765880899,-75.20300498585509,28.95631535653956,4.999130506093175e-06,5.041213933328909e-06,10093.686001791028,5000.0,44494.57310091966,2460.187778569098,44562.53537826258
2025-06-11 20:41:11+00:00,39.68405166715299,-74.82700867833614,-2463.25657167818,39.9542713143517,-75.2041352370879,29.135985257453285,5.017393496278304e-06,5.045046234563599e-06,10120.87926239665,5000.0,44482.08942705003,2460.25657167818,44550.0745475758
2025-06-11 20:41:12+00:00,39.68368107194031,-74.82789453832575,-2463.419040141843,39.95335914600648,-75.20526172096113,29.20823487744201,5.025641880613634e-06,5.057566842196697e-06,10160.553543033851,5000.0,44470.75660725415,2460.419040141843,44538.76800131242
2025-06-11 20:41:13+00:00,39.683297358486826,-74.82877465333732,-2463.619599915038,39.95270746137437,-75.20520025843,29.319806805811822,5.024112833479288e-06,5.07011752771066e-06,10184.903153921285,5000.0,44458.90139225876,2460.619599915038,44526.94197698819
2025-06-11 20:41:14+00:00,39.68290038244926,-74.82966362171362,-2463.893575434678,39.95179743767686,-75.20630629342388,29.29797960224096,5.04160292473406e-06,5.078821196888458e-06,10203.004533721842,5000.0,44447.93260185743,2460.893575434678,44516.00509669389
2025-06-11 20:41:15+00:00,39.68249943310337,-74.83055647438843,-2464.04545229374,39.9507789501251,-75.20748061947054,29.45958670775872,5.052701245764184e-06,5.08930802382271e-06,10212.304123707088,5000.0,44436.44998178606,2461.04545229374,44504.54843835661
2025-06-11 20:41:16+00:00,39.682092654271685,-74.83142988647103,-2464.2498982666043,39.94941204476035,-75.20842084311793,29.626756869023662,5.057063105838535e-06,5.107330305105879e-06,10241.896729098122,5000.0,44426.62469871993,2461.2498982666043,44494.74950129092
2025-06-11 20:41:17+00:00,39.68181691822697,-74.83178564687935,-2464.2847295980446,39.9862974779188,-75.16962443796939,28.31307679053732,5.071688619269664e-06,5.11284194824913e-06,10265.250731948703,5000.0,44434.27793012723,2461.2847295980446,44502.39294343557
2025-06-11 20:41:27+00:00,39.67927466261505,-74.83512827617378,-2465.2570716242744,39.98645873905786,-75.17044375178492,27.618629082044244,5.083934778616499e-06,5.126711245569826e-06,10261.55919945402,5000.0,44525.94744882165,2464.2570716242744,44594.08659374331
2025-06-11 20:42:27+00:00,39.66467779062329,-74.85394340838326,-2469.61280235936,39.98668372495625,-75.17195861475403,27.72943624375019,5.092547671871234e-06,5.13302472190572e-06,10272.710227265658,5000.0,45144.55897930761,2469.61280235936,45212.05804682818
2025-06-11 20:43:27+00:00,39.653383105362536,-74.87072895438638,-2462.586063971755,39.98741358194441,-75.17520530286798,29.110064618095105,5.103975453616066e-06,5.1464744082897066e-06,10319.324317525774,5000.0,45640.2333791892,2459.586063971755,45706.45978975992
2025-06-11 20:44:27+00:00,39.642930723102594,-74.88718695757728,-2462.9050127844885,39.98862821023293,-75.1780441023447,27.9197203665204,5.122299408255801e-06,5.147799492262745e-06,10314.882100820154,5000.0,46061.65382154139,2462.9050127844885,46127.452280366815
2025-06-11 20:45:27+00:00,39.63314194237039,-74.90351129103044,-2465.235965284192,39.98886087995916,-75.17845729654088,27.576308873318435,5.117573082127386e-06,5.1418572688986014e-06,10320.596810864105,5000.0,46579.88603725023,2466.235965284192,46645.12946792709
2025-06-11 20:46:27+00:00,39.623424831410176,-74.91999014063796,-2472.8516276675177,39.98907503763454,-75.17894069665897,26.808458455832724,5.137426206873036e-06,5.163114699285686e-06,10330.034687786194,5000.0,47144.54579175753,2473.8516276675177,47209.407322977866
2025-06-11 20:47:27+00:00,39.61398726496233,-74.93625967939175,-2481.1952963631848,39.98974207826129,-75.18032034348595,26.675884534580536,5.150642241231501e-06,5.179491810259156e-06,10340.368435080416,5000.0,47612.17815635255,2476.1952963631848,47676.525166354
2025-06-11 20:48:27+00:00,39.60551906662128,-74.9519400779721,-2498.3430215896706,39.99044960465287,-75.1811811908989,25.28138026498576,5.154502873789815e-06,5.182438953069171e-06,10380.66915412352,5000.0,48223.52291477784,2480.3430215896706,48287.26813371048
2025-06-11 20:49:27+00:00,39.597469159864666,-74.96762295935582,-2538.5064224694806,39.99239527000396,-75.18270535957339,21.844900470172984,5.160426460233299e-06,5.176767755852984e-06,10428.06303851218,5000.0,48725.96440289812,2510.5064224694806,48790.595912427176
2025-06-11 20:50:27+00:00,39.58962471029035,-74.9832409424532,-2587.9019113613767,39.99299268035661,-75.18330938654694,20.458207778154613,5.156655265966455e-06,5.193427368609752e-06,10482.867842644937,5000.0,49628.26771757847,2561.9019113613767,49694.34875366693
2025-06-11 20:51:27+00:00,39.58236200842033,-74.99818836802166,-2652.336385820886,39.9948038473731,-75.1848277237994,18.14431355589708,5.164567155122355e-06,5.202808273874795e-06,10499.978492848131,5000.0,50257.58643100652,2630.336385820886,50326.371450489685
2025-06-11 20:52:27+00:00,39.57593954732508,-75.01272499733238,-2716.856381363242,39.99681762028276,-75.18705561922552,18.063624259808687,5.182198867314948e-06,5.206064953655587e-06,10542.73286538403,5000.0,50669.5473849599,2694.856381363242,50741.15965478983
2025-06-11 20:53:27+00:00,39.57105884198151,-75.02586507401361,-2769.4668772067944,39.99878305074362,-75.18936040477215,19.664088201656853,5.1894514848054544e-06,5.212449991711596e-06,10574.575730577217,5000.0,51162.71657403369,2745.4668772067944,51236.32652336369
2025-06-11 20:54:27+00:00,39.57157993412767,-75.03368908919646,-2818.556440045415,39.99945879831777,-75.19011720125633,19.59404613311812,5.199421168908003e-06,5.22508275896092e-06,10606.614122993924,5000.0,51374.50310501751,2795.556440045415,51450.507335661256
2025-06-11 20:55:27+00:00,39.57209899082518,-75.04151393076569,-2867.5164445090136,39.99945876280569,-75.19011720676156,19.611810473641068,5.212783251886068e-06,5.21843961591601e-06,10645.577992731927,5000.0,51230.08956615443,2843.5164445090136,51308.943301596046
2025-06-11 20:56:26+00:00,39.57323081384841,-75.04929554012332,-2917.903608134544,40.00066052425574,-75.19155196583262,19.188415520589373,5.222949350321555e-06,5.218056386858844e-06,10657.232872661698,5000.0,51118.11650976409,2901.903608134544,51200.4187488415
2025-06-11 20:56:27+00:00,39.57325057687259,-75.04942567072776,-2918.6899794657247,40.00066023331845,-75.19155207413043,19.32851537234802,5.22506812050315e-06,5.233912954421317e-06,10670.39650139597,5000.0,51118.19387591194,2903.6899794657247,51200.59726831486
2025-06-11 20:56:28+00:00,39.573266811594486,-75.04953906495126,-2918.349621956056,40.00067844748953,-75.19167461290847,19.0775648613926,5.233327985473864e-06,5.247050065758984e-06,10673.562147562949,5000.0,51118.80431675101,2904.349621956056,51201.24414016556
2025-06-11 20:56:29+00:00,39.57327599955836,-75.04962083275335,-2918.025684622205,40.000691583013854,-75.1917712981882,19.477938106516376,5.245986335890414e-06,5.258285484406642e-06,10696.130507500808,5000.0,51121.13549178928,2904.025684622205,51203.553188688216
2025-06-11 20:56:30+00:00,39.57328629206418,-75.04966259735613,-2918.528174183394,40.00070574302487,-75.19183723010765,19.38897279999219,5.249553530102004e-06,5.264540203944452e-06,10731.749872093857,5000.0,51124.32787752674,2905.528174183394,51206.82566709082
2025-06-11 20:56:31+00:00,39.57329470385257,-75.04965754075481,-2919.963664209672,40.000710843572016,-75.1918541004748,18.615087944897823,5.250144114511142e-06,5.274173695936283e-06,10747.719450614197,5000.0,51129.461613680345,2906.963664209672,51212.03259635226
2025-06-11 20:56:32+00:00,39.57330367309503,-75.04961445867335,-2921.642607405684,40.000703280088,-75.19183657768785,17.746019863756374,5.256827079998787e-06,5.2857356625835465e-06,10776.359077335705,5000.0,51135.06782512849,2909.642607405684,51217.78188855235
2025-06-11 20:56:33+00:00,39.57330710884297,-75.04953491832751,-2923.67434111301,40.00067810126931,-75.19179874234186,17.0656978309853,5.2705337611407e-06,5.289142212368377e-06,10814.56875512521,5000.0,51141.80271055544,2912.67434111301,51224.67819618541
2025-06-11 20:56:34+00:00,39.57330946741708,-75.04942765886881,-2925.8356617844056,40.00062696781514,-75.19175433402269,16.746498383348808,5.276675983872723e-06,5.2978664514705896e-06,10848.94930295776,5000.0,51149.395221889776,2915.8356617844056,51232.43825128386
2025-06-11 20:56:35+00:00,39.57334186193744,-75.04931255884006,-2927.611499152815,40.00066807589063,-75.19176829247141,18.011878822231665,5.276776980294527e-06,5.320613124721725e-06,10874.447043950631,5000.0,51153.99045151071,2917.611499152815,51237.12712451038
2025-06-11 20:56:36+00:00,39.57337494792129,-75.04917862493846,-2929.613661482663,40.0006122685677,-75.19172974008896,18.557452942128293,5.283441620866184e-06,5.334445828817849e-06,10902.113571495236,5000.0,51159.07916582571,2919.613661482663,51242.32162019533
2025-06-11 20:56:37+00:00,39.57344309192433,-75.04903803463827,-2931.255163246271,40.00074496241798,-75.19173743822576,20.260931488592178,5.296617474888485e-06,5.3362756349506585e-06,10951.73049687827,5000.0,51160.95588933443,2922.255163246271,51244.34586127081
2025-06-11 20:56:38+00:00,39.57351218069431,-75.0488879057463,-2932.570401972369,40.0006820437192,-75.19169105472126,21.247863325639628,5.309890187713538e-06,5.348366198196433e-06,10971.493681466414,5000.0,51162.49029327504,2923.570401972369,51245.95278560787
2025-06-11 20:56:39+00:00,39.57362242338215,-75.04873288233924,-2933.685783261628,40.000909564599205,-75.19164865285353,22.88737708760891,5.314270608726263e-06,5.356985563748388e-06,11002.107628996677,5000.0,51159.80996709831,2925.685783261628,51243.39755687547
2025-06-11 20:56:40+00:00,39.573730130977125,-75.0485628426656,-2934.721155346148,40.00085980080974,-75.19156118566113,23.528597203549,5.330313656697092e-06,5.364203705243076e-06,11024.39713554883,5000.0,51157.25070313373,2927.721155346148,51240.95872119039
2025-06-11 20:56:41+00:00,39.57387749243271,-75.04838131075348,-2935.601944464122,40.00120915077012,-75.19145657754538,24.33055562386289,5.34224481905605e-06,5.374379102266438e-06,11059.70918223748,5000.0,51150.80363130071,2928.601944464122,51234.57252165773
2025-06-11 20:56:42+00:00,39.57402421435107,-75.04818647508733,-2936.718145023316,40.00115984638426,-75.19133122122926,24.57217528903857,5.355772983718479e-06,5.378758372461945e-06,11101.205041091467,5000.0,51144.82864208983,2930.718145023316,51228.728323805786
2025-06-11 20:56:43+00:00,39.57422158073088,-75.04798381174561,-2937.827486124363,40.00157295214181,-75.19119069125435,25.147408832912333,5.3642902234170335e-06,5.396585353350944e-06,11133.88636003886,5000.0,51133.74640406187,2932.827486124363,51217.78498117892
2025-06-11 20:56:44+00:00,39.574409749608336,-75.04777174108932,-2938.913251960146,40.001485286096845,-75.19104940255482,25.225766687188298,5.375199895665291e-06,5.411002992130457e-06,11169.794135455297,5000.0,51123.54063929993,2933.913251960146,51207.6581623118
2025-06-11 20:56:45+00:00,39.5745930303753,-75.04755845590182,-2939.8217650555707,40.00131839752814,-75.1909106051401,25.47389100422152,5.391680883828489e-06,5.42791203191224e-06,11191.195663006294,5000.0,51113.349935046695,2935.8217650555707,51197.59360574198
2025-06-11 20:56:46+00:00,39.57476775547947,-75.04733768812574,-2940.9493716499983,40.00113059692456,-75.19076534272456,25.70342426362913,5.409328026005349e-06,5.446212457157071e-06,11202.669118959531,5000.0,51104.99924596364,2937.9493716499983,51189.37872684453
2025-06-11 20:56:47+00:00,39.57494286295968,-75.04711035009413,-2942.00824184248,40.00091700822974,-75.19060242245241,25.796823278302327,5.41500013927057e-06,5.453885793680636e-06,11235.845631787854,5000.0,51097.51135482458,2940.00824184248,51182.02140516266
2025-06-11 20:56:48+00:00,39.57510568759712,-75.04687860477945,-2942.973004891494,40.00046486984207,-75.19045445655928,26.143274629488587,5.429590009232921e-06,5.471921490982805e-06,11275.182980910286,5000.0,51090.68432078163,2940.973004891494,51175.26107975671
2025-06-11 20:56:49+00:00,39.57530426955765,-75.04664912573509,-2943.972011804925,40.00064382067326,-75.19029058913199,26.492740970221348,5.440102423078839e-06,5.488496955191932e-06,11308.258423525707,5000.0,51080.52162678424,2942.972011804925,51165.23012678277
2025-06-11 20:56:50+00:00,39.575546115967896,-75.04642861784062,-2944.5630407969807,40.00082741306489,-75.19013153251909,27.026267066248693,5.4521998851624325e-06,5.498757977075503e-06,11311.807602761355,5000.0,51066.46938168963,2943.5630407969807,51151.23516090487
2025-06-11 20:56:51+00:00,39.57582019695828,-75.04621602332236,-2945.1517799585454,40.00099922521448,-75.18997072125127,27.52197350049392,5.466770779947855e-06,5.505949421287748e-06,11343.205183232323,5000.0,51048.88438394824,2944.1517799585454,51133.7132090869
2025-06-11 20:56:52+00:00,39.5760744888788,-75.04599428849315,-2945.5356171537824,40.00047266073504,-75.18979874339122,27.90300366783049,5.480278108678745e-06,5.507220987150815e-06,11379.2984059404,5000.0,51034.11121039385,2944.5356171537824,51118.986658926784
2025-06-11 20:56:53+00:00,39.57625947368833,-75.04578942072669,-2945.691464254418,40.01844079619274,-75.21050872363813,31.555503158265005,5.495563499325844e-06,5.519060318586816e-06,11390.926768103862,5000.0,51026.11150442007,2944.691464254418,51111.00921603059
2025-06-11 20:57:27+00:00,39.579925900383785,-75.03962399639349,-2923.1296653052814,40.01980558237544,-75.21104668619725,36.61403623766651,5.50881237935198e-06,5.529649445349062e-06,11400.634434566891,5000.0,50970.3094241535,2934.1296653052814,51054.69184792692
2025-06-11 20:58:27+00:00,39.5795658491548,-75.03196893651864,-2796.472616530041,40.02179158677298,-75.21236911951581,47.76073471261408,5.519449441432606e-06,5.5481788198912345e-06,11401.185156423957,5000.0,51490.65346707225,2812.472616530041,51567.40634048653
2025-06-11 20:59:27+00:00,39.57795600433286,-75.02398152788493,-2644.1366789042445,40.02287797478699,-75.2132111182803,51.43697480374833,5.542970494695656e-06,5.557968030269258e-06,11425.782103352343,5000.0,52351.47784965798,2678.1366789042445,52419.93560768768
2025-06-11 21:00:27+00:00,39.57612698162536,-75.01636666023947,-2481.301725483043,40.023722935261546,-75.213973972183,52.85456556182378,5.555300201800772e-06,5.568291873647663e-06,11459.966311316051,5000.0,53188.32617538912,2526.301725483043,53248.28862740813
2025-06-11 21:01:27+00:00,39.57409565188988,-75.0093285219674,-2302.981173733906,40.02371278284937,-75.21397400775065,54.93249601259042,5.54771944638339e-06,5.583433083279081e-06,11473.111014923035,5000.0,53999.95287093585,2353.981173733906,54051.236224804205
2025-06-11 21:01:46+00:00,39.57391198431029,-75.0062437029522,-2238.790598054011,40.02368909487758,-75.2138338130584,58.070808729855344,5.5466888549342e-06,5.596325288706242e-06,11507.357711960469,5000.0,54176.89483555863,2281.790598054011,54224.92510235996
2025-06-11 21:01:47+00:00,39.573884255033846,-75.006080845636,-2234.8536995576333,40.023643316268384,-75.21367509995598,63.41113934572786,5.560887418904327e-06,5.606407678185739e-06,11517.321886365678,5000.0,54184.00646555374,2277.8536995576333,54231.86493322683
2025-06-11 21:01:48+00:00,39.57385790515758,-75.00593207520016,-2230.6933115880884,40.0236314718423,-75.21370379869758,65.62623991867542,5.587042169461792e-06,5.608104253706629e-06,11557.84295565795,5000.0,54192.278762746646,2272.6933115880884,54239.91346220769
2025-06-11 21:01:49+00:00,39.5738063572535,-75.00578006441854,-2226.792932324166,40.023578616025816,-75.21354775636497,69.56132089998573,5.600150118819733e-06,5.619283470009693e-06,11564.540131325171,5000.0,54203.12608560432,2266.792932324166,54250.504399958845
2025-06-11 21:01:50+00:00,39.57373682090447,-75.00562700394514,-2223.2632863437643,40.02353096916144,-75.21340253021813,73.63893721438944,5.6139245461344864e-06,5.62954704318245e-06,11580.678494182575,5000.0,54215.00921071821,2263.2632863437643,54262.22981431534
2025-06-11 21:01:51+00:00,39.57364508711494,-75.00547284244844,-2220.242686447523,40.023443566168815,-75.21323900713509,76.48240814078599,5.625359638532574e-06,5.632999564834908e-06,11602.201914408724,5000.0,54229.3534361897,2260.242686447523,54276.43568906141
2025-06-11 21:01:52+00:00,39.57353242297653,-75.00529714269061,-2217.7765433836566,40.02340096669918,-75.2130261440228,78.21529213292524,5.637817402354212e-06,5.6328258629519e-06,11602.127037699169,5000.0,54246.49625728457,2257.7765433836566,54293.46103456145
2025-06-11 21:01:53+00:00,39.57339292331243,-75.00511304663247,-2215.742579500863,40.02331705634113,-75.2128069017873,79.24388130754232,5.644469867574901e-06,5.649892660229776e-06,11609.629609021487,5000.0,54266.46884542688,2255.742579500863,54313.33183976711
2025-06-11 21:01:54+00:00,39.57324379027577,-75.00489989021838,-2214.0277357327795,40.02343689411118,-75.21270571250517,77.39398154175132,5.655880294295373e-06,5.655956084805849e-06,11611.074959832684,5000.0,54288.3289352071,2254.0277357327795,54335.10191037371
