timestamp,latitude,longitude,altitude,velocity_north,velocity_east,velocity_vertical,roll,pitch,yaw,acc_bias_x,acc_bias_y,acc_bias_z,gyro_bias_x,gyro_bias_y,gyro_bias_z,latitude_cov,longitude_cov,altitude_cov,velocity_n_cov,velocity_e_cov,velocity_v_cov,roll_cov,pitch_cov,yaw_cov,acc_bias_x_cov,acc_bias_y_cov,acc_bias_z_cov,gyro_bias_x_cov,gyro_bias_y_cov,gyro_bias_z_cov
2025-06-11T20:34:28Z,39.98159381475243,-75.15350834381456,21.141359794519616,-13.296057853527234,-7.335248919291215,-3.181784889834858,1.0207804637969633,-0.6782797760655753,0.5072680071555523,0.0,0.0,0.0,0.0,0.0,0.0,2.5319654695818636e-12,2.5253264066769236e-12,5.518673105298788,1.166513988182544,2.8676216569026898,0.13459707104147856,0.0005197096049902243,0.0019671174508217016,0.004669452359296534,NaN,NaN,NaN,NaN,NaN,NaN
2025-06-11T20:34:29Z,39.981475575595915,-75.15358148779744,21.83423989391788,-14.722218835010176,-6.7461060161540685,-0.8363837548207499,1.0226969495367337,-0.34897869682386845,0.4170679955670211,0.0,0.0,0.0,0.0,0.0,0.0,2.637531772230059e-12,2.9108238703563116e-12,3.557738758171894,1.6879662956033972,5.816053098676626,0.002535330666704594,0.0013136956715239891,0.00041617607078711454,0.006726685744111322,NaN,NaN,NaN,NaN,NaN,NaN
2025-06-11T20:34:30Z,39.98134647633577,-75.1537026044586,21.75022180758588,-15.37054894672985,-11.842771402247704,-0.9103139907886929,1.1923304308702798,-0.5081075759100349,0.5829847749877763,0.0,0.0,0.0,0.0,0.0,0.0,2.8596180725391114e-12,3.9626713252125516e-12,2.9785396974712524,2.3813403035427685,8.480806120066491,0.0027585075309807436,0.0020485743803790586,0.00038266376705884027,0.00732168681921249,NaN,NaN,NaN,NaN,NaN,NaN
2025-06-11T20:34:31Z,39.981193601068554,-75.15381774221504,21.65975816567476,-18.148717781328518,-10.147042792953131,-0.7277537487497334,1.0576586827763659,-0.3074878964483791,0.6069611015046409,0.0,0.0,0.0,0.0,0.0,0.0,3.182847243090086e-12,5.900262443355848e-12,2.661422914548206,3.4935517657296815,11.493569734943204,0.0015435062813246947,0.0017914762512143425,0.0005039783896390563,0.008192497621675683,NaN,NaN,NaN,NaN,NaN,NaN
2025-06-11T20:34:32Z,39.981025046323836,-75.15393040539651,21.768240933290983,-19.76208978711397,-9.610048444386114,-0.5096207820587315,0.9706767940839985,-0.32723973663198336,0.7594635866585683,0.0,0.0,0.0,0.0,0.0,0.0,3.737869115922688e-12,8.733038292860573e-12,2.7478408861870753,4.518550657303085,14.405572564362261,0.00019323543319452917,0.0017085115054765916,0.0006536038435727758,0.008437277703647515,NaN,NaN,NaN,NaN,NaN,NaN
2025-06-11T20:34:33Z,39.98084596932531,-75.15404626304341,21.822645448696843,-20.580571279975995,-10.233586692430723,-0.49151519921049047,1.0105222815678827,-0.18777442540391645,0.6875419482542364,0.0,0.0,0.0,0.0,0.0,0.0,4.590434692910966e-12,1.2726610357208106e-11,2.8471178142482705,5.864402873947458,18.06219835092939,0.0003614257763561569,0.0020115429428826347,0.0007368308466019488,0.00840888349789076,NaN,NaN,NaN,NaN,NaN,NaN
2025-06-11T20:34:34Z,39.9806609248572,-75.15416812076296,21.9017587426433,-20.849919788330855,-10.852133363662347,-0.2938331378419078,1.0132908132033391,-0.21496478999026397,0.7773045547653733,0.0,0.0,0.0,0.0,0.0,0.0,5.867041153356645e-12,1.840334129950865e-11,2.9121040618814216,7.238318166898193,21.89763046958535,0.0002605490294980931,0.0022643515061919074,0.0007489605067883077,0.008443256187071601,NaN,NaN,NaN,NaN,NaN,NaN
2025-06-11T20:34:35Z,39.98047215197863,-75.15429607024448,22.076494999275557,-21.269233658734088,-11.396952257110007,-0.26055084074611107,1.0611774104405145,-0.13349209572281337,0.620195265417671,0.0,0.0,0.0,0.0,0.0,0.0,7.698646127382228e-12,2.650919662662351e-11,2.8112871326543623,9.07504185904366,27.137073657167925,0.00033852957736063967,0.002580567481397541,0.0008147414360990617,0.008551585806030205,NaN,NaN,NaN,NaN,NaN,NaN
2025-06-11T20:34:36Z,39.98028245990715,-75.15443478928687,22.213832185335587,-21.580782200921607,-12.039215673563927,-0.2431986646480489,1.0201708733472257,-0.22458479136981466,0.7921189042174795,0.0,0.0,0.0,0.0,0.0,0.0,9.942250811347524e-12,3.785529585766443e-11,2.814763919757435,10.887285552903487,32.017457011236715,0.0010763129492667271,0.0028081010658413848,0.0009129306650463565,0.008577535216716666,NaN,NaN,NaN,NaN,NaN,NaN
2025-06-11T20:34:37Z,39.980088936618344,-75.15457852218483,22.39789130006243,-21.6462094832563,-12.130627490583718,-0.17849455678780513,1.0640130229726346,-0.05732651672326174,0.6992963133789637,0.0,0.0,0.0,0.0,0.0,0.0,1.2545944643156878e-11,5.136959611045421e-11,2.5998844462115014,12.870294239502067,36.07821241353014,0.001114650819684617,0.002570991777570141,0.0010092118888868802,0.008867132619633764,NaN,NaN,NaN,NaN,NaN,NaN
2025-06-11T20:34:38Z,39.97989802202404,-75.15472636158992,22.32861746366525,-21.399974346272018,-12.359472971272341,-0.11178987326878011,1.0661033143230945,-0.11259040796423415,0.6861314566657808,0.0,0.0,0.0,0.0,0.0,0.0,1.6107703040703017e-11,6.827412349674396e-11,2.6970453362061426,15.51998646478405,40.45420816968027,0.001201450276257083,0.002545423509321963,0.0012088998901316358,0.00902356559219859,NaN,NaN,NaN,NaN,NaN,NaN
2025-06-11T20:34:39Z,39.97970473474256,-75.15487622522244,22.472046533340766,-21.5178512504517,-12.937087391927033,-0.20845838969060715,1.0509982640564304,-0.14703408667113066,0.7627056918143138,0.0,0.0,0.0,0.0,0.0,0.0,2.0845379158529807e-11,9.075790141651094e-11,2.865100744407902,18.530232860690077,45.50456898165249,0.0031790217187191217,0.0024370105690167876,0.00131437857163479,0.009271758953952746,NaN,NaN,NaN,NaN,NaN,NaN
2025-06-11T20:34:40Z,39.97951389285373,-75.15503318287648,22.565991444283004,-21.08137189579983,-12.763552771533304,-0.10961066398848118,1.051101186432531,-0.036554779212322024,0.8372635550302947,0.0,0.0,0.0,0.0,0.0,0.0,2.6968811893223133e-11,1.175214798854921e-10,2.7850588070534097,22.639256191338315,50.35080156711126,0.003831317351719126,0.0021817302630908787,0.001511982227122708,0.00923122108806968,NaN,NaN,NaN,NaN,NaN,NaN
2025-06-11T20:34:41Z,39.97932264138491,-75.15518476708307,22.518125841984716,-21.379591627615017,-13.334650549052775,-0.11888899508329268,1.0775415920631832,-0.13369830334301072,0.7043059116386252,0.0,0.0,0.0,0.0,0.0,0.0,3.488029934081896e-11,1.4936956178778192e-10,2.6903985457525827,27.768969117338834,54.32061545106754,0.0033019441382342828,0.0018438675924503252,0.0017869892542595437,0.009370790477880852,NaN,NaN,NaN,NaN,NaN,NaN
2025-06-11T20:34:42Z,39.97913164964823,-75.15533995757417,22.437006093902088,-21.041893191822894,-13.719848095775733,-0.17277461523575866,1.09384498110371,-0.060745511559830774,0.7609041640795732,0.0,0.0,0.0,0.0,0.0,0.0,4.5699897913355293e-11,1.9011754541595362e-10,2.558001415881723,34.2846574132138,59.44226345107534,0.005048350181389744,0.0016312282715248414,0.0020733142798388757,0.009510758226401258,NaN,NaN,NaN,NaN,NaN,NaN
2025-06-11T20:34:43Z,39.97894622717999,-75.15549810590437,22.347914099013998,-20.5546440866603,-13.89675265441481,-0.10099832167010472,1.0761108699971738,-0.0661692473005037,0.7740987877507789,0.0,0.0,0.0,0.0,0.0,0.0,5.860399985371606e-11,2.348070662701182e-10,2.581217443256653,40.972098750927266,62.106481226945355,0.008555208099335219,0.0012819288091109955,0.0022855689821751194,0.009601226341738756,NaN,NaN,NaN,NaN,NaN,NaN
2025-06-11T20:34:44Z,39.97876778047182,-75.15566559770598,22.298523378999686,-20.189323447076863,-13.961867926531314,-0.1338710019112727,1.0702629365720902,0.004929121616836364,0.6500730086201568,0.0,0.0,0.0,0.0,0.0,0.0,7.442545416508855e-11,2.8154849430315156e-10,2.7029627358353094,46.96545012536802,62.27554905753481,0.007643919109192289,0.0008597133084693073,0.002272283051100293,0.009722253084743886,NaN,NaN,NaN,NaN,NaN,NaN
2025-06-11T20:34:45Z,39.97859101470674,-75.1558291934261,22.31342803293052,-20.032820122566903,-14.110412243221608,-0.09903857602632332,1.0729665031002065,-0.11241090582235035,0.8376360913866238,0.0,0.0,0.0,0.0,0.0,0.0,9.043201077407058e-11,3.2747187731162e-10,2.656342040291494,51.126241678572015,60.65670473688246,0.008517383997427016,0.0005751025242599813,0.0022126395632943215,0.009541942243671036,NaN,NaN,NaN,NaN,NaN,NaN
2025-06-11T20:34:46Z,39.9784091882413,-75.15598756597907,22.25340270101263,-19.814236092971413,-14.102907992516853,-0.0700867773516937,1.0761463080902232,0.0004562888116615441,0.8213172537606677,0.0,0.0,0.0,0.0,0.0,0.0,1.0881537075508983e-10,3.717224716644146e-10,2.778670961819762,54.5314616761578,58.707506707932815,0.007526481774759965,0.00044079503971033247,0.001940279812541464,0.009409497748680122,NaN,NaN,NaN,NaN,NaN,NaN
2025-06-11T20:34:47Z,39.978222510598165,-75.1561312813509,22.214090575879847,-19.932337770811525,-14.39728869487149,-0.0681522850419061,1.082293678516211,-0.07757120486904846,0.7133856547830721,0.0,0.0,0.0,0.0,0.0,0.0,1.272932222692787e-10,4.161145346711361e-10,2.828595399653981,56.88298013201814,55.27130501151157,0.006763163878471671,0.00030904841279070345,0.0017743357279104957,0.009203285927707052,NaN,NaN,NaN,NaN,NaN,NaN
2025-06-11T20:34:48Z,39.97803989743531,-75.15629581735017,22.12018843639143,-20.207208961563342,-15.368351656069441,-0.0391908587555054,1.059659953990984,-0.2998306683334005,1.2257259445428872,0.0,0.0,0.0,0.0,0.0,0.0,1.517461542515427e-10,4.757355838421801e-10,2.8082137921309784,60.17677163800852,53.89513567968612,0.007967828662848859,0.00027776101904385787,0.0016197592904582502,0.009083476877853248,NaN,NaN,NaN,NaN,NaN,NaN
2025-06-11T20:34:49Z,39.977862819459396,-75.15648410006304,22.09871769798622,-19.526387433772484,-16.602059331237697,0.011482455199918178,1.1028592188948354,-0.2684869669158111,1.7881149524934667,0.0,0.0,0.0,0.0,0.0,0.0,1.791270956532576e-10,5.345141903118469e-10,2.876136242462867,63.22684703079258,52.066291846781695,0.007323879866818529,0.0002910262597774178,0.0013823574892544445,0.009037836086654982,NaN,NaN,NaN,NaN,NaN,NaN
2025-06-11T20:34:50Z,39.97768936631045,-75.15668025707092,22.0536023923723,-18.57982406010524,-18.009175124227674,-0.13019299984794788,1.1323764529494913,-0.23286440378394746,1.8286986765755537,0.0,0.0,0.0,0.0,0.0,0.0,2.1432538787610866e-10,6.050936675221193e-10,2.7894911865545327,67.33039293463689,48.87383436292436,0.006972647970312211,0.00023401537949816514,0.0012888315473367292,0.009064847939950223,NaN,NaN,NaN,NaN,NaN,NaN
2025-06-11T20:34:51Z,39.97750872307261,-75.15686901752403,21.9420522538869,-17.75380665155405,-18.331455699216647,-0.1454399019882727,1.1164214153736534,-0.2102373445880102,2.1642038618544897,0.0,0.0,0.0,0.0,0.0,0.0,2.550320187271221e-10,6.860629885036052e-10,2.6356265909252197,71.28400743748568,45.637603183939724,0.004487036851884414,0.0002616430922311579,0.0011843461491001467,0.009322750565225852,NaN,NaN,NaN,NaN,NaN,NaN
2025-06-11T20:34:52Z,39.97733156094429,-75.15704995401205,21.980334748977537,-17.324433513822704,-18.321356496803695,-0.227847684563122,1.100763122591643,-0.10442886233585172,2.186806212594633,0.0,0.0,0.0,0.0,0.0,0.0,2.937387732317533e-10,7.577533849834932e-10,2.71408035772228,73.1893821174367,42.56518093130828,0.0032206922796942186,0.00038611442523535237,0.001044162003037416,0.00935099314255553,NaN,NaN,NaN,NaN,NaN,NaN
2025-06-11T20:34:53Z,39.97716780439505,-75.15725303491587,21.77405916975638,-17.38741761309716,-18.059027577018153,-0.18958053522232104,1.1041829148262463,-0.051220842270874235,1.9483268333792747,0.0,0.0,0.0,0.0,0.0,0.0,3.2822632780158255e-10,8.20078129229406e-10,2.676816802815073,72.47303785504806,40.021789169695495,0.0019816548183547206,0.0005173072030357739,0.0008615493672680106,0.009631332870272331,NaN,NaN,NaN,NaN,NaN,NaN
2025-06-11T20:34:54Z,39.976989341190865,-75.15742891647521,21.874572008077397,-17.54144311661356,-18.122381801459113,-0.24422325493704022,1.0811361193787767,-0.17564968365599648,2.1013670563388773,0.0,0.0,0.0,0.0,0.0,0.0,3.735720217386022e-10,8.787352064068178e-10,2.6787625544648583,73.80922808900976,37.84853903556812,0.001719603933887481,0.0006262272518891078,0.0007465313935345792,0.009786039940801837,NaN,NaN,NaN,NaN,NaN,NaN
2025-06-11T20:34:55Z,39.97682003006344,-75.15763455738548,21.883550592212135,-17.83853171284688,-18.229757244333843,-0.2287536245690896,1.0743593867061743,-0.07436956676260102,2.2072495311835065,0.0,0.0,0.0,0.0,0.0,0.0,4.1913553946595374e-10,9.38818517884505e-10,2.7329020785916263,74.4101502801557,35.904987588763476,0.0011069092765429304,0.0006959598175342202,0.0006405103031858171,0.009950807167992678,NaN,NaN,NaN,NaN,NaN,NaN
2025-06-11T20:34:56Z,39.976658704088926,-75.15784790580405,21.90879886949458,-17.584914363929204,-17.984651921990775,0.05712921999987551,1.1241196307996417,-0.09555013156245894,2.192492486715232,0.0,0.0,0.0,0.0,0.0,0.0,4.739815878631526e-10,1.0122346891370779e-9,2.6308064881876847,75.95652639096356,35.195363639244874,0.0012212373568726853,0.0008040099921867539,0.0005829383459267877,0.010046024877094656,NaN,NaN,NaN,NaN,NaN,NaN
2025-06-11T20:34:57Z,39.976510737844826,-75.15807406710924,22.017226696975513,-16.598488676964774,-18.111905396562154,0.019603411245674756,1.1190939621139744,-0.09029692610214783,2.2475364633212953,0.0,0.0,0.0,0.0,0.0,0.0,5.233398220684469e-10,1.0725302572709257e-9,2.717457891710831,76.09930863865256,34.203386179881036,0.00205290380551422,0.0009067158481355343,0.000530877009992026,0.010068259543418829,NaN,NaN,NaN,NaN,NaN,NaN
2025-06-11T20:34:58Z,39.97636173207034,-75.1582812744599,22.061084534609236,-15.869384356282513,-18.04200588507278,-0.005271588451255055,1.1248249610875392,-0.11324511054028438,2.3618911729984644,0.0,0.0,0.0,0.0,0.0,0.0,5.692462209957307e-10,1.1202563769951465e-9,2.7414215124027397,74.87096348327844,33.58246738595933,0.002390759441977396,0.0010336127307147367,0.00042041233345559294,0.009998868632667572,NaN,NaN,NaN,NaN,NaN,NaN
2025-06-11T20:34:59Z,39.97621068173366,-75.15846709222637,22.165722394068823,-14.909546765730447,-17.85340852105665,0.03540534362639549,1.153639637212737,-0.040982858433254575,2.177459901314533,0.0,0.0,0.0,0.0,0.0,0.0,5.996784107436511e-10,1.1419378551785092e-9,2.874684142675246,71.76108433102699,33.007858561873995,0.003344908153550137,0.001138680016591487,0.0003182871208839914,0.009820531673984719,NaN,NaN,NaN,NaN,NaN,NaN
2025-06-11T20:35:00Z,39.976084832523995,-75.1586796303301,22.141617947457483,-13.91326735156974,-17.670752967218363,-0.13570973007391826,1.1383909755808364,-0.14487276678967895,2.2926387114015476,0.0,0.0,0.0,0.0,0.0,0.0,6.551820319399233e-10,1.2082668283628596e-9,2.7952065391853846,70.01243324547869,33.555337539682895,0.004247129389239982,0.0011963763381681893,0.00018122083516898332,0.00988288101426077,NaN,NaN,NaN,NaN,NaN,NaN
2025-06-11T20:35:01Z,39.97597485235865,-75.15892302191699,22.19927693106108,-13.354577979497964,-18.06260790996561,-0.15086724338448573,1.1644076639887813,-0.032155342788324985,2.142841130827814,0.0,0.0,0.0,0.0,0.0,0.0,7.240689164771032e-10,1.2815839388311493e-9,2.8073425166044075,69.11467399406624,33.34079438951461,0.0021275336860632275,0.00113928986472017,0.00009443494435308892,0.009965276354332829,NaN,NaN,NaN,NaN,NaN,NaN
2025-06-11T20:35:02Z,39.97585005099444,-75.15914154337487,22.237567163425577,-13.158825432684688,-17.913130585795503,-0.22040333759923642,1.1561733551328661,-0.12711780155004895,2.2913829018230145,0.0,0.0,0.0,0.0,0.0,0.0,8.014577499198886e-10,1.3552799639131054e-9,2.8227006282751774,68.85955900520155,34.586009104701525,0.002061681278178408,0.0012703094634720076,0.00005697684453630408,0.010004139047506255,NaN,NaN,NaN,NaN,NaN,NaN
2025-06-11T20:35:03Z,39.97570293635307,-75.1593131295012,22.16543515925726,-13.319849350578407,-17.49365575858349,-0.03578249729152031,1.139746006216188,-0.0035686325612421725,2.2254684978499117,0.0,0.0,0.0,0.0,0.0,0.0,8.860874297930794e-10,1.4356675339627349e-9,2.7278981310787445,68.7652477753213,35.84149988678998,0.001581189988362259,0.0013752165474958304,0.00005508770793851644,0.009877945591435868,NaN,NaN,NaN,NaN,NaN,NaN
2025-06-11T20:35:04Z,39.97556500078704,-75.15947110214154,22.225070324021814,-13.134002072177,-17.00409021629565,-0.10375148843184614,1.141115971646543,-0.07109558938744875,2.218884448823459,0.0,0.0,0.0,0.0,0.0,0.0,9.834164728266762e-10,1.5267761452958975e-9,2.612007820114378,68.47340606633016,38.190382952307466,0.002213652036987243,0.0014543325147046936,0.00006460880403443632,0.009785016761645391,NaN,NaN,NaN,NaN,NaN,NaN
2025-06-11T20:35:05Z,39.97548441078825,-75.15967794806873,22.19065700895585,-12.785578910812497,-16.637160104610192,-0.1496721118554258,1.1193921644505969,-0.0354181149536315,2.224116870185887,0.0,0.0,0.0,0.0,0.0,0.0,1.0662510045801384e-9,1.6097155567036641e-9,2.590652545179836,66.59655863451799,40.548229291111575,0.002195808584902316,0.0013756539763739553,0.0001065956126647332,0.009872972851414355,NaN,NaN,NaN,NaN,NaN,NaN
2025-06-11T20:35:06Z,39.975378931156065,-75.15986724399487,22.229817141865585,-12.63108633791696,-16.606736439352392,-0.16559839488397246,1.1269034331958054,-0.07228062739715913,2.2408622683828194,0.0,0.0,0.0,0.0,0.0,0.0,1.1670205390848009e-9,1.7094243308819395e-9,2.6524644309888545,65.83260784489899,42.52643420835467,0.001910451649354988,0.0013071935912448698,0.00017230628529202633,0.009926513281792561,NaN,NaN,NaN,NaN,NaN,NaN
2025-06-11T20:35:07Z,39.97523612982837,-75.16003082399098,22.39022786489142,-12.866099122283412,-16.452872623448492,-0.04405262869023015,1.1168373730565568,-0.007358884010124255,2.2416114810325705,0.0,0.0,0.0,0.0,0.0,0.0,1.273036985132788e-9,1.823388906259091e-9,2.65675435537185,65.6633845926228,45.69213763867572,0.0014992915091530607,0.0013335138713312935,0.00025300689349742856,0.01002796768553276,NaN,NaN,NaN,NaN,NaN,NaN
2025-06-11T20:35:08Z,39.97510802684992,-75.16020499857626,22.37076592520617,-12.743249377835111,-16.373093914115763,-0.1619287763329365,1.076267871464792,-0.040586727116044705,2.217432958906879,0.0,0.0,0.0,0.0,0.0,0.0,1.3628846131849204e-9,1.893275913979479e-9,2.6258211825789255,64.27708281472883,48.584273823161055,0.0018431579626304838,0.0013646995085385082,0.0003335247887278288,0.010062440020381012,NaN,NaN,NaN,NaN,NaN,NaN
2025-06-11T20:35:09Z,39.97497856189767,-75.1603860246898,22.37709477583889,-13.023417446166954,-16.73798686479008,-0.18410561731000769,1.074068076519536,-0.10898037436535693,2.362791504958451,0.0,0.0,0.0,0.0,0.0,0.0,1.507019730147398e-9,2.0124272584534763e-9,2.8069690586415406,65.05692142423531,50.92682385062842,0.0017834473299259163,0.0013639108399805075,0.0004295741956840752,0.010254253065076586,NaN,NaN,NaN,NaN,NaN,NaN
2025-06-11T20:35:10Z,39.974870651702425,-75.16060439502104,22.17807043192743,-13.18254151359653,-17.095405317075908,-0.1614966853285346,1.0694636802434982,-0.034430395208416356,2.2698572572020623,0.0,0.0,0.0,0.0,0.0,0.0,1.6394608627321699e-9,2.108598709122963e-9,2.708121245765892,65.72840357105487,53.09820759527796,0.0009236863723343005,0.0014185483305990936,0.0005336452773628289,0.010370056427395373,NaN,NaN,NaN,NaN,NaN,NaN
2025-06-11T20:35:11Z,39.9747120619171,-75.16079834253814,22.15446568514538,-13.614325315047319,-17.117819045302586,-0.23787065235466082,1.0759936504949439,-0.0014307183203823967,2.2376855880777096,0.0,0.0,0.0,0.0,0.0,0.0,1.7422067889649368e-9,2.210075684551875e-9,2.78571029977056,64.63138145649069,55.8703878714977,0.0008175939483378675,0.0015188481874703916,0.0005913611527266855,0.010588310220858455,NaN,NaN,NaN,NaN,NaN,NaN
2025-06-11T20:35:12Z,39.9745802729399,-75.16098013708877,22.14840324687535,-13.626068298235815,-17.06312289457479,-0.15411635539538368,1.0553468962847115,-0.07909449644415942,2.2255237823253435,0.0,0.0,0.0,0.0,0.0,0.0,1.833695531844871e-9,2.3009340384210558e-9,2.6428726793118553,63.403440290780864,59.57047759362352,0.0013699862736076404,0.0016247239439327612,0.0006631599207645346,0.010554680273458272,NaN,NaN,NaN,NaN,NaN,NaN
2025-06-11T20:35:13Z,39.97444295173195,-75.16114902446095,22.303638635255922,-13.579964778469146,-16.98641393462723,-0.21317242890308274,1.0198813409634144,-0.03605934809356522,2.2820092969416548,0.0,0.0,0.0,0.0,0.0,0.0,1.936228294753665e-9,2.41695384087447e-9,2.727150376525608,62.69687910783378,64.50248363713612,0.0017039691178634578,0.0017099756825810317,0.0007504093055999016,0.010447669242156836,NaN,NaN,NaN,NaN,NaN,NaN
2025-06-11T20:35:14Z,39.974324592270506,-75.16135311699882,22.383041412407316,-14.044731768801006,-17.119097118114055,-0.219366617961662,1.0136618188040962,-0.027356905244552504,2.2053307248038263,0.0,0.0,0.0,0.0,0.0,0.0,2.059710507674746e-9,2.5442996621522604e-9,2.8758068480943426,62.31520771744325,70.1289719740237,0.0015019522957105639,0.001782749819227233,0.0007539078640950748,0.010390371622309802,NaN,NaN,NaN,NaN,NaN,NaN
2025-06-11T20:35:15Z,39.974233772697495,-75.16160114022449,22.399840937160153,-14.34342782891904,-17.376269990990856,-0.22885200927708507,0.9909558985524366,-0.06902907590180475,2.304207483443101,0.0,0.0,0.0,0.0,0.0,0.0,2.1901884355898633e-9,2.669373380783767e-9,2.7408160014853316,62.76811999804487,75.54617887643955,0.0014432624115593294,0.001868864198112923,0.0007675933149573435,0.010517951563959127,NaN,NaN,NaN,NaN,NaN,NaN
2025-06-11T20:35:16Z,39.974119949483914,-75.16181413404175,22.454345358816553,-14.644479925648653,-17.380467507474414,-0.15284138848765766,0.9878234282097176,-0.023143287441580264,2.337729116235951,0.0,0.0,0.0,0.0,0.0,0.0,2.330499082645801e-9,2.8309048625193423e-9,2.7196742845950705,63.97690508899045,81.52558711135315,0.0013921882629639463,0.001943771349675337,0.0008526155237783554,0.010440649597525968,NaN,NaN,NaN,NaN,NaN,NaN
2025-06-11T20:35:17Z,39.97399566991934,-75.16202254919939,22.375050708945494,-15.106304276518731,-17.314979868986043,-0.22191573655350277,0.9819608959760965,0.027652898514426157,2.2075004605916364,0.0,0.0,0.0,0.0,0.0,0.0,2.4266076774936243e-9,2.94027325301862e-9,2.8396920917618007,63.949029964908114,87.6812201676069,0.0011259522732658246,0.0020325587091256365,0.0009114744702149582,0.010421276531550182,NaN,NaN,NaN,NaN,NaN,NaN
2025-06-11T20:35:18Z,39.97384081515855,-75.16220353211258,22.172451534126942,-15.393884835158318,-17.402570585892935,-0.1906850915466845,0.9776908805558889,-0.08537885387942751,2.3653998878306552,0.0,0.0,0.0,0.0,0.0,0.0,2.517388971683528e-9,3.069504094261172e-9,2.740735615199524,62.488054052467824,94.57604466888954,0.0013584641987256943,0.0021427945097712443,0.0010060500240927715,0.010602264630741797,NaN,NaN,NaN,NaN,NaN,NaN
2025-06-11T20:35:19Z,39.973666948063794,-75.16240638025292,22.094373319847385,-15.952759750616188,-17.788843195743503,-0.13298196446544885,0.9966760595438732,0.014942699526412636,2.3693468857111672,0.0,0.0,0.0,0.0,0.0,0.0,2.6008887733067502e-9,3.1804550194610428e-9,2.80122299056742,62.54039205891596,100.86105765391332,0.0005171833364155366,0.0021644591205313164,0.0011468537988784766,0.010550376554190924,NaN,NaN,NaN,NaN,NaN,NaN
2025-06-11T20:35:20Z,39.9734726611226,-75.16261208036279,22.022490352018394,-16.1582917822238,-18.166514711851637,-0.17326838783831486,0.99763162507908,-0.028630801372972196,2.3153822311345253,0.0,0.0,0.0,0.0,0.0,0.0,2.6455768129928085e-9,3.3550937022917256e-9,2.9872628779127623,62.66154873053094,109.9313637492433,0.0004984255337093696,0.0023030066950638826,0.0013094299473327329,0.010530354116876056,NaN,NaN,NaN,NaN,NaN,NaN
2025-06-11T20:35:21Z,39.973309798389316,-75.16281685482917,21.866020316677734,-15.731982732856713,-17.954009030904956,-0.15756019226943788,1.0115718905651123,-0.06343746150705656,2.5462644483842625,0.0,0.0,0.0,0.0,0.0,0.0,2.7732387271498075e-9,3.5726620567067703e-9,3.018987132284096,64.81423970737684,117.55275397290362,0.0007861043644425064,0.0024474761570758975,0.0013565441503734354,0.010735626492146783,NaN,NaN,NaN,NaN,NaN,NaN
2025-06-11T20:35:22Z,39.97315381276851,-75.16299011865325,21.755842086767732,-15.45408980506556,-17.665921022971673,-0.17618991172796605,1.039517270361147,0.006581646724767784,2.4817499653608692,0.0,0.0,0.0,0.0,0.0,0.0,2.9021210070792286e-9,3.8090687846951875e-9,3.2006499575478453,67.2172370050716,124.88503294745168,0.00046262284425593577,0.0024771827962133753,0.0013716541597194735,0.010951861862071912,NaN,NaN,NaN,NaN,NaN,NaN
2025-06-11T20:35:23Z,39.97305519561928,-75.16322484048267,21.716767626515914,-15.25670907478956,-17.113731428864295,-0.24306049564634896,1.024954783036478,0.047306770033452177,2.321204702389019,0.0,0.0,0.0,0.0,0.0,0.0,3.0433406425653864e-9,4.028937033787491e-9,3.0354918285775008,69.70093511474656,132.81716636504876,0.0012562812261543365,0.002514698357117435,0.0014381820703355474,0.011172923873252286,NaN,NaN,NaN,NaN,NaN,NaN
2025-06-11T20:35:24Z,39.97296042534766,-75.16347467689222,21.60743223581528,-15.18056049083069,-17.196518828078858,-0.21050433421962672,1.0318694599702973,-0.03067539956552527,2.3042224705905783,0.0,0.0,0.0,0.0,0.0,0.0,3.231942298431741e-9,4.2757171395016815e-9,2.87493452487179,73.13151180708229,142.83123292902206,0.003120372395910305,0.002520403702231645,0.0014825178450063633,0.011417877710576603,NaN,NaN,NaN,NaN,NaN,NaN
2025-06-11T20:35:25Z,39.97285907899868,-75.16371917011234,21.459804121593802,-14.766179459659837,-17.571924891396108,-0.24004030306076232,1.020276125105177,-0.06856567474178477,2.377987728509553,0.0,0.0,0.0,0.0,0.0,0.0,3.375539536215541e-9,4.5392373254109335e-9,2.7614820410637893,76.11503639089906,150.16066448587677,0.0033822348216865942,0.0022875240589603292,0.001619946323900217,0.011502759756961894,NaN,NaN,NaN,NaN,NaN,NaN
2025-06-11T20:35:26Z,39.972729149314794,-75.1639862150331,21.315198825190556,-14.791429703075535,-17.859007000964883,-0.25082902353273284,1.0331816096191524,0.0636568189948934,2.1619633617448573,0.0,0.0,0.0,0.0,0.0,0.0,3.5094105735881408e-9,4.7252025181225554e-9,2.8252328884548357,79.57887105007154,155.81936940587005,0.002270286465060582,0.002093985897687229,0.001790440685198153,0.011520983522347579,NaN,NaN,NaN,NaN,NaN,NaN
2025-06-11T20:35:27Z,39.975086578197896,-75.15774730290158,19.921349736561098,-12.141000025268045,16.315623459475166,-0.18629807838573634,1.086574513473238,-0.12979623751079097,2.321033054783414,0.0,0.0,0.0,0.0,0.0,0.0,6.380387331627513e-12,2.780641107956078e-12,1.2780095869153236,4.1395621179575715,1.3425435695989008,0.0006986452743567617,0.00012998240814631574,0.00037173412407068084,0.00007720754733042186,NaN,NaN,NaN,NaN,NaN,NaN
2025-06-11T20:35:28Z,39.97497684067412,-75.15755930113896,20.10403695288486,-10.989678302568603,16.16775260883659,-0.14360706262343576,1.0273572679025649,-0.3165439908084356,3.0200813299289164,0.0,0.0,0.0,0.0,0.0,0.0,8.430407657145733e-12,3.325580208466506e-12,1.9242566822120564,5.1287729793046255,1.51384919551217,0.0016603677254107797,0.00015390112778339098,0.00045487881496771785,0.0001452706968121272,NaN,NaN,NaN,NaN,NaN,NaN
2025-06-11T20:35:29Z,39.9748756639285,-75.15736514753914,20.422710284805667,-10.39259263377594,17.22207088933671,-0.04859994002097446,1.1124639905696558,-0.2843615452210538,-2.7007502197452853,0.0,0.0,0.0,0.0,0.0,0.0,1.0550509430378961e-11,4.0649228440365335e-12,2.2562628365345545,6.129205069383866,1.6172369895649858,0.0028248558343921884,0.00014831483107863997,0.00048824702387176874,0.00025134130768323266,NaN,NaN,NaN,NaN,NaN,NaN
2025-06-11T20:35:30Z,39.97477980285558,-75.15715695269104,20.5346172941211,-10.15343543403173,18.41954623976806,-0.15197541248066485,1.13588399944436,-0.09521344510780076,-2.747145033511773,0.0,0.0,0.0,0.0,0.0,0.0,1.3183097779799874e-11,5.075305773151961e-12,2.5159934596369,6.725612736903557,1.862980049969349,0.002593131917590231,0.00018739456687426749,0.00039915341102357034,0.000458370431154814,NaN,NaN,NaN,NaN,NaN,NaN
2025-06-11T20:35:31Z,39.974681370106794,-75.15693838326706,20.58860820299751,-11.006000040625075,19.23827824570972,-0.13858927282256187,1.1431942071692314,0.14583880226749335,2.9760736022629857,0.0,0.0,0.0,0.0,0.0,0.0,1.601728984625836e-11,6.368155516574903e-12,2.7630715462066977,7.69242493225759,2.3043188662406693,0.0012907925116147875,0.00025545003787972144,0.00038668293810766713,0.0008098028216483527,NaN,NaN,NaN,NaN,NaN,NaN
2025-06-11T20:35:32Z,39.974578550496204,-75.15670255724689,20.565430901916788,-11.537249126659704,20.812724178940265,-0.14663796904879764,1.174427231508545,-0.04414483476396292,3.1093966315204478,0.0,0.0,0.0,0.0,0.0,0.0,1.9061559576496108e-11,7.183038429978342e-12,2.6453805696857717,9.166916096957793,2.506990962288822,0.004046443943088224,0.0002822608278573378,0.00045840814418309433,0.0010444718804359793,NaN,NaN,NaN,NaN,NaN,NaN
2025-06-11T20:35:33Z,39.97447287374209,-75.15644955812293,20.48879785549321,-11.14741881520658,22.062307557372336,-0.3367624196905265,1.1402935980399511,-0.11186666205114552,3.106575214890263,0.0,0.0,0.0,0.0,0.0,0.0,2.2668593151518498e-11,7.523184329249412e-12,2.7679509050170137,10.702823283707058,2.222023482307666,0.0028994372959910866,0.00012604622094210263,0.00041504741742858116,0.0018465853695369032,NaN,NaN,NaN,NaN,NaN,NaN
2025-06-11T20:35:34Z,39.97437240953347,-75.15619911684234,20.41411436366027,-10.255485955535471,21.27416496069509,0.05986836756444749,1.142998855762791,-0.2850528665562041,-2.6063096650649347,0.0,0.0,0.0,0.0,0.0,0.0,2.7401761941634065e-11,9.417583615290598e-12,2.767337321307792,12.189068442863007,2.1169433396104225,0.0009538634316718941,0.00005183571736936997,0.00043962397089574443,0.002463200643040048,NaN,NaN,NaN,NaN,NaN,NaN
2025-06-11T20:35:35Z,39.97427818273675,-75.15593884680437,20.09204776224265,-9.89197079359404,22.710912145620178,-0.06908792917633147,1.2012688475040545,-0.07562495042332336,-2.769091723930302,0.0,0.0,0.0,0.0,0.0,0.0,3.261484601984804e-11,1.0809984421573365e-11,2.7922441380102945,14.529213650087803,2.284037155479011,0.000996525391373229,0.000059403287181430844,0.0005296703890438631,0.0026925517318863983,NaN,NaN,NaN,NaN,NaN,NaN
2025-06-11T20:35:36Z,39.974187855506166,-75.15566911796128,20.41627302648299,-10.092339894572936,23.256115890631314,-0.06661822307157753,1.2177769564489622,-0.043324449615617114,-2.816465057380433,0.0,0.0,0.0,0.0,0.0,0.0,3.8517246779043754e-11,1.2012663083424892e-11,2.736326611275099,16.587470596801094,2.4286559191338846,0.0007346115749310864,0.00008014887160402454,0.0005901693927283767,0.0028673238879662246,NaN,NaN,NaN,NaN,NaN,NaN
2025-06-11T20:35:37Z,39.974094579312,-75.15539031333391,20.58460322647856,-10.491623157378186,23.706836998667306,-0.07527713951893483,1.2171945226766083,-0.08865111041914384,-2.657558671849566,0.0,0.0,0.0,0.0,0.0,0.0,4.5738952009604056e-11,1.204459269382353e-11,2.8649449483014795,18.700418746786696,2.395007240918054,0.0007523171242333574,0.00009610887201651054,0.0006509042458001868,0.0028625283900810023,NaN,NaN,NaN,NaN,NaN,NaN
2025-06-11T20:35:38Z,39.973996055004505,-75.15510301739594,20.56913028638438,-10.37685890549246,24.62816346788179,-0.19907631782125143,1.2167320950658103,-0.0970722129978294,-2.67915405387504,0.0,0.0,0.0,0.0,0.0,0.0,5.401373241103526e-11,1.2699061544089127e-11,2.71208633730903,20.93334691924362,2.4563191312076444,0.0010776491265862176,0.0001162343811632722,0.0007328960966663096,0.0028448974859945344,NaN,NaN,NaN,NaN,NaN,NaN
2025-06-11T20:35:39Z,39.97389814788743,-75.15481277561393,20.575053558071403,-10.59824144689319,24.776539314049984,0.019784719831164664,1.2240270303276166,-0.04183529396459184,-2.7292058673354447,0.0,0.0,0.0,0.0,0.0,0.0,6.207915195255323e-11,1.422799598092367e-11,2.6520937283241697,23.07426832297698,2.457279356449794,0.00117214448569393,0.00011380075956622077,0.0008008910222003632,0.0028331427978829558,NaN,NaN,NaN,NaN,NaN,NaN
2025-06-11T20:35:40Z,39.97380457786185,-75.1545152147882,20.75156476560486,-10.918069900579987,25.88916686824323,-0.029732196715392595,1.2278031553333453,-0.04897075490699173,-2.78503839922371,0.0,0.0,0.0,0.0,0.0,0.0,7.05277973499945e-11,1.6096427101375637e-11,2.686223829183329,25.650816364676594,2.512297889522274,0.0017416908477023883,0.00010818525703159833,0.0008807483430238765,0.002805287720013878,NaN,NaN,NaN,NaN,NaN,NaN
2025-06-11T20:35:41Z,39.97370938348763,-75.15420583306103,20.750372561649833,-11.091769519545496,27.09056439330147,-0.07004863009290738,1.2223233814157453,-0.10364714662278945,-2.7275005012473317,0.0,0.0,0.0,0.0,0.0,0.0,8.172910645447319e-11,1.8176448382620777e-11,2.7312625155632344,29.32409570321352,2.3816656405695995,0.002467077177551875,0.00008524942030100683,0.000987456571181508,0.0028950873594732435,NaN,NaN,NaN,NaN,NaN,NaN
2025-06-11T20:35:42Z,39.973610346110284,-75.15388538263329,20.696532784085964,-10.96042938376563,28.104468997018223,-0.21392645124899137,1.22505979444364,-0.0909155748350748,-2.7467176585558164,0.0,0.0,0.0,0.0,0.0,0.0,9.380282119762793e-11,2.0894314333143186e-11,2.778718942942584,32.22743701421095,2.2173319338023907,0.0018547778462842926,0.00006950450726371158,0.0009759829556534015,0.0030409859664992274,NaN,NaN,NaN,NaN,NaN,NaN
2025-06-11T20:35:43Z,39.97350839037209,-75.15355648330538,20.497800330763464,-10.905089354337026,28.586037924845087,-0.25163486547027303,1.222248082710677,-0.08105571952091167,-2.6816316206987576,0.0,0.0,0.0,0.0,0.0,0.0,1.1000835320104673e-10,2.349398042709696e-11,2.6051181899598435,35.878199361892555,2.048390837540891,0.0014350624949212435,0.00005398598972390135,0.001070301665051048,0.003059160280027956,NaN,NaN,NaN,NaN,NaN,NaN
2025-06-11T20:35:44Z,39.973403317084994,-75.15322382356004,20.509753293573215,-10.985651130779011,29.13708813579752,-0.2753356113655486,1.1952064359523003,-0.10787029992970738,-2.6998296936589683,0.0,0.0,0.0,0.0,0.0,0.0,1.2915469287323416e-10,2.7307397293034765e-11,2.689911505691526,39.70277256948374,1.9755243967486669,0.0012405444963119996,0.000045924127167266486,0.0011527642480646198,0.0030537482268244696,NaN,NaN,NaN,NaN,NaN,NaN
2025-06-11T20:35:45Z,39.9732880343356,-75.152885155643,20.33283292961519,-11.285238883110294,29.254804530476516,-0.27077030124238033,1.1565651152419736,-0.0014732345101133245,-2.7224336440809522,0.0,0.0,0.0,0.0,0.0,0.0,1.5284337462105057e-10,3.2105773807668174e-11,2.624399105599524,44.01954832192598,1.9713431662917562,0.0010518278048070036,0.00004110822143187674,0.0012379561199246714,0.0031066534113086863,NaN,NaN,NaN,NaN,NaN,NaN
2025-06-11T20:35:46Z,39.97318616399683,-75.15254992564194,20.145943020406566,-12.041325135051114,28.95835214745987,-0.2891320471503603,1.1486680911709706,-0.0030727086418247786,-2.7042025317079808,0.0,0.0,0.0,0.0,0.0,0.0,1.7774902847780303e-10,3.4917843799649337e-11,2.79276213756381,48.45510115951661,1.8358395690887555,0.0010795160033019633,0.00003643451159664703,0.001294272884456076,0.003118400615229975,NaN,NaN,NaN,NaN,NaN,NaN
2025-06-11T20:35:47Z,39.97308283697273,-75.15221214539189,20.068543575786528,-12.186376157594296,29.25745784150657,-0.27330383525434643,1.1233011335747813,-0.005125580665221757,-2.724977484381638,0.0,0.0,0.0,0.0,0.0,0.0,2.0741087023883683e-10,3.707836658694382e-11,3.056110671930113,53.668351784680404,1.6920450924028816,0.001990406805427708,0.00006209090314508308,0.0013235056412937377,0.0032094758063301965,NaN,NaN,NaN,NaN,NaN,NaN
2025-06-11T20:35:48Z,39.97297754318223,-75.15187449166976,20.08313556934184,-12.150395970000696,29.44153599106435,-0.07173701916018187,1.0897380791579172,-0.02598501000699822,-2.6721464220780113,0.0,0.0,0.0,0.0,0.0,0.0,2.4642275093071867e-10,4.041830025116753e-11,3.0011173808295855,59.27495806850576,1.586572937865004,0.0022742300007038566,0.00009928395527328297,0.0012679290758104184,0.0034223243840119755,NaN,NaN,NaN,NaN,NaN,NaN
2025-06-11T20:35:49Z,39.972867653419826,-75.15153232482193,20.18473991367687,-12.374359634081765,29.820457523224377,-0.093217936331486,1.0747204245236954,-0.00713147107480769,-2.6942224031780015,0.0,0.0,0.0,0.0,0.0,0.0,2.8462160470910706e-10,4.5402231222346157e-11,2.8934953270058332,64.41602245244782,1.6541542668179052,0.0015385497782062,0.00016843776297517437,0.0012416864933773011,0.003677439972613934,NaN,NaN,NaN,NaN,NaN,NaN
2025-06-11T20:35:50Z,39.97275941557032,-75.15117908402134,20.11947740832394,-12.732081967321196,30.598698080556716,-0.07063246143045039,1.0626575224308181,-0.033423459138375945,-2.689099346978272,0.0,0.0,0.0,0.0,0.0,0.0,3.262672617532111e-10,4.569754733763319e-11,2.8383440641910362,69.81357102669084,1.711622028682179,0.0017796440671610932,0.00021838784172351484,0.0011995700617520905,0.003851245501198066,NaN,NaN,NaN,NaN,NaN,NaN
2025-06-11T20:35:51Z,39.972656126221395,-75.15081863175907,20.038200399155805,-12.850666768908132,31.41937859166692,-0.07262662987981328,1.0519950992118805,-0.06565209919569494,-2.622308235454761,0.0,0.0,0.0,0.0,0.0,0.0,3.746785779429609e-10,4.824585333612513e-11,3.0730191013996784,75.25365571280703,1.9881848568064906,0.0014988834237183442,0.00030688388387905814,0.0011562651174439526,0.003973465954214118,NaN,NaN,NaN,NaN,NaN,NaN
2025-06-11T20:35:52Z,39.97256259009118,-75.15045124035419,19.835507977264005,-13.04761498113564,32.05162866378242,-0.0369942818241539,1.0520105362079049,0.0006049791140677413,-2.6808706984536212,0.0,0.0,0.0,0.0,0.0,0.0,4.183887747081708e-10,4.7706877736149415e-11,2.9193265280391394,79.99118120890083,2.2559391582742534,0.0013646296453908703,0.00036822724137117624,0.0012244252371615433,0.0039383622578844845,NaN,NaN,NaN,NaN,NaN,NaN
2025-06-11T20:35:53Z,39.972462327525,-75.15008081489202,19.942666087128217,-13.339447903212418,32.514259032398726,-0.03503050472329777,1.048597516816271,-0.03580660067269469,-2.641314464811594,0.0,0.0,0.0,0.0,0.0,0.0,4.744130311437385e-10,5.0213109608315264e-11,2.8824077345849166,86.00633098060908,2.5986190280824766,0.0011096822436746396,0.00037907356325324706,0.0013310520217652973,0.00397941872997155,NaN,NaN,NaN,NaN,NaN,NaN
2025-06-11T20:35:54Z,39.97235724704039,-75.1497001676769,19.902727341586797,-13.45544486161234,33.03388466229037,-0.018440722153424998,1.0416247326087322,-0.03187368107767303,-2.6269028658365743,0.0,0.0,0.0,0.0,0.0,0.0,5.287019392134619e-10,5.425933709106632e-11,2.8685134820142473,91.02512214809536,3.1443999414034525,0.000919244216298085,0.0004247684696437806,0.0014063312765863992,0.0040217132174519945,NaN,NaN,NaN,NaN,NaN,NaN
2025-06-11T20:35:55Z,39.972263215421606,-75.14931244692276,19.821050914617768,-13.53771681149179,33.62186154859389,-0.02144073801318209,1.036995300559222,-0.03030550582090332,-2.6372832197635554,0.0,0.0,0.0,0.0,0.0,0.0,5.949981902670182e-10,5.596134823411333e-11,3.0503945989814594,96.83208491636313,3.7883939015380315,0.0009648972644095116,0.00046460275527125704,0.0014429253253993074,0.004060636397753807,NaN,NaN,NaN,NaN,NaN,NaN
2025-06-11T20:35:56Z,39.972148206939586,-75.14891824732324,19.815367214804954,-13.879680517507431,34.14890109124746,-0.0407697231128895,1.0317078436115104,0.0004624810725294334,-2.7122997788768517,0.0,0.0,0.0,0.0,0.0,0.0,6.675992283808905e-10,5.7486673654218334e-11,2.9527710946266708,103.72492685523802,4.686514829734459,0.0011533781769362133,0.0005115603814447533,0.0015573204731344165,0.004116487121411086,NaN,NaN,NaN,NaN,NaN,NaN
2025-06-11T20:35:57Z,39.97199750921945,-75.14851305324132,19.740162937876455,-13.973829968163418,33.525199805576406,-0.08377830755797341,1.0577578454725647,-0.014806920445279446,-2.7104326794718805,0.0,0.0,0.0,0.0,0.0,0.0,7.67067504825025e-10,6.175380434770247e-11,2.9497204704371685,112.01280785322014,5.461317273368115,0.0007689583345287912,0.0005137192903780698,0.0016586739682694343,0.004238170473918213,NaN,NaN,NaN,NaN,NaN,NaN
2025-06-11T20:35:58Z,39.97184532535756,-75.14812609240452,19.755219217300812,-13.300808653895176,31.982333241034897,-0.08322346949106665,1.0530054037323489,-0.06145794043519571,-2.5886155799883444,0.0,0.0,0.0,0.0,0.0,0.0,8.592234630633723e-10,6.748402247235532e-11,2.7675442004155273,116.74913183199097,6.606614313873922,0.0010162556661339006,0.0005966426567895703,0.0016899780817736763,0.004370233055157315,NaN,NaN,NaN,NaN,NaN,NaN
2025-06-11T20:35:59Z,39.97172326521012,-75.14775722971116,19.838439549410364,-13.222232570853395,31.38957683252169,-0.07851661394604707,1.0571507955486505,0.04870537453349446,-2.689996370814162,0.0,0.0,0.0,0.0,0.0,0.0,9.653059196454361e-10,7.171693895598684e-11,2.924695473752372,125.61164462798142,7.596449835309734,0.00042034220744299576,0.0005525684842867367,0.0018478025540057286,0.004792085376953141,NaN,NaN,NaN,NaN,NaN,NaN
2025-06-11T20:36:00Z,39.971619513607436,-75.14738996988774,19.729418002259717,-13.228562776626202,31.563825801799997,-0.05250803771451134,1.0672569655184794,-0.07467229406026579,-2.6535870127582686,0.0,0.0,0.0,0.0,0.0,0.0,1.0912772117370046e-9,8.059444928776512e-11,2.71193482688047,136.17792110852483,9.221937602844262,0.0013861064347798172,0.0006049627175706389,0.0019879801485913995,0.005278696055169868,NaN,NaN,NaN,NaN,NaN,NaN
2025-06-11T20:36:01Z,39.97150338985184,-75.1470182581856,19.42327140330268,-12.90383253772419,31.786826774027176,-0.07598423072750712,1.0722112232187464,-0.04447493229273787,-2.6371648392296305,0.0,0.0,0.0,0.0,0.0,0.0,1.235137276978076e-9,8.987931484946809e-11,2.9435791983313706,148.51149218939182,10.175624725834547,0.0002955337383022659,0.0005296085731302407,0.0021161651134946227,0.00555245474390182,NaN,NaN,NaN,NaN,NaN,NaN
2025-06-11T20:36:02Z,39.971356870210755,-75.1466532830052,19.457370244300105,-12.77120707362816,31.389529893195576,-0.06086456291003895,1.081599872381765,-0.06799843573735137,-2.6281449902288996,0.0,0.0,0.0,0.0,0.0,0.0,1.3551269807651516e-9,1.0021613509741449e-10,2.9547537977185163,154.26426937217974,11.39248879584441,0.0007142296012049896,0.000590699379375722,0.002127220130630642,0.005723142039430865,NaN,NaN,NaN,NaN,NaN,NaN
2025-06-11T20:36:03Z,39.971184082353396,-75.14628965553415,19.411297003724275,-13.278485669979267,31.27246306607356,0.0616208870045045,1.1004650794842699,-0.02067911232027165,-2.6183999480535256,0.0,0.0,0.0,0.0,0.0,0.0,1.4991140296962245e-9,1.1387634763459465e-10,3.147400524748779,163.77570997406343,12.903180073173385,0.0008827218078651223,0.0006389668136651513,0.0021762663114556317,0.0055943790935787385,NaN,NaN,NaN,NaN,NaN,NaN
2025-06-11T20:36:04Z,39.97103329294738,-75.14592234488079,19.50667841136027,-13.704178511871314,31.146005642394147,0.09173825144825962,1.1256602852949757,0.010941005064411936,-2.6591610185527474,0.0,0.0,0.0,0.0,0.0,0.0,1.6349822565223516e-9,1.2553928780353064e-10,2.8253092783374134,170.7556256302295,14.777598066780396,0.0005653841734295555,0.0007090058743067423,0.002191355674674796,0.005635434020762223,NaN,NaN,NaN,NaN,NaN,NaN
2025-06-11T20:36:05Z,39.97087438400173,-75.145562167064,19.634139620728973,-14.221809889448906,31.09918398057225,0.1189803923023212,1.1124859779765204,-0.021738786328570882,-2.683774322271184,0.0,0.0,0.0,0.0,0.0,0.0,1.7752161324542334e-9,1.3891815539333694e-10,2.7750541023421675,178.21115056083676,16.97092476540844,0.0007552493969065821,0.0008081265527059115,0.00225993366229115,0.005561669530377219,NaN,NaN,NaN,NaN,NaN,NaN
2025-06-11T20:36:06Z,39.97073612630903,-75.14520179383817,19.752990164904837,-14.627889077141978,31.105136543776045,0.004196075609160659,1.1105318975180678,-0.03141381876061596,-2.638790784525464,0.0,0.0,0.0,0.0,0.0,0.0,1.9134493253503073e-9,1.4764093215306526e-10,2.8222079194327945,184.37528808124154,18.569530042141032,0.0009571729963473275,0.0008641949571510685,0.0022026927903076488,0.005485534631229595,NaN,NaN,NaN,NaN,NaN,NaN
2025-06-11T20:36:07Z,39.97056535977327,-75.14482641316931,19.57052185204332,-15.13950921997468,31.37723115256566,0.052718918286714316,1.1152705001013938,0.0026339944190868973,-2.6802443958706994,0.0,0.0,0.0,0.0,0.0,0.0,2.0541815225144287e-9,1.628136021526339e-10,2.720516517587895,190.5979197606696,20.651960296916343,0.0011698021667238421,0.0009640477890904568,0.002184811769945398,0.005384544452240214,NaN,NaN,NaN,NaN,NaN,NaN
2025-06-11T20:36:08Z,39.97043059130997,-75.14444882656804,19.447037666354486,-15.470782369016112,31.747205119665896,0.006433006101446939,1.1097366332787022,-0.04383363686282463,-2.6695224993021958,0.0,0.0,0.0,0.0,0.0,0.0,2.2437577357168778e-9,1.7555956788672007e-10,2.5818337654582577,199.13148628268388,23.14588313048693,0.0022035827978035497,0.0010957504878445245,0.0020893291534804462,0.005444934824868883,NaN,NaN,NaN,NaN,NaN,NaN
2025-06-11T20:36:09Z,39.97030901593876,-75.14405632506553,19.575801177385735,-15.37275479069694,32.440400721482675,0.06458007501277083,1.1158060791508384,-0.08411501942988815,-2.6077739117287475,0.0,0.0,0.0,0.0,0.0,0.0,2.483963206093348e-9,1.9358072281307975e-10,2.560168922131215,214.65839568287348,27.143962219493872,0.002108178687149271,0.0012401343941044842,0.002018279036485859,0.005309126749038778,NaN,NaN,NaN,NaN,NaN,NaN
2025-06-11T20:36:10Z,39.97017410101117,-75.1436529192547,19.56048110950808,-15.502952767292852,33.230606577014186,-0.04710246752428151,1.1071114197904117,-0.03938424039204356,-2.623763449646745,0.0,0.0,0.0,0.0,0.0,0.0,2.6907415507459716e-9,2.174578175598283e-10,2.7094494051958073,223.2220320963213,31.383460218012065,0.00204527986841979,0.001355632929060654,0.0018793472683429268,0.005272129613691461,NaN,NaN,NaN,NaN,NaN,NaN
2025-06-11T20:36:11Z,39.97002948618886,-75.14324386713493,19.54901393781626,-15.769225035902535,33.64993253660163,0.0013725881792179867,1.1243767797608628,-0.02295660672138377,-2.6082510342628775,0.0,0.0,0.0,0.0,0.0,0.0,2.9456553694863297e-9,2.4192463251389936e-10,2.7534912839861256,235.37651914230514,34.71009599174325,0.0025492822573049663,0.0012958237276141447,0.0018975280377335581,0.005420902563775568,NaN,NaN,NaN,NaN,NaN,NaN
2025-06-11T20:36:12Z,39.96988943776541,-75.14283618182805,19.558827018881583,-16.302571101808905,34.299011784651746,-0.05767465137844601,1.1270091471942205,0.014059942515018837,-2.6655822065620645,0.0,0.0,0.0,0.0,0.0,0.0,3.111082876008256e-9,2.743233843604527e-10,2.6712199444319773,245.69348524360063,38.38190498407787,0.0034868552935831054,0.0012223743470526943,0.002018197175199061,0.005493517389080673,NaN,NaN,NaN,NaN,NaN,NaN
2025-06-11T20:36:13Z,39.96970432914047,-75.14243050601856,19.46486539087375,-17.039305996990898,34.72801263809388,-0.17470424551678976,1.1166683340155599,0.020835561943320563,-2.695725598628086,0.0,0.0,0.0,0.0,0.0,0.0,3.315223237619175e-9,3.1219796190609294e-10,2.710963116230332,257.9758198711907,41.85930517755393,0.0039047701137996157,0.001109673089687951,0.0021266413533007726,0.0054950583728452795,NaN,NaN,NaN,NaN,NaN,NaN
2025-06-11T20:36:14Z,39.969550160860955,-75.14201552804292,19.391463570556535,-17.075333686788284,34.745405921059486,-0.17683255733462488,1.1137007713308869,-0.028734792222922842,-2.652899443515939,0.0,0.0,0.0,0.0,0.0,0.0,3.5206207029933458e-9,3.569303435424156e-10,2.8169500542648067,264.22689769834085,45.525352159932936,0.0039343799982599435,0.0010594556873026102,0.002051847158143199,0.005405769708206436,NaN,NaN,NaN,NaN,NaN,NaN
2025-06-11T20:36:15Z,39.9693503792898,-75.14161074424057,19.40633063811785,-16.985170721316752,34.92729540796653,-0.027260651396173296,1.1072275864347416,-0.0155436055374993,-2.6562454110458513,0.0,0.0,0.0,0.0,0.0,0.0,3.795243884868942e-9,4.0505612506006644e-10,2.870447893071514,275.7857495125564,50.4855123265414,0.002361689291255196,0.0011864483707447633,0.0019033198444688532,0.005438810429258298,NaN,NaN,NaN,NaN,NaN,NaN
2025-06-11T20:36:16Z,39.969246308517086,-75.14120656651589,19.402349793499624,-17.14584964141103,35.22542739593107,-0.13274679563337524,1.0935159505322751,-0.024542454515150164,-2.6687052870869428,0.0,0.0,0.0,0.0,0.0,0.0,4.207288102918757e-9,4.57528312646076e-10,2.75985226274938,295.26525508544637,55.33530180665446,0.0018669431223881671,0.001272488286068839,0.0019066773135535786,0.005503318768738044,NaN,NaN,NaN,NaN,NaN,NaN
2025-06-11T20:36:17Z,39.96909988529923,-75.14080199801586,19.358896154361684,-17.099155260911566,35.23787502818254,-0.16064551491078305,1.0841722263891536,-0.03047859306982892,-2.631083743031016,0.0,0.0,0.0,0.0,0.0,0.0,4.55201105959729e-9,5.152208804842426e-10,2.660064300099979,307.5735084846514,59.826441352724714,0.0014656159135481865,0.0013434221517187141,0.0019385827646720354,0.005526868927196102,NaN,NaN,NaN,NaN,NaN,NaN
2025-06-11T20:36:18Z,39.96895480982331,-75.14039546243099,19.178700520429405,-16.80358042450993,35.20891380171013,-0.20500700659547708,1.0799678648142632,-0.041899101001727855,-2.689872284533541,0.0,0.0,0.0,0.0,0.0,0.0,4.835234525276876e-9,5.84479313203017e-10,2.625003311146176,316.42194376322664,64.81917596955375,0.0014076256889503013,0.0014053707764938408,0.0020276556880225983,0.005556252403241074,NaN,NaN,NaN,NaN,NaN,NaN
2025-06-11T20:36:19Z,39.96876562806837,-75.14000015320472,19.12114840313837,-16.82732354273569,35.70700759937208,-0.3235864970263568,1.0535292205129387,-0.08136284193479833,-2.615894988451875,0.0,0.0,0.0,0.0,0.0,0.0,5.181290475199682e-9,6.585853594783432e-10,2.5495135240264872,328.7670477669848,69.15254720809286,0.0029284712183535117,0.0013477974889263048,0.0021519266929830774,0.00561501680812008,NaN,NaN,NaN,NaN,NaN,NaN
2025-06-11T20:36:20Z,39.96852923784494,-75.13960633911394,19.041537321931017,-16.98625937545701,35.33417271333374,-0.2146539996706081,1.0374897754230454,0.013336318095471514,-2.7410433505332934,0.0,0.0,0.0,0.0,0.0,0.0,5.5274641831856585e-9,7.360697956969339e-10,2.4880878720411777,339.42796817949136,71.88083786294366,0.005686050738491331,0.0011313422499167277,0.0022610388984292745,0.005632684401590994,NaN,NaN,NaN,NaN,NaN,NaN
2025-06-11T20:36:21Z,39.96829059907068,-75.13921073066705,19.071739639011106,-17.437951157193655,35.513523663119884,-0.0881756722398943,1.0065284246900736,-0.0904517879422246,-2.619276402634324,0.0,0.0,0.0,0.0,0.0,0.0,5.761618437653031e-9,8.301944162548086e-10,2.805632171388791,345.563778515043,72.7262200471757,0.0033866696570280168,0.0007544952436053898,0.002363488211146822,0.005749851591889211,NaN,NaN,NaN,NaN,NaN,NaN
2025-06-11T20:36:22Z,39.968085971262134,-75.13878078087538,19.203663575457675,-17.872713939547733,35.742828306902446,-0.054324557346357404,0.9965244509546799,-0.02663632327014977,-2.4917870330140586,0.0,0.0,0.0,0.0,0.0,0.0,5.927937455645918e-9,9.298017879692936e-10,2.7865671648696972,350.4826643243404,73.49859060414133,0.0030482817644768637,0.0005810400783846281,0.002557356880341374,0.005730276241721886,NaN,NaN,NaN,NaN,NaN,NaN
2025-06-11T20:36:23Z,39.967978217186776,-75.13837483960177,19.267078654977556,-18.032292040758406,35.78307322511494,-0.016826015072630495,0.9880228243632724,0.023011349158292997,-2.627891521517031,0.0,0.0,0.0,0.0,0.0,0.0,6.241614694963371e-9,1.0247338573603979e-9,2.683631393356141,362.46500211405913,73.57412018613428,0.0019384727263158155,0.00044768270032823526,0.00272167185476083,0.005688300266280172,NaN,NaN,NaN,NaN,NaN,NaN
2025-06-11T20:36:24Z,39.96785921997375,-75.13796768101723,19.48213496552026,-17.482922505067286,35.80396080531422,0.012720993506914009,0.9573755663491293,-0.1857490843245113,-2.0938456043678397,0.0,0.0,0.0,0.0,0.0,0.0,6.647254603835296e-9,1.1224583906540188e-9,2.783546548069123,376.27551238232144,73.5690685131154,0.001569069478991028,0.00039401342244914123,0.0029003433375918704,0.0057048484305247905,NaN,NaN,NaN,NaN,NaN,NaN
2025-06-11T20:36:25Z,39.96771596712519,-75.13756960751405,19.46059893998754,-18.920908593197726,34.84880627746889,-0.07971462771321809,1.036294644697868,-0.02552762529219311,-2.3735889113213693,0.0,0.0,0.0,0.0,0.0,0.0,7.090031953479752e-9,1.2333688927635495e-9,2.8669146147736457,390.7465492613286,76.87571966191855,0.0037905626764123995,0.0004755831257180781,0.0028391786910420356,0.005946070568258017,NaN,NaN,NaN,NaN,NaN,NaN
2025-06-11T20:36:26Z,39.9675387473365,-75.13717423207656,19.40946718970196,-18.33673347638083,33.98812255966963,-0.05568826668316301,1.009306944285122,0.15031249856925918,-2.878397797128256,0.0,0.0,0.0,0.0,0.0,0.0,7.463409909643945e-9,1.3790664092591613e-9,2.839480500683828,398.6177235438587,79.79276910645711,0.000634028327235202,0.0004887658800426142,0.002466093064204369,0.006393417657063231,NaN,NaN,NaN,NaN,NaN,NaN
2025-06-11T20:36:27Z,39.97728376731856,-75.13837116010531,13.686414329941966,7.576403733137913,29.848810074593043,-0.07779967020297976,1.0736531757189887,-0.025180439131717955,-2.8119023774208256,0.0,0.0,0.0,0.0,0.0,0.0,3.759867720694425e-14,4.1122649560684197e-14,0.9550448698763989,0.2758704486084459,0.2182275494366377,0.00043813628961114544,0.00010214830692262083,0.00008820768517891911,0.00017052683921008676,NaN,NaN,NaN,NaN,NaN,NaN
2025-06-11T20:36:28Z,39.97735219432026,-75.13802348671693,14.611123655673769,7.516153074154149,29.44076364579863,-0.07745185171255542,1.0637185611328859,0.03285904733707604,-2.929799915560671,0.0,0.0,0.0,0.0,0.0,0.0,1.2033671867881624e-13,1.2735903263106815e-13,1.9765307164346146,0.6906910754796599,0.458576835312819,0.0006116913323441815,0.00014207497821358892,0.00017352640752951628,0.0004928628667453113,NaN,NaN,NaN,NaN,NaN,NaN
2025-06-11T20:36:29Z,39.97741622458416,-75.13767606644723,15.874270293424765,6.919692215584747,29.989008259604056,-0.07813755114540571,1.0763843174251884,0.018892543667510003,-2.8711352331037547,0.0,0.0,0.0,0.0,0.0,0.0,2.7075125998311074e-13,2.6563917792045096e-13,2.1977075657762457,1.1988594750209052,0.6742321819747432,0.0005901841553604232,0.00015678425992298272,0.00026097556873132195,0.0007069132970285778,NaN,NaN,NaN,NaN,NaN,NaN
2025-06-11T20:36:30Z,39.97747549317071,-75.13731879258273,16.912248475983272,6.666844288533387,30.902207551375028,-0.07783295975238139,1.0848703916578877,0.004710123518111528,-2.969522727075243,0.0,0.0,0.0,0.0,0.0,0.0,5.063402344228975e-13,4.896749633098792e-13,2.4710529352627417,1.6561328910479662,1.0124185684273708,0.0007633595001166318,0.0002090726786806816,0.00030779781378122747,0.0007470996733715613,NaN,NaN,NaN,NaN,NaN,NaN
2025-06-11T20:36:31Z,39.97753449507136,-75.1369539214279,17.391964188799243,6.474814855342052,31.342722298701574,-0.2729072027576235,1.0971129169769875,0.00553187547548081,-2.90385756298864,0.0,0.0,0.0,0.0,0.0,0.0,8.214728301122231e-13,8.528436309158246e-13,2.609570179648474,1.9965696030743298,1.482561746297391,0.0009376801373349308,0.00027719041804512035,0.0003063347561415628,0.0007886212473623245,NaN,NaN,NaN,NaN,NaN,NaN
2025-06-11T20:36:32Z,39.977595856033645,-75.13658545946336,17.813089950412984,6.461790861810366,31.474020216736122,-0.14081129388737168,1.0954276091655009,0.048871827740723385,-2.9400700577584447,0.0,0.0,0.0,0.0,0.0,0.0,1.2430431429502895e-12,1.3622078958590134e-12,2.5634872623897333,2.3367614263381076,2.031035575407968,0.001345500161493624,0.000342428354299847,0.00029897273905015576,0.0008695119175982039,NaN,NaN,NaN,NaN,NaN,NaN
2025-06-11T20:36:33Z,39.97765994655004,-75.1362175843105,18.31232193075548,7.075104042557007,31.23338834076117,-0.11912113787954648,1.0908864610368667,-0.02484160369641761,-3.0496495414197633,0.0,0.0,0.0,0.0,0.0,0.0,1.777267538265046e-12,2.067133864072329e-12,2.7983868045341027,2.7001389237126494,2.5746388509418283,0.0009386383001619166,0.00038357222176976357,0.0002966062383668597,0.0009858939974323284,NaN,NaN,NaN,NaN,NaN,NaN
2025-06-11T20:36:34Z,39.977725802102654,-75.13585453600234,18.605089129887606,7.2090274920352355,30.371790932624478,-0.24038437804296992,1.1055636057897544,-0.013563722368027175,-2.968406296435815,0.0,0.0,0.0,0.0,0.0,0.0,2.4226718103600507e-12,3.0463952806766474e-12,2.5221722364151877,3.1456902324828104,3.2774864949904816,0.0009017363803608263,0.0004527154075731752,0.0003134576045558954,0.0009710320097814882,NaN,NaN,NaN,NaN,NaN,NaN
2025-06-11T20:36:35Z,39.977796808168826,-75.13549466008001,18.710473858064542,7.914558532922525,30.989808268217853,-0.04872979297132635,1.091455072263941,-0.09928450762654788,-2.9573132122590224,0.0,0.0,0.0,0.0,0.0,0.0,3.2479552941431246e-12,4.444648706024399e-12,2.6413897433584306,3.575586722387966,4.252236561491964,0.0007218903877730865,0.0005336429802766457,0.00034023614658304074,0.0009604624605161634,NaN,NaN,NaN,NaN,NaN,NaN
2025-06-11T20:36:36Z,39.9778715201288,-75.13512623409468,18.809903831879957,8.633882643970983,31.932367114551017,-0.024347936546097935,1.0969308898512398,-0.1662122370650006,-2.6882340540070975,0.0,0.0,0.0,0.0,0.0,0.0,4.324707174116437e-12,6.3966206772580426e-12,2.588320238610943,4.200101776786401,5.469631055267608,0.0006392957955443098,0.000642793002320703,0.0003985753225437684,0.0009803742292891382,NaN,NaN,NaN,NaN,NaN,NaN
2025-06-11T20:36:37Z,39.97795575314248,-75.13474471656099,19.015821819846927,9.88230294374617,33.152666217790106,-0.20407909233050275,1.1238770527418036,-0.3054023451109367,-2.4592861498409273,0.0,0.0,0.0,0.0,0.0,0.0,5.798661430472018e-12,9.023606950026192e-12,2.782418159205184,5.325783487052321,6.716181187591362,0.0015420264783696114,0.0007012637173670253,0.0005240622787221073,0.0010920741839022016,NaN,NaN,NaN,NaN,NaN,NaN
2025-06-11T20:36:38Z,39.97804811358886,-75.13434948070585,19.079588136506896,11.05433637504467,34.95987644839671,-0.10664929284729026,1.0849284814234108,-0.43990558432214066,-1.9811608234666767,0.0,0.0,0.0,0.0,0.0,0.0,7.618853711270825e-12,1.2325362854476048e-11,2.9096977565762887,6.4969294314701225,7.756240089710359,0.0061351925958373354,0.0006498810366529625,0.0005753108203611755,0.0013101990217619733,NaN,NaN,NaN,NaN,NaN,NaN
2025-06-11T20:36:39Z,39.97814647478113,-75.13393031774446,19.639307243434313,10.73698160368787,37.11914703180305,0.6900288102114457,1.1384279663872874,-0.23637516873404735,-1.662917818656247,0.0,0.0,0.0,0.0,0.0,0.0,9.667275442431373e-12,1.611498154002038e-11,2.899274700109056,7.102424901710617,8.03790236389628,0.010430522732752431,0.00044589119048353635,0.0005129747315548239,0.0017510335243373324,NaN,NaN,NaN,NaN,NaN,NaN
2025-06-11T20:36:40Z,39.97825864297704,-75.13346377669866,19.900463155235474,12.088783930261032,41.471234525541675,-0.38738299263291837,1.0977401309100716,-0.32643984989513,-1.509117752400117,0.0,0.0,0.0,0.0,0.0,0.0,1.194140279677371e-11,2.0218577234181263e-11,2.8198908413210946,8.046825737455778,7.279385463780237,0.00338645070898475,0.00018763181883874662,0.0005606805339340206,0.0025863520777101023,NaN,NaN,NaN,NaN,NaN,NaN
2025-06-11T20:36:41Z,39.97836881377415,-75.13297819539163,19.31432119002076,11.74275251580485,42.05081371522927,-0.2209000627919833,1.1615426796995691,-0.104122501445964,-1.4821800546694441,0.0,0.0,0.0,0.0,0.0,0.0,1.5206832896741728e-11,2.4632391567963286e-11,2.868399139776028,9.985430628158058,7.057046877771646,0.002538319320314858,0.00011981164735297282,0.0006354810274277309,0.0033647053887623482,NaN,NaN,NaN,NaN,NaN,NaN
2025-06-11T20:36:42Z,39.97847506215833,-75.13248915611146,19.3235644173889,11.355841954177734,42.05260789497242,0.016875574911223597,1.1652277052306286,-0.13286967339304795,-1.4795541958414933,0.0,0.0,0.0,0.0,0.0,0.0,1.911151429800588e-11,2.989581499822262e-11,2.8466642803577753,12.029037383013284,6.792374158528239,0.0010949149916167468,0.00005973004330005897,0.0006553141355169591,0.004002111785421008,NaN,NaN,NaN,NaN,NaN,NaN
2025-06-11T20:36:43Z,39.97857548157735,-75.13198955895011,19.330349375722673,10.81558125872571,43.328467065344356,-0.29039733308532384,1.151596392300718,-0.17856362561492195,-1.4547830654075444,0.0,0.0,0.0,0.0,0.0,0.0,2.4037351785475333e-11,3.5766556787280436e-11,2.71612777225418,14.410775498036841,6.646463029932228,0.0017174141210462438,0.00005307832220858531,0.0007009238916211716,0.004203092438036163,NaN,NaN,NaN,NaN,NaN,NaN
2025-06-11T20:36:44Z,39.978672098144926,-75.13148705993866,19.491290001379202,10.39956172959629,43.44070224136733,-0.09138123713256431,1.153307175169315,-0.09804216233320036,-1.3639886836919084,0.0,0.0,0.0,0.0,0.0,0.0,3.0036233481091356e-11,4.2966775166543557e-11,2.7320505648544056,16.827029516227356,6.47799791086469,0.002683301696394669,0.000045131980274726374,0.000700946549393118,0.004722017527566594,NaN,NaN,NaN,NaN,NaN,NaN
2025-06-11T20:36:45Z,39.97876673200576,-75.1309713831843,19.643473246580598,10.04040204210595,43.990415630817814,-0.1683100527398901,1.138644309085765,-0.10810450165191125,-1.4006814351681784,0.0,0.0,0.0,0.0,0.0,0.0,3.733457987054767e-11,4.986174644006319e-11,2.8229614242100523,18.629693128094335,6.046652012123441,0.002142581134459443,0.000050850278928070524,0.0006121615048580763,0.005350668031685358,NaN,NaN,NaN,NaN,NaN,NaN
2025-06-11T20:36:46Z,39.97886420994323,-75.13045816031912,19.89425459573488,10.16091023950897,44.03622502352612,-0.06600412122728155,1.1331651955338116,-0.12627482801388365,-1.391983723507766,0.0,0.0,0.0,0.0,0.0,0.0,4.678644091824033e-11,5.957578123770891e-11,2.7533926401184914,20.337842080202936,5.9820969838843645,0.0014023118369376629,0.00009647796500218838,0.0005459749536675871,0.005819163226414066,NaN,NaN,NaN,NaN,NaN,NaN
2025-06-11T20:36:47Z,39.97896456588692,-75.12994195486827,19.922673605917332,10.026430924563376,44.457695294874235,-0.17902621723598572,1.1098635756018282,-0.09776936327309843,-1.359052341683492,0.0,0.0,0.0,0.0,0.0,0.0,5.7913386636174476e-11,6.770277803218983e-11,2.992118275987786,22.530266701392748,5.752435676428372,0.001229538817561403,0.00015239624581752945,0.0005439539033995221,0.006265001785935505,NaN,NaN,NaN,NaN,NaN,NaN
2025-06-11T20:36:48Z,39.97906696283594,-75.12943802824472,20.34943521057978,10.267496251649758,44.38129095775147,-0.04446869302264458,1.1228935995162297,-0.06799019829787782,-1.3710429236562642,0.0,0.0,0.0,0.0,0.0,0.0,6.990204703498493e-11,7.667512679498907e-11,2.892139671580985,24.327644691909402,5.6685206568460025,0.0009394656992286595,0.00021269412680777642,0.0005640283754572583,0.0063990211919480715,NaN,NaN,NaN,NaN,NaN,NaN
2025-06-11T20:36:49Z,39.97915956344276,-75.12891721998793,20.44526559718667,10.115299323260617,44.531068793196546,-0.07119093530452524,1.1162663665499282,-0.07577538840958627,-1.3165965694949817,0.0,0.0,0.0,0.0,0.0,0.0,8.180705661226364e-11,8.623927195083789e-11,2.8820978332541394,26.033876055887603,5.640555309923527,0.0008545956824133433,0.00028875648866359937,0.0006217370059423827,0.006450809072234358,NaN,NaN,NaN,NaN,NaN,NaN
2025-06-11T20:36:50Z,39.979245537458596,-75.12838515421878,20.64776946344504,9.790842626484618,44.65791274770773,-0.06001187155196718,1.1144393233635703,-0.05762549715192814,-1.3262775017410808,0.0,0.0,0.0,0.0,0.0,0.0,9.651760569676291e-11,9.657691225762811e-11,2.803095325280632,28.349547473371654,5.745224499331622,0.0010831500487503431,0.0003640028314370205,0.000710421079721775,0.006301372396825834,NaN,NaN,NaN,NaN,NaN,NaN
2025-06-11T20:36:51Z,39.97932930910247,-75.12785180562057,20.82423454472074,9.420596281926612,44.886194865278576,-0.04832559839306556,1.1091486553742114,-0.09122195019391031,-1.3233473454325257,0.0,0.0,0.0,0.0,0.0,0.0,1.1242650594011764e-10,1.0821337375997306e-10,2.7515711443472317,30.28734146752243,6.026444072089472,0.0012225066876122169,0.0004567934654520084,0.0007351357365645484,0.006271350242738414,NaN,NaN,NaN,NaN,NaN,NaN
2025-06-11T20:36:52Z,39.97941205727296,-75.12731835465533,21.117792027031154,9.093832108743339,44.93580560649182,0.058390235388181826,1.120264435329582,-0.03964001844559378,-1.3351344064737942,0.0,0.0,0.0,0.0,0.0,0.0,1.3162540759122223e-10,1.1914383137864152e-10,2.866480432061558,32.71150263599085,6.431778146693228,0.0014778603921656404,0.0005410746489526428,0.0007446402366265752,0.006482380808479985,NaN,NaN,NaN,NaN,NaN,NaN
2025-06-11T20:36:53Z,39.97949533036735,-75.12679630417921,21.394783304672238,8.689218328251213,44.87977507729545,-0.007492118552960278,1.1152914981784,-0.039705127365630005,-1.362528601171205,0.0,0.0,0.0,0.0,0.0,0.0,1.5299682029117354e-10,1.276327749621622e-10,2.930648095827157,34.675591868488816,6.827671207736187,0.0015177409427868682,0.0006291926901330369,0.0007382817068060058,0.006617594976223927,NaN,NaN,NaN,NaN,NaN,NaN
2025-06-11T20:36:54Z,39.97956731907918,-75.12627587084823,21.49293340283353,8.140969419108155,45.189497890988484,-0.17839841616591331,1.1185416940783783,-0.11359453535602039,-1.32710262265984,0.0,0.0,0.0,0.0,0.0,0.0,1.7109244563708875e-10,1.365045407999717e-10,2.888987944363227,35.084736641963275,7.74405922211435,0.001838674106838661,0.0007216025900967926,0.0006629766285151026,0.006820273059114744,NaN,NaN,NaN,NaN,NaN,NaN
2025-06-11T20:36:55Z,39.97963631090553,-75.12574727331246,21.43996561797032,7.879379409596663,45.51763664067987,-0.08411969495022735,1.1219202617636872,-0.05667564860761493,-1.3429375063994748,0.0,0.0,0.0,0.0,0.0,0.0,1.9266993850612059e-10,1.4504631870737765e-10,2.809231170057486,36.45094481563998,8.749993403889565,0.0025041316982200874,0.0008024766873960688,0.0006298462769180769,0.006958538299564006,NaN,NaN,NaN,NaN,NaN,NaN
2025-06-11T20:36:56Z,39.97971999655859,-75.12520854248594,21.871158998137684,7.783019294648661,45.68142935799035,0.010833901334817915,1.1292471818299565,-0.09591383810721137,-1.2771673831264374,0.0,0.0,0.0,0.0,0.0,0.0,2.1379455484346462e-10,1.5191994255037673e-10,2.7900693569440485,37.10247915436134,9.938582252557634,0.0019440251430752273,0.0008979732043478337,0.0005304231859244384,0.0070274929179014985,NaN,NaN,NaN,NaN,NaN,NaN
2025-06-11T20:36:57Z,39.97980373028734,-75.12467986513633,21.94877155849427,7.395801146765618,45.86312178380029,-0.14691103924678192,1.1210899016112472,-0.050570303618260155,-1.3167381633676314,0.0,0.0,0.0,0.0,0.0,0.0,2.455995600562789e-10,1.618946613526814e-10,2.7436853053609447,39.04066158107283,11.309919107101381,0.0019182510382237754,0.000988837264426254,0.0004800509702567621,0.007088905637474248,NaN,NaN,NaN,NaN,NaN,NaN
2025-06-11T20:36:58Z,39.97988822338453,-75.12414882131894,22.06385031210278,7.561926734127409,45.45832099667299,-0.01716751007815121,1.118891616525721,-0.0219807695189136,-1.3507843187443558,0.0,0.0,0.0,0.0,0.0,0.0,2.794663400003991e-10,1.7130119249680104e-10,2.5567566450032677,40.55901108358538,13.243643429637869,0.0017030173848640682,0.001086267106301259,0.0004641832779077385,0.007123875005363504,NaN,NaN,NaN,NaN,NaN,NaN
2025-06-11T20:36:59Z,39.97996218189988,-75.1236204969999,22.031633261583153,7.202279351231635,45.61856689578754,-0.030441355420435526,1.1105213904859021,-0.08603197527463614,-1.3272309942013085,0.0,0.0,0.0,0.0,0.0,0.0,3.1135396410654536e-10,1.8388015586963882e-10,2.6478176910095113,41.165866707771286,15.391048208980303,0.0018613779645484387,0.0012000013526423043,0.00045636729560290186,0.007247475679781943,NaN,NaN,NaN,NaN,NaN,NaN
2025-06-11T20:37:00Z,39.98003530238549,-75.12309037638643,22.214322130976793,7.027458475503292,46.01634918450541,-0.09431187086329292,1.1100513788059765,-0.0799229725836228,-1.3001738567484402,0.0,0.0,0.0,0.0,0.0,0.0,3.3983972393721524e-10,1.969823103743461e-10,2.6120704980445546,41.948943809721335,17.908300103381677,0.0014990152747891361,0.0012965223324440302,0.0004122105737142649,0.0073429834331580415,NaN,NaN,NaN,NaN,NaN,NaN
2025-06-11T20:37:01Z,39.980095311932985,-75.12254914361658,22.414347087368824,6.895885664063452,46.11081761597941,-0.07093308049930541,1.1085047167129025,-0.04594345011535874,-1.29954455257277,0.0,0.0,0.0,0.0,0.0,0.0,3.6544690061428413e-10,2.1475032597836132e-10,2.6227007104842586,42.09361232256873,20.6505111298789,0.0013895516294145961,0.001399818730299875,0.0004000681352733327,0.00734272724753834,NaN,NaN,NaN,NaN,NaN,NaN
2025-06-11T20:37:02Z,39.98016244957974,-75.12200097482258,22.552798655558437,6.613176890206841,46.059524044899746,-0.1301660409880994,1.105789503651213,-0.03155867475043672,-1.3260726527625672,0.0,0.0,0.0,0.0,0.0,0.0,3.983705132513407e-10,2.350393475780928e-10,2.8073365661006453,43.23525969786519,24.26247851826094,0.001461538021776536,0.0015161551631765842,0.00043048520468843274,0.00746203735214401,NaN,NaN,NaN,NaN,NaN,NaN
2025-06-11T20:37:03Z,39.9802191344135,-75.12146684541072,22.744609847212473,6.515208577297486,45.81046857467332,-0.20727457966406473,1.0902497532579478,-0.04349685881963364,-1.3392007137030288,0.0,0.0,0.0,0.0,0.0,0.0,4.287590021461496e-10,2.5545901362967116e-10,2.739409056562317,43.35084873483653,27.93641436505093,0.001996844773580369,0.0016329348949795416,0.0004345393644716427,0.007311096237871571,NaN,NaN,NaN,NaN,NaN,NaN
2025-06-11T20:37:04Z,39.9802870386664,-75.12094180760803,22.92069756034726,6.584918542484722,45.661955225752436,0.03486203015274483,1.0907097578862859,-0.033343256019960875,-1.3201509987968663,0.0,0.0,0.0,0.0,0.0,0.0,4.709409697104674e-10,2.7948310908100746e-10,2.837566694795269,43.79246648997896,32.624952660025,0.002368888643373042,0.0017523542012294667,0.00037255221416515404,0.007334779335635309,NaN,NaN,NaN,NaN,NaN,NaN
2025-06-11T20:37:05Z,39.9803527978309,-75.12041852566863,23.058328837023918,5.970006089318975,45.40746422637915,-0.05671400026278597,1.0880897790800375,-0.017156948901792677,-1.3357739979334393,0.0,0.0,0.0,0.0,0.0,0.0,5.208655790881929e-10,2.96311423859356e-10,2.654873024648857,44.18090060897721,36.30503642233798,0.0026003562709340997,0.0017973868404790442,0.0003047832301373013,0.007370299600367701,NaN,NaN,NaN,NaN,NaN,NaN
2025-06-11T20:37:06Z,39.98042307675275,-75.11989145352909,23.33899827965886,5.607222784446727,45.30015318376689,-0.0473384786597216,1.085296033825156,-0.046926514032565446,-1.3423338341003053,0.0,0.0,0.0,0.0,0.0,0.0,5.838056837394905e-10,3.134237216710893e-10,2.6722199964126525,44.7360607349296,41.39071421637703,0.003268156595663005,0.0019099864000310047,0.00022622610061932683,0.007493589777398606,NaN,NaN,NaN,NaN,NaN,NaN
2025-06-11T20:37:07Z,39.980480715461084,-75.11935878134159,23.375202977422955,5.263346004753617,45.375105377256524,-0.12577384605905742,1.0778274065995816,-0.050920417189745486,-1.3517574802859096,0.0,0.0,0.0,0.0,0.0,0.0,6.423681130224059e-10,3.315926797389055e-10,2.5547034011547196,44.357710138831905,47.15243482287281,0.0025523814245151243,0.001981427688120459,0.00016392288805442017,0.007746079356853457,NaN,NaN,NaN,NaN,NaN,NaN
2025-06-11T20:37:08Z,39.98051369231674,-75.118807947463,23.483807192553197,5.0673416644165785,45.345545352433554,-0.11228176955275186,1.0762905304242925,-0.015979465173876963,-1.3169728100727935,0.0,0.0,0.0,0.0,0.0,0.0,7.080471389474475e-10,3.622474097995593e-10,2.553729172059,44.55912540037843,53.83425288996454,0.002066741889709973,0.002048415433179542,0.00014011045308805586,0.007838382404099944,NaN,NaN,NaN,NaN,NaN,NaN
2025-06-11T20:37:09Z,39.98056815403482,-75.11826922992599,23.647435170811804,4.677174126340738,45.28669728809146,-0.09493959097945416,1.062150406301506,-0.03883567382360069,-1.3343149134593197,0.0,0.0,0.0,0.0,0.0,0.0,7.609597383625135e-10,4.010261763449639e-10,2.908147031591428,43.40501820191311,61.47781101912045,0.0024169043894288404,0.0021523808719367526,0.0001300648512985959,0.007908414065377695,NaN,NaN,NaN,NaN,NaN,NaN
2025-06-11T20:37:10Z,39.980599089101844,-75.11773851695037,23.67053906790294,4.059953604630836,45.315276043939974,-0.0732104472920179,1.0574527469366202,-0.04319584011865994,-1.308274712740373,0.0,0.0,0.0,0.0,0.0,0.0,8.217019631948977e-10,4.477911696146386e-10,2.7490895183746096,42.59939598454241,69.54452747341381,0.0019539775354828082,0.0022765593592760733,0.00012058601376637126,0.008004627697227278,NaN,NaN,NaN,NaN,NaN,NaN
2025-06-11T20:37:11Z,39.980633530806244,-75.11722417873831,23.762017457859844,3.242441423921225,45.23033943376058,-0.07403167391622596,1.0500857198965243,-0.022275610640423018,-1.4467738531624352,0.0,0.0,0.0,0.0,0.0,0.0,8.843242307772857e-10,4.930797932994581e-10,2.957027268538011,41.721185291054574,76.92300475485128,0.001697686658318013,0.00229516043949312,0.00012219516690054093,0.00810225035634626,NaN,NaN,NaN,NaN,NaN,NaN
2025-06-11T20:37:12Z,39.98063537102602,-75.11670821931637,23.84929717968226,2.763611130961377,44.926691951184786,-0.06802365396672966,1.0480969419281172,-0.03599820719174599,-1.3737005598723315,0.0,0.0,0.0,0.0,0.0,0.0,9.573508383289273e-10,5.603112469771218e-10,2.915528633795849,41.27082105144422,85.24520301754306,0.0014181909845939781,0.002307651908532266,0.00011030909901573805,0.008080394656521972,NaN,NaN,NaN,NaN,NaN,NaN
2025-06-11T20:37:13Z,39.98061714064439,-75.11620916710807,24.01706684718073,2.067023513608791,44.813731657504135,-0.0758119274156354,1.042464019223733,-0.0012181366912037384,-1.5435921877417467,0.0,0.0,0.0,0.0,0.0,0.0,1.020057725048848e-9,6.224362613127344e-10,2.9933849703510553,40.61188983022551,92.77970936251687,0.0010703488915195852,0.002367992980984614,0.00011033936515195799,0.007968271518261438,NaN,NaN,NaN,NaN,NaN,NaN
2025-06-11T20:37:14Z,39.98064353869425,-75.11568879867167,24.01547252258816,2.2342621556401276,44.98915465484992,-0.047628187974131035,1.0334281083839665,-0.1489793762869335,-1.2322702757353006,0.0,0.0,0.0,0.0,0.0,0.0,1.082461457457196e-9,7.046174019056682e-10,2.911898442590943,39.63017608327777,99.57269286538278,0.0012865622610160573,0.0023805672754097047,0.00010687079971152444,0.007685728181791815,NaN,NaN,NaN,NaN,NaN,NaN
2025-06-11T20:37:15Z,39.98068358839493,-75.11517570531244,24.089195957687153,2.7112778801931086,45.22849089737576,-0.05971756560059967,1.0331835138857037,-0.12981142249873434,-1.2710414499808,0.0,0.0,0.0,0.0,0.0,0.0,1.127361423025835e-9,7.878764448136856e-10,2.860642197445941,38.34609838208868,105.90599565694002,0.0005948829980233196,0.0023928761677450856,0.00015773735471715953,0.007584932048913254,NaN,NaN,NaN,NaN,NaN,NaN
2025-06-11T20:37:16Z,39.980681403261,-75.11467061619595,24.149438498590182,3.0874621283890495,45.267967385566635,-0.07153448156567094,1.0313191967679518,-0.13190548732221694,-1.2700015851391087,0.0,0.0,0.0,0.0,0.0,0.0,1.1638341390182908e-9,8.953403034469995e-10,2.7583894233922535,37.213998816351186,114.05450934359516,0.0003888619822438712,0.002519410381242544,0.00021253312366345273,0.0074492568370864215,NaN,NaN,NaN,NaN,NaN,NaN
2025-06-11T20:37:17Z,39.98069383062335,-75.11416412680218,24.10316381813145,3.441601019289058,45.186925632103026,-0.08332424696493307,1.031105267039378,-0.13207161248851002,-1.2661149152642215,0.0,0.0,0.0,0.0,0.0,0.0,1.2314876937853221e-9,1.0062830715262529e-9,2.7086050720576953,37.018921281512775,122.80888375294973,0.00024172993090103393,0.0025664157755455764,0.0003176046954071988,0.007747893281323136,NaN,NaN,NaN,NaN,NaN,NaN
2025-06-11T20:37:18Z,39.980719052286446,-75.11364485488878,24.1419501468338,3.698723524639369,45.186096353159414,-0.09189034618936372,1.0336896338820363,-0.12966225211955792,-1.2657968935752384,0.0,0.0,0.0,0.0,0.0,0.0,1.3019642138592885e-9,1.1298099239517368e-9,2.648925246908475,37.32444483107059,131.62286516186742,0.00023965613257144916,0.0025987636728762044,0.00041814022249228925,0.007869985011018878,NaN,NaN,NaN,NaN,NaN,NaN
2025-06-11T20:37:19Z,39.98071936341461,-75.11314136714907,24.182953259542266,3.7183337853215583,45.05732017648909,-0.09845191394084536,1.0417126027277641,-0.11906071086952405,-1.2702536415176382,0.0,0.0,0.0,0.0,0.0,0.0,1.360527965480828e-9,1.277212888766541e-9,2.513606325897532,37.219500166262975,142.80409694256167,0.0004109082547506913,0.0026919505745332216,0.0005147610823475069,0.007883358025291333,NaN,NaN,NaN,NaN,NaN,NaN
2025-06-11T20:37:20Z,39.98073962945905,-75.11262657383695,24.188850783641676,3.709593342946501,45.05626472437083,-0.10351549686896092,1.047925533188473,-0.12193211367885366,-1.2705480442708432,0.0,0.0,0.0,0.0,0.0,0.0,1.4334704723273626e-9,1.4290556321763635e-9,2.6701296246345665,37.31640462288835,154.84595496618192,0.0006098116358881292,0.00279783990080859,0.000580941428874586,0.008103228486046714,NaN,NaN,NaN,NaN,NaN,NaN
2025-06-11T20:37:21Z,39.980763529270696,-75.1121356082653,24.14750641707263,3.638724206527227,44.85170432219788,-0.1067594279711946,1.0545642081509745,-0.11860375602250958,-1.2722875939588472,0.0,0.0,0.0,0.0,0.0,0.0,1.5192097572243726e-9,1.5997157487153445e-9,2.643563932109467,37.74583079810919,166.88946863322192,0.0006853629643821216,0.002886819200665166,0.0006454656850212081,0.008001052014079591,NaN,NaN,NaN,NaN,NaN,NaN
2025-06-11T20:37:22Z,39.98078272271974,-75.11162172571532,24.09092829341101,3.499465607410172,44.718662112768385,-0.10730560392361682,1.0609953654324833,-0.11551884255735227,-1.2719379499085324,0.0,0.0,0.0,0.0,0.0,0.0,1.6005402091316527e-9,1.7900564765325298e-9,2.4765302553945516,38.0523730018277,179.77171135303507,0.0007074197191184799,0.0029906595014141508,0.000678355892809399,0.007905777768770236,NaN,NaN,NaN,NaN,NaN,NaN
2025-06-11T20:37:23Z,39.980793379966165,-75.1110996572007,24.042481217504296,3.2835678750273254,44.63896971713968,-0.11115911853221809,1.0672743359564856,-0.11392577949591198,-1.2694755079628581,0.0,0.0,0.0,0.0,0.0,0.0,1.6655967088573914e-9,2.0028775412600134e-9,2.7696396418645506,37.97033052607094,192.5608229128392,0.000648517631427887,0.00302128748313202,0.0007596224019120376,0.0078022914126492345,NaN,NaN,NaN,NaN,NaN,NaN
2025-06-11T20:37:24Z,39.98081732669582,-75.1105855126634,24.034925131828167,3.2513561729210045,44.711120597377814,-0.10045985539611504,1.0705997738119357,-0.12654863029943153,-1.244514316647608,0.0,0.0,0.0,0.0,0.0,0.0,1.7189310734854105e-9,2.252610127515498e-9,2.805570298204357,38.39797306137629,206.42060859614432,0.0007665880072603321,0.003098532477374498,0.0008465382035812691,0.007879585101234272,NaN,NaN,NaN,NaN,NaN,NaN
2025-06-11T20:37:25Z,39.98083459846296,-75.11006022208453,24.006560376289272,4.6837483428148765,45.15605072458625,-0.08427545398276526,1.0788802556811654,-0.10721856212580454,-1.2328541997267,0.0,0.0,0.0,0.0,0.0,0.0,1.77917028176261e-9,2.5723066306220326e-9,2.8028606563518146,39.69808679811121,223.30147015000247,0.005000348176481507,0.003162934464566358,0.0009602288130449827,0.007983621873118279,NaN,NaN,NaN,NaN,NaN,NaN
2025-06-11T20:37:26Z,39.98086715463642,-75.10952373312098,24.140950005387175,5.207071243848867,45.66769682591201,0.0006528812158754504,1.103641053534621,-0.07421696875338783,-1.1847403047225653,0.0,0.0,0.0,0.0,0.0,0.0,1.823868557878181e-9,2.8896487601262357e-9,2.719421060112065,39.01613957113543,239.46208463484098,0.006126165864414043,0.0031987039274663427,0.0007426321728415312,0.008083878445182484,NaN,NaN,NaN,NaN,NaN,NaN
2025-06-11T20:37:27Z,39.97823508576456,-75.11645484048375,23.815455371347195,5.164074161713742,5.441093737959907,0.03518790580721907,1.097414072118471,0.057257562417949166,-1.1459406611761724,0.0,0.0,0.0,0.0,0.0,0.0,3.947154044201863e-14,6.589844890956702e-14,1.0475715679928785,0.15676779110907188,0.3512241612947056,0.00041772032443031123,0.00010635283745287002,0.000036762677072368886,0.0001952486197605398,NaN,NaN,NaN,NaN,NaN,NaN
2025-06-11T20:37:28Z,39.97828898619059,-75.11639465349836,23.8520587215336,6.586925018425973,4.817828794526915,-0.09113585167909524,1.0900368811018935,0.08404267949184226,-1.2496323750214064,0.0,0.0,0.0,0.0,0.0,0.0,9.21169165848026e-14,1.7683100172592061e-13,1.886483960471342,0.22536651722439216,0.7223979002808176,0.0007948583873448512,0.00017536861027752013,0.00003764906187363313,0.00036393677035991587,NaN,NaN,NaN,NaN,NaN,NaN
2025-06-11T20:37:29Z,39.978350727111795,-75.11634374204915,23.85056316101786,7.2841003785802325,3.9100575569103273,-0.16798592420552982,1.0997513400543455,0.06957846276949978,-1.1639461764657972,0.0,0.0,0.0,0.0,0.0,0.0,1.7042070544852396e-13,3.8091362833663436e-13,2.5192969756468075,0.25299669970897204,1.1706438317998478,0.0012754462506849177,0.00022970472068138426,0.000028308949442393053,0.000555544882551053,NaN,NaN,NaN,NaN,NaN,NaN
2025-06-11T20:37:30Z,39.97841459315196,-75.11629913526698,23.819682925960517,7.24033170763969,3.3714925721547733,0.033747895864527436,1.1162877136454978,0.07963241931068193,-1.2072913810392611,0.0,0.0,0.0,0.0,0.0,0.0,2.6230383278779307e-13,7.341357621376295e-13,2.773698928666668,0.2653332788042124,1.66567849950586,0.0010756195936369442,0.0002578058198740129,0.000024476559223978703,0.0008692394011153591,NaN,NaN,NaN,NaN,NaN,NaN
2025-06-11T20:37:31Z,39.9784826962833,-75.11626745232235,23.989489028297804,7.709640668037069,2.140171709100416,-0.15226562897724621,1.131622737837269,0.10202819950632432,-1.1949396060031456,0.0,0.0,0.0,0.0,0.0,0.0,3.707757659328892e-13,1.2916340038343262e-12,2.924116457014041,0.3410183319842605,2.205650597883536,0.0013924622519769507,0.00028687238627597456,0.00004605788686765517,0.0011501692096846981,NaN,NaN,NaN,NaN,NaN,NaN
2025-06-11T20:37:32Z,39.9785507379453,-75.11624477082592,24.09542052915769,7.493267362814773,1.3333770972929493,-0.1257720488114697,1.1184342988829514,0.08631252094397948,-1.2901983565166155,0.0,0.0,0.0,0.0,0.0,0.0,4.957079420355223e-13,2.0175689583337854e-12,3.0057445531496,0.5225125282981792,2.5277608740709097,0.0018458716297246392,0.0002614415116027976,0.00008467862958924693,0.0015024782780091901,NaN,NaN,NaN,NaN,NaN,NaN
2025-06-11T20:37:33Z,39.97861752782682,-75.1162319072358,24.290264321211286,7.332624291508837,0.746303156468727,-0.09680715389162493,1.1249180726399328,0.017971979883712914,-1.2456807004897466,0.0,0.0,0.0,0.0,0.0,0.0,6.69693525669621e-13,2.9872235539688367e-12,3.07803133777778,0.8990504676734983,2.6988139076468314,0.0018616910993506258,0.00019965707540010448,0.0001463458775755777,0.0020324512652270424,NaN,NaN,NaN,NaN,NaN,NaN
2025-06-11T20:37:34Z,39.97868194127229,-75.11622338456252,24.414914944855294,7.165433093387393,0.3982827510696278,-0.15837693862877583,1.121018255412116,0.047313434367231164,-1.2709122415997636,0.0,0.0,0.0,0.0,0.0,0.0,9.060561032722259e-13,4.373253069614372e-12,3.0238372365150608,1.4384296173369495,2.8615438961027375,0.0013752990817343463,0.00014881188337156716,0.00022653085820895175,0.002634151373847885,NaN,NaN,NaN,NaN,NaN,NaN
2025-06-11T20:37:35Z,39.97874370553539,-75.11621931620253,24.45262125419297,6.9528603426302045,0.18472097886176578,-0.12493981030745924,1.1176400618160651,0.010697874281521167,-1.2599297106225933,0.0,0.0,0.0,0.0,0.0,0.0,1.2958761699250516e-12,5.903076722514816e-12,2.6961073788610865,2.21818004687013,2.9881542482731103,0.0014398714721969232,0.0001351668244127849,0.0003239040227603402,0.003001928640403168,NaN,NaN,NaN,NaN,NaN,NaN
2025-06-11T20:37:36Z,39.97880516055005,-75.11621778205296,24.50427302359745,6.605614536820556,0.03044036215206301,-0.09655596992727826,1.120258126995413,0.006640631442254715,-1.2869290765163448,0.0,0.0,0.0,0.0,0.0,0.0,1.8476250314584847e-12,7.598376262440295e-12,2.7638391482539966,3.0936045067083673,2.9662876994247163,0.0014392468278200355,0.00012085976894052264,0.0004093088404592196,0.003273374097158933,NaN,NaN,NaN,NaN,NaN,NaN
2025-06-11T20:37:37Z,39.97886467276154,-75.11621777799715,24.364260804380976,6.6784617088857985,-0.12219398202835957,-0.40630518517033354,1.1071792974818444,0.01029586392525854,-1.2708622464079284,0.0,0.0,0.0,0.0,0.0,0.0,2.6191192147656136e-12,9.451289389280285e-12,2.4640556195711176,4.002808644525039,2.958459317885208,0.001249931769503103,0.00012113841945132946,0.0004767087445985029,0.0035103983754679923,NaN,NaN,NaN,NaN,NaN,NaN
2025-06-11T20:37:38Z,39.97892703142338,-75.11621117281551,24.510359693612106,6.767168532807429,0.4561074295785801,-0.08759237216244657,1.0941333175756787,0.04283033495044667,-1.383557783056159,0.0,0.0,0.0,0.0,0.0,0.0,3.655807874570877e-12,1.1556198806282304e-11,2.540035652237315,4.984951864136635,3.0482565174759344,0.0012574000431419994,0.00015202845559248744,0.0005402723478845495,0.0036320862090720427,NaN,NaN,NaN,NaN,NaN,NaN
2025-06-11T20:37:39Z,39.97899170167692,-75.11620423971874,24.926823659054747,6.799047324677937,0.3360485270532921,-0.1210920573771408,1.084357347074031,-0.022917537377249074,-1.384862426794279,0.0,0.0,0.0,0.0,0.0,0.0,5.031761715899303e-12,1.3727622032429935e-11,2.937840785202846,6.154973862027994,3.1482945971749166,0.0014935723052268166,0.00020286984078266698,0.0006051322301440088,0.0037704776824727623,NaN,NaN,NaN,NaN,NaN,NaN
2025-06-11T20:37:40Z,39.97905452794405,-75.11619827804088,25.119444971467583,6.910113556540812,0.5386167368218585,-0.12981822720981617,1.0841968493886354,-0.027773866667914548,-1.4072373679474204,0.0,0.0,0.0,0.0,0.0,0.0,6.8785799506853926e-12,1.6239052999418996e-11,2.881763677313809,7.444992034983433,3.2329767849481494,0.001158301354795294,0.00020863027001341455,0.0006714690658723972,0.0038494632863563757,NaN,NaN,NaN,NaN,NaN,NaN
2025-06-11T20:37:41Z,39.97911622031224,-75.11619079966177,25.250158553549106,6.743972629651369,0.7676484893151378,-0.06244349021905789,1.0839645429350313,-0.039638297338250056,-1.3787335552369702,0.0,0.0,0.0,0.0,0.0,0.0,9.101742650477258e-12,1.8830430125636037e-11,2.8642418481241942,8.799073823256142,3.3992036071487286,0.001069603676386931,0.00025694011799312297,0.0007362857692242139,0.0038497642708171078,NaN,NaN,NaN,NaN,NaN,NaN
2025-06-11T20:37:42Z,39.979178401915114,-75.11617985390545,25.502498886653765,6.6431507478746274,0.9346804613608172,-0.060388692521651605,1.0837666694307262,-0.04318589293284756,-1.3874698345762415,0.0,0.0,0.0,0.0,0.0,0.0,1.204021770607946e-11,2.1563992012683905e-11,2.700692787275698,10.469332022943053,3.803896938602083,0.0010563756652221608,0.0003442682233065357,0.0008090799841080896,0.003844922553435555,NaN,NaN,NaN,NaN,NaN,NaN
2025-06-11T20:37:43Z,39.97924050882249,-75.11616044716193,25.920984933011272,6.378469423866136,1.0680627045522864,-0.13391359417501036,1.082104976443862,-0.051540851333991146,-1.3710360400599209,0.0,0.0,0.0,0.0,0.0,0.0,1.5458608715505755e-11,2.4495742697788033e-11,2.768933823738002,12.041169353630602,4.1196621531572415,0.0013484505960979253,0.0004282141373901044,0.0008584846860008994,0.003910082877909691,NaN,NaN,NaN,NaN,NaN,NaN
2025-06-11T20:37:44Z,39.979299929482394,-75.11614803186777,26.17724308829203,6.4205479875425615,1.174262217221073,-0.033601128030348405,1.0794476584552022,-0.028740390628207997,-1.4121333550829438,0.0,0.0,0.0,0.0,0.0,0.0,1.9719745728859e-11,2.8286814980745433e-11,2.703195190413872,13.867249644542131,4.808741331741306,0.0015448551423199281,0.0005390300588331106,0.0008932142258472003,0.004137990229046488,NaN,NaN,NaN,NaN,NaN,NaN
2025-06-11T20:37:45Z,39.97935921081394,-75.11613474673013,26.269718734208052,6.395135798290851,1.0289381421019403,-0.09833019122145897,1.0752378871170762,-0.0172196115727976,-1.392049500123209,0.0,0.0,0.0,0.0,0.0,0.0,2.4878717298059462e-11,3.2322241931706314e-11,2.843359729853275,15.534450426734308,5.704705543898009,0.0015130134357634716,0.0006389332099861206,0.0008861374234609392,0.004389362205379082,NaN,NaN,NaN,NaN,NaN,NaN
2025-06-11T20:37:46Z,39.97941748232605,-75.11612497340771,26.225759017193784,6.328306408313883,0.8402525871020272,-0.08857614049250244,1.0722372835103797,-0.009890510122863428,-1.4148412296313455,0.0,0.0,0.0,0.0,0.0,0.0,3.1112431729858837e-11,3.7118188815082596e-11,2.6217129305516944,17.656387534030042,6.813327620447424,0.0020047795834497225,0.0007009413780696602,0.000925693042202433,0.004509671469659632,NaN,NaN,NaN,NaN,NaN,NaN
2025-06-11T20:37:47Z,39.97947422445901,-75.11611845617686,26.20143544984772,6.369451648245023,1.0624927635845787,-0.08550121011011128,1.0699849925121696,-0.07707427805168689,-1.4627012139164022,0.0,0.0,0.0,0.0,0.0,0.0,3.817575132686091e-11,4.269973141973284e-11,2.747127848924831,19.237128090724887,8.246173720388697,0.001971684299781938,0.0007965822546463436,0.0008957305991300964,0.0045874905288174166,NaN,NaN,NaN,NaN,NaN,NaN
2025-06-11T20:37:48Z,39.97953811952141,-75.1161064695138,26.19768779415546,6.968387166858087,1.1878271522865749,-0.20423306974376412,1.0703990455830161,-0.013675753497974402,-1.4386023292187438,0.0,0.0,0.0,0.0,0.0,0.0,4.609722635844713e-11,4.970789239629723e-11,2.6482592238839278,20.311867346572473,9.980245216052777,0.0009468651358116245,0.0008806921735483363,0.0008571832225380164,0.004674667125370742,NaN,NaN,NaN,NaN,NaN,NaN
2025-06-11T20:37:49Z,39.97960082719163,-75.11609729708147,26.104001657019374,7.343394910696611,0.757130012114575,-0.14862200596054836,1.0668984772757664,0.037573503341387836,-1.579189908698266,0.0,0.0,0.0,0.0,0.0,0.0,5.6072939565500226e-11,5.7935532558094515e-11,2.62910152941075,22.531205223033165,11.747162147779827,0.0004949500052202293,0.0009367769705027391,0.0009180906929346928,0.00482265843531543,NaN,NaN,NaN,NaN,NaN,NaN
2025-06-11T20:37:50Z,39.979676459129756,-75.1160925326161,26.182238965769958,7.751526172872982,0.594795666428347,-0.0556304300383007,1.0835200478883849,-0.08803248507831252,-1.4820615256271616,0.0,0.0,0.0,0.0,0.0,0.0,6.698461277176947e-11,6.690547868589835e-11,2.771092753765519,25.396759071232935,14.027702834226941,0.0008402885666904719,0.0010185872584529893,0.0010412488883688369,0.004896222492187647,NaN,NaN,NaN,NaN,NaN,NaN
2025-06-11T20:37:51Z,39.979748102587045,-75.11608981620749,26.271609766527515,7.875214057369747,0.674702600932006,-0.04582644823195411,1.0949556501377486,-0.019971951718884894,-1.4858535206281693,0.0,0.0,0.0,0.0,0.0,0.0,8.068920365257953e-11,7.940298948246712e-11,2.5292056319577485,28.2127769693579,16.41205008222424,0.0003721684074955039,0.0010324890121449677,0.001100977821024032,0.004997697138824503,NaN,NaN,NaN,NaN,NaN,NaN
2025-06-11T20:37:52Z,39.97981934613673,-75.11608773357474,26.481761175206607,7.50853055504742,0.1085024403244903,0.28557886848520775,1.1204027826364567,0.03780010707614816,-1.5685532671519318,0.0,0.0,0.0,0.0,0.0,0.0,9.625121809772311e-11,9.31357080222518e-11,2.5581569168523752,31.426851742262247,19.210457490003485,0.00041674284295278445,0.001127837968093351,0.00114603241783805,0.005103537597559448,NaN,NaN,NaN,NaN,NaN,NaN
2025-06-11T20:37:53Z,39.97988990217558,-75.11609294160499,26.567197255606214,7.752751724801793,-0.3962251977106963,-0.054093985825840414,1.1024824855731643,-0.0332584874583525,-1.5572084864205307,0.0,0.0,0.0,0.0,0.0,0.0,1.1310573505288021e-10,1.0821165130199342e-10,2.721625877864362,34.85168722243178,22.400766359128752,0.001506247232014262,0.0012610738073766002,0.0012258297688866775,0.005067328999504743,NaN,NaN,NaN,NaN,NaN,NaN
2025-06-11T20:37:54Z,39.97996574072079,-75.11609380706636,26.446428093114186,7.837263789714603,0.22654626318745155,-0.36145378795521493,1.0616053136094024,-0.1255791124724624,-1.5048855823705725,0.0,0.0,0.0,0.0,0.0,0.0,1.324902920664306e-10,1.247540200786725e-10,2.8384692543971393,38.660020581838815,24.955760617740854,0.0010527977715209535,0.0012071760054043709,0.001346034052456048,0.005069173398106866,NaN,NaN,NaN,NaN,NaN,NaN
2025-06-11T20:37:55Z,39.98005311318694,-75.11607609122365,26.66614490347094,8.01261219138751,1.163381569721437,-0.026731519870823024,1.0886615080324402,-0.05608802441659876,-1.4682552463456517,0.0,0.0,0.0,0.0,0.0,0.0,1.523135056050628e-10,1.4335897271480444e-10,2.881794222271607,41.929073750118924,28.568672610692893,0.00020202814288954892,0.0012901040931295586,0.0014064466359488459,0.00495304794550678,NaN,NaN,NaN,NaN,NaN,NaN
2025-06-11T20:37:56Z,39.98013195716765,-75.11604772014275,26.65340326220289,7.681197900644268,1.5305745996741853,-0.07030230661722091,1.1080388909411536,-0.0849796262701089,-1.42560256163255,0.0,0.0,0.0,0.0,0.0,0.0,1.787605315885361e-10,1.6632638060096637e-10,3.0301303216198607,46.08867088307824,32.6325602884902,0.00037153343533407923,0.0014113793873770655,0.0014721484713163917,0.004957199985158381,NaN,NaN,NaN,NaN,NaN,NaN
2025-06-11T20:37:57Z,39.980209563892785,-75.1160182702803,26.687498628600757,7.6522423298326885,1.5944059763554164,-0.15987116479357438,1.1081465634550096,-0.03897155701804026,-1.438875285039194,0.0,0.0,0.0,0.0,0.0,0.0,2.04431928307045e-10,1.8981145613162186e-10,2.9997039996223465,50.178150041616796,35.7980271261752,0.0009110915051945327,0.0014358156990685576,0.001553046021533443,0.004964968722701328,NaN,NaN,NaN,NaN,NaN,NaN
2025-06-11T20:37:58Z,39.98028483060887,-75.11601150954523,26.883421699815727,7.42970869062486,1.4085050419930465,-0.2689159742957398,1.101431867895528,-0.06829629488000696,-1.404028295410156,0.0,0.0,0.0,0.0,0.0,0.0,2.3418324804078685e-10,2.157344734195121e-10,2.9142184838932432,55.536396240332174,38.191069169092096,0.001270166471298304,0.0013891573911287084,0.00164172982223905,0.0048603969791492984,NaN,NaN,NaN,NaN,NaN,NaN
2025-06-11T20:37:59Z,39.98035775529153,-75.11599804690982,26.974869718599884,7.573478613920077,0.9994995275009324,-0.12445448368102252,1.1041838051278428,0.0018121713678891716,-1.4071847149608259,0.0,0.0,0.0,0.0,0.0,0.0,2.722339409964911e-10,2.4879648014558425e-10,2.8628226181025194,61.671759307496785,41.36334381242564,0.002037579398119485,0.0013829402426966675,0.0016717471265171242,0.004830775150866487,NaN,NaN,NaN,NaN,NaN,NaN
2025-06-11T20:38:00Z,39.9804465800225,-75.11600298129754,27.265884613603387,7.815627478983709,0.5093596189251164,-0.14021578233977838,1.0917019076491832,0.0012906217766497877,-1.447593045120122,0.0,0.0,0.0,0.0,0.0,0.0,3.197582304002905e-10,2.888277805474405e-10,2.9740595954140776,67.26411015679673,44.872472837941224,0.001591252581065145,0.0013594085748478415,0.001598832532068036,0.004832275555529627,NaN,NaN,NaN,NaN,NaN,NaN
2025-06-11T20:38:01Z,39.980526299316814,-75.11601490622334,27.59087468188128,7.890667570991095,0.22656799394198984,-0.13293719256788505,1.0842390421248727,-0.022997002678894776,-1.454056661189139,0.0,0.0,0.0,0.0,0.0,0.0,3.763999286952315e-10,3.33224723356547e-10,2.9373774656681935,74.4269353052697,49.05110942648778,0.002020860551370253,0.001445669589716259,0.0016109165453017287,0.004978089137381664,NaN,NaN,NaN,NaN,NaN,NaN
2025-06-11T20:38:02Z,39.98061662846135,-75.11601195752387,27.85137960125268,8.057644038593057,0.35484329417810134,-0.10456084159977778,1.069528413917815,-0.0505577557020653,-1.432869123604222,0.0,0.0,0.0,0.0,0.0,0.0,4.186714684210298e-10,3.825253554130631e-10,2.8537602373971636,76.77825915256201,53.95030200795001,0.002489131288047317,0.0015535810474550092,0.0014537119620686202,0.005113483203075544,NaN,NaN,NaN,NaN,NaN,NaN
2025-06-11T20:38:03Z,39.980690794027616,-75.11601619064324,27.967911848905935,7.839205990292133,0.5300525231069929,-0.22100867044658729,1.0484964086405772,-0.04775029941958848,-1.434164925215164,0.0,0.0,0.0,0.0,0.0,0.0,4.717908453995827e-10,4.3752200926833255e-10,2.7553579619411286,80.51023629562427,59.50323432723874,0.004268255481370582,0.0017032655348032855,0.0013472873353525168,0.005161567629152924,NaN,NaN,NaN,NaN,NaN,NaN
2025-06-11T20:38:04Z,39.980772926694655,-75.116000433023,27.867573361124823,7.7667613245050156,0.32802053515740726,-0.24125955466531343,1.051878293928701,0.0013312629521559617,-1.3822193686810678,0.0,0.0,0.0,0.0,0.0,0.0,5.328275930349742e-10,4.96936993590654e-10,2.75973425262953,83.172266722247,65.59757378948267,0.006296701544405229,0.0018267218417810538,0.0010963912867666679,0.005036453959047991,NaN,NaN,NaN,NaN,NaN,NaN
2025-06-11T20:38:05Z,39.98084642946901,-75.11601268875091,27.579585688728745,8.297250604371987,0.10917012538416283,-0.32733956568597017,1.0565032121931108,-0.018117435617779006,-1.3842139452977427,0.0,0.0,0.0,0.0,0.0,0.0,6.098908680028007e-10,5.670015092711163e-10,2.8711345821039393,85.90477116816042,71.50832015961544,0.00503498796525467,0.0018860556857000599,0.0007718377052559182,0.005114723718141132,NaN,NaN,NaN,NaN,NaN,NaN
2025-06-11T20:38:06Z,39.980924812963515,-75.11598821671805,27.778456366486335,8.730329348081389,0.42001057111398993,-0.20659011766329766,1.0106234197386166,-0.02470578150436502,-1.4497808840669892,0.0,0.0,0.0,0.0,0.0,0.0,6.872120263017888e-10,6.210636870722142e-10,2.8735404197113072,86.67431153302708,73.87028743290045,0.005827055265768383,0.0018204303502649614,0.0005875677885650258,0.005186078653598226,NaN,NaN,NaN,NaN,NaN,NaN
2025-06-11T20:38:07Z,39.98099648502175,-75.11597820365397,27.68073970633268,9.225140333711806,0.33103624860494024,-0.14148788687587538,0.996848789735437,0.017480544485184633,-1.4208142274537734,0.0,0.0,0.0,0.0,0.0,0.0,7.821002800182676e-10,7.011135312693103e-10,2.8254011216847794,87.53877057824066,78.76293878083179,0.004292342459651281,0.001836047606392432,0.0003601058939870952,0.005241038491964781,NaN,NaN,NaN,NaN,NaN,NaN
2025-06-11T20:38:08Z,39.98108948671252,-75.11596483378706,27.75903936925232,9.796828799021503,-0.025371139032612577,-0.10494771694161824,0.9789910379309038,0.04041658861122615,-1.5331450749159559,0.0,0.0,0.0,0.0,0.0,0.0,8.750576199911762e-10,7.89954863867317e-10,2.8571431841092227,87.96547520364254,84.51637933215144,0.0032481512308622797,0.0019118583159759362,0.00027823197908790834,0.005339390777905799,NaN,NaN,NaN,NaN,NaN,NaN
2025-06-11T20:38:09Z,39.98122186917913,-75.11594437336088,28.044515303089618,11.040177735063923,-0.04203507252986577,-0.10831325773601934,0.9852483921041999,-0.02883379618984991,-1.442487877682062,0.0,0.0,0.0,0.0,0.0,0.0,9.824516570923983e-10,8.74886344876937e-10,3.020235758869193,89.7381795545169,90.10072203762493,0.0027992106630565458,0.00194734321846198,0.0002814550857608373,0.005403587808727634,NaN,NaN,NaN,NaN,NaN,NaN
2025-06-11T20:38:10Z,39.981319429483314,-75.115923346353,28.346217248161732,9.250916785652583,0.27279251316161485,-0.008019353045110218,0.9395686892622209,-0.01699130456209911,-1.5623852968161507,0.0,0.0,0.0,0.0,0.0,0.0,1.1046204955758394e-9,9.64200211071328e-10,2.7052790952260968,93.56539357450225,92.71671672474993,0.005047009782370436,0.0018140198922639828,0.0004002496640517994,0.005740860530108758,NaN,NaN,NaN,NaN,NaN,NaN
2025-06-11T20:38:11Z,39.981402570702265,-75.11595455123151,28.07456170729113,9.2977892532768,0.29119638905074663,-0.0852081582918652,0.9885028051488861,-0.03727695484476142,-1.7385282727816795,0.0,0.0,0.0,0.0,0.0,0.0,1.2211900155692016e-9,1.0866683270772652e-9,2.64659416326503,94.13792280087087,99.1850780177311,0.0027026106535925393,0.0018257472468848335,0.00029011010351953295,0.005838951387110368,NaN,NaN,NaN,NaN,NaN,NaN
2025-06-11T20:38:12Z,39.98156911875259,-75.11593662026817,28.289023785834654,11.377939870454377,-0.5103199173883823,-0.1616089348193035,1.0451243508382928,-0.048121761091177225,-1.4646006542199235,0.0,0.0,0.0,0.0,0.0,0.0,1.3135210704672692e-9,1.1901577077824893e-9,2.61846893099047,93.55160818995427,103.39793767216023,0.006499358892162917,0.0018696748252070492,0.0003156201215645766,0.005946534014397374,NaN,NaN,NaN,NaN,NaN,NaN
2025-06-11T20:38:13Z,39.98173142229072,-75.11593536789974,28.49187051178125,12.871937275717315,-0.022350233345885366,-0.1919346317748611,1.0332767351111545,0.018023251161211784,-1.430553565335252,0.0,0.0,0.0,0.0,0.0,0.0,1.4119558835138643e-9,1.2786862317854003e-9,2.7197584786381284,94.37004568264271,103.20944825563971,0.0025382808635935456,0.0014151015255656266,0.00037699171990114886,0.006264820427039841,NaN,NaN,NaN,NaN,NaN,NaN
2025-06-11T20:38:14Z,39.9818814985176,-75.11591095270121,28.565856334526664,13.495144297643026,0.10630179365065473,-0.08545344300589293,1.0949206267050717,-0.06783686052597923,-1.3875813425428625,0.0,0.0,0.0,0.0,0.0,0.0,1.5033075250465803e-9,1.3903126953727361e-9,2.6969946270049534,94.63033466597552,107.1910198341619,0.0034609333623135657,0.0014759878370271455,0.0003535025852621573,0.006763193952739801,NaN,NaN,NaN,NaN,NaN,NaN
2025-06-11T20:38:15Z,39.98201545013052,-75.11590001677942,28.531942571786836,13.742692697793935,0.9415767394396156,-0.17147887269848727,1.1056571995814213,-0.08237732713544918,-1.4382273756994357,0.0,0.0,0.0,0.0,0.0,0.0,1.5912443150280237e-9,1.571401099975094e-9,2.7620144625524623,93.06775308875822,116.22645393134859,0.001521835861538049,0.0015194196501033398,0.00028376974846569867,0.007470565891107162,NaN,NaN,NaN,NaN,NaN,NaN
2025-06-11T20:38:16Z,39.98214199274524,-75.11589921423983,28.498870610909613,13.27828224637806,1.196554404471193,-0.13437236069444536,1.121586498563046,-0.08122047671550914,-1.4254982511664371,0.0,0.0,0.0,0.0,0.0,0.0,1.6963846262352676e-9,1.7798012430362443e-9,2.8512040456225844,93.20923080525584,126.02210026634339,0.0015065421385787323,0.0015918324647260882,0.00022086486723705306,0.008035583127713533,NaN,NaN,NaN,NaN,NaN,NaN
2025-06-11T20:38:17Z,39.982259462145954,-75.11588471067634,28.296987513973033,12.819990970469789,0.8872678949512182,-0.1996112042214412,1.153511558860459,-0.007175952978847986,-1.3643892075955633,0.0,0.0,0.0,0.0,0.0,0.0,1.8033571747698448e-9,2.0185177422551533e-9,2.9434060812122667,94.2313714480898,136.83268674105548,0.0012747134558419916,0.0016383707947599353,0.00020820893007336054,0.008434838285507588,NaN,NaN,NaN,NaN,NaN,NaN
2025-06-11T20:38:18Z,39.98235847587844,-75.1158308695789,28.37468074833271,11.74382746000871,0.5066116031183553,-0.14284021000156588,1.1589271708382336,-0.020239730666461203,-1.3757554918924437,0.0,0.0,0.0,0.0,0.0,0.0,1.8788081324863393e-9,2.1872748885050953e-9,2.7730906445479797,94.14527087750727,141.47170890924392,0.00019793047181293036,0.0016434272624869864,0.0002319463420982376,0.008638556845561906,NaN,NaN,NaN,NaN,NaN,NaN
2025-06-11T20:38:19Z,39.98248950340846,-75.11584120713543,28.095810154922496,10.918651045347191,0.574785379421188,-0.1757949211838775,1.1552326163300968,-0.08495511914702573,-1.3610336938399592,0.0,0.0,0.0,0.0,0.0,0.0,1.976242574651632e-9,2.3515770779952828e-9,2.847822561266423,94.54944299474093,145.95685788986822,0.00023609242352822028,0.0017134264695309264,0.00028854006009498866,0.008941680019478978,NaN,NaN,NaN,NaN,NaN,NaN
2025-06-11T20:38:20Z,39.982606122200984,-75.11581702309981,27.861389016100887,10.036877115427874,0.583801588565157,-0.12642537124839895,1.150937429396509,-0.0036663881374004626,-1.3746309007380475,0.0,0.0,0.0,0.0,0.0,0.0,2.0860212297061185e-9,2.5425840126961005e-9,2.847528802952648,94.66031309618901,152.86781102211862,0.001207360912394513,0.0018820445223268754,0.0003460199436171231,0.00929872460084466,NaN,NaN,NaN,NaN,NaN,NaN
2025-06-11T20:38:21Z,39.98272017816358,-75.11579954599897,27.789812628615138,9.167165870237392,0.5518188669285881,-0.021043475184316717,1.1331505813463862,-0.06583249076648255,-1.4236374299023224,0.0,0.0,0.0,0.0,0.0,0.0,2.2407322373926614e-9,2.777044358054703e-9,2.9291385591311387,95.84616932689718,160.21645754835717,0.0027095514607225505,0.001950569630343736,0.0002823956401988383,0.009839810285498827,NaN,NaN,NaN,NaN,NaN,NaN
2025-06-11T20:38:22Z,39.98281511197314,-75.11578902424624,27.63390883658735,8.200093203577783,0.4261420445693413,-0.26386738815267874,1.1303383053032297,-0.01058042489566503,-1.4028023911594145,0.0,0.0,0.0,0.0,0.0,0.0,2.4016838780154484e-9,3.074856663042658e-9,3.0038308703924925,97.2495483858187,169.87984240667538,0.002150529987463814,0.002012858967052424,0.00016063774594957374,0.010380033259035986,NaN,NaN,NaN,NaN,NaN,NaN
2025-06-11T20:38:23Z,39.98293269683111,-75.11575016400568,27.45208585277154,7.493270504403444,0.10175192350310296,-0.33303633437723834,1.1086984465224747,-0.01691439270586079,-1.370375543188813,0.0,0.0,0.0,0.0,0.0,0.0,2.5008434203612022e-9,3.381165790270435e-9,2.801788395246609,96.21020934784639,179.5952819453695,0.0025427477862326737,0.0021331007472149923,0.00008834817258338513,0.010672265751224543,NaN,NaN,NaN,NaN,NaN,NaN
2025-06-11T20:38:24Z,39.98306596700242,-75.11583069563675,27.104749604244255,8.047488147455802,-0.11028570221601716,-0.2923684201623675,1.0808471153576178,-0.01459522851140405,-1.5017551693401363,0.0,0.0,0.0,0.0,0.0,0.0,2.585242657154838e-9,3.723763845758432e-9,2.7764390177561107,93.8751530350665,191.59689296660497,0.0011318461982512554,0.0022098412905010353,0.00003721533970782283,0.010546009571273624,NaN,NaN,NaN,NaN,NaN,NaN
2025-06-11T20:38:25Z,39.983195991372384,-75.11580600348856,27.221366863414463,8.611612212239066,0.3562809967778364,-0.35629182128865605,1.031919182994585,-0.12429888409759936,-1.4700343922024774,0.0,0.0,0.0,0.0,0.0,0.0,2.7509655845210593e-9,4.060605014074602e-9,2.886953842620764,94.67326028424031,202.0076741080452,0.0006799612956984362,0.002282356884994446,0.00003329192837704461,0.010303492664820217,NaN,NaN,NaN,NaN,NaN,NaN
2025-06-11T20:38:26Z,39.983286471193566,-75.1157622487116,27.50583245919515,9.68814459192559,0.8332360170164845,-0.03158227483616004,1.0576412629577525,-0.07634188419843874,-1.2189594734252416,0.0,0.0,0.0,0.0,0.0,0.0,2.893478072998602e-9,4.3379881001653485e-9,3.0345003070134458,94.39018315347303,208.4715339625687,0.0012012144183195567,0.0023105279805570524,0.000045094915749479744,0.010041485743043397,NaN,NaN,NaN,NaN,NaN,NaN
2025-06-11T20:38:27Z,39.98250428311935,-75.12851805116188,27.607366844959603,6.117639481672255,-47.51663175085677,-0.026286458155604903,1.087535447997705,0.10195003957869765,-1.2270853959265369,0.0,0.0,0.0,0.0,0.0,0.0,4.162401814043383e-14,1.1767414786687991e-13,1.0006143917826384,0.08992140495280349,0.4759596254982826,0.000016501685860080613,0.0001602365391353124,0.00003531518869724998,0.00008486163396229913,NaN,NaN,NaN,NaN,NaN,NaN
2025-06-11T20:38:28Z,39.982558090534916,-75.12907440985826,27.8328109104089,5.80854564058677,-47.35674250105041,0.11529723739317355,1.0879193081226153,-0.14669291435074955,-1.1329739275147768,0.0,0.0,0.0,0.0,0.0,0.0,9.568122929935918e-14,2.8006354847888554e-13,1.8718830876467876,0.2778810117059311,0.931753534537656,0.0002879986994144466,0.0002751487527353373,0.00010230439311550592,0.00023185240236331357,NaN,NaN,NaN,NaN,NaN,NaN
2025-06-11T20:38:29Z,39.98261070688556,-75.12964512801067,28.111724115311496,5.815495854395497,-49.75907656570973,0.30997439450802466,1.1802783254798237,0.3526833862376159,-1.3582573640437592,0.0,0.0,0.0,0.0,0.0,0.0,1.8890806916290873e-13,5.632479108653213e-13,2.4776931408145395,0.6187579852612279,1.424062751813663,0.00011900274492091995,0.000337038989804198,0.00019469408224070264,0.0003519208938322653,NaN,NaN,NaN,NaN,NaN,NaN
2025-06-11T20:38:30Z,39.98265592780513,-75.13023952589901,28.258815018804636,4.567310138741723,-51.479490886801315,0.25574070872511234,1.2169142644038042,-0.018392226516097086,-1.4300284377191341,0.0,0.0,0.0,0.0,0.0,0.0,3.470362127457318e-13,1.0323711860698755e-12,2.6947288763114443,1.0846856586117155,2.0920532451699114,0.005959849776566476,0.00044411698614817586,0.0002893233035689028,0.0004051836747129289,NaN,NaN,NaN,NaN,NaN,NaN
2025-06-11T20:38:31Z,39.98268229960955,-75.13086019050209,27.929878930040548,1.521526147847116,-53.59379760239107,-0.1819733746196892,1.2383392355502572,0.03071159999884028,-1.3534693680723955,0.0,0.0,0.0,0.0,0.0,0.0,6.165831659601739e-13,1.6104951805171548e-12,2.618252811441717,1.8105168887749508,1.7918568398841985,0.00611702565766092,0.0001584974566568273,0.0003893168483793146,0.0005349139828952585,NaN,NaN,NaN,NaN,NaN,NaN
2025-06-11T20:38:32Z,39.98268770680569,-75.13149219972844,27.55770980676776,-0.867309195430057,-54.57166182355637,-0.501933181558463,1.2075442010684416,0.08048293328808619,-1.4020511111373999,0.0,0.0,0.0,0.0,0.0,0.0,9.768833941974628e-13,2.327513816534849e-12,2.7869315550730485,1.994611598424135,1.9649418657168205,0.004135655578709662,0.00014998246436355325,0.00025747523860977914,0.0010493893830299666,NaN,NaN,NaN,NaN,NaN,NaN
2025-06-11T20:38:33Z,39.98268019489317,-75.13213659368677,27.185075793445993,-2.1790530622146016,-55.543012547003066,-0.5849184317862017,1.174133295381772,0.11762024556826818,-1.4404934525371385,0.0,0.0,0.0,0.0,0.0,0.0,1.4463192899825138e-12,3.3387031818657345e-12,2.8611550550559284,2.077996545317739,2.618100660893863,0.0014950987535083918,0.00019722003684772998,0.00014665503435305394,0.0019054402473897521,NaN,NaN,NaN,NaN,NaN,NaN
2025-06-11T20:38:34Z,39.98266184943033,-75.13279122377534,27.050506009480205,-3.1858449839058425,-56.46028014066662,-0.4498188390168581,1.0930802835034565,0.12222078013065178,-1.5228290408535852,0.0,0.0,0.0,0.0,0.0,0.0,2.0260538429631645e-12,4.764492192289131e-12,2.6856242156299133,2.3887942831587,3.6831907895364635,0.0005521412088431698,0.0002529535114128254,0.00011412407299360151,0.0027215228742766173,NaN,NaN,NaN,NaN,NaN,NaN
2025-06-11T20:38:35Z,39.982631029388266,-75.13345289242861,27.164763433941435,-4.0912779803683925,-57.17085021987879,-0.27394227013521866,1.0812584368489424,0.10588348928876365,-1.4803831389174866,0.0,0.0,0.0,0.0,0.0,0.0,2.6897827449472022e-12,6.304087341420849e-12,2.9081864491828444,2.7191439326278712,4.506980507518744,0.000230405875602214,0.0002897880974022384,0.00009793633986793788,0.003326424998677973,NaN,NaN,NaN,NaN,NaN,NaN
2025-06-11T20:38:36Z,39.98259808760185,-75.13412335276618,27.27067300095262,-3.682960605953875,-57.58021793208952,-0.2025136278158652,1.0551368849104419,0.14509854020337623,-1.502224623268853,0.0,0.0,0.0,0.0,0.0,0.0,3.5060462512353836e-12,8.395853694037347e-12,2.922875320397967,3.057971711272351,5.4041170502985985,0.00020188401295744146,0.00034193479751229,0.00010758470242511702,0.003516406818729021,NaN,NaN,NaN,NaN,NaN,NaN
2025-06-11T20:38:37Z,39.98256830028583,-75.13480127251184,27.42919359206906,-3.3457788959949633,-58.110185614029184,-0.179776206858518,1.0436210346220558,0.13269933325685868,-1.4924579920892493,0.0,0.0,0.0,0.0,0.0,0.0,4.569636398321133e-12,1.0977371426531133e-11,3.0474070215067375,3.564621558239801,6.267382494697763,0.0005444484556587652,0.00040208941652773565,0.00013976461931046772,0.003535623513409363,NaN,NaN,NaN,NaN,NaN,NaN
2025-06-11T20:38:38Z,39.98254141643567,-75.13548770129438,27.420612632541918,-3.075115051483671,-58.433764299222354,-0.16762971237469074,1.0352840356112603,0.11489876846396012,-1.4720518013263808,0.0,0.0,0.0,0.0,0.0,0.0,5.9120609932632475e-12,1.3977412545039298e-11,3.0551215827819567,4.236991156256541,7.103907845492056,0.0011300152964369087,0.0004445308532665195,0.0001983875277096945,0.003657351782909964,NaN,NaN,NaN,NaN,NaN,NaN
2025-06-11T20:38:39Z,39.982516722269914,-75.13617373025558,27.442301816690772,-2.875293202180424,-58.4907002674741,-0.14981444482593848,1.0336899988885837,0.09601291640170193,-1.4488461704582487,0.0,0.0,0.0,0.0,0.0,0.0,7.48684956065346e-12,1.7805683330233355e-11,3.1392012359888706,4.979536123395492,7.809555034467618,0.0014051917931252526,0.0004215384914228296,0.0002721056910244171,0.003847642541422682,NaN,NaN,NaN,NaN,NaN,NaN
2025-06-11T20:38:40Z,39.98249452572588,-75.13686101032417,27.434440159355926,-2.722750734648032,-58.531916915697046,-0.1408911358031081,1.0350575168915803,0.08285487319171315,-1.4311023765984479,0.0,0.0,0.0,0.0,0.0,0.0,9.278972399499758e-12,2.236261482276098e-11,2.802267027072781,5.856243219875132,8.31183788805369,0.0014347666262996012,0.0003767818015867483,0.0003587740712825045,0.0041439953380178205,NaN,NaN,NaN,NaN,NaN,NaN
2025-06-11T20:38:41Z,39.982475468895444,-75.13755039399274,27.383254455180797,-2.5837973949107513,-58.56301365459397,-0.1495424848703288,1.0414597233738672,0.07557796381568294,-1.394902894074175,0.0,0.0,0.0,0.0,0.0,0.0,1.1763867454815816e-11,2.775916065747879e-11,2.923221356871308,6.810012442555679,8.699692609838706,0.0013821988568925134,0.00034895017299688174,0.00044465140959246016,0.0044032488299243335,NaN,NaN,NaN,NaN,NaN,NaN
2025-06-11T20:38:42Z,39.98246133259895,-75.13823333909363,27.41195665840571,-0.7824763752362937,-58.31607208702672,-0.18227535037053552,1.0506563578248944,0.0248164296102337,-1.3254139356704602,0.0,0.0,0.0,0.0,0.0,0.0,1.4826544977621282e-11,3.4767968273639046e-11,2.760359155078868,8.04564328412302,8.834389274198013,0.004435530126839401,0.00033246447926503877,0.0005299408450947271,0.004685574387044053,NaN,NaN,NaN,NaN,NaN,NaN
2025-06-11T20:38:43Z,39.98245444599584,-75.13891213462938,27.602358442413124,-0.012656829364449876,-57.71299055885019,-0.12348869246290183,1.0660998748705668,-0.014081171492258876,-1.3283621755524122,0.0,0.0,0.0,0.0,0.0,0.0,1.7829311583320883e-11,4.196539335331958e-11,2.78048464645704,7.816975617271276,8.892624442101248,0.004233152852941962,0.00033534541828607686,0.0003594292228306475,0.005211252997555683,NaN,NaN,NaN,NaN,NaN,NaN
2025-06-11T20:38:44Z,39.98245517059702,-75.13958207807316,27.597610917169796,0.27765572594063603,-57.09699448474694,-0.06616554873898249,1.0974614824244022,-0.11902906387659776,-1.2520323474965347,0.0,0.0,0.0,0.0,0.0,0.0,2.1496806382062105e-11,5.0526837300319265e-11,2.9244460029413046,7.321508165635519,9.648880502409531,0.0026011980592455996,0.00040020847838099604,0.00019112508426276546,0.005664606103203243,NaN,NaN,NaN,NaN,NaN,NaN
2025-06-11T20:38:45Z,39.9824564506241,-75.1402467929564,27.91127327668148,-0.2967782867245516,-57.18440137771133,-0.035825712940093644,1.1167030610735826,0.009543452118655184,-1.2925204406774147,0.0,0.0,0.0,0.0,0.0,0.0,2.542270802045916e-11,5.977372907906101e-11,2.842020375345508,6.826999910888658,10.83753479989371,0.0008455745834196168,0.00048281776505756273,0.00011698531810487491,0.006036861714872957,NaN,NaN,NaN,NaN,NaN,NaN
2025-06-11T20:38:46Z,39.98245169635852,-75.14090620624258,27.849491982347004,-1.0252742725303552,-56.92295573909598,-0.04621692044873348,1.111414043499838,-0.06097777300133257,-1.3573758999548229,0.0,0.0,0.0,0.0,0.0,0.0,2.979817012579366e-11,7.071518025240355e-11,2.7161674118588968,7.089381431979513,12.349958663421535,0.00035063034483052296,0.0005420733313758921,0.00012877102935754045,0.00603383422282066,NaN,NaN,NaN,NaN,NaN,NaN
2025-06-11T20:38:47Z,39.98243775603163,-75.14156334026268,27.858690289082094,-1.0835293241278288,-56.933307186635226,-0.09022015458815641,1.1043600064900412,-0.044019763800540755,-1.2149841593097885,0.0,0.0,0.0,0.0,0.0,0.0,3.445984585346961e-11,8.396411338753477e-11,2.745079243605201,7.444757758042471,14.136287376051879,0.0002343591991308342,0.0006537859526632876,0.0001725504033559515,0.006101654773024084,NaN,NaN,NaN,NaN,NaN,NaN
2025-06-11T20:38:48Z,39.98242225323499,-75.14223012532769,27.74678394563646,-1.695327789435627,-57.12694650818966,-0.1282440973424973,1.117615545340706,-0.006179933558512577,-1.2909122538022233,0.0,0.0,0.0,0.0,0.0,0.0,3.9439623499570125e-11,9.816660499780535e-11,2.83675342806754,7.934785478880025,16.434669822164636,0.00013250027453324108,0.0008040266112311688,0.00024300093132434197,0.0061535165781187425,NaN,NaN,NaN,NaN,NaN,NaN
2025-06-11T20:38:49Z,39.98240011173374,-75.14289968250219,27.584858864113393,-3.308955995085055,-57.8994161990513,-0.3002661004820906,1.1102684622213996,0.022305025202437167,-1.354546844967566,0.0,0.0,0.0,0.0,0.0,0.0,4.421544473007211e-11,1.1440976201715916e-10,2.7975175108404917,8.707219875370841,19.09297867238914,0.002424897910379188,0.0009305408909409187,0.0003225888717780532,0.006224758679292105,NaN,NaN,NaN,NaN,NaN,NaN
2025-06-11T20:38:50Z,39.98237485076782,-75.14357111387697,27.16224827004144,-3.2267256147810714,-57.70542545423434,-0.2982943424111242,1.081416598646728,-0.06260098065656425,-1.3361463623940948,0.0,0.0,0.0,0.0,0.0,0.0,4.9555051788462725e-11,1.3230632743007882e-10,2.799268861497093,9.324364610726319,21.16029085892769,0.0026814126743913745,0.000949176512020246,0.00022255532699059518,0.006290338262084345,NaN,NaN,NaN,NaN,NaN,NaN
2025-06-11T20:38:51Z,39.98234383385734,-75.14423289220113,27.230703860645583,-2.7023925778990514,-57.53698860033086,-0.12454550025705234,1.0562512320746118,0.023362876289446003,-1.3427061295330847,0.0,0.0,0.0,0.0,0.0,0.0,5.41221103194815e-11,1.4810183475746102e-10,2.89153565119428,9.23248183244946,22.689803964684145,0.0012510118576992792,0.0009601527605976711,0.00016614848361383804,0.0063179181386413055,NaN,NaN,NaN,NaN,NaN,NaN
2025-06-11T20:38:52Z,39.98232251074924,-75.14490702407247,27.162823806579517,-2.6914123212074075,-57.515546315865706,-0.15552251755510302,1.0388357013085476,-0.03855046958726771,-1.3319652187667983,0.0,0.0,0.0,0.0,0.0,0.0,6.041962761505435e-11,1.708167468723376e-10,2.752709170257065,9.45155988058951,24.965587503733307,0.0009848846605617497,0.00100670963414396,0.00014331483185884666,0.006283692022863914,NaN,NaN,NaN,NaN,NaN,NaN
2025-06-11T20:38:53Z,39.98229573585894,-75.14557774788061,27.148626758074705,-3.4138415302431646,-57.7578089138957,-0.07770884766587066,1.0244057792382681,0.05165429112939112,-1.546383302645431,0.0,0.0,0.0,0.0,0.0,0.0,6.630460887376685e-11,1.9834923574510956e-10,3.033600144162748,9.67753381465529,28.653680955916307,0.0012700810940097743,0.0011511266712495997,0.00015883335509956785,0.00617453679318677,NaN,NaN,NaN,NaN,NaN,NaN
2025-06-11T20:38:54Z,39.98227027244807,-75.14625406682023,27.250975079304673,-3.9748730103786896,-56.99302744261073,-0.0030553319335967703,1.0152212072915512,-0.21768364065283544,-1.156156305913073,0.0,0.0,0.0,0.0,0.0,0.0,7.452730591605366e-11,2.312607693726468e-10,2.924456434495631,9.976075519980506,32.41519986509901,0.0012435544623097508,0.001230938449809632,0.00014088784300042068,0.006130712919131822,NaN,NaN,NaN,NaN,NaN,NaN
2025-06-11T20:38:55Z,39.98224106592799,-75.14693706406753,27.31677579166229,-3.6253210797265414,-57.83605617609987,-0.07537102943467525,1.0819272133296196,0.03691368663214669,-1.5591227877102498,0.0,0.0,0.0,0.0,0.0,0.0,8.223454895935226e-11,2.6768039151978895e-10,2.9278724372375495,9.964288928882093,35.78027280341742,0.0007556722052885467,0.0013084340844025715,0.0001479887945891412,0.006126673370769138,NaN,NaN,NaN,NaN,NaN,NaN
2025-06-11T20:38:56Z,39.98221444294775,-75.14761462905547,27.34037279474171,-2.6188561150417238,-57.81653507648039,-0.0758847358163383,1.084411738360257,-0.045031136008080626,-1.4209296415307684,0.0,0.0,0.0,0.0,0.0,0.0,9.001774787695336e-11,3.0495649828885714e-10,2.909683872582327,10.467436315294918,39.665948313344465,0.0003743626601009709,0.0014780446241079242,0.0001812355387800041,0.006106249744898387,NaN,NaN,NaN,NaN,NaN,NaN
2025-06-11T20:38:57Z,39.982187568166104,-75.14829144078833,27.2475991866157,-3.3042893836698344,-57.60662965939297,-0.1403669652174799,1.0684064324435991,-0.11490980636842901,-1.259067645985704,0.0,0.0,0.0,0.0,0.0,0.0,9.957364754960908e-11,3.513451800367874e-10,2.8119264757540496,11.323067007171055,45.410553319411804,0.0004757821733560097,0.0016392094938659026,0.00027746275277106935,0.006170064700349199,NaN,NaN,NaN,NaN,NaN,NaN
2025-06-11T20:38:58Z,39.982162960206324,-75.14896210916018,27.008963318856658,-3.5491073809597142,-57.277884701814514,-0.15769529913666475,1.0855042394184702,-0.10034251533713336,-1.1984061557563417,0.0,0.0,0.0,0.0,0.0,0.0,1.1046128762779974e-10,4.153816541838397e-10,2.9031561669840094,12.199758304083714,52.67392757319494,0.0007683816161985383,0.0017715618434157533,0.0003706162268149291,0.0062065980255166416,NaN,NaN,NaN,NaN,NaN,NaN
2025-06-11T20:38:59Z,39.98213423302408,-75.14964167950103,26.976979313861406,-3.684571998858038,-57.476747104805966,-0.13107112880372457,1.084335739340555,0.02417739519246624,-1.3613624916312377,0.0,0.0,0.0,0.0,0.0,0.0,1.2099948133964708e-10,4.795503606664182e-10,2.795120603818897,12.81683655939677,59.085510202726425,0.0023264548645648107,0.0018568505461185796,0.00040523393422869626,0.006180554166198975,NaN,NaN,NaN,NaN,NaN,NaN
2025-06-11T20:39:00Z,39.98209973896619,-75.1503038869011,27.019714141790704,-4.035534902169637,-57.32167329849625,-0.17732071752314263,1.0879790571025274,-0.03786011784903988,-1.447433329044922,0.0,0.0,0.0,0.0,0.0,0.0,1.3168359550693608e-10,5.493346166922821e-10,2.7934546558018454,12.73420441454025,65.35016105931476,0.0022331571398464378,0.0018736805178478774,0.000341978391920107,0.006208282025429603,NaN,NaN,NaN,NaN,NaN,NaN
2025-06-11T20:39:01Z,39.98206761453885,-75.15096179979851,26.93730340067396,-4.007193997479119,-57.72828362272306,-0.17128420331583946,1.0844225910744218,-0.09067659213057791,-1.1166379341583084,0.0,0.0,0.0,0.0,0.0,0.0,1.4497203322585905e-10,6.270880739998609e-10,2.9964085353936576,12.817834171858756,71.07658052302452,0.0020866396086262015,0.0019181031012539223,0.00027678245821520807,0.006211827824256391,NaN,NaN,NaN,NaN,NaN,NaN
2025-06-11T20:39:02Z,39.982028757250525,-75.1516207397773,27.00293903862982,-4.020891986514762,-57.700360488964265,-0.12728584605882426,1.0627532434310665,0.13124953349781612,-1.6275225988726096,0.0,0.0,0.0,0.0,0.0,0.0,1.597988435867233e-10,6.984969724689901e-10,2.899924938020171,12.57353683588678,76.67773544696148,0.0032627111906777277,0.001972756182465107,0.000220116107892104,0.006118032087077818,NaN,NaN,NaN,NaN,NaN,NaN
2025-06-11T20:39:03Z,39.98198451788284,-75.15228566675347,26.936892959480762,-4.176052373208007,-58.59911373458418,-0.23382742327118952,1.0758375162694316,0.11859839652151866,-1.549909855092587,0.0,0.0,0.0,0.0,0.0,0.0,1.7139022691445918e-10,7.699767654451976e-10,3.055907898721717,12.18913316941955,82.69046385080608,0.0026185409089988596,0.0020255593492075788,0.00012729940319577182,0.006062338435868926,NaN,NaN,NaN,NaN,NaN,NaN
2025-06-11T20:39:04Z,39.98194546916086,-75.15297909145981,26.8110634200366,-4.464367360391792,-57.18433400418151,-0.31079539685576124,1.0801431442582312,0.04818489678799002,-1.5939419575839546,0.0,0.0,0.0,0.0,0.0,0.0,1.8119192686936174e-10,8.61083564348679e-10,2.9307799455015746,11.794413015549075,91.31959277398082,0.0024862623777017158,0.0020834586106737705,0.0001004954271190971,0.0060720101642210665,NaN,NaN,NaN,NaN,NaN,NaN
2025-06-11T20:39:05Z,39.981904825177196,-75.15366064494057,26.53715693710924,-3.733754505024844,-59.252329953111314,-0.42600990102159164,0.9903879929203658,0.29202150225041573,-1.9929047051409752,0.0,0.0,0.0,0.0,0.0,0.0,1.8892951848035576e-10,9.484047226289143e-10,2.8553891930419817,11.141418065047542,96.56882825817335,0.0015106573487275604,0.002092716117618129,0.0000660477954012316,0.006032936820174344,NaN,NaN,NaN,NaN,NaN,NaN
2025-06-11T20:39:06Z,39.981874456950536,-75.15434839649615,26.42978222539666,-1.680722634341429,-58.24280902602638,-0.3796231109344458,1.0417296334598587,0.1870067884792208,-2.26918245433663,0.0,0.0,0.0,0.0,0.0,0.0,1.987315331636956e-10,1.056760198527665e-9,2.8874176857866707,10.652250366948246,102.47592816780445,0.0006606962391818992,0.0020991220689735588,0.00007599214112210692,0.005983639052871447,NaN,NaN,NaN,NaN,NaN,NaN
2025-06-11T20:39:07Z,39.98185911956932,-75.15501071713871,26.558479049621337,-0.6076849423187777,-57.25780004155883,0.18242452229605835,1.1231229210639233,-0.20215260108886277,-1.9140547257459033,0.0,0.0,0.0,0.0,0.0,0.0,2.1134744263503672e-10,1.1798854427257887e-9,2.9258227558603704,10.990853523018671,110.9910927190992,0.003244160227090659,0.00221283514718095,0.0001376073513065743,0.0059601769589517775,NaN,NaN,NaN,NaN,NaN,NaN
2025-06-11T20:39:08Z,39.981849901017,-75.15566012918252,26.770159285403423,-1.2728215899579078,-56.21980956063063,-0.2614019040355088,1.1310363015877358,-0.27650682045570946,-1.5051327222020796,0.0,0.0,0.0,0.0,0.0,0.0,2.2622271838669905e-10,1.3373261525788652e-9,2.810726551362384,10.917389494665622,118.56759242242855,0.0006197753258852295,0.0019620441046802953,0.00022526660448508014,0.005844638613951804,NaN,NaN,NaN,NaN,NaN,NaN
2025-06-11T20:39:09Z,39.98184417024976,-75.15628799952256,26.682855023532316,-0.7327019155816247,-55.31131918047239,-0.2054434362191064,1.105720512296143,-0.24356859221722968,-1.1233325106934764,0.0,0.0,0.0,0.0,0.0,0.0,2.4512450372241415e-10,1.5268140754848433e-9,2.790603721715191,10.809408241436675,129.44251494861567,0.002438103641212906,0.0020438876875064796,0.0003059298956991694,0.0057502919179479575,NaN,NaN,NaN,NaN,NaN,NaN
2025-06-11T20:39:10Z,39.98183559619449,-75.15696155482969,26.81598481289944,-0.9175289102592008,-55.238475717275094,-0.2677743063902764,1.1399201843382671,-0.05134289910957945,-1.1443516701040906,0.0,0.0,0.0,0.0,0.0,0.0,2.648711365680439e-10,1.6832335519724005e-9,2.7876134032088182,11.307566959584927,137.4589628894746,0.010982762765740516,0.0018875690752216947,0.00041707149069686317,0.0055361522596364746,NaN,NaN,NaN,NaN,NaN,NaN
2025-06-11T20:39:11Z,39.981838608716345,-75.15765483637918,26.726283168046127,-1.5197983107056128,-57.03725503427763,-0.05927789769130383,1.1617080885767392,0.04919632200218989,-1.2776008809875452,0.0,0.0,0.0,0.0,0.0,0.0,2.8561945083616185e-10,1.9125272415271275e-9,2.6948642673051464,12.183568435286578,142.85936630579022,0.004573171396862864,0.001134164208467933,0.0004674708123721305,0.005543571074240125,NaN,NaN,NaN,NaN,NaN,NaN
2025-06-11T20:39:12Z,39.98183664202922,-75.15839604766315,26.617899744146705,-2.2059919840039752,-58.23022153126123,-0.3950410545087644,1.1495941446089408,0.0007346681583379871,-1.2747203848703985,0.0,0.0,0.0,0.0,0.0,0.0,3.040477932592993e-10,2.1098045805613914e-9,2.805629026003011,12.6403769627188,148.39942817859554,0.0029384533735883423,0.001122811698178406,0.0004565381394206422,0.0056336723995008015,NaN,NaN,NaN,NaN,NaN,NaN
2025-06-11T20:39:13Z,39.98184417737576,-75.15910680395922,26.601791772070513,-2.07528783808141,-58.268255135809696,-0.11151564764377705,1.1240577182087386,-0.10572777044881004,-1.1452674786930215,0.0,0.0,0.0,0.0,0.0,0.0,3.2182193732907417e-10,2.281316837375903e-9,2.7370095206660032,12.669350475834236,152.192233566361,0.0043979898272006185,0.0011393513083663737,0.0003304615701523881,0.005654367512248892,NaN,NaN,NaN,NaN,NaN,NaN
2025-06-11T20:39:14Z,39.98183426322201,-75.15980418311699,26.67578274358776,-2.7191899613888557,-58.792730073006496,-0.10549664597594269,1.1179030864472408,-0.018885014259198026,-0.9082723745395388,0.0,0.0,0.0,0.0,0.0,0.0,3.4496699857184607e-10,2.4684338978431033e-9,2.72684387928637,12.819920804810257,157.27013523121033,0.003263582434903987,0.0010960796111702871,0.00016203809703839773,0.005867743712326691,NaN,NaN,NaN,NaN,NaN,NaN
2025-06-11T20:39:15Z,39.98180872313809,-75.16044537300839,26.774419886987307,-2.8248465767004722,-59.42862807065721,-0.05799735487358313,1.1758301782213938,0.0020634901171717717,-0.8572517073428608,0.0,0.0,0.0,0.0,0.0,0.0,3.6436306605805967e-10,2.6637872544125204e-9,2.7179674931605007,12.557453515221942,161.9157455447611,0.0023604512046379988,0.0011056347672578517,0.00008036495111941942,0.0059232677911527825,NaN,NaN,NaN,NaN,NaN,NaN
2025-06-11T20:39:16Z,39.98180257683061,-75.16114716937125,26.56011592086974,-1.7810406750662888,-60.19848744347798,-0.1238134165123236,1.149752963101453,0.15456451524695353,-1.0243729228834715,0.0,0.0,0.0,0.0,0.0,0.0,3.881468252601118e-10,2.904774727191229e-9,2.760390762336814,12.642082445758042,166.01071004979562,0.00146533036590359,0.0011003399493598894,0.00007604549932808927,0.005983131125591431,NaN,NaN,NaN,NaN,NaN,NaN
2025-06-11T20:39:17Z,39.981806382643306,-75.16187430523527,26.61375482482602,-1.7250573973562986,-60.85717568855627,-0.1649522336139831,1.144433887374787,0.08571799355633751,-1.3347499759922432,0.0,0.0,0.0,0.0,0.0,0.0,4.0870974935256294e-10,3.1868384446356945e-9,2.7964726064980674,12.922306040376103,172.52496523418057,0.0037531390469676775,0.0010972721078311763,0.00011013503289997266,0.006054764616237698,NaN,NaN,NaN,NaN,NaN,NaN
2025-06-11T20:39:18Z,39.9817836360319,-75.16259391281072,26.315518499766636,-2.1741106669315964,-61.81472177447007,-0.21716391777640132,1.1294394373449326,0.056692113056116024,-1.2768219411137556,0.0,0.0,0.0,0.0,0.0,0.0,4.328238277773543e-10,3.4767671561389748e-9,2.9633362094033466,13.553483734219745,174.88559620564135,0.007140530107883258,0.0008425145363260188,0.0001723708339857675,0.006332775617902211,NaN,NaN,NaN,NaN,NaN,NaN
2025-06-11T20:39:19Z,39.98177812527883,-75.16331406858413,26.36562864252103,-2.6301278078679085,-61.31382967916748,-0.258049049274543,1.1210774246841795,-0.09594863388697815,-1.2210376585046838,0.0,0.0,0.0,0.0,0.0,0.0,4.687655752432945e-10,3.7812711981581646e-9,2.8000854637792605,14.589437490222794,173.45650273552297,0.004537537495653017,0.0004689438540531931,0.00025766780020001286,0.006762878906808301,NaN,NaN,NaN,NaN,NaN,NaN
2025-06-11T20:39:20Z,39.98175945761308,-75.16398292169136,26.44865039126508,-2.88563866503408,-60.697419568085635,-0.16876337564664914,1.1161244110881843,0.008229779609116503,-1.184932819212271,0.0,0.0,0.0,0.0,0.0,0.0,4.858852570041375e-10,4.088068771399292e-9,2.8797142101706585,14.811268146230931,173.56316676602395,0.0017289087513037052,0.00031385009050599236,0.0003587381012174134,0.006854705985351397,NaN,NaN,NaN,NaN,NaN,NaN
2025-06-11T20:39:21Z,39.98174332229262,-75.16463128006964,26.45045227647678,-3.0028501098290548,-60.68706771431721,-0.161749585797523,1.111800101381309,-0.010329642925604083,-1.1990064275942582,0.0,0.0,0.0,0.0,0.0,0.0,5.037195991642545e-10,4.3709318498617745e-9,2.9513635009865165,15.35236502880123,173.35845269424857,0.0014274340370445462,0.000336718731992102,0.00041261248694910785,0.006702032011478575,NaN,NaN,NaN,NaN,NaN,NaN
2025-06-11T20:39:22Z,39.981727568688044,-75.16529673511845,26.641184904440713,-3.2686359019295614,-60.111178580231105,-0.21304446732399795,1.0948326862190085,-0.07164702529806691,-1.274914495206446,0.0,0.0,0.0,0.0,0.0,0.0,5.181187350555155e-10,4.5717622692294626e-9,2.8790617542405554,15.955728395982423,170.76880877840046,0.0013345458075225691,0.0004003095851026947,0.0004470554187799296,0.006798521600990835,NaN,NaN,NaN,NaN,NaN,NaN
2025-06-11T20:39:23Z,39.981726914127734,-75.16607510593857,26.738494261215653,-3.435409502622495,-60.30222190035732,-0.15644348469263583,1.089110855107381,-0.04566566623959641,-1.1748357028292964,0.0,0.0,0.0,0.0,0.0,0.0,5.440552991614136e-10,4.928377491672037e-9,2.7642258913594135,16.84000857885128,174.70330780501388,0.0015837810662072546,0.00046024114729513086,0.000434014336491972,0.00694576738446713,NaN,NaN,NaN,NaN,NaN,NaN
2025-06-11T20:39:24Z,39.98169189136697,-75.16679905302016,26.856689240265098,-3.63733981080764,-60.41508460444987,-0.15964413584924628,1.0615153301070779,0.006698941794463672,-1.2950220267376578,0.0,0.0,0.0,0.0,0.0,0.0,5.604562070749871e-10,5.3772439127228906e-9,2.823657824939601,17.160436533822235,181.64834294100223,0.0018585421350064085,0.000534908813875074,0.000365333359665496,0.006970708823793567,NaN,NaN,NaN,NaN,NaN,NaN
2025-06-11T20:39:25Z,39.981670796152365,-75.16754109888728,26.65724269865083,-3.491571189016439,-60.630393815353735,-0.10143909258580484,1.059962685158406,-0.009090428813210072,-1.29492875989059,0.0,0.0,0.0,0.0,0.0,0.0,5.838337230763644e-10,5.747982007736623e-9,2.8064645527060694,17.447898699792592,185.6815984386102,0.001263687117185007,0.0006488485074567896,0.0002895503776038595,0.006907251515384557,NaN,NaN,NaN,NaN,NaN,NaN
2025-06-11T20:39:26Z,39.98163660725041,-75.16824272273699,26.528037358120876,-3.621013999594326,-60.75452866327861,-0.0851500765786089,1.0454650085908175,0.0005034628387051926,-1.380939461264077,0.0,0.0,0.0,0.0,0.0,0.0,6.200137350224125e-10,6.169087706809536e-9,2.6221274043501652,18.201130256127133,189.8867823678913,0.001091919644369868,0.000753537202342648,0.0002517924697757758,0.006881529019397952,NaN,NaN,NaN,NaN,NaN,NaN
2025-06-11T20:39:27Z,39.98216776559234,-75.16351319770737,24.51856528200885,-3.0108792449357744,-42.34078998128852,-0.13548431413224782,1.034395115864155,-0.12467199382361198,-1.2306289449413501,0.0,0.0,0.0,0.0,0.0,0.0,6.521107368408644e-11,1.0679506925378867e-10,2.046446479708299,7.187754361370641,13.10806087131548,0.0009934679155772022,0.0006987993885396198,0.00021662671402547398,0.003869064808881779,NaN,NaN,NaN,NaN,NaN,NaN
2025-06-11T20:39:28Z,39.9821772598868,-75.16402972795598,25.057065064002575,-3.480701481701297,-42.35115520874133,-0.11360430941741306,1.0339126693468363,-0.03339028890825948,-1.325977931346447,0.0,0.0,0.0,0.0,0.0,0.0,7.142634952888955e-11,1.0452014612413622e-10,2.4217910684299344,8.434602452805043,15.620560100614595,0.002443176179767004,0.0008936045557168855,0.00021440187543756724,0.0039512396979382945,NaN,NaN,NaN,NaN,NaN,NaN
2025-06-11T20:39:29Z,39.98215834058633,-75.16454327689594,25.38961519884941,-4.4292890874936495,-42.54951985456124,-0.023356263995007214,1.029414070475706,-0.05113642240504476,-1.3962030367757683,0.0,0.0,0.0,0.0,0.0,0.0,7.997458738055301e-11,1.1606042389848888e-10,2.4223965767488718,8.837328821211777,18.794217652581814,0.002497610337048884,0.000999039384746321,0.00014025005732026273,0.003940683667547885,NaN,NaN,NaN,NaN,NaN,NaN
2025-06-11T20:39:30Z,39.98213336997044,-75.16506097268417,25.600638851295997,-4.025207525823587,-42.3778216515664,-0.12062768032310163,1.0295677148860032,-0.03543059622623355,-1.3740062383483684,0.0,0.0,0.0,0.0,0.0,0.0,8.781088465878273e-11,1.3293166551757076e-10,2.7087230476816195,8.747877817929076,22.180963552170535,0.001649698943861295,0.0011149972537049782,0.0000700299062345627,0.004094193594240888,NaN,NaN,NaN,NaN,NaN,NaN
2025-06-11T20:39:31Z,39.9821055517174,-75.16557134572597,25.880605775893443,-3.549921684114286,-42.52789194055196,-0.12003153154403459,1.0233342638924998,-0.06277178900647828,-1.3635036416393245,0.0,0.0,0.0,0.0,0.0,0.0,9.60614689230054e-11,1.5220820061251732e-10,2.7466535117586512,8.861823490283566,25.99514101853317,0.0008841943360178106,0.0012516416772212233,0.0000713632349933219,0.004188139160143827,NaN,NaN,NaN,NaN,NaN,NaN
2025-06-11T20:39:32Z,39.98208223732375,-75.16608672373,25.96186079313596,-3.076555101500928,-42.549918810901424,-0.13716652594308784,1.0186784770961708,-0.044150550745857706,-1.382362052487114,0.0,0.0,0.0,0.0,0.0,0.0,1.0574225746161046e-10,1.7400766166951183e-10,2.737631275031518,8.953120177074991,29.38894693882504,0.0009500546632806858,0.0013581418406553392,0.00010628087809703486,0.004236705307643907,NaN,NaN,NaN,NaN,NaN,NaN
2025-06-11T20:39:33Z,39.9820558301377,-75.16658473173149,26.008593309497304,-2.722767065190089,-42.47934001419686,-0.15404239978713866,1.0175542008588474,-0.044441562297978555,-1.3857857980015045,0.0,0.0,0.0,0.0,0.0,0.0,1.136325052348165e-10,1.9937245748409796e-10,2.7684554186844506,9.143765823768964,32.89994785433895,0.0009579980331464576,0.0014725780074474747,0.00018424009174268936,0.0042475256757780406,NaN,NaN,NaN,NaN,NaN,NaN
2025-06-11T20:39:34Z,39.9820267844244,-75.16707790061858,25.986633736275717,-2.5168895915668723,-42.510210312915675,-0.16301412574931848,1.0201103690156434,-0.045480933215598845,-1.3896405186625327,0.0,0.0,0.0,0.0,0.0,0.0,1.2486016866260583e-10,2.2974053276339314e-10,2.8719472849824035,9.60835346863991,36.33730819131527,0.0007897418630268624,0.0014993064364218621,0.0002789649498903173,0.0043614565455209545,NaN,NaN,NaN,NaN,NaN,NaN
2025-06-11T20:39:35Z,39.98199858417626,-75.16756851091684,25.929306379481876,-2.504110714085684,-42.4552529874562,-0.16906379302411084,1.0242846728607966,-0.04790721784513484,-1.390880345563959,0.0,0.0,0.0,0.0,0.0,0.0,1.3772318090708007e-10,2.6266540913365327e-10,2.7345629765814596,10.562034293731315,40.13419476761374,0.0007793622728825434,0.001529293642577617,0.00038492847681144096,0.004495962531386356,NaN,NaN,NaN,NaN,NaN,NaN
2025-06-11T20:39:36Z,39.981973591696416,-75.16805667055452,25.898530068204508,-2.616709753201009,-42.40768478029757,-0.17540774085383548,1.03129276519347,-0.04017897934624827,-1.397616400081152,0.0,0.0,0.0,0.0,0.0,0.0,1.4913159094982488e-10,2.978214981796549e-10,2.7312891356440705,11.3375843684751,44.168193839962626,0.0008499846647754197,0.0016012014034336923,0.00046092638813093555,0.004480090666990482,NaN,NaN,NaN,NaN,NaN,NaN
2025-06-11T20:39:37Z,39.98194110024887,-75.16853419261105,25.847726638926638,-2.795388338760228,-42.38154776252917,-0.1921828944680209,1.038545916361683,-0.036134735606688645,-1.4020968961641571,0.0,0.0,0.0,0.0,0.0,0.0,1.6001256677744105e-10,3.394881294726298e-10,2.648295701018716,12.408165240218427,48.889572851684214,0.0008219483279158273,0.0017143020454630023,0.0005547355721604971,0.004535141745126188,NaN,NaN,NaN,NaN,NaN,NaN
2025-06-11T20:39:38Z,39.98190641218572,-75.16901048291648,25.795169563576383,-2.915261603950868,-42.35661496328226,-0.1982852350745003,1.044171131567317,-0.02720771714029977,-1.3955218758004335,0.0,0.0,0.0,0.0,0.0,0.0,1.7012959777181302e-10,3.8571713094949945e-10,2.61695636471626,13.637520030244811,53.905197027260755,0.0008458389613370573,0.0017795326292000455,0.0006211328614023338,0.004490488096461946,NaN,NaN,NaN,NaN,NaN,NaN
2025-06-11T20:39:39Z,39.981882414622966,-75.16950816946975,25.90800806442491,-2.120204381898355,-41.79094740633857,-0.1987557657222358,1.0519279692298689,-0.11703344272949052,-1.19929677648346,0.0,0.0,0.0,0.0,0.0,0.0,1.8416472521373504e-10,4.3607728446295026e-10,2.9270468742222646,15.55953243402415,58.54079673459664,0.0022143704339971588,0.0018666767004948757,0.000744363181837472,0.00451787489395393,NaN,NaN,NaN,NaN,NaN,NaN
2025-06-11T20:39:40Z,39.98186499680486,-75.17001836171394,26.004421043736755,-1.7710310091197043,-41.14121343629687,-0.20227935433490693,1.079200869722264,-0.09994378293890609,-1.3896084823656554,0.0,0.0,0.0,0.0,0.0,0.0,1.9879427312205383e-10,4.849579938724333e-10,3.0895711985831507,16.944349315123652,61.722405494068106,0.006441737188362335,0.0018390739683605507,0.000651117080766693,0.00472061516656275,NaN,NaN,NaN,NaN,NaN,NaN
2025-06-11T20:39:41Z,39.98185269414093,-75.1705311556244,26.23377747035988,-1.5501794941386713,-41.78844250658864,-0.1446928629099729,1.1348369075574174,-0.03731142898729896,-1.352553583382208,0.0,0.0,0.0,0.0,0.0,0.0,2.1735588149022748e-10,5.419863445412137e-10,2.9207153336206138,18.45993251981062,63.523993723711634,0.004811632685346099,0.0015497872465611488,0.0005828890510104678,0.004877654575005858,NaN,NaN,NaN,NaN,NaN,NaN
2025-06-11T20:39:42Z,39.98184597697545,-75.17104166338893,26.577142947311476,-1.6063970844145312,-42.0753487343903,0.06925756229666022,1.1759953618573094,-0.03362733527279789,-1.349489835104768,0.0,0.0,0.0,0.0,0.0,0.0,2.337060161146807e-10,6.015512551156747e-10,2.9168004677703636,19.723889886398148,67.04482749648427,0.0026145522994330383,0.001521532460707196,0.0005409109733785695,0.005018498561580152,NaN,NaN,NaN,NaN,NaN,NaN
2025-06-11T20:39:43Z,39.98183190916658,-75.1715296745955,26.443814238999995,-1.299183625848187,-42.00975971816321,-0.13158002845632313,1.1517186017850383,-0.06698847847716236,-1.3466140468010137,0.0,0.0,0.0,0.0,0.0,0.0,2.53698012420296e-10,6.773026956177196e-10,2.9798787791182613,20.666405520376077,72.53909408378632,0.0014864883822398249,0.0016377952233000924,0.0005027444134476859,0.005099639982004148,NaN,NaN,NaN,NaN,NaN,NaN
2025-06-11T20:39:44Z,39.98179955667287,-75.17199175496665,26.4022449311768,-1.9640772648134952,-41.67543379001003,-0.11796296855463828,1.1637803410016616,-0.06569021269766483,-1.2687200312087932,0.0,0.0,0.0,0.0,0.0,0.0,2.7520106733084367e-10,7.59881641081829e-10,3.037780336360828,21.640510610845205,78.18803534740796,0.0011918652149181415,0.00169868154052543,0.0004911471764461055,0.00515354761048286,NaN,NaN,NaN,NaN,NaN,NaN
2025-06-11T20:39:45Z,39.98175931865562,-75.17245741445572,26.207274624647823,-2.5210642820212774,-41.70786935955702,-0.11216417504091487,1.167468770772141,0.0050401010331211325,-1.333633805222285,0.0,0.0,0.0,0.0,0.0,0.0,2.9855273299354314e-10,8.345578486523992e-10,2.889200570850276,23.633264265039866,82.88527903761403,0.0015629443191270246,0.0017638094644026523,0.0005564733446117283,0.005272755221285392,NaN,NaN,NaN,NaN,NaN,NaN
2025-06-11T20:39:46Z,39.981728519798494,-75.17293028261793,26.110019890907424,-3.104095950451927,-41.91088334129568,-0.17997120904496142,1.1725550059617174,-0.048450077834120774,-1.31617494266535,0.0,0.0,0.0,0.0,0.0,0.0,3.270547721717235e-10,9.42852680894509e-10,2.872045323104674,26.174057507826387,90.50158795413064,0.0007717996984189525,0.00184712066828734,0.000624710338091854,0.005273663879816298,NaN,NaN,NaN,NaN,NaN,NaN
2025-06-11T20:39:47Z,39.981695294132884,-75.17342450862503,25.920774099981866,-3.741785767185799,-41.95901226474881,-0.15405937779089685,1.1576841879562068,-0.02131689206216495,-1.3332979751110747,0.0,0.0,0.0,0.0,0.0,0.0,3.559585380782973e-10,1.0500707168170936e-9,2.9978742159247656,29.03852294342865,97.29114472315896,0.0019358710010739864,0.001971178991806042,0.0007285769458838539,0.005527418044102871,NaN,NaN,NaN,NaN,NaN,NaN
2025-06-11T20:39:48Z,39.98165606880166,-75.17390568944305,25.741464839749888,-3.8459267531567205,-42.510744886273706,-0.2831730261147354,1.144898486280577,0.03691572471320494,-1.3565258053630247,0.0,0.0,0.0,0.0,0.0,0.0,3.8768300023201643e-10,1.163920404032246e-9,2.751631649482121,30.28446051682543,103.83560065431296,0.001389749003748724,0.0021353369775988906,0.0006021384692424596,0.005790697919515811,NaN,NaN,NaN,NaN,NaN,NaN
2025-06-11T20:39:49Z,39.98161709326341,-75.17440635207129,25.55035754043186,-3.6140156459183714,-42.62631102803974,-0.30975873561954226,1.119833848878155,-0.017363717778224205,-1.342400807479866,0.0,0.0,0.0,0.0,0.0,0.0,4.2371203345178657e-10,1.3023149526762518e-9,2.7056969197227283,31.63916668737919,113.95456234480143,0.0015714429038439454,0.0023689424467936734,0.0005206356554310385,0.006191400670194175,NaN,NaN,NaN,NaN,NaN,NaN
2025-06-11T20:39:50Z,39.981591565575414,-75.17490011896025,25.312379881314975,-2.9471744547860887,-42.16363767597811,-0.20491413946495082,1.0884655094438866,-0.02005864394247984,-1.3078593789798392,0.0,0.0,0.0,0.0,0.0,0.0,4.6020714626754226e-10,1.4603558555457034e-9,2.6387795686752384,33.781088716421124,124.60619863182515,0.0012110976305965508,0.0024656270224710226,0.0005074138516538786,0.006287164520267802,NaN,NaN,NaN,NaN,NaN,NaN
2025-06-11T20:39:51Z,39.9815755204426,-75.17538067922568,25.272344351594636,-2.711711546892396,-41.66456910501504,-0.31731414205855424,1.070750671585514,-0.0469758504219562,-1.3282063640553918,0.0,0.0,0.0,0.0,0.0,0.0,5.058822818980509e-10,1.6239088318235703e-9,2.8924667636011168,35.998715139347844,134.46692895425537,0.0012038049556841062,0.002590558798963257,0.0004949827574328595,0.006436174503908593,NaN,NaN,NaN,NaN,NaN,NaN
2025-06-11T20:39:52Z,39.981562675935216,-75.17584528946317,25.002672268894838,-1.5863205187597618,-41.62197239260218,-0.2854901217937623,1.051605695214257,0.012602289519937825,-1.3141635288061833,0.0,0.0,0.0,0.0,0.0,0.0,5.542044639063357e-10,1.8296589940050467e-9,2.703643451631968,38.17196369183018,146.13836114296103,0.0008091903639389575,0.002705709212263952,0.00047325037257731843,0.006427859026226512,NaN,NaN,NaN,NaN,NaN,NaN
2025-06-11T20:39:53Z,39.98154184073916,-75.176300661198,25.10549343162473,-0.655231924593493,-41.39221886761816,-0.3520330171764769,1.0396514011887557,-0.017387234810370376,-1.3125260411279804,0.0,0.0,0.0,0.0,0.0,0.0,5.936940949233317e-10,2.07082001699795e-9,2.8525231604295422,39.92331331042974,161.23512422543624,0.0004720610172810965,0.0028579568416792723,0.0004973333916961376,0.006472324714972259,NaN,NaN,NaN,NaN,NaN,NaN
2025-06-11T20:39:54Z,39.98152008880451,-75.17672307149226,24.597757248933295,-0.614469403960127,-40.8082991265539,-0.3891214489256612,1.0469756358008742,-0.048574377574575826,-1.3212733357033477,0.0,0.0,0.0,0.0,0.0,0.0,6.327921162530418e-10,2.249483404800246e-9,2.892992258818899,41.771766017282985,170.199307607086,0.0003745637741548658,0.0029198330480887237,0.0005911719415548803,0.006342936335501672,NaN,NaN,NaN,NaN,NaN,NaN
2025-06-11T20:39:55Z,39.98149478171847,-75.17714815498029,24.471979440498185,-0.5682291882472198,-40.37635240874649,-0.2218268927698915,1.047142073744984,-0.052788839058390616,-1.316698940706052,0.0,0.0,0.0,0.0,0.0,0.0,6.828166678229804e-10,2.451895666777318e-9,3.0134170928130852,44.49753502348247,178.934909738801,0.00028833359529839016,0.0029202723851352343,0.0006657299028703269,0.006216393106014769,NaN,NaN,NaN,NaN,NaN,NaN
2025-06-11T20:39:56Z,39.98148383309277,-75.17762708487896,24.236191250612997,-0.7531143367005398,-40.221130671273535,-0.0921194524971563,1.0676136346352467,-0.024841799296210648,-1.312727874555236,0.0,0.0,0.0,0.0,0.0,0.0,7.324963399698488e-10,2.6843879217675095e-9,2.8336839538845067,46.09093595397874,189.14817828322768,0.00023488758324578912,0.0030292773487196074,0.0007330201832768706,0.006132211263006506,NaN,NaN,NaN,NaN,NaN,NaN
2025-06-11T20:39:57Z,39.98146156996101,-75.1781028910993,24.38642228982004,-0.9844387154740872,-40.32863792290409,-0.05901820769504551,1.0788063376779031,-0.03118855348042572,-1.3996595808896886,0.0,0.0,0.0,0.0,0.0,0.0,7.903132460502435e-10,2.9860744937842096e-9,2.767272868679512,49.17647393100252,202.6632547363519,0.00021104269756633558,0.003085825924971644,0.0008681173952609274,0.005892657811528465,NaN,NaN,NaN,NaN,NaN,NaN
2025-06-11T20:39:58Z,39.981438519623204,-75.17855874382458,24.585809391950907,-1.586072945093741,-39.87012760756583,-0.07239154826713276,1.0930451115590945,-0.16621234578760052,-1.2333689074060779,0.0,0.0,0.0,0.0,0.0,0.0,8.426918773727878e-10,3.265830048306231e-9,2.803695361460898,52.05391327518934,216.6504361899183,0.0003664998611508637,0.0031653094578318404,0.0009495871893800149,0.0056602984700224925,NaN,NaN,NaN,NaN,NaN,NaN
2025-06-11T20:39:59Z,39.981429653022154,-75.17904889349188,24.88715748470454,-1.8376981834273927,-39.878097970116734,0.15224222452528638,1.1178956458994438,0.06237786158302548,-1.2407445638050394,0.0,0.0,0.0,0.0,0.0,0.0,9.048261629055368e-10,3.6126458393590785e-9,2.8612666928403363,55.14005945110082,233.16516802209068,0.0064608727502159765,0.0032684424663541245,0.0009864803215554798,0.00569478883620444,NaN,NaN,NaN,NaN,NaN,NaN
2025-06-11T20:40:00Z,39.98140728105043,-75.1795158412016,25.236659430662115,-2.5006009452827422,-40.17694212728444,0.08280922102219695,1.1134396303967797,-0.03045437233050387,-1.3426429095565267,0.0,0.0,0.0,0.0,0.0,0.0,9.775781095336748e-10,4.009749228187964e-9,2.78618562178151,57.061696826177034,246.30896942046243,0.0013584531161519068,0.002849188834049533,0.0008592210696693648,0.005833515788690531,NaN,NaN,NaN,NaN,NaN,NaN
2025-06-11T20:40:01Z,39.981356670773685,-75.17996202289447,25.254183665832134,-3.4866901914874737,-40.023697139215294,0.04801982495403434,1.1279760169580983,-0.06328737923658545,-1.3017499458414201,0.0,0.0,0.0,0.0,0.0,0.0,1.0455953985805187e-9,4.36374821150539e-9,2.86558009619336,58.98617182083079,259.4646184311171,0.0026326019474768357,0.0029849314758621077,0.0008096807106290318,0.005803284100980739,NaN,NaN,NaN,NaN,NaN,NaN
2025-06-11T20:40:02Z,39.98131351121946,-75.1804345538451,25.171733297338733,-4.302099148824033,-40.10932052997102,-0.06556674897962411,1.1313073603298045,-0.03976504190019795,-1.3245819353376134,0.0,0.0,0.0,0.0,0.0,0.0,1.1115335145221973e-9,4.769123839741444e-9,2.7978160113789943,60.1700052452187,274.01954649769,0.004020527901160066,0.0030299900150384516,0.0006593943376387129,0.005923255278036489,NaN,NaN,NaN,NaN,NaN,NaN
2025-06-11T20:40:03Z,39.98123114218459,-75.18087822039712,25.08762495020598,-4.924166540911444,-40.09803402786424,-0.13450011272373968,1.124825938002353,-0.05927087258931174,-1.2997872793453287,0.0,0.0,0.0,0.0,0.0,0.0,1.2091574927148576e-9,5.240391494197358e-9,2.766631723018686,60.43613009994637,291.24446582716155,0.0039055188035463056,0.003130596486776288,0.0004431933337452534,0.005920824468084423,NaN,NaN,NaN,NaN,NaN,NaN
2025-06-11T20:40:04Z,39.981158371422026,-75.18131113029742,25.159128467042084,-5.007621271825574,-39.781117938250055,-0.07131244140914048,1.1186437273097771,-0.013472359165402197,-1.300160736506522,0.0,0.0,0.0,0.0,0.0,0.0,1.2932975214745522e-9,5.814669655173592e-9,2.828209237155667,59.40987668800394,311.3009210919238,0.004056762571580571,0.0032575242665380012,0.0002715723099623883,0.005968863261177467,NaN,NaN,NaN,NaN,NaN,NaN
2025-06-11T20:40:05Z,39.98111137858068,-75.18187267027743,25.77875324680689,-4.975628782560058,-40.61109666098484,0.10679954430344413,1.1190473022095109,-0.01547597076634341,-1.3068246746085919,0.0,0.0,0.0,0.0,0.0,0.0,1.3838245259002236e-9,6.3252738007419405e-9,2.8925337049063873,57.97327296164632,331.0156857136773,0.0022613832257680367,0.0033147957039684067,0.0001733023598626398,0.005952362247868436,NaN,NaN,NaN,NaN,NaN,NaN
2025-06-11T20:40:06Z,39.98106186618671,-75.18239904867231,26.115048213206663,-5.529393749936311,-40.99772269425504,-0.014462919847587971,1.1173369771860782,-0.04033514542229522,-1.2839373918732522,0.0,0.0,0.0,0.0,0.0,0.0,1.4727697728461114e-9,6.851951429961544e-9,2.868369220587899,57.73114869862941,349.3863697381357,0.0018527595797578577,0.0034246075371651094,0.00014695377145279283,0.00588182893932462,NaN,NaN,NaN,NaN,NaN,NaN
2025-06-11T20:40:07Z,39.98099267967082,-75.1828690295934,26.04871018594289,-6.087384036975656,-41.23001079144818,-0.05333238411445377,1.1219989198085523,0.0010090959500066823,-1.3190391062677929,0.0,0.0,0.0,0.0,0.0,0.0,1.552375392143965e-9,7.396787416655537e-9,2.8278606188937836,56.79852170685419,365.20160819196246,0.0018181300615934925,0.003461494172285365,0.0001681502634083316,0.005749340757616441,NaN,NaN,NaN,NaN,NaN,NaN
2025-06-11T20:40:08Z,39.98092727534675,-75.18336371371899,26.25932200597867,-6.234285369275201,-42.032412077045066,-0.0514347580166902,1.1177659498391326,-0.008506238610426792,-1.313519062515486,0.0,0.0,0.0,0.0,0.0,0.0,1.631132851605933e-9,8.152056542801988e-9,2.842834890019834,56.64122906516937,389.5494394437248,0.003900172267459109,0.003546453530973269,0.0001819416150967798,0.005571634643362618,NaN,NaN,NaN,NaN,NaN,NaN
2025-06-11T20:40:09Z,39.9808651319588,-75.18384554885424,26.200685118175404,-6.522882425425656,-42.16129663548721,-0.037333904062357676,1.1180545742807457,-0.04142746641647596,-1.2857117515034102,0.0,0.0,0.0,0.0,0.0,0.0,1.695809657584795e-9,8.780004316963429e-9,2.784728286351317,55.59940931026521,401.7429560102129,0.003572566113993661,0.003275997940709238,0.00022649547611942858,0.0053912973548688225,NaN,NaN,NaN,NaN,NaN,NaN
2025-06-11T20:40:10Z,39.98082021701462,-75.18434053933439,26.093953220354358,-6.800057128352355,-42.072648393317536,-0.12632055550570587,1.1126420051415487,-0.06367174810495593,-1.2702475283325485,0.0,0.0,0.0,0.0,0.0,0.0,1.7553585518450483e-9,9.388262637269667e-9,2.8553368732512454,55.305331090957345,410.53804488206185,0.002267143778150747,0.0030581632863453216,0.00028293816455785383,0.005351314657740427,NaN,NaN,NaN,NaN,NaN,NaN
2025-06-11T20:40:11Z,39.9807510898334,-75.18479309814904,26.032795544840717,-7.1630935587824425,-41.80481886742511,-0.11640339250510323,1.116365126126384,-0.026135669346576865,-1.3971182141555167,0.0,0.0,0.0,0.0,0.0,0.0,1.8156358479879043e-9,1.0101678241713876e-8,2.675597790966654,54.80159319600432,418.5760587677694,0.001724711921887929,0.002903574590417454,0.00033310815304838986,0.005355643528968765,NaN,NaN,NaN,NaN,NaN,NaN
2025-06-11T20:40:12Z,39.98061162011657,-75.18518338246209,26.32761306748969,-7.613150091084205,-41.232820443171,0.04646710402020733,1.118017544694927,-0.10927334066871905,-1.2416701925305806,0.0,0.0,0.0,0.0,0.0,0.0,1.89715205228291e-9,1.0965307239927075e-8,2.7165672692353438,55.08514980675696,440.8326702433404,0.001636252300556896,0.0030228052777822112,0.0003347438483318488,0.005412560489434006,NaN,NaN,NaN,NaN,NaN,NaN
2025-06-11T20:40:13Z,39.9804775910174,-75.18562119540444,26.416788377224833,-8.519004555296274,-41.17277440645235,0.004687133651341685,1.134101589779313,-0.011477214444822416,-1.2985542287181833,0.0,0.0,0.0,0.0,0.0,0.0,1.975378926231097e-9,1.1786421174974366e-8,2.6553757636487734,55.20260434634013,457.0165967541512,0.0027119720508117493,0.0030159877407822705,0.00035372997623297245,0.005433959054402956,NaN,NaN,NaN,NaN,NaN,NaN
2025-06-11T20:40:14Z,39.980356639293774,-75.18604614802916,26.182461972584292,-9.265856096939224,-41.22875763641757,0.03138793035749337,1.1259286985053594,-0.08093477333213629,-1.2649659858629914,0.0,0.0,0.0,0.0,0.0,0.0,2.0622425912336914e-9,1.2766199420582731e-8,2.719743011737317,54.24765546129441,479.3346746580559,0.0018231501671680233,0.002997088931471548,0.0002598703502881108,0.005335310229851906,NaN,NaN,NaN,NaN,NaN,NaN
2025-06-11T20:40:15Z,39.98025331743521,-75.18638208772632,26.867394516573025,-9.994030544451174,-40.82479124572197,0.09947356893126003,1.131428894322441,-0.002634580971342287,-1.2689778086706662,0.0,0.0,0.0,0.0,0.0,0.0,2.130556472195641e-9,1.3873265801306826e-8,2.877316824384967,53.60726933288237,500.9336895767528,0.0023768497369392,0.003076386871776564,0.00022803186696223406,0.0054961061700071106,NaN,NaN,NaN,NaN,NaN,NaN
2025-06-11T20:40:16Z,39.98016348492074,-75.18692240572577,27.041143873162884,-10.92809186051132,-41.72131098359312,0.012983269779631487,1.1336207473236506,0.026576240185656894,-1.2963572334911382,0.0,0.0,0.0,0.0,0.0,0.0,2.229139130896239e-9,1.5024147959264515e-8,2.965119957236617,52.84734982562658,524.2631292686106,0.0018357469329515373,0.0032220429735902094,0.00017205749760980675,0.005643365016661895,NaN,NaN,NaN,NaN,NaN,NaN
2025-06-11T20:40:17Z,39.980020091465626,-75.18741310842577,26.989285124701535,-12.117766012138633,-41.99221516571456,-0.056529528656353224,1.1513401250989548,-0.0911488384961163,-1.3245638431116293,0.0,0.0,0.0,0.0,0.0,0.0,2.3479800769505535e-9,1.613056401145873e-8,2.817873312318571,53.31658241855471,541.2232786188345,0.00393962869153046,0.0032065587755029878,0.00015930742796947886,0.005872531130201112,NaN,NaN,NaN,NaN,NaN,NaN
2025-06-11T20:40:18Z,39.97988169524928,-75.18797836293642,26.324477653110584,-12.902621289662022,-41.79642406750803,0.08811792439708895,1.1484966290188108,-0.07396316826653217,-1.2830603138776602,0.0,0.0,0.0,0.0,0.0,0.0,2.487222353510201e-9,1.7377417012991644e-8,2.9933569298836358,54.758653769825905,556.4985708484546,0.0017557728657183953,0.003025486813015936,0.00023239848759946328,0.005977935075216239,NaN,NaN,NaN,NaN,NaN,NaN
2025-06-11T20:40:19Z,39.97976419898042,-75.18838290149316,26.637660765150137,-13.987038770450177,-41.33085437706272,0.05451359344345124,1.1508073015784797,-0.049851392140896886,-1.2963416503300713,0.0,0.0,0.0,0.0,0.0,0.0,2.593276244792898e-9,1.8525686524727162e-8,2.938815000105552,53.98840588188322,567.2926747613466,0.002050284494722189,0.0029754966612951916,0.0001998814885971667,0.006152799928311587,NaN,NaN,NaN,NaN,NaN,NaN
2025-06-11T20:40:20Z,39.979623450700245,-75.18874930378203,27.036230987690164,-15.10285816306651,-40.667509520920596,-0.1130927249163633,1.1381325807536289,-0.09676269318082818,-1.253114318881431,0.0,0.0,0.0,0.0,0.0,0.0,2.7230790163497593e-9,2.0129984732112484e-8,3.023085254242664,54.778096998975094,595.8690708728934,0.0016355322725933122,0.002979417914820823,0.00014383808683055411,0.005933109252548359,NaN,NaN,NaN,NaN,NaN,NaN
2025-06-11T20:40:21Z,39.979476284810666,-75.18915894878062,27.37016884945797,-15.216415271034771,-40.496779329116045,-0.23482390113275536,1.1546892897220802,-9.808250128125579e-6,-1.2499954033057579,0.0,0.0,0.0,0.0,0.0,0.0,2.847663892759215e-9,2.1571272023235936e-8,2.8547202748980216,55.98928868657711,624.9498821578683,0.0025690628335489243,0.0031036557007224665,0.0001074746078196268,0.005642347856927146,NaN,NaN,NaN,NaN,NaN,NaN
2025-06-11T20:40:22Z,39.979402104782146,-75.18972837071149,27.837748690159607,-15.210469814477689,-41.016151096119266,0.04143530157684494,1.1418719608491872,-0.012615232962142583,-1.3391248345694233,0.0,0.0,0.0,0.0,0.0,0.0,2.9707961403769283e-9,2.3050395034748297e-8,3.156454238859243,56.31840478090449,653.1649658529889,0.0010851716350935914,0.003115995324627472,0.00007730353833562001,0.005728924061272434,NaN,NaN,NaN,NaN,NaN,NaN
2025-06-11T20:40:23Z,39.979270695509804,-75.1901656141645,27.781750578459413,-15.898147387804348,-41.32346800155736,-0.0365912950519095,1.1282777431414013,-0.03243603812735961,-1.3343162877850612,0.0,0.0,0.0,0.0,0.0,0.0,3.061258789172859e-9,2.4571165491998944e-8,2.896045676665111,55.49539873508789,679.2671861424437,0.0013754940287663178,0.0032896544956703146,0.0000743626897699276,0.005953199058214324,NaN,NaN,NaN,NaN,NaN,NaN
2025-06-11T20:40:24Z,39.979143710660466,-75.19063642151757,27.94634177389028,-16.172902766491106,-41.34559062176978,-0.054643352207762806,1.1338182572954127,-0.03759381875350453,-1.2770685884729764,0.0,0.0,0.0,0.0,0.0,0.0,3.2121195439531308e-9,2.6147239960210594e-8,2.6871289590787635,56.448607253883395,700.2839438749161,0.001123154321777859,0.003237092175022976,0.00009672442156319113,0.006090223943854702,NaN,NaN,NaN,NaN,NaN,NaN
2025-06-11T20:40:25Z,39.97903646980801,-75.19127293202241,27.858368400778172,-16.641770971570757,-41.41239120582706,-0.14169183121359122,1.1201095170237159,-0.05751087503931848,-1.3079533451779055,0.0,0.0,0.0,0.0,0.0,0.0,3.3223184502403287e-9,2.769944951127212e-8,2.7409283127322914,56.80080113545124,718.7312228121283,0.0008948122425774565,0.0031611265284110265,0.00011776052687176956,0.006196475698235549,NaN,NaN,NaN,NaN,NaN,NaN
2025-06-11T20:40:26Z,39.978907479586695,-75.19187112566718,27.79724053435845,-17.227328601292818,-41.47063841120058,0.0009891218191798122,1.141515362905874,-0.07660223161737542,-1.2754403150634592,0.0,0.0,0.0,0.0,0.0,0.0,3.4026772974881214e-9,2.9195853931558357e-8,2.5143771432089594,56.189278437203455,742.7112453964658,0.0012545485341846033,0.0033230222814301467,0.00012979179495518377,0.0064036298553828835,NaN,NaN,NaN,NaN,NaN,NaN
2025-06-11T20:40:27Z,39.97494225081613,-75.17133125725942,26.78993587403125,-27.365758737476384,18.493172163235126,-0.29127932250359884,1.1054294587863345,-0.19216154157924958,-1.343159742750262,0.0,0.0,0.0,0.0,0.0,0.0,4.960873265260775e-10,2.196490736279595e-9,2.0860370334219356,5.515537471875554,17.0679008392693,0.0014181870265266782,0.001030162681935389,0.00006050726886459422,0.0008107754068813455,NaN,NaN,NaN,NaN,NaN,NaN
2025-06-11T20:40:28Z,39.974686892502525,-75.1711887823965,26.88425216197871,-26.996889276021623,19.607506819629265,-0.25216165540124724,1.1079482711504292,-0.09663982480559884,-1.370822294911338,0.0,0.0,0.0,0.0,0.0,0.0,3.7998907837850787e-10,1.9055691537627675e-9,2.4711597955141276,2.4542146175909756,9.322798517802582,0.004696052730749349,0.0009618075094228548,0.00006921633682138336,0.0006588405531344766,NaN,NaN,NaN,NaN,NaN,NaN
2025-06-11T20:40:29Z,39.974496210894465,-75.17110735108014,27.11926876984518,-26.572820860781857,19.696236457425027,-0.18112883215464834,1.1010223572985356,-0.09303278336069962,-1.4457702778428292,0.0,0.0,0.0,0.0,0.0,0.0,3.397571379392902e-10,1.740605438279028e-9,2.7894176884568322,1.9153492534326524,7.183776439271518,0.0033360107486883317,0.0006216955536517087,0.00010059870611685471,0.0011595561502938934,NaN,NaN,NaN,NaN,NaN,NaN
2025-06-11T20:40:30Z,39.97426882406023,-75.17091289389683,27.275267103886833,-26.537619351620595,19.496573378792515,-0.21425473774593248,1.0906790740167172,-0.059843983998564096,-1.4332278771837699,0.0,0.0,0.0,0.0,0.0,0.0,3.335059661950322e-10,1.6785872901860152e-9,3.065679980393906,2.1287514229687905,7.043105405053805,0.002518845366134128,0.0004906904084313372,0.00016309067049959615,0.0015468548560446057,NaN,NaN,NaN,NaN,NaN,NaN
2025-06-11T20:40:31Z,39.97404861263336,-75.17073510458309,27.65639781204079,-26.457202626265435,18.91082211629542,-0.20512987619854828,1.1019332506769746,0.0310714794852432,-1.631603231201058,0.0,0.0,0.0,0.0,0.0,0.0,3.3029489831964123e-10,1.6202032698273829e-9,2.9474645492534575,2.5143630568320727,7.3579949586710365,0.0019894968880968984,0.00045101964482468403,0.00023820432811932446,0.0017437805303241194,NaN,NaN,NaN,NaN,NaN,NaN
2025-06-11T20:40:32Z,39.97379746887797,-75.17050439531279,27.79908986446487,-27.323184257208226,18.48885874288199,-0.1233519597429691,1.1174677323383075,-0.08532227190995688,-1.4583993414121803,0.0,0.0,0.0,0.0,0.0,0.0,3.295392063754098e-10,1.5831642916403041e-9,2.893274886853425,2.9284038225568554,7.623305748256815,0.0016208891228564528,0.00046986712975865424,0.00031042196446972984,0.001786044122690392,NaN,NaN,NaN,NaN,NaN,NaN
2025-06-11T20:40:33Z,39.97354547795152,-75.17027324512041,27.864477334959293,-27.20480387936141,18.31263236819229,-0.12499078406771356,1.105895378421357,0.020792387212213385,-1.4740594429826905,0.0,0.0,0.0,0.0,0.0,0.0,3.3432443343676755e-10,1.5522304298282671e-9,2.928124632478475,3.4079912179001175,8.684500410098863,0.0014544290997360976,0.0005657405641555876,0.00029292281522614433,0.001861254683884842,NaN,NaN,NaN,NaN,NaN,NaN
2025-06-11T20:40:34Z,39.97330165447941,-75.17005470288015,28.00829985470239,-26.8194299051259,18.075886898361258,-0.23721036169489296,1.0965618498467469,-0.022698199686586682,-1.4643039446965773,0.0,0.0,0.0,0.0,0.0,0.0,3.450910329264921e-10,1.5334960701203972e-9,2.9579312631564196,3.9765812377526606,10.361748846442902,0.0010952425825573094,0.0006815202205448556,0.0003071993866795993,0.0018609741657290575,NaN,NaN,NaN,NaN,NaN,NaN
2025-06-11T20:40:35Z,39.97306177072585,-75.16983802126225,28.04951372173324,-26.600738162403644,17.866118963854536,-0.26715622549476287,1.0892381280085708,0.022674401065492705,-1.466573723330892,0.0,0.0,0.0,0.0,0.0,0.0,3.5619345066758144e-10,1.5125602824205594e-9,3.0077663465481432,4.557249170195081,12.36114920898863,0.0011926581048155387,0.0007790005354217719,0.00032663616003355997,0.0019485314843377534,NaN,NaN,NaN,NaN,NaN,NaN
2025-06-11T20:40:36Z,39.97282823523367,-75.16962733439065,28.182939267820082,-25.92951176954687,17.52673415240183,-0.13174126301698394,1.061329196767556,0.016907801409667356,-1.5300405514556479,0.0,0.0,0.0,0.0,0.0,0.0,3.7005079581777387e-10,1.4934816491720662e-9,2.983296643438376,5.081982240921572,14.929364414154945,0.00138627931038321,0.0008977341413360293,0.0003382419207172377,0.002005353544022038,NaN,NaN,NaN,NaN,NaN,NaN
2025-06-11T20:40:37Z,39.97258957267619,-75.16939668733879,28.51661077397708,-25.738447459788638,17.953586149353065,-0.09360424599945776,1.0824270402567695,-0.11526052508359365,-1.3210479144984515,0.0,0.0,0.0,0.0,0.0,0.0,3.8005317924661124e-10,1.4626674343055105e-9,2.9458504912350003,5.626476812205804,16.82596386152102,0.0014924155663323052,0.000933760344053603,0.0003655737475952317,0.002106550550098058,NaN,NaN,NaN,NaN,NaN,NaN
2025-06-11T20:40:38Z,39.972333337515394,-75.16914529727079,29.06433899734141,-26.52958976273049,18.39495614863191,-0.17981224384838843,1.072203445836948,-0.004580587276777095,-1.4666674761922762,0.0,0.0,0.0,0.0,0.0,0.0,3.921963131822092e-10,1.4458850032799365e-9,2.9358873557230165,6.274528284325944,18.780263980962147,0.001941436093426865,0.0009455099451797269,0.0004123761414759742,0.002280613722544905,NaN,NaN,NaN,NaN,NaN,NaN
2025-06-11T20:40:39Z,39.97209540517529,-75.16893691893172,29.040996314687252,-27.2589886863505,18.026268226194535,-0.0991646248895347,1.0742866098538666,-0.0013647670500254031,-1.5165050300734062,0.0,0.0,0.0,0.0,0.0,0.0,4.0117349370630087e-10,1.4073740074073413e-9,2.690686900903736,6.499780353983409,21.911588521274613,0.0040380130211790525,0.0010618891617657298,0.000348379113607387,0.002290522154317839,NaN,NaN,NaN,NaN,NaN,NaN
2025-06-11T20:40:40Z,39.97184184135724,-75.16871831910585,29.19156599652499,-28.039390632616705,18.111949775602405,-0.02555537343386168,1.0578305261756458,-0.08198979174333003,-1.4856697472229148,0.0,0.0,0.0,0.0,0.0,0.0,4.09246822281934e-10,1.3771453242666009e-9,2.79397142416223,5.851176088184354,24.6959035301369,0.00401791974942541,0.0011284550910450383,0.00018003677899833568,0.0024471479933189074,NaN,NaN,NaN,NaN,NaN,NaN
2025-06-11T20:40:41Z,39.9715629139771,-75.16845527973722,29.546686113296417,-28.839896063719024,18.664410656574475,-0.13814380409839405,1.0514754101172523,-0.08704344573159326,-1.4982268648786796,0.0,0.0,0.0,0.0,0.0,0.0,4.223561344162343e-10,1.3468971263803478e-9,2.7094310744910812,5.303915273999149,28.07039874920912,0.0022574254352073935,0.0011725764108377614,0.00008376773080046036,0.002732121192637535,NaN,NaN,NaN,NaN,NaN,NaN
2025-06-11T20:40:42Z,39.97128468337509,-75.16819736771811,29.750555348977375,-29.500313701642355,18.7832215798566,-0.027531269333715396,1.048729210867715,-0.06766242907022066,-1.3869420710121605,0.0,0.0,0.0,0.0,0.0,0.0,4.340180199958662e-10,1.3051953368327433e-9,2.8668406930933936,5.026886786298408,31.90669928631546,0.0017929763791813755,0.0012874345985027628,0.00005056787752248311,0.002905470589001909,NaN,NaN,NaN,NaN,NaN,NaN
2025-06-11T20:40:43Z,39.97099691419133,-75.1679362124054,30.139204241039977,-30.802076367591365,18.729849579560483,-0.10403271406476794,1.0381231637598038,0.011487729803822885,-1.4820556308698176,0.0,0.0,0.0,0.0,0.0,0.0,4.568707233567674e-10,1.2802577388063825e-9,3.020196487186304,5.139131541686414,37.100191839002136,0.0013715900676229188,0.001339166296553945,0.000037875675275875675,0.003245538365003146,NaN,NaN,NaN,NaN,NaN,NaN
2025-06-11T20:40:44Z,39.970707557295974,-75.16771602577184,29.93216278036158,-32.77031407725742,18.321841897188584,-0.07638696598662194,1.0433122432910118,0.030871715524403404,-1.5702804849751297,0.0,0.0,0.0,0.0,0.0,0.0,4.706168060707481e-10,1.25081353380269e-9,2.9990542652197623,4.971409938683755,41.25413120865993,0.0011823716956817078,0.0013341200148701523,0.000040122425130692985,0.0034169680976338566,NaN,NaN,NaN,NaN,NaN,NaN
2025-06-11T20:40:45Z,39.97041358749967,-75.16749173572313,29.84726459925909,-32.1575712143422,18.827119240720094,-0.10494162848714063,1.0319803096723155,0.0737440215059184,-1.5912185685702345,0.0,0.0,0.0,0.0,0.0,0.0,4.875227709568161e-10,1.227331373179913e-9,2.8352123114275942,4.957428374912907,45.03879514740031,0.0008794346862010541,0.0013646483641043862,0.000022924075540570987,0.003719501723207448,NaN,NaN,NaN,NaN,NaN,NaN
2025-06-11T20:40:46Z,39.970125534851185,-75.16726574721794,30.16647050758762,-31.577702639121217,18.946895121776826,-0.10809937462506539,1.0347827928528945,0.007426755789414423,-1.5448372845287575,0.0,0.0,0.0,0.0,0.0,0.0,4.967315389969095e-10,1.1926790490233747e-9,2.7100795063198455,4.904968036883349,49.426136367861034,0.0003782936613005108,0.001414295908609157,0.000038851482355575246,0.0038795316106320686,NaN,NaN,NaN,NaN,NaN,NaN
2025-06-11T20:40:47Z,39.96984289317308,-75.16704358759793,30.169120480081013,-30.998800709632906,18.422263772384838,-0.11768941876146573,1.0308527983124463,-0.025091884946911343,-1.5323587312603182,0.0,0.0,0.0,0.0,0.0,0.0,5.121985830143819e-10,1.180992632794195e-9,2.7555254786027135,4.889745421624124,53.68535304899535,0.00040053577396584545,0.00149105685019684,0.00007228464938009987,0.004154860851328273,NaN,NaN,NaN,NaN,NaN,NaN
2025-06-11T20:40:48Z,39.969563025879175,-75.16681798043574,30.163394689224287,-30.584101720082444,18.634073758417678,-0.12211062503897022,1.0267010058587454,-0.03906129887068314,-1.5127928291970596,0.0,0.0,0.0,0.0,0.0,0.0,5.245471960932638e-10,1.1631397861806032e-9,2.6926319535583723,5.008247403394851,58.08268946513799,0.0002583247792215677,0.0015730652079808231,0.00013190291841532354,0.004623506204219398,NaN,NaN,NaN,NaN,NaN,NaN
2025-06-11T20:40:49Z,39.969282326022984,-75.16658223363925,30.087372041961416,-30.333651181911847,18.872715758124787,-0.12513430724994654,1.0316875746888705,-0.0503660302360456,-1.5084926098709086,0.0,0.0,0.0,0.0,0.0,0.0,5.318190847599081e-10,1.1278047188975816e-9,2.681387097026168,5.28840818641824,62.452957412436554,0.00018141594773693728,0.0016242149950339644,0.0002394854658537316,0.005068152363982522,NaN,NaN,NaN,NaN,NaN,NaN
2025-06-11T20:40:50Z,39.96898711065653,-75.16632790968073,30.056867514190532,-30.280788030399144,19.007448144498042,-0.12547203130136894,1.0383393171556021,-0.042283161267384885,-1.513982441601846,0.0,0.0,0.0,0.0,0.0,0.0,5.40147212788035e-10,1.092045251964268e-9,2.5773170355406556,5.774798008993204,66.85152723053044,0.00022854226707275213,0.0016830585164329293,0.0003339078290741003,0.005659034009141155,NaN,NaN,NaN,NaN,NaN,NaN
2025-06-11T20:40:51Z,39.96869814729083,-75.16607326082742,29.885096038338435,-30.316983151707255,19.21786828727692,-0.12660196564061146,1.0454418217410222,-0.025218255862503734,-1.531851217846026,0.0,0.0,0.0,0.0,0.0,0.0,5.528019393733177e-10,1.0544511828462182e-9,2.670154418812932,6.390588972083114,73.19704690063718,0.00038147786104378095,0.0017687121985899017,0.00038361119497505044,0.005619504502928635,NaN,NaN,NaN,NaN,NaN,NaN
2025-06-11T20:40:52Z,39.968427586837606,-75.16583279800878,29.94978825380428,-30.384194652461005,19.39043085446744,-0.13276811703627298,1.0531369864543807,-0.027539438444073475,-1.5346547931077417,0.0,0.0,0.0,0.0,0.0,0.0,5.699322956346439e-10,1.051201858760303e-9,2.5749234813601474,7.008475276257104,79.7343445396009,0.0005498804844625421,0.0018805666910825115,0.00043251200041326737,0.005802560880649975,NaN,NaN,NaN,NaN,NaN,NaN
2025-06-11T20:40:53Z,39.96816677402636,-75.1656103623637,29.985407514101745,-30.51472355878384,19.537280007257568,-0.1315232970918798,1.0592907728021232,-0.02486300328887296,-1.5309426302444853,0.0,0.0,0.0,0.0,0.0,0.0,5.78420635479638e-10,1.0494006805848798e-9,2.827100065963194,7.621385299858239,85.5655229028134,0.0006396786540692533,0.0019394703113338179,0.0004625705461205897,0.005884029862786288,NaN,NaN,NaN,NaN,NaN,NaN
2025-06-11T20:40:54Z,39.96789451774269,-75.1653865435174,29.96358536244555,-30.701822373664893,19.540155188785306,-0.14505823408959687,1.0655978239992303,-0.03611948191901005,-1.5263310491541835,0.0,0.0,0.0,0.0,0.0,0.0,5.824193855125963e-10,1.0294366234917826e-9,2.8144289527943402,8.467150617443991,91.57544298884146,0.0005833884053754594,0.0020410865078061037,0.0005113861777424941,0.005996380051832098,NaN,NaN,NaN,NaN,NaN,NaN
2025-06-11T20:40:55Z,39.967628251737096,-75.16516662335432,29.966491544596337,-30.93740573113501,19.559374853635273,-0.1462961406145932,1.0703689000080034,-0.039352847506279834,-1.5206858263079919,0.0,0.0,0.0,0.0,0.0,0.0,5.912806788760648e-10,1.0360530529826742e-9,2.924082630815472,9.589428824372435,99.74032176476474,0.0005030224704273024,0.002166665942969265,0.0005800744037858296,0.0060046097917332555,NaN,NaN,NaN,NaN,NaN,NaN
2025-06-11T20:40:56Z,39.96734144445548,-75.16492572237995,29.90596155969741,-31.17083192502481,19.586806783002505,-0.15623298042768088,1.0737981940866788,-0.03663322247106607,-1.5192793261459692,0.0,0.0,0.0,0.0,0.0,0.0,6.073442961752582e-10,1.0620119581544372e-9,3.0154730070974414,10.85985553890737,108.63386999770297,0.0004486453712351032,0.002322580211098918,0.0006724434049102592,0.005936350389247708,NaN,NaN,NaN,NaN,NaN,NaN
2025-06-11T20:40:57Z,39.96703973663867,-75.16468820986898,29.797571461625104,-31.347899148170058,19.52720740589674,-0.16438373018626898,1.074848484504907,-0.031342353977602454,-1.5148694699410514,0.0,0.0,0.0,0.0,0.0,0.0,6.264806690774426e-10,1.089009475881155e-9,2.9161249742112307,12.20098152910999,117.54794576754523,0.00041564737045650504,0.0023993921126501854,0.0007473073876920376,0.005898253735397142,NaN,NaN,NaN,NaN,NaN,NaN
2025-06-11T20:40:58Z,39.966745967834655,-75.16445059137688,29.782365504127277,-31.38514331435971,19.529658722676032,-0.1718129908143649,1.0740751664729877,-0.027768362067213816,-1.5099311329072067,0.0,0.0,0.0,0.0,0.0,0.0,6.512687009842915e-10,1.138382364088793e-9,2.9809025999930134,13.950277580392777,126.29055391221549,0.00042700185216954287,0.0024894210671784697,0.0008285139525139179,0.005825254681366866,NaN,NaN,NaN,NaN,NaN,NaN
2025-06-11T20:40:59Z,39.96645219451509,-75.16420534249811,29.674037037260437,-31.437941684800677,19.566796837797778,-0.1873889906627928,1.0721521942674914,-0.026868530095817165,-1.5110989717044694,0.0,0.0,0.0,0.0,0.0,0.0,6.773676939065045e-10,1.1970926257458194e-9,2.916647134633162,16.311490393945547,137.92079851361873,0.00041936226519798423,0.0026422551793832075,0.0009603688624062338,0.005829220761353875,NaN,NaN,NaN,NaN,NaN,NaN
2025-06-11T20:41:00Z,39.966158862622,-75.16397928393496,29.518854226388225,-31.46748813492404,19.442041183734393,-0.2189379005147412,1.0708503214785179,-0.02784584344096479,-1.5096775891208816,0.0,0.0,0.0,0.0,0.0,0.0,7.002191123307959e-10,1.2838329156360626e-9,2.94774033820086,18.520237958619877,150.39912676365023,0.00034607938899193285,0.0028147060467539776,0.0010164436915639848,0.005862544141203456,NaN,NaN,NaN,NaN,NaN,NaN
2025-06-11T20:41:01Z,39.965874888729225,-75.16376580772126,29.363877273015206,-30.673057188276942,19.406335588827087,-0.25531626406483965,1.0690105822659586,-0.05339604457240537,-1.5174342801549918,0.0,0.0,0.0,0.0,0.0,0.0,7.22548901422298e-10,1.3980075093284572e-9,2.9103981812626634,21.251350146842373,164.2471133450743,0.0013810955352470213,0.0029350150522015105,0.0011035472616597358,0.005854310628771381,NaN,NaN,NaN,NaN,NaN,NaN
2025-06-11T20:41:02Z,39.96559376345997,-75.16354420412908,29.410811237373476,-29.970014120131037,18.2299660727503,-0.2593070169786736,1.088203108546389,0.09821027624419221,-1.628370208834666,0.0,0.0,0.0,0.0,0.0,0.0,7.540385978649556e-10,1.550334842448176e-9,2.8872468706954075,23.559013102914925,178.46697203861785,0.005512441274463907,0.002916996502790363,0.0010983193712825418,0.005807088686058761,NaN,NaN,NaN,NaN,NaN,NaN
2025-06-11T20:41:03Z,39.96529504060841,-75.16332855896965,29.527501151068428,-30.833397328114252,18.59303301145942,-0.058683395247619514,1.1435310677683377,-0.16092827074760147,-1.4645985131163215,0.0,0.0,0.0,0.0,0.0,0.0,7.771881373017266e-10,1.7217555937378797e-9,2.7519431893211714,22.533262090158296,192.76087575566078,0.006512417143405277,0.0030354591665514405,0.000625804461908446,0.00577091859544922,NaN,NaN,NaN,NaN,NaN,NaN
2025-06-11T20:41:04Z,39.96497387532459,-75.16307923014134,29.55106519760526,-31.67620223868524,19.232457287497716,-0.12362580485868273,1.229549215542203,-0.05324749680359017,-1.5169870159099084,0.0,0.0,0.0,0.0,0.0,0.0,8.051480387920886e-10,1.9039494920954303e-9,2.830235453763708,23.00625278110848,203.5795176038349,0.0023089803026913893,0.002735098995930712,0.0005064123461587746,0.005785140658415485,NaN,NaN,NaN,NaN,NaN,NaN
2025-06-11T20:41:05Z,39.96470018712231,-75.16287601221053,29.54820643544319,-32.27567928039047,18.97911510156118,-0.2212759979687672,1.2386915405053982,-0.03419118684463869,-1.351026703051994,0.0,0.0,0.0,0.0,0.0,0.0,8.158256638238233e-10,2.0854870669650636e-9,2.845779282426736,23.591975518500416,215.31703736064472,0.0010438035717864177,0.0027049296991950456,0.00048417375744522114,0.0056240952302690096,NaN,NaN,NaN,NaN,NaN,NaN
2025-06-11T20:41:06Z,39.96441712775976,-75.16268184809935,29.559851974989428,-33.37133279201899,18.831154572714432,-0.12125886163603024,1.2487953955678248,-0.015447051557806563,-1.4117558001634425,0.0,0.0,0.0,0.0,0.0,0.0,8.315689707691554e-10,2.258010909649304e-9,2.9415858397396275,24.333246143462492,227.82189721590996,0.00021996781729225197,0.0027967102123231595,0.0005267905113104753,0.005620766511865092,NaN,NaN,NaN,NaN,NaN,NaN
2025-06-11T20:41:07Z,39.964110863989546,-75.16249363493671,29.620417140576034,-34.10198004521554,17.932090217547042,0.004724672240142747,1.2586878707093887,0.07019630654190855,-1.4481439362630635,0.0,0.0,0.0,0.0,0.0,0.0,8.637248892279589e-10,2.508152300881658e-9,3.0381550365622383,26.29768072765636,243.98038697126367,0.0013031532060364353,0.002916704122656516,0.0005951011303706695,0.0057889765152271365,NaN,NaN,NaN,NaN,NaN,NaN
2025-06-11T20:41:08Z,39.9637632436989,-75.1623090279706,29.758728426763575,-35.428600223587395,17.421268782355238,-0.06941464839493432,1.249366776799791,-0.09605183836721748,-1.4327484150484961,0.0,0.0,0.0,0.0,0.0,0.0,9.024786476396148e-10,2.7438718313052956e-9,2.83315581992725,27.752876104745738,260.2936679278938,0.007766351737432652,0.0028860686319171504,0.0005354789077274624,0.006220384864398108,NaN,NaN,NaN,NaN,NaN,NaN
2025-06-11T20:41:09Z,39.963436495861146,-75.16212704543902,29.707411205095116,-36.69873825729948,16.964684544452005,-0.19425253070979545,1.2502538639166607,0.03707559967929406,-1.4260807386632774,0.0,0.0,0.0,0.0,0.0,0.0,9.30955795255736e-10,3.0320731831757965e-9,2.727958448662342,27.095618016906116,268.36873403730885,0.004329043563451497,0.0023936729394501317,0.00038076671481057623,0.006673016067975525,NaN,NaN,NaN,NaN,NaN,NaN
2025-06-11T20:41:10Z,39.963124609919696,-75.16195468974915,29.490161003116416,-37.65473314505539,16.31770810979294,-0.3095316102932292,1.2357306679908135,0.03190081096130295,-1.4925055592636953,0.0,0.0,0.0,0.0,0.0,0.0,9.605609054983768e-10,3.2879841848236525e-9,2.7684148801083794,26.658861815345375,278.25517287191076,0.004513749112377459,0.002430207128681712,0.0002306763207716457,0.007577719923385046,NaN,NaN,NaN,NaN,NaN,NaN
2025-06-11T20:41:11Z,39.962790244697395,-75.16175600728792,29.430664747551276,-38.3151438096091,16.370862078323785,-0.31620734238486475,1.2036825948762897,-0.02487879724244614,-1.4676186313748818,0.0,0.0,0.0,0.0,0.0,0.0,9.889613603346553e-10,3.475614954345184e-9,2.860988814820846,25.964679789795774,285.33557784106347,0.0023744513589359535,0.002341464027847377,0.00019881561740880662,0.008170619100054831,NaN,NaN,NaN,NaN,NaN,NaN
2025-06-11T20:41:12Z,39.96244622526169,-75.16155523014505,29.467411122714456,-38.89856538157489,16.52021789912033,-0.24743877273690415,1.172504807952291,-0.01103912049368857,-1.4352882186073461,0.0,0.0,0.0,0.0,0.0,0.0,1.0191983113631327e-9,3.795435598874719e-9,2.721714348004507,24.906847287489175,297.419260440288,0.0011305579381216296,0.0023510755254032268,0.0002111499229695142,0.008631815297333034,NaN,NaN,NaN,NaN,NaN,NaN
2025-06-11T20:41:13Z,39.96209934321085,-75.16136737428887,29.573927278292828,-39.37770494130199,16.439815110594083,-0.23114505351812495,1.1510148202345036,-0.016638261601757992,-1.4205012070722043,0.0,0.0,0.0,0.0,0.0,0.0,1.0515696657121737e-9,4.142007059934773e-9,2.6222244313545415,24.60694087823136,308.5233716692049,0.0007165256662430478,0.0024256590975112002,0.00017461883227216915,0.008721596904333237,NaN,NaN,NaN,NaN,NaN,NaN
2025-06-11T20:41:14Z,39.96176054156017,-75.16117773999035,29.583063383622175,-40.050028252010385,16.035551441892654,-0.17767272197722314,1.1341478849403086,0.09357796331715536,-1.5753457823037604,0.0,0.0,0.0,0.0,0.0,0.0,1.0899438562894815e-9,4.573540349334027e-9,2.8071862806844834,24.328846612366714,326.40886426434065,0.0009209216282722268,0.0025319531150886604,0.00014461772933123992,0.008783167397580125,NaN,NaN,NaN,NaN,NaN,NaN
2025-06-11T20:41:15Z,39.96145430519718,-75.16099716779347,29.862110344946935,-39.47636261120284,15.832048811855188,-0.022892893991001174,1.1321873250093086,-0.07175122750932278,-1.5402571547074977,0.0,0.0,0.0,0.0,0.0,0.0,1.1176434185360438e-9,4.9666542700209775e-9,2.7282177720547263,23.8857872541126,339.607858810399,0.0022587550268987795,0.0026448557873156872,0.00010076193692382884,0.008609453352459056,NaN,NaN,NaN,NaN,NaN,NaN
2025-06-11T20:41:16Z,39.9611121684922,-75.16081493743154,30.06305136283368,-39.116449962398434,16.66571209260089,-0.09733752950197477,1.1013802912924795,-0.1390870606387189,-1.3930832460920948,0.0,0.0,0.0,0.0,0.0,0.0,1.1592502731240656e-9,5.400536361488948e-9,2.732679223556298,23.92123596718397,352.58237209062383,0.00029480998216161174,0.002367533078290505,0.0001629361194767935,0.008814860451939764,NaN,NaN,NaN,NaN,NaN,NaN
2025-06-11T20:41:17Z,39.96412553397422,-75.16594228531527,31.47328304883216,-26.30070711556528,-4.545388523109094,-0.06686297710663323,1.1014154348410985,-0.06304910182336326,-1.4315446581032023,0.0,0.0,0.0,0.0,0.0,0.0,5.461737632698462e-14,8.355877845444293e-15,0.11379178760953249,0.043734207658206736,0.012558654511127464,0.00005402833819963478,2.7162871479058414e-6,7.897361402321719e-6,0.000035734047444625885,NaN,NaN,NaN,NaN,NaN,NaN
2025-06-11T20:41:27Z,39.96412374445013,-75.16594293467796,31.428358172260626,-26.23946977002613,-4.779022918338262,-0.06327792989647972,1.100822164721151,-0.059877391481273134,-1.4378074249539554,0.0,0.0,0.0,0.0,0.0,0.0,7.508167163291386e-14,1.2344257950937198e-14,0.1553855961150523,0.056832354234444875,0.01834513574615777,0.00006259045465098847,3.7978565715262127e-6,0.000010121410848080173,0.000049073283695355865,NaN,NaN,NaN,NaN,NaN,NaN
2025-06-11T20:42:27Z,39.96412701921258,-75.16594182903633,31.511065816189483,-26.124002967140786,-4.795425422222835,-0.05654421556157049,1.093735699269429,-0.05387153579008333,-1.440117853288412,0.0,0.0,0.0,0.0,0.0,0.0,3.7427258303331854e-14,5.860333302184879e-15,0.07773714428325408,0.027163215506656267,0.008174390330889987,0.00002607136212645028,1.6912344902745422e-6,4.699014845384139e-6,0.000025444259585151245,NaN,NaN,NaN,NaN,NaN,NaN
2025-06-11T20:43:27Z,39.96412982787868,-75.16594090667284,31.58215742769321,-25.7397319525832,-5.251377727425314,-0.048808776255690536,1.1039337828203892,-0.0450934826313366,-1.4572481519240905,0.0,0.0,0.0,0.0,0.0,0.0,3.2737301843686796e-16,3.6577081118260497e-17,0.0006995214365883258,0.0002218082141932661,0.000041150717750321814,1.7468982910570812e-7,1.1931101360017818e-8,3.3605367520835805e-8,2.568998508155284e-7,NaN,NaN,NaN,NaN,NaN,NaN
2025-06-11T20:44:27Z,39.96412984317666,-75.16594090291623,31.58255227736959,-25.608229434825216,-5.377152276594805,-0.04444913664053691,1.0871008486451832,-0.03672695325486193,-1.4612048559481623,0.0,0.0,0.0,0.0,0.0,0.0,1.3173742351424085e-16,1.9630441930778834e-17,0.0002746716579712992,0.00008618114306610378,0.000024146612858115966,6.525818080328694e-8,4.923869006975923e-9,1.3685342268238914e-8,9.49503482147308e-8,NaN,NaN,NaN,NaN,NaN,NaN
2025-06-11T20:45:27Z,39.96412983955114,-75.16594090434151,31.58246189287484,-25.433288403245434,-5.617919004589083,-0.04063732433572173,1.087334963620832,-0.03167109312208207,-1.4692428169327016,0.0,0.0,0.0,0.0,0.0,0.0,1.863836640939783e-16,3.0470744223517537e-17,0.00038486386966552416,0.00011712135518983495,0.00003723872560813393,8.209137768157971e-8,6.724125493088675e-9,1.8542926426327484e-8,1.3122466519873102e-7,NaN,NaN,NaN,NaN,NaN,NaN
2025-06-11T20:46:27Z,39.96412976999537,-75.16594093247964,31.580733154899168,-25.39167786854359,-5.679446509462838,-0.038280007454898596,1.0785432109487167,-0.028125746311943055,-1.4710586105634393,0.0,0.0,0.0,0.0,0.0,0.0,1.24539819687212e-15,2.484173326082141e-16,0.002509462025188974,0.0007638654854903748,0.0003143917108154217,5.161712850989193e-7,4.4597331932211476e-8,1.275729587229839e-7,8.00689181090444e-7,NaN,NaN,NaN,NaN,NaN,NaN
2025-06-11T20:47:27Z,39.964129805346815,-75.16594091974405,31.581621194605948,-25.331001061487697,-5.7040744907959855,-0.03555917317014556,1.0766962731121676,-0.025792904028840095,-1.471882484872709,0.0,0.0,0.0,0.0,0.0,0.0,7.316903605212574e-16,1.576587091816276e-16,0.0014580641704774497,0.0004386398410120965,0.00019977246948954012,2.7696673289499225e-7,2.5543679945901085e-8,7.455540872870695e-8,4.5384475654828304e-7,NaN,NaN,NaN,NaN,NaN,NaN
2025-06-11T20:48:27Z,39.964128643551085,-75.16594148117596,31.553295475475984,-25.17729917134226,-5.805614267847027,-0.03215119839953108,1.077255647639587,-0.021830298869520214,-1.4746631581561804,0.0,0.0,0.0,0.0,0.0,0.0,1.942169948541525e-14,4.8672289299714466e-15,0.03776175111148017,0.011322763890061701,0.006209934343143785,6.922023247569246e-6,6.428361104695393e-7,2.0097079652949496e-6,0.000010948410744287475,NaN,NaN,NaN,NaN,NaN,NaN
2025-06-11T20:49:27Z,39.964074160730945,-75.1659697690133,30.23672502153647,-25.848798507274882,-6.376909063193038,-0.047377485184530964,1.0810897034401818,-0.017790827906064868,-1.4533334183697186,0.0,0.0,0.0,0.0,0.0,0.0,2.637440002219846e-15,1.7624968441287727e-15,0.004558359390134588,0.0015056142712180488,0.0037877075939551585,1.1651205309387334e-6,8.83956067518954e-7,3.7506084957946205e-7,1.0195207311457173e-6,NaN,NaN,NaN,NaN,NaN,NaN
2025-06-11T20:50:27Z,39.96407393408849,-75.1659699766652,30.231788927050506,-25.81134848974073,-6.387908545575969,-0.04488967899565985,1.0796930135222367,-0.017620645481880564,-1.4534076007336902,0.0,0.0,0.0,0.0,0.0,0.0,1.793780427331199e-16,2.8757677646385844e-16,0.00023050416733719315,0.00009954891069060928,0.0007130093951244231,1.1397897915410217e-7,1.8603976615387655e-7,4.067182443893066e-8,7.918913725892555e-9,NaN,NaN,NaN,NaN,NaN,NaN
2025-06-11T20:51:27Z,39.96407390192693,-75.16597001793802,30.231159446456115,-25.70251102208759,-6.390145345887066,-0.041523270693664724,1.078586677220998,-0.015362817010252359,-1.4535894822400313,0.0,0.0,0.0,0.0,0.0,0.0,1.029443960283652e-17,1.7343208779553337e-17,0.00001283107085178727,5.573339454012246e-6,0.00004263134358386846,6.1104099851064755e-9,1.1052402880831546e-8,2.358718432681803e-9,1.840838387019773e-10,NaN,NaN,NaN,NaN,NaN,NaN
2025-06-11T20:52:27Z,39.96407390107001,-75.16597001905178,30.231142776771733,-25.510363050085367,-6.47521188865536,-0.03774441680473963,1.0779663167171345,-0.012705192876933894,-1.4567287163759595,0.0,0.0,0.0,0.0,0.0,0.0,6.003206398073862e-18,1.0066071922913182e-17,7.504992609368815e-6,3.176347190305642e-6,0.000024317711112554845,3.220998672881967e-9,6.224677858990887e-9,1.340316624905791e-9,1.5816019037355132e-10,NaN,NaN,NaN,NaN,NaN,NaN
2025-06-11T20:53:27Z,39.9640739093565,-75.16597001405876,30.23133886416042,-25.160376433264243,-6.504183215845469,-0.0318530243852753,1.0713390464690913,-0.005264402534800074,-1.458485202912479,0.0,0.0,0.0,0.0,0.0,0.0,1.367024683988134e-16,5.1705309137977145e-17,0.0002549447732263816,0.0000717978913106456,0.00008184510118976631,3.326560821350113e-8,1.355382149765045e-8,1.3773272188161849e-8,7.209874217601286e-8,NaN,NaN,NaN,NaN,NaN,NaN
2025-06-11T20:54:27Z,39.964073911115165,-75.16597001372931,30.231384845995326,-22.01544655988716,-7.035980515784891,0.006607867406441177,1.0742014578852515,0.07583275687573028,-1.4845746647616371,0.0,0.0,0.0,0.0,0.0,0.0,1.7568513332136317e-16,5.690174407642117e-17,0.000332165632881479,0.0000777962564657769,0.00006291590327127709,3.240866446045848e-8,5.7161462399845046e-9,1.1587599883056159e-8,1.1344399316892692e-7,NaN,NaN,NaN,NaN,NaN,NaN
2025-06-11T20:55:27Z,39.96407390105901,-75.16597001946221,30.2311449124821,-22.017122259285834,-7.036733533291298,0.006352167579160723,0.9739135170342441,0.00973050189867704,-1.4850359536976854,0.0,0.0,0.0,0.0,0.0,0.0,1.2025967394328102e-17,8.000039704449776e-18,0.000020793808259008573,5.346676024884247e-6,0.00001231738782938014,2.598217457597666e-9,2.0881552273097026e-9,1.1472979775178143e-9,6.441735353757845e-9,NaN,NaN,NaN,NaN,NaN,NaN
2025-06-11T20:56:26Z,39.96407390006166,-75.16597002039074,30.231123276107734,-21.435608707919297,-7.278063449543275,0.011478942229283381,0.9803698709445017,0.02630566807748361,-1.4946400034921103,0.0,0.0,0.0,0.0,0.0,0.0,1.3470523356585642e-18,1.352435831997136e-18,2.1131046564746045e-6,5.823491783979015e-7,2.1681745454581954e-6,2.956384007528367e-10,3.840944179258013e-10,1.598777409633202e-10,6.110476053349909e-10,NaN,NaN,NaN,NaN,NaN,NaN
2025-06-11T20:56:27Z,39.9640738999235,-75.1659700205382,30.231120429626557,-21.44233157375175,-7.280871760128183,0.010372037337331566,0.9581377763669738,0.017606720143949484,-1.4950553754584135,0.0,0.0,0.0,0.0,0.0,0.0,2.0139115398283954e-19,3.3575284260033036e-19,2.526887028903622e-7,8.684467361771623e-8,5.705423679450256e-7,4.825395608239073e-11,1.068311212216546e-10,3.4621132431343987e-11,5.0160053737999016e-11,NaN,NaN,NaN,NaN,NaN,NaN
2025-06-11T20:56:28Z,39.96388379584317,-75.16606021686657,30.844694115964398,-20.592398279266682,-8.117803906858683,1.2686792359432397,0.9680202775292918,-0.0700915068806964,-1.5053799577136944,0.0,0.0,0.0,0.0,0.0,0.0,2.8798352194382125e-14,3.5388818615171353e-14,0.9446708550821723,0.05747830230072991,0.16625552475352043,0.00018039326378082237,0.00007250491003916669,0.000027811513569392903,0.00010185900997689965,NaN,NaN,NaN,NaN,NaN,NaN
2025-06-11T20:56:29Z,39.96370701812453,-75.16617351508604,30.584909070055833,-18.51399945317424,-10.365326935375183,1.282307700625158,1.0135673344089464,-0.03816868978083949,-1.527746106739006,0.0,0.0,0.0,0.0,0.0,0.0,7.434289128592615e-14,1.0683087176756878e-13,1.7908497764894777,0.20489295636656296,0.4600771181590528,0.00040655890142561694,0.00016213639470587666,0.00008244337487003017,0.0004751418756705509,NaN,NaN,NaN,NaN,NaN,NaN
2025-06-11T20:56:30Z,39.963561670857786,-75.16630685631095,29.401716628501674,-14.171849236945722,-11.502321954484303,0.6700049520321797,0.939962982335558,-0.0877693218268633,-1.6261705547723364,0.0,0.0,0.0,0.0,0.0,0.0,1.454657681996252e-13,2.365688368066472e-13,2.16725386414633,0.4140299694550972,0.9071074653765103,0.00164208152982762,0.00024141757479094025,0.00013450243359028436,0.0008090851702859526,NaN,NaN,NaN,NaN,NaN,NaN
2025-06-11T20:56:31Z,39.96347033191679,-75.16646062668819,27.21437207365946,-8.04360451444795,-13.120520112780014,-0.4177697129313699,0.8039462755668615,0.06278468862760125,-1.7129686231863814,0.0,0.0,0.0,0.0,0.0,0.0,2.61520196672166e-13,4.3277396838914907e-13,2.3281139621166402,0.4287893573129539,1.630350285552803,0.003213118996717615,0.0003116850865320163,0.0000766036798881467,0.0013616281360164647,NaN,NaN,NaN,NaN,NaN,NaN
2025-06-11T20:56:32Z,39.963405259354865,-75.16662349525575,25.69461363513909,-6.287888034012701,-14.108861936595265,-0.3923880876643176,0.8088612614505017,-0.02095816567857272,-1.7300883472471327,0.0,0.0,0.0,0.0,0.0,0.0,3.6861466679954007e-13,8.2280525521179e-13,2.5135212211371236,0.30336428350288985,2.838025434991116,0.001285896524647306,0.00038002979730112875,0.000014104752512113082,0.0023642362642328366,NaN,NaN,NaN,NaN,NaN,NaN
2025-06-11T20:56:33Z,39.963355666506956,-75.16679258068648,24.6457642621802,-4.584406172834024,-14.348862444417504,-0.5071048150903207,0.845742117988016,-0.07155760655323429,-1.6935413271066733,0.0,0.0,0.0,0.0,0.0,0.0,4.748031400059358e-13,1.5326971837540026e-12,2.518542343906487,0.3115752821133175,4.272760624763466,0.00043538229001978147,0.0004102081681255656,0.000017085010396159705,0.0031249078458048416,NaN,NaN,NaN,NaN,NaN,NaN
2025-06-11T20:56:34Z,39.96331761675997,-75.16696100426913,24.04117996999417,-3.342381806115907,-14.281189512454674,-0.39765449662920627,0.8862176717652606,-0.05133626587121339,-1.7241215364809992,0.0,0.0,0.0,0.0,0.0,0.0,6.076880970080304e-13,2.647327967384647e-12,2.5947922316920002,0.3529276659593169,5.747346790566137,0.00022584005054679743,0.00042483496581425303,0.00002643694487907401,0.0035024347002046625,NaN,NaN,NaN,NaN,NaN,NaN
2025-06-11T20:56:35Z,39.96328877748819,-75.16712733882228,23.895871680852423,-2.2812971145411365,-14.19023992906413,-0.4154297445417331,0.9088052370810823,-0.11549965415141605,-1.6981966759792055,0.0,0.0,0.0,0.0,0.0,0.0,7.841133563853737e-13,4.497284641710047e-12,2.576398367974959,0.41110662516606067,7.506639257753775,0.00019920164530551834,0.0004740930178200446,0.00002475167085667085,0.0036838834873779702,NaN,NaN,NaN,NaN,NaN,NaN
2025-06-11T20:56:36Z,39.9632669083206,-75.16729309080861,23.804857049574142,-1.5592472597768126,-14.004271679387728,-0.3666018618641221,0.9536148370209867,-0.08763363452383799,-1.6278323762063558,0.0,0.0,0.0,0.0,0.0,0.0,9.85888240602112e-13,7.276594327887275e-12,2.6739413892091695,0.4395834274990876,9.599559180499403,0.00046863174483364756,0.0005420373413797271,0.000024840402695638655,0.0037520276355812203,NaN,NaN,NaN,NaN,NaN,NaN
2025-06-11T20:56:37Z,39.96325130179311,-75.16745677895197,24.0914540519656,-1.120680467414404,-14.05725873786397,-0.3051361070620221,1.0082659727899164,-0.03709033799525701,-1.692850665836875,0.0,0.0,0.0,0.0,0.0,0.0,1.1741274721840778e-12,1.1022986808224988e-11,2.717992684712179,0.40890123539976797,11.575269773423923,0.0006759741559749601,0.0006092637473035784,0.000017756040625007628,0.0037177256865536805,NaN,NaN,NaN,NaN,NaN,NaN
2025-06-11T20:56:38Z,39.96323864243038,-75.16762740780422,24.717933614736584,-1.073253244642855,-14.923223617519037,-0.12739079702693765,1.051401237165195,0.005062350253603077,-1.6207427856983583,0.0,0.0,0.0,0.0,0.0,0.0,1.4099417968056058e-12,1.5864140399891775e-11,2.80176083167179,0.419027442752161,13.637243719534494,0.0003330418623452103,0.0007038334520591205,0.000013996676921215382,0.003712680051930207,NaN,NaN,NaN,NaN,NaN,NaN
2025-06-11T20:56:39Z,39.96323188421592,-75.16781346101415,25.46318945047819,-0.7289827326000706,-15.448740034811356,-0.14002612818521115,1.064229105262978,0.0019907712760560505,-1.6380909208154837,0.0,0.0,0.0,0.0,0.0,0.0,1.6280930823018203e-12,2.1525911560737918e-11,2.756105727143096,0.46401365870906336,15.607165512963808,0.0006872173274989033,0.0008194808425796344,0.000024073932038735654,0.0036507744447864593,NaN,NaN,NaN,NaN,NaN,NaN
2025-06-11T20:56:40Z,39.963225026535014,-75.16799687232343,25.88801388354377,-0.7591395660136291,-15.66220042677364,-0.08291140733512309,1.0776933918764389,-0.006496077187835871,-1.6351903174485318,0.0,0.0,0.0,0.0,0.0,0.0,1.8973976429235638e-12,2.903362206536597e-11,2.654035141250167,0.5794943998712095,17.838183063101482,0.0008811841760929565,0.0008992439517378745,0.000044553251375561844,0.00371378440607533,NaN,NaN,NaN,NaN,NaN,NaN
2025-06-11T20:56:41Z,39.963219716736944,-75.16818710478024,26.26054567588682,-0.5538452063979376,-15.81714282924857,-0.16662215544782766,1.0818424182713007,-0.022056025156549336,-1.642935006902203,0.0,0.0,0.0,0.0,0.0,0.0,2.1822665029230165e-12,3.7630955598307426e-11,2.768484702509076,0.7559576525077026,19.955759623844546,0.0009583600726396502,0.0009397517643969157,0.00008108068773937885,0.0037625149421567404,NaN,NaN,NaN,NaN,NaN,NaN
2025-06-11T20:56:42Z,39.9632134787351,-75.1683755084356,26.618352617878145,-0.6307487908446123,-16.06341051807502,-0.17904686840380668,1.0959632508902555,0.03646647661371031,-1.6693355703441717,0.0,0.0,0.0,0.0,0.0,0.0,2.5492697681858287e-12,4.963314105254461e-11,2.7320556491254404,1.0319350318375946,22.865296976066116,0.0009436681217369539,0.0010093850916732857,0.00013082210402806435,0.003915424473837636,NaN,NaN,NaN,NaN,NaN,NaN
2025-06-11T20:56:43Z,39.96320651694238,-75.16857257845217,27.22617129842641,-1.0570095483237651,-16.52803678182758,-0.2661966152019942,1.1052405531933502,0.01597079287319168,-1.689891304436283,0.0,0.0,0.0,0.0,0.0,0.0,2.906994629047313e-12,6.428913334028516e-11,2.825749553894696,1.4380421277455002,26.062241467165432,0.0019494346862605324,0.0011078479648875138,0.00019155352314609964,0.004016411843007227,NaN,NaN,NaN,NaN,NaN,NaN
2025-06-11T20:56:44Z,39.96319246003779,-75.16875044021941,27.46444677212041,-1.8716012227011518,-16.16012490554327,-0.32669933241425475,1.1100390077694697,0.0011984071897316296,-1.6836218492205677,0.0,0.0,0.0,0.0,0.0,0.0,3.4682407497396285e-12,8.104088459150319e-11,2.785133261208423,1.998376218993638,28.03229168371958,0.0022949233288763805,0.0010400211045847863,0.00027286805680438086,0.004234594393256671,NaN,NaN,NaN,NaN,NaN,NaN
2025-06-11T20:56:45Z,39.96316982172237,-75.16892799048489,27.817743166029413,-2.623165289862112,-15.99077912382973,-0.30429370051980453,1.1166016126860188,0.1001418315483588,-1.890929522315321,0.0,0.0,0.0,0.0,0.0,0.0,4.287038352078965e-12,1.0114737653730745e-10,2.9160767382657435,2.7630403185078696,29.884115564091054,0.002264490292849319,0.0009441179237077273,0.0003684379898375995,0.004476472099847514,NaN,NaN,NaN,NaN,NaN,NaN
2025-06-11T20:56:46Z,39.96314565785668,-75.16909335081799,28.08663288828628,-2.866413868721793,-15.213744041813,-0.3709566410921035,1.1247433495881962,-0.06759709578338582,-1.9227127052786217,0.0,0.0,0.0,0.0,0.0,0.0,5.263174073123711e-12,1.2349077052305515e-10,2.833329928513255,3.6276506604393366,31.500639783474742,0.00440210998310829,0.0009211679002225488,0.0004358743913015928,0.0046524024436178715,NaN,NaN,NaN,NaN,NaN,NaN
2025-06-11T20:56:47Z,39.96312710280693,-75.16924172629109,28.23575231766192,-2.0820556886170185,-14.459511316772605,-0.3080839017475251,1.1074760633008203,0.05775222435497917,-2.1049472602205466,0.0,0.0,0.0,0.0,0.0,0.0,6.279234059037869e-12,1.465463863037962e-10,2.9325349574273423,4.181644665428792,32.0228292817015,0.0015259755451502576,0.0007430161900852004,0.00045902740259248163,0.0049446537627206655,NaN,NaN,NaN,NaN,NaN,NaN
2025-06-11T20:56:48Z,39.963113672390996,-75.16938511106021,28.748670112036866,-1.5154820326928375,-14.125336885278996,-0.3385871097182152,1.1087699928622945,-0.041859833629440325,-2.2245144700402615,0.0,0.0,0.0,0.0,0.0,0.0,7.486187125463029e-12,1.720980193992366e-10,2.8265143039610487,4.943486544542273,33.16441848137124,0.0018552260300040207,0.0007548123265843785,0.0004974394513719948,0.005057801733802017,NaN,NaN,NaN,NaN,NaN,NaN
2025-06-11T20:56:49Z,39.9631046261048,-75.16953545143697,28.997590401214627,-1.2142583898771482,-13.575119210309733,-0.3052057586937831,1.1166991053870337,0.03439642927318924,-2.396429781143083,0.0,0.0,0.0,0.0,0.0,0.0,9.168248287050312e-12,1.9759556327242545e-10,2.8155686978130023,6.025555116222482,34.535498645961844,0.0008121545116440562,0.0007840656326315832,0.0006193664817763519,0.0049670335530235515,NaN,NaN,NaN,NaN,NaN,NaN
2025-06-11T20:56:50Z,39.96309625099818,-75.16964688577205,29.53092795243989,-1.5832754233906892,-12.94376170717111,-0.25213807679459205,1.1366896502466493,-0.006629345719973031,-2.5390516730544594,0.0,0.0,0.0,0.0,0.0,0.0,1.1257413841467913e-11,2.130155473378306e-10,2.9113135734647337,7.425158694246179,34.24052343951085,0.0006400153912263604,0.0008749762895585205,0.0007133337330833498,0.004655936607168795,NaN,NaN,NaN,NaN,NaN,NaN
2025-06-11T20:56:51Z,39.96308467651282,-75.16976394910033,29.886162153128563,-1.7017022348533526,-12.442160024663734,-0.19494999930065002,1.157762663222888,-0.010382894298030115,-2.652326077340551,0.0,0.0,0.0,0.0,0.0,0.0,1.3774079586356442e-11,2.4013191372524083e-10,3.0888356241814945,9.033782039358107,35.82017127720458,0.0006897354636163944,0.0009884847220311577,0.0008215120427625795,0.004524387325387801,NaN,NaN,NaN,NaN,NaN,NaN
2025-06-11T20:56:52Z,39.96307073617668,-75.16989685503576,30.103224099595586,-1.422633723244163,-11.767753386248613,-0.21111269000244862,1.1596414856263502,-0.050774684773074424,-2.790493346979235,0.0,0.0,0.0,0.0,0.0,0.0,1.6809936583059765e-11,2.764819304803134e-10,3.038488422781334,10.542393756951894,38.35542327780582,0.0008972441543295371,0.0010753732036687291,0.0008647859807353104,0.004520154421285281,NaN,NaN,NaN,NaN,NaN,NaN
2025-06-11T20:56:53Z,39.96268915502895,-75.17298233597967,31.26290411733573,-4.583308045521348,-30.394105528424067,-0.18505960577885852,1.1072521339130186,-0.029612445257539293,-2.9984961159332246,0.0,0.0,0.0,0.0,0.0,0.0,7.874637131805889e-14,5.940537849895478e-14,0.20897704764341804,0.22522861885000825,0.0007831122164570124,0.00006929483121448352,7.934893101525727e-6,0.000026821769980510303,0.000018609381704897776,NaN,NaN,NaN,NaN,NaN,NaN
2025-06-11T20:57:27Z,39.96268257285181,-75.17298805296777,31.450050321117438,-4.597418224519652,-30.32374953219434,-0.17885443943925963,1.1007593397632625,-0.031239719210890474,-2.9993816227691985,0.0,0.0,0.0,0.0,0.0,0.0,9.104637319454696e-16,6.868436185136043e-16,0.0024161878135695,0.0025124655743189316,0.000011960470435390701,6.990206399981167e-7,8.061669495665438e-8,2.8322022610510624e-7,2.0530851867256669e-7,NaN,NaN,NaN,NaN,NaN,NaN
2025-06-11T20:58:27Z,39.962682507115154,-75.17298811006353,31.45191934213791,-4.393024188144193,-29.45326001784955,-0.1811677124604043,1.0808920446359662,-0.03537143099572207,-3.0048224853337073,0.0,0.0,0.0,0.0,0.0,0.0,1.3179082956645808e-23,9.942602667656476e-24,3.4974622158904455e-11,3.348313779776054e-11,2.0005934805706425e-13,8.583321657447154e-15,1.0680718720123641e-15,3.385784926979579e-15,2.7121500637649113e-15,NaN,NaN,NaN,NaN,NaN,NaN
2025-06-11T20:59:27Z,39.962682507115254,-75.17298811006243,31.4519193421662,-4.147479701410037,-28.182957102179046,-0.18831874777961963,1.0899761379154294,-0.0429395090358031,-3.0127909111290445,0.0,0.0,0.0,0.0,0.0,0.0,2.9216770782174808e-27,2.2086760314414653e-27,7.752366343723693e-15,6.7603034997488085e-15,4.8077434859003454e-17,1.6119787788803206e-18,2.2232685478211225e-19,5.992574604979811e-19,5.432854192426385e-19,NaN,NaN,NaN,NaN,NaN,NaN
2025-06-11T21:00:27Z,39.962682507115254,-75.17298811006243,31.4519193421662,-4.024998416904029,-27.96100189327844,-0.1824121198174324,1.143970052475086,-0.05725440683429028,-3.016876106215786,0.0,0.0,0.0,0.0,0.0,0.0,2.098736898499215e-29,2.0428268141326734e-29,5.4518679086906056e-17,4.580927005289833e-17,3.822684642726271e-19,1.0053749343661889e-20,1.43539242922561e-21,3.802463643276003e-21,3.649603050904504e-21,NaN,NaN,NaN,NaN,NaN,NaN
2025-06-11T21:01:27Z,39.962682507115254,-75.17298811006243,31.4519193421662,-3.933533682681833,-28.034922894509997,-0.1735138047091752,1.1544539504303604,-0.062431241899631736,-3.018361746031722,0.0,0.0,0.0,0.0,0.0,0.0,4.443074111280378e-31,4.930813037023555e-30,1.5213028348392328e-21,1.259129459027117e-21,1.2167840407727993e-23,2.537939243072351e-25,3.6542031010105913e-26,1.0084671466687365e-25,9.972308127453413e-26,NaN,NaN,NaN,NaN,NaN,NaN
2025-06-11T21:01:46Z,39.96267483995642,-75.17331534708993,31.100202266183974,2.1272924544046092,-27.667548726195868,-0.6136404858054425,1.1150816475636254,0.2589036911907614,2.4900126316372386,0.0,0.0,0.0,0.0,0.0,0.0,3.3604826326417736e-14,3.56986392370439e-14,0.9207273775052377,0.19671405589515012,0.15674147314723136,0.0034288896196332836,0.00006691682105931424,0.00006316027881657738,0.000011343133802664321,NaN,NaN,NaN,NaN,NaN,NaN
2025-06-11T21:01:47Z,39.9627016536538,-75.173652894017,33.58893361840007,1.7553156812834734,-28.576504459142622,0.018551055572004878,1.1381757430396433,0.0923398859350075,2.7059035333119668,0.0,0.0,0.0,0.0,0.0,0.0,1.1674256943322436e-13,8.198113097627693e-14,0.9959168158043029,0.343445127201478,0.3385426939886489,0.00042323595442954,0.00006307594339305179,0.000033630456749170354,0.0008961402094894456,NaN,NaN,NaN,NaN,NaN,NaN
2025-06-11T21:01:48Z,39.9626872084444,-75.17366499875823,36.21037858367521,1.5396832903787803,-28.939900717274963,0.02778709663106357,1.117277881955552,0.11089206745169533,2.6863557075650037,0.0,0.0,0.0,0.0,0.0,0.0,1.2859596011318738e-13,4.292040988910677e-14,0.007511452413779526,0.2159870702451116,0.06707743161832752,0.0001855375714798787,5.182050577430881e-6,5.265923446071168e-6,0.00008547784718771937,NaN,NaN,NaN,NaN,NaN,NaN
2025-06-11T21:01:49Z,39.962697704998426,-75.17399955894061,36.15976765036863,0.7963166428546419,-28.165313031614094,-0.08222398065516308,1.1190411777200286,0.09897290098058313,2.685651135093987,0.0,0.0,0.0,0.0,0.0,0.0,2.1719015937646884e-13,1.0275609256691203e-13,1.074137673456433,0.3709702627665744,0.2441039540010519,0.0003679817430514812,0.000054877515434876736,0.000029930546904881506,0.0003281272885446764,NaN,NaN,NaN,NaN,NaN,NaN
2025-06-11T21:01:50Z,39.96268857226712,-75.17431920110126,39.12752735692376,-0.2539451403756092,-27.43109994630088,-0.21251650300879413,1.1244021199873306,0.11171407903841125,2.7004707762566027,0.0,0.0,0.0,0.0,0.0,0.0,3.6162744734731736e-14,4.471861200391046e-14,1.064283089665905,0.1302875980317539,0.15792247408531374,0.0002951338681273492,0.000055960142560381034,0.000031437645049659877,0.000060606319137301894,NaN,NaN,NaN,NaN,NaN,NaN
2025-06-11T21:01:51Z,39.96266674399737,-75.17462641795635,43.049847710986455,-1.3960175300407003,-26.97672346229866,-0.31314916283671373,1.1233666173212178,0.11508204016986853,2.735347761877468,0.0,0.0,0.0,0.0,0.0,0.0,5.4700748702305996e-14,4.4401604818190274e-14,0.9395505037887293,0.215274988728775,0.17135663710576413,0.00044280939017126233,0.00006648464404051704,0.000053642332751632535,0.00006524270850584394,NaN,NaN,NaN,NaN,NaN,NaN
2025-06-11T21:01:52Z,39.96266547058168,-75.17494406090212,45.738966092030836,-1.0720653732699104,-27.23433812665201,-0.29374505415226554,1.1099690189074896,0.12067271923794863,2.744829563638433,0.0,0.0,0.0,0.0,0.0,0.0,8.472161514374135e-14,7.618203217551032e-14,1.0103923786696685,0.32988179037087567,0.24593108676883635,0.00044985824018940805,0.00008848302134706275,0.00008536874114189909,0.00009773432086381601,NaN,NaN,NaN,NaN,NaN,NaN
2025-06-11T21:01:53Z,39.9626638684957,-75.17526760022565,48.47038894790914,-0.643400735724033,-27.58676459938907,-0.2568488824036087,1.0998833702558153,0.08483254531306103,2.767917211582797,0.0,0.0,0.0,0.0,0.0,0.0,9.91623337496007e-14,6.186605082969908e-14,1.2652586264363617,0.3738316173490991,0.213143581790653,0.0003424031546896657,0.00008233495585293133,0.00009666506384023819,0.00007926538052457868,NaN,NaN,NaN,NaN,NaN,NaN
