timestamp,latitude,longitude,altitude,latitude_ins,longitude_ins,altitude_ins,latitude_cov,longitude_cov,altitude_cov,effective_sample_size,horizontal_error_m,vertical_error_m,error_3d_m
2023-08-09 16:37:46+00:00,40.18219275471585,-75.08338613239694,50.29963796485649,40.1821731306089,-75.08334637109527,52.15208302275278,1.024142447873062e-06,1.0177134064965516e-06,123.37704360933915,4999.999999999998,21.19973708645329,20.351308259544496,29.38715026010088
2023-08-09 16:37:47+00:00,40.18224456405382,-75.08372175182676,23.819681526398348,40.18221812193708,-75.083626166643,36.82159039773978,1.0325539284668918e-06,1.0277041035794303e-06,148.50640616989654,4999.999999999999,50.165169267386695,47.27021071382055,68.92762166616917
2023-08-09 16:37:48+00:00,40.182315085833686,-75.08416190276162,-4.175306862964199,40.182269317506616,-75.08401130693638,25.7762780309422,1.0420051197705511e-06,1.037303449398474e-06,175.44223567034402,4999.999999999996,87.29138902996745,74.91384485543477,115.02986894631007
2023-08-09 16:37:49+00:00,40.182389297483255,-75.0846648476927,-24.124213712163627,40.18230811960118,-75.08446293985503,28.771041234838776,1.0580918996060184e-06,1.0449180851408334e-06,202.2571959891399,4999.999999999994,130.67572924382182,94.20261450052698,161.09090226372044
2023-08-09 16:37:50+00:00,40.182498828024734,-75.08514699323314,-32.713872711903264,40.18235331957863,-75.08489007138769,43.19335727440193,1.0653047723261311e-06,1.0606509463266477e-06,230.30588681850017,4999.999999999991,173.90324484369725,102.25435376543297,201.73817544320468
2023-08-09 16:37:51+00:00,40.18264997275381,-75.08554401906916,-36.848908283663874,40.18243420712775,-75.08524330314168,53.71331008011475,1.0774540531315658e-06,1.0684041917729524e-06,259.63193095690286,4999.999999999988,210.87651657774907,105.54397737758823,235.81441093505404
2023-08-09 16:37:52+00:00,40.18289106840375,-75.08582718822137,-43.72686066105095,40.18271824215354,-75.08548822987332,55.31064287992194,1.0907262381104678e-06,1.0769764894717524e-06,284.5309418242967,4999.999999999984,241.97686588435585,111.98112987837207,266.63191307878424
2023-08-09 16:37:53+00:00,40.18335840784144,-75.08598141605061,-65.22183255867844,40.18356728586045,-75.0855392336773,42.38153448724188,1.0989787521313576e-06,1.0826804701343755e-06,306.17777895936774,4999.999999999976,277.4904176282041,133.70897221250613,308.02438397893087
2023-08-09 16:37:54+00:00,40.18370955993064,-75.0859271505453,-91.22169116915408,40.18330323176433,-75.08535752079665,36.6516863994766,1.1087707694045108e-06,1.0958500080456588e-06,333.81486657806386,4999.999999999971,298.04964723152824,160.41161719426643,338.4752267828745
2023-08-09 16:37:55+00:00,40.1838810607188,-75.08570461962663,-120.6351788164144,40.182623995214655,-75.08516004478655,32.37113207532093,1.1209749942342392e-06,1.1022693452382912e-06,360.0250487318441,4999.9999999999645,299.3787825028266,188.6994564349122,353.8857729150836
2023-08-09 16:37:56+00:00,40.18386994965201,-75.08534047607203,-155.47583579163847,40.18171788582752,-75.08487719724816,24.97766310814768,1.13004051930372e-06,1.1148802099043392e-06,383.90127644719104,4999.999999999957,282.17203112044024,223.1241433456879,359.72967418657834
2023-08-09 16:37:57+00:00,40.18364874462081,-75.08486567434875,-195.69009678465903,40.180470312630426,-75.08450025826775,16.032836610567756,1.1394237074678554e-06,1.1270800280041722e-06,408.5854250056453,4999.999999999949,244.8094495084241,262.6784394476686,359.07050716994314
2023-08-09 16:37:58+00:00,40.18319507268026,-75.0843169460135,-241.00079109177963,40.17886334137423,-75.08408424913786,5.958202797250124,1.147558282561982e-06,1.1404967128605544e-06,434.46895708978457,4999.999999999939,186.775595582942,307.4709566194957,359.7547946447282
2023-08-09 16:37:59+00:00,40.18250214972056,-75.08374303454674,-289.9390845700537,40.17690234753952,-75.08371413742844,-3.666961575931055,1.161666076006079e-06,1.1504504258870587e-06,461.69883952205976,4999.999999999929,111.57521689570464,356.1264756251778,373.1957873108081
2023-08-09 16:38:00+00:00,40.181438322493165,-75.08321776234317,-339.6588388576432,40.17458980594431,-75.08313634819775,-8.091913498996291,1.1681548644707763e-06,1.160014885620424e-06,489.3848060324679,4999.999999999919,51.419326752581405,405.49106120138,408.7382388251802
2023-08-09 16:38:01+00:00,40.18007865439718,-75.08285197769379,-387.78755947268985,40.17216805636107,-75.08299938381172,-10.50864746933803,1.1736538762998586e-06,1.1580919224167376e-06,514.5055596060422,4999.999999999908,161.45031679433987,453.666616591677,481.5387874332995
2023-08-09 16:38:02+00:00,40.178544246768325,-75.08259645153346,-428.97748197080864,40.16985289674901,-75.0832520191022,-6.881303416535957,1.1825299586299578e-06,1.1645503665966337e-06,540.6706520296559,4999.999999999895,315.4054632949839,494.7399503763932,586.7267036489471
2023-08-09 16:38:03+00:00,40.17686699438339,-75.08241071645494,-460.2705891248624,40.16777622408912,-75.08359873124387,4.530856364639476,1.1919351589921452e-06,1.1678738239921205e-06,565.0794427085956,4999.999999999881,487.7296371382533,525.7015535989988,717.1069114151761
2023-08-09 16:38:04+00:00,40.175060106535646,-75.08221937351215,-484.42703012772495,40.16579597282286,-75.08379240821137,17.344939149916172,1.1982300523197911e-06,1.179534093236457e-06,588.918672013858,4999.9999999998645,676.2850882571414,549.5581449375042,871.4216403476106
2023-08-09 16:38:05+00:00,40.17314382635755,-75.08202132358136,-506.41524890576034,40.16371836759868,-75.08402285956102,24.19397112959996,1.2114233410097765e-06,1.189835089600403e-06,615.565145616036,4999.999999999849,878.0010081412273,571.4758664264945,1047.6022318632793
2023-08-09 16:38:06+00:00,40.17117724451021,-75.08190387225785,-518.7677313011615,40.16137640624761,-75.084660705181,35.8261639890261,1.217585639894143e-06,1.2043704418680606e-06,641.603614561381,4999.99999999983,1084.7347012475452,583.6073847167426,1231.7657860106835
2023-08-09 16:38:07+00:00,40.16924233908296,-75.08192626150753,-520.4527328292179,40.15915561801362,-75.08539036398471,53.02668896410614,1.233094890435498e-06,1.2148967830240245e-06,668.3688917233941,4999.999999999812,1286.580659545287,585.1011644644876,1413.3765125307857
2023-08-09 16:38:08+00:00,40.16733008657921,-75.08203265126406,-519.727545390889,40.15721068308591,-75.08567055765442,61.642932751914486,1.2393776905240867e-06,1.2276994296570228e-06,693.1003739180161,4999.99999999979,1486.1793938592698,583.8287640045298,1596.742063205878
2023-08-09 16:38:09+00:00,40.16542079569437,-75.08216630335073,-519.3982825089776,40.1553731806472,-75.08567442006304,63.90909351874143,1.2508302641583933e-06,1.2378998258653222e-06,713.151666782059,4999.999999999765,1686.0689953626595,583.7556748334075,1784.2643708328246
2023-08-09 16:38:10+00:00,40.163515374478095,-75.08232018016623,-519.9207162288506,40.15357630311815,-75.08561445788901,63.92286864714697,1.2596360986810237e-06,1.244410144746352e-06,733.3119936913864,4999.999999999742,1886.4992963240584,584.3276955538522,1974.9223910884305
2023-08-09 16:38:11+00:00,40.16160716612697,-75.08249344156329,-521.5100795015671,40.15177729323938,-75.08555930486185,63.01140393037349,1.26825070134161e-06,1.2594395726822951e-06,754.3561487322247,4999.999999999716,2087.782030331609,585.8561693019782,2168.4236802997616
2023-08-09 16:38:12+00:00,40.15969906988289,-75.08268487394676,-523.8882491749418,40.14989644949013,-75.08547765775434,61.51284208311699,1.2814478536811445e-06,1.2667944982557498e-06,782.5935333564853,4999.999999999687,2290.182550876259,587.8554493178314,2364.4259653520044
2023-08-09 16:38:13+00:00,40.15778691079733,-75.08287212362673,-526.6608823622836,40.14788479619571,-75.08526328761485,60.21243445342407,1.2919580222766895e-06,1.277133196839368e-06,800.3471170658489,4999.999999999657,2493.672195298971,590.5480441230848,2562.6447295762227
2023-08-09 16:38:14+00:00,40.15586295959797,-75.08302869389722,-529.2577674566708,40.14580319620299,-75.08491754847499,59.69842350413092,1.300112789074901e-06,1.2821778645051947e-06,820.7838028401034,4999.999999999626,2699.57865320831,592.9881990768238,2763.9392014120654
2023-08-09 16:38:15+00:00,40.15393108119558,-75.0831478560869,-531.5305374381893,40.143706853607135,-75.0844924204756,60.00105128320865,1.3110235011164042e-06,1.2900778552378866e-06,840.0820709606515,4999.999999999593,2907.1352748570685,595.2155278010026,2967.4428437383103
2023-08-09 16:38:16+00:00,40.15199655904395,-75.08323572579192,-533.4583299617851,40.14163023180679,-75.0840763775783,60.49338428489864,1.315743091148591e-06,1.3099680566093012e-06,860.2637678703894,4999.999999999551,3115.604782836864,597.1848045759868,3172.321366704893
2023-08-09 16:38:17+00:00,40.15006317569812,-75.08330198254518,-535.0538624009973,40.13955932545406,-75.08369867528756,60.87421697424725,1.3293195755081038e-06,1.3244894177288312e-06,884.0894919430013,4999.999999999462,3324.350070166374,598.7380143983839,3377.838154633951
2023-08-09 16:38:18+00:00,40.148125093506295,-75.08336339252918,-536.4335408070748,40.13747475455416,-75.08336757244602,61.025352066149935,1.341302323977154e-06,1.3345721933727575e-06,909.76486458955,4999.999999999302,3533.852575816315,600.1034211764967,3584.4439099686497
2023-08-09 16:38:19+00:00,40.14616887406227,-75.08342292488311,-537.4858001964393,40.135345133128894,-75.08303379530861,61.56475627026521,1.3499321683411345e-06,1.3473807338671554e-06,922.6973418573018,4999.9999999991,3746.175226148496,601.1189870626013,3794.0971075627335
2023-08-09 16:38:20+00:00,40.14419941753381,-75.08347948714638,-538.0439915177749,40.13324143986711,-75.08275871552625,62.34508805349469,1.3571690836154504e-06,1.3600915722444292e-06,950.98446444198,4999.999999998844,3961.6549275954544,601.5455007861179,4007.0646057753256
2023-08-09 16:38:21+00:00,40.14222933227146,-75.08353748800968,-538.7141629894518,40.13115027973565,-75.08258051445674,63.11392469191924,1.3678690861089697e-06,1.3763992326139462e-06,971.8821375543182,4999.999999998525,4179.250515385301,602.1069818521747,4222.400701963687
2023-08-09 16:38:22+00:00,40.14026926827412,-75.08360910649787,-539.5919731637368,40.12902171406319,-75.08248172767654,63.57039364846423,1.3857840779889208e-06,1.3825351589914169e-06,994.3072626831184,4999.999999998156,4398.159316908326,602.759745223234,4439.270738237205
2023-08-09 16:38:23+00:00,40.138325197162345,-75.0837038856418,-541.2399940053409,40.12684934996944,-75.0824276789689,63.42523984704167,1.393500634851968e-06,1.3943056856983288e-06,1016.147241259078,4999.999999997727,4618.228221853967,604.3633451073374,4657.605281905904
2023-08-09 16:38:24+00:00,40.136392744830346,-75.08381455092473,-543.7516947132704,40.12459078954703,-75.08237884128205,62.71073048282415,1.4001644171365976e-06,1.4076644224655204e-06,1038.0148273874977,4999.999999997229,4839.2811783202205,605.7289050452662,4877.04314408348
2023-08-09 16:38:25+00:00,40.13446675432543,-75.08394848700297,-547.0354873140728,40.12223389236817,-75.082330060708,61.45911097084172,1.4077794130297697e-06,1.4216290780178217e-06,1058.3164312696276,4999.999999996659,5061.391307205116,607.8885470176085,5097.76524079392
2023-08-09 16:38:26+00:00,40.132529806262994,-75.08410687812841,-550.9656297258448,40.11962193072938,-75.08226316329062,60.424179275054485,1.4117367606069888e-06,1.4356728751987163e-06,1074.923233435759,4999.999999996011,5284.815049799077,610.9634516962144,5320.01376406973
2023-08-09 16:38:27+00:00,40.13057247363423,-75.08428155179317,-554.962231287168,40.116791532687344,-75.08221454738482,59.98408065852709,1.4242713858265336e-06,1.4469293304765657e-06,1101.884998791662,4999.999999995272,5510.195918337707,615.083700245549,5544.419448127394
2023-08-09 16:38:28+00:00,40.128595546451166,-75.08447829718672,-559.2862554444952,40.11402751221125,-75.0822438916851,59.3123462155927,1.434466818303954e-06,1.4551173623295777e-06,1121.5383317715853,4999.9999999944375,5738.207026145575,619.5695640067538,5771.558396096323
2023-08-09 16:38:29+00:00,40.12659734978162,-75.08470273102321,-563.5549466415385,40.111214370777226,-75.08234199061056,58.90432581491768,1.4462008087428337e-06,1.4642272536372032e-06,1149.1315330364491,4999.999999993496,5968.903111808449,623.3570356351062,6001.364707467158
2023-08-09 16:38:30+00:00,40.12457773475084,-75.08495670908832,-568.0217150006317,40.10837119552065,-75.0825165581395,58.73533095954917,1.4600460525820838e-06,1.4796318691960687e-06,1179.412913094768,4999.999999992444,6202.159576312119,627.3607952792643,6233.808224311488
2023-08-09 16:38:31+00:00,40.12253440412045,-75.08524501518586,-572.7062129789126,40.10552125531689,-75.08277109232596,58.675559842493385,1.4693939711783713e-06,1.494563822388116e-06,1191.90811820032,4999.999999991278,6437.952533345489,632.1451153812689,6468.913376179187
2023-08-09 16:38:32+00:00,40.1204738257439,-75.08556634733614,-577.4362976919317,40.10268725833545,-75.08310573657722,58.577877565287054,1.479040035666938e-06,1.5029913962738324e-06,1222.5563535856163,4999.999999989981,6675.772049606663,636.6819753761802,6706.064150906884
2023-08-09 16:38:33+00:00,40.11840128845176,-75.08591767617577,-582.1907097562405,40.09988670860362,-75.08350934931399,58.31728618545458,1.4865851372577376e-06,1.515557351234575e-06,1249.3209372029175,4999.999999988548,6915.397529196346,641.7011570842553,6945.106432720682
2023-08-09 16:38:34+00:00,40.1163177724565,-75.08630476545872,-587.0699635323676,40.09705886500397,-75.08399069755758,57.94516865024343,1.50049834592223e-06,1.5219787281637915e-06,1279.463636264279,4999.999999986952,7156.89909785442,646.256808497071,7186.017851313635
2023-08-09 16:38:35+00:00,40.114224036243286,-75.0867272253351,-592.1787146013717,40.09412956678992,-75.08456941726816,57.685405630618334,1.5118396533561918e-06,1.5254320611526565e-06,1300.6450620563637,4999.999999985201,7399.605577478812,651.4607150571651,7428.227498233904
2023-08-09 16:38:36+00:00,40.112120144515,-75.08719226318073,-597.0845691418447,40.09112554816564,-75.08523703782716,57.37139847967774,1.5213997012428554e-06,1.5354305431371476e-06,1325.858681311881,4999.999999983266,7643.552024484983,656.6891342808309,7671.70959891542
2023-08-09 16:38:37+00:00,40.11000400231963,-75.08769206429648,-602.0730782907397,40.0879923249906,-75.08600833727269,57.20251906104386,1.527880146948291e-06,1.5438664358077006e-06,1352.203272763432,4999.9999999811525,7889.082231542691,661.8164885472005,7916.793512562745
2023-08-09 16:38:38+00:00,40.10787674586864,-75.08823903293361,-606.9889146973535,40.08463546127008,-75.08690845607032,57.31618608045392,1.538490855272685e-06,1.5595822249728143e-06,1369.1594689573758,4999.9999999788415,8136.368679522144,666.6427672022187,8163.633251694489
2023-08-09 16:38:39+00:00,40.10573623303476,-75.0888335045365,-611.863674245956,40.08104078240219,-75.08794111363825,57.5409737045411,1.5522469779038563e-06,1.5702590560287228e-06,1396.274767266,4999.999999976323,8385.298177035585,671.058969899231,8412.107087934539
2023-08-09 16:38:40+00:00,40.1035804293527,-75.08948084278754,-616.6392480376567,40.07725372452786,-75.08909673253716,57.757844630861655,1.5575792009144918e-06,1.5773157606422974e-06,1431.4665366517431,4999.9999999735865,8635.822464884537,675.6472115358218,8662.212696503162
2023-08-09 16:38:41+00:00,40.10140646541125,-75.09018507535795,-621.2396288593325,40.07325426711366,-75.09038664736258,58.03395436494611,1.5671499466437464e-06,1.5863521864344571e-06,1469.237819422959,4999.999999970612,8888.626119312752,680.5627873878117,8914.641888292874
2023-08-09 16:38:42+00:00,40.09921449483352,-75.0909575767937,-625.8181553224881,40.06904054044532,-75.09182077614616,58.34483281848952,1.5766717567813056e-06,1.6004712831257243e-06,1498.3651160803056,4999.999999967326,9143.888853145128,685.2897282350624,9169.53245101931
2023-08-09 16:38:43+00:00,40.09700745822818,-75.0917982434037,-630.0235494331118,40.064715262288686,-75.0933762387547,58.62500060815364,1.5845939675388145e-06,1.6115990088251729e-06,1523.725462891956,4999.99999996374,9400.97180692266,689.4997797802034,9426.223043238031
2023-08-09 16:38:44+00:00,40.0947841114568,-75.0927076099997,-634.1954766142823,40.06029912477356,-75.09505404779375,58.99951672856696,1.5873201218244916e-06,1.6231638359625432e-06,1558.8180823986852,4999.999999959879,9660.143596483753,693.7178857928775,9685.02033089012
2023-08-09 16:38:45+00:00,40.09332568223955,-75.09266488213183,-641.6406438883744,40.17923883481748,-75.08870285773918,50.25605337950401,1.5943024355010123e-06,1.6266935295009306e-06,1579.1400881281902,4999.999999955744,9831.764996607102,701.4708971796495,9856.757294774923
2023-08-09 16:38:46+00:00,40.09186857931081,-75.09260040818546,-649.7976743778388,40.17770444474325,-75.08868265690442,49.80484821437858,1.6037157485515308e-06,1.6392690867292151e-06,1612.2761667618774,4999.999999951325,10003.279135533265,710.1741744155081,10028.456552301648
2023-08-09 16:38:47+00:00,40.09040513557129,-75.09253798395677,-657.4651827436712,40.17610778192837,-75.08873100642285,50.06920054159127,1.614535857312995e-06,1.6492712101492737e-06,1641.3829812504955,4999.9999999466,10175.13472396672,718.4118362021916,10200.464803981666
2023-08-09 16:38:48+00:00,40.08891671819126,-75.09251176695517,-664.2882685720533,40.17442105745806,-75.08893412784442,51.63877789862454,1.626657768701335e-06,1.6546140578630898e-06,1664.4978647893445,4999.99999994156,10349.561103933764,725.7072286457187,10374.97306144779
2023-08-09 16:38:49+00:00,40.08740984072026,-75.09254588452546,-669.9618724253396,40.17265268129456,-75.0893269204176,54.52095919731073,1.6357134494147603e-06,1.6648866400918922e-06,1686.778809041651,4999.999999936207,10526.207900114994,731.8901184488466,10551.621482119532
2023-08-09 16:38:50+00:00,40.08588628931234,-75.09265654051902,-673.9529978649891,40.17085159388602,-75.08985875428128,58.00317045953125,1.6456665401546205e-06,1.666978402807272e-06,1702.7652643830825,4999.999999930507,10705.0224860861,736.4926152563665,10730.327478690302
2023-08-09 16:38:51+00:00,40.08436316788879,-75.09282934444171,-676.9685942514991,40.16906569243427,-75.09044858055312,61.16524921520613,1.6574745402723014e-06,1.6752164177350052e-06,1728.971559211791,4999.999999924435,10883.88525907543,740.138043154285,10909.0220760453
2023-08-09 16:38:52+00:00,40.08284898801171,-75.09304536700466,-679.6965701222748,40.16731917587766,-75.09104121077101,63.36528264777735,1.6681300462425152e-06,1.6882420285230532e-06,1744.4372275881888,4999.999999918005,11061.478558562929,743.6106757309632,11086.445090226553
2023-08-09 16:38:53+00:00,40.08135223630062,-75.09330487637544,-682.2165760108851,40.16560183520112,-75.09164215194176,64.80407273257151,1.6806399905642932e-06,1.6973370912898473e-06,1771.0495620617312,4999.9999999112,11237.099187761314,746.4843436145859,11261.866498536008
2023-08-09 16:38:54+00:00,40.0798761230064,-75.0935921156314,-684.8862791739812,40.163910808303605,-75.09223788250858,65.43162603722885,1.6881246593102827e-06,1.7104576373151197e-06,1792.0794303236453,4999.999999903974,11410.145987930831,751.9036210537768,11434.893550936444
2023-08-09 16:38:55+00:00,40.078423705093,-75.09390550697654,-687.6429252170276,40.16222627829838,-75.09284118489707,65.52029396407306,1.7026728577176054e-06,1.7212469527139636e-06,1820.3479074079096,4999.999999896359,11581.28540166332,754.6530484722543,11605.846491245193
2023-08-09 16:38:56+00:00,40.07699344795411,-75.09423660105634,-690.8613663345379,40.16052569251276,-75.09345566429982,65.27254814375192,1.712342711895973e-06,1.732613278930639e-06,1846.478843935752,4999.999999888298,11750.360467014996,757.7471938736122,11774.76759492994
2023-08-09 16:38:57+00:00,40.07558345575417,-75.09458418603904,-694.0512460954553,40.15879212513437,-75.09407090993106,64.78917254833505,1.7254474820407443e-06,1.7424492963403492e-06,1870.008198099609,4999.999999879811,11917.341552521882,760.4958365405872,11941.582122853748
2023-08-09 16:38:58+00:00,40.07419148905948,-75.0949411588796,-697.3590019758792,40.157006106122,-75.09467722387268,64.20126818306744,1.738022322558612e-06,1.752704241822049e-06,1904.6794294192584,4999.9999998708445,12082.282579578648,763.469210670319,12106.380035684952
2023-08-09 16:38:59+00:00,40.07282009674171,-75.09530743431881,-700.771986681654,40.15515136937846,-75.09526225392099,63.56260543083772,1.749667780597754e-06,1.7695545638766403e-06,1927.7861185218587,4999.999999861428,12244.824038808933,766.5591385233645,12268.794914507567
2023-08-09 16:39:00+00:00,40.07146451248637,-75.09567383736919,-704.6159401490497,40.15319435426235,-75.09580309784803,62.90829229750671,1.7664323841805102e-06,1.7825181620331492e-06,1950.0978618642112,4999.99999985151,12405.307610409132,770.4155884875416,12429.207419938704
2023-08-09 16:39:01+00:00,40.07011756479381,-75.09603033400069,-708.3483555961129,40.1511179452801,-75.09626865836618,62.35023098741658,1.7766580600946676e-06,1.7892473387928471e-06,1979.1134465285568,4999.999999841113,12564.957132711426,773.7806557479717,12588.760234831923
2023-08-09 16:39:02+00:00,40.06877445865819,-75.0963682929639,-711.9424154936685,40.148985498230914,-75.09663484555162,61.827101974980906,1.7918496538264638e-06,1.7892506896851496e-06,2016.1312508776616,4999.999999830199,12724.608566477693,776.9929446383051,12748.308954763184
2023-08-09 16:39:03+00:00,40.06743452724338,-75.09668489142115,-715.4465482592248,40.14679432568716,-75.09690258529852,61.4190299899783,1.8008138810729084e-06,1.79738198983414e-06,2038.094152515996,4999.999999818746,12883.904671263464,780.081020907567,12907.498827324553
2023-08-09 16:39:04+00:00,40.06609236429224,-75.09696637973704,-718.6747604004943,40.14451636859473,-75.09707327165918,61.27742645191029,1.807775285541584e-06,1.8070232225168104e-06,2072.177496640918,4999.999999806752,13043.16609550087,782.723589948941,13066.630706233567
2023-08-09 16:39:05+00:00,40.06474442269538,-75.09721017195346,-721.737912552795,40.14220492860931,-75.09717148355956,61.28158589801751,1.8182008387731e-06,1.818667975499809e-06,2095.166092044002,4999.999999794231,13203.060879931232,785.2513451826878,13226.391657375105
2023-08-09 16:39:06+00:00,40.06339179625252,-75.0974189679042,-724.6076602503775,40.13993407768171,-75.09724876007972,61.19806982972659,1.8344903653560129e-06,1.8327306239693528e-06,2127.952187063366,4999.999999781165,13363.007512637736,787.6886300604366,13386.202716257478
2023-08-09 16:39:07+00:00,40.06203626575892,-75.09759322315642,-727.3942613523193,40.137682978398864,-75.09733305813772,61.09587513725273,1.849082435656288e-06,1.8387652507427569e-06,2157.3398051380213,4999.99999976747,13524.106256854626,789.8178110745785,13547.149597660204
2023-08-09 16:39:08+00:00,40.06067468866302,-75.09774340490841,-729.9326495155346,40.13542768049235,-75.09745700330942,61.095489950152114,1.8612394303209568e-06,1.848574324187138e-06,2185.131184006564,4999.999999753152,13685.41888791513,791.909873725831,13708.311762788611
2023-08-09 16:39:09+00:00,40.0593102332588,-75.09787567694339,-732.2196378028113,40.133199987030494,-75.09766938242208,61.15808124165051,1.875474984336484e-06,1.860412029533616e-06,2215.718170803668,4999.99999973819,13846.942423751369,793.6849768800392,13869.67015935168
2023-08-09 16:39:10+00:00,40.057946626201385,-75.09800205877949,-734.3246186711109,40.13101335140988,-75.098021990938,61.35594360111281,1.878287079790573e-06,1.8774046912494423e-06,2237.27234615476,4999.999999722602,14009.07216916922,795.4852372107646,14031.639241500328
2023-08-09 16:39:11+00:00,40.05658857457512,-75.09813819421407,-736.2362111807465,40.12891733356484,-75.09854156556258,61.62643864681013,1.8930335020933552e-06,1.88765040990286e-06,2255.943109235027,4999.999999706314,14170.325966769064,797.1700952482178,14192.731173570774
2023-08-09 16:39:12+00:00,40.0552429901322,-75.09829142996631,-737.9051220734219,40.126945442651895,-75.09924370017137,61.9509261562489,1.9090181540487864e-06,1.8924047724683328e-06,2281.781082047862,4999.999999689351,14329.532798652592,798.5452145202576,14351.765908322695
2023-08-09 16:39:13+00:00,40.0539173758617,-75.09847073101007,-739.359319163198,40.125139223221645,-75.10006114341444,62.27210129774176,1.9220168530987734e-06,1.8973743531554385e-06,2297.794532194966,4999.999999671649,14487.179068246394,799.5133494702509,14509.223926572284
2023-08-09 16:39:14+00:00,40.05260748956815,-75.09868248136907,-740.5598303786089,40.1234786151369,-75.10096301936828,62.68052859301679,1.932490075476149e-06,1.906043415361604e-06,2324.165128066054,4999.999999653367,14642.653777285988,800.0816864561258,14664.49591177515
2023-08-09 16:39:15+00:00,40.05131413937315,-75.09892094595256,-741.4164038382036,40.121969104143446,-75.10183654820278,63.02471813838929,1.9399413520402865e-06,1.916878818069004e-06,2357.995413693336,4999.999999634931,14795.64400464366,800.4986558679051,14817.283138625457
2023-08-09 16:39:16+00:00,40.05004159941137,-75.09917414000543,-742.0679128508991,40.12055413107229,-75.1026916371107,63.365502612665296,1.9462879208490414e-06,1.9225061757552708e-06,2380.067131647955,4999.999999616899,14946.364428684785,800.6907865772826,14967.795942314406
2023-08-09 16:39:17+00:00,40.0487882738051,-75.09943696400079,-742.9295305393,40.11921672362871,-75.10349296871124,63.55884245643392,1.958751363055264e-06,1.9296683021639715e-06,2407.625115659453,4999.9999995993285,15094.50644538516,801.4309348707995,15115.76714471158
2023-08-09 16:39:18+00:00,40.04755571550494,-75.09971057343046,-743.6313085046606,40.11792893219004,-75.10426820310278,63.658249638509005,1.968302946522033e-06,1.940361610143587e-06,2432.823298428461,4999.999999581804,15240.394668445922,802.1389752692112,15261.48933052213
2023-08-09 16:39:19+00:00,40.04633888754733,-75.0999868895913,-744.1407564434883,40.1166820412198,-75.10499126725547,63.6604904406704,1.9790249504763265e-06,1.953780308875104e-06,2447.253918293687,4999.999999563847,15384.823316146822,802.7200194297502,15405.750481513329
2023-08-09 16:39:20+00:00,40.04513642851494,-75.10026411909746,-744.7504208132631,40.11546649203831,-75.10564072344665,63.54108510073274,1.993548405287807e-06,1.963262494118109e-06,2470.604297807328,4999.999999545439,15527.62294556854,803.372768315568,15548.391625651111
2023-08-09 16:39:21+00:00,40.04394234287046,-75.10053892505289,-745.3430957589205,40.11427549614458,-75.1062089877651,63.27919926960021,2.0021300640572773e-06,1.977535441184841e-06,2482.981909283273,4999.999999526495,15669.611465951944,803.9270369482019,15690.220590375042
2023-08-09 16:39:22+00:00,40.04276412839605,-75.10080979935915,-745.9201385181724,40.11308657882282,-75.10680916312423,63.155258173123,2.0159473368001702e-06,1.9868847204322422e-06,2498.4604588792463,4999.999999507038,15809.91471522862,804.2710017681111,15830.358655036453
2023-08-09 16:39:23+00:00,40.04159608544667,-75.10106769760287,-746.71370023386,40.11191291228295,-75.10733519607955,62.87741684471257,2.0242900273560937e-06,2.005686900833216e-06,2534.472184640516,4999.9999994870695,15949.014808791855,804.7231076642773,15969.303449151148
2023-08-09 16:39:24+00:00,40.04043672252955,-75.10132271053243,-747.314037449202,40.1107467285605,-75.10782857552796,62.53451201273128,2.033845844977916e-06,2.019288201306234e-06,2561.042080779064,4999.999999466534,16087.497579753071,804.9171916632256,16107.621489965426
2023-08-09 16:39:25+00:00,40.03928368512263,-75.1015625343455,-748.0859891987946,40.1095799524492,-75.10830613390036,62.2013918235898,2.0420348459611467e-06,2.0266807456571184e-06,2588.122683997936,4999.999999445447,16225.334569916226,805.0851363293821,16245.296057088555
2023-08-09 16:39:26+00:00,40.03814386761464,-75.10179167762168,-748.9954804754038,40.10840012544055,-75.10878135940298,61.825021045748144,2.0588724108962053e-06,2.039018279130532e-06,2609.382532818143,4999.999999423797,16361.712127042652,805.5584043050869,16381.530699875428
2023-08-09 16:39:27+00:00,40.03700848096238,-75.1020082441415,-749.9280141368893,40.10720085840618,-75.10925683920341,61.43839821894653,2.0704235094619224e-06,2.050828817344942e-06,2633.841179610128,4999.999999401401,16497.98161456706,806.1063140610459,16517.663416602296
2023-08-09 16:39:28+00:00,40.03587985764983,-75.10221347496582,-750.7832219158602,40.10598696007608,-75.10971513013911,61.11961193638854,2.07837856588466e-06,2.063641352170446e-06,2661.558974094066,4999.999999378446,16633.864096279474,806.3705886294185,16653.39810067909
2023-08-09 16:39:29+00:00,40.03475312688866,-75.10241645444052,-751.5986225767807,40.104768826436725,-75.11013568828172,60.82233341992833,2.0882264782456267e-06,2.0667523418949365e-06,2691.030252869989,4999.999999354875,16769.89419703688,806.6989600057608,16789.285708209438
2023-08-09 16:39:30+00:00,40.03363164698159,-75.10260972162428,-752.422257069326,40.10355780125505,-75.11052786345314,60.4941742348019,2.0976638536775653e-06,2.0782557060271285e-06,2712.6327853575526,4999.999999330626,16905.174294889737,807.1352629180496,16924.431608572457
2023-08-09 16:39:31+00:00,40.03251186131794,-75.10279813456319,-753.1444707338733,40.10234415826497,-75.11089399561021,60.229361897101626,2.105818709023584e-06,2.090608317270912e-06,2735.130065272313,4999.9999993057845,17040.418258439146,807.4664358611415,17059.53857721798
2023-08-09 16:39:32+00:00,40.03139045421601,-75.10298358638835,-753.9203529285894,40.10111854201664,-75.11123809181943,60.03767427033745,2.1179277925190293e-06,2.093850613982922e-06,2759.1850256044754,4999.99999928029,17175.739881621834,807.5949136293732,17194.715758792143
2023-08-09 16:39:33+00:00,40.03026993911898,-75.10316476997298,-754.3924407455219,40.09985305187098,-75.11158121752814,59.98547289753333,2.1323162581711623e-06,2.1041986765559416e-06,2790.005636294304,4999.999999254136,17310.94561424352,807.4755909090961,17329.767883304463
2023-08-09 16:39:34+00:00,40.0291490425516,-75.10333434221491,-754.9709592384172,40.09864069829589,-75.11188235741702,59.8324765264988,2.1458487398294898e-06,2.1145526725888305e-06,2806.2601430294617,4999.999999227166,17446.18075590901,807.496243502238,17464.858234498213
2023-08-09 16:39:35+00:00,40.02802825061674,-75.10349509821665,-755.2501202186384,40.09747946733603,-75.11215331632413,59.60475133359432,2.156585396851004e-06,2.12923324802709e-06,2831.1827064069207,4999.999999199431,17581.272292412174,807.2898440887442,17599.796939519183
2023-08-09 16:39:36+00:00,40.026718707045845,-75.10357491669808,-755.8595355915335,40.09254853536989,-75.10785281594603,59.04920840752311,2.170753090991396e-06,2.1377217543361546e-06,2856.9445039540637,4999.999999170953,17736.96401274521,807.5241445717381,17755.336877499256
2023-08-09 16:39:37+00:00,40.02540354548637,-75.10365709462275,-756.26901942418,40.0911805990568,-75.10803185077887,58.82916327379644,2.178223327653076e-06,2.1502022904982792e-06,2882.5233553388885,4999.999999141747,17893.58769848015,807.7584050952073,17911.810471423658
2023-08-09 16:39:38+00:00,40.02408356627788,-75.10373863540948,-756.5303851359054,40.08981539790429,-75.10820332587964,58.79450940806419,2.1989795571263027e-06,2.157094433428903e-06,2906.093757952447,4999.999999111653,18050.573923792603,807.8081246035854,18068.64059481169
2023-08-09 16:39:39+00:00,40.02275955846156,-75.10382149114308,-757.4948933198903,40.08846599114736,-75.10838870356699,58.44837772962637,2.201449411950225e-06,2.170480652837876e-06,2923.7205504785284,4999.99999908094,18208.006323537946,808.5361315577516,18225.94921956144
2023-08-09 16:39:40+00:00,40.02143479685644,-75.10390111871658,-758.4735179527744,40.08714250192343,-75.10858569557747,57.73271657084115,2.2144870278466448e-06,2.1819580060060384e-06,2956.6054968263,4999.999999049753,18365.86087952525,809.3175213996924,18383.684089336413
2023-08-09 16:39:41+00:00,40.02010105923053,-75.103984070542,-759.6727268399454,40.08584061988455,-75.10877512660524,56.94232854386792,2.2193282034969347e-06,2.201504134385577e-06,2981.04784212454,4999.999999017328,18524.69831283276,809.9662721538876,18542.397173599096
2023-08-09 16:39:42+00:00,40.01876397686376,-75.10406301775345,-760.9536919048296,40.0845664596425,-75.10896534887439,56.00734993373044,2.230664821797159e-06,2.209348021310156e-06,2995.699320511521,4999.999998983944,18684.19697150143,810.534391372635,18701.76950102479
2023-08-09 16:39:43+00:00,40.01742318385685,-75.1041380877255,-761.8933805830796,40.083318954814,-75.10916204323138,55.32239949400537,2.2381666594210803e-06,2.212960792991529e-06,3019.683776381045,4999.999998949794,18844.05508470332,810.7876495571759,18861.48956599153
2023-08-09 16:39:44+00:00,40.01608880780726,-75.10421803855564,-762.314194180392,40.0820876406271,-75.10934217779804,55.11084173596464,2.251135879957388e-06,2.2223170839819968e-06,3044.959513099388,4999.999998914619,19003.426649081262,810.5670187512642,19020.705646712988
2023-08-09 16:39:45+00:00,40.01602842086496,-75.10450954277488,-760.3689498991212,40.187139648427575,-75.0981588536049,64.77289485558867,2.264805039494432e-06,2.2363147234610348e-06,3084.149520111907,4999.999998878638,19022.326146209103,808.1376074465652,19039.484720057942
2023-08-09 16:39:46+00:00,40.015972557314186,-75.10477829522802,-759.2236522571167,40.18707713577153,-75.09844081777103,64.13014030922204,2.2804378546713483e-06,2.241373055291009e-06,3106.2178157361573,4999.999998841792,19040.61469365116,806.9620711569079,19057.70698946676
2023-08-09 16:39:47+00:00,40.01591885094459,-75.10501667438723,-758.2956911860842,40.18701404510906,-75.09869892838529,62.89461448066868,2.298401161489248e-06,2.2492868069905174e-06,3131.4940176328364,4999.999998804621,19058.2806504655,805.67423994898,19075.30267997929
2023-08-09 16:39:48+00:00,40.015865311036606,-75.10523004525902,-757.7145134105485,40.186958399536216,-75.09892811074717,61.48874867917039,2.3188124284134363e-06,2.2617688330665548e-06,3168.5386931045296,4999.9999987665,19075.56675234085,804.7892299230814,19092.536044947297
2023-08-09 16:39:49+00:00,40.015816667516646,-75.10541893960993,-757.500745232624,40.18692065381978,-75.09912551380297,59.99467312428169,2.337046109914116e-06,2.265438560087647e-06,3206.4496859114465,4999.999998727626,19092.173605470005,804.406670466247,19109.11204302534
2023-08-09 16:39:50+00:00,40.01577370862671,-75.10557492234341,-757.7407903491517,40.18690687859055,-75.09928781709026,58.44784857612103,2.3505708967596622e-06,2.2787475025001057e-06,3222.3552470570394,4999.9999986880775,19107.9129013382,804.6674005665496,19124.848367259317
2023-08-09 16:39:51+00:00,40.01573385961752,-75.10570549251517,-758.2121060694212,40.18691239831221,-75.09941629418252,56.922447941266,2.3617824296748905e-06,2.2945271103568763e-06,3250.3739113175,4999.999998647852,19122.773589357246,805.2894538174357,19139.72206836475
2023-08-09 16:39:52+00:00,40.015703096199374,-75.10580852000365,-759.0526322421688,40.18691973522104,-75.09951895546091,55.51831307122484,2.374420631642688e-06,2.3058145356825784e-06,3283.9812997748286,4999.999998606777,19136.35067633399,806.8231203711798,19153.35168463196
2023-08-09 16:39:53+00:00,40.01567633115216,-75.10588644132037,-760.1904268250635,40.18690415656173,-75.09960697835656,54.368303700583056,2.382682894051107e-06,2.3136287777169654e-06,3314.1973496113537,4999.999998565296,19149.148583966336,808.7139688639386,19166.217930887036
2023-08-09 16:39:54+00:00,40.015653118162575,-75.10594704115712,-761.2578861592813,40.18685570157225,-75.09968847038408,53.48514821799472,2.393097386040358e-06,2.3267532009842688e-06,3333.8275660781565,4999.999998523233,19160.567571073967,810.5044043989674,19177.70233983314
2023-08-09 16:39:55+00:00,40.01563321489508,-75.10599309416563,-762.4785278098257,40.18677018205098,-75.0997681985853,52.84791531134397,2.4009215055935327e-06,2.33586581830682e-06,3373.848102112502,4999.999998480513,19171.32541974772,812.2064016096058,19188.52254835376
2023-08-09 16:39:56+00:00,40.01561294646069,-75.10602731026844,-763.62137894664,40.18663366748025,-75.09985179253016,52.49705889052712,2.416853483208596e-06,2.349699917753675e-06,3397.523846688038,4999.999998437077,19181.66878922304,813.9984475711593,19198.932548766912
2023-08-09 16:39:57+00:00,40.01558615303441,-75.10605384292157,-764.5991504286665,40.18643677760577,-75.09994307544044,52.5161223502364,2.424648295453304e-06,2.364631116823886e-06,3419.895783772669,4999.999998393014,19191.95716008595,815.326867709181,19209.26801145173
2023-08-09 16:39:58+00:00,40.015558214179215,-75.10607460242184,-765.5274843746021,40.18621546492749,-75.10003136889229,52.70061434409581,2.438040045262225e-06,2.380606113572542e-06,3432.048620356569,4999.999998348174,19202.049983245128,816.7155848395739,19219.41070651137
2023-08-09 16:39:59+00:00,40.01552232586789,-75.10609203741485,-766.1649131072337,40.18596625661272,-75.10011657867048,53.06093987869099,2.4532650040673217e-06,2.391968879493559e-06,3459.536892776567,4999.999998302564,19212.313979661973,817.9567582631092,19229.718191161908
2023-08-09 16:40:00+00:00,40.015481842871765,-75.10610670459485,-766.7759060037564,40.18570880342085,-75.10019140642774,53.47818776965141,2.46726611550397e-06,2.4033731159167905e-06,3482.473184531093,4999.9999982562185,19222.266914365915,819.2211039531488,19239.715916413337
2023-08-09 16:40:01+00:00,40.01542496742103,-75.10611293569386,-767.1755329152223,40.185437264006026,-75.100256349087,53.93324105232023,2.479073516350038e-06,2.417806545016953e-06,3494.961784442553,4999.999998209153,19233.38365139893,819.983522344312,19250.855037083827
2023-08-09 16:40:02+00:00,40.015350581706045,-75.10611812843263,-767.4587204973054,40.18513855537101,-75.10031317922909,54.37394624063745,2.481970494422473e-06,2.437229112900641e-06,3501.2730754962467,4999.999998161389,19245.94744345571,820.6273039906089,19263.4348486534
2023-08-09 16:40:03+00:00,40.01525395780635,-75.10612204605223,-767.9801577427943,40.18477859869047,-75.10036935570074,54.782069673528895,2.4891999594853585e-06,2.4467132547941546e-06,3519.4579116422256,4999.999998112805,19260.315410546395,821.3844450477193,19277.82202740489
2023-08-09 16:40:04+00:00,40.01513004042633,-75.10612736379701,-768.7262889647442,40.1843652457221,-75.1004271300798,55.05428368761204,2.495871720698772e-06,2.457743464966547e-06,3557.708415038573,4999.999998063313,19278.1106335867,822.3985332504265,19295.644299900978
2023-08-09 16:40:05+00:00,40.014982705715525,-75.1061374925784,-769.5631160874656,40.18389652899289,-75.10049075580987,55.15688048838638,2.511242653968173e-06,2.465768277162045e-06,3582.79920330336,4999.99999801297,19298.387933665137,823.6158959798335,19315.95506265074
2023-08-09 16:40:06+00:00,40.01481875748354,-75.10615527748675,-770.5296888134607,40.18333593425484,-75.10057169004973,55.20256184274331,2.51774388194881e-06,2.4719030505500355e-06,3616.2047878991634,4999.9999979618,19321.086315806344,824.8000252565174,19338.683292936526
2023-08-09 16:40:07+00:00,40.01464063506526,-75.10618147980831,-771.3151253675975,40.18269821724285,-75.10067279052318,55.26474734861404,2.5392808980569858e-06,2.482378327050212e-06,3626.72962691112,4999.999997909603,19346.135366497238,826.1144991755123,19363.765614791537
2023-08-09 16:40:08+00:00,40.01445260235231,-75.10622252503724,-772.2893298076168,40.18199766595063,-75.10079615789688,55.41236196318641,2.547797171922683e-06,2.4916873636332785e-06,3661.4493681072663,4999.999997856583,19372.290872793277,827.6944839740315,19389.964719382824
2023-08-09 16:40:09+00:00,40.014266786329074,-75.10627892241172,-773.4268984334124,40.18127369779005,-75.10093818197566,55.66287158499472,2.5629659572955403e-06,2.502764191820072e-06,3695.726828520897,4999.999997803027,19399.058283139548,829.3506130261677,19416.77843289077
2023-08-09 16:40:10+00:00,40.01408737313397,-75.10635328290275,-774.4060782485324,40.18060767388781,-75.10108414391864,56.06261289352551,2.574038944393597e-06,2.5098990600952182e-06,3709.891640223616,4999.999997748992,19426.195398941825,830.6433719506391,19443.946000985343
2023-08-09 16:40:11+00:00,40.01392594341229,-75.10643932704687,-775.22532919099,40.180023278541846,-75.10122205796111,56.74406705820002,2.581186147827347e-06,2.525924937143541e-06,3734.716422188076,4999.999997694621,19450.9805277594,831.666061228884,19468.752192389613
2023-08-09 16:40:12+00:00,40.01378680741063,-75.10653604130388,-775.7639858812734,40.17958165828698,-75.10133575409712,57.45951421000064,2.588121633245877e-06,2.5461731916359025e-06,3760.005897193552,4999.999997639795,19474.07200676283,832.3768692636387,19491.85295904597
2023-08-09 16:40:13+00:00,40.01366128529747,-75.10663975374564,-776.0592779095475,40.17924684728304,-75.10142698281277,58.123553637648,2.6013078957029856e-06,2.555855250656592e-06,3771.472739322068,4999.999997584072,19495.53110282841,832.9518433446225,19513.317036185344
2023-08-09 16:40:14+00:00,40.01354852816014,-75.10675384351238,-776.3241693038551,40.17897983874657,-75.10150494468637,58.670699667418376,2.608992329647792e-06,2.560919109198146e-06,3796.373039482253,4999.999997527279,19515.556158252395,833.586139942075,19533.350916281783
2023-08-09 16:40:15+00:00,40.01344442548252,-75.10687798262751,-776.6050036506599,40.17875906863978,-75.10158208780439,59.04066899023019,2.618676745811111e-06,2.570182325740793e-06,3823.0175550363474,4999.999997469688,19534.42490095665,834.3672681489942,19552.2358043594
2023-08-09 16:40:16+00:00,40.01334453408285,-75.10701187750618,-777.130089983392,40.178556270301485,-75.10166339973902,59.17678151396103,2.627426688227144e-06,2.583436826465222e-06,3845.338646701218,4999.999997410938,19552.811796326696,835.0201109389495,19570.63381007996
2023-08-09 16:40:17+00:00,40.01324936487708,-75.10715568440618,-777.6074542473452,40.1783349897231,-75.10173582459038,59.20802322635427,2.6459658215889307e-06,2.592933289786124e-06,3865.3506024159815,4999.999997351238,19570.585832957586,835.8005038781786,19588.424957802068
2023-08-09 16:40:18+00:00,40.013174868028095,-75.10729555657507,-777.6380346083909,40.178109837773135,-75.10179713996229,59.30925259459764,2.65919781678786e-06,2.604069836304805e-06,3892.044506433951,4999.999997290709,19586.14211186913,836.2334137544939,19603.98554245062
2023-08-09 16:40:19+00:00,40.01311497031692,-75.1074369027126,-777.6350433105052,40.17802097652845,-75.1019148348272,59.26171797909774,2.667666235712143e-06,2.609929662972064e-06,3912.3834454030166,4999.999997229631,19599.3741237164,836.2217143648372,19617.20502000677
2023-08-09 16:40:20+00:00,40.01306944766566,-75.10757605012412,-777.5372037802917,40.17793560958587,-75.10202703602556,59.39725244697184,2.678147349893289e-06,2.617937682563958e-06,3935.177369257382,4999.999997167842,19609.50124970988,835.8950846230198,19627.30903243922
2023-08-09 16:40:21+00:00,40.01303646495573,-75.10771758022284,-777.197836806055,40.17785136238744,-75.10213326122529,59.74457359057851,2.689863843336226e-06,2.6307626398154462e-06,3940.143202548128,4999.999997105922,19616.93131827682,835.650851879442,19634.72196625755
2023-08-09 16:40:22+00:00,40.01301112873823,-75.10786794792833,-776.7035661695777,40.17787995734292,-75.10228480396309,60.12927321530879,2.702505428914494e-06,2.636772446677166e-06,3966.417900785028,4999.999997042712,19622.068872935302,835.0172428476768,19639.827918036084
2023-08-09 16:40:23+00:00,40.01298794360659,-75.10804917738938,-776.549277912385,40.17806020050726,-75.10250840511326,60.32091097696684,2.704080601622183e-06,2.6421394596738128e-06,3989.618341443033,4999.999996978316,19625.739930665462,835.0075080678386,19643.495243073383
2023-08-09 16:40:24+00:00,40.01296549730367,-75.10825327428067,-776.6520938392999,40.178021367355015,-75.10267383417926,60.43741626664996,2.705660586764224e-06,2.64681860002881e-06,4018.995929210108,4999.999996913293,19628.69241423174,835.565152041576,19646.468767079365
2023-08-09 16:40:25+00:00,40.012945631324286,-75.10848546070567,-776.8574592158834,40.178151497799945,-75.10292472773816,60.18668606784195,2.718687236991412e-06,2.6566495544647683e-06,4036.678481243911,4999.999996847582,19631.413968744066,836.3124571122686,19649.219652141936
2023-08-09 16:40:26+00:00,40.01292511768476,-75.1087472629251,-777.4136488209242,40.178180329335774,-75.1031650145769,59.71123348968104,2.728438390872219e-06,2.6656433489377845e-06,4054.916113199792,4999.999996781233,19634.191263446264,837.5341268027738,19652.046457892087
2023-08-09 16:40:27+00:00,40.01289956180434,-75.10905097972545,-778.8192584852444,40.17800576347436,-75.10336110070352,58.88760668388568,2.7380424276879675e-06,2.672427499862475e-06,4090.244534127808,4999.999996713933,19637.774392601783,839.4200682166861,19655.70678316227
2023-08-09 16:40:28+00:00,40.01285692212648,-75.10938543225814,-780.838276021464,40.17726117801425,-75.10333626706286,58.0237074631732,2.7464003173301576e-06,2.678747602641856e-06,4107.356404230642,4999.999996645669,19643.620918411856,841.6770580417935,19661.64446470085
2023-08-09 16:40:29+00:00,40.01279939774034,-75.1097467854611,-783.4453256900263,40.176536019448086,-75.10329116755388,56.83369467803277,2.756990107796246e-06,2.683343368702317e-06,4135.933224616292,4999.999996576337,19652.335273398887,844.5283956923073,19670.473047418272
2023-08-09 16:40:30+00:00,40.01272931129204,-75.11012843833922,-786.5062701207164,40.17588065208336,-75.10318004399461,55.67465314641595,2.756901131846109e-06,2.706194261282958e-06,4160.551596992292,4999.999996506365,19663.831117906582,847.8817997482544,19682.102473564544
2023-08-09 16:40:31+00:00,40.01264486873395,-75.11051324188992,-789.5275970308214,40.175524180116646,-75.1030260258135,54.89288724726066,2.768268123053779e-06,2.7120691092074798e-06,4181.699571413892,4999.9999964358,19677.777223440968,851.1063751405034,19696.17471787801
2023-08-09 16:40:32+00:00,40.01255495303051,-75.11089342882738,-792.6795838386174,40.1756383231498,-75.1029311197847,54.48626012378372,2.779266020565686e-06,2.722672815364232e-06,4211.128421984557,4999.999996364327,19693.954709263176,853.7738150480219,19712.45245568828
2023-08-09 16:40:33+00:00,40.01246799742469,-75.11127805418106,-795.565448460726,40.17617023642942,-75.1029459653576,54.30370198190212,2.7964528443621704e-06,2.7273784262137668e-06,4237.617296524322,4999.9999962919655,19710.40570728121,856.0445649056774,19728.986427151503
2023-08-09 16:40:34+00:00,40.01238758581896,-75.11165755209235,-798.3306029481764,40.177020065124495,-75.10307046623257,54.327952574938536,2.801008141416642e-06,2.7348065780568105e-06,4266.456558883737,4999.999996218794,19726.65137694003,857.9617103548478,19745.3000190872
2023-08-09 16:40:35+00:00,40.012317751337534,-75.11202340753991,-800.5886817097264,40.17797191080734,-75.10330029142597,54.42121853516437,2.810679497657344e-06,2.750884928363743e-06,4282.595173254516,4999.999996144536,19742.91707522168,859.0191273934333,19761.596304456467
2023-08-09 16:40:36+00:00,40.01225974380098,-75.1123681722959,-802.2610688683004,40.178800640913,-75.10359734087196,54.61547331768088,2.816193695034277e-06,2.762620082572732e-06,4312.058759687642,4999.999996068004,19757.72144456658,860.018001691153,19776.43010364406
2023-08-09 16:40:37+00:00,40.012221383789495,-75.11268885753118,-803.4572779590039,40.17935128781236,-75.10391424680846,54.810317266965285,2.826903037585331e-06,2.769985847336056e-06,4334.214005112942,4999.999995987751,19769.630853148567,860.6556311483134,19788.35597479465
2023-08-09 16:40:38+00:00,40.01218994714542,-75.11298481047481,-804.077837783664,40.179642234736136,-75.10422203262482,55.17053004237823,2.82896203380421e-06,2.7845123596653637e-06,4335.376236550306,4999.999995906529,19779.769495491462,860.9335818153938,19798.49711283844
2023-08-09 16:40:39+00:00,40.0121676367318,-75.11326633155221,-804.3499685387392,40.17966410101313,-75.1045101091099,55.56724458816461,2.8340539440490363e-06,2.7911718899865397e-06,4354.484402220975,4999.999995824581,19787.2059791549,861.3205784477035,19805.943390819863
2023-08-09 16:40:40+00:00,40.01215297591841,-75.11354360500118,-804.3119544832165,40.1794836812994,-75.1047849329269,56.1496079841163,2.839172706681984e-06,2.796254725075029e-06,4379.743002527611,4999.999995741692,19792.41960925389,861.0809902091983,19811.141674837363
2023-08-09 16:40:41+00:00,40.01214207038405,-75.1138325707227,-804.3455984534196,40.17913576562039,-75.10505896717005,56.67558556445874,2.851364521397256e-06,2.8032675077840686e-06,4407.281110178292,4999.999995657802,19795.559581367077,861.0893203552797,19814.279042071747
2023-08-09 16:40:42+00:00,40.01213446299545,-75.11413672613311,-804.6823888895882,40.17859203645534,-75.10534544783212,57.07445251662284,2.8535159484211474e-06,2.814037231988492e-06,4430.815833131019,4999.999995573064,19797.82417090652,860.6796601792569,19816.52369563281
2023-08-09 16:40:43+00:00,40.01213187528111,-75.11445837620386,-805.2000812671165,40.177975689631175,-75.1056512893124,57.21158306882717,2.861800623489539e-06,2.8189632326644364e-06,4466.886628153526,4999.999995487726,19799.48340311737,860.8137348477991,19818.18718542195
2023-08-09 16:40:44+00:00,40.01213171502337,-75.1147994206887,-805.9468205249821,40.17733852998997,-75.10597972702948,57.09317076462321,2.8647785752813373e-06,2.8221109738819107e-06,4489.991686424311,4999.9999954017485,19800.982011180156,860.5911206374745,19819.674711861444
2023-08-09 16:40:45+00:00,40.012034365083295,-75.11502253785923,-806.083671499285,40.18998410955564,-75.10321590540593,60.30694654723629,2.8764188154241677e-06,2.829099350189696e-06,4505.275068312506,4999.999995314556,19812.86421966545,859.9435857589468,19831.517631224982
2023-08-09 16:40:46+00:00,40.011949895248605,-75.11526766421386,-806.6278581640488,40.18989611917674,-75.10345235276455,59.489490354200825,2.890112195762736e-06,2.848581690716781e-06,4548.124643710163,4999.9999952261705,19823.251116575026,859.9588373329142,19841.895424396836
2023-08-09 16:40:47+00:00,40.01188329662977,-75.11553048842887,-807.4879838082179,40.18982223044544,-75.10370858574379,58.5520059815608,2.907397558977932e-06,2.8608272150810923e-06,4555.182150172862,4999.999995136714,19832.024539888615,860.597347797899,19850.68827889303
2023-08-09 16:40:48+00:00,40.01182900552802,-75.11581229762412,-808.6894263050798,40.1897599791742,-75.10398350252541,57.559094169642776,2.9179388928161502e-06,2.873606132544273e-06,4571.959593621985,4999.999995046247,19839.46194807758,861.670713586135,19858.165242737567
2023-08-09 16:40:49+00:00,40.01178915962405,-75.11611437460303,-810.0886940024604,40.18970317612941,-75.1042753484545,56.60082439286634,2.9283660269957584e-06,2.8876868114005217e-06,4592.284736714497,4999.9999949548455,19845.34551606276,862.984907656565,19864.100322006914
2023-08-09 16:40:50+00:00,40.011760766601256,-75.1164337497487,-811.7206816238187,40.1896432921207,-75.10458219003388,55.73318363493309,2.944569374968057e-06,2.9020301496657115e-06,4604.799173634977,4999.999994862401,19850.0565113836,864.5695884057131,19868.87576281856
2023-08-09 16:40:51+00:00,40.01174716846794,-75.11676824868631,-813.5344634586327,40.1895713197944,-75.1049020078888,54.98637947603129,2.9571292533388426e-06,2.90879601102285e-06,4620.50048315082,4999.999994768973,19853.232002406665,865.8848068536596,19872.10551099516
2023-08-09 16:40:52+00:00,40.01174209699103,-75.11711318457466,-815.3180056356102,40.18947885064736,-75.10523283600533,54.38048466900364,2.9711417618930256e-06,2.9212985405161472e-06,4644.504317410268,4999.999994674593,19855.56020135399,867.2994721913574,19874.493183074024
2023-08-09 16:40:53+00:00,40.01174595593707,-75.11747122918439,-817.1521975428577,40.189356197600375,-75.10557249575989,53.95220138202421,2.978793427170307e-06,2.9311722233102234e-06,4655.827150725101,4999.99999457927,19857.007745209416,868.8571018358598,19876.00737715493
2023-08-09 16:40:54+00:00,40.01175704530923,-75.11784150203681,-818.9125365175097,40.18920213397915,-75.10592017923582,53.64768142160028,2.9902761611338564e-06,2.944588770496843e-06,4679.588607496526,4999.999994482914,19857.762820638764,870.422920676586,19876.830237781436
2023-08-09 16:40:55+00:00,40.01177529033956,-75.11821954508915,-820.8959863140678,40.18901374557243,-75.10627503724517,53.45702188368887,2.9909619615847634e-06,2.9466734556715485e-06,4677.687308671584,4999.999994385677,19857.82165154921,872.2425418156075,19876.96877787177
2023-08-09 16:40:56+00:00,40.01180188505472,-75.11860501121666,-822.8154770313045,40.18879228573493,-75.10663683133164,53.34168143314309,2.9986312310389333e-06,2.959238412948578e-06,4699.220218063716,4999.999994287571,19857.049833604917,874.0240090427927,19876.27596061828
2023-08-09 16:40:57+00:00,40.01183230806252,-75.11899937950992,-824.6003299762319,40.188536252442006,-75.10700527593129,53.29234073590487,3.005837071659105e-06,2.960173997669335e-06,4726.620790813986,4999.999994188666,19855.961861785305,875.7027712629363,19875.262936632316
2023-08-09 16:40:58+00:00,40.01187357420284,-75.11939865996003,-826.4805982458342,40.18825349557539,-75.10738147619739,53.24616242968477,3.0176792362339297e-06,2.971850265046617e-06,4754.061523743548,4999.999994088737,19853.75449779816,877.4701739170985,19873.1356752012
2023-08-09 16:40:59+00:00,40.01191886493175,-75.119798734635,-828.3412210410877,40.18792940155681,-75.1077648264009,53.27469164947979,3.0290148831889443e-06,2.98321483703361e-06,4778.242547974614,4999.999993987945,19851.166519918952,879.2365133378806,19870.62830028124
2023-08-09 16:41:00+00:00,40.01196959058929,-75.12020710880037,-830.0687181579063,40.18757190114303,-75.10815702783589,53.32591590215452,3.039776932923639e-06,2.9978440316181897e-06,4802.904601096436,4999.999993886131,19848.086718991646,880.9099862710743,19867.62564597301
2023-08-09 16:41:01+00:00,40.01202810895202,-75.12062037352098,-831.8024934554965,40.18718222580248,-75.1085592932111,53.3894932619296,3.049137443486685e-06,3.005655784821731e-06,4842.521636894756,4999.999993783381,19844.23782864379,882.5797768417924,19863.854662735208
2023-08-09 16:41:02+00:00,40.012090139697705,-75.1210347025407,-833.3766564807968,40.1867568895707,-75.10897316457182,53.47456246241927,3.059773139086863e-06,3.017422813515898e-06,4864.570630147418,4999.99999367969,19840.07034623873,884.1152617802023,19859.75959420995
2023-08-09 16:41:03+00:00,40.012157804536685,-75.1214523886817,-834.84947226332,40.186301265427005,-75.10940068588883,53.559666046872735,3.074870867813568e-06,3.0243368904561905e-06,4888.748251130184,4999.999993574958,19835.36333907706,885.549001691726,19855.12114865078
2023-08-09 16:41:04+00:00,40.01223135684825,-75.12187447854276,-836.2758128977595,40.1858079712309,-75.10984424422655,53.67016251781024,3.0830423522830745e-06,3.0327380207951383e-06,4896.747078969131,4999.999993469389,19830.10135444713,886.9496063586238,19849.926935177013
2023-08-09 16:41:05+00:00,40.01230831565989,-75.12230112347387,-837.7365445797986,40.18528673762573,-75.11030602321112,53.77903564553708,3.0895168087675616e-06,3.0401609374474936e-06,4917.081177685195,4999.999993362911,19824.56097554995,888.390795680933,19844.45655791936
2023-08-09 16:41:06+00:00,40.01238474370837,-75.12273319714264,-839.1136367307661,40.184735250084486,-75.11078839573298,53.89753567683511,3.0930731671269074e-06,3.044617546518146e-06,4967.131072394703,4999.999993255603,19819.187867658264,889.7358206032116,19839.149113911037
2023-08-09 16:41:07+00:00,40.01246745903538,-75.12317128790421,-840.4322238934371,40.184158095139246,-75.11129316021962,54.02167902467773,3.1050090424904163e-06,3.05780106471479e-06,5012.150058421989,4999.9999931473685,19813.23251782935,891.0366976595317,19833.258159015284
2023-08-09 16:41:08+00:00,40.01255039055712,-75.12361172430394,-841.7953175785688,40.18356194310505,-75.11182172781545,54.142291030613706,3.1161619549782068e-06,3.071948399339938e-06,5042.994270034046,4999.999993038143,19807.34353721444,892.3701931960015,19827.43509793779
2023-08-09 16:41:09+00:00,40.012633136809775,-75.12406097452282,-842.9932676421568,40.182938357339246,-75.1123767990799,54.28618221497163,3.125948274778018e-06,3.0850911396411693e-06,5063.139595053746,4999.999992928025,19801.616667571496,893.5446956837898,19821.766943757302
2023-08-09 16:41:10+00:00,40.01271661509962,-75.12451448571474,-844.071329411498,40.182288725849325,-75.11296002027866,54.45649772929028,3.140623177615807e-06,3.09761759108423e-06,5087.209159291417,4999.999992816816,19795.918993899588,894.607998837675,19816.123038692986
2023-08-09 16:41:11+00:00,40.01279928285231,-75.1249807273586,-845.0613871357567,40.181618391807575,-75.11357149729967,54.64931498165242,3.146066253554908e-06,3.106544528828302e-06,5110.077111882161,4999.999992704803,19790.491452599013,895.5921599384711,19810.74549966098
2023-08-09 16:41:12+00:00,40.012883680845874,-75.12545226306608,-846.1055018634399,40.18095029683723,-75.11420700504729,54.83243456599303,3.1642354382028383e-06,3.1198373735186896e-06,5131.853476352702,4999.999992591695,19784.99848078935,896.6355418276123,19805.30535436668
2023-08-09 16:41:13+00:00,40.01296884504226,-75.12593485457023,-847.0509351615086,40.18027965409461,-75.1148666344017,55.017783374059945,3.1703824975098635e-06,3.1365308487613908e-06,5139.663239197133,4999.999992477659,19779.59758775443,897.5797162883541,19799.95277975665
2023-08-09 16:41:14+00:00,40.01304985010174,-75.12642549860132,-847.9263040791977,40.17962001119155,-75.11554641289753,55.18680614349432,3.1860001437096034e-06,3.1460835524440505e-06,5172.824769055398,4999.999992362613,19774.815277061807,898.4565720290002,19795.215165633817
2023-08-09 16:41:15+00:00,40.01313244381139,-75.12692764246293,-848.8551739555403,40.17895329526575,-75.1162493775177,55.36877185013145,3.1919821077742564e-06,3.159016036073036e-06,5214.7358454685,4999.999992246623,19770.048613939434,899.3879692921707,19790.49572185689
2023-08-09 16:41:16+00:00,40.01321591464584,-75.12744011715534,-849.6718912628628,40.17830377174818,-75.1169673557141,55.53113468387164,3.2093291711121187e-06,3.168233527777399e-06,5241.476690419426,4999.999992129597,19765.373706429687,900.197920764099,19785.862479340394
2023-08-09 16:41:17+00:00,40.013301601527175,-75.12796023824522,-850.2690397407981,40.17764155293333,-75.11770629472052,55.71854840638116,3.2154645987484604e-06,3.177275420448805e-06,5262.801892602315,4999.999992011668,19760.62338845077,900.7935392479444,19781.144195939185
2023-08-09 16:41:18+00:00,40.01338038446681,-75.12849236773647,-851.0933731730004,40.17700658025333,-75.11845271008269,55.87644075602293,3.2294279996912195e-06,3.1911989968370077e-06,5291.148902549209,4999.999991892727,19756.851595161144,901.6231331675044,19777.41411882464
2023-08-09 16:41:19+00:00,40.01346330000085,-75.12903216884291,-851.7707398412067,40.17638126213578,-75.11920970048202,56.02637237403542,3.2390129996372158e-06,3.19283841331051e-06,5299.293731350976,4999.999991772875,19752.803497495865,902.297411604923,19773.400987935125
2023-08-09 16:41:20+00:00,40.013545764824485,-75.12957797170685,-852.4590286384872,40.175757252401326,-75.1199780434028,56.17880446417257,3.2437114992185403e-06,3.198896818950564e-06,5334.389865665578,4999.999991652059,19748.973225339032,902.991446370238,19769.606394852068
2023-08-09 16:41:21+00:00,40.01362752727606,-75.13013233341786,-853.0069165682404,40.17514521342383,-75.12075250656326,56.32140998565592,3.2514209628140524e-06,3.217700013801776e-06,5361.430534853876,4999.999991530331,19745.41825439849,903.5359089035478,19766.080015516764
2023-08-09 16:41:22+00:00,40.013709269281904,-75.1306942976242,-853.4672817342062,40.17454505244712,-75.12153142785624,56.4542463789694,3.2561589378230995e-06,3.2282128150590885e-06,5389.797816566725,4999.999991407817,19742.0599569765,904.0012284824984,19762.74650867012
2023-08-09 16:41:23+00:00,40.01379295629209,-75.13126312214943,-854.0774369538324,40.1739482632093,-75.12231667824662,56.58483614679426,3.2629226829145936e-06,3.2381309444956705e-06,5430.889029530599,4999.999991284392,19738.676815295752,904.6129280842332,19759.394903902077
2023-08-09 16:41:24+00:00,40.01387866816292,-75.13183861594575,-854.6028955883642,40.17336211029024,-75.12310530246032,56.707215218106285,3.268664861071944e-06,3.2468266290453183e-06,5465.651613053279,4999.999991160093,19735.26371142684,905.1490393270276,19756.00993477569
2023-08-09 16:41:25+00:00,40.01396253371017,-75.13241884732167,-855.2359670280994,40.1727968742002,-75.12389388957153,56.81043452792801,3.2755172411076303e-06,3.2505420023739737e-06,5503.436252379226,4999.99999103477,19732.2316150188,905.7842362059874,19753.01014000921
2023-08-09 16:41:26+00:00,40.01405093324453,-75.13299998343317,-855.5695472651945,40.1722361439756,-75.12468744007583,56.908530039247125,3.28051089548139e-06,3.2652230243479723e-06,5523.151031723984,4999.9999909086655,19728.837167228376,906.111502344615,19749.634275745284
2023-08-09 16:41:27+00:00,40.0141387891906,-75.13359018991434,-856.0004449156738,40.17168993978412,-75.1254826489354,56.99514854326844,3.2936018968630603e-06,3.270900787476756e-06,5552.135531133592,4999.999990781634,19725.73211467725,906.5469776935254,19746.552480946502
2023-08-09 16:41:28+00:00,40.01422835960216,-75.13418413161051,-856.4169292906918,40.171150133058646,-75.12628276782719,57.076706445775926,3.298923031180884e-06,3.284115060469042e-06,5574.45262685017,4999.999990653727,19722.613165931634,906.96768062341,19743.45614290151
2023-08-09 16:41:29+00:00,40.0143180200544,-75.13477820176438,-856.7305373444786,40.17058113502846,-75.12710106651143,57.18268783367239,3.3067157236096825e-06,3.3065648998779205e-06,5580.803810910352,4999.999990524929,19719.619777990614,907.2914576627128,19740.48079398439
2023-08-09 16:41:30+00:00,40.014410079892826,-75.13537697395475,-857.0540660889012,40.17006424241205,-75.12791153198921,57.24979164241813,3.3190972807698814e-06,3.3245989922456557e-06,5604.820299644047,4999.999990395013,19716.552446565307,907.6187592765674,19737.43175264581
2023-08-09 16:41:31+00:00,40.01450089472859,-75.13597960378553,-857.4568038390569,40.16956837751517,-75.12872514325603,57.3008318869397,3.3341242933415943e-06,3.337376723072892e-06,5630.559552069002,4999.999990264711,19713.804965171053,908.012412965806,19734.70528654793
2023-08-09 16:41:32+00:00,40.01458999238773,-75.13658602744366,-857.7416592948044,40.16896802102096,-75.12959193528286,57.42845590109937,3.3444461553448974e-06,3.3472522259274506e-06,5653.073238979767,4999.999990132585,19711.431167067545,908.3087726781024,19732.34764240094
2023-08-09 16:41:33+00:00,40.0146819646256,-75.137195958096,-858.058917842812,40.16844514656955,-75.13044319138075,57.5082413458731,3.3608136407701986e-06,3.351961159117673e-06,5690.892765333169,4999.999989999358,19708.925407590355,908.6523203455116,19729.860358381404
2023-08-09 16:41:34+00:00,40.01477254783861,-75.13781008546877,-858.3929655544414,40.16796341896364,-75.13129451126153,57.56388077908196,3.36359446219674e-06,3.356389192738433e-06,5703.509963902883,4999.999989865524,19706.767916040622,908.9799418987184,19727.720249219423
2023-08-09 16:41:35+00:00,40.01486640868188,-75.13842823847615,-858.8881939619785,40.16748030814436,-75.13216361989976,57.62483910773881,3.3808859609654697e-06,3.36454507719173e-06,5720.662475599055,4999.999989730667,19704.44604298958,909.4833669948302,19725.42404755669
2023-08-09 16:41:36+00:00,40.01496132711178,-75.13905131879048,-859.2013580664989,40.16701700670795,-75.13304232723829,57.67748522548936,3.382043253954442e-06,3.3785082034861204e-06,5750.94136145619,4999.999989595084,19702.2193014798,909.794449043619,19723.21402163232
2023-08-09 16:41:37+00:00,40.01505192891014,-75.13967655040332,-859.4330321824197,40.16654938658595,-75.1339428558306,57.738843210972846,3.3823826209164148e-06,3.3939207092394485e-06,5767.329761061163,4999.999989458785,19700.64326201786,910.0336845789698,19721.65069775748
2023-08-09 16:41:38+00:00,40.01514308536953,-75.1403064825728,-859.6234198289451,40.16612107819636,-75.13484426529386,57.78141101659276,3.385095435476777e-06,3.396884609823643e-06,5781.866857113183,4999.999989321714,19699.219107684323,910.2259627208842,19720.236934574757
2023-08-09 16:41:39+00:00,40.01523914601759,-75.14093962608383,-859.942082103237,40.16567518886482,-75.13577541259369,57.8317068698816,3.3923270578056574e-06,3.398840458768631e-06,5801.610104285932,4999.999989183812,19697.452234963705,910.550366225194,19718.48692263454
2023-08-09 16:41:40+00:00,40.0153436251183,-75.14155922812256,-860.4209760979468,40.16519792376866,-75.13674316835676,57.81577666243538,3.4063317957411027e-06,3.4147457388808764e-06,5842.715353215971,4999.999989044508,19695.499331270283,911.4892648707246,19716.579484992897
2023-08-09 16:41:41+00:00,40.015453198294495,-75.14217787922712,-861.0188711938533,40.16434533969423,-75.13802896063942,57.92599515011534,3.414994322457696e-06,3.4253188991600546e-06,5871.891374473144,4999.999988903836,19692.704865215717,912.1348821968064,19713.817868485312
2023-08-09 16:41:42+00:00,40.01557110813988,-75.14279363761909,-861.6364254258128,40.16378160104312,-75.13929211666463,57.88326570554637,3.431045536188375e-06,3.428145382228639e-06,5889.826872707085,4999.999988761961,19689.91241279274,912.7810165005,19711.05831779545
2023-08-09 16:41:43+00:00,40.01568923545172,-75.14341579218075,-862.1275075342755,40.16341145744226,-75.1406380828972,57.87683928804472,3.443032077617221e-06,3.4365131391713683e-06,5919.554367266401,4999.999988619161,19688.29422942393,913.3203943063374,19709.466857503365
2023-08-09 16:41:44+00:00,40.01581146848061,-75.14405684840305,-862.7465507894166,40.1632315067204,-75.14211080825268,57.95096801756881,3.4507735688289178e-06,3.44316055271976e-06,5922.432921676391,4999.999988475823,19687.848108644645,913.8413279969818,19709.04536302603
2023-08-09 16:41:45+00:00,40.01568261041858,-75.14430324210747,-863.3568096606707,40.190169300688446,-75.10353145981207,59.83859220519662,3.465007087700009e-06,3.447147786658587e-06,5955.829571079354,4999.99998833035,19709.88659125651,914.156843907948,19731.07478510628
2023-08-09 16:41:46+00:00,40.01554280462645,-75.1445299393206,-864.2371281980247,40.190034582252366,-75.10376978188754,59.07400637189858,3.480223313212622e-06,3.4581645906320126e-06,5974.879092825923,4999.999988183651,19733.38955278631,914.641476029738,19754.57497066666
2023-08-09 16:41:47+00:00,40.01538891305671,-75.14473859382193,-865.4207923693464,40.18988635601664,-75.1039916825774,58.43647757731378,3.483840472645554e-06,3.4662845893312704e-06,6007.700262006592,4999.999988036241,19758.676467596517,915.5629120560556,19779.8774312958
2023-08-09 16:41:48+00:00,40.015221746884166,-75.14493537551262,-866.5808031729923,40.18972286399128,-75.1042049796635,57.90574952890165,3.489786506981649e-06,3.475042069444908e-06,6021.34653842572,4999.999987887591,19785.74542363296,916.6430089307596,19806.96736945447
2023-08-09 16:41:49+00:00,40.01503661603441,-75.14512713775792,-867.7827726729753,40.18954259810688,-75.10441320079848,57.2689724790398,3.4963681392650902e-06,3.4924030109722718e-06,6040.317844770684,4999.999987737367,19815.233303162386,917.748010899552,19836.474794435268
2023-08-09 16:41:50+00:00,40.01483370614373,-75.14531447634928,-869.0151250952781,40.18934452428848,-75.10462096252985,56.58324592001736,3.5086014581675213e-06,3.511735147642262e-06,6062.763527214384,4999.999987585578,19846.89943465488,918.9384385750748,19868.16209474835
2023-08-09 16:41:51+00:00,40.01461685289146,-75.14550279672116,-870.5419287389605,40.18912593509811,-75.10484024978857,56.02030519791879,3.517332425430637e-06,3.519880180949424e-06,6096.963455956862,4999.999987433022,19880.478825241906,920.4080730286718,19901.77352252276
2023-08-09 16:41:52+00:00,40.01438920165458,-75.14569744748468,-871.8981799355976,40.188888420939314,-75.10507209602427,55.48552098125219,3.532535198907067e-06,3.5207226629082377e-06,6140.32275123229,4999.999987279223,19915.249279176984,921.6696012819582,19936.56511803592
2023-08-09 16:41:53+00:00,40.0141490500889,-75.14589698835853,-873.3372670827782,40.18863132147154,-75.10532217874832,55.12596978992224,3.5406700415366978e-06,3.5343858389735484e-06,6162.91758964558,4999.999987124242,19951.46000484892,922.8351642110906,19972.791018417796
2023-08-09 16:41:54+00:00,40.01390033237324,-75.14610804600284,-874.7268924281116,40.18835582855946,-75.10559001896371,54.8643549059052,3.551366223775748e-06,3.5518078703749463e-06,6170.688805412126,4999.999986968004,19989.03426196672,924.1035519759135,20010.38375696113
2023-08-09 16:41:55+00:00,40.01364697316989,-75.14633378519055,-876.2309849721107,40.18806367538859,-75.10587600020156,54.69618916884065,3.570099485071968e-06,3.56340214285405e-06,6183.372810552929,4999.999986810125,20027.370332683488,925.3954072127302,20048.73859129649
2023-08-09 16:41:56+00:00,40.01339284438464,-75.1465742760297,-877.4566149561163,40.187761995221074,-75.10617221755176,54.63590905698948,3.572915488835718e-06,3.5816473349867147e-06,6206.124421055785,4999.9999866512135,20066.07363601736,926.3449888554552,20087.444491633287
2023-08-09 16:41:57+00:00,40.01311730628774,-75.14683156428669,-879.2760264437746,40.1875180898495,-75.10640033936669,52.66851665987633,3.58677726958787e-06,3.584389820319126e-06,6223.891824705129,4999.999986493839,20107.55747209851,927.679786390172,20128.94575679068
2023-08-09 16:41:58+00:00,40.01285541575244,-75.1471161858051,-880.750137710714,40.18714882044949,-75.10674230614437,53.15235980087891,3.603246476165857e-06,3.594906270289436e-06,6250.076845259755,4999.999986341165,20147.64914817286,928.9930248605034,20169.05536305828
2023-08-09 16:41:59+00:00,40.01261471163155,-75.14743118741099,-881.8345998813072,40.18677816866988,-75.10708909332473,54.0213056858629,3.6214397263271623e-06,3.6073470788861553e-06,6261.105858198558,4999.999986179366,20185.38594509194,930.1304420216596,20206.804507182493
2023-08-09 16:42:00+00:00,40.01238330438508,-75.14776797053705,-882.857204602619,40.18645949473824,-75.10742227182007,54.25679746619426,3.634667724949018e-06,3.619254663362215e-06,6260.0274026054585,4999.999986016119,20221.7612953609,931.0866068205472,20243.185326325416
2023-08-09 16:42:01+00:00,40.01216062029852,-75.14812259046018,-883.7795695105024,40.186156853658495,-75.10775267971988,54.38853678107262,3.6517785797333694e-06,3.6315756449281777e-06,6291.699530082224,4999.999985851488,20255.989586196494,931.9851092952528,20277.41873020452
2023-08-09 16:42:02+00:00,40.01194805539112,-75.14848994831385,-884.3994237239423,40.185872276894976,-75.10808534628454,54.44444937468506,3.6621347403193e-06,3.6442503559773e-06,6319.920967829143,4999.999985685331,20288.480372140508,932.7008441877616,20309.908091261248
2023-08-09 16:42:03+00:00,40.011741416154216,-75.14886921085616,-884.8250984208918,40.18558560592642,-75.10841457190796,54.67369719478302,3.663149150682705e-06,3.6451764668365113e-06,6341.972613304823,4999.999985516759,20319.785958054166,933.0933683991008,20341.198701533933
2023-08-09 16:42:04+00:00,40.011539834570726,-75.14926692501137,-885.2713159376954,40.18532965538451,-75.10876980886275,54.68792264861986,3.66870890957228e-06,3.662045205101101e-06,6383.438871093628,4999.999985347931,20350.193456027748,933.5594999748682,20371.595593810216
2023-08-09 16:42:05+00:00,40.01132436467949,-75.14969618447671,-885.9250306992561,40.185277547261016,-75.1093012087526,52.96313535212539,3.672494555807509e-06,3.6794882709433047e-06,6434.504274254125,4999.999985178165,20382.517796677734,934.1302261394408,20403.912149665608
2023-08-09 16:42:06+00:00,40.011098389429065,-75.15014522943488,-886.5914561879217,40.185108047762455,-75.10977947165502,51.93651030352339,3.680980420269711e-06,3.689427796674313e-06,6455.829959621223,4999.999985009429,20415.266001807504,934.4422220514898,20436.640335214342
2023-08-09 16:42:07+00:00,40.01086272169792,-75.150617152701,-887.564763076625,40.18498913331023,-75.11031124965653,50.443189767654985,3.696008665702467e-06,3.6901158074111327e-06,6496.343866213314,4999.999984846345,20448.981064034044,935.1926899004114,20470.354465042023
2023-08-09 16:42:08+00:00,40.01061643055228,-75.15109425956365,-888.6442523109201,40.18470363773952,-75.11075291618528,49.65192957734689,3.70284442385436e-06,3.6944631990331816e-06,6535.891471689729,4999.999984684928,20483.50130610567,936.1725704353048,20504.883438802284
2023-08-09 16:42:09+00:00,40.01036643717675,-75.1515509881932,-889.412276827348,40.18400575949252,-75.11093297863141,50.731563068926334,3.716811466691705e-06,3.694290117047101e-06,6570.107630013695,4999.999984518395,20518.37575360801,937.0438798582912,20539.761313097795
2023-08-09 16:42:10+00:00,40.010107453888295,-75.15198997135184,-890.1855979782481,40.18332648417285,-75.11113009945834,51.65828570793383,3.73759140695771e-06,3.698299989925137e-06,6581.801034691723,4999.999984350191,20553.722438971483,937.9809130664446,20575.11395573684
2023-08-09 16:42:11+00:00,40.00983892903892,-75.1524156065154,-890.8081810499519,40.18264931681532,-75.11133977217526,52.48061168729328,3.749355110139834e-06,3.7176957825358823e-06,6611.834905266447,4999.999984180454,20589.974972323947,938.7006768353262,20611.361631915966
2023-08-09 16:42:12+00:00,40.00956260823067,-75.1528305222065,-891.4126580986235,40.18200577263145,-75.1115817778171,53.08329509967007,3.763943502065237e-06,3.723968949705845e-06,6635.017898713257,4999.999984009491,20626.627361709558,938.7140331710364,20647.97666491556
2023-08-09 16:42:13+00:00,40.0092825096347,-75.1532376512459,-891.7980233575227,40.18137613937179,-75.1118464780798,53.53666684799828,3.77756802283885e-06,3.726945605252377e-06,6672.371523999628,4999.999983837313,20663.85984511608,938.943374240566,20685.18112946152
2023-08-09 16:42:14+00:00,40.00899457146826,-75.15363746731119,-892.2902887241432,40.18072114032202,-75.11211905156958,53.956307044951245,3.787795951209797e-06,3.723378508727056e-06,6695.207090110914,4999.9999836642255,20701.902381579574,939.3819244493616,20723.20440029563
2023-08-09 16:42:15+00:00,40.00869852581312,-75.15403474654241,-892.7334095774589,40.18011403493057,-75.11242342270823,54.18271014955826,3.795274801078655e-06,3.7187507383458953e-06,6711.721720518382,4999.999983489473,20740.85301655987,939.8164064890188,20762.134734473875
2023-08-09 16:42:16+00:00,40.00839639393577,-75.15442901148577,-893.1491585223275,40.17951114379585,-75.11274442534084,54.3319092951715,3.8041840570201065e-06,3.7222670852328335e-06,6749.379814930073,4999.999983313587,20780.457950864817,940.247660647818,20801.718638396556
2023-08-09 16:42:17+00:00,40.0080869427931,-75.15482355908716,-893.7138907145193,40.17887228015085,-75.11307436007996,54.49732149066404,3.812413081583911e-06,3.7314366198661928e-06,6746.576538012791,4999.999983137059,20820.982980971407,941.2204079183462,20842.246235715163
2023-08-09 16:42:18+00:00,40.00777754147981,-75.15521966863965,-894.1747670267544,40.178240974778845,-75.11342067826844,54.615695770364255,3.817007889334299e-06,3.738383847845637e-06,6751.5021610580425,4999.999982958952,20861.504311122306,941.9294798704055,20882.75827729717
2023-08-09 16:42:19+00:00,40.00746362766219,-75.15561650536763,-894.4349230855037,40.17763717755183,-75.11378477437546,54.66553775430657,3.823289295794096e-06,3.749434126834647e-06,6778.8776184072085,4999.999982779868,20902.539496624933,942.5075705175356,20923.77781205985
2023-08-09 16:42:20+00:00,40.00714667137581,-75.15601624456258,-894.7136896601838,40.17700432534042,-75.11416150283063,54.74348004953936,3.826379640355981e-06,3.758732606840183e-06,6796.108041450717,4999.999982600067,20943.99052755003,942.447873484842,20965.184168338263
2023-08-09 16:42:21+00:00,40.00682635939712,-75.15641998913675,-894.9606790168334,40.176394860815634,-75.11455299181485,54.78048356878571,3.839052001804178e-06,3.775349765415928e-06,6815.5216721615625,4999.99998241892,20985.90209297481,942.5680962703316,21007.058843922707
2023-08-09 16:42:22+00:00,40.0065011730113,-75.1568257719193,-895.3417666394841,40.17576423912956,-75.11495853513058,54.82356680720113,3.852199496938737e-06,3.783469448214004e-06,6834.460497398944,4999.999982236539,21028.414072190768,942.90584607101,21049.54322131636
2023-08-09 16:42:23+00:00,40.00615923902458,-75.15723959427282,-895.8686735886972,40.175114258501246,-75.11537943761743,54.78118907939643,3.871256002339214e-06,3.790692100207024e-06,6851.297838708781,4999.999982052304,21072.940731577277,944.1546044438116,21094.081136509856
2023-08-09 16:42:24+00:00,40.00581028327694,-75.15765781461246,-896.3880034052228,40.174184981957886,-75.11584562846065,55.05239746789448,3.875659179138821e-06,3.804542979775321e-06,6887.031316104008,4999.999981867553,21118.654972678654,945.2885161452764,21139.80033571276
2023-08-09 16:42:25+00:00,40.00545203434866,-75.15808562808182,-897.0055875469296,40.17346127372303,-75.11632357620053,55.057728121755645,3.8902410801293855e-06,3.807507975414486e-06,6919.022959471298,4999.999981681067,21166.342939170536,946.329749376694,21187.487189686504
2023-08-09 16:42:26+00:00,40.00509252257369,-75.1585220851533,-897.7871955829494,40.17278001613106,-75.11683697764146,55.09294622577727,3.895844572107144e-06,3.813563885015727e-06,6941.079029503867,4999.999981492252,21215.258714631436,947.3543056561932,21236.39994229696
2023-08-09 16:42:27+00:00,40.00473191579793,-75.15897095228274,-898.4590123604288,40.17218156061723,-75.11737687107832,55.168420939706266,3.912707125963579e-06,3.820435774595116e-06,6939.985807086343,4999.999981303283,21265.412326892387,948.1707214662846,21286.54009344385
2023-08-09 16:42:28+00:00,40.00437823661923,-75.15943201897005,-898.9855013228638,40.17167503313805,-75.11793245719163,55.27177092572674,3.930095969620574e-06,3.820781239574199e-06,6968.5283926043485,4999.999981112881,21315.6524335105,949.0277830579764,21336.768555693667
2023-08-09 16:42:29+00:00,40.00402832582063,-75.15989980903828,-899.4093397819491,40.17124423388052,-75.11847990118918,55.31548568420112,3.929642445888031e-06,3.83407612592445e-06,6984.954983518397,4999.99998092173,21366.113764277376,949.7466553135552,21387.211975788767
2023-08-09 16:42:30+00:00,40.0036837866999,-75.16037614681866,-899.8318964201785,40.17083953725144,-75.11903141436864,55.3846988461446,3.935614974066379e-06,3.834855330756852e-06,7000.418766793171,4999.999980730274,21416.332218128817,950.2803746267228,21437.4046579259
2023-08-09 16:42:31+00:00,40.00335763618858,-75.16085300291545,-900.0821915517197,40.17046574406006,-75.11955657062182,55.3347132424824,3.939635299706238e-06,3.849329592962629e-06,7029.325824200781,4999.9999805380185,21465.13506323877,950.6895158656546,21486.177739157312
2023-08-09 16:42:32+00:00,40.003039187409954,-75.16133060823404,-900.4394162838271,40.17013320943845,-75.12004565577222,55.08616196899675,3.947475875942664e-06,3.867073098527833e-06,7043.127652989875,4999.9999803464925,21513.05163505617,950.9205076622608,21534.0576869406
2023-08-09 16:42:33+00:00,40.00273438137181,-75.16181062881844,-900.6290959492452,40.1697348961014,-75.12055811756188,54.98605726356618,3.9594704947062364e-06,3.880966402707448e-06,7067.512840660012,4999.999980154482,21558.378728812837,950.4562276526724,21579.32020374167
2023-08-09 16:42:34+00:00,40.00244205310155,-75.16228856050904,-900.8499111543342,40.169329283374864,-75.12106380127257,54.8592339521274,3.961494719384171e-06,3.8927228645262615e-06,7090.694470236124,4999.999979963076,21602.342526102904,950.6566743637514,21623.25023504992
2023-08-09 16:42:35+00:00,40.00216255905637,-75.162765885293,-901.007827776236,40.16889093063848,-75.12156319007016,54.75190316932276,3.975508538650343e-06,3.89848671897333e-06,7108.6576087576295,4999.999979771664,21644.561779249976,950.8273939329098,21665.436237214846
2023-08-09 16:42:36+00:00,40.00189617097626,-75.16323497014818,-901.1907418306512,40.16845977807373,-75.12205330241697,54.63087103329599,3.99592199336471e-06,3.905570666817352e-06,7155.363571921467,4999.999979580234,21684.52778657616,951.1076545980457,21705.376087444984
2023-08-09 16:42:37+00:00,40.00163880571216,-75.16370054502187,-901.4100624468512,40.16787645661493,-75.12253774559005,54.555224370677024,4.012771843466915e-06,3.914067550679394e-06,7173.161239611222,4999.999979389321,21722.222320895657,951.2115371480342,21743.0390227958
2023-08-09 16:42:38+00:00,40.00139312242384,-75.16416030891926,-901.5226997207686,40.167278703129824,-75.12301252419552,54.464723309502006,4.013640499672332e-06,3.931822089424454e-06,7193.172198324082,4999.999979199201,21758.258424829648,951.0636825404804,21779.034225830997
2023-08-09 16:42:39+00:00,40.00115146169851,-75.16462045107426,-901.7701366996756,40.166525654555066,-75.12348017829338,54.40079395496287,4.019090490847636e-06,3.947323278711428e-06,7205.620040362486,4999.999979010999,21793.53911840237,951.077595743768,21814.281924887197
2023-08-09 16:42:40+00:00,40.00091087497396,-75.16508126155344,-901.9790895820178,40.16522131228905,-75.12393587956018,54.45916617545299,4.029600958346451e-06,3.970280214687498e-06,7245.97960700836,4999.99997882267,21828.311323839545,951.1098654607948,21849.02252336792
2023-08-09 16:42:41+00:00,40.00066593777861,-75.16554495108286,-902.077306450046,40.16380714317418,-75.12438176576511,54.54612420545891,4.049503469055179e-06,3.975990020722513e-06,7288.28944948385,4999.999978635868,21863.580851746097,950.9907108461092,21884.253494075463
2023-08-09 16:42:42+00:00,40.00042005288636,-75.1660065935984,-902.1622957623442,40.1624498271299,-75.12481989963862,54.63602422666736,4.0540967849635305e-06,3.988194540630998e-06,7309.466453057979,4999.9999784503525,21899.02465355951,950.8475414290738,21919.65765755133
2023-08-09 16:42:43+00:00,40.00017366744555,-75.16646984928484,-902.2913195395762,40.161365339706975,-75.12526009124004,54.68710583378561,4.064290599591701e-06,3.991933071251933e-06,7327.41694719544,4999.999978266261,21934.61477104701,950.9014772774028,21955.216664240004
2023-08-09 16:42:44+00:00,39.99993061806751,-75.1669314938581,-902.383479541826,40.160374052016216,-75.12569819593183,54.73455133475363,4.070505923895569e-06,4.004180326257839e-06,7392.784283211156,4999.9999780837725,21970.198202030155,950.5383289590992,21990.75105928193
2023-08-09 16:42:45+00:00,39.99972318471368,-75.16705705796738,-902.642667755604,40.19196682104903,-75.10659291409907,54.64733952865936,4.080692821338294e-06,4.013725745740129e-06,7457.337967719212,4999.999977901754,21995.1366169854,950.5352122339676,22015.66605827652
2023-08-09 16:42:46+00:00,39.99951550848205,-75.16717070372802,-902.8834206727996,40.19175800669145,-75.10671221312462,54.496979121584445,4.090360180887677e-06,4.027675063272224e-06,7475.154129876047,4999.999977721464,22019.86792025536,950.6336594090936,22040.37857161017
2023-08-09 16:42:47+00:00,39.99931387980989,-75.1672742098763,-903.2523910535432,40.19155004173027,-75.10682202183912,54.36323717795312,4.091412222144971e-06,4.034994292829369e-06,7485.380554992797,4999.999977541488,22043.733224649142,950.9157659976396,22064.233847417483
2023-08-09 16:42:48+00:00,39.99911313611753,-75.16736993547894,-903.6201582316668,40.191341949411736,-75.10692216140033,54.2240279733669,4.104748580229718e-06,4.039751367701121e-06,7524.315807370909,4999.999977362679,22067.34619567221,951.2438644591434,22087.83902986709
2023-08-09 16:42:49+00:00,39.99891115716223,-75.16745583390255,-904.0464332671168,40.19113185147552,-75.10701275603897,54.082612997386605,4.11259560405811e-06,4.05209711216352e-06,7560.707139137473,4999.999977184231,22090.894467852977,951.628802708468,22111.382041110897
2023-08-09 16:42:50+00:00,39.99871170011939,-75.16753131616511,-904.4357639046008,40.190918095611146,-75.10709399626997,53.9237319487147,4.124799455773652e-06,4.07124000617015e-06,7579.490929729305,4999.999977006217,22113.96148579861,951.9755549731672,22134.44261897396
2023-08-09 16:42:51+00:00,39.99851146574852,-75.16759511159707,-904.7744379604655,40.19069500785075,-75.10716724112754,53.80166806629859,4.127313960488433e-06,4.085924968817614e-06,7599.723571601093,4999.999976829391,22136.87900149728,952.2766133461868,22157.35188769762
2023-08-09 16:42:52+00:00,39.99831093874451,-75.16765166933098,-905.1466471804094,40.190463256872505,-75.10723292416864,53.66521876258776,4.13058967895922e-06,4.09091671808068e-06,7632.938232989231,4999.999976653146,22159.68530993805,952.6056525204596,22180.15127461258
2023-08-09 16:42:53+00:00,39.99811365591871,-75.16769766820076,-905.6225422624088,40.19021828032349,-75.10729284298698,53.53800793946721,4.154379062060423e-06,4.102832193441512e-06,7671.825825114404,4999.999976476316,22181.929559466964,953.0458118594108,22202.39390923098
2023-08-09 16:42:54+00:00,39.99791322258268,-75.16773653124308,-906.0469716636428,40.18995207365891,-75.10735016254814,53.45913902507164,4.157804201257623e-06,4.097000083129319e-06,7698.351851716668,4999.99997630102,22204.369500033208,953.4289149991324,22224.8296189186
2023-08-09 16:42:55+00:00,39.99771582817406,-75.16776477303983,-906.4765046571988,40.1896702485228,-75.10740492495718,53.3828130743932,4.171954999556988e-06,4.107990005659352e-06,7739.988830352885,4999.99997612507,22226.27067278517,953.8249934188456,22246.72762763055
2023-08-09 16:42:56+00:00,39.99751740758438,-75.16778788660707,-906.964271217191,40.18936693105256,-75.10746022055787,53.33620199072175,4.186032697390923e-06,4.111623760719722e-06,7777.627117241433,4999.999975948617,22248.181493697,954.2758959855246,22268.63763821533
2023-08-09 16:42:57+00:00,39.99731725232117,-75.1678058638315,-907.4131553302834,40.18904245454505,-75.10751757555398,53.31818471988663,4.197932173600799e-06,4.12106326241558e-06,7767.179562923302,4999.999975772165,22270.17791076365,954.6942736217176,22290.631784073583
2023-08-09 16:42:58+00:00,39.99711828429111,-75.16781896151872,-907.8797454790492,40.1886925105283,-75.10757979806039,53.34864980448037,4.209930728219079e-06,4.125198349321866e-06,7794.968306286924,4999.999975595573,22291.9490705548,955.1339096056304,22312.4018014531
2023-08-09 16:42:59+00:00,39.99691890219229,-75.16784409079818,-908.204083923485,40.18805086899234,-75.10774400441247,54.35793190635741,4.218653547164322e-06,4.128994555704458e-06,7829.184589476276,4999.999975417718,22313.63531166463,955.9611637026816,22334.1035765592
2023-08-09 16:43:00+00:00,39.9967210897747,-75.16784787690906,-908.6488071142036,40.18805509408799,-75.10768736186712,53.38060137513094,4.227357079783596e-06,4.14391819339654e-06,7866.707346472849,4999.999975240172,22334.919506597136,956.9169082236896,22355.40917396543
2023-08-09 16:43:01+00:00,39.99652203540317,-75.16780223878882,-909.4103614815548,40.18867047916616,-75.10738447107526,50.53972890903242,4.2295993159913405e-06,4.154364574492399e-06,7885.145463619295,4999.999975068676,22355.486483910157,957.6279025301772,22375.987735337934
2023-08-09 16:43:02+00:00,39.99632295989457,-75.16774997988622,-910.2498603772932,40.1884272885382,-75.10735083039256,49.78861583536491,4.242138793244288e-06,4.162595101184063e-06,7890.936273329985,4999.999974900864,22375.856559962227,958.427643397196,22396.373374714767
2023-08-09 16:43:03+00:00,39.9961260109565,-75.16768961054271,-911.0421748042428,40.18812830747101,-75.1073289245118,49.13652053894475,4.2465826790017225e-06,4.17419527492298e-06,7914.427178806454,4999.999974733436,22395.85056346873,959.1379720312738,22416.37946035477
2023-08-09 16:43:04+00:00,39.99592671898363,-75.16762677799392,-912.1724392592736,40.18771631666348,-75.10734198541432,48.72033032076433,4.256248159324747e-06,4.181611406978088e-06,7932.66827161956,4999.999974565694,22416.090361342976,960.2173844333274,22436.646908869014
2023-08-09 16:43:05+00:00,39.995726504436405,-75.16756658451942,-913.0001184638108,40.18719453485891,-75.1073926569636,48.54046754469164,4.262180277734534e-06,4.1913302871451606e-06,7944.798963212369,4999.999974397048,22436.6027757508,961.06417405377,22457.1767696538
2023-08-09 16:43:06+00:00,39.995527438338094,-75.16750959883356,-913.7031582190866,40.18661752644758,-75.10746393330597,48.486920496914536,4.260925855619421e-06,4.192583811120895e-06,7963.026446732033,4999.999974228139,22456.94721143663,961.2612658706262,22477.511011642604
2023-08-09 16:43:07+00:00,39.99532636497116,-75.16745789807024,-914.393395429296,40.18598789964959,-75.10755551095157,48.55655682669021,4.268882392169383e-06,4.212283525584695e-06,7973.884832212481,4999.99997405941,22477.68825915006,961.6379851503945,22498.24920054929
2023-08-09 16:43:08+00:00,39.995127904057256,-75.1674139735583,-915.063580047458,40.18532411669473,-75.10766124047899,48.7138857182581,4.282633288551784e-06,4.220278832105766e-06,7981.611658412521,4999.999973888945,22498.302672376933,962.0961547372132,22518.86436188209
2023-08-09 16:43:09+00:00,39.99492952563752,-75.1673780240185,-915.6123119965608,40.18464719550582,-75.10777321822879,48.91789597063325,4.288085730361228e-06,4.226651096903263e-06,8025.034840791886,4999.999973717724,22519.065059607885,962.4901975680832,22539.624631729504
2023-08-09 16:43:10+00:00,39.994729119458725,-75.16735173675218,-916.0024433895626,40.18393390597749,-75.10789825229539,49.206179895671085,4.311699885663266e-06,4.238309911075262e-06,8069.783818265636,4999.999973545948,22540.236971099755,962.7196873942472,22560.78704101053
2023-08-09 16:43:11+00:00,39.99453106249058,-75.16733155000378,-916.5950302935146,40.183245198293314,-75.1080162427294,49.46052170358598,4.325990648786104e-06,4.243746630031792e-06,8133.542096577974,4999.999973372704,22561.27618647593,963.1667836598748,22581.826175391387
2023-08-09 16:43:12+00:00,39.99433853614195,-75.16732702892259,-916.741046730202,40.18259182383138,-75.10812928602873,49.7219816846773,4.326072999677855e-06,4.255381637732034e-06,8139.683986506018,4999.999973200162,22582.143152129644,963.7904239751598,22602.7007528884
2023-08-09 16:43:13+00:00,39.99414301262614,-75.16732256154216,-917.0593666180024,40.18216105479777,-75.10820796285438,49.824960549594834,4.353492458954536e-06,4.259459671519457e-06,8171.769094049887,4999.999973043766,22603.077118643512,964.4393173819929,22623.64335000572
2023-08-09 16:43:14+00:00,39.99393877666432,-75.16732094553852,-917.2321964855196,40.18185440060669,-75.10827066977727,49.84937758860178,4.3598853070292495e-06,4.26182217474498e-06,8198.221882592843,4999.999972930475,22625.99413477204,962.8822494441116,22646.473297470257
2023-08-09 16:43:15+00:00,39.99372604636047,-75.16731276507564,-917.4424951507544,40.18258434768407,-75.10817950401075,48.98539602896199,4.374105505845751e-06,4.26972626071642e-06,8226.50928682682,4999.999972819329,22648.863625607868,963.0765405020196,22669.330381690776
2023-08-09 16:43:16+00:00,39.99350104022126,-75.16730361339401,-917.6470671303856,40.18288473009897,-75.10810519777246,48.27643890562467,4.388765395146399e-06,4.275270076686617e-06,8242.62591920215,4999.999972696539,22673.044901474783,963.2121645296584,22693.49560508891
2023-08-09 16:43:17+00:00,39.993266663232745,-75.16729361657839,-918.1333225837308,40.182850672326175,-75.10807611944269,47.744785491144285,4.404395297666619e-06,4.301574605769958e-06,8250.440201960959,4999.9999725442085,22698.226211770245,963.5817506645656,22718.669920374028
2023-08-09 16:43:18+00:00,39.9930230992868,-75.16729355096464,-918.6468167996828,40.18256770389211,-75.10809247079216,47.424380369950086,4.432447559119079e-06,4.311805531045579e-06,8284.020774125647,4999.999972390929,22724.59678419485,963.994084641775,22745.034262437664
2023-08-09 16:43:19+00:00,39.992772687346296,-75.16729908716144,-919.157602908468,40.18223426818078,-75.1081163868763,47.13996534398757,4.443046980026577e-06,4.325651834874063e-06,8318.900801734546,4999.999972236851,22751.81902843621,964.471423838208,22772.252287161067
2023-08-09 16:43:20+00:00,39.9925508417581,-75.16731183162065,-919.536280522466,40.18142556090141,-75.10815889129692,47.81362555664964,4.449847986894496e-06,4.330152413890678e-06,8354.467082288777,4999.999972075881,22776.08875538229,964.8043451931186,22796.514347977747
2023-08-09 16:43:21+00:00,39.99234263657476,-75.16732746690442,-919.9905036470016,40.18093187337745,-75.10815987055194,48.19025769573636,4.456140402642925e-06,4.329103026435587e-06,8372.011439798061,4999.999971902914,22798.93809056541,965.29136669176,22819.363827242072
2023-08-09 16:43:22+00:00,39.99213552918639,-75.16734901703823,-920.2602196618134,40.18063459506342,-75.10815851068396,48.16766912164167,4.466946630643306e-06,4.335934673990556e-06,8407.684015920584,4999.99997172861,22821.783489735582,965.5707496606836,22842.20060600484
2023-08-09 16:43:23+00:00,39.99193796372247,-75.16737196044058,-920.6974968930806,40.180369480420346,-75.10813951088528,48.25237395684235,4.481870432225435e-06,4.355417925776733e-06,8434.08553644448,4999.999971553255,22843.622902277926,966.0251672542224,22864.03971141681
2023-08-09 16:43:24+00:00,39.99174581394,-75.1674001571378,-921.0883554477356,40.18014950614064,-75.10809637822399,48.46510842302814,4.488624861217607e-06,4.36389666406026e-06,8481.888596244899,4999.999971377117,22864.977566456328,966.4027136194804,22885.391264285656
2023-08-09 16:43:25+00:00,39.99156138016301,-75.1674257035813,-921.4508623239514,40.17997757684731,-75.10803290882453,48.76401449297555,4.508309904556848e-06,4.3749925631380205e-06,8512.74386633994,4999.999971200952,22885.44568570077,966.7377988717892,22905.855282109147
2023-08-09 16:43:26+00:00,39.991379013474365,-75.16745154371331,-921.7355531640828,40.17982369311053,-75.10798221309612,48.9463571885135,4.517461092316809e-06,4.382949207098078e-06,8546.682082962554,4999.999971022909,22905.69586214286,966.995253927724,22926.098288852103
2023-08-09 16:43:27+00:00,39.99120315253682,-75.16747572624836,-922.0708893782288,40.17970207789045,-75.10790355211196,49.265549262519926,4.523546741358531e-06,4.384466911790521e-06,8567.5250544499,4999.999970844243,22925.209702528824,967.337395491312,22945.609199618943
2023-08-09 16:43:28+00:00,39.99102780669803,-75.16750147319576,-922.1780880151624,40.17956630974634,-75.10785354590583,49.42497678403743,4.542063705477457e-06,4.3951260850137255e-06,8599.89924000544,4999.999970664402,22944.698143453337,967.4460870444208,22965.084907866734
2023-08-09 16:43:29+00:00,39.9908546496374,-75.16752674257732,-922.4526255210934,40.17943800836971,-75.10779355038126,49.62169350753538,4.545597296641909e-06,4.397712766481277e-06,8625.399669770502,4999.999970483904,22963.940532678866,967.728545713908,22984.32212023232
2023-08-09 16:43:30+00:00,39.99068292773342,-75.16755060827481,-922.663374988584,40.17930366304272,-75.10773757734786,49.794093508971855,4.56727364243007e-06,4.400833533024925e-06,8664.42842426847,4999.999970302398,22983.000671426893,967.9514511138644,23003.374749686674
2023-08-09 16:43:31+00:00,39.99050857285628,-75.16757802627089,-922.7734908987868,40.17916469491496,-75.10768265027056,49.95766222733073,4.576621223035652e-06,4.409282810280354e-06,8675.720623927695,4999.999970122384,23002.414603731824,968.1126239003694,23022.778278360114
2023-08-09 16:43:32+00:00,39.990332911364405,-75.1676063191529,-922.9274083486878,40.17901308151572,-75.10763531419147,50.09027367294766,4.578111073860025e-06,4.410513468203806e-06,8693.432701708027,4999.999969938759,23021.98709500715,968.2797655939715,23042.340495425688
2023-08-09 16:43:33+00:00,39.990152896345975,-75.16763605665739,-923.1108658097602,40.178848918727766,-75.10759923475105,50.17408497189172,4.577215067818852e-06,4.4068307050996574e-06,8719.82906959371,4999.999969754806,23042.059149431985,968.4841292959204,23062.403416700097
2023-08-09 16:43:34+00:00,39.989967016259484,-75.167670837311,-923.3977177732296,40.17867582758524,-75.10756200263283,50.266758899902925,4.5864139663765145e-06,4.423048098757791e-06,8736.462113156262,4999.999969570203,23062.863665504337,968.7686954043556,23083.20153788975
2023-08-09 16:43:35+00:00,39.98977954623584,-75.16770607725346,-923.6669002971817,40.17849422496979,-75.10750867721488,50.443230194738135,4.592191278331957e-06,4.433640893442792e-06,8759.693490170226,4999.999969385069,23083.849383812863,969.0736438706032,23104.18157178051
2023-08-09 16:43:36+00:00,39.98959080497468,-75.1677417686144,-923.951095379444,40.178298785843495,-75.10746506388904,50.60745809832588,4.597515236772666e-06,4.444357908367025e-06,8758.508722982398,4999.999969198928,23104.981627761943,969.3823938739326,23125.308176211827
2023-08-09 16:43:37+00:00,39.989409394842816,-75.16777499557492,-924.1390887368524,40.17809734820695,-75.10745146520918,50.71718548797071,4.615378243694814e-06,4.444905486352404e-06,8801.384119513712,4999.999969011665,23125.27247969405,969.6029637444328,23145.590447586277
2023-08-09 16:43:38+00:00,39.98924484478759,-75.16779908670043,-924.0470243031488,40.177862332836845,-75.1074017825032,51.15025800978765,4.626872183828945e-06,4.451125971042328e-06,8835.130472679093,4999.999968822934,23143.56156648768,969.5373624137362,23163.86074640672
2023-08-09 16:43:39+00:00,39.989090884931926,-75.1678163063159,-923.7361983333866,40.17755211680883,-75.10733663640569,51.7603103632573,4.642915430414012e-06,4.457688305228421e-06,8851.198483281072,4999.999968633085,23160.14607411113,969.2628369076602,23180.419250332285
2023-08-09 16:43:40+00:00,39.98894243710204,-75.16783415974407,-923.3371696135514,40.17722841424214,-75.1072948727838,52.33307824935764,4.648566488590096e-06,4.472706179592656e-06,8865.121120957978,4999.999968443017,23177.053193766213,968.989804866404,23197.300187491725
2023-08-09 16:43:41+00:00,39.988791156438594,-75.16785702056163,-923.1401537958416,40.17702273275026,-75.10730769189493,52.72660743701272,4.658426191383802e-06,4.484398584957797e-06,8884.728345712603,4999.999968252187,23196.17317685251,968.9122584761236,23216.40025962589
2023-08-09 16:43:42+00:00,39.98862618217216,-75.16788937971245,-922.8522842449588,40.176972207318,-75.1073759650218,52.95420381426811,4.669547098502657e-06,4.495846819753833e-06,8922.530855527475,4999.999968060914,23218.02119553848,968.1831403551986,23238.19887232533
2023-08-09 16:43:43+00:00,39.98845008500796,-75.16792870966425,-922.6256444036584,40.176847751257824,-75.10743524309302,53.188193674664944,4.691676596396476e-06,4.50031784704876e-06,8947.212341302187,4999.999967868358,23241.57830390513,967.6896604506152,23261.71501277361
2023-08-09 16:43:44+00:00,39.9882495375448,-75.16796969254148,-922.6970181438968,40.176967790665216,-75.10755647603261,53.0915653265547,4.691156566376447e-06,4.517112097351528e-06,8984.488551743058,4999.999967675189,23267.69901424684,967.7265169548402,23287.81466838829
2023-08-09 16:43:45+00:00,39.98811455363837,-75.16810171793466,-922.7798301099092,40.192184729680086,-75.10684855010376,54.10722093749792,4.696083296863184e-06,4.53639085117087e-06,9026.384791215902,4999.999967481761,23287.495062381124,968.114055307308,23307.60972524872
2023-08-09 16:43:46+00:00,39.98795267756493,-75.16824589666564,-923.110639657696,40.19203805341038,-75.10699112821828,53.645276530180126,4.718099519348144e-06,4.547257986288995e-06,9050.210068440792,4999.999967287095,23309.08722306923,967.915895887204,23329.17504658406
2023-08-09 16:43:47+00:00,39.987771763730784,-75.1684033876362,-923.4293769866448,40.19186441115029,-75.10714293776034,53.16001537023112,4.728273432947436e-06,4.5549171415170895e-06,9071.276134530304,4999.999967092322,23330.72870890929,968.187899005779,23350.8091914714
2023-08-09 16:43:48+00:00,39.9875680824318,-75.16857344560941,-924.0288876150888,40.191671295305504,-75.10730594182571,52.69382781535387,4.740527904792851e-06,4.561186212313223e-06,9100.179707850955,4999.999966896813,23352.61470985825,968.8251540782056,23372.702795489076
2023-08-09 16:43:49+00:00,39.98735419343943,-75.16874892184427,-924.7275165265404,40.191465660712815,-75.10748004203032,52.23848328622989,4.750667788692444e-06,4.569667480897887e-06,9110.625506704206,4999.999966702267,23373.456474220304,970.4534464927584,23393.594154043127
2023-08-09 16:43:50+00:00,39.98713462152503,-75.16892981547151,-925.2205243496082,40.19125711941273,-75.10766573613084,51.972526302794,4.757420472410696e-06,4.58119214369232e-06,9152.637544693767,4999.999966507529,23392.694920066868,971.81738573719,23412.872627137047
2023-08-09 16:43:51+00:00,39.98691063710381,-75.16911236942781,-925.6770141830132,40.19104215750971,-75.10785574829164,51.72431101836264,4.759436358872642e-06,4.600913427332339e-06,9172.901403108255,4999.99996631253,23411.43914728639,972.8174965369404,23431.64221365336
2023-08-09 16:43:52+00:00,39.98667300413777,-75.1693023406979,-926.1610034985424,40.19080190360462,-75.10802514273603,50.92092648381367,4.77658104274195e-06,4.610740684490283e-06,9226.28699552776,4999.9999661093225,23431.076804337485,973.3125916837408,23451.28349604542
2023-08-09 16:43:53+00:00,39.986446155763154,-75.16950381700698,-926.4987670554896,40.19059423212813,-75.10829784754354,52.10002187080681,4.786749496286407e-06,4.620938627885961e-06,9234.462215187486,4999.999965912077,23448.75870860089,973.9344102203772,23468.975972751712
2023-08-09 16:43:54+00:00,39.9862281951612,-75.16972208862006,-926.3399031895162,40.19037701364466,-75.10860055240619,53.69578402582556,4.791963043897983e-06,4.632207777963332e-06,9266.97900287616,4999.999965713374,23465.33814638157,974.2714693530538,23485.555118413227
2023-08-09 16:43:55+00:00,39.986015639553166,-75.1699513034049,-926.2546088385064,40.19015057498945,-75.1088611488858,54.42790611856617,4.79808943112109e-06,4.646322324784292e-06,9320.353670128125,4999.999965514002,23480.60359604005,974.6806631828464,23500.8244031896
2023-08-09 16:43:56+00:00,39.98580682287204,-75.17019371516086,-926.2131891024012,40.18991789144693,-75.10912063479265,55.00973890675232,4.808339663654243e-06,4.653096470418303e-06,9373.09473795224,4999.99996531193,23495.432616777995,974.3586946772624,23515.62732983001
2023-08-09 16:43:57+00:00,39.98559724889734,-75.170445456028,-926.1456731474536,40.18968170755752,-75.10937873498486,55.45660010632128,4.81801142425333e-06,4.664180385769904e-06,9389.292939456776,4999.99996510941,23510.43337396894,975.13629212542,23530.647424583385
2023-08-09 16:43:58+00:00,39.98538712820864,-75.17070358610898,-926.0206901127827,40.18944957700853,-75.10963728374173,55.73031328385696,4.8293147556546895e-06,4.674674214613089e-06,9393.422349768782,4999.999964905848,23525.650668206243,975.8020899131,23545.879237801924
2023-08-09 16:43:59+00:00,39.98517920444984,-75.17097365383913,-925.9663794537452,40.18921746188415,-75.10990006926696,55.889918975764886,4.843886473173703e-06,4.6891383286193774e-06,9440.081365677204,4999.999964699439,23540.675287844933,975.880629451152,23560.894210761424
2023-08-09 16:44:00+00:00,39.98497228762351,-75.17125232579122,-925.9038284355796,40.18899589324053,-75.11017169851978,55.92616483126767,4.8594235979549775e-06,4.706524375757376e-06,9463.784895843297,4999.999964494318,23555.846758741776,975.921475818873,23576.054361327933
2023-08-09 16:44:01+00:00,39.98476289510606,-75.17154829970646,-926.0271876338686,40.18874924249476,-75.11044969105431,55.99871029308997,4.871776118490421e-06,4.724827727405685e-06,9498.780494785651,4999.9999642877565,23571.450519921964,975.9312448948964,23591.64516111353
2023-08-09 16:44:02+00:00,39.98455417595849,-75.171854631521,-926.1044484019554,40.18850853147893,-75.11073737817192,56.03469988889992,4.883351032560097e-06,4.737201669740633e-06,9534.356042233556,4999.99996408229,23586.521233261643,976.157973931342,23606.71235638652
2023-08-09 16:44:03+00:00,39.98435191396972,-75.17217056489977,-926.2376168104012,40.18827622709028,-75.11103550525702,55.98883335897699,4.890921374413113e-06,4.75093366156992e-06,9573.330514046102,4999.999963876282,23600.952718232667,976.1636087438786,23621.13173832469
2023-08-09 16:44:04+00:00,39.9841509149845,-75.17249538078082,-926.3952085808464,40.18802134626672,-75.11133267893375,55.91047980519943,4.912662125315863e-06,4.760831793198533e-06,9595.207711331364,4999.999963667987,23615.55900582001,976.5737177491096,23635.742496980394
2023-08-09 16:44:05+00:00,39.98395202445511,-75.17282764740594,-926.7194127211442,40.18771983827133,-75.1116169142712,55.85620949696749,4.9233421433735805e-06,4.761258656369819e-06,9631.85347799885,4999.999963459342,23630.2184340919,977.5910929821476,23650.431446127463
2023-08-09 16:44:06+00:00,39.98375393372855,-75.17317133694388,-926.8390958422012,40.18739940176402,-75.1118966397828,55.79081546841189,4.9358552466054415e-06,4.76937810509028e-06,9664.7936208153,4999.999963246787,23645.378340997493,977.4796809810032,23665.573802797266
2023-08-09 16:44:07+00:00,39.98355935041639,-75.1735228777986,-927.1534683776886,40.18709032027945,-75.11218518442598,55.66263728076592,4.9504956557112e-06,4.792730021210449e-06,9681.55043315672,4999.999963036264,23660.56289606262,977.2720680861644,23680.736839329908
2023-08-09 16:44:08+00:00,39.98336886940343,-75.17387490671612,-927.3665322913882,40.18672067693659,-75.112445610401,55.59526716428809,4.955618926796621e-06,4.794510331171798e-06,9730.81542501248,4999.999962825831,23675.419874616564,976.9327128424312,23695.567175419343
2023-08-09 16:44:09+00:00,39.98317633302746,-75.17423402803809,-927.6466980759524,40.18634222717703,-75.11270194593313,55.55061554349959,4.974173039370728e-06,4.811756805106788e-06,9773.38761893296,4999.999962610937,23690.915311980058,977.1107729234878,23711.05678332314
2023-08-09 16:44:10+00:00,39.98298395738132,-75.17459586272324,-927.9398579191248,40.18589565686929,-75.11292549622372,55.49963526544161,4.978409765728323e-06,4.82150719480882e-06,9812.331766167285,4999.999962397941,23706.56666284188,977.7360711341024,23726.72060704055
2023-08-09 16:44:11+00:00,39.98278982423689,-75.17495850516298,-928.339159562758,40.18533073260673,-75.11308768361792,55.47788239526562,4.985301162309105e-06,4.836417969270806e-06,9843.946223643416,4999.999962183779,23722.47340252964,978.3612029018764,23742.63959582148
2023-08-09 16:44:12+00:00,39.98258696472403,-75.17531547465651,-928.6551543106744,40.184652447797895,-75.11318946652663,55.5480058870744,4.991323606724998e-06,4.842429754380053e-06,9878.444372544878,4999.999961970318,23739.303727867544,978.7127814767944,23759.47011598895
2023-08-09 16:44:13+00:00,39.9823777626781,-75.17566822166293,-929.1567434171932,40.183898142533366,-75.1132498372447,55.66404833481647,5.003966725967275e-06,4.842321918599724e-06,9877.079735878116,4999.999961755104,23756.67881821232,979.1886466007244,23776.85006213669
2023-08-09 16:44:14+00:00,39.98216211035154,-75.17601482056968,-929.7824883167414,40.18314282132823,-75.11331250331318,55.70068393042311,5.013658988244877e-06,4.852285682963221e-06,9884.079713478184,4999.999961541094,23774.46529256867,979.783066230066,23794.64592727581
2023-08-09 16:44:15+00:00,39.98194295487983,-75.17635408521787,-930.3709175516688,40.18239603285696,-75.11338595327655,55.6686727211345,5.033858196548056e-06,4.85466756703796e-06,9929.932650513165,4999.999961325336,23792.30871131131,980.1167710429056,23812.48795693595
2023-08-09 16:44:16+00:00,39.98171876401476,-75.17668903722527,-930.7996739550354,40.18163200966399,-75.11346065930435,55.64127958449535,5.038167648050176e-06,4.857681652571182e-06,9960.6135916939,4999.999961106874,23809.95267178307,980.12869243052,23830.11746690048
2023-08-09 16:44:17+00:00,39.98148947870519,-75.17702311105788,-931.3326617192464,40.18088704025586,-75.11355531395351,55.591557586565614,5.049973949817744e-06,4.865304771385056e-06,9986.474675437932,4999.99996088926,23827.86921217989,980.4671193076404,23848.03276928296
2023-08-09 16:44:18+00:00,39.98125506787196,-75.17735325528717,-931.9074971340424,40.18015457646388,-75.11367010273636,55.50934963533655,5.061389730915963e-06,4.871628735233702e-06,10025.898744090711,4999.999960670456,23846.404898416225,981.245618001574,23866.584790079552
2023-08-09 16:44:19+00:00,39.98101597545983,-75.1776756838832,-932.4559619920024,40.17944346639288,-75.11380874382046,55.40783583349548,5.06933122205159e-06,4.872028459265515e-06,10069.04282682305,4999.999960450363,23864.980333866555,981.809485623178,23885.167703030624
2023-08-09 16:44:20+00:00,39.98077491505679,-75.17799842897674,-932.9717160857864,40.1787131405785,-75.11395752179907,55.331646216567606,5.090945528320667e-06,4.885745468229592e-06,10067.005132431324,4999.999960229634,23883.76780253399,982.1602130802974,23903.953713340336
2023-08-09 16:44:21+00:00,39.980529641567685,-75.17831808785134,-933.3824897794348,40.17805553101575,-75.11414647049475,55.18240320123732,5.105309235739416e-06,4.9044364098829084e-06,10101.565854375962,4999.999960007695,23902.679401892863,982.9312489434928,23922.881022774476
2023-08-09 16:44:22+00:00,39.98028416835119,-75.1786382085719,-933.7286891981616,40.17736126838341,-75.11434347709609,55.08752597100101,5.1149396333503074e-06,4.906533655045313e-06,10147.40954759468,4999.999959785202,23921.890965974413,982.9879955513936,23942.078706481738
2023-08-09 16:44:23+00:00,39.98003701372117,-75.17896150348112,-934.1878879663664,40.17667070015637,-75.1145619664433,54.97773087420501,5.119914397728737e-06,4.913335439677136e-06,10156.925936126689,4999.999959562871,23941.347481055403,983.2429971980416,23961.529291766357
2023-08-09 16:44:24+00:00,39.979786752203,-75.17928337071459,-934.6580549920184,40.176021882836345,-75.11480703449783,54.81706252461299,5.121313807262614e-06,4.9185425689737066e-06,10196.858112018976,4999.999959338714,23961.099217966053,983.8125583970254,23981.287765323887
2023-08-09 16:44:25+00:00,39.97953678129976,-75.1796056653292,-934.905493127291,40.17538997611254,-75.11506823003639,54.69964181212708,5.132743720129059e-06,4.934381182803323e-06,10218.132851480868,4999.999959113349,23980.451838244917,983.7905782702152,24000.623205831074
2023-08-09 16:44:26+00:00,39.97928620449409,-75.17992913514462,-935.2881912358956,40.17477239114984,-75.11534365999934,54.64807429304346,5.148349355588586e-06,4.940665708102943e-06,10235.332157476078,4999.999958888559,23999.196110948436,983.7268727589794,24019.349127983267
2023-08-09 16:44:27+00:00,39.9790363756464,-75.18025133392919,-935.6066361144176,40.17419218192109,-75.11563406310098,54.551853427663445,5.162899490100253e-06,4.950898684143678e-06,10266.30262643166,4999.999958661051,24017.664054640165,983.6964669471608,24037.800344054747
2023-08-09 16:44:28+00:00,39.97878584027024,-75.18057130780811,-935.9433896035894,40.17361989657056,-75.1159346702151,54.41222519776784,5.183919267558129e-06,4.96771539223616e-06,10302.694110647582,4999.999958433163,24036.40552239834,983.6187888659164,24056.522948235717
2023-08-09 16:44:29+00:00,39.97853604024924,-75.18089362697455,-936.2317704174898,40.17301783586411,-75.11624436743388,54.31228316784836,5.196491414898786e-06,4.968524042516567e-06,10359.08845788124,4999.999958203383,24055.1804963052,983.5236126262012,24075.278345356997
2023-08-09 16:44:30+00:00,39.97828832913261,-75.1812152507959,-936.4541226832552,40.17243908384522,-75.11656072683851,54.24077879288234,5.211783781788508e-06,4.980040638426841e-06,10386.251115918783,4999.9999579737805,24074.070395835643,983.623095771774,24094.156549217198
2023-08-09 16:44:31+00:00,39.97804036889313,-75.18153486408917,-936.6358078302536,40.17185285005112,-75.11688732902563,54.21292962389998,5.226867690696786e-06,4.991110139577288e-06,10410.099652195117,4999.999957743215,24093.115181474008,984.3309838498998,24113.214357143268
2023-08-09 16:44:32+00:00,39.97779276787418,-75.1818599153378,-936.8239824664088,40.17131727196479,-75.11721788116648,54.12059912225232,5.22590017623126e-06,4.996722843621932e-06,10425.204717966611,4999.999957511443,24112.493438029487,984.1662454418318,24132.569755367585
2023-08-09 16:44:33+00:00,39.97754510219902,-75.18218563407939,-937.3632478904808,40.17066100809605,-75.11756753023947,53.86432734155096,5.228893966291232e-06,4.999106691196889e-06,10442.9475012609,4999.999957276602,24131.72010650272,984.1217904103762,24151.77863009158
2023-08-09 16:44:34+00:00,39.97729519301694,-75.18251206979735,-938.3422187668792,40.17003845140263,-75.11792086412946,53.2804871245753,5.241718289430146e-06,5.003971652613445e-06,10450.683088805345,4999.999957045688,24151.13359565219,984.9173002344764,24171.208410903684
2023-08-09 16:44:35+00:00,39.977041761038095,-75.18283741975895,-939.0760431662808,40.16924589870459,-75.11830330636471,52.68825338291936,5.2521842388562056e-06,5.014812616548386e-06,10458.71908499704,4999.999956808735,24170.986821176062,985.6896556013756,24191.07661941954
2023-08-09 16:44:36+00:00,39.97679136091247,-75.18316554642688,-939.566053134248,40.16867061805931,-75.11865877927451,52.17420844361186,5.26297158004637e-06,5.0275926169586645e-06,10478.78901930549,4999.999956572651,24190.596123352632,985.5481736209746,24210.663890230087
2023-08-09 16:44:37+00:00,39.97653890889151,-75.18349139719999,-940.0371645724322,40.168305801163896,-75.1189866550351,51.68256979505532,5.2695580772871626e-06,5.0423266281216776e-06,10488.18694933686,4999.999956339378,24210.4650095343,985.783749033106,24230.52590386231
2023-08-09 16:44:38+00:00,39.97628695000278,-75.18381620760235,-940.9650181953282,40.16782436474982,-75.1193370357354,51.06049450626597,5.280125367528001e-06,5.05136505154262e-06,10502.145813759327,4999.999956102132,24230.20414696056,986.242296146978,24250.267356672462
2023-08-09 16:44:39+00:00,39.97602858219877,-75.18414334848066,-941.5099703946915,40.1671227879287,-75.1197246464695,50.49441151204519,5.278733955683162e-06,5.069775265824865e-06,10521.229142699593,4999.999955862179,24250.726140940693,986.0047667030472,24270.76273549856
2023-08-09 16:44:40+00:00,39.9757688403454,-75.18447689952248,-941.696480601176,40.16659059408772,-75.1200879859363,50.24019853724167,5.2880922601835306e-06,5.088347193662743e-06,10556.246961204555,4999.999955623026,24271.596570569527,985.306173713274,24291.587604362958
2023-08-09 16:44:41+00:00,39.975507374719655,-75.1848080003146,-941.9289475451478,40.166333563613854,-75.12040702839133,50.05920025031082,5.299121088304325e-06,5.103479357773132e-06,10572.042688748406,4999.999955385059,24289.382643855828,979.480765126953,24309.12363267953
2023-08-09 16:44:42+00:00,39.97524607007327,-75.18514126362464,-941.9602587143468,40.16633168597885,-75.12068064408527,49.806374456733465,5.310118966488078e-06,5.11173598942721e-06,10583.446618584192,4999.999955145927,24312.50182265446,978.7557950786338,24332.194882151023
2023-08-09 16:44:43+00:00,39.97498116516516,-75.18547678467846,-941.9777301758704,40.16632242370205,-75.12095831145211,49.63718882808462,5.3085778530692105e-06,5.120389757857159e-06,10603.167074293457,4999.999954905977,24333.6264312103,978.3705598125728,24353.286928995934
2023-08-09 16:44:44+00:00,39.9747168137596,-75.18580772687775,-942.0822818100742,40.16610372862374,-75.12127264105993,49.61241335654631,5.320138198432644e-06,5.142679390847281e-06,10627.734939169077,4999.999954664289,24353.062266251025,978.1485566410374,24372.69817526895
2023-08-09 16:44:45+00:00,39.97443608538157,-75.18604934500479,-941.8556262924176,40.18602715051727,-75.1129770044545,50.76269490690902,5.3249671361749725e-06,5.155129228705114e-06,10629.317781075177,4999.999954423222,24372.540882250058,977.7126322862744,24392.14363372524
2023-08-09 16:44:46+00:00,39.97415367497979,-75.1862857700631,-941.2964716791472,40.18574477968307,-75.11321505597377,50.9805121764075,5.324709124565497e-06,5.1666111097151645e-06,10657.212048894586,4999.999954181162,24393.0578500068,977.200125827843,24412.623606644494
2023-08-09 16:44:47+00:00,39.97386842573295,-75.18651057262801,-940.780360801099,40.18546187711631,-75.11344531097217,51.219778614118695,5.340893174488907e-06,5.180456583692517e-06,10700.888911976594,4999.9999539385535,24412.46206233199,977.0071713469,24432.004562820097
2023-08-09 16:44:48+00:00,39.97358434726875,-75.18672726944388,-940.1191490043018,40.18517852494267,-75.11366546326033,51.528194565093145,5.349271504423458e-06,5.189071318168208e-06,10728.263884353895,4999.999953695317,24431.972009938287,976.5168186705148,24451.479329307545
2023-08-09 16:44:49+00:00,39.97329458615592,-75.18693009052282,-939.3779254724312,40.184894843849406,-75.11387386073625,51.96261930256151,5.3474122181233965e-06,5.193980626517025e-06,10775.847325376111,4999.9999534502285,24452.206507380863,976.0131601135342,24471.677604290107
2023-08-09 16:44:50+00:00,39.973005815129234,-75.1871181712302,-938.7322442374152,40.184612848417146,-75.11406600441299,52.33482571248896,5.3563209447918e-06,5.191654698720441e-06,10804.238862238088,4999.999953205186,24472.59211297224,975.8241246938136,24492.039471024986
2023-08-09 16:44:51+00:00,39.97270962216435,-75.18728308267022,-938.0588302181428,40.184334123421536,-75.11423518749837,52.62780569284223,5.36431754158567e-06,5.213567355418072e-06,10816.175297544003,4999.999952960058,24493.557614773646,975.476269582322,24512.97449476
2023-08-09 16:44:52+00:00,39.972409066084296,-75.18743629324004,-937.2156082419236,40.18405910158573,-75.11438180186114,52.9411606870126,5.364984186736442e-06,5.228461971584973e-06,10824.142642846098,4999.999952712591,24515.83918570766,975.080242096872,24535.222690206152
2023-08-09 16:44:53+00:00,39.97211181028224,-75.1875902002727,-936.582073687228,40.18376745054883,-75.11453021381766,53.511459302855656,5.386822819777404e-06,5.238866260714402e-06,10849.031717064625,4999.999952462535,24539.18900288392,975.105976120056,24558.55509967808
2023-08-09 16:44:54+00:00,39.97181110542512,-75.18774616769127,-936.5071994511788,40.183454337610144,-75.11469515138018,53.98969611246139,5.399838031076227e-06,5.239263326585097e-06,10896.839286966702,4999.999952209992,24563.26912279805,976.0107893169376,24582.652156752072
2023-08-09 16:44:55+00:00,39.97151466849898,-75.18791218322873,-936.0788293152934,40.18311023014512,-75.1148895237063,54.63682182878256,5.4199629929484e-06,5.247127989035965e-06,10921.027708328522,4999.999951955635,24587.342717261457,976.4640421454222,24606.72477030767
2023-08-09 16:44:56+00:00,39.97122015085365,-75.18807898423688,-935.6594185515468,40.18277160988498,-75.11508546142305,55.41983237140812,5.43098519130162e-06,5.253545561563433e-06,10961.73789242078,4999.999951702654,24610.053864074587,976.7842496135208,24629.4307417558
2023-08-09 16:44:57+00:00,39.97092709101468,-75.18824079204742,-935.1918951914164,40.182465808633786,-75.11525797247475,55.96398710575886,5.446024817223381e-06,5.2700734763378e-06,10995.1328821318,4999.999951448571,24631.85856119325,976.9569113654962,24651.225141669816
2023-08-09 16:44:58+00:00,39.97063155717196,-75.18839319856885,-934.9487822572022,40.18215707295256,-75.11542445124878,56.40261659002863,5.45785031981525e-06,5.2717160321657605e-06,11012.876936784342,4999.999951193318,24653.1975156278,977.3078556785068,24672.561245021312
2023-08-09 16:44:59+00:00,39.97034080274648,-75.18854345349902,-934.8368817752248,40.18181268596838,-75.11560170349564,56.82775312685408,5.473596940819303e-06,5.273411668929853e-06,11042.615186466655,4999.999950936867,24673.82283674083,977.7507511162836,24693.18792521901
2023-08-09 16:45:00+00:00,39.97004854617786,-75.18868764487668,-934.7755290604636,40.18145411979663,-75.11578151164397,57.17831903626211,5.488370240138502e-06,5.284499107317899e-06,11100.85260271104,4999.999950678484,24694.937604745584,978.1577974101152,24714.30225555461
2023-08-09 16:45:01+00:00,39.96975982390022,-75.18883497201699,-934.487636537926,40.181045139291584,-75.11598046716709,57.65158893563785,5.492068807276343e-06,5.295252849864425e-06,11116.842655906734,4999.999950419234,24716.298553732973,978.493063274317,24735.65974200281
2023-08-09 16:45:02+00:00,39.96946636349762,-75.18897297986254,-934.1285303003932,40.18064857289714,-75.1161676737143,58.16619610250928,5.49254531732052e-06,5.300035826642811e-06,11126.243358981235,4999.999950159082,24737.014173135096,978.82614456666,24756.37232760838
2023-08-09 16:45:03+00:00,39.969172205366704,-75.18910088079129,-933.8938365026768,40.18028257831104,-75.11633165286588,58.574751652311534,5.496230369287982e-06,5.327626719394106e-06,11141.793432166663,4999.999949898018,24757.321083860395,979.267848568792,24776.680826305183
2023-08-09 16:45:04+00:00,39.96887831776298,-75.18922630273721,-933.7336398035908,40.17990315179774,-75.11649264047463,58.85762380599044,5.503704646288317e-06,5.331774135843602e-06,11164.98520254432,4999.999949635967,24778.343277979133,979.760159923504,24797.70605464036
2023-08-09 16:45:05+00:00,39.968580792929984,-75.18934578844306,-933.5866594308624,40.17949860670515,-75.11665988297588,59.16541283740662,5.526369200896625e-06,5.337606550371381e-06,11177.402029504916,4999.999949372229,24799.82073695458,980.4283091587628,24819.19314269669
2023-08-09 16:45:06+00:00,39.96828010087265,-75.18945839274323,-933.3973009559788,40.179166372863655,-75.11679018350853,59.35994666186161,5.532050258991473e-06,5.359052675648289e-06,11221.00157664645,4999.999949107554,24821.826975543,980.9172762432922,24841.201523006628
2023-08-09 16:45:07+00:00,39.96797693154948,-75.18955544775676,-933.440092013882,40.17883832868288,-75.11690695581433,59.44283060892485,5.548361764468631e-06,5.378402702586231e-06,11241.184537188545,4999.9999488418425,24844.01872531521,981.6340351190632,24863.404268175284
2023-08-09 16:45:08+00:00,39.967663649978746,-75.18964416191828,-933.516452138008,40.17850487900601,-75.11701354036605,59.43906666035764,5.570687235733341e-06,5.384469011718185e-06,11231.697953281024,4999.999948574941,24867.34315147631,982.7316666070344,24886.75384500413
2023-08-09 16:45:09+00:00,39.96734388663417,-75.1897259487329,-933.8060569159476,40.1781380421105,-75.11712532009705,59.392702830024064,5.574374841689123e-06,5.400277359912653e-06,11264.929989441487,4999.999948307092,24891.78882205294,983.4636601817832,24911.209355079045
2023-08-09 16:45:10+00:00,39.96701469209671,-75.18979676958838,-934.099133623018,40.177727857442775,-75.11725008027238,59.32174826506525,5.57584886087491e-06,5.409559588583247e-06,11277.588214900095,4999.99994803851,24917.636525537328,984.0282437868688,24937.059201184133
2023-08-09 16:45:11+00:00,39.96667623868116,-75.18985230697392,-934.4259139337264,40.17731237816948,-75.1173655064673,59.18986298446544,5.586169283054673e-06,5.421478090119122e-06,11316.534866260268,4999.999947768188,24944.976943599115,984.6210424325228,24964.401721529244
2023-08-09 16:45:12+00:00,39.96632732255398,-75.18988665171213,-934.887304398242,40.17689228797655,-75.11747639698972,59.00101944990456,5.597332992857365e-06,5.432149634768516e-06,11322.119228318044,4999.99994749642,24974.3856990954,985.5100192356068,24993.82265771274
2023-08-09 16:45:13+00:00,39.96596654674502,-75.18989966783407,-935.5360769586354,40.17650176344806,-75.11755169707389,58.62443189229816,5.618003338175021e-06,5.4368945159428105e-06,11329.813072718713,4999.999947223263,25006.600932770045,986.7102990395828,25026.06016585604
2023-08-09 16:45:14+00:00,39.965594145864266,-75.1899042174494,-936.2489382925248,40.17611478991757,-75.11763512926868,58.23788482625969,5.624639158271927e-06,5.445012408803866e-06,11365.098567511468,4999.999946947539,25041.36084398688,987.8169766507062,25060.836683920166
2023-08-09 16:45:15+00:00,39.96521202019281,-75.1898989715841,-937.148042061314,40.175764928443385,-75.11774651004393,57.989984615007415,5.640256327737167e-06,5.466534576751595e-06,11403.47883417394,4999.999946670664,25078.909186967947,988.8130744793624,25098.39511411928
2023-08-09 16:45:16+00:00,39.96483666787312,-75.18989426329134,-937.7716999821564,40.17549320580908,-75.11787093671394,57.9252468214836,5.659907756587166e-06,5.4632116242283816e-06,11417.55289315063,4999.999946393911,25117.620037969195,989.4110445610852,25137.099486354648
2023-08-09 16:45:17+00:00,39.964474860356674,-75.18989529394841,-938.431298754599,40.17535127490334,-75.11803623321158,58.29680888890289,5.664048999009833e-06,5.472604035051715e-06,11427.265741562622,4999.999946116659,25156.900129758807,990.1390329607976,25176.377806254244
2023-08-09 16:45:18+00:00,39.96412497782696,-75.1898995545594,-938.854284864806,40.17521006958014,-75.11815925248911,58.646844901144505,5.667052274251923e-06,5.491267258434998e-06,11454.303967189368,4999.999945837742,25195.076872857106,990.7001890335738,25214.54710070617
2023-08-09 16:45:19+00:00,39.96378942703481,-75.18990425820402,-939.164772101519,40.17502622872704,-75.11824606017471,58.92146202502772,5.671814686423337e-06,5.499840202269552e-06,11487.823603791854,4999.999945557452,25231.687722116385,990.9449455340553,25251.13932462213
2023-08-09 16:45:20+00:00,39.96346284492416,-75.18990514092776,-939.3845779878836,40.17479555851451,-75.11831122920071,59.15287838876248,5.686009679008178e-06,5.506218197069643e-06,11510.382268716576,4999.999945275803,25267.265544369115,991.2229443116372,25286.700674761672
2023-08-09 16:45:21+00:00,39.9631598953424,-75.18991094859336,-939.5809846475964,40.17452319179802,-75.11836841535975,59.388135224580765,5.688606193056468e-06,5.506193734633597e-06,11530.544748406195,4999.999944991926,25300.433357985054,991.5786981679372,25319.8569588476
2023-08-09 16:45:22+00:00,39.96287681719693,-75.1899229291478,-939.678768184328,40.1741429519486,-75.11849108195538,60.012439630692825,5.696328984093656e-06,5.511204862283513e-06,11541.073316970069,4999.999944706721,25331.460151938856,992.0837207249044,25350.879738939897
2023-08-09 16:45:23+00:00,39.96261097940096,-75.18994505222234,-939.679405333694,40.17367196092148,-75.11859601690635,60.41206011059694,5.703587112472028e-06,5.529239666937133e-06,11561.009241742826,4999.999944420379,25359.16692069225,992.1528194743896,25378.568007843216
2023-08-09 16:45:24+00:00,39.96234849267162,-75.18996985394917,-939.7184967474428,40.17312896588504,-75.11870586272332,60.719006090657786,5.711124001144673e-06,5.538949920449174e-06,11574.45645689002,4999.999944133758,25384.74899922096,992.2144772105923,25404.13295749799
2023-08-09 16:45:25+00:00,39.96209669853445,-75.1899937841722,-939.7719619974102,40.17268548258602,-75.11877746298275,60.84242839226499,5.72810018679936e-06,5.549721509394947e-06,11571.356890052346,4999.999943845855,25407.94327165868,992.5328795134124,25427.321974851
2023-08-09 16:45:26+00:00,39.96184652411607,-75.19002446310733,-939.7148107952888,40.17195846806269,-75.11893142071602,61.08814873965457,5.735591062049746e-06,5.549596736214848e-06,11597.915535290009,4999.99994355682,25430.231397263145,992.5933736926812,25449.595488412917
2023-08-09 16:45:27+00:00,39.961593974421405,-75.19006048545492,-939.7499912066584,40.17126696143503,-75.11907801173342,61.27444459777325,5.753836996987074e-06,5.5626099081937375e-06,11620.304325950388,4999.999943266903,25451.5375093486,993.0622624584672,25470.903679431907
2023-08-09 16:45:28+00:00,39.9613404596769,-75.190102974707,-939.870948874043,40.17055001710516,-75.1192349660121,61.41707585775293,5.756502597702369e-06,5.583875232685662e-06,11649.33945576432,4999.999942975723,25472.095330778568,993.3982233025042,25491.45897296449
2023-08-09 16:45:29+00:00,39.96108565247985,-75.19015066160796,-940.0067003695692,40.169807395574566,-75.11940552939267,61.538321694592014,5.773355731169234e-06,5.602946055766066e-06,11652.685444077608,4999.999942683298,25492.268345858964,993.577986777346,25511.623676926003
2023-08-09 16:45:30+00:00,39.96082849158412,-75.19020937232611,-940.095051179636,40.168947048955125,-75.11961385308052,61.71607611887157,5.788405542529435e-06,5.609881034992225e-06,11671.717215858764,4999.999942389157,25511.8166447668,993.3531170638236,25531.148406042783
2023-08-09 16:45:31+00:00,39.96056626638355,-75.19027052414236,-939.8250828314206,40.168150654901,-75.11980796068679,62.036329705035314,5.803100258305079e-06,5.619153778081901e-06,11686.41115620744,4999.999942093151,25531.111067427293,992.818535513677,25550.407452363022
2023-08-09 16:45:32+00:00,39.96030794125981,-75.19032672712902,-939.535042715824,40.16774869676757,-75.11989800754291,62.36027157795616,5.8212849928961e-06,5.6274148742055885e-06,11692.805261475844,4999.999941795338,25549.07304196273,992.215006203196,25568.33244312349
2023-08-09 16:45:33+00:00,39.96004529800611,-75.19038348561,-939.2286378667984,40.167073098969496,-75.1200548771946,62.83698404743336,5.8338615231493485e-06,5.640195390853549e-06,11703.157149179204,4999.999941497486,25566.90707181512,992.1192268460736,25586.149334730064
2023-08-09 16:45:34+00:00,39.95978135577529,-75.19044214131607,-938.971557362148,40.1665681575166,-75.1201673914711,63.20671562990174,5.838186608366575e-06,5.639693967582237e-06,11718.172879647143,4999.999941197455,25583.970331190318,991.9704877757462,25603.194006917267
2023-08-09 16:45:35+00:00,39.95951757184169,-75.1904976090639,-938.8096905028334,40.1663126113499,-75.12021760028173,63.40099852858111,5.843273437158936e-06,5.6468445467821175e-06,11721.848788423604,4999.999940896107,25600.53968700117,992.2574575173796,25619.76204276146
2023-08-09 16:45:36+00:00,39.95925539823297,-75.19055275997201,-938.8406585206778,40.166047425628506,-75.12026921815239,63.53106598928571,5.85371863047184e-06,5.652579449531333e-06,11764.624261358427,4999.999940593124,25616.393515753825,992.5482181252124,25635.61523972573
2023-08-09 16:45:37+00:00,39.958991371993584,-75.19060848805708,-938.964796799146,40.1656361593613,-75.12034951873213,63.62192373163998,5.864457522166898e-06,5.6578489412166006e-06,11807.116861488174,4999.999940288635,25632.01597197084,992.407440716228,25651.220542417803
2023-08-09 16:45:38+00:00,39.95872566506375,-75.19066212924307,-939.1445822760662,40.1654748111499,-75.12037856079318,63.41814836766571,5.870035535181174e-06,5.664443403549559e-06,11830.914803116964,4999.999939982845,25647.722789168714,992.212819097946,25666.908083141345
2023-08-09 16:45:39+00:00,39.95846453145761,-75.19071297226779,-939.3547686249236,40.165336461674535,-75.12040521578986,63.07719158101827,5.875192350945387e-06,5.672664623393914e-06,11841.843703831895,4999.999939676063,25662.68497859792,992.0716379287348,25681.85364115172
2023-08-09 16:45:40+00:00,39.95820019010695,-75.19076181914335,-940.0140368602184,40.16498038428632,-75.1204580797198,62.74118648678996,5.888108358554257e-06,5.6817238878042604e-06,11846.593970173872,4999.999939367506,25678.14069174552,992.2708490220556,25697.30551678319
2023-08-09 16:45:41+00:00,39.95793703457899,-75.1908111713996,-940.687228964705,40.16440286957219,-75.12052354473178,62.32073157443665,5.890790715178848e-06,5.693586657618509e-06,11854.539420202043,4999.999939057462,25693.629948993497,992.3815704704596,25712.787502276467
2023-08-09 16:45:42+00:00,39.9576708466773,-75.19085744995952,-941.553013453156,40.16394323127496,-75.12057116970988,61.64996538567357,5.8949372399147416e-06,5.703624842228828e-06,11870.456476121411,4999.999938745808,25708.684123360203,992.4742721089302,25727.83404283212
2023-08-09 16:45:43+00:00,39.9574074663668,-75.19090257300519,-942.6200664678796,40.163660521307534,-75.1206029748626,60.78282330115326,5.898138703661633e-06,5.711766650055632e-06,11882.275364148714,4999.999938432981,25724.153339244363,993.0000892371496,25743.312028528537
2023-08-09 16:45:44+00:00,39.95714563395909,-75.19094507053792,-943.5633261329476,40.16315370409559,-75.12063633415018,59.91726071597077,5.925565438900382e-06,5.727943430434018e-06,11918.23154753393,4999.999938118017,25737.75188730623,992.8805860397893,25756.895854715687
2023-08-09 16:45:45+00:00,39.95679213092599,-75.19124360106727,-944.34023070936,40.18134795775448,-75.11770408983341,60.48263819841668,5.930480556594031e-06,5.73184384547481e-06,11943.73434937645,4999.99993780248,25767.19662292394,992.857279779236,25786.31783296005
2023-08-09 16:45:46+00:00,39.95643871756518,-75.19154859782219,-945.260463190607,40.18099640665891,-75.11800702856667,59.383782943477854,5.949819383628081e-06,5.730031140115788e-06,11979.160593483815,4999.999937486304,25796.2065510064,992.8453721475776,25815.30581564318
2023-08-09 16:45:47+00:00,39.95609333659837,-75.19185837597084,-946.1949641076612,40.18064851078178,-75.11831565940216,58.30960651161149,5.97050089971614e-06,5.736976745392255e-06,12014.425029700233,4999.999937169427,25824.780853712426,992.8996368978194,25843.86108597598
2023-08-09 16:45:48+00:00,39.95574780788383,-75.19218004269385,-947.0987994409816,40.18030441769917,-75.1186318616424,57.227340197656304,5.9842608755441925e-06,5.7473707019443e-06,12022.28758621724,4999.999936851289,25851.515702365938,992.7611003355328,25870.570900388186
2023-08-09 16:45:49+00:00,39.9554030434218,-75.19250648353392,-947.8359200117128,40.17996329468997,-75.11895735575806,56.21835695253685,6.01461171045891e-06,5.758220402685667e-06,12039.375957016606,4999.999936532075,25879.339801029157,992.4758236497192,25898.36359304697
2023-08-09 16:45:50+00:00,39.95505815823806,-75.19284658428955,-948.4609586864394,40.17962335374872,-75.11929305430304,55.389886691235006,6.026076053188859e-06,5.770166649035766e-06,12049.280547352551,4999.999936212163,25906.210433058164,992.016879821762,25925.196942197817
2023-08-09 16:45:51+00:00,39.95471071529358,-75.19319833972514,-948.9061174895572,40.17928331108836,-75.11964007702154,54.73588317725808,6.038705739859245e-06,5.7838868264576494e-06,12064.793047875924,4999.999935891394,25933.09450175992,991.659781760824,25952.04769493098
2023-08-09 16:45:52+00:00,39.95436597754541,-75.19355836867479,-949.2401287252655,40.17894642901632,-75.11999957242253,54.21014537313022,6.055300253392993e-06,5.785204324592673e-06,12072.36609164228,4999.999935570329,25961.536482604857,991.3026342881632,25980.455297210818
2023-08-09 16:45:53+00:00,39.95401699743027,-75.19393108002413,-949.6230615286756,40.17860806722282,-75.12037037198668,53.72962252958678,6.0680135071502375e-06,5.786051916376683e-06,12078.06457404896,4999.99993524973,25989.93985251438,991.185463664409,26008.8335409471
2023-08-09 16:45:54+00:00,39.95366474427448,-75.1943148696869,-949.9033748433352,40.17827263423144,-75.12075486694724,53.2329519931227,6.080671000252814e-06,5.801921388698544e-06,12110.149508977078,4999.9999349305845,26018.57184509215,991.1767740289604,26037.44442635637
2023-08-09 16:45:55+00:00,39.95331277804091,-75.19471356258632,-950.2334524341354,40.177930913830814,-75.12115228107054,52.84401860786602,6.098068561590194e-06,5.819619407283721e-06,12134.796878792202,4999.999934612681,26049.31044282616,991.3142646842452,26068.165998360884
2023-08-09 16:45:56+00:00,39.95295900863792,-75.19512866832919,-950.3928535071174,40.17758696373862,-75.12156531825104,52.574951828457415,6.10172426505427e-06,5.83911679227958e-06,12165.518473846472,4999.999934297288,26080.043441133883,991.2174930093626,26098.8731176248
2023-08-09 16:45:57+00:00,39.95260672432623,-75.19555393127166,-950.6618648006552,40.17724553682269,-75.1219925773495,52.27681907219812,6.09940659411354e-06,5.855874138102252e-06,12186.279521704631,4999.999933984834,26110.848049732544,991.6168764979786,26129.67068116201
2023-08-09 16:45:58+00:00,39.95225727031273,-75.19598672335516,-951.0884929438454,40.1768404541612,-75.12239750242972,52.04113096930087,6.11211725839127e-06,5.863723704097243e-06,12215.494131701987,4999.999933674244,26143.2589896135,992.1606818976608,26162.07892000769
2023-08-09 16:45:59+00:00,39.95190662126017,-75.1964202595485,-951.6940369457066,40.17637340266578,-75.12277341796566,51.88650795374997,6.124047954835877e-06,5.875147959346763e-06,12222.196830547302,4999.999933367156,26174.95351446737,992.8426079935656,26193.77651139245
2023-08-09 16:46:00+00:00,39.951559606181405,-75.19686038548784,-952.579177401921,40.17593160523621,-75.1231647697958,51.4873571684584,6.124516017773723e-06,5.883156116425728e-06,12243.023643652088,4999.999933064851,26205.97691179002,993.652459971032,26224.80831412268
2023-08-09 16:46:01+00:00,39.951209435392585,-75.19730429399482,-953.5229957400088,40.17548311935723,-75.12355430860761,50.94187549245544,6.138592767744612e-06,5.89011715663412e-06,12250.53897533484,4999.999932766928,26238.745841612035,994.3445611871064,26257.57994269608
2023-08-09 16:46:02+00:00,39.95086482016529,-75.19774530963548,-954.6067089980164,40.17499451674736,-75.12392054748636,50.410538075491786,6.152154787321533e-06,5.894436363739402e-06,12274.762697374796,4999.999932473212,26270.426687961397,995.1982839985257,26289.27039672322
2023-08-09 16:46:03+00:00,39.950518133692285,-75.19819050417436,-955.5602068750188,40.174494573288726,-75.12428270967935,49.90008129598573,6.1620488787212605e-06,5.912908183079182e-06,12316.061897792712,4999.999932185317,26301.89560625573,995.8829616245998,26320.742682447784
2023-08-09 16:46:04+00:00,39.95017216828663,-75.19864347819951,-956.3520763558432,40.17400389585882,-75.12465596217521,49.38847930869088,6.176255262843627e-06,5.917890059979728e-06,12341.587660548546,4999.999931903849,26334.753705223626,996.3479714977798,26353.59485905286
2023-08-09 16:46:05+00:00,39.94982532225325,-75.19909612601302,-957.1545725142076,40.173499315217,-75.12502598300442,48.92322917073034,6.193406148242639e-06,5.922672687171207e-06,12359.506752293317,4999.999931628206,26367.115210667194,996.6716589294008,26385.945481038016
2023-08-09 16:46:06+00:00,39.94947987189518,-75.19955522530186,-958.0118343254884,40.1729778502425,-75.12539057019804,48.52936290903017,6.210000258349831e-06,5.928331085724386e-06,12386.476916127014,4999.999931358329,26400.331662510333,997.0508200701646,26419.152564538254
2023-08-09 16:46:07+00:00,39.94913521585445,-75.20001245778133,-958.7945509791782,40.17245599798494,-75.12575901187951,48.1580662985798,6.218293175215787e-06,5.947163404978405e-06,12419.055345829098,4999.999931094092,26434.05915353987,997.5519459195611,26452.87495183941
2023-08-09 16:46:08+00:00,39.94879163968864,-75.20046753522249,-959.4214819380618,40.17188682903328,-75.1261068508523,47.97150580491871,6.224363222151427e-06,5.963674820051819e-06,12455.720980790868,4999.999930835753,26467.889015328,997.8953486846552,26486.693716933547
2023-08-09 16:46:09+00:00,39.94845264598758,-75.20091583051955,-959.9847109546356,40.17132109873002,-75.12645769595876,47.840308270882815,6.238597814394864e-06,5.978988479309911e-06,12477.80236439698,4999.999930582191,26501.37142126337,998.1176505838602,26520.16074710261
2023-08-09 16:46:10+00:00,39.94811360313693,-75.20135526770805,-960.6150421233458,40.17070148146921,-75.12678621538464,47.81732041062787,6.248048575319759e-06,5.984980225967097e-06,12520.15665146201,4999.999930332796,26534.86690598377,998.5530329020417,26553.64889949761
2023-08-09 16:46:11+00:00,39.94777606766456,-75.20178588409466,-961.1709799840517,40.17013544454948,-75.12714177625648,47.679073894862086,6.266287607843834e-06,5.996778931450792e-06,12548.07387037088,4999.999930087225,26567.74043972639,998.7605224816626,26586.507003627627
2023-08-09 16:46:12+00:00,39.94744099035388,-75.20221551732863,-961.6335373068376,40.169552516001644,-75.12749776318138,47.54439313616604,6.290492745811315e-06,6.012795810909708e-06,12574.425851348487,4999.999929845117,26600.376623058924,998.8750946245564,26619.1244773986
2023-08-09 16:46:13+00:00,39.94710602555493,-75.20263342434737,-962.0671497384644,40.168955199825405,-75.12785476896507,47.41281967028044,6.300948338302071e-06,6.0293149871618e-06,12588.131981126317,4999.999929606154,26632.614717068867,999.1750296728708,26651.35113662636
2023-08-09 16:46:14+00:00,39.946770747284944,-75.20304331167699,-962.4758673529016,40.16825713940111,-75.12819395514207,47.38308848370798,6.320038891954042e-06,6.030137099504792e-06,12602.957162870583,4999.999929369145,26664.426759189664,999.541844487461,26683.154579154827
2023-08-09 16:46:15+00:00,39.94643506706739,-75.20344812428897,-962.8405006454328,40.16760769550795,-75.12854984743483,47.27722194674425,6.32166724682628e-06,6.032151739910233e-06,12641.104414889362,4999.999929135031,26695.859416741536,999.880183030327,26714.57786263606
2023-08-09 16:46:16+00:00,39.94614978118764,-75.20384684581545,-963.1038257996132,40.16765428745328,-75.12892938984122,47.098165748640895,6.319434402495854e-06,6.040299825060997e-06,12666.13379025726,4999.999928902632,26721.07991332425,1000.0778020391622,26739.788094605243
2023-08-09 16:46:17+00:00,39.94586533902564,-75.20425008564045,-963.3026608794884,40.16715373951622,-75.12930908899513,46.9754430311732,6.339306807188014e-06,6.0522592996698255e-06,12695.405930004388,4999.999928671135,26745.66242355211,1000.0863544955124,26764.35374133019
2023-08-09 16:46:18+00:00,39.94558350048368,-75.20465216412653,-963.6500958820224,40.16671456093726,-75.12970143467116,46.807306985603645,6.352445610233954e-06,6.060073803096788e-06,12710.738737016902,4999.999928440418,26769.954972146817,1000.1792925776742,26788.63280998247
2023-08-09 16:46:19+00:00,39.945299539608754,-75.20505067726938,-963.7665481984776,40.166240211719895,-75.13009515313853,46.62129345955327,6.354221683367104e-06,6.062663039345552e-06,12723.575415947997,4999.999928210465,26794.587836855284,1000.3399118672124,26813.25450754212
2023-08-09 16:46:20+00:00,39.94501019866794,-75.2054459571998,-964.0029726356436,40.16539635026895,-75.13047508616303,46.61013545282185,6.353403187629871e-06,6.072244024271577e-06,12754.681857227715,4999.999927981138,26819.676674102546,1000.6568330492464,26838.337709346462
2023-08-09 16:46:21+00:00,39.944713440612006,-75.2058377494385,-964.4182055815592,40.16448323831208,-75.13085827253205,46.52935125003569,6.359388190416682e-06,6.07796093944133e-06,12774.31670534999,4999.999927752554,26845.4338875432,1001.1551323524463,26864.095596343614
2023-08-09 16:46:22+00:00,39.944411671189485,-75.20622710873343,-964.5190166123098,40.16351870712867,-75.1312482423995,46.56415338511579,6.381813183553114e-06,6.086582885922298e-06,12794.417757083447,4999.99992752347,26871.38337209443,1001.221978004059,26890.029560774223
2023-08-09 16:46:23+00:00,39.94410705480976,-75.20662302775483,-963.9090074553778,40.16241842760302,-75.1316511239258,47.06761533906683,6.396522446193522e-06,6.087052147898258e-06,12806.30213622136,4999.999927293919,26897.47415856591,1000.2425566948372,26916.06585819972
2023-08-09 16:46:24+00:00,39.94380145437127,-75.20702996292033,-963.3111169990182,40.161748152550025,-75.132063531615,47.71297717979178,6.414042232900709e-06,6.100621479157567e-06,12823.231671230316,4999.999927064655,26923.8074616512,999.8596398578728,26942.366776723266
2023-08-09 16:46:25+00:00,39.9435026304416,-75.20744881824945,-962.6896392938836,40.16132869143153,-75.13248309466107,48.40159652521834,6.439416293976258e-06,6.116615847436131e-06,12841.39285081626,4999.999926835223,26949.934941212432,999.555208461122,26968.464990620887
2023-08-09 16:46:26+00:00,39.94320852846515,-75.20788128154408,-961.9777713626844,40.160982865163405,-75.13291332445826,49.13891967944801,6.447701718351202e-06,6.121744145217095e-06,12853.28039278052,4999.999926605866,26976.582702865016,999.6714540638778,26995.098765157098
2023-08-09 16:46:27+00:00,39.94292236473533,-75.20832213607133,-961.46629711731,40.16085959950882,-75.13334828002597,49.7221709578298,6.456583979776363e-06,6.135490079388298e-06,12856.766734442024,4999.999926376067,27003.97153703928,1000.2856959326184,27022.49156252463
2023-08-09 16:46:28+00:00,39.94263629729722,-75.20876694517568,-961.1770812473512,40.16029917256563,-75.13380088261138,50.31137306010351,6.479541037626921e-06,6.144923132889136e-06,12864.531624630508,4999.999926145098,27032.50533059389,1001.0069226580212,27051.03249984733
2023-08-09 16:46:29+00:00,39.94234440187485,-75.20921091475489,-960.9412146768792,40.159449739074375,-75.13425692780555,50.878840615507215,6.486288144696683e-06,6.154524644915291e-06,12891.9806638076,4999.999925913002,27062.22195343939,1001.6910521769609,27080.75408885854
2023-08-09 16:46:30+00:00,39.942043418871705,-75.2096597018583,-960.6528410463496,40.158567170994765,-75.13470949370537,51.37311064894311,6.496327047075117e-06,6.167176629021757e-06,12929.30248917335,4999.999925680638,27093.482083349805,1002.029512600884,27112.0053582342
2023-08-09 16:46:31+00:00,39.94173172984406,-75.21010860290329,-960.4787637760168,40.15770643375721,-75.13515816384604,51.7924074572511,6.507430974912496e-06,6.175306079469802e-06,12952.529504707942,4999.999925447973,27125.941987925104,1001.9005336762636,27144.438351376124
2023-08-09 16:46:32+00:00,39.94141517938012,-75.21055915151317,-960.496951876908,40.15683645362786,-75.13560260638977,52.10846808669157,6.522990017210874e-06,6.1777722527751394e-06,12989.725160352424,4999.999925214966,27158.699519701484,1002.1535419755496,27177.1829173505
2023-08-09 16:46:33+00:00,39.94108934473195,-75.2110106883023,-960.61464831438,40.15589324198115,-75.13603877424936,52.28677727258764,6.540010668127788e-06,6.199668357606848e-06,13027.12731417712,4999.999924981332,27192.377030160344,1002.4308134795112,27210.847764930168
2023-08-09 16:46:34+00:00,39.940755430148016,-75.21145468101247,-960.5442259857512,40.1549061281096,-75.13646469265639,52.48802202055231,6.565282140383368e-06,6.210685727109996e-06,13089.231034113547,4999.999924746543,27226.5423866398,1002.461400362898,27244.991084430752
2023-08-09 16:46:35+00:00,39.94042697116902,-75.21188495215449,-960.4407284610749,40.1538102125012,-75.13686649737737,52.87072957563214,6.5748923427137285e-06,6.216637099706396e-06,13107.449069616605,4999.9999245108365,27259.317311,1002.4751951072232,27277.744349168417
2023-08-09 16:46:36+00:00,39.94009801339433,-75.21230618280973,-960.379900208722,40.15259091305227,-75.13725250645211,53.308010436594486,6.592005394203085e-06,6.222681644780631e-06,13125.05175151714,4999.999924274857,27292.118899905843,1002.7265219904998,27310.5330325957
2023-08-09 16:46:37+00:00,39.93976806019104,-75.21271311193331,-960.298678434652,40.15124525406149,-75.13762855122137,53.795156344771385,6.60364400521203e-06,6.23962708555002e-06,13147.7837757024,4999.999924037685,27324.66412545269,1003.1094179215949,27343.070384891384
2023-08-09 16:46:38+00:00,39.93944037026494,-75.21311483415387,-960.2493869973398,40.14991252944964,-75.1380112302454,54.29268928687088,6.622949489588837e-06,6.259068487877492e-06,13158.367975041729,4999.999923799659,27356.62958476785,1003.5728141485366,27375.031335717107
2023-08-09 16:46:39+00:00,39.939114215926026,-75.2135079036827,-960.1281483141128,40.14862692955788,-75.13840760800089,54.73117535212077,6.631870500317843e-06,6.282545799898722e-06,13170.681433700254,4999.999923560798,27387.987907595776,1004.0659441944982,27406.386665281207
2023-08-09 16:46:40+00:00,39.93879920740474,-75.21389188494663,-960.262186112073,40.147021196231776,-75.13881865874026,55.20181916723959,6.637412795159578e-06,6.284617946009736e-06,13190.961668992708,4999.999923321086,27417.66377105563,1004.919102830876,27436.07386390937
2023-08-09 16:46:41+00:00,39.93849393940634,-75.2142665735589,-960.1146344128406,40.14538146683136,-75.13924955304682,55.698909104801714,6.655670472877681e-06,6.290745675948142e-06,13233.14199389567,4999.99992308067,27445.61577265965,1005.452096797092,27464.026635936287
2023-08-09 16:46:42+00:00,39.93820291842898,-75.21463302890534,-960.1619049146364,40.14322890670101,-75.13972270289564,56.29556776792742,6.669423919666303e-06,6.301537306207171e-06,13274.8860878434,4999.999922838853,27471.71117375481,1006.1082867731168,27490.12856825007
2023-08-09 16:46:43+00:00,39.93793358163465,-75.21499507292938,-960.19759485721,40.141445375638405,-75.14020162780614,56.67314854823053,6.671877044326537e-06,6.3159583354509615e-06,13329.086906709308,4999.999922596799,27495.418625817743,1006.8717552512534,27513.84807947605
2023-08-09 16:46:44+00:00,39.93767433293559,-75.21535365556454,-960.2742016823186,40.14015412012156,-75.1406614837156,56.86556504457258,6.687951084590366e-06,6.323065079096377e-06,13364.363438625987,4999.999922354198,27517.295337438576,1007.3239197274704,27535.726686744147
2023-08-09 16:46:45+00:00,39.93741984122937,-75.21564447220138,-960.1245187118934,40.17476197702901,-75.12435682707024,60.258517836919054,6.701626565953503e-06,6.325379385647955e-06,13401.599081806948,4999.999922111117,27536.932370775387,1007.4361560029636,27555.35468835557
2023-08-09 16:46:46+00:00,39.93716600343518,-75.2159321244675,-959.7798112889049,40.17450773278375,-75.12464702715053,60.208532279357314,6.719177786010423e-06,6.334225558969386e-06,13424.556333058008,4999.999921867304,27556.35272581878,1007.5993625311078,27574.768032117936
2023-08-09 16:46:47+00:00,39.93691658206591,-75.2162121852032,-959.4320449001472,40.17425121111396,-75.12493189781561,60.16907183127478,6.7230987987664455e-06,6.344074927235639e-06,13455.967481862202,4999.999921623097,27574.461739747472,1007.7720718332451,27592.87126751336
2023-08-09 16:46:48+00:00,39.93666030039354,-75.21648936725305,-959.1792993330484,40.17399418960306,-75.12521013339216,60.06573551543988,6.733875674497785e-06,6.348960991539007e-06,13483.218623395122,4999.999921377593,27593.06848174776,1008.0316468280932,27611.475079021555
2023-08-09 16:46:49+00:00,39.93640329322408,-75.21676284318009,-959.2079763245636,40.1737391664144,-75.12548267728334,59.862875868799165,6.7364615619950405e-06,6.352004900222703e-06,13513.443490062697,4999.999921131699,27612.005228459377,1008.3648251895218,27630.411367859644
2023-08-09 16:46:50+00:00,39.93616300264205,-75.2170310899081,-959.1371764057671,40.17349504322216,-75.1257513846126,59.68890104722232,6.74861561238383e-06,6.360602358879539e-06,13541.619257959048,4999.9999208860745,27629.06672802078,1008.6850589781556,27647.47319032303
2023-08-09 16:46:51+00:00,39.9359451601174,-75.21729560595992,-958.960352669248,40.17328153519394,-75.12600870606985,59.3822743059136,6.757800822941937e-06,6.374143556639474e-06,13568.86060708415,4999.999920639454,27644.03357297122,1008.8539150941264,27662.43623409841
2023-08-09 16:46:52+00:00,39.935739404490846,-75.21755700768,-958.7155336935252,40.173102391138094,-75.12625688656289,59.12295498419553,6.752370237281001e-06,6.382499704817932e-06,13573.611922889311,4999.999920392372,27659.957830060437,1008.663610957884,27678.34296775716
2023-08-09 16:46:53+00:00,39.93555239064656,-75.21780861194915,-958.3684808514982,40.17295991057389,-75.12649620165047,58.93408372858539,6.763699707960206e-06,6.38797022278341e-06,13601.653495525015,4999.999920144595,27675.854359666,1008.348499578743,27694.21746924881
2023-08-09 16:46:54+00:00,39.93538569955375,-75.21805159564263,-958.0160778994896,40.17287216782271,-75.12672156829449,58.70398183795624,6.768635453642507e-06,6.399646009072676e-06,13609.389472486726,4999.999919896271,27691.445994184705,1007.8944647428737,27709.782252859863
2023-08-09 16:46:55+00:00,39.9352318996617,-75.21828668941464,-957.56615099352,40.17281176375412,-75.12693992173827,58.52238692739047,6.772916346930587e-06,6.4160413635085335e-06,13659.836814874629,4999.999919648328,27707.88404433355,1007.308182866762,27726.1881258406
2023-08-09 16:46:56+00:00,39.9350896461354,-75.21851169277883,-957.5672516681552,40.172774982493415,-75.12715025688016,58.30365013098344,6.77781469678619e-06,6.419981069554099e-06,13669.105726599631,4999.99991939992,27725.0151035135,1007.3101651754112,27743.307954512515
2023-08-09 16:46:57+00:00,39.93495430617492,-75.21872750753535,-957.4652099564548,40.17270943598107,-75.12736086466265,58.19104349426925,6.791486577564831e-06,6.423994351021516e-06,13684.414128147831,4999.999919150508,27742.74612444301,1007.086028572315,27761.019159862328
2023-08-09 16:46:58+00:00,39.93482721109429,-75.21893395081355,-957.3590349323424,40.17268069324104,-75.1275585599525,57.9542876703199,6.793114031144801e-06,6.436879004131038e-06,13714.886766047008,4999.999918900633,27760.66030767115,1007.0291702833038,27778.919497844225
2023-08-09 16:46:59+00:00,39.93470193263788,-75.21913048413407,-957.350341219748,40.17262646569117,-75.1277534713066,57.7703592965845,6.811415689779681e-06,6.439781483861195e-06,13752.893621946092,4999.999918650358,27778.583836617447,1007.0327443746136,27796.831382663506
2023-08-09 16:47:00+00:00,39.934575141981504,-75.21932195326346,-957.4041131835756,40.17251647354873,-75.12795130541805,57.71446955623105,6.8246482038915804e-06,6.444529977592873e-06,13768.779443741854,4999.9999183993,27797.444278727107,1007.0351206623834,27815.67953804447
2023-08-09 16:47:01+00:00,39.934448813359566,-75.2195070099842,-957.5215201956936,40.17241475838329,-75.12814069934335,57.60598555649631,6.83627384082241e-06,6.450025901262343e-06,13796.212416833418,4999.999918147803,27815.96731608514,1007.0602874445456,27834.191350784105
2023-08-09 16:47:02+00:00,39.93431473510798,-75.21968324155745,-957.7044809413188,40.17228866022624,-75.12832844158349,57.52939153998159,6.843498208943569e-06,6.463543852958449e-06,13812.9733401057,4999.999917895648,27835.13992796645,1007.071170866508,27853.35181181365
2023-08-09 16:47:03+00:00,39.934158841316574,-75.21986061469303,-957.8691122841028,40.17211149427389,-75.12852368769357,57.485716606955975,6.861539046055546e-06,6.462798646392173e-06,13854.60294347674,4999.999917642245,27856.587329603924,1007.0921086845196,27874.785957334712
2023-08-09 16:47:04+00:00,39.9339895202374,-75.22004219254129,-958.072878194484,40.17168600859004,-75.12878476525462,57.84551296173595,6.879482746840255e-06,6.474056152154492e-06,13861.833511942905,4999.99991738694,27878.922903596205,1007.2222921626344,27897.111660716604
2023-08-09 16:47:05+00:00,39.93381726842634,-75.22021650963345,-958.2039214789154,40.17154704212981,-75.12896461467423,57.64635852887295,6.881550247101302e-06,6.48233735867031e-06,13888.64558548479,4999.999917131922,27899.768328168622,1007.2355109353862,27917.94398124565
2023-08-09 16:47:06+00:00,39.93363031241477,-75.22039180856295,-958.5309302756604,40.17139952855329,-75.12913978834912,57.40006111189723,6.877717404672868e-06,6.491856517118936e-06,13922.295008039458,4999.9999168768245,27920.941862815445,1007.7655409689202,27939.122854740526
2023-08-09 16:47:07+00:00,39.93343304445107,-75.22056851265484,-958.878686759993,40.17103413865403,-75.12939434129525,57.376347409328446,6.876696333789074e-06,6.503350051888648e-06,13936.739884152968,4999.999916620338,27943.20882471964,1008.2014941520288,27961.3910539998
2023-08-09 16:47:08+00:00,39.93323204296301,-75.22074166227395,-959.0516104844183,40.17070537827056,-75.12963898454737,57.26817120821215,6.880990134839415e-06,6.50919460143792e-06,13950.773768068317,4999.999916363138,27964.300426575872,1008.3787183193624,27982.475337027478
2023-08-09 16:47:09+00:00,39.93304061457316,-75.22090317691095,-959.319476076443,40.17052032095676,-75.1298167124562,57.002018210245296,6.9009886112433805e-06,6.51464401385405e-06,13957.40349962394,4999.999916106234,27983.552068143254,1008.7184540943676,28001.726719438484
2023-08-09 16:47:10+00:00,39.93285712850616,-75.22104207534707,-959.5907573106716,40.17044883867485,-75.12992283760433,56.620363055728376,6.9122263008529535e-06,6.522434811901121e-06,13997.084349130986,4999.999915849602,28001.6926803867,1009.0083747747982,28019.86600373363
2023-08-09 16:47:11+00:00,39.9326783135189,-75.22116493936286,-959.898814731756,40.17029235234585,-75.13005800397974,56.34788092598319,6.933107547191675e-06,6.543102662685583e-06,14017.00146477021,4999.999915592041,28019.776931380587,1009.6484337970458,28037.961574340537
2023-08-09 16:47:12+00:00,39.932502807311536,-75.22128156414286,-960.0920478881782,40.17004874525311,-75.13023952884677,56.20260670594871,6.958030087407744e-06,6.549022731758721e-06,14049.65581752252,4999.999915333593,28039.179677578228,1010.241983011212,28057.37311039211
2023-08-09 16:47:13+00:00,39.93233019721929,-75.22139695814828,-960.270444117154,40.16971079658933,-75.1304923108796,56.238822519546375,6.968413269185044e-06,6.5683829965647976e-06,14058.442824457888,4999.999915074773,28059.580547056,1010.6015819424532,28077.773701526767
2023-08-09 16:47:14+00:00,39.9321567874002,-75.22151821838618,-960.3617701213396,40.1693855623994,-75.13075256301495,56.30960981710814,6.982766420656749e-06,6.590097656456203e-06,14084.7703180547,4999.999914815166,28080.68459397073,1010.68949454653,28098.86724621567
2023-08-09 16:47:15+00:00,39.93198424402487,-75.22164452666182,-960.5860911444328,40.16905515971061,-75.13103491946673,56.44790359213948,7.0037815710957816e-06,6.600336667733395e-06,14115.855158034325,4999.999914554833,28102.187481205365,1010.5637511583362,28120.35171053113
2023-08-09 16:47:16+00:00,39.9318125620282,-75.22177149377842,-960.7012300058992,40.16876576546259,-75.13129420860544,56.55533273820765,7.015192943448272e-06,6.613720927351821e-06,14153.91745787807,4999.999914293537,28123.59218425729,1010.3882796921448,28141.736297217994
2023-08-09 16:47:17+00:00,39.93163913240612,-75.2219026329169,-960.9066856000604,40.1685000999104,-75.13153853377685,56.6443791189231,7.018906168390748e-06,6.6196792892206166e-06,14176.23147602719,4999.999914031398,28145.23404459536,1010.4070281822438,28163.364887520984
2023-08-09 16:47:18+00:00,39.931461424994026,-75.2220350842501,-960.955753804936,40.16824342024246,-75.13177707763336,56.73353570885956,7.026674006469978e-06,6.636792076902498e-06,14221.887233029636,4999.999913768871,28167.2705481584,1010.1976588215535,28185.379710818877
2023-08-09 16:47:19+00:00,39.9312861113374,-75.22216773702951,-961.053210052775,40.168002181662885,-75.13199995924577,56.7982286894694,7.05221901733582e-06,6.655954358613254e-06,14250.658976093504,4999.999913505444,28189.05103882393,1010.0986913111464,28207.14267407476
2023-08-09 16:47:20+00:00,39.9311082311179,-75.22230015075138,-961.0953040321116,40.16776048472192,-75.13222023451404,56.86536142486148,7.064262789873024e-06,6.665049459303732e-06,14287.238778793166,4999.99991324141,28211.18055811235,1009.991491313912,28229.25417532215
2023-08-09 16:47:21+00:00,39.93092581983768,-75.22243346680708,-961.1100866584728,40.1675274964389,-75.132427391767,56.9110380911734,7.072443696996782e-06,6.691932656001719e-06,14315.270913352935,4999.999912977009,28233.86834954265,1009.9318802731694,28251.92532168557
2023-08-09 16:47:22+00:00,39.93074371614996,-75.22256879516365,-961.2047935918356,40.16726697416423,-75.13265251161707,57.01097686775029,7.086035721954001e-06,6.69939025546113e-06,14334.591179330626,4999.999912712771,28256.59656825339,1009.9870680351644,28274.640996812454
2023-08-09 16:47:23+00:00,39.93055705569331,-75.22270147983293,-961.3581829220366,40.16704880164708,-75.1328370009296,57.016452978597954,7.090395939003252e-06,6.71445863523202e-06,14337.476371777027,4999.999912447063,28279.746986819955,1010.1266043660196,28297.7816338207
2023-08-09 16:47:24+00:00,39.93037226466456,-75.2228361342748,-961.5335978702832,40.16682034611839,-75.13302139185805,57.02994443150237,7.103227967128681e-06,6.726097283441824e-06,14369.23722752049,4999.999912180439,28302.751486701916,1010.2957169711456,28320.777516758568
2023-08-09 16:47:25+00:00,39.93018249184351,-75.22296833944299,-961.614534220885,40.166577304108735,-75.13320688627226,57.060996908694506,7.11668036144875e-06,6.729362245189521e-06,14373.9878598818,4999.999911913552,28326.22828054474,1010.378628306741,28344.242335509192
2023-08-09 16:47:26+00:00,39.92999304060289,-75.22309865934827,-961.7974710963626,40.16633604030782,-75.13338352903813,57.08086658385582,7.1192773908426336e-06,6.740200680866411e-06,14434.801130720934,4999.999911645831,28349.6244919695,1010.5658353424906,28367.63035826641
2023-08-09 16:47:27+00:00,39.9298012577628,-75.22323001479177,-961.849614912438,40.16608172269138,-75.13355797150257,57.11328568751924,7.124920908820417e-06,6.751606335347594e-06,14462.8126619199,4999.999911377826,28373.29364652295,1010.6187993025958,28391.286387011834
2023-08-09 16:47:28+00:00,39.929607039398704,-75.22335714475062,-961.9988196550088,40.165862546114745,-75.13371197384218,57.0794138351921,7.145421790279389e-06,6.770933364403783e-06,14501.5372668394,4999.999911108579,28397.115484967508,1010.7738085547348,28415.09865474061
2023-08-09 16:47:29+00:00,39.929410502070425,-75.22348033869122,-961.9222135621516,40.16558936898031,-75.13387389651652,57.11470810812898,7.164945895563804e-06,6.773794620631943e-06,14522.886755855592,4999.999910838632,28421.08646870022,1010.6996330082478,28439.05184441805
2023-08-09 16:47:30+00:00,39.929211112520505,-75.22360490375539,-962.1244174930432,40.165365309051865,-75.13401761855431,57.07157435524277,7.187073221120752e-06,6.782557268405705e-06,14546.96282045814,4999.999910567714,28445.395359633665,1010.9041676416704,28463.352655687344
2023-08-09 16:47:31+00:00,39.92901325237449,-75.22372661434196,-962.2765314665444,40.16510631277252,-75.1341593378926,57.06696749269031,7.200836730828494e-06,6.802209995857369e-06,14575.705801947326,4999.999910296242,28469.47042430096,1011.0619029130252,28487.418142254824
2023-08-09 16:47:32+00:00,39.92881051263389,-75.22384543461106,-962.3438036803924,40.16485694875245,-75.13429290344244,57.044587118783966,7.21197284725628e-06,6.817216564273972e-06,14591.799247662551,4999.999910023888,28493.99281258106,1011.1313462664034,28511.927556775667
2023-08-09 16:47:33+00:00,39.928604758351895,-75.22396332062502,-962.3778043498796,40.16460643893313,-75.134419279868,57.018015092704445,7.229714781954978e-06,6.828191520791339e-06,14615.831804815743,4999.999909750848,28518.8127074572,1011.1744666585608,28536.733380768103
2023-08-09 16:47:34+00:00,39.92839829456408,-75.22407928731133,-962.5246983829768,40.16433398884031,-75.13453694471744,57.01528328098357,7.243904201264806e-06,6.840062249070918e-06,14625.588058882293,4999.999909476876,28543.66188777366,1011.32453127933,28561.572282896293
2023-08-09 16:47:35+00:00,39.92819196993068,-75.2241911937131,-962.761342739167,40.16407777024349,-75.13464893372304,56.98675251705572,7.262682529241579e-06,6.85145668283243e-06,14618.971473713143,4999.999909202086,28568.395341479016,1011.5678928923842,28586.298850830102
2023-08-09 16:47:36+00:00,39.92798507078859,-75.22430420960487,-962.805415951994,40.16379274574906,-75.13474833957251,56.99193991045468,7.287177057959866e-06,6.855442024212592e-06,14661.497355709049,4999.999908926364,28593.218689937097,1011.6159120131535,28611.10836378078
2023-08-09 16:47:37+00:00,39.92777586501777,-75.2244119668417,-962.9909277828804,40.16351051832216,-75.13484002810864,56.99391952017322,7.293296757003225e-06,6.86173531370653e-06,14699.580162902806,4999.99990864996,28618.155773974177,1011.8036439192596,28636.03650153596
2023-08-09 16:47:38+00:00,39.92756730251687,-75.22451917717005,-963.1618992214444,40.16323320488785,-75.134925318345,56.989626138005406,7.298982643394601e-06,6.86612241357293e-06,14711.467680617556,4999.999908373122,28643.01043955992,1011.9831377647272,28660.88199814965
2023-08-09 16:47:39+00:00,39.92735697030694,-75.22461982334963,-963.1924723251608,40.16292367087824,-75.13499198147487,57.02768338238821,7.30710826216189e-06,6.890654395286755e-06,14735.294469188277,4999.999908095761,28667.88846794068,1012.0201251810026,28685.74583210375
2023-08-09 16:47:40+00:00,39.92714647390693,-75.22471821453418,-963.2830266328126,40.16264804268806,-75.13506330700928,57.02496724622324,7.32382627256869e-06,6.907750264212449e-06,14724.33647691548,4999.999907817562,28692.72589444313,1012.1206630451424,28710.57135429753
2023-08-09 16:47:41+00:00,39.92693652116439,-75.22481160733513,-963.3642878618512,40.16233434069559,-75.13511228185018,57.068806239869446,7.332042972779789e-06,6.917668232633043e-06,14744.58883409571,4999.9999075386895,28717.38041731184,1012.2086506769292,28735.213665207204
2023-08-09 16:47:42+00:00,39.926725704881335,-75.22490354140353,-963.4148008443476,40.16206930192497,-75.13517582003513,57.05505089787766,7.335842657515921e-06,6.934130656575266e-06,14721.376061485877,4999.999907259276,28742.09059503189,1012.2663546789956,28759.910551770427
2023-08-09 16:47:43+00:00,39.92651367142881,-75.2249924649953,-963.6776625763904,40.16178356727264,-75.13522551524755,57.062828205991536,7.353965427766862e-06,6.946503251431502e-06,14727.85940421829,4999.999906979083,28766.856102337,1012.5325373409288,28784.67008933293
2023-08-09 16:47:44+00:00,39.92630070974511,-75.22507743882943,-963.7669687595144,40.16148354295909,-75.13526415434139,57.084485636558384,7.352368356195189e-06,6.948876285314822e-06,14717.775815797771,4999.999906698352,28791.619991092717,1012.6304066810771,28809.422105485293
2023-08-09 16:47:45+00:00,39.92611850518958,-75.22525237428364,-963.6167958167016,40.1737111619718,-75.12540539200869,58.85207101982087,7.367297414565324e-06,6.952036823687586e-06,14753.21886608149,4999.999906416874,28815.37054629627,1012.4829759268684,28833.152819227045
2023-08-09 16:47:46+00:00,39.92593615644584,-75.22542751671459,-963.4685630417832,40.173530624489,-75.12558149574656,58.63964039017446,7.375190486527881e-06,6.969680161231995e-06,14782.336402595074,4999.999906134908,28839.14412382233,1012.3361439629156,28856.906595527005
2023-08-09 16:47:47+00:00,39.92574815885561,-75.22560194381964,-963.4074931870248,40.17334595174854,-75.12575886346963,58.44275093148463,7.388111345061407e-06,6.965655566868822e-06,14788.146977081664,4999.999905852191,28863.50194912376,1012.2813079544526,28881.24751830338
2023-08-09 16:47:48+00:00,39.92555572189571,-75.22578025871638,-963.3952983578806,40.17315837813703,-75.12593748433899,58.207837080582976,7.404533994457683e-06,6.979089042529677e-06,14792.1119822288,4999.999905568803,28888.43074599688,1012.2706779977748,28906.160639071248
2023-08-09 16:47:49+00:00,39.92536088567908,-75.22596358589115,-963.504086706296,40.17296750594935,-75.12611895042569,57.9954829341732,7.417434690410986e-06,6.98967921383584e-06,14767.871968944892,4999.999905284612,28913.74364409446,1012.3757725819476,28931.46170212151
2023-08-09 16:47:50+00:00,39.92516178355561,-75.22615596009274,-963.5075563068846,40.17277130121989,-75.12630756436539,57.88885763240978,7.431086414727982e-06,6.994527232220171e-06,14791.104490240908,4999.999904999442,28940.367864097243,1012.424349452653,28958.071330332707
2023-08-09 16:47:51+00:00,39.92496402970192,-75.2263721522608,-963.5782155345944,40.17257206492697,-75.12651158583449,57.78204649477266,7.434969132999827e-06,7.02274577662907e-06,14831.68940325356,4999.999904712803,28966.930099327303,1012.4171036042592,28984.61708856932
2023-08-09 16:47:52+00:00,39.92476317636907,-75.22660367204355,-963.656876747582,40.17236119367527,-75.12673429777607,57.77228600834496,7.439383196293408e-06,7.035841785571689e-06,14853.134871063376,4999.999904425064,28993.42298818904,1012.4543847847492,29011.09512674967
2023-08-09 16:47:53+00:00,39.92456462168097,-75.22684950165096,-963.8086166917492,40.17215272532947,-75.12697342443313,57.66592581593432,7.446213800341941e-06,7.064514239849897e-06,14897.810789710982,4999.999904136902,29018.52921669088,1012.4963382510764,29036.187537879592
2023-08-09 16:47:54+00:00,39.92436204116382,-75.2271081676508,-963.9651937668352,40.17194462196357,-75.12722716029121,57.490984053350985,7.439993483795502e-06,7.079251326784269e-06,14902.817463449948,4999.999903848247,29042.93367735557,1012.6324359135682,29060.581911543657
2023-08-09 16:47:55+00:00,39.92415783782064,-75.22738089225658,-964.2237562429152,40.1717271548102,-75.12749178885026,57.32793235499412,7.454556707599108e-06,7.082066201150308e-06,14919.383483265416,4999.999903558591,29066.63772427882,1012.8676664912008,29084.27976595418
2023-08-09 16:47:56+00:00,39.92395236236675,-75.22766062685753,-964.5436331021735,40.17149317247285,-75.12776108273201,57.2249159256462,7.4673394593371485e-06,7.091179823808853e-06,14911.422516567687,4999.9999032675605,29089.75801300893,1013.2290045645666,29107.39861738091
2023-08-09 16:47:57+00:00,39.92374864870436,-75.22794184610423,-964.7757350691865,40.17124405399608,-75.12802998057617,57.18261523265392,7.474389563555135e-06,7.105022656162731e-06,14949.783592264694,4999.999902976813,29111.748047854613,1013.4539398400274,29129.38316013479
2023-08-09 16:47:58+00:00,39.92353739096521,-75.22822474854357,-964.907992001826,40.17098871210139,-75.1282966514385,57.144114105729386,7.492024804580195e-06,7.106274069649005e-06,14997.43306042222,4999.999902685295,29134.08881639864,1013.5471760765286,29151.71365528855
2023-08-09 16:47:59+00:00,39.923320255982006,-75.22849097529374,-964.9850274675508,40.17076587363623,-75.12857123763297,56.96234603761695,7.508973565806404e-06,7.107848610150614e-06,15022.145133352606,4999.999902393115,29156.09516604143,1013.6421343332896,29173.71000931764
2023-08-09 16:48:00+00:00,39.92308863896706,-75.22874269249968,-965.1865984083968,40.170591895161074,-75.12885702543771,56.63380878884345,7.516444176525685e-06,7.109445729758634e-06,15078.658062469687,4999.999902100389,29179.35815142548,1013.8753032592635,29196.967055838515
2023-08-09 16:48:01+00:00,39.92285291816064,-75.22898017930166,-965.4341641413135,40.17036802345471,-75.12911062956118,56.46683340799064,7.539164860505496e-06,7.12265258431041e-06,15126.050063515975,4999.999901807516,29204.201305975897,1014.2773860062284,29221.809193404297
2023-08-09 16:48:02+00:00,39.92260802474416,-75.22921414060511,-965.5340261886251,40.170125376232,-75.12934929764842,56.340032728388906,7.548005134160656e-06,7.131996157563394e-06,15128.45382496212,4999.999901513988,29231.52377824989,1014.4531520085455,29249.121313229374
2023-08-09 16:48:03+00:00,39.92235890074157,-75.22943914103884,-965.5950842629636,40.16979751839732,-75.12956356982073,56.37470299913548,7.560147588957917e-06,7.1444411970843865e-06,15170.938574328598,4999.999901219572,29260.66405805664,1014.5425928903738,29278.24717757599
2023-08-09 16:48:04+00:00,39.922105226052864,-75.22965915231663,-965.651848636982,40.16945818339357,-75.12977570005506,56.41770283784717,7.580084147068513e-06,7.157759133430652e-06,15205.372782759694,4999.999900924688,29291.188335252216,1014.656803450928,29308.757096130925
2023-08-09 16:48:05+00:00,39.921848745418615,-75.22987884508328,-965.7617079665008,40.16913736502266,-75.12999224506619,56.42407517624088,7.590023370314479e-06,7.172029291802983e-06,15230.198061629677,4999.999900628762,29323.240870672955,1014.529704807626,29340.78604402823
2023-08-09 16:48:06+00:00,39.92159100077456,-75.23010357122394,-965.7841852863912,40.16872789092972,-75.13021569864026,56.55211250972934,7.607730303133069e-06,7.175496365173683e-06,15261.826865099853,4999.999900331665,29355.992249706836,1014.4900693435987,29373.51649131653
2023-08-09 16:48:07+00:00,39.92134201607826,-75.23033841726574,-965.8285005748056,40.16831606937615,-75.13045463311488,56.69313150574453,7.618457630739901e-06,7.187550014445464e-06,15270.58951118284,4999.999900034227,29388.3993483152,1014.5896955873262,29405.907714376805
2023-08-09 16:48:08+00:00,39.92110520540928,-75.23059250801525,-965.8471507827686,40.16782720183798,-75.1307214673948,56.93038341263309,7.626632251034564e-06,7.204463329495756e-06,15307.674329884594,4999.999899734296,29420.03008034198,1014.6075193854768,29437.52024791865
2023-08-09 16:48:09+00:00,39.92088129235784,-75.23086458142151,-965.8047274377682,40.16731181353904,-75.1310093254339,57.18055710638873,7.633758475428517e-06,7.20728904995794e-06,15332.800050881346,4999.999899433644,29450.02567741175,1014.5650110398392,29467.496577786136
2023-08-09 16:48:10+00:00,39.92066627519891,-75.23114923956878,-965.887663225431,40.16687095138348,-75.13129997366197,57.31816776585765,7.637330115543147e-06,7.218847171172825e-06,15353.088426552931,4999.999899131764,29477.95166557477,1014.7144738519892,29495.41116616968
2023-08-09 16:48:11+00:00,39.92045100626288,-75.23143820422558,-965.871252776321,40.16644865651188,-75.13158686078366,57.423436525976285,7.658813969749645e-06,7.220985996710805e-06,15387.512976535603,4999.999898829004,29504.69922348623,1014.8924782151236,29522.14902426188
2023-08-09 16:48:12+00:00,39.92023394317816,-75.23172651082365,-965.9569616858466,40.16629713274219,-75.13187874923467,57.3267127093859,7.667395483758897e-06,7.211129790226282e-06,15402.693068447388,4999.999898525259,29530.357951351987,1015.1187775493144,29547.800372743663
2023-08-09 16:48:13+00:00,39.92001705065388,-75.23201738174168,-966.0047131080244,40.166037977630936,-75.13216524282008,57.29614919703454,7.678839561570181e-06,7.211320257180282e-06,15396.570760950946,4999.999898220645,29556.05140096194,1015.1062801172238,29573.478239399534
2023-08-09 16:48:14+00:00,39.91979024395241,-75.23229976337139,-965.9607595537047,40.16570172192359,-75.13243932375396,57.320587766123936,7.688746664519035e-06,7.230560551333415e-06,15435.259329386372,4999.999897914669,29582.857649150694,1014.9288560590117,29600.26262168589
2023-08-09 16:48:15+00:00,39.91955769845294,-75.23257774377385,-965.9356184437154,40.16561705367468,-75.1327405145024,57.21251256065443,7.710006452236774e-06,7.239085959184446e-06,15471.44008389212,4999.999897609165,29610.53919603413,1014.7438891596652,29627.921571390398
2023-08-09 16:48:16+00:00,39.91931876967388,-75.23285897713329,-965.84180130535,40.16541771607951,-75.13302452013805,57.187398872105405,7.716911075650285e-06,7.251158484805133e-06,15475.267524156614,4999.999897303293,29640.039833562638,1014.3164748706196,29657.390297299826
2023-08-09 16:48:17+00:00,39.91907707204948,-75.23313468200267,-965.8513383681524,40.16501825235751,-75.13328402813963,57.28153796982952,7.72321855184504e-06,7.262077513773506e-06,15507.883776100209,4999.999896996975,29670.913930220697,1014.1276829860178,29688.239900875957
2023-08-09 16:48:18+00:00,39.918830617735374,-75.23340695258182,-965.8229255514316,40.16475359649271,-75.13355660454759,57.31214200728573,7.733720124689921e-06,7.268681307659227e-06,15493.371162340132,4999.999896689725,29702.612547174835,1013.7179383197962,29719.90605950933
2023-08-09 16:48:19+00:00,39.91858138801807,-75.23368382704552,-965.7465418641408,40.1645163635206,-75.13383062753493,57.33338411338627,7.73100459828807e-06,7.28846699730952e-06,15530.575955892942,4999.999896381811,29735.490363476943,1013.1962826805416,29752.746996935726
2023-08-09 16:48:20+00:00,39.91833532223004,-75.23396241847357,-965.7271310828924,40.16412380752776,-75.13409998645021,57.42612602072768,7.728666749073288e-06,7.293188980289198e-06,15544.81664543925,4999.999896074414,29768.763273089928,1012.9795203570164,29785.99325719944
2023-08-09 16:48:21+00:00,39.91808610620713,-75.23424397576113,-965.6145020367568,40.163799228675806,-75.13437610343414,57.47918183775619,7.741844017274984e-06,7.30147894770332e-06,15565.685646988952,4999.999895765559,29802.772237099474,1012.8405348083278,29819.977849847204
2023-08-09 16:48:22+00:00,39.91784138227656,-75.23452869123865,-965.541525205202,40.16342852645352,-75.13465612618238,57.54737555957399,7.747391570547948e-06,7.304881286808979e-06,15580.131716887712,4999.999895455942,29836.24686312402,1012.6284191058484,29853.42598752208
2023-08-09 16:48:23+00:00,39.9175970134252,-75.23481663501323,-965.512776607984,40.16318930599808,-75.13493886199646,57.54334889049642,7.747282768821332e-06,7.312952470969903e-06,15613.062638864343,4999.9998951455445,29869.76062205965,1012.5327394565264,29886.91724095372
2023-08-09 16:48:24+00:00,39.91735324078698,-75.23510709807289,-965.4846921635026,40.1629934447791,-75.13522454974962,57.504935616394505,7.772962257631272e-06,7.320717202158181e-06,15653.398135783176,4999.999894834395,29902.57953917641,1011.9179607978244,29919.69654017495
2023-08-09 16:48:25+00:00,39.917109945309605,-75.23540229609347,-965.5052463436572,40.16266258748085,-75.13551328615837,57.508104135748,7.791930535984064e-06,7.33239644095958e-06,15675.741361155397,4999.99989452247,29936.00566534167,1011.5605733475038,29953.09149301487
2023-08-09 16:48:26+00:00,39.91687142975694,-75.23570171556781,-965.5367844903996,40.16233680425778,-75.1358036692497,57.49632180877961,7.804724896263956e-06,7.336308044573856e-06,15701.821238258572,4999.999894209729,29969.087567064344,1011.4063344927172,29986.14934225171
2023-08-09 16:48:27+00:00,39.91663148000391,-75.23600531245029,-965.5925586772504,40.16211173526727,-75.13609974235884,57.43030247883871,7.823898266269163e-06,7.335294666076882e-06,15771.582153688883,4999.999893896041,30002.47090236963,1011.3812690359232,30019.512859453484
2023-08-09 16:48:28+00:00,39.91639022183824,-75.23630660556778,-965.5601915641092,40.16170739340449,-75.13638690628997,57.4165795117151,7.8277137876393e-06,7.348847241124761e-06,15790.135117608812,4999.999893582321,30035.95164026129,1011.3276363139304,30052.97280676385
2023-08-09 16:48:29+00:00,39.91615645205874,-75.23661453326008,-965.6182418477822,40.16130290938506,-75.13667162937895,57.39119360502809,7.841217535469562e-06,7.342270852085333e-06,15807.43744399918,4999.999893267197,30068.83196451585,1011.3925410184972,30085.83671069027
2023-08-09 16:48:30+00:00,39.91592372529321,-75.23692187287318,-965.8707321249688,40.16089423633024,-75.13695291736303,57.3552377705928,7.862439708591988e-06,7.361080358281663e-06,15809.630446342202,4999.999892951174,30101.59575163945,1011.665660783167,30118.59117230296
2023-08-09 16:48:31+00:00,39.9156906663624,-75.23723024084808,-965.8592317437862,40.16043394728074,-75.13722278654147,57.32424895861186,7.861704860946364e-06,7.37273448777797e-06,15824.334728253036,4999.999892634727,30134.43290790368,1011.6861463876,30151.41050663701
2023-08-09 16:48:32+00:00,39.91545813419626,-75.23754105727544,-965.9566619328772,40.15994760125131,-75.13748214821759,57.29066153825261,7.887578425316244e-06,7.390636283907233e-06,15840.634236532014,4999.999892316746,30167.290804464334,1011.82219223655,30184.2544819285
2023-08-09 16:48:33+00:00,39.9152261565039,-75.23784774499595,-965.929461350808,40.159363734094406,-75.13771400862727,57.28196622710675,7.904862870016792e-06,7.389367398945896e-06,15832.360125831648,4999.999891997993,30199.98999643853,1011.8398260925449,30216.935907180497
2023-08-09 16:48:34+00:00,39.91499273714902,-75.23815562308323,-966.1333714061012,40.15886450725535,-75.13795581916848,57.241763988276944,7.911722812563874e-06,7.384412883970474e-06,15872.043551907636,4999.999891678348,30232.88130368184,1012.0909248167744,30249.817188912253
2023-08-09 16:48:35+00:00,39.91476076881167,-75.23845999649467,-966.188794246752,40.15834290804496,-75.13818507907035,57.20162749779411,7.911107253304665e-06,7.409922152216448e-06,15893.949168452627,4999.999891358114,30265.534923516407,1012.1928236230978,30282.45595256081
2023-08-09 16:48:36+00:00,39.91452658856525,-75.23876521782068,-966.3372886782532,40.15768561968953,-75.13836886093469,57.20140925282613,7.910906443156857e-06,7.414082073364983e-06,15898.229441660143,4999.999891038205,30298.45498045732,1012.3926237898886,30315.364306362924
2023-08-09 16:48:37+00:00,39.91428908484229,-75.23906614658372,-966.5061491819386,40.15714370187531,-75.13857704038149,57.16452889959328,7.924220206477734e-06,7.424062975745129e-06,15921.449416606536,4999.999890716808,30331.618194158134,1012.61415854398,30348.51643343161
2023-08-09 16:48:38+00:00,39.91404814750885,-75.2393655244397,-966.6465626223694,40.15638356547852,-75.1387101794614,57.20691357995384,7.948521259079809e-06,7.427568400603764e-06,15937.53840370632,4999.99989039418,30365.10941924235,1012.8106468561696,30381.995580424697
2023-08-09 16:48:39+00:00,39.91380688524653,-75.23966166802117,-966.772771378044,40.15593304855208,-75.13893462438006,57.14515864569694,7.96346866982238e-06,7.432782530693696e-06,15961.427841591292,4999.999890071879,30398.556164644244,1012.9884851772056,30415.42967913049
2023-08-09 16:48:40+00:00,39.91356680220243,-75.23995435690384,-966.8524742622856,40.15530869468181,-75.13909929805648,57.137887813849375,7.977145491539664e-06,7.4467185620467075e-06,15992.6154243504,4999.999889749136,30431.79298815157,1013.1183644411916,30448.65240522278
2023-08-09 16:48:41+00:00,39.91332785172301,-75.24024322037349,-967.0123934740164,40.154703366456886,-75.13926607198273,57.11912382370792,7.998420304631948e-06,7.468282711199899e-06,15987.578498413524,4999.999889424534,30465.19352469459,1014.5766343611226,30482.082970887743
2023-08-09 16:48:42+00:00,39.9130882121994,-75.24052728530602,-967.1736822848104,40.15383586072865,-75.13934079135075,57.18379355128855,7.999898354438163e-06,7.4975974053712704e-06,16002.207703189297,4999.999889098601,30498.28838009529,1015.3453636869676,30515.18507764644
2023-08-09 16:48:43+00:00,39.91283969562046,-75.24080498053632,-967.3751779357092,40.152904572314384,-75.13938669752574,57.284140444826335,8.005286005704372e-06,7.515765964089747e-06,16030.71416514114,4999.999888771248,30531.30443037463,1015.9514477675128,30548.203016944128
2023-08-09 16:48:44+00:00,39.91259626192512,-75.2410803572414,-967.5442812630124,40.15250011956108,-75.13960594893264,57.200056730769575,8.009596114233034e-06,7.528646122471929e-06,16091.97253544304,4999.999888442974,30562.84581846784,1016.441983695864,30579.74327605869
2023-08-09 16:48:45+00:00,39.91242844851081,-75.24126394452676,-967.4972159835354,40.17294096142633,-75.12634722815436,58.82332694414072,8.015156339756364e-06,7.527016404424899e-06,16133.93815929377,4999.9998881135125,30583.71418689345,1016.598262028062,30600.605312508877
2023-08-09 16:48:46+00:00,39.91226346292726,-75.2414479395462,-967.5043622751144,40.17277519906344,-75.12653243408647,58.58174759475514,8.028241762282884e-06,7.530852170281278e-06,16145.981369841744,4999.999887783993,30603.87800308911,1016.849094400512,30620.76633444605
2023-08-09 16:48:47+00:00,39.91209180498765,-75.2416289575855,-967.5710607922196,40.17260917469042,-75.1267166436714,58.25751035800204,8.025626002024804e-06,7.531920684536648e-06,16146.225144791875,4999.999887454155,30624.164444657166,1017.234202517685,30641.054377357446
2023-08-09 16:48:48+00:00,39.91191703904106,-75.24180986482887,-967.4745757504166,40.17244110509596,-75.12689949338834,57.957487042294815,8.025715275957369e-06,7.54034036741725e-06,16166.57868037789,4999.999887123538,30644.998018232323,1017.5793313515128,30661.88792675782
2023-08-09 16:48:49+00:00,39.91173682771992,-75.24199032740313,-967.4686541108348,40.17226811629788,-75.12708030747213,57.790207537822425,8.046227974599448e-06,7.544136753272183e-06,16197.788357477872,4999.999886793834,30667.22461356247,1018.0386216347106,30684.11752248762
2023-08-09 16:48:50+00:00,39.91156018976956,-75.24216784383074,-967.6093978548404,40.1720973940854,-75.12725916012768,57.6302227450069,8.065082419886823e-06,7.542438790181571e-06,16212.555259208526,4999.999886461648,30689.53739862531,1018.7033242901764,30706.440077035004
2023-08-09 16:48:51+00:00,39.91138760214314,-75.24234192915453,-967.7141778083718,40.17192145230605,-75.12743491827065,57.61314220679924,8.077365483396949e-06,7.532732495837237e-06,16250.4931300916,4999.999886128678,30712.00275195069,1019.3449867197908,30728.914351759613
2023-08-09 16:48:52+00:00,39.91121771907116,-75.24251429346822,-967.7392206294926,40.17175087871188,-75.12760844818114,57.572978262091056,8.063192427711612e-06,7.547487727513648e-06,16253.812517359152,4999.999885795218,30734.451347953214,1019.842733391118,30751.36710555409
2023-08-09 16:48:53+00:00,39.91105280455406,-75.24268437185995,-967.78689587059,40.1715780889748,-75.12777980613815,57.56952143786475,8.08464905438011e-06,7.552058039641029e-06,16273.046108036384,4999.999885460519,30756.588405637394,1020.2010222123264,30773.503870692264
2023-08-09 16:48:54+00:00,39.91088717337108,-75.2428515573466,-967.8539074433552,40.17141429658621,-75.12794874618152,57.52726195380092,8.093537412551877e-06,7.555219229356815e-06,16298.271379373757,4999.999885124878,30778.976071400408,1019.0282243594622,30795.840409475437
2023-08-09 16:48:55+00:00,39.9107252891327,-75.24301902562264,-967.8805517481464,40.17124983656163,-75.12811575022646,57.49546393356286,8.107169566675666e-06,7.564414238605286e-06,16334.530188992769,4999.999884788528,30800.56159022444,1018.6130251808293,30817.400389524697
2023-08-09 16:48:56+00:00,39.91056604850758,-75.24318275014019,-968.0136245093628,40.17108737986188,-75.12828072072263,57.46082867938094,8.12833953720436e-06,7.574199534368245e-06,16356.340718186812,5000.0,30821.792267890098,1018.4670608154056,30838.614653692468
2023-08-09 16:48:57+00:00,39.91041104440807,-75.2433453201462,-968.0827491093216,40.17091903137359,-75.12844451394498,57.44005808606744,8.151646530464606e-06,7.5838100954608766e-06,16370.712996116294,5000.0,30842.56650589449,1018.3797023837252,30859.374684020284
2023-08-09 16:48:58+00:00,39.91025909806923,-75.2435065866874,-968.1104304956888,40.17076480704449,-75.1286052547598,57.385786544764414,8.15122220390368e-06,7.585583362643267e-06,16416.95772101793,5000.0,30862.98812857939,1018.319484292675,30879.78320514771
2023-08-09 16:48:59+00:00,39.910110960167984,-75.24366394994811,-968.242651552634,40.170594366227135,-75.12876621360373,57.359480706974864,8.163306120184505e-06,7.597066762872425e-06,16459.596016923624,5000.0,30882.90457808651,1018.374962994816,30899.690657746905
2023-08-09 16:49:00+00:00,39.9099634852546,-75.24381896070142,-968.2924384663692,40.17042212510631,-75.1289260868878,57.33141934801824,8.181557110918755e-06,7.603459749201512e-06,16465.81946951319,5000.0,30902.688879285644,1018.381363906313,30919.46442893661
2023-08-09 16:49:01+00:00,39.90982162132582,-75.24397486725016,-968.4008530349664,40.1702406717345,-75.12908595433554,57.312377440044656,8.213097422692215e-06,7.614339097387414e-06,16474.1347119046,5000.0,30921.91135802348,1018.4631887874352,30938.679178342063
2023-08-09 16:49:02+00:00,39.909680399965566,-75.24412885426278,-968.473841530776,40.17005310958724,-75.1292456095905,57.29674268118106,8.219551013315483e-06,7.614844149678663e-06,16503.92474370261,5000.0,30941.015021163585,1018.5177667374028,30957.77428984568
2023-08-09 16:49:03+00:00,39.90954300206869,-75.24428113336236,-968.4278000681902,40.16985909598779,-75.12940528860773,57.28353215754032,8.220377834349072e-06,7.611577458354061e-06,16492.294364668214,5000.0,30959.670797424336,1018.4520429941028,30976.41781176074
2023-08-09 16:49:04+00:00,39.90940684423269,-75.24443046896954,-968.4522933599844,40.16964938554308,-75.12956643254711,57.27928190911189,8.219952537176145e-06,7.626466331551747e-06,16477.208211768473,5000.0,30978.1201572934,1018.4601354376392,30994.8574690574
2023-08-09 16:49:05+00:00,39.90927446515279,-75.24457902795987,-968.5494887014696,40.16945358331286,-75.1297249822319,57.25560874538496,8.230249650357267e-06,7.63806867951508e-06,16482.496213393995,5000.0,30996.153309529836,1018.543256638926,31012.88361880465
2023-08-09 16:49:06+00:00,39.90914148027775,-75.2447278851716,-968.6940150762932,40.16924651068688,-75.12988457370399,57.238667788682505,8.241314870274307e-06,7.647797403665621e-06,16493.98818167466,5000.0,31014.259188660875,1018.681055775728,31030.984259524088
2023-08-09 16:49:07+00:00,39.90901057900148,-75.24487299320745,-968.758331325193,40.16902244492209,-75.13004613494192,57.23353602760472,8.236683692982486e-06,7.667898602431736e-06,16556.201436474905,5000.0,31032.042480973,1018.7310658942206,31048.75961331677
2023-08-09 16:49:08+00:00,39.90887992152487,-75.24501957479349,-968.8606423850111,40.16878994918476,-75.13020860248058,57.23270287946798,8.25105643534902e-06,7.675402630309803e-06,16585.397452581743,5000.0,31049.84351831069,1018.8176679891684,31066.55391175834
2023-08-09 16:49:09+00:00,39.908752227835045,-75.24516728621546,-968.8712347399006,40.16857668232257,-75.13036787128625,57.215504532912746,8.263164537398514e-06,7.697856169473948e-06,16568.960997397495,5000.0,31067.364941886884,1018.8169605062744,31084.06589285574
2023-08-09 16:49:10+00:00,39.90862600410013,-75.24531227420277,-968.8396020336882,40.16830754560522,-75.13053499497622,57.23171755438671,8.281701444460092e-06,7.717143816023366e-06,16602.357762955628,5000.0,31084.657356265045,1018.7739289353858,31101.34761187497
2023-08-09 16:49:11+00:00,39.90850067270084,-75.24545754659076,-968.8547125450748,40.16803909340755,-75.13070189896953,57.24397293268703,8.285713623072403e-06,7.749102573410625e-06,16633.362162083755,5000.0,31101.8648294436,1018.7747995305988,31118.545884426207
2023-08-09 16:49:12+00:00,39.90837793941493,-75.24560142552272,-968.971997348026,40.167777908499474,-75.13086745268316,57.250252726254985,8.2899625906465e-06,7.765969232495972e-06,16668.45226929816,5000.0,31118.7628931712,1018.8788480510868,31135.43829960347
2023-08-09 16:49:13+00:00,39.908254438497714,-75.24574552681057,-969.012941400604,40.16751139146649,-75.13103339576425,57.25609298190102,8.303715730936622e-06,7.777382632176276e-06,16695.760412688433,5000.0,31135.749539657714,1018.908674847822,31152.416828939226
2023-08-09 16:49:14+00:00,39.90813287893141,-75.24589013655725,-969.194135966211,40.16726883929279,-75.1311954455875,57.24273760593496,8.319625588757571e-06,7.788725687098052e-06,16721.40158447388,5000.0,31152.54736974622,1019.077776583797,31169.211204953663
2023-08-09 16:49:15+00:00,39.90801295640596,-75.24603591881305,-969.3541418626444,40.16700330881026,-75.13136004922781,57.24039964447729,8.3403200855188e-06,7.776124807437712e-06,16718.836597495094,5000.0,31169.20632385369,1019.2223831264716,31185.86598324996
2023-08-09 16:49:16+00:00,39.90789449193966,-75.2461795528418,-969.6348827578164,40.16673668984971,-75.13152411175571,57.238458963576704,8.34788773691534e-06,7.793034051387344e-06,16761.420864650838,5000.0,31185.65571252094,1019.4858494327316,31202.315196425465
2023-08-09 16:49:17+00:00,39.90777532089102,-75.24632491493688,-969.7559245088988,40.16649400260635,-75.13168415012493,57.2208150587976,8.344068348459574e-06,7.804692636507878e-06,16776.756923676483,5000.0,31202.22885376699,1019.5936072803992,31218.883012799422
2023-08-09 16:49:18+00:00,39.90765743778273,-75.24646990480969,-969.8918783244974,40.166214039472194,-75.13184771864807,57.21476244553924,8.359641090323456e-06,7.824465695101796e-06,16778.242445021086,5000.0,31218.659916258715,1019.7181633467496,31235.309380566057
2023-08-09 16:49:19+00:00,39.90754188192896,-75.24661321741289,-970.0102367375162,40.16594834161168,-75.13200825977657,57.19454202381894,8.363116741991507e-06,7.834637554427046e-06,16804.864949771072,5000.0,31234.798900925955,1019.8248152557444,31251.443247234147
2023-08-09 16:49:20+00:00,39.9074253320248,-75.24675668954627,-970.159807186514,40.165664950668045,-75.13216927031382,57.17814697767608,8.374432862898393e-06,7.844831919787639e-06,16843.085419417686,5000.0,31251.04695093359,1019.961128484061,31267.687094396253
2023-08-09 16:49:21+00:00,39.90730670058801,-75.24690268503677,-970.1524315412548,40.16534339525036,-75.13233230898037,57.17593615036458,8.383591787072477e-06,7.854980302821335e-06,16842.448324022393,5000.0,31267.586494812964,1019.942836529093,31284.217244489224
2023-08-09 16:49:22+00:00,39.90719008534032,-75.24704639703018,-970.2336610348206,40.16501485122846,-75.13249379684713,57.175312916981056,8.389145490252833e-06,7.865318138510327e-06,16872.53143855335,5000.0,31283.85486174421,1020.0095406656968,31300.479141280342
2023-08-09 16:49:23+00:00,39.90707247254532,-75.24719082120825,-970.2650064664216,40.16466875211129,-75.1326542070748,57.18025166587904,8.399220502214786e-06,7.877625693493506e-06,16900.190276495105,5000.0,31300.24933880518,1020.0248083285304,31316.8654127609
2023-08-09 16:49:24+00:00,39.90695410973522,-75.247335554947,-970.383794176782,40.16440562745284,-75.13280641432196,57.148136120755225,8.414080829862522e-06,7.88082437020679e-06,16917.547424311575,5000.0,31316.73313048711,1020.128007172838,31333.343822789924
2023-08-09 16:49:25+00:00,39.90683793643096,-75.24747934517123,-970.5042316094856,40.164047388324754,-75.13296102864386,57.14852330088616,8.420241627663404e-06,7.899499903318466e-06,16915.350822918932,5000.0,31332.96125990691,1020.2369988276544,31349.56690049488
2023-08-09 16:49:26+00:00,39.90671920586362,-75.24762275281644,-970.5738140871532,40.16372140124654,-75.13311085674738,57.13147274986841,8.434668734724242e-06,7.910036602248509e-06,16948.83720250972,5000.0,31349.449598671952,1020.2896741526828,31366.04822349885
2023-08-09 16:49:27+00:00,39.90660278201338,-75.24776740530251,-970.6312972033896,40.1633658562162,-75.13325784630365,57.11914834030904,8.444776670722333e-06,7.930055875500158e-06,16959.34860258258,5000.0,31365.732292533947,1020.336277212672,31382.32382035312
2023-08-09 16:49:28+00:00,39.90648561532004,-75.24791312468246,-970.7671660174344,40.16294772578397,-75.13340135323051,57.12697414937429,8.445005096976684e-06,7.944172669604244e-06,16970.205605290063,5000.0,31382.12378434843,1020.4564902173914,31398.710557355604
2023-08-09 16:49:29+00:00,39.90636669432737,-75.24805359763741,-970.7346667338296,40.1624598643897,-75.13353931354685,57.15764255239628,8.459157791768314e-06,7.959986478853505e-06,16998.704510931486,5000.0,31398.55363260129,1020.4160175585934,31415.13041622189
2023-08-09 16:49:30+00:00,39.90625040927552,-75.2481959325548,-970.7668764515132,40.16210424056873,-75.13367323761491,57.13868479034864,8.483884930463194e-06,7.966170175200134e-06,17037.43228789387,5000.0,31414.76172311957,1020.4357315503308,31431.33059866545
2023-08-09 16:49:31+00:00,39.90613284065692,-75.24833579568528,-970.7565005233884,40.16158457277108,-75.13379670504023,57.17043406772427,8.485443616379336e-06,7.986517185900605e-06,17065.546743537372,5000.0,31431.036673096176,1020.4144508552766,31447.59628329375
2023-08-09 16:49:32+00:00,39.906016967736,-75.24847678645685,-970.9661602335256,40.16119817036847,-75.1339185545478,57.15531847532839,8.48915020698973e-06,8.005590317553188e-06,17091.117020473655,5000.0,31447.16573185885,1020.6159765013458,31463.72338961947
2023-08-09 16:49:33+00:00,39.90590014813519,-75.2486109256973,-971.1053673059712,40.16074727720633,-75.13402838160509,57.157985685626045,8.503088579155995e-06,8.029601937409223e-06,17081.893122158384,5000.0,31463.20258824987,1020.7396063274308,31479.75581946561
2023-08-09 16:49:34+00:00,39.90579571338208,-75.24872352867732,-971.335436940891,40.16020966015179,-75.13411463650561,57.15904549695552,8.517749786540623e-06,8.021305209597665e-06,17087.162125346695,5000.0,31476.032786932672,1021.286575885558,31492.597007457876
2023-08-09 16:49:35+00:00,39.90569557678637,-75.24882040962567,-971.5374199247856,40.158896383694845,-75.13416246075315,57.41401655320078,8.516743207150466e-06,8.020184346046999e-06,17082.371066292617,5000.0,31488.003387479555,1021.2848192403878,31504.56125725186
2023-08-09 16:49:36+00:00,39.9055954615864,-75.2489041770475,-971.7211862577104,40.15804202432986,-75.13428057208284,57.566964724101126,8.522020968565072e-06,8.023801697937488e-06,17055.102971859025,5000.0,31498.47515040481,1021.4828580214456,31515.03393667697
2023-08-09 16:49:37+00:00,39.90550019328394,-75.24897710919419,-971.893024726326,40.15744260415187,-75.13444995610519,57.67677625641227,8.545954541506174e-06,8.03851192684187e-06,17069.459476251435,5000.0,31506.791587333737,1021.715274379484,31523.353537172792
2023-08-09 16:49:38+00:00,39.905407296651845,-75.2490453098122,-971.8823692712916,40.15703260437115,-75.13464116429948,57.733469248516485,8.548960908398371e-06,8.061181682535435e-06,17148.675020120714,5000.0,31513.203445512878,1021.7044292322452,31529.761675899124
2023-08-09 16:49:39+00:00,39.90531199610672,-75.24911605185201,-971.8256222716224,40.156506418003374,-75.13501658583064,57.92891395208426,8.552438385207833e-06,8.07094455526403e-06,17197.286209676622,5000.0,31518.823032865614,1021.5148008940682,31535.372169447208
2023-08-09 16:49:40+00:00,39.90521070870363,-75.24920179341277,-971.8261430733284,40.15608282266943,-75.13545195786314,58.20935569284484,8.567711568814192e-06,8.067988170802452e-06,17209.052786533073,5000.0,31524.091085618355,1021.5652683509207,31540.63909263513
2023-08-09 16:49:41+00:00,39.905105740143625,-75.24929125896755,-971.7722116310396,40.155897804542505,-75.13564769589358,58.31360815558583,8.567400132695497e-06,8.073886029557154e-06,17234.07555935926,5000.0,31528.439920675784,1021.6279582807314,31544.987676599325
2023-08-09 16:49:42+00:00,39.90499477895939,-75.24940150381285,-971.7633471922184,40.15575346135103,-75.1357786721914,58.35094522451982,8.578055392078421e-06,8.097147136483487e-06,17277.87066954947,5000.0,31533.14308308658,1021.9049323420528,31549.697342275027
2023-08-09 16:49:43+00:00,39.90488293140538,-75.24951551181564,-971.898720297894,40.15570973359117,-75.13567785561439,58.14237801148556,8.59188592723041e-06,8.098902848991018e-06,17304.55725892588,5000.0,31538.641894247736,1022.4445016433408,31555.21074707851
2023-08-09 16:49:44+00:00,39.90476278748749,-75.24964755952638,-972.0279305425432,40.15559721452054,-75.13575726948682,57.98499927506782,8.597992672718997e-06,8.085051513304884e-06,17314.713377098076,5000.0,31546.4046778544,1023.0031061003592,31562.987555902324
2023-08-09 16:49:45+00:00,39.904572271381056,-75.2499248391396,-972.2123886847382,40.17245220248584,-75.1272790958257,59.43874152819626,8.605489911365807e-06,8.096667942326683e-06,17323.737220131945,5000.0,31567.044113981323,1023.3342029538225,31583.626881423515
2023-08-09 16:49:46+00:00,39.90437564230482,-75.25021502074047,-972.3018819256544,40.17226091925284,-75.1275631047964,59.00675215246156,8.616171676872152e-06,8.100550452346995e-06,17363.814337459644,5000.0,31590.75207759742,1023.1902496968776,31607.31774629572
2023-08-09 16:49:47+00:00,39.90417982543018,-75.25050962650602,-972.5962678093548,40.17206634182095,-75.12785750287502,58.64661445212551,8.624221522144948e-06,8.103516184684758e-06,17397.02219430444,5000.0,31615.857257713247,1023.4789394261262,31632.419118359383
2023-08-09 16:49:48+00:00,39.903981007246365,-75.25081495746836,-972.8382163156498,40.17186947279056,-75.12815990383093,58.31682926625945,8.630033084623175e-06,8.104092876061302e-06,17432.022271149588,5000.0,31641.948263376085,1023.530096755088,31658.498128640476
2023-08-09 16:49:49+00:00,39.90378310732194,-75.25111621702439,-972.9828401373118,40.17166998324202,-75.12846287924977,58.097869623685256,8.629144576133461e-06,8.118301319943151e-06,17470.959429335086,5000.0,31668.426664205177,1023.4599277044414,31684.960432510536
2023-08-09 16:49:50+00:00,39.90358156673554,-75.25141640134098,-973.2258985991376,40.17146460378091,-75.1287594572026,58.09399814903736,8.640364771624482e-06,8.140478131405552e-06,17491.427757804086,5000.0,31695.20613902958,1023.4613884533552,31711.72599227663
2023-08-09 16:49:51+00:00,39.903379160026674,-75.25171740580629,-973.4487026710387,40.17125656711608,-75.12905481702722,58.07483577798121,8.656558346869753e-06,8.144337352482006e-06,17507.525416753197,5000.0,31721.389501623013,1023.6328517260098,31737.90125589295
2023-08-09 16:49:52+00:00,39.90317766704281,-75.25202540410531,-973.70957764306,40.17104772128394,-75.12935559589658,57.94919471838512,8.673046666579729e-06,8.147719605695634e-06,17526.6548630412,5000.0,31747.19956977953,1024.0234725762723,31763.710497921948
2023-08-09 16:49:53+00:00,39.90297145013957,-75.25235148567282,-973.985857416522,40.17083846774153,-75.1296716422231,57.69633857463487,8.688222632435691e-06,8.158710070841846e-06,17581.14161990129,5000.0,31773.177431153454,1024.467067479919,31789.68915928418
2023-08-09 16:49:54+00:00,39.902760905983456,-75.25269378695569,-974.366530126172,40.1706274472462,-75.13000625770954,57.358209856553,8.701807178892382e-06,8.169666968505469e-06,17604.821137531315,5000.0,31800.32487664612,1024.937774875214,31816.83767602626
2023-08-09 16:49:55+00:00,39.90254754245076,-75.25304886681722,-974.7245659634236,40.17040044329945,-75.13034757748689,57.07795347832143,8.724607532162764e-06,8.181114185483943e-06,17609.778532239616,5000.0,31828.645632075026,1025.5421175797142,31845.16320270848
2023-08-09 16:49:56+00:00,39.902330286120986,-75.25342028600178,-975.063151936076,40.17016050309782,-75.13069521885777,56.82490369561128,8.732680565129609e-06,8.178775800889315e-06,17638.964403942642,5000.0,31859.111071261847,1025.9225571477436,31875.625097310072
2023-08-09 16:49:57+00:00,39.902112807464334,-75.25380543413738,-975.522046453128,40.16990863278518,-75.13105001475175,56.59633136470802,8.741850357621007e-06,8.183292860167462e-06,17665.3486019401,5000.0,31890.754609018943,1026.472183420636,31907.269934546253
2023-08-09 16:49:58+00:00,39.90189299593917,-75.25419427861016,-975.8048172898034,40.16964384435201,-75.13140605128558,56.42108215950429,8.746403270396616e-06,8.203570867328653e-06,17686.95198366127,5000.0,31923.633783902864,1026.784039077141,31940.142132301917
2023-08-09 16:49:59+00:00,39.90167220615108,-75.25457855550843,-976.2199516262068,40.169336509601614,-75.1317309980356,56.49185304506682,8.753347913279753e-06,8.221865028217025e-06,17724.34612001378,5000.0,31957.599253929035,1027.2068073780958,31974.103644978844
2023-08-09 16:50:00+00:00,39.90145387955265,-75.25496092565223,-976.5324158982094,40.169019808979336,-75.1320462101819,56.63886732701212,8.784487466918706e-06,8.235647225176097e-06,17722.31535727504,5000.0,31991.802857391,1027.540056155725,32008.30030840712
2023-08-09 16:50:01+00:00,39.90123502880908,-75.25534147168858,-976.7014114267728,40.1687047794272,-75.1323623432198,56.79564673057757,8.794974560634017e-06,8.253379696154511e-06,17734.513644460065,5000.0,32025.81345678754,1027.5442225751624,32042.29353055585
2023-08-09 16:50:02+00:00,39.90101466696609,-75.2557220957236,-976.8310780148464,40.168406097472605,-75.13269195279122,56.88822983438149,8.805444432634893e-06,8.261371567797795e-06,17759.887455873224,5000.0,32060.01458433908,1027.59456907215,32076.478699296487
2023-08-09 16:50:03+00:00,39.90082262180039,-75.25611082860249,-976.91359374246,40.168403120937526,-75.13314354693988,57.00020485371351,8.812195999607083e-06,8.259039884635483e-06,17769.217173461886,5000.0,32091.13900306347,1027.6037425735217,32107.58745165529
2023-08-09 16:50:04+00:00,39.90062983019997,-75.25649578701763,-977.1026781210876,40.16811571313063,-75.13348407505894,57.13362856092863,8.822684830491199e-06,8.271694059837214e-06,17753.95371702316,5000.0,32122.367649859883,1027.6490857382971,32138.801565649326
2023-08-09 16:50:05+00:00,39.90043938361187,-75.2568810013594,-977.0930283464982,40.167838571451576,-75.13383430318055,57.231423935620114,8.830956497994375e-06,8.28256241751905e-06,17804.645427943768,5000.0,32153.42888162521,1027.572597670741,32169.844486556256
2023-08-09 16:50:06+00:00,39.90024968634048,-75.25726873062146,-977.113352321487,40.167558512434645,-75.1341881565051,57.328703405335546,8.833460009895837e-06,8.292821169173835e-06,17817.301024977707,5000.0,32184.559564484694,1027.5309021955054,32200.957968899467
2023-08-09 16:50:07+00:00,39.90005645363977,-75.25765233365249,-976.9849268970154,40.16729238560289,-75.13455157684693,57.39281601598486,8.844127933263521e-06,8.299742645239283e-06,17845.886191427548,5000.0,32215.971548366044,1027.3744513811607,32232.34898465331
2023-08-09 16:50:08+00:00,39.89986746506456,-75.25804009039501,-977.1051946523588,40.16703225248725,-75.13492095359398,57.44088589772582,8.856832941710106e-06,8.31140074000932e-06,17838.76014287943,5000.0,32247.08465978896,1027.481758105066,32263.449719749984
2023-08-09 16:50:09+00:00,39.89967583968124,-75.25843018539445,-977.010670869525,40.1667843761094,-75.13529722973254,57.46785936621018,8.859854104396596e-06,8.32224746267795e-06,17874.541905546153,5000.0,32278.56167577461,1027.37464696818,32294.907377511063
2023-08-09 16:50:10+00:00,39.89948628441481,-75.25882081604583,-976.993225214516,40.16651609337412,-75.13567262791832,57.51760689774528,8.878149534446056e-06,8.327843363779168e-06,17884.338184105327,5000.0,32309.857698250235,1027.34684508649,32326.186691617204
2023-08-09 16:50:11+00:00,39.89929430784959,-75.25921461612387,-977.0680490352888,40.166296898663134,-75.13606063135497,57.512146103195846,8.886220004549014e-06,8.34798435486708e-06,17957.692805614788,5000.0,32341.516576572954,1027.409238503593,32357.831574691558
2023-08-09 16:50:12+00:00,39.89910329880004,-75.25961062488017,-977.02633463386,40.1660463719601,-75.13644673964755,57.53592516086064,8.90697674427053e-06,8.357686669254565e-06,18004.735511343482,5000.0,32373.15793549014,1027.3544135452878,32389.45525641361
2023-08-09 16:50:13+00:00,39.89891218202149,-75.26000918516479,-977.1425728202908,40.16578780986301,-75.1368348543916,57.56590771116316,8.923617992182128e-06,8.369780971476755e-06,18054.36358124543,5000.0,32404.90526732172,1027.4602872389405,32421.18998472986
2023-08-09 16:50:14+00:00,39.89871618367146,-75.26040968629624,-977.1315075424787,40.16553872577898,-75.13722702247605,57.590526659972966,8.92887221201507e-06,8.384347300101407e-06,18053.109357000783,5000.0,32437.23713284881,1027.4360720408324,32453.50485994997
2023-08-09 16:50:15+00:00,39.89852180620268,-75.26081100378096,-977.2039132314106,40.16522135251813,-75.13761567749873,57.66171359457076,8.930833373742217e-06,8.405118659115262e-06,18068.198001270917,5000.0,32469.442046568365,1027.4977934617193,32485.69559869436
2023-08-09 16:50:16+00:00,39.89832875877229,-75.2612144860896,-977.2556662625476,40.16493017026466,-75.13800952311499,57.712383416015655,8.94008430869853e-06,8.408204763941102e-06,18104.04971425319,5000.0,32501.59158334349,1027.5398188110307,32517.830393950127
2023-08-09 16:50:17+00:00,39.898136331764974,-75.26161494961255,-977.3955808232416,40.1646373973992,-75.13840600509089,57.76008467213251,8.933374863048221e-06,8.418212103826612e-06,18131.304496823257,5000.0,32533.605787024742,1027.6730799382062,32549.832833130797
2023-08-09 16:50:18+00:00,39.89794425960976,-75.26202212541317,-977.468241932316,40.164345827028896,-75.13880522973125,57.80534470221028,8.952748345218896e-06,8.423143527206916e-06,18156.96870784664,5000.0,32565.802128445943,1027.7377327443244,32582.015178874382
2023-08-09 16:50:19+00:00,39.897752734445135,-75.26242848775894,-977.4056968044384,40.16407302216978,-75.1392079720191,57.83874954562634,8.972731055587365e-06,8.428063014551711e-06,18193.18225254208,5000.0,32597.935145398547,1027.6631839116617,32614.12987285077
2023-08-09 16:50:20+00:00,39.89756281924509,-75.2628399734292,-977.447545915446,40.16389603797784,-75.13961681703759,57.82335670036264,8.995882333721942e-06,8.447389091555091e-06,18214.8616372526,5000.0,32630.075745487185,1027.692466294422,32646.255450840137
2023-08-09 16:50:21+00:00,39.89737040418677,-75.26325304555854,-977.5455048921424,40.16362656817204,-75.14002519848368,57.84345001261681,9.003323874305875e-06,8.472552141977692e-06,18251.9120388194,5000.0,32662.54346249616,1027.782182396637,32678.709914161274
2023-08-09 16:50:22+00:00,39.89718078438342,-75.26367064614354,-977.6161969179086,40.16355904334775,-75.14044124680045,57.773930329596624,9.005169317854292e-06,8.479709376783066e-06,18291.46880936611,5000.0,32694.87623309152,1027.8370424436564,32711.028429002225
2023-08-09 16:50:23+00:00,39.89699050440173,-75.26408905705472,-977.7210038979788,40.16334144737794,-75.14085635504907,57.75581164495088,9.00871440910803e-06,8.48451532750135e-06,18341.01244783921,5000.0,32727.32369770138,1027.9275348659637,32743.46272817006
2023-08-09 16:50:24+00:00,39.89680157003842,-75.26450917477831,-977.791213039066,40.16308402003274,-75.14127311873476,57.74864967726171,9.021038296553856e-06,8.485091582247642e-06,18381.6232387468,5000.0,32759.70346278915,1027.986719151849,32775.828405467226
2023-08-09 16:50:25+00:00,39.89661337880752,-75.26493162719427,-977.864655028322,40.16295646716713,-75.14169416879773,57.68652768526226,9.037704411701664e-06,8.506975319509696e-06,18421.50747913778,5000.0,32792.09675429259,1028.0454880424838,32808.20761742968
2023-08-09 16:50:26+00:00,39.896428186450265,-75.26535841040214,-977.9392378918606,40.16268153600309,-75.14211570994729,57.6684179881122,9.051488360575936e-06,8.523978198510926e-06,18483.8497296974,5000.0,32824.33164183608,1028.1055325880448,32840.42857088469
2023-08-09 16:50:27+00:00,39.89624100808648,-75.26578427304638,-977.9729599056622,40.16236029387197,-75.142538832329,57.66160864150152,9.049748616608736e-06,8.523526645588738e-06,18537.9625165267,5000.0,32856.76622112051,1028.1274092273654,32872.847952055665
2023-08-09 16:50:28+00:00,39.896051746140905,-75.2662128430898,-978.1694994056444,40.16222448549878,-75.14296621857635,57.58433490805328,9.048952050949187e-06,8.521265770212007e-06,18556.47501039827,5000.0,32889.521319735104,1028.310325555413,32905.59275817644
2023-08-09 16:50:29+00:00,39.89586311236302,-75.26664637981244,-978.3760325296668,40.1619550878135,-75.14339446943627,57.54197023669258,9.055727569476564e-06,8.532797555876035e-06,18606.119463651048,5000.0,32922.38572017386,1028.5001023793272,32938.44704852525
2023-08-09 16:50:30+00:00,39.89567752388599,-75.26708134369855,-978.4561314981167,40.1615962033526,-75.14382364243845,57.52265807520598,9.072644650350144e-06,8.545829478689594e-06,18626.9443704432,5000.0,32954.99809601782,1028.566450788862,32971.04560750579
2023-08-09 16:50:31+00:00,39.895492238766224,-75.26751890398856,-978.4244400583632,40.16134478035399,-75.14425578363806,57.46144735557027,9.08825804109068e-06,8.555088740188292e-06,18625.689002540545,5000.0,32987.68163177534,1028.5183821038536,33003.711753402735
2023-08-09 16:50:32+00:00,39.89530585932789,-75.26795297717305,-978.4863848957764,40.1608718256058,-75.14468657956053,57.46122834458947,9.101295628575547e-06,8.579758827090626e-06,18671.687510446947,5000.0,33020.39478984087,1028.5653319166124,33036.410499916165
2023-08-09 16:50:33+00:00,39.89512062076919,-75.26839267966608,-978.539513733982,40.16042280215791,-75.14511883373507,57.45022520143539,9.11361314290394e-06,8.58600505601146e-06,18670.242552534164,5000.0,33053.1849374649,1028.607891692311,33069.186090756884
2023-08-09 16:50:34+00:00,39.89493097925201,-75.2688301771382,-978.6690929292496,40.16003379757996,-75.14555325319297,57.41395627404563,9.122771483035825e-06,8.590771811900966e-06,18672.110566725056,5000.0,33086.38536806854,1028.720892696107,33102.37398434454
2023-08-09 16:50:35+00:00,39.8947376350025,-75.26926902924373,-978.8368885769728,40.159431890911286,-75.14598465609515,57.438653529156,9.130041521367998e-06,8.599854735104284e-06,18709.16956802024,5000.0,33120.03410867093,1028.8771064683024,33136.011339021185
2023-08-09 16:50:36+00:00,39.89454460636191,-75.26970725278989,-978.9163934827052,40.158758237657736,-75.14641474540322,57.487357498845086,9.133256921590248e-06,8.612346521222667e-06,18720.129820756087,5000.0,33153.65256540242,1028.9498850760815,33169.61585990125
2023-08-09 16:50:37+00:00,39.89434791236432,-75.2701484751253,-978.9334860757916,40.15827336196993,-75.14684910191198,57.47910288255662,9.149045939678809e-06,8.628106117618071e-06,18765.065291222618,5000.0,33187.76646866437,1028.9564019934269,33203.71356423565
2023-08-09 16:50:38+00:00,39.89414991766191,-75.27059110643751,-979.0886550051345,40.1577443543555,-75.14728328499798,57.480700517538935,9.140044353802714e-06,8.6307125186109e-06,18780.52304115145,5000.0,33222.07956863528,1029.100594001629,33238.01466539944
2023-08-09 16:50:39+00:00,39.893950983377806,-75.27103779633393,-979.2060640309912,40.157128305393286,-75.14771593354257,57.503376906737685,9.152462401027483e-06,8.633427684283225e-06,18817.781303147454,5000.0,33256.640846498165,1029.2069647375986,33272.56268112263
2023-08-09 16:50:40+00:00,39.89374445103007,-75.27147992624833,-979.2288333748968,40.15637277658108,-75.1481458077397,57.57029645121656,9.15936937744616e-06,8.645976942177843e-06,18842.8821988683,5000.0,33291.86526359335,1029.2245367208577,33307.77080316606
2023-08-09 16:50:41+00:00,39.89353772030983,-75.27192361326132,-979.3817926904644,40.15583795138304,-75.14858165209912,57.57035206933506,9.175890720362418e-06,8.661343294629129e-06,18847.560120328708,5000.0,33327.17995619629,1029.3724477474611,33343.073215720135
2023-08-09 16:50:42+00:00,39.89332885368704,-75.27236478534553,-979.4405888853385,40.15535865023684,-75.14902014615839,57.54781347583048,9.181130185536409e-06,8.663629040092928e-06,18891.890223971062,5000.0,33362.657155160414,1029.4206508008283,33378.53500873086
2023-08-09 16:50:43+00:00,39.89311616483302,-75.27280815015203,-979.5038999808862,40.15467455513982,-75.14945607472791,57.5819385801442,9.18968970462448e-06,8.65758376326953e-06,18922.3678440357,5000.0,33398.62000012357,1029.4720358762916,33414.48234800751
2023-08-09 16:50:44+00:00,39.89289805553193,-75.27325320297828,-979.6132070421926,40.1539258811128,-75.14989271449755,57.63508422975429,9.197272734811212e-06,8.671218219230773e-06,18942.81481356458,5000.0,33435.21744015882,1029.5766028989576,33451.06565196298
2023-08-09 16:50:45+00:00,39.89279139763198,-75.27351291068379,-979.6637284494924,40.17201158503981,-75.12792979765929,58.11469651269727,9.214553468508236e-06,8.692062752750454e-06,18995.556037844555,5000.0,33454.45421406299,1029.624396073886,33470.29478743544
2023-08-09 16:50:46+00:00,39.89268914444268,-75.27376963623088,-979.7673522990408,40.17190686061408,-75.12818819884005,58.06540793273598,9.226032899158103e-06,8.689714681202926e-06,19003.413096886863,5000.0,33473.149222396394,1029.7231707212172,33488.98398986056
2023-08-09 16:50:47+00:00,39.89258922259785,-75.27401965569287,-979.6877117549044,40.17180541121069,-75.12844152782162,57.99806038360112,9.239356266944984e-06,8.692196362299668e-06,19047.281294476703,5000.0,33491.39859140247,1029.635418977948,33507.22203800561
2023-08-09 16:50:48+00:00,39.89249186543962,-75.27426186991934,-979.8382209746468,40.17170652375356,-75.12868970623025,57.94353606831282,9.247653602411453e-06,8.701203830025585e-06,19051.95741615813,5000.0,33509.14245138669,1029.7776343790758,33524.961891157946
2023-08-09 16:50:49+00:00,39.89239933862363,-75.27450355150157,-979.8465850792588,40.171610529038304,-75.1289325051979,57.88727248227224,9.252388514241915e-06,8.703285089875196e-06,19070.952342712902,5000.0,33526.3783381891,1029.776713711788,33542.18962076713
2023-08-09 16:50:50+00:00,39.89230789851291,-75.27473796196095,-979.9108146754992,40.17151649741879,-75.12916999351002,57.843307081377134,9.247583861720944e-06,8.709552777676998e-06,19147.57327783219,5000.0,33543.27572003477,1029.8330728418568,33559.080770906
2023-08-09 16:50:51+00:00,39.89222151750762,-75.27496453678006,-979.944963828849,40.1714227926345,-75.12940221452234,57.8220507025253,9.255163502361342e-06,8.717525966353663e-06,19165.232061733088,5000.0,33559.40917704788,1029.862109303901,33575.207523955905
2023-08-09 16:50:52+00:00,39.89213522967294,-75.27518687369745,-980.0737659612172,40.17132655758696,-75.12962954009329,57.83450443833135,9.234625815236287e-06,8.71895100218928e-06,19185.991133600837,5000.0,33575.40333361989,1029.986531540624,33591.197973135895
2023-08-09 16:50:53+00:00,39.8920551684875,-75.275405310509,-980.2799821122773,40.17122720092952,-75.1298522103467,57.86381301586516,9.232611904099251e-06,8.717686031983786e-06,19225.236883229623,5000.0,33590.637326793745,1030.1923770628605,33606.431115992484
2023-08-09 16:50:54+00:00,39.8919730317311,-75.27561824956462,-980.2402332838052,40.1711295897556,-75.13006988343962,57.87218118133024,9.235630514365516e-06,8.734970790878669e-06,19217.017559165964,5000.0,33605.91518988859,1030.152422990261,33621.700578117365
2023-08-09 16:50:55+00:00,39.89189430760376,-75.27582322270757,-980.350293123535,40.171028034881154,-75.13028341606386,57.88762529240921,9.243059044823104e-06,8.747977258587345e-06,19247.956368141244,5000.0,33620.59081644664,1030.2616301115636,33636.3726622449
2023-08-09 16:50:56+00:00,39.89181892802851,-75.27602392150503,-980.3364471251448,40.17092757640548,-75.13049227794595,57.89087855187245,9.269741782326997e-06,8.745088881662928e-06,19257.036372491995,5000.0,33634.789592045105,1030.2456811578986,33650.564290434864
2023-08-09 16:50:57+00:00,39.89174608699791,-75.27621587431062,-980.5237678536324,40.170835652122776,-75.13069507294918,57.859150561038405,9.281503492270869e-06,8.751913121091846e-06,19273.77678633449,5000.0,33648.45146913543,1030.4302662558655,33664.225415184854
2023-08-09 16:50:58+00:00,39.89167604260753,-75.2764065173383,-980.6269946986783,40.17074705122069,-75.13089251811004,57.81149160885252,9.30200023341797e-06,8.74978206153182e-06,19302.97126282385,5000.0,33661.7886427154,1030.5280345495592,33677.55933343205
2023-08-09 16:50:59+00:00,39.89160945106045,-75.27659088825035,-980.7761689796394,40.17064181111234,-75.1310889219005,57.79808124457486,9.308418974310152e-06,8.758839976234748e-06,19307.665891249653,5000.0,33674.5713800239,1030.6717658333173,33690.34048384212
2023-08-09 16:51:00+00:00,39.89154632312167,-75.27677122410749,-980.8694497938668,40.17051001522516,-75.1312875939441,57.834727328270674,9.307619845685756e-06,8.772404331932358e-06,19345.489091537696,5000.0,33686.87183137677,1030.7656183138351,33702.638050210604
2023-08-09 16:51:01+00:00,39.89148393291805,-75.27694484875352,-980.9853292167988,40.17040114115935,-75.13147762861651,57.82399343163706,9.316017661688108e-06,8.778201762225333e-06,19367.84282072904,5000.0,33698.88308525896,1030.8806541859608,33714.64720439956
2023-08-09 16:51:02+00:00,39.89142200315074,-75.27711472013522,-981.0170864361604,40.1703088214644,-75.13165967250119,57.78127331123687,9.335348500532012e-06,8.789355848468496e-06,19424.05926859952,5000.0,33710.7298165189,1030.9037555649277,33726.48910449432
2023-08-09 16:51:03+00:00,39.89136075212697,-75.27727948462015,-981.022277494358,40.17017091826085,-75.13184986600551,57.807071623858064,9.353877511963345e-06,8.798190657959267e-06,19466.30844489336,5000.0,33722.34593041422,1030.9060558213182,33738.09986271387
2023-08-09 16:51:04+00:00,39.89130426655247,-75.27743744409939,-981.2053086078454,40.170074086030326,-75.132025844262,57.76635314500891,9.36185788325092e-06,8.802364746988224e-06,19506.987394850366,5000.0,33733.25670670927,1031.0867428278004,33749.01106568874
2023-08-09 16:51:05+00:00,39.89125044741577,-75.27759229881647,-981.218032686709,40.16994366272602,-75.1322077518264,57.77384795364924,9.362328064488567e-06,8.805951522419016e-06,19528.922081805165,5000.0,33743.79566904848,1031.0948622253484,33759.54535785993
2023-08-09 16:51:06+00:00,39.89120112761398,-75.27774406720472,-981.206064085409,40.16980676983518,-75.13238883313133,57.78888488281518,9.369415673059829e-06,8.821844887593328e-06,19581.32932197833,5000.0,33753.77320251846,1031.0830644121463,33769.517877706974
2023-08-09 16:51:07+00:00,39.891150264226525,-75.27789082115302,-981.3501609641048,40.16970320975994,-75.13255692773868,57.75950712920167,9.389317784770611e-06,8.831951922911159e-06,19602.090047227783,5000.0,33763.751510311246,1031.222333027237,33779.495785908046
2023-08-09 16:51:08+00:00,39.89110344471949,-75.27803227448587,-981.4731038050824,40.169612687033386,-75.13271726709645,57.71123686013743,9.405050756714043e-06,8.840582880052554e-06,19619.11843137749,5000.0,33773.14291070307,1031.3340956512425,33788.886221413486
2023-08-09 16:51:09+00:00,39.89105198812143,-75.27817040519415,-981.5872595143588,40.16945829094904,-75.1328933466552,57.73689476028085,9.41324307279288e-06,8.833485495129755e-06,19636.3024703093,5000.0,33782.90843125381,1031.4437979232673,33798.65054085376
2023-08-09 16:51:10+00:00,39.89098212219129,-75.27830567529236,-981.7670136351832,40.16923227959754,-75.13308685353498,57.824152363231406,9.420680211057723e-06,8.8448304260006e-06,19669.91059237966,5000.0,33793.91489003859,1032.281427888215,33809.67743918204
2023-08-09 16:51:11+00:00,39.89089502286423,-75.27844399800583,-981.8272006774756,40.16878303416016,-75.13335810926183,58.16845892556012,9.437087430881407e-06,8.852022815260206e-06,19687.81216311173,5000.0,33806.61672419831,1032.4479765919552,33822.37843737802
2023-08-09 16:51:12+00:00,39.89079676053137,-75.27858191247358,-981.7634084756794,40.16848914405185,-75.1335853639629,58.34683219576255,9.441312184424524e-06,8.86109590849081e-06,19715.029203039237,5000.0,33818.92108622771,1032.442614094547,33834.67690384963
2023-08-09 16:51:13+00:00,39.890683244559455,-75.27871545539463,-981.8131702858818,40.16822818801181,-75.13380900930252,58.5064601181075,9.459143459815208e-06,8.879153309675546e-06,19728.1274695373,5000.0,33830.941227982585,1032.3927111821056,33846.68992798725
2023-08-09 16:51:14+00:00,39.89056418957172,-75.27885156894104,-981.7661711649332,40.16795755593992,-75.13405963564027,58.7281974889338,9.465932222393945e-06,8.881774138167324e-06,19760.01961241132,5000.0,33841.627070939234,1032.4200098872711,33857.3716328563
2023-08-09 16:51:15+00:00,39.89044494377171,-75.27898187723572,-981.914826983977,40.16785540680066,-75.13419139817691,58.6700679610949,9.471855229841416e-06,8.900138131251106e-06,19762.57312196102,5000.0,33850.26512136916,1032.4887440172208,33866.00776285129
2023-08-09 16:51:16+00:00,39.89032574784895,-75.27910614449253,-981.9484806143516,40.167771788468215,-75.13428690076337,58.52188440808095,9.474851783860778e-06,8.911240950073655e-06,19835.56653609897,5000.0,33857.10444638949,1032.1633714325158,33872.83399302535
2023-08-09 16:51:17+00:00,39.89022536557343,-75.27922602327766,-981.689426886134,40.16764985183237,-75.13445092535505,58.64289208408445,9.483718097801304e-06,8.923716521900332e-06,19858.7950889667,5000.0,33861.536204273245,1031.1462053338223,33877.23271771297
2023-08-09 16:51:18+00:00,39.890130887080765,-75.27933754553328,-981.5196676683556,40.1676140212703,-75.13445113754781,58.498038600198925,9.481460461133223e-06,8.921753906860324e-06,19850.30313005798,5000.0,33865.251549568144,1030.89479108185,33880.93869103699
2023-08-09 16:51:19+00:00,39.89003595516076,-75.2794535207345,-981.5035637787388,40.16760744725492,-75.13445054349145,58.35364873171784,9.48927041028034e-06,8.91339162909422e-06,19893.30891900384,5000.0,33870.48948791422,1030.8380583369092,33886.172478658955
2023-08-09 16:51:20+00:00,39.88993954652005,-75.27959187770827,-981.1653438062611,40.16746513615311,-75.13463032912817,58.66072534234263,9.499822043410308e-06,8.932267158241725e-06,19936.63962255216,5000.0,33878.705922948306,1030.3008467686548,33894.36877784369
2023-08-09 16:51:21+00:00,39.889843961321375,-75.27976285926887,-980.7818857684124,40.16714883469501,-75.13489649681432,59.30591595522128,9.522103031343842e-06,8.939195223098494e-06,19971.51882156492,5000.0,33887.8501468689,1030.1645141760528,33903.504634519864
2023-08-09 16:51:22+00:00,39.88975717667883,-75.27995270846321,-980.4419460209186,40.16686271275961,-75.13512953699912,59.8766494190786,9.53209779198013e-06,8.939202719380945e-06,19986.53275391316,5000.0,33895.379419154124,1029.637536176739,33911.014426352995
2023-08-09 16:51:23+00:00,39.889666361692775,-75.28015198832145,-979.9602277680268,40.16698848804181,-75.13531908850567,60.14715218753554,9.553436156160782e-06,8.958864880459181e-06,20004.15421910372,5000.0,33901.768192197604,1029.0330728241922,33917.38190990671
2023-08-09 16:51:24+00:00,39.88958114835549,-75.28035617282234,-979.4722615605874,40.16721767436406,-75.13553757410095,60.43642336060293,9.548047002122752e-06,8.966102571968531e-06,20023.482618282374,5000.0,33907.36654630046,1028.827726620418,33922.971458824744
2023-08-09 16:51:25+00:00,39.88948985707261,-75.2805620873772,-978.8708639602612,40.1676452861444,-75.13580074232354,60.70558574027382,9.558377894306388e-06,8.981102030812582e-06,20036.349203068898,5000.0,33912.977891673545,1027.8260644589122,33928.54986438294
2023-08-09 16:51:26+00:00,39.88939494833767,-75.28077505846883,-978.1907307219652,40.168414810507805,-75.13614119623767,60.94731442327611,9.572368420844789e-06,8.98147198654467e-06,20087.71591507561,5000.0,33919.0785844203,1026.955609412684,33934.62140410268
2023-08-09 16:51:27+00:00,39.889296504228895,-75.28099720174889,-977.7259979052902,40.16925044896794,-75.13652448849463,61.18979804613628,9.594939641464756e-06,8.991539761635442e-06,20115.407926777687,5000.0,33926.17860146822,1026.1724478764186,33941.69448320901
2023-08-09 16:51:28+00:00,39.889192695271966,-75.28123103378769,-977.2701583543536,40.17013567112466,-75.13694602630913,61.29899920662865,9.606886212502416e-06,8.981415251948342e-06,20118.560103110107,5000.0,33934.58461144897,1026.057907063728,33950.09318956632
2023-08-09 16:51:29+00:00,39.88908693319536,-75.28147714463333,-976.8753996934724,40.17090853450176,-75.13737098880651,61.33888661512174,9.62021203061742e-06,8.989502890449005e-06,20112.047608995923,5000.0,33944.28822969802,1025.9262593669705,33959.788399082725
2023-08-09 16:51:30+00:00,39.88898020270959,-75.28173480375213,-976.6125516056704,40.17153704801726,-75.13778398221444,61.32816059398465,9.63057842871644e-06,9.018036617249367e-06,20135.628745676844,5000.0,33953.211498197335,1025.5590916700428,33968.69650857723
2023-08-09 16:51:31+00:00,39.88887286864964,-75.28199771513336,-976.4631061931482,40.171787218494906,-75.13813102744454,61.319605984026566,9.642303638503318e-06,9.039557772476258e-06,20176.591235339278,5000.0,33962.998314327684,1025.4367302814985,33978.47517159703
2023-08-09 16:51:32+00:00,39.88876568578154,-75.28226697242906,-976.433123008039,40.17207950715232,-75.13849805506341,61.16715533891693,9.657502345114773e-06,9.057603358590078e-06,20187.963710028587,5000.0,33972.992601791666,1025.3442591116625,33988.46211835841
2023-08-09 16:51:33+00:00,39.88865949416278,-75.28254380158867,-976.697985523358,40.172426543836345,-75.1388853864868,60.88095976714976,9.679536917181485e-06,9.060290579793296e-06,20208.18273561114,5000.0,33981.4533083024,1025.3761507944882,33996.91993688479
2023-08-09 16:51:34+00:00,39.88854980244025,-75.28282617463847,-976.8505297443062,40.172856863263085,-75.13930248117654,60.490456762723625,9.685206716014182e-06,9.064741023141818e-06,20243.50632520627,5000.0,33990.20929196422,1025.2724350598828,34005.66881091481
2023-08-09 16:51:35+00:00,39.88843790606826,-75.28311268608681,-977.2378513264388,40.17289431966365,-75.13963451783302,60.18871322856285,9.69130416582803e-06,9.094115143905208e-06,20263.17362133803,5000.0,33999.81646731828,1025.486428647105,34015.27807069445
2023-08-09 16:51:36+00:00,39.88833304473804,-75.28339962993424,-977.4829294920244,40.17289419710044,-75.13996219974362,59.88687440706417,9.711467719098336e-06,9.106704801279546e-06,20277.854963623548,5000.0,34008.55678817487,1025.4706903519036,34024.013945319355
2023-08-09 16:51:37+00:00,39.88822655486128,-75.28368558509388,-977.538904882352,40.17283325921488,-75.14027214875894,59.7577496082522,9.728731059550274e-06,9.125133207449782e-06,20296.581637241343,5000.0,34017.46638151807,1025.1079410065947,34032.90856374792
2023-08-09 16:51:38+00:00,39.88812340218756,-75.28397066557531,-977.6961108225888,40.17304777276167,-75.1406318671916,59.65016514877789,9.7465287949673e-06,9.128290435025506e-06,20297.30898677464,5000.0,34026.37643714323,1025.435710840179,34041.82444933354
2023-08-09 16:51:39+00:00,39.88801876239107,-75.2842610713267,-977.95385769596,40.17315152376872,-75.14097383188488,59.46904689678922,9.742903179377542e-06,9.136865964872232e-06,20326.96656317977,5000.0,34035.58524756292,1025.9354371404097,34051.0441347296
2023-08-09 16:51:40+00:00,39.88791771365139,-75.28455394611862,-978.093102886362,40.17318619102251,-75.14129954528028,59.30636954610236,9.763200350616415e-06,9.155156866919854e-06,20395.827338655457,5000.0,34044.10622729271,1026.1204692392364,34059.566820976775
2023-08-09 16:51:41+00:00,39.88781706151481,-75.28484481685692,-978.241876987755,40.17319707184236,-75.14162208787374,59.17237184057012,9.788865606463543e-06,9.166910069594178e-06,20435.068625883843,5000.0,34053.16665517486,1026.4748442334442,34068.63381251084
2023-08-09 16:51:42+00:00,39.88771703751708,-75.28513979362764,-978.5364702668486,40.17323554856079,-75.14195088077399,58.90435550222173,9.795493965929272e-06,9.171585546959909e-06,20459.844400027287,5000.0,34061.27358802118,1026.7291564625514,34076.7447271414
2023-08-09 16:51:43+00:00,39.88761934192322,-75.28542739293073,-978.7730344129488,40.17291090050648,-75.14222736628132,58.68782042269595,9.813471241813487e-06,9.184971750979836e-06,20477.607918769227,5000.0,34069.211573123255,1026.778497954056,34084.68059551236
2023-08-09 16:51:44+00:00,39.88752469740916,-75.28571261641508,-979.0421344132996,40.17232979414839,-75.14246958203151,58.56433325447142,9.812225856360544e-06,9.191784107831392e-06,20481.44009983856,5000.0,34076.87799285548,1026.5664444883566,34092.33715081598
2023-08-09 16:51:45+00:00,39.88729643333854,-75.28589371156951,-978.9890102853452,40.16845723655467,-75.12684680746686,62.36809660773724,9.821495285589308e-06,9.195692794453628e-06,20465.444645925312,5000.0,34094.96800826181,1025.9468113810613,34110.40032518204
2023-08-09 16:51:46+00:00,39.887069965543255,-75.28607042306345,-978.7978869393396,40.16823325750128,-75.12702760279097,61.815271645085886,9.8416102962988e-06,9.204350391906018e-06,20536.164743789683,5000.0,34112.62621157331,1025.346650162418,34128.032507068405
2023-08-09 16:51:47+00:00,39.886845219494376,-75.28623040785692,-978.578491676454,40.16801070063967,-75.1271983145814,61.269905680790544,9.84693419028204e-06,9.212078179712344e-06,20586.34650734668,5000.0,34129.719055099864,1024.7206764738585,34145.09884661106
2023-08-09 16:51:48+00:00,39.88661561494872,-75.2863798049998,-978.683213336566,40.1677924535007,-75.12735340956786,60.57955062272959,9.845770912012828e-06,9.218827922154374e-06,20586.22274782537,5000.0,34147.58309535757,1024.6455863727097,34162.95259242127
2023-08-09 16:51:49+00:00,39.886390648523445,-75.28652097084452,-978.726692787936,40.16757926042658,-75.12749354892465,59.89648549561389,9.843472532028968e-06,9.2305309860883e-06,20603.671854604192,5000.0,34164.310849300724,1024.5325863380117,34179.6694370808
2023-08-09 16:51:50+00:00,39.88616457079747,-75.28664975730067,-978.8847797179606,40.167365957087256,-75.12762280808691,59.45912818028592,9.8694059650792e-06,9.233029862927363e-06,20599.26296295193,5000.0,34182.30996268677,1024.5028973704636,34197.6595774026
2023-08-09 16:51:51+00:00,39.88593826425911,-75.28676927656448,-979.133999298722,40.16715370178844,-75.12774183613939,59.08363244798966,9.882281449354292e-06,9.24106546658662e-06,20635.980853626254,5000.0,34200.08829547408,1024.6928395018765,34215.43562244312
2023-08-09 16:51:52+00:00,39.88571252036508,-75.28687997985543,-979.288543310123,40.16694345794364,-75.12785082443077,58.66442896425724,9.88930714445537e-06,9.25605657683857e-06,20680.07059090392,5000.0,34217.677616333305,1025.0704009077458,34233.02836124982
2023-08-09 16:51:53+00:00,39.88548517544754,-75.28698252613542,-979.6376395429352,40.166732752610834,-75.1279514409046,58.21393776941113,9.911466026181218e-06,9.269835873845107e-06,20706.25935527256,5000.0,34236.33510576269,1025.6352969567442,34251.69439949566
2023-08-09 16:51:54+00:00,39.88525389723611,-75.28707656226939,-979.8952405202144,40.16652201142622,-75.12804378060987,57.79009837238118,9.914309703288751e-06,9.259116206365772e-06,20736.56252695064,5000.0,34254.96427895343,1025.9760063202095,34270.325421826965
2023-08-09 16:51:55+00:00,39.88502069861139,-75.28716643533713,-980.2183084967496,40.166305617951565,-75.12812851180793,57.41892353259027,9.906485912717857e-06,9.270801684220962e-06,20745.611848816243,5000.0,34273.53026079364,1026.3687003304929,34288.8948385123
2023-08-09 16:51:56+00:00,39.88478363125212,-75.28724125203117,-980.5517468259808,40.16607317891013,-75.12820780561844,57.09810125385411,9.9129614762925e-06,9.28891837716248e-06,20768.24820495019,5000.0,34292.73668141327,1026.8271951028953,34308.10637720115
2023-08-09 16:51:57+00:00,39.88454809272426,-75.28729958077882,-980.9063137325878,40.16583099859488,-75.12827587780833,56.79012247477658,9.925900392163296e-06,9.297974132230797e-06,20799.175074002,5000.0,34310.75498804666,1027.1763306505231,34326.12706181718
2023-08-09 16:51:58+00:00,39.88431185246793,-75.28734654084828,-981.2884955783,40.165598212082585,-75.12832715717109,56.413369165034965,9.942275678003382e-06,9.318657214622169e-06,20804.95295745514,5000.0,34328.48310072091,1027.453291255761,34343.85552412823
2023-08-09 16:51:59+00:00,39.88407447637131,-75.28739600333061,-981.5330498808582,40.16530645619994,-75.12840217961208,56.27641082811169,9.950402672035269e-06,9.33594216377035e-06,20826.16750542247,5000.0,34347.75496473479,1027.7774204571049,34363.12845978179
2023-08-09 16:52:00+00:00,39.88383909006738,-75.2874538890803,-981.70340679858,40.16496132445667,-75.12850772154276,56.3482278669253,9.94871026622189e-06,9.340209743068718e-06,20857.611825769884,5000.0,34367.10439539248,1027.686398136459,34382.466517932065
2023-08-09 16:52:01+00:00,39.88360173747986,-75.28752464649153,-981.920637652234,40.164609937404045,-75.12862411115118,56.44875128008425,9.947980829614288e-06,9.348317154764791e-06,20886.05419514778,5000.0,34386.907646009946,1027.4829696638494,34402.25484918345
2023-08-09 16:52:02+00:00,39.88336733736049,-75.28760478034216,-982.3014852560276,40.16425669376893,-75.12874725924515,56.52930575818755,9.959158926005516e-06,9.35097529099307e-06,20920.053876941314,5000.0,34406.88970158748,1027.631237042485,34422.23242174384
2023-08-09 16:52:03+00:00,39.88313429918351,-75.28769282009107,-982.4686775197551,40.16391727101159,-75.12886845049657,56.5404162791092,9.964957010487582e-06,9.370363295544716e-06,20988.265588069204,5000.0,34426.39307841135,1027.5104106422498,34441.72350555743
2023-08-09 16:52:04+00:00,39.88290147450509,-75.28778513613094,-982.5735780998316,40.16358316787272,-75.12898805676392,56.5245435256511,9.961334750728065e-06,9.360311151260636e-06,21039.13354184839,5000.0,34445.18557866928,1027.3969481351626,34460.50426267734
2023-08-09 16:52:05+00:00,39.88267068491612,-75.28788478810847,-982.6810864256496,40.16326877760861,-75.12910336623196,56.46023835265078,9.957543543404245e-06,9.36418829973422e-06,21066.229198429624,5000.0,34464.27233651219,1027.4623611992083,34479.58448979571
2023-08-09 16:52:06+00:00,39.88244293836589,-75.28798660604319,-982.9103491218928,40.162881341339485,-75.12923431001302,56.48555646208115,9.95281953314221e-06,9.386731376254249e-06,21098.665464804584,5000.0,34482.51174362842,1027.545681324777,34497.81828285205
2023-08-09 16:52:07+00:00,39.88221796770607,-75.2880957837826,-983.0899066098748,40.16254472586327,-75.1293533743342,56.40278996201232,9.964369788385822e-06,9.400975567967745e-06,21170.15137416804,5000.0,34500.167679310165,1027.6123441407217,34515.46837333007
2023-08-09 16:52:08+00:00,39.88199800812632,-75.28820984200289,-983.2192013993472,40.16215538486182,-75.12948066998383,56.33944190829061,9.965102079139795e-06,9.41694632947791e-06,21221.626290809025,5000.0,34518.026358380994,1027.611885798661,34533.31912610949
2023-08-09 16:52:09+00:00,39.88178060553288,-75.28833323286835,-983.4017547950592,40.16179149406902,-75.12960533802833,56.25301953731105,9.972855208693735e-06,9.42140414674308e-06,21220.5982655848,5000.0,34535.184936131795,1027.6685415635152,34550.471794233774
2023-08-09 16:52:10+00:00,39.88156446054642,-75.28845986889716,-983.7788367524092,40.16134107865327,-75.1297331647852,56.19868766772561,9.987458448751434e-06,9.420111544250544e-06,21249.158416972397,5000.0,34552.11319407412,1027.734880579472,34567.39453821868
2023-08-09 16:52:11+00:00,39.8813500824602,-75.28858814930283,-984.0816887423962,40.160952582670944,-75.12985422305138,56.07889915863052,9.99497604656354e-06,9.429195732529067e-06,21303.26481844575,5000.0,34568.60776103571,1027.9335474284826,34583.887721224564
2023-08-09 16:52:12+00:00,39.881138661933086,-75.288712239076,-984.239371378289,40.16066869251153,-75.12997232395904,55.9109701605048,1.0000027874243674e-05,9.456891761088366e-06,21326.007232280608,5000.0,34584.49959442123,1028.1160451486817,34599.77795880797
2023-08-09 16:52:13+00:00,39.880930059892194,-75.28883230536628,-984.2932606963344,40.160201872177,-75.13007308384014,55.86378793558106,1.0028032744529135e-05,9.454662576645172e-06,21344.263745186723,5000.0,34600.13124780537,1028.2049244258224,34615.40535270346
2023-08-09 16:52:14+00:00,39.8807214711663,-75.28895701139228,-984.429432240836,40.15967666172919,-75.13016287222966,55.85724465362728,1.004004120892656e-05,9.472419954764992e-06,21364.06506022683,5000.0,34616.4298710229,1028.325230777829,34631.700359579525
2023-08-09 16:52:15+00:00,39.880518168405615,-75.28908234103204,-984.7353764054378,40.15909451129099,-75.13024528431501,55.87714855605736,1.0045493847669752e-05,9.480079648426535e-06,21354.98057594776,5000.0,34632.29726946166,1028.4700899839247,34647.565064320945
2023-08-09 16:52:16+00:00,39.88031431285724,-75.28920667908955,-984.9034008307088,40.15842790146157,-75.13031237391483,55.91023922595196,1.0066952102365296e-05,9.473203429875376e-06,21409.12410913855,5000.0,34648.08396745786,1028.5811358833846,34663.34810385612
2023-08-09 16:52:17+00:00,39.88011408531764,-75.28932852265677,-985.1644130525958,40.15778545867905,-75.1303751792218,55.87243675161153,1.00730593733408e-05,9.47462113729321e-06,21419.817143893197,5000.0,34663.298354434606,1028.6699609798395,34678.5584287636
2023-08-09 16:52:18+00:00,39.87991209956208,-75.28945533424431,-985.36171563735,40.15723505044444,-75.13044508569102,55.76001437287778,1.0103471262685932e-05,9.474227479022352e-06,21437.850964361056,5000.0,34678.60339884329,1028.6286707648565,34693.85551703046
2023-08-09 16:52:19+00:00,39.87971505345976,-75.28958667526025,-985.660438253796,40.15667483631935,-75.13051188055552,55.63152621570043,1.01210804912018e-05,9.475084621045604e-06,21453.363629583557,5000.0,34693.561639269734,1028.73487272207,34708.81033190511
2023-08-09 16:52:20+00:00,39.87951745323143,-75.28972088047284,-986.157635117663,40.15618538973255,-75.1305874145103,55.386383074801415,1.0138896366609224e-05,9.489244179734876e-06,21485.686623709407,5000.0,34708.306074025,1029.1026756872816,34723.559190343774
2023-08-09 16:52:21+00:00,39.87932255835928,-75.28985324049577,-986.773030130382,40.15589535223612,-75.13069608930668,54.98392995726317,1.015372229256942e-05,9.507031564555154e-06,21542.468767950188,5000.0,34722.34827048078,1029.6649886709688,34737.61188402931
2023-08-09 16:52:22+00:00,39.87912716226439,-75.28998156178895,-987.2241520942212,40.1554250319716,-75.13076025698292,54.63371792878024,1.0164309727808886e-05,9.522143165974443e-06,21586.819739179493,5000.0,34736.01680493844,1029.9718009475305,34751.283506997446
2023-08-09 16:52:23+00:00,39.87893136947238,-75.29011073228322,-987.4763179987826,40.15513818195237,-75.13086531533087,54.269699652912095,1.017473188885172e-05,9.538079679525243e-06,21642.551466498724,5000.0,34749.97234678114,1029.934930494708,34765.23182812258
2023-08-09 16:52:24+00:00,39.87873925558411,-75.29023785961652,-987.734067765161,40.15483152442623,-75.13096250670495,53.98187152785249,1.0177092595674186e-05,9.55229733037923e-06,21653.350792437646,5000.0,34763.46578525009,1029.6114135917974,34778.709767115455
2023-08-09 16:52:25+00:00,39.87853854739411,-75.29036205105842,-988.1925130541338,40.154677211718216,-75.13108946801547,53.58807311789133,1.0173434999529775e-05,9.571776732471965e-06,21647.440963448706,5000.0,34778.019452857334,1029.433841006986,34793.2518039969
2023-08-09 16:52:26+00:00,39.87833204151623,-75.29048742070144,-988.5307830922868,40.15463383747401,-75.13124728107037,53.1870777620934,1.0181916249191942e-05,9.589961708372854e-06,21651.56435474536,5000.0,34793.296315321386,1029.1712969315854,34808.51421770519
2023-08-09 16:52:27+00:00,39.87810640258961,-75.290605537026,-988.60428623207,40.154589330979206,-75.13140478229779,52.98422119743191,1.0189072069088424e-05,9.587015795867017e-06,21698.09299362352,5000.0,34810.35686033006,1028.6951825613733,34825.55324071899
2023-08-09 16:52:28+00:00,39.87786177942087,-75.29071550811746,-988.4960388189633,40.154572757014925,-75.13157200603935,52.88146463641897,1.019098392500178e-05,9.598558546052885e-06,21744.720493888737,5000.0,34828.47698101319,1028.0109911071618,34843.64526588461
2023-08-09 16:52:29+00:00,39.8776052016069,-75.29081048063622,-988.3539924114424,40.15440591263568,-75.13169892899677,52.92470450256951,1.0186771347757394e-05,9.602892104803408e-06,21767.42909705724,5000.0,34846.72677389338,1027.5108479042642,34861.87237365398
2023-08-09 16:52:30+00:00,39.87732735583175,-75.29089161003972,-988.132350263936,40.15442353109697,-75.13189086214828,52.95446782885119,1.0200786488042431e-05,9.608523793300485e-06,21806.48532341023,5000.0,34866.27996742541,1026.8048074463147,34881.39628626534
2023-08-09 16:52:31+00:00,39.877028707334446,-75.29095356825201,-987.947908408867,40.15440788115089,-75.13207044351299,52.95019755885005,1.0225136292887532e-05,9.634803955995231e-06,21826.07577974948,5000.0,34887.83975307782,1026.3450737475532,34902.93321265195
2023-08-09 16:52:32+00:00,39.87670944131027,-75.29099536716345,-987.726046447862,40.154327577652985,-75.1322121824447,52.8519342977088,1.0233198836397358e-05,9.667301797633888e-06,21833.993417713707,5000.0,34911.80855099375,1026.2815165524878,34926.889784984545
2023-08-09 16:52:33+00:00,39.876366752058175,-75.29101343979039,-987.5490975174844,40.15422025271943,-75.13229359985041,52.63687853352167,1.02516248721657e-05,9.684064199270126e-06,21826.33951089064,5000.0,34938.55475729008,1026.127251623853,34953.61992218663
2023-08-09 16:52:34+00:00,39.87600256861242,-75.29100508977817,-987.3571818717792,40.15403802040424,-75.13227491521427,52.48696006066166,1.0264282794689938e-05,9.701818842073502e-06,21857.23707856239,5000.0,34968.770919892355,1025.200046870658,34983.79588872558
2023-08-09 16:52:35+00:00,39.87563173532017,-75.29096460498332,-987.1000137383564,40.153867059527,-75.13215103340859,52.29869011323899,1.0263810299758276e-05,9.723100630839151e-06,21890.66916573729,5000.0,35000.34072306385,1024.583394374728,35015.33409611552
2023-08-09 16:52:36+00:00,39.87525414306936,-75.29089024593938,-987.0604745157956,40.15382483149892,-75.13186522350911,51.97125783516094,1.0265036330989275e-05,9.720796658665684e-06,21951.816819430707,5000.0,35033.76642688057,1024.3966668781577,35048.74004275097
2023-08-09 16:52:37+00:00,39.874891410954135,-75.29077829756407,-986.9473189367518,40.15389631669901,-75.13146347506715,51.6009715097025,1.0285209542745017e-05,9.719528788098793e-06,21949.59286199965,5000.0,35067.38850332308,1024.059788843996,35082.337933697105
2023-08-09 16:52:38+00:00,39.87455226096702,-75.290629944422,-986.83864217673,40.15413904500521,-75.13095141765271,51.20339388633147,1.0277459787556297e-05,9.736789997251524e-06,21977.70159135059,5000.0,35100.1907580364,1023.502970825456,35115.109989601806
2023-08-09 16:52:39+00:00,39.87424095573981,-75.29045679250754,-986.682067487238,40.15434614722979,-75.13048617604905,50.97559694922529,1.0298266059612218e-05,9.745553110391283e-06,22024.340766712303,5000.0,35132.337180309936,1022.9055681331372,35147.22537487569
2023-08-09 16:52:40+00:00,39.87396510191341,-75.29026734790503,-986.4983175109452,40.1546664392876,-75.12998865613196,50.72065506107174,1.0291657315635832e-05,9.743888259173666e-06,22033.047417689915,5000.0,35162.64774569764,1021.9027695400068,35177.4939664327
2023-08-09 16:52:41+00:00,39.87379476125312,-75.2900658043052,-986.7340954738262,40.15600551592536,-75.1287844179922,49.78009870531969,1.0312178573816054e-05,9.745719292746424e-06,22063.261780457717,5000.0,35185.5737120032,1021.234249752404,35200.39086197308
2023-08-09 16:52:42+00:00,39.873651257614085,-75.28988380815477,-986.8879205014337,40.15623805689435,-75.1284352833512,49.37308438285254,1.0338943461343506e-05,9.755693800498715e-06,22061.17980627849,5000.0,35206.79444308348,1021.1556385389556,35221.600386632825
2023-08-09 16:52:43+00:00,39.87353606860075,-75.28972035805307,-987.1573539921172,40.15644712721727,-75.12814555809913,48.96196059696376,1.0352335836866094e-05,9.772429812954768e-06,22116.98544978226,5000.0,35227.0218647184,1020.6264070749758,35241.80397936756
2023-08-09 16:52:44+00:00,39.87343361983247,-75.28959115511043,-987.531739614246,40.15633309132271,-75.12800050954388,48.718676725868136,1.0352848725838568e-05,9.776921889036015e-06,22157.112470836,5000.0,35246.91486826985,1020.688769106746,35261.690448622045
2023-08-09 16:52:45+00:00,39.873400868589535,-75.2896433166928,-987.6959383774896,40.16468988551033,-75.12562470344655,50.020917491521686,1.0350320840652171e-05,9.77935845400896e-06,22204.255004228045,5000.0,35264.67943181997,1020.3397817636568,35279.43747708112
2023-08-09 16:52:46+00:00,39.87337365856146,-75.28970426162442,-988.108877009858,40.16466296641913,-75.12567913068273,49.24306812440045,1.0367786960166838e-05,9.799848574867863e-06,22221.93193604631,5000.0,35280.218760425065,1020.1542261927514,35294.96494443177
2023-08-09 16:52:47+00:00,39.87334872145972,-75.28976812302025,-988.7424160101424,40.16463922209024,-75.12574143197978,48.56291852379218,1.0381726882843424e-05,9.824498377917022e-06,22271.98198538842,5000.0,35294.233339692735,1020.30125938663,35308.97791917212
2023-08-09 16:52:48+00:00,39.87332230635625,-75.28983776243854,-989.3692770653856,40.16461193155748,-75.12580954127215,48.124805997824296,1.039123374680293e-05,9.83038559979206e-06,22276.857108459237,5000.0,35307.40262231906,1019.8791146183524,35322.129513139174
2023-08-09 16:52:49+00:00,39.873299162314936,-75.28991131603344,-989.976533427748,40.16457943042081,-75.12588087931299,47.8088929830119,1.040445739314726e-05,9.840900679252472e-06,22286.465778630736,5000.0,35320.31419606695,1020.1685679213284,35335.04406132619
2023-08-09 16:52:50+00:00,39.87327429820842,-75.28998913412494,-990.321132834834,40.16454124510267,-75.12595294231106,47.60003791633062,1.0420948465068412e-05,9.859732005253463e-06,22345.920464224146,5000.0,35333.97460282174,1020.9133972664804,35348.720279489185
2023-08-09 16:52:51+00:00,39.87324785052783,-75.29006798966557,-990.8868731548362,40.16449211184672,-75.12602327274894,47.51367043564096,1.0414094233895723e-05,9.878718691175258e-06,22372.450107033168,5000.0,35346.88951504236,1021.8957533338164,35361.65818113304
2023-08-09 16:52:52+00:00,39.87322149929302,-75.29014593299664,-991.2150231423824,40.164439151408665,-75.12609410219416,47.38284188276157,1.0422818286253143e-05,9.892794514455586e-06,22401.717650651342,5000.0,35359.787537109514,1021.395513871038,35374.53637102939
2023-08-09 16:52:53+00:00,39.8731877930083,-75.29022538843051,-991.4786989910948,40.16437509107945,-75.12616335582669,47.31203047116287,1.0425405901027022e-05,9.909238162657626e-06,22402.676601236035,5000.0,35373.69211352868,1021.5635954452256,35388.440004078446
2023-08-09 16:52:54+00:00,39.873154522686434,-75.29030724123818,-991.671038015182,40.16430209739307,-75.12623187616438,47.31967446091585,1.0433999948688264e-05,9.899804805047688e-06,22423.05914013478,5000.0,35387.54862569514,1021.9359621797856,35402.30149081743
2023-08-09 16:52:55+00:00,39.87312124974014,-75.29038959979276,-991.8785801692164,40.164225326133504,-75.12630143954,47.33064882224426,1.0457867852718668e-05,9.920262275762596e-06,22462.051750680854,5000.0,35400.886879752914,1022.3440937160764,35415.64596783487
2023-08-09 16:52:56+00:00,39.87308966636717,-75.29047530457615,-992.1213293297764,40.16412493936147,-75.1263672543157,47.40172542096116,1.047857913234827e-05,9.924481010400976e-06,22494.46515401757,5000.0,35414.2705653137,1022.6999391994,35429.03434810047
2023-08-09 16:52:57+00:00,39.87306069807342,-75.29056596587839,-992.2541656520104,40.16402588640233,-75.12643816338532,47.45977335073985,1.0493827529026264e-05,9.937399199706038e-06,22535.949492494117,5000.0,35427.361948078214,1023.176789796918,35442.13404047956
2023-08-09 16:52:58+00:00,39.87303075259976,-75.29067109133214,-992.3729116518584,40.16392577894101,-75.12651944738889,47.517138607334346,1.0488354691251088e-05,9.969478872081876e-06,22540.12131641898,5000.0,35441.02809832441,1023.0856826151183,35455.79186790491
2023-08-09 16:52:59+00:00,39.87299966232799,-75.29079202875397,-992.4920502018464,40.16384553234746,-75.1266225488943,47.5243793244008,1.049752476166425e-05,9.973046731782402e-06,22564.49641980666,5000.0,35455.13371117585,1023.5384162418568,35469.90467095846
2023-08-09 16:53:00+00:00,39.87296488689376,-75.29093684732369,-992.6407086045142,40.163754743858846,-75.12674285844102,47.55193629488349,1.0523829583269291e-05,9.981067725817088e-06,22566.758650218795,5000.0,35469.49607905769,1024.2387105564694,35484.2812670412
2023-08-09 16:53:01+00:00,39.87292723260475,-75.29110233748725,-992.8357957608816,40.16365101098615,-75.12688130442449,47.5439682288561,1.0544839972141124e-05,9.990315921471872e-06,22593.2025792891,5000.0,35483.439273278505,1024.692150204222,35498.23173994916
2023-08-09 16:53:02+00:00,39.87288329478788,-75.29128633474035,-992.8616476232172,40.16354072202397,-75.12703916875583,47.50694578094408,1.0558983629294556e-05,9.997352410151965e-06,22602.75359325872,5000.0,35496.93476242209,1025.159361228007,35511.73509198844
2023-08-09 16:53:03+00:00,39.87283058663184,-75.2914829624967,-992.946203559095,40.16343650806984,-75.12721769540994,47.48445320641622,1.0584795353090336e-05,1.0015352866380014e-05,22624.407903264186,5000.0,35510.03731861262,1025.7068033538003,35524.847991451104
2023-08-09 16:53:04+00:00,39.87276865764908,-75.29168766596173,-992.9303369722226,40.16336436523893,-75.12742028363986,47.47617105231621,1.0595996170767296e-05,1.0026360055696372e-05,22669.833146869307,5000.0,35522.338222707054,1026.073412847604,35537.15435226838
2023-08-09 16:53:05+00:00,39.87270740622794,-75.2918917635383,-992.8196336316948,40.16328766234796,-75.12762703151503,47.52798908110708,1.0613352526716331e-05,1.0024520465207135e-05,22704.24968807336,5000.0,35532.85085668484,1025.7237179269598,35547.65251249267
2023-08-09 16:53:06+00:00,39.872647974810405,-75.29209445288004,-992.8613672870118,40.16316488465336,-75.12781420888052,47.679235520539805,1.061609044778223e-05,1.0032694736656772e-05,22721.2326194782,5000.0,35542.124830712826,1025.6501783262538,35556.92050459761
2023-08-09 16:53:07+00:00,39.87258570471471,-75.29230041352268,-992.8080643236552,40.16311095329791,-75.12803057546631,47.69570866785944,1.0625818039403929e-05,1.0046345699049556e-05,22786.701151963105,5000.0,35551.17104752285,1025.636373587467,35565.96256002433
2023-08-09 16:53:08+00:00,39.87251993856847,-75.29251041082483,-992.7788537398304,40.16307724758168,-75.128258736885,47.68296070420183,1.0628716776616284e-05,1.0056264770014458e-05,22805.28124846811,5000.0,35560.910559182375,1025.6944691877818,35575.699697156924
2023-08-09 16:53:09+00:00,39.87244715033686,-75.29272757601625,-992.8243807909566,40.163077153783306,-75.1285071341565,47.58742324216291,1.062424075691577e-05,1.0060288454404031e-05,22869.84228671773,5000.0,35571.673939677894,1025.8937825790956,35586.46434986052
2023-08-09 16:53:10+00:00,39.8723711076735,-75.29295399578824,-992.7908351161436,40.16306219210885,-75.12875993328147,47.46634784433991,1.0629154981466172e-05,1.0077133269503572e-05,22899.31401298246,5000.0,35582.58336887085,1025.822353540906,35597.36718780855
2023-08-09 16:53:11+00:00,39.87229506568177,-75.29318430115919,-992.7118411698052,40.16299997814852,-75.12900242000474,47.42530193156563,1.0631567354784109e-05,1.0105052707236872e-05,22905.67291528565,5000.0,35593.35838563811,1025.6752260093403,35608.133492753084
2023-08-09 16:53:12+00:00,39.872218726711225,-75.29340781746657,-992.5752665462044,40.16292925396592,-75.12924033103488,47.4007951435633,1.0645083232851743e-05,1.012443702734085e-05,22964.50140849169,5000.0,35603.00750450608,1025.503104243193,35617.773652808915
2023-08-09 16:53:13+00:00,39.87214236585336,-75.29362523701177,-992.5389509292048,40.16290110215565,-75.12948243172573,47.35692578484304,1.0655723980056736e-05,1.0111916675004595e-05,22999.133943332545,5000.0,35612.34262943169,1025.5529714344434,35627.10634409221
2023-08-09 16:53:14+00:00,39.8720670478638,-75.29383473408134,-992.4314891595563,40.16293150908727,-75.12972538493959,47.28826301614754,1.0660750895469296e-05,1.0132615851078366e-05,23041.39972905846,5000.0,35621.50019125307,1025.3728983017672,35636.254930281524
2023-08-09 16:53:15+00:00,39.87199086043907,-75.294040180607,-992.5421800073613,40.16299216078357,-75.12996073173062,47.162964425981045,1.0671288574802282e-05,1.0152059226142003e-05,23084.11918040682,5000.0,35631.15650400177,1025.5312072071506,35645.911800227856
2023-08-09 16:53:16+00:00,39.87191590290468,-75.29424415376587,-992.4311715070436,40.16308817655136,-75.13018903488907,47.06041927728802,1.0688913773217555e-05,1.015235626690125e-05,23115.671087078437,5000.0,35641.75992267158,1025.6253340984026,35656.51353836074
2023-08-09 16:53:17+00:00,39.871839120560296,-75.29444418996657,-992.4480955035064,40.16311739453649,-75.1304023107142,47.04912843788043,1.0689794398477022e-05,1.0162602834499952e-05,23185.581492944897,5000.0,35653.16335536453,1025.628018904187,35667.91233135841
2023-08-09 16:53:18+00:00,39.871763643370286,-75.29464556617484,-992.4232017574888,40.16308950181817,-75.13060814811983,47.06819911440834,1.0692155601160873e-05,1.017185004269572e-05,23215.921773898623,5000.0,35665.032345634194,1025.4699269004786,35679.77187127337
2023-08-09 16:53:19+00:00,39.871686665877625,-75.29484477718391,-992.6121039628998,40.16321927520396,-75.13081391715686,47.002983056008816,1.0722811757124122e-05,1.0170264311162976e-05,23243.751508895413,5000.0,35677.13437571493,1025.5850400240436,35691.87221115112
2023-08-09 16:53:20+00:00,39.871614118300016,-75.2950445967839,-992.6923881284551,40.16330924868892,-75.13101608767136,46.904981969622895,1.0737808081737711e-05,1.0165882415379346e-05,23235.653945829843,5000.0,35688.90970400283,1025.6963379505023,35703.64587599076
2023-08-09 16:53:21+00:00,39.87154163985152,-75.29524851189464,-992.7185889616376,40.16334379942428,-75.13121938668453,46.82053329003975,1.0739189331735013e-05,1.0176379535205515e-05,23265.99825693828,5000.0,35700.90393671832,1025.8645034201545,35715.639989760326
2023-08-09 16:53:22+00:00,39.87147786099119,-75.29545475684483,-992.7549781759684,40.16324428997972,-75.13142933204206,46.7751049825456,1.0761798065153238e-05,1.0189873963612657e-05,23297.79003791094,5000.0,35712.10866710058,1026.1931359745056,35726.84953649176
2023-08-09 16:53:23+00:00,39.87142436294963,-75.29566496163628,-992.8802974107846,40.16318279680778,-75.1316412709277,46.681412312434986,1.0790452590311857e-05,1.0195156660165036e-05,23308.274588373097,5000.0,35722.296727166635,1026.234559417663,35737.0345836736
2023-08-09 16:53:24+00:00,39.87137617209524,-75.29588093395702,-993.0886827696312,40.16287575908557,-75.13187175937982,46.63896782603115,1.0792909675082692e-05,1.0207063781994662e-05,23354.831822414028,5000.0,35732.2378795659,1026.3452919122835,35746.97481662071
2023-08-09 16:53:25+00:00,39.87133364289112,-75.29609911800506,-993.3339737878032,40.16233289974412,-75.13212160865015,46.596748628187925,1.0820222834089424e-05,1.0224456912701788e-05,23407.181534951585,5000.0,35741.81992537445,1026.4113634109956,35756.55480978045
2023-08-09 16:53:26+00:00,39.87129394764801,-75.29632024668717,-993.6549696808776,40.162311336540085,-75.13234567420649,46.34712354140356,1.0832788988166684e-05,1.0232105508898111e-05,23448.356212460123,5000.0,35751.13055268555,1026.5555756721058,35765.865740187386
2023-08-09 16:53:27+00:00,39.87125846822259,-75.29654400858186,-993.8505594650412,40.16186499572571,-75.13259376173491,46.25423145946115,1.0834836810844535e-05,1.0235553084088891e-05,23504.575503575838,5000.0,35760.23001331516,1026.4113321575353,35774.95731413229
2023-08-09 16:53:28+00:00,39.87122864176436,-75.29676798639017,-994.050036347342,40.161645473971056,-75.13283372507348,46.081188519485295,1.085540476503657e-05,1.0255080475368068e-05,23561.27471646542,5000.0,35768.82665735801,1026.276791597346,35783.546561193405
2023-08-09 16:53:29+00:00,39.87119756957334,-75.29699771052475,-994.2843086805158,40.161398498682914,-75.13307886983424,45.83173224958591,1.0860345829907537e-05,1.0243682993529597e-05,23583.44722989413,5000.0,35777.863567081484,1026.0789871164236,35792.5740833556
2023-08-09 16:53:30+00:00,39.87116043510242,-75.29724714290259,-994.4826768458367,40.16112675332855,-75.13333712719084,45.59751135087572,1.0873782269895209e-05,1.0249597407256354e-05,23624.805382584447,5000.0,35788.46034044734,1025.939494505402,35803.162505373155
2023-08-09 16:53:31+00:00,39.87110439944915,-75.29752562013108,-994.8261379192338,40.16096047528304,-75.13361480372907,45.34210840542801,1.0881490436598998e-05,1.0263289653406964e-05,23655.208427683498,5000.0,35801.82872680791,1025.8388271858137,35816.52252080107
2023-08-09 16:53:32+00:00,39.87101723771725,-75.29783497081661,-995.1486140479208,40.16085723308005,-75.13392305561912,45.06636613770388,1.0884548949278223e-05,1.026650533440203e-05,23677.389718688937,5000.0,35817.78578815631,1026.0798016729048,35832.47993825788
2023-08-09 16:53:33+00:00,39.87089404651657,-75.2981569274358,-995.3526861116318,40.160522276584416,-75.13423887808018,44.97903444268741,1.089276682194765e-05,1.0270580763352087e-05,23702.175833742385,5000.0,35834.85409938328,1026.586270424509,35849.555753101195
2023-08-09 16:53:34+00:00,39.87073221864465,-75.29848087148443,-995.5485075444634,40.15999904319791,-75.13452247850684,44.98817418492399,1.0886159339568889e-05,1.028181623868105e-05,23712.32480689633,5000.0,35852.02237666651,1027.3694412785198,35866.73941782092
2023-08-09 16:53:35+00:00,39.87053649793865,-75.2987890820605,-995.4658738513028,40.15959128394769,-75.13480513386278,45.01740883407183,1.0897703765855324e-05,1.0272007103086209e-05,23729.841015541355,5000.0,35869.11131016407,1027.6917627403875,35883.83057228067
2023-08-09 16:53:36+00:00,39.870321306379466,-75.29908545358953,-995.2527176489804,40.15925758685156,-75.13509067320607,45.191363759106025,1.0905707862309251e-05,1.0285803430399848e-05,23729.18359098235,5000.0,35885.53426661692,1027.3115312300506,35900.23591263344
2023-08-09 16:53:37+00:00,39.87008225675699,-75.29936534319279,-994.941977525994,40.1591096693167,-75.13542393257644,45.34592801285908,1.0916917944815044e-05,1.0289480399764496e-05,23753.48089833152,5000.0,35902.980664142,1027.0378695900952,35917.66734290141
2023-08-09 16:53:38+00:00,39.86981903484107,-75.29962499780135,-994.498132502852,40.158994589967335,-75.13574820606257,45.47734200302512,1.0925613775880851e-05,1.0295516234654735e-05,23775.391344527896,5000.0,35922.31878618962,1025.582292346441,35936.955992613046
2023-08-09 16:53:39+00:00,39.86953072797853,-75.29985691838927,-993.991422913557,40.15885421736526,-75.13602352346747,45.65494749555364,1.0949741155766664e-05,1.0313084655221732e-05,23798.413016743816,5000.0,35943.72723790762,1025.669743289738,35958.35822413757
2023-08-09 16:53:40+00:00,39.86923122943376,-75.30006973832518,-993.4951344488924,40.15864563145883,-75.13623620940506,45.94908898929134,1.0945277442907825e-05,1.0306745139009535e-05,23828.0931969275,5000.0,35966.8638446175,1025.1342873385545,35981.47016346513
2023-08-09 16:53:41+00:00,39.868920812927314,-75.30027238829712,-992.91340140569,40.15843065100458,-75.13639466404084,46.167709342669696,1.0955295452388254e-05,1.0318542787739202e-05,23862.276655138496,5000.0,35992.50388273148,1024.289789640643,36007.075767432194
2023-08-09 16:53:42+00:00,39.86860642990751,-75.30046919255891,-992.267746856953,40.1582032522709,-75.13651705632834,46.42535311938264,1.0963410010615826e-05,1.0332268232534547e-05,23884.049673709545,5000.0,36020.50285831254,1022.9963228662552,36035.02667741901
2023-08-09 16:53:43+00:00,39.8682895404005,-75.30066676001951,-991.6379891939056,40.15787748155427,-75.13671483499452,47.019708844600245,1.0978002582937787e-05,1.035077198531676e-05,23898.93181398587,5000.0,36049.46009181578,1022.2305182909432,36063.950534348616
2023-08-09 16:53:44+00:00,39.867974836435295,-75.30086388664878,-991.2446671422916,40.15760252496045,-75.1368564067567,47.414428452029824,1.0991429475299578e-05,1.0354825791276688e-05,23910.06103361357,5000.0,36078.72539879559,1022.2194092889764,36093.20377747624
2023-08-09 16:53:45+00:00,39.86787298628415,-75.30117588156389,-990.4447254220374,40.16170190369831,-75.12164742642967,49.44235274149105,1.1014512279076562e-05,1.0376899714331847e-05,23899.15010493188,5000.0,36090.818151898864,1021.9427066924102,36105.2838483399
2023-08-09 16:53:46+00:00,39.867772586588345,-75.30149180428009,-989.731036935508,40.161598673793335,-75.12196203159627,49.68195582181215,1.1026816413283472e-05,1.0384595461728356e-05,23955.866000893016,5000.0,36102.54677562579,1021.898838122588,36117.00653323313
2023-08-09 16:53:47+00:00,39.86766665224592,-75.30181261166703,-989.08434801646,40.16149168194824,-75.12227894503664,49.82605075580068,1.1046499066547136e-05,1.0396365797746375e-05,24001.53626912722,5000.0,36114.88040630197,1021.794726601785,36129.3322831298
2023-08-09 16:53:48+00:00,39.86755902192259,-75.30213797826221,-988.5146069536412,40.161382404966304,-75.12259928065859,49.98149974667467,1.1070007534427926e-05,1.041382636734662e-05,23999.146818912315,5000.0,36127.23619135219,1021.7166733638478,36141.68092087552
2023-08-09 16:53:49+00:00,39.86745107738405,-75.30246603463732,-987.973182560445,40.16127521406021,-75.12292264450893,50.19824806554243,1.109372507276264e-05,1.0433027523546911e-05,24051.580812483437,5000.0,36139.56572723953,1021.9621889141764,36154.01246983572
2023-08-09 16:53:50+00:00,39.86734851826541,-75.3027929672985,-987.255342161483,40.16117841392957,-75.12324387100699,50.231891356175765,1.1112670193682627e-05,1.044826042881833e-05,24111.439973870296,5000.0,36150.85635491833,1022.0654467245224,36165.30150532866
2023-08-09 16:53:51+00:00,39.86724943025385,-75.30312207824997,-986.602014211834,40.16110337981589,-75.12356029002571,50.00296774576418,1.1133139397238566e-05,1.0457666789551825e-05,24118.978233801998,5000.0,36161.52254459488,1022.1058439425648,36175.96457731936
2023-08-09 16:53:52+00:00,39.8671483037348,-75.30345546508302,-986.2718341307116,40.16101923246062,-75.12388772972808,50.197951598092914,1.1153017144854084e-05,1.047579041639446e-05,24167.378290656823,5000.0,36172.33155335039,1022.360731761072,36186.77647250933
2023-08-09 16:53:53+00:00,39.867048051725206,-75.30379296010031,-985.8183913917776,40.1608998152491,-75.12422972693813,50.81317540304735,1.1156894256918898e-05,1.048171217404652e-05,24196.53140707115,5000.0,36183.47270339052,1022.2649618496648,36197.91047186608
2023-08-09 16:53:54+00:00,39.8669481372076,-75.30413556702456,-985.4511437224396,40.16080469369248,-75.12457363471684,51.25320956832729,1.1167524737450542e-05,1.049235847678829e-05,24206.711151951116,5000.0,36194.549940264005,1022.1929266386544,36208.98125821183
2023-08-09 16:53:55+00:00,39.86684560638619,-75.30449125869288,-985.0633676695788,40.1607568742391,-75.12492209901212,51.44113752245903,1.1185286449187807e-05,1.0516744556704216e-05,24217.57326007912,5000.0,36206.03125898003,1021.9979699179275,36220.4525009939
2023-08-09 16:53:56+00:00,39.866740911940894,-75.30485477497322,-984.7249086677328,40.16072722165484,-75.12528095033093,51.55466955644079,1.118074596876498e-05,1.0530854418336591e-05,24271.147958732025,5000.0,36217.64187165024,1021.897241683909,36232.05565125548
2023-08-09 16:53:57+00:00,39.86663358492691,-75.30522919463867,-984.466229304396,40.16065110740077,-75.12565083192166,51.766586078796536,1.1190078130457688e-05,1.0544325269772443e-05,24290.257177346568,5000.0,36229.445258589054,1021.7237493881888,36243.84945290945
2023-08-09 16:53:58+00:00,39.8665234814789,-75.30561114329504,-984.1250575404432,40.16056015570298,-75.12603037432807,52.00390064064413,1.118951489191326e-05,1.0524223714983897e-05,24326.746550350985,5000.0,36240.73727268402,1021.6053899292932,36255.13364532589
2023-08-09 16:53:59+00:00,39.86641188386578,-75.30600218024927,-983.916051597557,40.16046166261591,-75.12642045008344,52.25947971013375,1.1191839502605666e-05,1.054090384170701e-05,24356.27023900097,5000.0,36251.92422922512,1021.6173859059456,36266.31649898655
2023-08-09 16:54:00+00:00,39.86629985778932,-75.30640343626023,-983.6992919141896,40.16032821587734,-75.12681682033507,52.50604226952419,1.1198140293010363e-05,1.0554516064700158e-05,24373.468673926465,5000.0,36263.00864495272,1021.925647358172,36277.40519955423
2023-08-09 16:54:01+00:00,39.86618667639435,-75.30681074516096,-983.4167899084172,40.16015882789463,-75.12721522496919,52.81406509550288,1.1223493128044755e-05,1.0566628891430425e-05,24416.94266469497,5000.0,36273.81070707672,1022.1977812226412,36288.21064087853
2023-08-09 16:54:02+00:00,39.86607502716405,-75.30722871791149,-983.0509654218106,40.16007378945479,-75.1276357739404,52.9851576492656,1.1221933235004198e-05,1.0580696929549416e-05,24459.10136509862,5000.0,36283.95658478631,1022.2407869337802,36298.35370472232
2023-08-09 16:54:03+00:00,39.86596043550208,-75.3076525096369,-982.7760066908093,40.15994884689372,-75.12805511770671,53.1715618961025,1.1235557796029836e-05,1.0571976649144586e-05,24499.440877252317,5000.0,36294.06593380685,1022.2526162983298,36308.45937820893
2023-08-09 16:54:04+00:00,39.865844120118496,-75.30808001909368,-982.766016973924,40.15986981113296,-75.12849154820175,53.24137502186932,1.1231480312592531e-05,1.057345833216087e-05,24557.63354394906,5000.0,36304.0448417412,1022.4406079685496,36318.43962325445
2023-08-09 16:54:05+00:00,39.8657263173739,-75.30851186199098,-982.574686293458,40.15969719023294,-75.1289092040142,53.46232982398942,1.1245407721812951e-05,1.0584817872794894e-05,24603.88585950996,5000.0,36313.96813754324,1022.463085140558,36328.35961965501
2023-08-09 16:54:06+00:00,39.86561337131472,-75.30895267643709,-982.4690236915446,40.15962826927197,-75.12936240732608,53.566447948338464,1.1250698038797131e-05,1.058127099451824e-05,24648.644053217977,5000.0,36323.76117551826,1022.6123001689213,36338.1529780002
2023-08-09 16:54:07+00:00,39.86550031574707,-75.30940128961188,-982.3490288558731,40.15951486245184,-75.12981188121461,53.67547286022455,1.1276077600503416e-05,1.060084883041563e-05,24670.9145539421,5000.0,36333.47237636367,1022.803105053326,36347.86570234472
2023-08-09 16:54:08+00:00,39.86538993593646,-75.30985120567644,-982.0202446266642,40.15921815047154,-75.13021028376433,54.06917310366407,1.1294428457876133e-05,1.0595753663402897e-05,24698.409949359364,5000.0,36342.43594384964,1022.8287960559536,36356.82644399612
2023-08-09 16:54:09+00:00,39.86528159576963,-75.310307914703,-981.9796909146504,40.15916121402462,-75.13068271407539,54.15324055799283,1.131130281626165e-05,1.061620042231445e-05,24731.53210917316,5000.0,36351.08348942772,1023.3121162449704,36365.48416483133
2023-08-09 16:54:10+00:00,39.86517967438103,-75.31077313870244,-981.9075288418604,40.15914098755165,-75.13117205852619,54.1368099199608,1.1320054957301764e-05,1.0617638560300376e-05,24738.680304933558,5000.0,36359.29534941595,1023.645470202832,36373.70215354394
2023-08-09 16:54:11+00:00,39.86507910256071,-75.31124735394332,-981.7992142652644,40.15910185424461,-75.1316637304273,54.13029508874752,1.13309558891255e-05,1.063230753882812e-05,24776.13628628537,5000.0,36367.32693025216,1023.8849030942048,36381.73729148497
2023-08-09 16:54:12+00:00,39.86498130256467,-75.31172592232255,-981.703628109142,40.15896676395008,-75.13213666766647,54.22896028333344,1.1353780977599529e-05,1.06470428831934e-05,24808.410858466577,5000.0,36375.15300987459,1024.1369114368,36389.567363533686
2023-08-09 16:54:13+00:00,39.86488522984734,-75.3122106194244,-981.5954718730724,40.15888686878777,-75.13262796354033,54.248185554752126,1.1367866264270846e-05,1.065409919852281e-05,24856.3780883597,5000.0,36382.627402539445,1024.4566300722054,36397.0477937279
2023-08-09 16:54:14+00:00,39.86479297260166,-75.31270217095874,-981.706715106992,40.15878385857943,-75.13311784368405,54.249009324703366,1.1362169073193006e-05,1.065668010703334e-05,24880.642025490808,5000.0,36389.58382541229,1024.814358404869,36404.01152971881
2023-08-09 16:54:15+00:00,39.864701641599765,-75.31319831671328,-981.6311461296012,40.15862177978291,-75.13360078733379,54.30121735762805,1.1379798910278495e-05,1.065468529629084e-05,24869.702681272596,5000.0,36396.65764540369,1024.9705188594764,36411.08694232094
2023-08-09 16:54:16+00:00,39.86461249094444,-75.31369827281657,-981.7214528162395,40.15849849786994,-75.13409710371351,54.30786411650479,1.1384343728279988e-05,1.0672511805973596e-05,24903.12608014208,5000.0,36403.55852097823,1025.2016755875188,36417.99159022795
2023-08-09 16:54:17+00:00,39.86452370252394,-75.31420482761152,-981.723826260736,40.15845081035961,-75.13461113381199,54.22331580403261,1.1411872965972865e-05,1.0675808585864008e-05,24922.914047408314,5000.0,36410.20735434511,1025.3379519077512,36424.64162489495
2023-08-09 16:54:18+00:00,39.86443862937713,-75.31471443685336,-981.9526981349168,40.15817647721232,-75.13510020020271,54.28956684120931,1.1423653058451304e-05,1.069457431642159e-05,24944.18761029798,5000.0,36416.41578541708,1025.6861214538674,36430.857396939165
2023-08-09 16:54:19+00:00,39.86435422474578,-75.31522354127736,-982.0773717336552,40.158051011047874,-75.1356104629416,54.1990053486079,1.1439510097414844e-05,1.0691635542003762e-05,24930.612972041443,5000.0,36422.14674397349,1025.8328976677446,36436.59021606544
2023-08-09 16:54:20+00:00,39.86427370359712,-75.31573242141636,-982.269453402577,40.15792288309401,-75.13612186835311,54.08141554845497,1.1440043117129164e-05,1.0703382618909348e-05,24959.311983536245,5000.0,36426.93187761428,1026.2259072906136,36441.384518554536
2023-08-09 16:54:21+00:00,39.86418567089527,-75.31623888984005,-982.1943952637456,40.15732282029293,-75.13660070321718,54.2971120767761,1.1456046638430571e-05,1.0708369925747266e-05,24953.989549923797,5000.0,36432.90764468165,1026.1944244969989,36447.35702959505
2023-08-09 16:54:22+00:00,39.86409001512632,-75.31674094754896,-982.1903467223526,40.15647155731649,-75.13707650735155,54.73535965080373,1.1466349422298658e-05,1.0717866541291716e-05,24945.102872662643,5000.0,36439.65254703655,1026.2938996621792,36454.10205885246
2023-08-09 16:54:23+00:00,39.86397268333327,-75.31723631625701,-982.0656546181776,40.155156300880094,-75.13755023249706,55.47752162162215,1.1483087520361924e-05,1.0744300619984392e-05,24975.51516129981,5000.0,36448.14325138584,1026.4941213527898,36462.59503456542
2023-08-09 16:54:24+00:00,39.8638413830334,-75.31772573582771,-982.0710424432042,40.15390699116244,-75.1380393668395,56.16607581730932,1.1474922054637758e-05,1.0771277992207517e-05,25027.46660587628,5000.0,36457.995304271375,1026.9951788953967,36472.45728907977
2023-08-09 16:54:25+00:00,39.8637007882892,-75.31820598214338,-981.9485213178024,40.152739991602566,-75.13853812114318,56.80955961020664,1.1493801556225656e-05,1.0776051441764422e-05,24971.444112890134,5000.0,36468.37353224191,1027.2307398929963,36482.83803489119
2023-08-09 16:54:26+00:00,39.86355391530595,-75.31868128873055,-981.5876331076016,40.15198842379148,-75.13903547138943,57.265107025858015,1.1502988686545856e-05,1.0779170494353585e-05,25008.984679838228,5000.0,36478.89160542107,1027.1241828322916,36493.34893986874
2023-08-09 16:54:27+00:00,39.86339872752342,-75.31915538477341,-981.4089607243686,40.15132353359892,-75.13953528665695,57.677777053555474,1.1541908772053608e-05,1.078386527279789e-05,25020.863347823422,5000.0,36490.50177403288,1027.2965984652687,36504.95936200881
2023-08-09 16:54:28+00:00,39.86323874489507,-75.31962459451617,-981.231401668274,40.15077001813683,-75.14003502396761,58.028703317279,1.1549449067972756e-05,1.080079306303174e-05,25033.24184241864,5000.0,36503.37637598357,1027.0496195236292,36517.82191981989
2023-08-09 16:54:29+00:00,39.86307233676584,-75.32009382838123,-980.9274069023902,40.14978150333445,-75.1405694829351,58.54083315609023,1.15658386671917e-05,1.0814176627967376e-05,25078.578746261577,5000.0,36516.85821015271,1026.4290225993427,36531.28098053546
2023-08-09 16:54:30+00:00,39.8628979598488,-75.32056162034839,-980.6492943061417,40.14850115719385,-75.14113678592445,59.12954029487446,1.1575605460848345e-05,1.0818287687627529e-05,25099.94703446112,5000.0,36531.18918514217,1025.8511352746414,36545.590073665415
2023-08-09 16:54:31+00:00,39.862714543220434,-75.32103212480223,-980.4827072247224,40.14798862828624,-75.14164346264727,59.47499453858472,1.1594633753413622e-05,1.0828004588563882e-05,25144.9872951498,5000.0,36546.6098667073,1025.5452867567549,36560.9961008244
2023-08-09 16:54:32+00:00,39.862533246956,-75.32149586232683,-980.2575130476512,40.14903012166103,-75.14199359988866,59.39422254101373,1.1602412723929516e-05,1.0848278618189802e-05,25153.07716322854,5000.0,36561.45887249755,1025.3225392452848,36575.8330212015
2023-08-09 16:54:33+00:00,39.86234435955628,-75.32195730754839,-980.0996148306016,40.15040648523695,-75.14229867889239,59.19393348344602,1.1605633567829136e-05,1.0850043598557532e-05,25168.774258759942,5000.0,36576.60168462778,1025.3786508147953,36590.97145708846
2023-08-09 16:54:34+00:00,39.862147967193806,-75.32241628709785,-980.107521836057,40.15145033711974,-75.142631091993,59.01193631533533,1.1616097164434529e-05,1.0861106008903597e-05,25210.38359913754,5000.0,36592.34439126667,1025.239965722486,36606.70409960968
2023-08-09 16:54:35+00:00,39.8619446130043,-75.32287527706089,-979.9200529117252,40.15167720036892,-75.14304829048626,58.99363768030889,1.162640120121951e-05,1.0874542441841376e-05,25243.4721855291,5000.0,36608.4086920769,1025.5144080402763,36622.76978557506
2023-08-09 16:54:36+00:00,39.86173593896699,-75.32333164514617,-979.9064410116492,40.15176581169305,-75.14347957332653,58.97341438475996,1.1631298138833384e-05,1.0889232511723222e-05,25265.379923732435,5000.0,36624.765713681896,1025.7621214891064,36639.12733010942
2023-08-09 16:54:37+00:00,39.86152213027974,-75.32378463575583,-979.9304685738844,40.151644096629816,-75.14392985304731,58.95646897773258,1.1631205397771797e-05,1.0898912845631126e-05,25272.594384027285,5000.0,36641.74121030435,1025.6477547752704,36656.09297565402
2023-08-09 16:54:38+00:00,39.86130263536972,-75.32423334687891,-980.031367234355,40.151283375179865,-75.14440126241519,58.97852098429576,1.1647002112567942e-05,1.0909990629824548e-05,25320.619698401577,5000.0,36658.78869427447,1025.7265317341887,36673.13599147705
2023-08-09 16:54:39+00:00,39.86108511528382,-75.32467827958382,-979.95536605459,40.15082780648143,-75.14487866779201,59.04938859120011,1.1649930410072055e-05,1.091069856372442e-05,25349.14715315376,5000.0,36675.59783024254,1025.8076527863925,36689.94082233176
2023-08-09 16:54:40+00:00,39.86086939551932,-75.32512313652208,-979.9910949216444,40.15026927676669,-75.14536819608762,59.21999709564261,1.1646065281332682e-05,1.09136457003338e-05,25398.66141179586,5000.0,36692.87449969634,1026.1142830419546,36707.219311360655
2023-08-09 16:54:41+00:00,39.86065577260919,-75.32556987124337,-980.082322598071,40.14979310827776,-75.14585085333965,59.38229496963322,1.1647016915220391e-05,1.0924899089322977e-05,25400.93911970359,5000.0,36709.62443851227,1026.3985449580227,36723.97065119333
2023-08-09 16:54:42+00:00,39.86044210238158,-75.32601896558238,-980.0791918361174,40.1493383935614,-75.14633342721535,59.55748923425563,1.1645576206316204e-05,1.0942761478876632e-05,25391.80291545623,5000.0,36726.49800884024,1026.57514530947,36740.84256685349
2023-08-09 16:54:43+00:00,39.860239909304994,-75.32646696282563,-980.1083994031368,40.14874147133834,-75.14683036558252,59.903579177334905,1.166128427460995e-05,1.095117170419994e-05,25386.476887107776,5000.0,36742.38320558524,1026.9269410978825,36756.73139124894
2023-08-09 16:54:44+00:00,39.86003902827851,-75.326914686012,-980.1655347521817,40.14841238286899,-75.14729722010134,60.041337818373,1.1685697769039196e-05,1.0973791812113886e-05,25398.83426061642,5000.0,36757.36643632774,1027.2752030702484,36771.7185031828
2023-08-09 16:54:45+00:00,39.85988855707535,-75.32725165116075,-980.1720995937894,40.15609347587189,-75.13638477143897,59.80691951420158,1.1689977103356704e-05,1.0975518076995193e-05,25414.78549359237,5000.0,36762.869938325086,1027.8254071556407,36777.235230095815
2023-08-09 16:54:46+00:00,39.8597364240009,-75.32758590570526,-980.1449213652922,40.15594219118383,-75.13672059921728,59.87185004143976,1.1701523637652092e-05,1.0985277647534743e-05,25466.71633972789,5000.0,36768.56086677572,1028.2305161175393,36782.93525818822
2023-08-09 16:54:47+00:00,39.8595849706993,-75.32790989534267,-980.1337077326834,40.155789192278384,-75.13705242076281,60.03840385307558,1.173010796615374e-05,1.1004447792332387e-05,25512.71993828966,5000.0,36773.39109607289,1028.588818366111,36787.77361654278
2023-08-09 16:54:48+00:00,39.85942811812724,-75.32823093687452,-980.102344774356,40.15563445289199,-75.13738075259194,60.33775270055048,1.1756515954683472e-05,1.1023198872308976e-05,25569.799601158426,5000.0,36778.69765765126,1028.6534215783029,36793.07990987771
2023-08-09 16:54:49+00:00,39.85927576688451,-75.32854671027229,-980.0248416897814,40.15547783482838,-75.13770451831621,60.6527935215272,1.1758020531613744e-05,1.1016895136911625e-05,25613.290696603213,5000.0,36783.50821585323,1028.636997171264,36797.88812877298
2023-08-09 16:54:50+00:00,39.85912034910035,-75.32885652186215,-979.9470761973388,40.1553208626238,-75.13802214253981,60.89556260989048,1.1783427383394686e-05,1.1019617019797632e-05,25648.855218171517,5000.0,36788.243377294304,1028.7026975967349,36802.62327643345
2023-08-09 16:54:51+00:00,39.85896983592642,-75.32916029040982,-979.8981784554912,40.15516127782183,-75.1383373484329,61.22606025869027,1.1790756475575034e-05,1.1016114193046428e-05,25694.64715744324,5000.0,36792.62669457025,1028.7848379021757,36807.0071770132
2023-08-09 16:54:52+00:00,39.858822959693725,-75.32945929381492,-979.8343834190778,40.15500358107692,-75.13864591215044,61.4337236690335,1.1798320603442116e-05,1.101695591273091e-05,25714.98772061969,5000.0,36796.72434895587,1028.789397426414,36811.10335805352
2023-08-09 16:54:53+00:00,39.85867701592675,-75.32975451009409,-979.8031903200016,40.15484465140448,-75.13895100908006,61.58882735855877,1.1804339376052012e-05,1.101985889048146e-05,25706.13087469797,5000.0,36800.887120613326,1028.7817460579424,36815.26429003527
2023-08-09 16:54:54+00:00,39.858527414872526,-75.33004613863233,-979.8497321489224,40.15467269355475,-75.13925847890012,61.76294408808462,1.18084039416872e-05,1.1031587340972283e-05,25704.256669567603,5000.0,36805.45849569932,1028.8949424731702,36819.83704311158
2023-08-09 16:54:55+00:00,39.85837364533359,-75.33032987658356,-979.9891416992324,40.15451924608463,-75.13954996964601,61.71694064093754,1.1824958220952032e-05,1.1040288740117208e-05,25693.113590747773,5000.0,36810.16640799237,1029.1279763541238,36824.54962896091
2023-08-09 16:54:56+00:00,39.85821435069346,-75.33060898408118,-980.226651611672,40.154364641351016,-75.13983339373173,61.52951778750867,1.1836082429779909e-05,1.1050494253064589e-05,25743.205195862367,5000.0,36815.09033535543,1029.3973470417131,36829.47916137937
2023-08-09 16:54:57+00:00,39.85805250561802,-75.33088793843858,-980.4621190048028,40.15417723595125,-75.14012545185359,61.358693291200325,1.185407313138101e-05,1.1053257108511538e-05,25752.242502626053,5000.0,36819.84846116741,1029.619337676718,36834.241633076286
2023-08-09 16:54:58+00:00,39.85788954758895,-75.33116192232447,-980.7002560809956,40.1539900133541,-75.14041348289857,61.12992122001015,1.187287491915099e-05,1.1062576875002831e-05,25802.438050351007,5000.0,36824.46713756338,1029.8354806323605,36838.86454659881
2023-08-09 16:54:59+00:00,39.85772129154546,-75.33143188209073,-980.8963449928287,40.15379563227347,-75.1406993482433,60.89916146942414,1.1879317181159644e-05,1.1072421634247766e-05,25854.201076284917,5000.0,36829.11856118494,1030.0688441977609,36843.52067620037
2023-08-09 16:55:00+00:00,39.85755384883801,-75.33169511599375,-981.198500062457,40.15361935615503,-75.140971383122,60.629077300429344,1.1891000810481082e-05,1.1072515730198885e-05,25884.85263013145,5000.0,36833.21906156763,1030.504162635716,36847.63174569891
2023-08-09 16:55:01+00:00,39.85738372813948,-75.33194957925254,-981.5574995510226,40.15343037786076,-75.14124262800992,60.34507079841569,1.1890025503298944e-05,1.1087332735417468e-05,25937.309792292457,5000.0,36837.70994027383,1031.1154573455597,36852.13796688228
2023-08-09 16:55:02+00:00,39.857213745579934,-75.3322023784398,-981.8968052723854,40.15318517265216,-75.14153241037477,60.13130463426933,1.1909955661287656e-05,1.1103078943857307e-05,26004.3301447066,5000.0,36842.01683104548,1031.4467399250836,36856.45244128008
2023-08-09 16:55:03+00:00,39.857043454306506,-75.33244977345605,-982.158336766562,40.15291259541043,-75.14183036612151,59.94509421265684,1.191588977459866e-05,1.1112661967641944e-05,26019.879418692944,5000.0,36845.9281796627,1031.62887865345,36860.36735525208
2023-08-09 16:55:04+00:00,39.85687033795188,-75.33269831715386,-982.5788962205472,40.15265710052018,-75.142119297214,59.755916772875935,1.194176612804023e-05,1.111722974656036e-05,26057.26862859947,5000.0,36850.32178748738,1032.2139416420457,36864.77561931834
2023-08-09 16:55:05+00:00,39.85669757319402,-75.33294322768754,-983.026919297572,40.15244640081528,-75.14238501675236,59.48828463931568,1.195302669708734e-05,1.1142160456822213e-05,26034.67587228333,5000.0,36854.41854948101,1032.0146228551598,36868.86519547512
2023-08-09 16:55:06+00:00,39.85652356296394,-75.33318379493397,-983.2234340732192,40.152254795958086,-75.14263755449254,59.1758205962833,1.1950769767728638e-05,1.116183992203576e-05,26057.55514735065,5000.0,36858.223841315295,1031.716190376542,36872.660644900425
2023-08-09 16:55:07+00:00,39.85634666377473,-75.3334163899826,-983.4464298392164,40.15204927225592,-75.14289189774719,58.91524459701032,1.1980877380755533e-05,1.1179088794245784e-05,26035.968661445837,5000.0,36862.0331318441,1031.5295610974529,36876.46322315346
2023-08-09 16:55:08+00:00,39.85616894186879,-75.33364894218167,-983.7125966723696,40.151802056635496,-75.14316040288884,58.68877714988776,1.1995327787159892e-05,1.1180257482295111e-05,26052.32538528884,5000.0,36865.581666876176,1031.402323480367,36880.00681114359
2023-08-09 16:55:09+00:00,39.85598963029945,-75.33387693066032,-984.107907742019,40.15160241221543,-75.14340312348273,58.346812868490815,1.2021380865744842e-05,1.120115533495502e-05,26077.814921708337,5000.0,36868.63135952504,1031.540108236666,36883.05916432983
2023-08-09 16:55:10+00:00,39.85580616128048,-75.33409520211933,-984.4989138771203,40.15146003420411,-75.14361242100614,57.923809190513566,1.2020340024123785e-05,1.1201273445624256e-05,26133.877214295226,5000.0,36871.94399076088,1031.5778300075183,36886.37155477847
2023-08-09 16:55:11+00:00,39.85561984620988,-75.33430514084091,-984.9580778365772,40.15125818948263,-75.14383790437702,57.55676402663812,1.203532807910911e-05,1.1200515792259475e-05,26155.19584493291,5000.0,36875.02186649523,1031.6442285777027,36889.4500835789
2023-08-09 16:55:12+00:00,39.85543451969863,-75.33452187845015,-985.4855042261488,40.15071693096675,-75.14421003462745,57.59095781156793,1.2022343602828842e-05,1.120535323284432e-05,26146.954598691467,5000.0,36877.88494124112,1031.979191930018,36892.32140692688
2023-08-09 16:55:13+00:00,39.8552521770371,-75.33475449563039,-985.6898095144649,40.14989711212353,-75.14472029069623,58.03988108923659,1.202658956471452e-05,1.1211885764897856e-05,26165.634682264117,5000.0,36881.776557082965,1031.944471713076,36896.21052898649
2023-08-09 16:55:14+00:00,39.85507045430445,-75.33500161753801,-985.8901947505236,40.14912614660022,-75.14522666351232,58.48791705677286,1.203340295158942e-05,1.1232916080643607e-05,26172.31063112246,5000.0,36886.15929734937,1031.8927302587776,36900.59010796703
2023-08-09 16:55:15+00:00,39.85489101372215,-75.33525882876923,-986.1336629157586,40.148560601183966,-75.14565062924562,58.709790990222245,1.204365368994216e-05,1.12477495471515e-05,26172.764845420053,5000.0,36890.17715346035,1031.9118091957664,36904.60692644816
2023-08-09 16:55:16+00:00,39.85470938621188,-75.33552566536986,-986.3317281023124,40.14798331450413,-75.14608091323743,58.97878470551223,1.206130726857113e-05,1.1247077816025824e-05,26198.185124472388,5000.0,36895.06684714291,1031.775139232092,36909.49088775245
2023-08-09 16:55:17+00:00,39.85453537713039,-75.33580097105497,-986.4214203708316,40.14741500349493,-75.14650500236772,59.27897961507552,1.2066379113694472e-05,1.1258294739016787e-05,26228.581139551028,5000.0,36899.29759455832,1031.5979979934637,36913.71503115395
2023-08-09 16:55:18+00:00,39.85436110751158,-75.3360750666389,-986.5658034168828,40.14702046210317,-75.14685880233141,59.42705861129798,1.207281100850132e-05,1.128117704188248e-05,26292.611729625496,5000.0,36902.941243776346,1031.5018429313698,36917.35457062952
2023-08-09 16:55:19+00:00,39.854188551562736,-75.33635098311444,-986.5216218602014,40.14658940291992,-75.14721773827719,59.60824743192643,1.2087843586883656e-05,1.1293338663111945e-05,26295.09726924978,5000.0,36906.65567083832,1031.244988299496,36921.06037252607
2023-08-09 16:55:20+00:00,39.85401987903325,-75.3366293906401,-986.5518615658966,40.14619732634099,-75.1475609890504,59.7479555120226,1.2105637363967334e-05,1.1306522383692004e-05,26319.755275790365,5000.0,36909.95500346586,1031.195822716333,36924.35704494612
2023-08-09 16:55:21+00:00,39.85385500796917,-75.3369071505993,-986.6081766228244,40.14584289000744,-75.14789146281751,59.83063782728277,1.2123740618214862e-05,1.131598360724718e-05,26346.53047422864,5000.0,36912.92222102605,1031.2093066770417,36927.32348180268
2023-08-09 16:55:22+00:00,39.853691247550685,-75.33718648011694,-986.7633429583916,40.14554526943356,-75.14820378722453,59.83330121869221,1.2115848584019032e-05,1.1320748273121506e-05,26360.98873897774,5000.0,36915.79600583078,1031.211113255814,36930.19619639481
2023-08-09 16:55:23+00:00,39.85352771710563,-75.33746571631363,-986.849445261107,40.14554348476315,-75.14845488672297,59.63613141491078,1.2127229121687817e-05,1.1322431933232338e-05,26391.233686950996,5000.0,36918.89402955439,1031.2679899660848,36933.29460030063
2023-08-09 16:55:24+00:00,39.85336204816288,-75.33774075464814,-987.0149543500784,40.14584827299191,-75.1486568796459,59.27799314144068,1.213066735494253e-05,1.132953633852659e-05,26408.24011399833,5000.0,36921.42839224416,1031.219795173213,36935.82662929814
2023-08-09 16:55:25+00:00,39.85319376342003,-75.33800022471475,-987.1941842292524,40.14674849184114,-75.14877656553763,58.63193419785239,1.215448303435598e-05,1.1356776985435351e-05,26434.66291601501,5000.0,36923.52930180746,1031.014777689601,36937.92099690031
2023-08-09 16:55:26+00:00,39.85302548924967,-75.33824985916996,-987.3806247458152,40.14793751275799,-75.14886656987184,57.85716302064248,1.2150522382162884e-05,1.1355136058509064e-05,26472.85333896979,5000.0,36925.702668294165,1030.8625525161856,36940.08926829288
2023-08-09 16:55:27+00:00,39.85286469627673,-75.33847835034831,-987.655064406326,40.14937895885696,-75.14891833156668,56.94566509919241,1.2172683656916283e-05,1.135524668242434e-05,26493.70031270988,5000.0,36925.728375574574,1031.1633176954392,36940.12336003325
2023-08-09 16:55:28+00:00,39.852710184642376,-75.33869024101477,-988.2834711638204,40.150997655535264,-75.14892072071548,55.87575577478856,1.2178622670729574e-05,1.137870698851866e-05,26508.53630767914,5000.0,36924.53717531779,1031.7194595737085,36938.94815306316
2023-08-09 16:55:29+00:00,39.85256503815987,-75.33888276893964,-988.7779900334737,40.15259008929411,-75.14887660004466,54.7678614766337,1.2195748520109902e-05,1.1378514253463432e-05,26497.696406300547,5000.0,36922.32045989137,1032.0652698848378,36936.74196331095
2023-08-09 16:55:30+00:00,39.85243069554363,-75.33905860380055,-989.257208855898,40.153620858179664,-75.14886674954784,53.83207761566155,1.2204143700138176e-05,1.1383583097459076e-05,26474.569523862083,5000.0,36918.0446260443,1032.2328283664672,36932.472481849305
2023-08-09 16:55:31+00:00,39.85230176077948,-75.33922623725738,-989.864681445597,40.15424814918969,-75.1488889009719,52.99856392247602,1.2217807711681396e-05,1.137803000739971e-05,26528.399491417076,5000.0,36912.83318281321,1032.832361676756,36927.2798384815
2023-08-09 16:55:32+00:00,39.85217482897508,-75.33938685852956,-990.4825461318014,40.15390508246974,-75.14910500742351,52.44569462328218,1.221978807721682e-05,1.1388380468190522e-05,26546.69489768084,5000.0,36907.80502273237,1033.471281308692,36922.271523909774
2023-08-09 16:55:33+00:00,39.85202607036382,-75.33956050252154,-991.143041839159,40.15243022622363,-75.14962940120014,52.22853615065105,1.2238829961191328e-05,1.1406805639220569e-05,26562.766261852485,5000.0,36904.88946596972,1034.1065305950872,36919.37489736333
2023-08-09 16:55:34+00:00,39.85183932277568,-75.33977007926727,-991.75308473102,40.14957734950544,-75.15063292415928,52.5730199161917,1.2229801473715568e-05,1.1410032189284843e-05,26571.51066594435,5000.0,36907.368679822095,1034.5514663027625,36921.86560298304
2023-08-09 16:55:35+00:00,39.85159929484702,-75.34001611640284,-992.2840990016344,40.146736947554125,-75.15174232588947,53.0502927149646,1.2243948360826072e-05,1.1424861502241896e-05,26615.560927814684,5000.0,36916.86983069923,1035.0016400212382,36931.3756376829
2023-08-09 16:55:36+00:00,39.8513252389795,-75.34029208720581,-992.7065075452743,40.1445384787475,-75.15270589282561,53.38684773119167,1.2240698705480558e-05,1.1418285088826654e-05,26633.385318386423,5000.0,36930.16431251486,1035.45605663807,36944.67763284144
2023-08-09 16:55:37+00:00,39.85102706408479,-75.34058705701676,-993.0208266904016,40.14315834426849,-75.1534120853605,53.46373561862856,1.224029847445918e-05,1.1416145659363156e-05,26661.27569835029,5000.0,36946.39098833419,1035.520179897287,36960.89973344583
2023-08-09 16:55:38+00:00,39.85071438794069,-75.34089134553928,-993.3494113176932,40.14217054233376,-75.15398655704692,53.37808984471485,1.2245096010779715e-05,1.1419871429162576e-05,26679.391259437736,5000.0,36964.8511917263,1035.4830133015266,36979.35165328491
2023-08-09 16:55:39+00:00,39.85039652879016,-75.34119500244367,-993.7809332848184,40.14158526632528,-75.15441545949288,53.11157987476327,1.2266374386572192e-05,1.144103777745117e-05,26719.571499859336,5000.0,36983.56511355564,1035.721574180954,36998.0649181526
2023-08-09 16:55:40+00:00,39.8500696044312,-75.3414966884377,-994.114143016232,40.14119958908832,-75.15476406844611,52.77963219326921,1.2270488829718348e-05,1.1460102348570617e-05,26779.89970148632,5000.0,37003.31174197879,1035.3437899711057,37017.7932437564
2023-08-09 16:55:41+00:00,39.84973487209571,-75.34180464516473,-994.5411868128556,40.140653176872895,-75.15516856705639,52.50517086475156,1.2275617905050584e-05,1.1484627010775124e-05,26800.01783922562,5000.0,37024.45734832002,1035.3968103249802,37038.93206468566
2023-08-09 16:55:42+00:00,39.84939822757943,-75.34211972539657,-995.098496097118,40.13998202699373,-75.15560803661876,52.27665299316868,1.2307279855236311e-05,1.1487962423852322e-05,26822.02251365257,5000.0,37046.36510944988,1035.3446362527748,37060.829811790274
2023-08-09 16:55:43+00:00,39.84906427465815,-75.34243991005002,-995.4195965610412,40.13932323265329,-75.15600857902207,52.14241545693949,1.230810446612132e-05,1.1487277587965774e-05,26843.02145488106,5000.0,37067.68962007063,1035.0698104193216,37082.13833211798
2023-08-09 16:55:44+00:00,39.84874190592823,-75.34276249391706,-995.8187574917044,40.13878092964042,-75.15633055298895,52.029614437837154,1.2308631196532553e-05,1.1490760680509576e-05,26832.388221120706,5000.0,37087.914297212,1035.2984132292245,37102.3615113887
2023-08-09 16:55:45+00:00,39.84858714028304,-75.34302161726823,-996.1362565067844,40.14781341542449,-75.15126798584352,52.524321218254045,1.233391709607934e-05,1.1498078127537504e-05,26838.45175028685,5000.0,37088.99419201739,1035.3292755760767,37103.44184687405
2023-08-09 16:55:46+00:00,39.848432828803766,-75.34327988363225,-996.2224695219488,40.147657370990046,-75.15152885704813,52.45312021882273,1.2335910804428224e-05,1.1490966666422529e-05,26848.155506508818,5000.0,37090.1315215372,1034.7306086383226,37104.562033763184
2023-08-09 16:55:47+00:00,39.84827853114979,-75.34354094511781,-996.2712618797178,40.14750151331859,-75.15178929219454,52.28406349360012,1.233696477889582e-05,1.149102954652244e-05,26851.127553949937,5000.0,37091.192542825615,1034.4959599224935,37105.61609972348
2023-08-09 16:55:48+00:00,39.84812326701841,-75.34379588399588,-996.4899288504251,40.14734528024519,-75.15204778092046,52.0919475806877,1.234985520768413e-05,1.1481438513120966e-05,26861.698713565205,5000.0,37091.91568431785,1034.480262009231,37106.338522482
2023-08-09 16:55:49+00:00,39.84796490366083,-75.34405077299422,-996.7693585378512,40.147187996421565,-75.15230246184926,51.59575643064454,1.235622894636342e-05,1.1482239492671367e-05,26872.63208483569,5000.0,37092.510719229045,1034.289268021645,37106.92800200613
2023-08-09 16:55:50+00:00,39.847802968248416,-75.34430330594488,-996.9051581066165,40.14702936377732,-75.15255552527721,51.08536006230861,1.2378095090710658e-05,1.1492923575308433e-05,26889.13408218451,5000.0,37093.53909640961,1033.9847624978763,37107.94749357536
2023-08-09 16:55:51+00:00,39.84764159576437,-75.34454882612054,-997.212339099253,40.14687335081744,-75.15280536829432,50.55255441903137,1.2398657159829557e-05,1.149236987153083e-05,26987.99736704392,5000.0,37094.36147266925,1034.032573306872,37108.77088274022
2023-08-09 16:55:52+00:00,39.84747315265504,-75.34479011764495,-997.4245775813522,40.146722386294506,-75.1530493007632,49.95132070523687,1.2404639990824962e-05,1.1505488878377348e-05,27038.68480818277,5000.0,37095.20070569168,1034.1680812646389,37109.6135659731
2023-08-09 16:55:53+00:00,39.84730197287044,-75.34502878323843,-997.8040094522298,40.14658157179787,-75.15328774665251,49.22174971248023,1.240709076139361e-05,1.1509007955165389e-05,27050.289686804088,5000.0,37096.51955834581,1035.0422715364166,37110.9562777167
2023-08-09 16:55:54+00:00,39.84713162511426,-75.34526307956513,-998.3138285399314,40.1464373307424,-75.15352342945016,48.5725132569205,1.2420061290343404e-05,1.1525993380511768e-05,27072.053544962208,5000.0,37097.98386997152,1035.433427523737,37112.43093088218
2023-08-09 16:55:55+00:00,39.84695790342438,-75.34549675370037,-998.8351056643014,40.14629133315604,-75.15375502930881,47.956123523646966,1.242278945338651e-05,1.1538480063480584e-05,27106.625677178698,5000.0,37099.90511732706,1035.648489742783,37114.35743090506
2023-08-09 16:55:56+00:00,39.84678037104664,-75.34572422394552,-999.2009483912436,40.14613803555488,-75.15398271589928,47.398388649336994,1.2422644410887054e-05,1.1544312165908376e-05,27164.856074554416,5000.0,37102.190446795736,1034.8997548482184,37116.62098646488
2023-08-09 16:55:57+00:00,39.846602060804926,-75.34594698812803,-999.7465663828904,40.14599360794487,-75.1542045515556,46.76589615643024,1.2427543744144328e-05,1.154535013805056e-05,27177.221173197,5000.0,37104.35555649046,1034.462173850393,37118.77305692622
2023-08-09 16:55:58+00:00,39.84642464536488,-75.34616410199288,-1000.1945159631788,40.14579310954271,-75.15442919490992,46.31914822361432,1.2442846273347047e-05,1.1547062611978924e-05,27226.57995278826,5000.0,37106.21225027215,1034.4743034323797,37120.629367599744
2023-08-09 16:55:59+00:00,39.84624739743417,-75.34637717970367,-1000.7478711168744,40.14551124647038,-75.1546612420826,46.098076049936935,1.2454378421835496e-05,1.1569890455266082e-05,27234.19931076676,5000.0,37108.048375437815,1034.667012048108,37122.47015029648
2023-08-09 16:56:00+00:00,39.84606734368006,-75.34659254570869,-1001.1555656371622,40.14507027780154,-75.15491715781488,46.1945554590784,1.2457989859252544e-05,1.1589814022918764e-05,27259.109651138184,5000.0,37110.19179794913,1034.8724226544623,37124.618465537686
2023-08-09 16:56:01+00:00,39.84588937029387,-75.34681134957236,-1001.4501070774096,40.14450822501988,-75.15520017335658,46.521261458517984,1.2471612693357829e-05,1.1605801522962496e-05,27272.75897439017,5000.0,37112.18373804544,1034.6025591780754,37126.60211037232
2023-08-09 16:56:02+00:00,39.84571220018928,-75.34703031326458,-1001.7974038286272,40.14405153595197,-75.15547264887917,46.63570595881902,1.2484734341428834e-05,1.16076645557261e-05,27284.14375499753,5000.0,37114.36935629344,1034.407196542766,37128.781436557176
2023-08-09 16:56:03+00:00,39.84553540751958,-75.34725111232456,-1002.1312068056152,40.14372230365845,-75.15572438662343,46.49303674744442,1.2489635740056336e-05,1.1619237598607544e-05,27346.241323541984,5000.0,37116.72149560627,1034.590118539003,37131.13775924162
2023-08-09 16:56:04+00:00,39.84535664648169,-75.3474650117767,-1002.4194914689216,40.14355956639735,-75.15593999531836,46.12021683808416,1.2486772032152604e-05,1.1625253979818211e-05,27373.37658355808,5000.0,37118.74008440537,1034.7007351003292,37133.15864648279
2023-08-09 16:56:05+00:00,39.84517731596528,-75.34767211872654,-1002.7013186854888,40.143320070383126,-75.15616516602799,45.86699492088519,1.249401754471523e-05,1.1629214172908209e-05,27437.38454017396,5000.0,37120.89363041131,1034.7157769308606,37135.3117754428
2023-08-09 16:56:06+00:00,39.84499672169002,-75.34787498845247,-1002.9768802618636,40.14322183263607,-75.15635407928873,45.45123439724557,1.249673133952123e-05,1.1640082424770595e-05,27509.723890640194,5000.0,37123.25645702912,1034.5193211093615,37137.66821167024
2023-08-09 16:56:07+00:00,39.84481282106528,-75.34807877549058,-1003.2100331335276,40.14290977670084,-75.15659145295841,45.27399228862487,1.253443489750024e-05,1.1664796927645098e-05,27538.84393226856,5000.0,37126.16315014552,1034.4267290636042,37140.57119793696
2023-08-09 16:56:08+00:00,39.8446291218509,-75.34828103738668,-1003.544309819578,40.14263014332008,-75.15682065616436,45.06801539310254,1.2542383304893618e-05,1.1683474351651743e-05,27540.35717873311,5000.0,37129.41065240502,1034.372241914153,37143.81592310852
2023-08-09 16:56:09+00:00,39.84444142798047,-75.34848189996887,-1003.736603122424,40.142447679844,-75.1570224006258,44.838443574495614,1.2542980835873678e-05,1.1710394543434798e-05,27574.58594198552,5000.0,37133.12177098773,1034.0521625469732,37147.51669134656
2023-08-09 16:56:10+00:00,39.84425305185687,-75.34868235174947,-1003.8768042542029,40.14215764359822,-75.15725038737108,44.78724670736119,1.2541023417427644e-05,1.1716787771466596e-05,27623.34355719745,5000.0,37136.82673529223,1033.7107388311092,37151.21071861172
2023-08-09 16:56:11+00:00,39.84406658688876,-75.34888052282534,-1003.9619333143507,40.14184394765052,-75.15748445266787,44.81457273522392,1.255477578343737e-05,1.173892275575243e-05,27643.15001472871,5000.0,37140.0387333877,1033.5018301459252,37154.415661539526
2023-08-09 16:56:12+00:00,39.84387956322476,-75.34908066065316,-1003.9810938413254,40.14140880782111,-75.15775020555677,45.0140685166698,1.2564831692053232e-05,1.175875031353182e-05,27706.72758233972,5000.0,37143.81008151547,1033.471610206646,37158.18470997733
2023-08-09 16:56:13+00:00,39.84369436034706,-75.34928380505829,-1003.8021792065956,40.14097292364949,-75.15801736208623,45.2645022557117,1.2561516564014696e-05,1.1790543399490864e-05,27764.43977403923,5000.0,37147.04299756915,1033.4759052896052,37161.41649493552
2023-08-09 16:56:14+00:00,39.84350569028648,-75.34948322416761,-1003.5327843107912,40.14070145218638,-75.15824145348924,45.453031026758254,1.257267658569247e-05,1.181703969547034e-05,27796.96222746613,5000.0,37150.78812792524,1033.2684493298832,37165.15440859047
2023-08-09 16:56:15+00:00,39.84331920923052,-75.34968456294266,-1003.4042334591506,40.14028593768658,-75.1585008801989,45.82291973242536,1.2555505087916478e-05,1.1810163601605012e-05,27811.98003014703,5000.0,37154.88721624529,1033.1745149589751,37169.249301408665
2023-08-09 16:56:16+00:00,39.84313674401351,-75.34987912694962,-1003.2636950514382,40.14012827137403,-75.15869251528001,45.9460198150482,1.2561761335824392e-05,1.1829934412843343e-05,27855.86978812514,5000.0,37157.86553248776,1033.133300527413,37172.22532142918
2023-08-09 16:56:17+00:00,39.84295017174027,-75.35006576973308,-1003.3522540800092,40.14007701264693,-75.15885104745578,45.92988389893435,1.257210596717663e-05,1.1852517657225038e-05,27876.84922027139,5000.0,37161.17540707924,1033.4397615018215,37175.54243553635
2023-08-09 16:56:18+00:00,39.84276634869174,-75.35025500481133,-1003.2410522471408,40.13975782053138,-75.15907417627902,46.10894620371983,1.2574185265279208e-05,1.1863537500597084e-05,27857.61104202084,5000.0,37165.2132493477,1033.5406773677537,37179.58152267537
2023-08-09 16:56:19+00:00,39.84257989352298,-75.35044187966648,-1003.1871343881712,40.139433391131504,-75.15929955668012,46.31506614480168,1.258804219092934e-05,1.1860608300141734e-05,27862.085677084666,5000.0,37169.52814510953,1033.8102331314028,37183.90224449576
2023-08-09 16:56:20+00:00,39.84239494475881,-75.35062809796355,-1003.0056989593506,40.13929975742151,-75.15947357309152,46.39491286035627,1.2606467891335535e-05,1.187628734345712e-05,27894.15482539321,5000.0,37173.847395795055,1034.0149218503093,37188.225516478575
2023-08-09 16:56:21+00:00,39.842211456545016,-75.35080702273896,-1002.9696094867708,40.139251214053125,-75.15962170573731,46.40962004265748,1.261432508250719e-05,1.188558090345899e-05,27942.30941317756,5000.0,37178.1603093759,1034.379127902865,37192.54689006783
2023-08-09 16:56:22+00:00,39.84202884899001,-75.35098381688661,-1002.9703550277264,40.13915157558368,-75.15977836027807,46.4378583393991,1.2608288248192402e-05,1.1899060605950587e-05,27937.332575062977,5000.0,37182.1392414308,1034.753406446107,37196.5346931848
2023-08-09 16:56:23+00:00,39.8418440006225,-75.35115425781936,-1002.9978037657032,40.13907686330265,-75.15992331795312,46.445965873776,1.2614561512964464e-05,1.1927497426787395e-05,28009.40225680096,5000.0,37186.28910791908,1035.1394339343808,37200.69369333625
2023-08-09 16:56:24+00:00,39.8416622048223,-75.35131801899283,-1003.0585346603652,40.13866491918586,-75.16014760112168,46.61433402844705,1.2610914066132033e-05,1.1933788729161468e-05,28011.476336952703,5000.0,37190.56106357734,1035.560482039211,37204.975712068896
2023-08-09 16:56:25+00:00,39.84147529732735,-75.35148063727682,-1003.1449200838152,40.13846029282147,-75.16031920962457,46.62960384692997,1.2630383172836626e-05,1.1944629248351668e-05,28042.90561441861,5000.0,37195.16904065392,1036.0474299803475,37209.5954592359
2023-08-09 16:56:26+00:00,39.8412860578497,-75.35164696650335,-1003.0178905442692,40.13821781255986,-75.16050034220595,46.70149236638099,1.2650993558212224e-05,1.1949040549511843e-05,28057.08266143553,5000.0,37200.49979016902,1036.2651574695983,37214.93020435416
2023-08-09 16:56:27+00:00,39.841094110694144,-75.35182255108091,-1003.0163060356232,40.13716681303251,-75.16089308350269,47.18433114979416,1.2664295409753413e-05,1.1965292562630824e-05,28101.0613180285,5000.0,37206.8956543996,1036.4435759531732,37221.32855666915
2023-08-09 16:56:28+00:00,39.84089734620584,-75.35200202960365,-1002.8979072195916,40.13666824715933,-75.16114573963726,47.3887094957754,1.2668298117040195e-05,1.1979806129380764e-05,28119.741185932497,5000.0,37213.88126316494,1036.644293773325,37228.31704577513
2023-08-09 16:56:29+00:00,39.8407012727037,-75.35217846459923,-1002.831234889029,40.13660502747199,-75.161294119077,47.389355902560055,1.266949361001686e-05,1.200371486779648e-05,28109.939558773043,5000.0,37220.26866366898,1036.849875071359,37234.707694020304
2023-08-09 16:56:30+00:00,39.840502156607016,-75.35235417811245,-1002.8144679674608,40.13622714863186,-75.16150634602786,47.5153336613439,1.2676347729743364e-05,1.199853747926552e-05,28171.38080133473,5000.0,37227.1573806646,1037.1626386606629,37241.60244919389
2023-08-09 16:56:31+00:00,39.84030132891274,-75.3525296250322,-1002.7698569949772,40.13560577108823,-75.16175258385235,47.752867714036256,1.2687581293209862e-05,1.1994895855879328e-05,28189.499934065312,5000.0,37234.383266882905,1037.3975068593425,37248.83207366867
2023-08-09 16:56:32+00:00,39.84010591047015,-75.35270263913718,-1002.651631204988,40.13542450385408,-75.16192473430141,47.81126199057326,1.2704930260446758e-05,1.201293893614346e-05,28200.36011009908,5000.0,37240.89255497884,1037.5303390224212,37255.342536284246
2023-08-09 16:56:33+00:00,39.839911054860615,-75.35287546721341,-1002.365506530036,40.13530234606251,-75.1620887201231,47.85611735936254,1.270542424349896e-05,1.20272666443853e-05,28225.785741184038,5000.0,37247.77108341786,1037.6236514039451,37262.220995596224
2023-08-09 16:56:34+00:00,39.83971776323153,-75.35304967272404,-1002.2251049920636,40.13481329238668,-75.16229275451552,48.04251695796847,1.2724939467648609e-05,1.2043842534407863e-05,28259.553999121155,5000.0,37254.93762008193,1037.7329958815242,37269.387798123775
2023-08-09 16:56:35+00:00,39.83952036447644,-75.3532258931275,-1002.2361463811748,40.13436310542208,-75.16249309491953,48.15701222210191,1.273103529982692e-05,1.205258143928974e-05,28285.98266004771,5000.0,37262.62184748414,1038.0379361778143,37277.07753708096
2023-08-09 16:56:36+00:00,39.83932351519149,-75.35340849329327,-1002.2801926230286,40.13338580286047,-75.16271530326806,48.45029837661423,1.2743033142557212e-05,1.2057804871319162e-05,28286.029395491565,5000.0,37270.96998758949,1038.2280984091328,37285.42773524427
2023-08-09 16:56:37+00:00,39.83912728647969,-75.35359576948214,-1002.129978680848,40.13281090178594,-75.1628977823772,48.62008742755279,1.2741042842031555e-05,1.2075751110153546e-05,28320.740391982898,5000.0,37279.16197480269,1038.0647204149388,37293.61199867003
2023-08-09 16:56:38+00:00,39.83892970506537,-75.35378187397825,-1002.2482127751002,40.13272258999129,-75.16309179410068,48.59466382674873,1.2751836577524726e-05,1.2072984270707833e-05,28366.67263370588,5000.0,37287.05260793943,1038.2426171564189,37301.50452621612
2023-08-09 16:56:39+00:00,39.838729083182265,-75.35396849133721,-1002.2914273016016,40.13276363282479,-75.16330954848553,48.47684938693419,1.2768073531740008e-05,1.208271510215648e-05,28369.888137353344,5000.0,37295.22457550324,1038.439708968151,37309.67881349801
2023-08-09 16:56:40+00:00,39.8385231799529,-75.35415844971953,-1002.2791659240704,40.13290386389554,-75.16357057685453,48.29030354041606,1.2798816624697036e-05,1.208502763660772e-05,28437.610160559285,5000.0,37304.15791322267,1038.5459405964552,37318.61164734539
2023-08-09 16:56:41+00:00,39.83832135234528,-75.35434205556365,-1002.4663896329346,40.1321508036481,-75.16360040390377,48.368847999721766,1.2808963058051018e-05,1.2093407981935092e-05,28459.268345646644,5000.0,37312.131875079474,1038.987619439333,37326.594813037394
2023-08-09 16:56:42+00:00,39.838138804857024,-75.35450072492739,-1002.5534546163613,40.13013208629391,-75.16307543024476,48.91726942081005,1.2800493917965515e-05,1.2105137201840984e-05,28488.42411903157,5000.0,37317.33248711428,1039.3529368430015,37331.8035792695
2023-08-09 16:56:43+00:00,39.837983626228464,-75.3546301159921,-1002.5727917803798,40.128181701680646,-75.16240208506674,49.51645367429592,1.2822489085504972e-05,1.2128723126420547e-05,28484.22536946372,5000.0,37318.57253708792,1039.600636387434,37333.05004535618
2023-08-09 16:56:44+00:00,39.83784158383015,-75.35473452867438,-1002.6978450957948,40.126759240164176,-75.16186625831051,49.92133862897754,1.2827570272778445e-05,1.2131480454354054e-05,28504.74963634091,5000.0,37317.34512500462,1039.9796859308965,37331.833666803126
2023-08-09 16:56:45+00:00,39.83779419093033,-75.3550392319203,-1002.2742758277992,40.140325338006335,-75.16636537903888,53.99743272876367,1.2852443934782916e-05,1.215175744183658e-05,28526.77014312193,5000.0,37314.107522582,1039.5236963037382,37328.58461985918
2023-08-09 16:56:46+00:00,39.837753052805525,-75.35534830565334,-1001.9278592971872,40.14028349330095,-75.16667482696242,53.85443408973515,1.2858428078970512e-05,1.2157090761075295e-05,28560.95742011341,5000.0,37310.16595506892,1038.8667896042837,37324.62629151598
2023-08-09 16:56:47+00:00,39.8377174602568,-75.35566614555088,-1001.880117576881,40.14024831265739,-75.16699194217351,53.32122627622448,1.287033037238136e-05,1.216854731669156e-05,28608.323614394976,5000.0,37305.92094386698,1038.7323300752305,37320.37918247344
2023-08-09 16:56:48+00:00,39.8376827401417,-75.35599096042884,-1002.012989052034,40.14022274176149,-75.16731976165508,52.35689674923197,1.287524075107882e-05,1.2174793767943013e-05,28656.46899339237,5000.0,37302.021452916415,1038.5762101766236,37316.47685698881
2023-08-09 16:56:49+00:00,39.83764962226034,-75.35632271935037,-1002.2852928414688,40.14020143869162,-75.16765545769879,51.637012312421575,1.28895613545296e-05,1.2186511818356194e-05,28680.513073958628,5000.0,37298.46104407218,1038.411775073755,37312.91325092135
2023-08-09 16:56:50+00:00,39.83761945139382,-75.3566631180683,-1002.767177371304,40.1401861841578,-75.16799969606465,50.95700524095446,1.291399689150995e-05,1.2186592193292716e-05,28714.86718626272,5000.0,37294.7797615606,1038.3778641759488,37309.23245058951
2023-08-09 16:56:51+00:00,39.83759590144612,-75.35700729858783,-1002.9685370762456,40.140179948025,-75.16835226455991,50.28417223901488,1.2916063205612966e-05,1.2184871602768417e-05,28732.12330387975,5000.0,37290.3664981137,1038.4163041616862,37304.82196693062
2023-08-09 16:56:52+00:00,39.83757321925163,-75.3573599510029,-1003.3567413306932,40.14017373961483,-75.16871044886807,49.74859173526056,1.291891341615505e-05,1.2182129806692804e-05,28775.62332447152,5000.0,37285.91055786825,1038.8394168809057,37300.3795351122
2023-08-09 16:56:53+00:00,39.83755053784966,-75.35772136979338,-1003.7269655063284,40.14015944515948,-75.16907263982587,49.30532766669057,1.2934902788328794e-05,1.2198054896738516e-05,28816.958542376626,5000.0,37281.83884991869,1039.0889402187288,37296.31635774492
2023-08-09 16:56:54+00:00,39.83753180750126,-75.35809029117718,-1004.0809330525556,40.14015227396111,-75.16944343897315,48.813129745656624,1.2951556838748765e-05,1.2197733289916966e-05,28842.686184991835,5000.0,37277.93504011223,1039.288552776118,37292.419625853705
2023-08-09 16:56:55+00:00,39.83751577367158,-75.35846509594782,-1004.3546239001444,40.14011988871754,-75.16981322217981,48.46040398254991,1.2963858057059397e-05,1.2209042451324356e-05,28843.489364191904,5000.0,37273.79421483571,1039.3915225689027,37288.28327916302
2023-08-09 16:56:56+00:00,39.83750176822959,-75.35884504704325,-1004.7160826525618,40.14007861013746,-75.17018633627097,48.15232621412724,1.2969859320116132e-05,1.22106881256396e-05,28846.0229324407,5000.0,37269.2965466652,1039.4973372832324,37283.790308892814
2023-08-09 16:56:57+00:00,39.83748646994066,-75.35922691127952,-1005.083233280748,40.13998920778037,-75.17054887157303,47.98668852448464,1.2986310200744666e-05,1.2205485764949204e-05,28872.58720380562,5000.0,37264.82841647198,1039.6975343642098,37279.329498692176
2023-08-09 16:56:58+00:00,39.83747283184684,-75.3596155066582,-1005.5489402921844,40.13993945753957,-75.17092772195588,47.66825609258376,1.3000826815267444e-05,1.2191130034428448e-05,28901.45763647072,5000.0,37260.67698767469,1039.8574109332678,37275.18414461426
2023-08-09 16:56:59+00:00,39.83745897057766,-75.36001026576773,-1006.058376110039,40.13985920594343,-75.17130156975875,47.38143400545232,1.2994423382534733e-05,1.2202881104799056e-05,28926.57716191104,5000.0,37256.25016310254,1040.2398887025154,37270.76971624983
2023-08-09 16:57:00+00:00,39.8374388025895,-75.36040983595393,-1006.4012373048032,40.13975079440783,-75.17167147302733,47.15965793700889,1.2994704941351584e-05,1.220715688904319e-05,28977.20786425861,5000.0,37252.42670113509,1040.610631849898,37266.95809441068
2023-08-09 16:57:01+00:00,39.83741586666069,-75.36081353188217,-1006.7699517090914,40.13954978261591,-75.17201533786722,47.11793568264693,1.2996089935145523e-05,1.2217256141496958e-05,29032.947263993567,5000.0,37249.07860371,1041.037954704148,37263.62323833393
2023-08-09 16:57:02+00:00,39.837382644701535,-75.36122472464712,-1007.063007761038,40.13936774748573,-75.17237134521933,47.053767615929246,1.301345128135002e-05,1.2221211136125184e-05,29091.478273252014,5000.0,37246.14950690919,1041.214428215069,37260.700215864905
2023-08-09 16:57:03+00:00,39.83734129229713,-75.36163540590132,-1007.1443906929048,40.13912211122149,-75.17269874573482,47.15132022765465,1.302204750071262e-05,1.2220737852504573e-05,29098.82261948063,5000.0,37242.990937646326,1041.289736695333,37257.54498483969
2023-08-09 16:57:04+00:00,39.83729980450795,-75.36204011879488,-1007.2852985679888,40.13890463343763,-75.1730240664277,47.25232230895199,1.3028304913827314e-05,1.2218179639306642e-05,29149.21136777953,5000.0,37238.77582046792,1041.2283725603406,37253.3297992393
2023-08-09 16:57:05+00:00,39.837260209025374,-75.3624358875193,-1007.4282248819696,40.13875822272154,-75.17337044006145,47.292251761304215,1.3039977168923551e-05,1.2221938301022377e-05,29184.48261702897,5000.0,37232.34866150409,1041.1195505105732,37246.90210970922
2023-08-09 16:57:06+00:00,39.83722755800058,-75.36281602170737,-1007.5429546047257,40.13838777250422,-75.17357699200222,47.791282694088295,1.3057503833268082e-05,1.2210513479562116e-05,29181.371241716595,5000.0,37224.56490167133,1040.9252875349978,37239.11596121705
2023-08-09 16:57:07+00:00,39.83719540683622,-75.36320225244289,-1007.5652679698484,40.13837547178542,-75.1739752865796,47.67957343393937,1.3071355887984536e-05,1.2241187528427328e-05,29205.86460546618,5000.0,37217.7428912383,1040.6918250284673,37232.29009063235
2023-08-09 16:57:08+00:00,39.83716827923267,-75.36359090337051,-1007.6102830499816,40.13831469356554,-75.17434940910749,47.69346075877547,1.309795236250272e-05,1.2248395270438297e-05,29220.045645645307,5000.0,37210.387200279314,1040.4230772526876,37224.9297618463
2023-08-09 16:57:09+00:00,39.83714860738485,-75.36397208364939,-1007.7052971995914,40.13809746674445,-75.17465057692745,47.931291891494766,1.3103050380830456e-05,1.2260342050357391e-05,29272.429463841712,5000.0,37202.07300595862,1040.318979080381,37216.61590632483
2023-08-09 16:57:10+00:00,39.83713369443777,-75.36435517682516,-1007.611443401768,40.13797990590698,-75.1749984621741,48.03810478397645,1.3106655061222787e-05,1.227257596145545e-05,29272.615661162872,5000.0,37193.84453065773,1039.994054179121,37208.38156388242
2023-08-09 16:57:11+00:00,39.83712568386244,-75.36473666032018,-1007.676409932732,40.137795114146805,-75.17532721755501,48.2165069389157,1.3119097303329047e-05,1.2273797751971064e-05,29328.748612355,5000.0,37184.48973915935,1040.0070974835517,37199.03079281049
2023-08-09 16:57:12+00:00,39.83711833292307,-75.36513914678386,-1007.9584405881816,40.13851546773492,-75.17592636321642,47.41039219358936,1.3133772029254292e-05,1.2276290755024626e-05,29369.259414879067,5000.0,37175.798427483554,1040.0992950238613,37190.34545771789
2023-08-09 16:57:13+00:00,39.83711951194526,-75.36555890101921,-1008.2078054977992,40.13921390814684,-75.17650294890976,46.613928619306535,1.3158874191165806e-05,1.2281573926108605e-05,29406.128506357803,5000.0,37167.27597954384,1040.1298266560289,37181.82719818751
2023-08-09 16:57:14+00:00,39.8371292002594,-75.3659902362664,-1008.4240714941689,40.13970479589355,-75.17702526953387,45.99933899636381,1.316832602535486e-05,1.2293512283293288e-05,29429.86672383263,5000.0,37158.47056825158,1040.0320152718325,37173.0224970261
2023-08-09 16:57:15+00:00,39.837149016437806,-75.36643107523989,-1008.7826129333788,40.140221159278695,-75.17754307949838,45.33997916220687,1.317732217720418e-05,1.2303062982579973e-05,29482.865427529512,5000.0,37148.70716994155,1039.9238743735475,37163.25989552798
2023-08-09 16:57:16+00:00,39.837177348962925,-75.3668806981749,-1009.15271433041,40.14055298103267,-75.1780292769095,44.77752682613209,1.3195412756025724e-05,1.2300563595097796e-05,29529.19992191965,5000.0,37139.7912340617,1039.7449367930908,37154.34244396304
2023-08-09 16:57:17+00:00,39.837204697141786,-75.36732771283968,-1009.5491818925271,40.14037259529479,-75.17846365843116,44.54140212293714,1.3211318351997415e-05,1.2311180173598822e-05,29580.636160380214,5000.0,37128.71922342923,1039.712017930721,37143.2738494128
2023-08-09 16:57:18+00:00,39.83723533213898,-75.36777708717315,-1009.9270056099564,40.14001128374885,-75.17889229824168,44.392639191122726,1.3212463685856733e-05,1.2327377240247154e-05,29615.242207653777,5000.0,37118.55216762323,1040.0001477689973,37133.11884730296
2023-08-09 16:57:19+00:00,39.837269334155344,-75.36822903587307,-1010.2558102470324,40.14010969825373,-75.17934961242364,43.99833087529987,1.3228555227663057e-05,1.2329303232849197e-05,29659.51841521456,5000.0,37109.68680968395,1040.023599094834,37124.25762489407
2023-08-09 16:57:20+00:00,39.83732541661115,-75.36868174209462,-1010.6532340185192,40.14090932314075,-75.17981811404192,43.188906114548445,1.3239458953113564e-05,1.234137882899867e-05,29660.296391203807,5000.0,37096.672881219,1039.7728484731904,37111.24177971671
2023-08-09 16:57:21+00:00,39.83739380784782,-75.36914383342435,-1011.2220178512524,40.14115687247494,-75.18027972377253,42.61971967690624,1.324242583994986e-05,1.2349717456220864e-05,29692.966301878667,5000.0,37083.69498695838,1039.5931724773702,37098.26394657873
2023-08-09 16:57:22+00:00,39.83747181443654,-75.36961072299584,-1011.798296688952,40.14120195739305,-75.18074868687881,42.12412392976694,1.324336187093762e-05,1.2354762766505347e-05,29660.65772914216,5000.0,37070.40560879228,1039.4732928864246,37084.976428831695
2023-08-09 16:57:23+00:00,39.83754491914744,-75.37007557380744,-1012.3393861779564,40.14082210816175,-75.18124475688147,41.873742431169376,1.3261976634177183e-05,1.2367985718937811e-05,29689.205765861658,5000.0,37058.02149689683,1039.5174865025697,37072.598423488096
2023-08-09 16:57:24+00:00,39.837610620967055,-75.37054352136118,-1012.8365119028751,40.140283028477896,-75.18176503436855,41.81641290918924,1.32648473939623e-05,1.2382325090986146e-05,29711.682767266782,5000.0,37046.78371353924,1039.6813384619584,37061.369656332216
2023-08-09 16:57:25+00:00,39.83767096127004,-75.371013723456,-1013.2256898941588,40.13999761607508,-75.18227553306247,41.65623014420271,1.327724461547352e-05,1.2386380988759168e-05,29738.87131983957,5000.0,37037.85168626544,1039.835119636277,37052.44546058768
2023-08-09 16:57:26+00:00,39.83773333950061,-75.37149025594364,-1013.5126981008054,40.13991969859938,-75.182770891865,41.34390419349074,1.329099786941217e-05,1.2396367436841264e-05,29786.51408515597,5000.0,37027.75253748213,1039.8905729215585,37042.35184732018
2023-08-09 16:57:27+00:00,39.837803946335086,-75.37197152657376,-1013.7377609800276,40.139976188982914,-75.18325404395557,40.9970446198713,1.3310551237397586e-05,1.2399581246769145e-05,29853.71567625114,5000.0,37018.27675824931,1039.9703236519952,37032.88204318452
2023-08-09 16:57:28+00:00,39.83788275437441,-75.37245888821259,-1014.2272122400988,40.140078200968105,-75.18373701553637,40.627780102426186,1.3330545389920669e-05,1.2396458881501272e-05,29890.592625340872,5000.0,37009.7589479084,1040.106766774437,37024.3714257052
2023-08-09 16:57:29+00:00,39.83797522649208,-75.3729575131488,-1014.5445326216608,40.14026596759583,-75.18421103374969,40.13004174572416,1.335619395122942e-05,1.238501626962866e-05,29870.86605918762,5000.0,36999.01605975339,1040.141602703402,37013.63375762455
2023-08-09 16:57:30+00:00,39.83807409599696,-75.37346053375354,-1014.86273024175,40.140258916250936,-75.18473887180262,39.82215266209096,1.3371303969656128e-05,1.2408242454043843e-05,29890.68739865786,5000.0,36988.74801428476,1040.2650659759056,37003.37323909463
2023-08-09 16:57:31+00:00,39.83817839405067,-75.37397189579787,-1015.146478758729,40.14030048247937,-75.18526460668755,39.47553517855704,1.3369380005863238e-05,1.240572393077432e-05,29917.229758430152,5000.0,36979.606280149645,1040.5110922580177,36994.24203802525
2023-08-09 16:57:32+00:00,39.83828509671259,-75.37448628360718,-1015.5587552427542,40.1402703367241,-75.1858127051893,39.223913464695215,1.3383059734125216e-05,1.2408245267689991e-05,29953.15885891497,5000.0,36968.91175662826,1040.7567696147923,36983.55865952959
2023-08-09 16:57:33+00:00,39.83839036586002,-75.3750115748991,-1015.9233216033076,40.14031583935764,-75.18634981135537,38.85126223019324,1.3410936921115942e-05,1.24168384963911e-05,29980.362614582507,5000.0,36959.8068941898,1041.1359596199195,36974.4680792329
2023-08-09 16:57:34+00:00,39.83849132211034,-75.37553882048763,-1016.3195650366116,40.14030810390994,-75.18689675050922,38.598049161955714,1.3403950039215485e-05,1.2433887801240172e-05,30008.55286274257,5000.0,36952.45398517319,1041.7371979803308,36967.13502445108
2023-08-09 16:57:35+00:00,39.83858715767448,-75.37606948725457,-1016.813666611108,40.14028141493742,-75.18743998233444,38.43082050443627,1.3423603738350232e-05,1.2451542051888028e-05,30034.13258006271,5000.0,36944.4355576799,1042.5082824756262,36959.14152404779
2023-08-09 16:57:36+00:00,39.83868570379822,-75.37660490868046,-1017.1976392100544,40.140315161716494,-75.18797779970062,38.13408259139396,1.343221611112137e-05,1.2453148442052742e-05,30082.71296912194,5000.0,36937.05207098337,1042.8705193313472,36951.771197259644
2023-08-09 16:57:37+00:00,39.838786622309314,-75.37714800614339,-1017.5659915149164,40.140381530527925,-75.18851924435415,37.7500299543608,1.3449447740108687e-05,1.2470082250101496e-05,30109.819066733533,5000.0,36930.63194347087,1043.1884010426984,36945.362601877125
2023-08-09 16:57:38+00:00,39.83888439611599,-75.37769358679748,-1017.9941882637236,40.14039171557228,-75.1890457679792,37.49036062066443,1.3465497454515291e-05,1.2484258822667042e-05,30113.880777431725,5000.0,36923.42003464364,1043.29775745898,36938.15665765473
2023-08-09 16:57:39+00:00,39.83898493333723,-75.37824280549964,-1018.5657315317778,40.14040556625709,-75.18956859177948,37.19500268739648,1.3484504627653015e-05,1.2493310200087063e-05,30170.334031928483,5000.0,36916.91239058241,1043.7256300189952,36931.66369992957
2023-08-09 16:57:40+00:00,39.83908576553792,-75.3787961771507,-1019.0763500627312,40.14040229290227,-75.19007493749825,36.93514114664868,1.3523327375335392e-05,1.2516223464353011e-05,30201.853937409272,5000.0,36911.71064346303,1044.2419605806494,36926.47862847173
2023-08-09 16:57:41+00:00,39.839184590410426,-75.37935097606366,-1019.5752872653368,40.14035928530549,-75.19053218956485,36.786107236519456,1.3525622297473446e-05,1.2518110704539692e-05,30279.07966246612,5000.0,36905.23015279475,1044.7409228165263,36920.01484596882
2023-08-09 16:57:42+00:00,39.8392828405279,-75.3799041951799,-1020.1011358362572,40.140326122577626,-75.19096474639548,36.598822832340375,1.3545055706378646e-05,1.251241302351961e-05,30292.01917918285,5000.0,36899.49177899063,1045.2837673098566,36914.29413793522
2023-08-09 16:57:43+00:00,39.839380900955256,-75.38045466941435,-1020.573252781096,40.14028684127759,-75.19135584684598,36.411322764121,1.3578836989658326e-05,1.2524298886315134e-05,30304.270525380773,5000.0,36894.71108698553,1045.7768218716428,36909.52932988034
2023-08-09 16:57:44+00:00,39.839481478483535,-75.38099582219928,-1020.945540013856,40.1401748303857,-75.19158336960196,36.41568849864416,1.3600056563907206e-05,1.2541480429188364e-05,30316.074750386684,5000.0,36887.63359184693,1046.1299333722072,36902.46468521921
2023-08-09 16:57:45+00:00,39.83951666441695,-75.3813466383548,-1020.1550274632018,40.1346535727235,-75.18476902193515,46.3178521534428,1.3618597389378864e-05,1.2549502541314138e-05,30352.183995699757,5000.0,36880.35330622398,1045.1878274714943,36895.16062556986
2023-08-09 16:57:46+00:00,39.839555755721285,-75.38170003589396,-1019.5429007872408,40.13469800668089,-75.18512561333846,45.19001783221029,1.3637291148625511e-05,1.2565577294364563e-05,30391.05796566365,5000.0,36873.621532307945,1044.5398671689395,36888.41320038027
2023-08-09 16:57:47+00:00,39.83960011062876,-75.38205672101495,-1019.1142708683616,40.134751608491385,-75.18549108265367,43.889433957170695,1.3660916393974763e-05,1.2584219933795903e-05,30400.475214114267,5000.0,36865.20544693291,1044.1677483755254,36879.98995297205
2023-08-09 16:57:48+00:00,39.83965147069368,-75.3824205634316,-1018.95318887575,40.13481630560735,-75.18586448481005,42.76475621224381,1.3678410285881002e-05,1.2594448158679412e-05,30410.06832244164,5000.0,36857.24930875297,1044.0025618013287,36872.03232745137
2023-08-09 16:57:49+00:00,39.83970304096579,-75.3827882217459,-1018.7614861898448,40.13489110147315,-75.18624215791907,41.91971246874891,1.3680389785503974e-05,1.2622236325964373e-05,30419.140885075325,5000.0,36850.58287972938,1043.6700922380578,36865.359157849474
2023-08-09 16:57:50+00:00,39.83975700501564,-75.38315950095293,-1018.641645585092,40.13498405753798,-75.18662514543554,40.981444768607616,1.3687102096207464e-05,1.264238021592028e-05,30397.217362765743,5000.0,36842.52823619,1043.232223779165,36857.29534715195
2023-08-09 16:57:51+00:00,39.83981413977969,-75.38353169781129,-1018.7179368689004,40.13509850843823,-75.187011331685,40.01534469635226,1.3708932408549287e-05,1.2663913682839744e-05,30425.013464350806,5000.0,36834.67273212918,1042.9845530405037,36849.43598022827
2023-08-09 16:57:52+00:00,39.83987140889836,-75.38390420692116,-1018.7935848218128,40.13522046258311,-75.18739521674769,39.22438113344833,1.3703074637114529e-05,1.2676492278176377e-05,30435.42610025981,5000.0,36827.727828274205,1042.8663721280543,36842.490513855846
2023-08-09 16:57:53+00:00,39.83992709238795,-75.38427470661566,-1018.8204465188538,40.13533888615717,-75.18777518645778,38.625771389342844,1.3700650477233342e-05,1.266870934728344e-05,30441.31326525032,5000.0,36819.19539512721,1042.7556531318564,36833.95836584354
2023-08-09 16:57:54+00:00,39.83998721511426,-75.38464628851861,-1019.2640696790576,40.13547113915509,-75.18815419942447,37.98936107964255,1.371874735256988e-05,1.2698595892738823e-05,30430.959707599213,5000.0,36810.68924282791,1043.1184211280308,36825.46589756256
2023-08-09 16:57:55+00:00,39.84004928429863,-75.38502001376128,-1019.5277085786482,40.13560619839193,-75.18853274590059,37.40961707243696,1.372794858651048e-05,1.2701659939950171e-05,30444.460798418997,5000.0,36802.71626970508,1043.253985510565,36817.4999654607
2023-08-09 16:57:56+00:00,39.84011398498923,-75.38539568112276,-1019.8060395417676,40.13572676348711,-75.18891080712643,36.94747369829565,1.3742215135166051e-05,1.271699905229662e-05,30472.852072861457,5000.0,36792.772292851696,1043.3164794005452,36807.56175393616
2023-08-09 16:57:57+00:00,39.84017595849021,-75.38577177412753,-1020.1102488363704,40.13582884196492,-75.18928821468184,36.539109968813136,1.37584266579763e-05,1.2724065650354008e-05,30512.223051372017,5000.0,36783.63098418769,1043.53607258907,36798.43034581349
2023-08-09 16:57:58+00:00,39.84024097439307,-75.38614985926799,-1020.363846234592,40.13587496721122,-75.1896674644373,36.28522233176045,1.3782105703510348e-05,1.2747683074992631e-05,30484.49260427202,5000.0,36774.1506809311,1043.4650231752437,36788.95184098639
2023-08-09 16:57:59+00:00,39.84031115327214,-75.38652923278826,-1020.8773790266454,40.13593283017764,-75.19004934638359,35.97889035125263,1.3803107759554531e-05,1.2743568508063486e-05,30495.81567533287,5000.0,36764.75806458451,1043.585359478557,36779.56641873242
2023-08-09 16:58:00+00:00,39.84038215884266,-75.38691188618793,-1021.1143871551094,40.13592176467921,-75.19043747821978,35.78118658927269,1.380283117123025e-05,1.2763805281838865e-05,30486.653653735168,5000.0,36753.750349767295,1043.4995241684649,36768.56070109298
2023-08-09 16:58:01+00:00,39.84045300832012,-75.38729768491476,-1021.2607329108084,40.13591042112071,-75.19082774907578,35.58565188269131,1.3827361583252202e-05,1.2769582963117023e-05,30542.32311060269,5000.0,36744.49189857373,1043.5668605065894,36759.30789169864
2023-08-09 16:58:02+00:00,39.84052929150175,-75.38768472967847,-1021.7203355726616,40.13583141475011,-75.19122370244574,35.44254285120405,1.382098655911465e-05,1.276950036574934e-05,30570.932170375763,5000.0,36734.06122312746,1043.9765536678383,36748.8930580104
2023-08-09 16:58:03+00:00,39.84060728561112,-75.38807325531343,-1022.1309837831924,40.13579017973415,-75.19161822757911,35.21107339253649,1.3837241335288455e-05,1.2783652072527634e-05,30607.3036980264,5000.0,36722.75452694788,1044.3357431381944,36737.60113549695
2023-08-09 16:58:04+00:00,39.840683986535545,-75.38845715766095,-1022.3366198785966,40.13572571419596,-75.19201259971692,35.005984192481264,1.3840921248999098e-05,1.2787718040784198e-05,30586.775528847185,5000.0,36713.148304709335,1044.3620331506588,36727.99954394288
2023-08-09 16:58:05+00:00,39.84076183822798,-75.38884040827506,-1022.7422853179794,40.135616773429085,-75.19240859352439,34.826196890324354,1.3861412382999002e-05,1.2814676058868345e-05,30594.07719335933,5000.0,36702.38910867305,1044.543558750487,36717.24986338941
2023-08-09 16:58:06+00:00,39.840834249827125,-75.38922290640733,-1022.918630087476,40.13549275134272,-75.19280611812133,34.649364076787606,1.3867231960352418e-05,1.2825303715282751e-05,30617.65364632734,5000.0,36691.36833795175,1044.4738060608313,36706.23156962309
2023-08-09 16:58:07+00:00,39.84090999462981,-75.38960853203798,-1023.2142464984618,40.13543425450774,-75.19320057363547,34.448460824089125,1.3878944010170822e-05,1.2835357704893973e-05,30647.480760329458,5000.0,36680.69578480268,1044.6048969791218,36695.567070806166
2023-08-09 16:58:08+00:00,39.84098493916522,-75.3899987442456,-1023.6767916550596,40.1351554027801,-75.19361160686582,34.369741233764216,1.3892036734700866e-05,1.2853657318784298e-05,30660.535236183958,5000.0,36671.03190948473,1044.8032740880894,36685.91276209429
2023-08-09 16:58:09+00:00,39.84106141660571,-75.39038964882539,-1023.8999796237616,40.13446624340464,-75.19405105224905,34.549212716985494,1.3906453129423412e-05,1.2885403814861416e-05,30695.25779015681,5000.0,36659.21560819447,1044.6682713129214,36674.0974095502
2023-08-09 16:58:10+00:00,39.84113974043057,-75.39078318221456,-1024.1566719511975,40.13347134531024,-75.1945079324572,34.90384441660717,1.3915577931825589e-05,1.2892414469699694e-05,30695.47883687914,5000.0,36647.89487238499,1044.6431855310173,36662.78055415953
2023-08-09 16:58:11+00:00,39.84122097575582,-75.39117867510939,-1024.525596088738,40.13307024157577,-75.19492895500596,34.873715727357194,1.3912491812657689e-05,1.288468457685556e-05,30745.581013346327,5000.0,36637.4224493879,1044.9152691058043,36652.32014012923
2023-08-09 16:58:12+00:00,39.84130297894827,-75.3915765326663,-1024.6771867024825,40.13305503956904,-75.19532954159872,34.657288615591824,1.3896067011910271e-05,1.2879566177822927e-05,30727.766400352102,5000.0,36625.63919212126,1044.794196717633,36640.53822127813
2023-08-09 16:58:13+00:00,39.84139300045588,-75.39197432280655,-1024.892939408941,40.13306339262693,-75.19573086940709,34.427197633776814,1.3901977672411278e-05,1.289840441522609e-05,30802.81042425757,5000.0,36614.00780179169,1044.6016592994656,36628.90607070151
2023-08-09 16:58:14+00:00,39.84148434581759,-75.39237869857115,-1025.1235538821093,40.133085263698064,-75.19613516541288,34.15080241113901,1.3905905394312282e-05,1.2905548473864303e-05,30837.04714421317,5000.0,36603.439387310624,1044.623640153292,36618.34258305651
2023-08-09 16:58:15+00:00,39.84157391619243,-75.39278369606959,-1025.5019139720937,40.13300962031184,-75.19654513184305,33.91344582568854,1.3934970783240446e-05,1.291625555090672e-05,30827.484822923303,5000.0,36592.67638200247,1045.1249659969128,36607.5982685632
2023-08-09 16:58:16+00:00,39.84166826839059,-75.39318865464051,-1025.4842199981124,40.13284115718109,-75.19695700592372,33.79972099815495,1.392392098825824e-05,1.2949225053642342e-05,30884.74468937588,5000.0,36580.942294516855,1045.026996625939,36595.86616789455
2023-08-09 16:58:17+00:00,39.84176114974929,-75.39359518814693,-1025.7068480348155,40.13278288754661,-75.19736501217632,33.699277471750975,1.3919601269783976e-05,1.2959579147616168e-05,30921.634274802032,5000.0,36571.45201959781,1045.1361827173791,36586.38288300949
2023-08-09 16:58:18+00:00,39.84185021963238,-75.39399898924172,-1025.8784760579576,40.132397239491375,-75.19777169316212,33.76985162263736,1.392504728474824e-05,1.2980072983364304e-05,30933.7269706642,5000.0,36561.77073437462,1045.4960493371177,36576.7158342866
2023-08-09 16:58:19+00:00,39.8419310832624,-75.39440044648802,-1025.838575880571,40.13157899354267,-75.19817035918105,34.12460723356344,1.3948354099502008e-05,1.2994413169533273e-05,30950.10261739153,5000.0,36552.02570679983,1045.6898301729848,36566.98033050422
2023-08-09 16:58:20+00:00,39.84201653568759,-75.39480821592065,-1025.7863747086742,40.131599270249886,-75.19857361881904,34.181983346585184,1.3964688418766956e-05,1.3008075206096292e-05,30992.291375617035,5000.0,36543.58886449194,1045.9661012396402,36558.554842635145
2023-08-09 16:58:21+00:00,39.84210138955676,-75.39521269678323,-1025.8192819803662,40.1317078008052,-75.19897853931356,34.21864642784931,1.3987019793644268e-05,1.3015187377330916e-05,31040.30074403777,5000.0,36534.16099766903,1046.5021607830297,36549.14618121913
2023-08-09 16:58:22+00:00,39.84217843196628,-75.3956136143898,-1025.6760947226874,40.13143785304457,-75.1993698027648,34.42605476337485,1.3989221902756596e-05,1.30181890164132e-05,31046.92759152836,5000.0,36524.7471816969,1046.686987685706,36539.74151984474
2023-08-09 16:58:23+00:00,39.84225132767375,-75.39601161631856,-1025.706868778172,40.13126286967616,-75.19976104245379,34.58940798789263,1.4001184278743171e-05,1.3024090606483695e-05,31052.860934896264,5000.0,36517.30772298418,1046.974897550174,36532.31336462584
2023-08-09 16:58:24+00:00,39.84232122849313,-75.39640758800539,-1025.7128227424964,40.13093921484242,-75.20014281350956,34.808574319118634,1.3990788735704377e-05,1.305183792767654e-05,31103.61258267846,5000.0,36509.33238810427,1047.3042898003162,36524.35074988347
2023-08-09 16:58:25+00:00,39.842391757777705,-75.3968037859722,-1025.7834843311057,40.1307496748001,-75.20052830189913,34.96378887351602,1.3987571416746084e-05,1.306726901172108e-05,31149.71038966223,5000.0,36500.21584713806,1047.7480792100168,36515.25068961128
2023-08-09 16:58:26+00:00,39.84246380961739,-75.39720147521776,-1025.815994425384,40.13066293131427,-75.20091934773814,35.05644751014188,1.3996099704952956e-05,1.3090285665584127e-05,31156.61849274901,5000.0,36492.46866337986,1048.093802344025,36507.51662009172
2023-08-09 16:58:27+00:00,39.84254085293561,-75.39760046658526,-1025.7205319349052,40.13065129760613,-75.20131500428835,35.08701858227141,1.399730473814512e-05,1.3094319867245076e-05,31213.832278427217,5000.0,36483.814089078376,1048.272597073753,36498.87074861645
2023-08-09 16:58:28+00:00,39.84261617984564,-75.3979997886135,-1025.8544821872974,40.13054173881219,-75.20170855433551,35.14069080655463,1.3997522266617052e-05,1.3104409310152227e-05,31206.877131258603,5000.0,36474.82766176042,1048.8141999812622,36489.90359238026
2023-08-09 16:58:29+00:00,39.84268919701978,-75.39839577165878,-1025.7924092573253,40.13009012381945,-75.20209239729314,35.32276509492658,1.40132934268037e-05,1.309623038367726e-05,31247.26451552791,5000.0,36468.11016264633,1049.0797045984898,36483.19650279439
2023-08-09 16:58:30+00:00,39.84275757817551,-75.39878568425328,-1025.7905246368282,40.1297678784626,-75.20247659251578,35.464477330679074,1.4027228467249572e-05,1.3096259646926983e-05,31243.083946530405,5000.0,36461.179072599225,1049.385668259639,36476.277080383305
2023-08-09 16:58:31+00:00,39.84282313617021,-75.39917523999956,-1025.6731078210837,40.1293326646367,-75.20285456744713,35.66951955854893,1.40421980903335e-05,1.3108931055862294e-05,31282.12645977742,5000.0,36454.54541276933,1049.413545326249,36469.64696896277
2023-08-09 16:58:32+00:00,39.8428839632428,-75.39956199440437,-1025.626798728787,40.12937963761186,-75.2032413490036,35.67643830971792,1.4025622537364156e-05,1.3119041964368632e-05,31276.374002670796,5000.0,36447.79997681903,1049.5494303677783,36462.90823778315
2023-08-09 16:58:33+00:00,39.842943238998,-75.39994800684877,-1025.7715142242853,40.12957926285537,-75.20362830481662,35.59358251374215,1.4030551860551077e-05,1.3132342146827972e-05,31333.6498799184,5000.0,36441.19298108829,1049.842504453724,36456.312418689246
2023-08-09 16:58:34+00:00,39.84300356759424,-75.40032817563986,-1025.943460005623,40.12903468450239,-75.20400543514572,35.703631811309606,1.4064048574289486e-05,1.3141912624656109e-05,31325.799184736952,5000.0,36433.991844512166,1050.178561314726,36449.123950194255
2023-08-09 16:58:35+00:00,39.84307051560769,-75.40070273661883,-1026.0470998995245,40.12622411939704,-75.20443369225887,36.63388625555672,1.407824042710057e-05,1.3167164105883738e-05,31402.306816841225,5000.0,36425.61654274105,1050.654638903805,36440.76584937617
2023-08-09 16:58:36+00:00,39.84313957378333,-75.40107929355523,-1025.920206172689,40.125101971509984,-75.20486002879821,37.09450602135621,1.4101220620146042e-05,1.3177177331271e-05,31397.561247197664,5000.0,36417.187333183,1050.9474136480208,36432.348589219415
2023-08-09 16:58:37+00:00,39.84322034431603,-75.40145502681713,-1025.941809502753,40.12419472215994,-75.20530230730921,37.53883464122191,1.4091315365342769e-05,1.3199034015280755e-05,31391.51753603963,5000.0,36407.48950802282,1051.369937429387,36422.66699491022
2023-08-09 16:58:38+00:00,39.84330270483632,-75.401828570907,-1025.811192274408,40.12424052390608,-75.20567402192863,37.624909015139565,1.4085668170347288e-05,1.3215052832778305e-05,31406.234758276398,5000.0,36397.31581867203,1051.6855750131697,36412.506661212494
2023-08-09 16:58:39+00:00,39.84339126305099,-75.40220285868588,-1025.5669653564644,40.123906623997016,-75.20609568605828,37.82748861773871,1.4092859494448356e-05,1.321975804296964e-05,31429.415211717584,5000.0,36386.97899619269,1051.6763507077192,36402.17388585476
2023-08-09 16:58:40+00:00,39.84349852453908,-75.40257945115978,-1025.5433724855018,40.12259438161504,-75.20671640242759,38.44630414014682,1.411035492969947e-05,1.3235028005750543e-05,31458.571780929105,5000.0,36374.8526958483,1051.974307744527,36390.06126113031
2023-08-09 16:58:41+00:00,39.84361687642107,-75.40295830647047,-1025.4991507398722,40.12195339354109,-75.20726171741047,38.85809155064635,1.4119885645082296e-05,1.324631967496335e-05,31503.150702246792,5000.0,36361.45075874477,1052.2905210010274,36376.67407310912
2023-08-09 16:58:42+00:00,39.8437523974396,-75.40334858888306,-1025.3999105436856,40.12125856895226,-75.20787719816299,39.3719571204856,1.4129979488497954e-05,1.326749811596488e-05,31553.54867664919,5000.0,36346.619674122434,1052.485206217833,36361.85483229109
2023-08-09 16:58:43+00:00,39.843898684149,-75.4037393502667,-1025.1233739434415,40.12076779855774,-75.20848784517261,39.85339792398736,1.4126244852963947e-05,1.3269923638873272e-05,31572.993137014488,5000.0,36329.8453438346,1052.5543289240206,36345.08953520787
2023-08-09 16:58:44+00:00,39.84405647858876,-75.40414270422562,-1025.0209204482908,40.1202969703229,-75.20914147143107,40.31460852804594,1.413957075099299e-05,1.3272953902457631e-05,31561.049908074427,5000.0,36314.15350047046,1052.6866607627603,36329.40811053049
2023-08-09 16:58:45+00:00,39.8440805864322,-75.40450687618836,-1024.1869321972786,40.130935489170994,-75.2020249124895,46.32527498132549,1.4151079023590184e-05,1.3288047881711764e-05,31570.68949301038,5000.0,36308.97760889812,1052.076803658995,36324.21672389182
2023-08-09 16:58:46+00:00,39.84410632842649,-75.4048745014561,-1023.4092793677104,40.130962885383255,-75.20239200389126,46.12656835769303,1.41516343590567e-05,1.329965588438738e-05,31628.21050656728,5000.0,36304.093716905336,1051.409705040116,36319.31556312285
2023-08-09 16:58:47+00:00,39.84412811287048,-75.40524065472513,-1022.9225762399952,40.13099060217751,-75.20275870800997,45.735879577929154,1.414794630696066e-05,1.3306940488013691e-05,31666.552786916855,5000.0,36299.087572198965,1050.9471737044669,36314.298128093935
2023-08-09 16:58:48+00:00,39.84414693110419,-75.40560248572018,-1022.2484006891646,40.13101973157529,-75.203122296772,45.34891880094074,1.416759985446514e-05,1.3312501628456023e-05,31692.445060531325,5000.0,36294.50861325045,1050.3423924754832,36309.70358759132
2023-08-09 16:58:49+00:00,39.84416348254906,-75.40595826041518,-1021.8870502394948,40.13105237257576,-75.20348079415827,44.942190918605775,1.4196138315570177e-05,1.3314767218255936e-05,31727.032713213837,5000.0,36290.40741731204,1050.245911121824,36305.60131699136
2023-08-09 16:58:50+00:00,39.84417732386217,-75.40630902349639,-1021.6589438498816,40.13108727661833,-75.2038338203896,44.583644600817934,1.4181763163576352e-05,1.3338044940728717e-05,31750.26422132552,5000.0,36286.092698021486,1050.419355051654,36301.29342201012
2023-08-09 16:58:51+00:00,39.84419088311249,-75.4066568832982,-1021.2648095746442,40.13112720158366,-75.2041810928202,44.26294087758288,1.4189414836055471e-05,1.3346118258555552e-05,31809.966299769687,5000.0,36281.4703184031,1050.424118933281,36296.6731160695
2023-08-09 16:58:52+00:00,39.8441980985704,-75.40700168914958,-1020.8434342317828,40.1311550142607,-75.20452602070834,44.35849866946228,1.4203123594217617e-05,1.3344940954168262e-05,31857.157100812183,5000.0,36277.42881062365,1050.3273310000902,36292.63050003558
2023-08-09 16:58:53+00:00,39.84420371442723,-75.40734028650238,-1020.7523982875204,40.13118700784394,-75.2048657079771,44.4007735052146,1.4219054870635036e-05,1.3363622272184406e-05,31840.185361282023,5000.0,36272.718803508025,1050.4854674855171,36287.92704351908
2023-08-09 16:58:54+00:00,39.84420766716162,-75.40767682438792,-1020.7236264413258,40.13121705938396,-75.20520052064856,44.330421255901456,1.4241753036357362e-05,1.339102948833994e-05,31885.498129514177,5000.0,36267.999358116016,1050.764506623373,36283.217656220666
2023-08-09 16:58:55+00:00,39.84420889071868,-75.40801291928258,-1020.6201334824316,40.131206245473614,-75.20553976602275,44.56004779296927,1.4256559840545618e-05,1.339562857970259e-05,31888.599731034217,5000.0,36263.86530534107,1050.966556635915,36279.0911902033
2023-08-09 16:58:56+00:00,39.844211051301286,-75.40834825620726,-1020.3845586943128,40.131158629250045,-75.20588451965436,44.97002864559181,1.4258133397730307e-05,1.3392641065521564e-05,31910.65966110002,5000.0,36259.03431032719,1051.1001873397508,36274.26609486828
2023-08-09 16:58:57+00:00,39.84420832783579,-75.4086831178914,-1020.1495752920656,40.131161441950624,-75.20621823842833,45.14818020048551,1.427009085561568e-05,1.340328783344571e-05,31973.01140905125,5000.0,36254.62671970262,1051.1310222989162,36269.861248852525
2023-08-09 16:58:58+00:00,39.84420388714712,-75.40901520238816,-1019.9215716901576,40.13119869095256,-75.20654361039765,45.20451888511889,1.4270148076362031e-05,1.3404265684322056e-05,32031.292635931903,5000.0,36250.21121024109,1051.12739954073,36265.44748927213
2023-08-09 16:58:59+00:00,39.84419871187713,-75.40934479504728,-1019.9111878317884,40.13125788168706,-75.20686319354819,45.1976401284337,1.42682970126729e-05,1.3423400613979112e-05,32030.83573873806,5000.0,36245.79006196581,1051.3121945148134,36261.03355595969
2023-08-09 16:59:00+00:00,39.84419415291492,-75.40967461934373,-1019.8019580374598,40.13130791749181,-75.20718390144546,45.23189743841067,1.426874927736006e-05,1.3424758294575654e-05,32013.74907174845,5000.0,36241.35294696746,1051.4043554213083,36256.60097892887
2023-08-09 16:59:01+00:00,39.84418841136885,-75.41000183684936,-1019.771004239889,40.13133453121719,-75.20750855846273,45.31452636653557,1.4273009481054626e-05,1.3431267097812311e-05,32040.07594094291,5000.0,36237.28485059201,1051.80108450838,36252.54610181633
2023-08-09 16:59:02+00:00,39.844181184154834,-75.41032689889177,-1019.6386533075656,40.13137871316962,-75.20782736788091,45.34200635342859,1.427498050018256e-05,1.3454184516286458e-05,32021.84040417976,5000.0,36233.5334893985,1052.2296927731095,36248.80875909877
2023-08-09 16:59:03+00:00,39.844169029773184,-75.41064893573116,-1019.4952247719511,40.13140091461948,-75.2081449220684,45.37294018012472,1.4293360251221253e-05,1.3442977287992724e-05,32053.917079178565,5000.0,36230.18777762523,1052.579486897747,36245.47461378072
2023-08-09 16:59:04+00:00,39.84415529187595,-75.41097006481823,-1019.3153663846354,40.13139936340281,-75.20846360058573,45.3999815096613,1.4288695562103318e-05,1.3440765034803452e-05,32057.14341758205,5000.0,36227.380804764434,1052.6996318944837,36242.672314392126
2023-08-09 16:59:05+00:00,39.8441395729988,-75.41129180869711,-1019.3891195083056,40.13145703147704,-75.20877317357377,45.32181460107677,1.4309877299915133e-05,1.3455246670953256e-05,32086.072808312518,5000.0,36224.738516670586,1052.9676967911153,36240.03892894768
2023-08-09 16:59:06+00:00,39.84412542783036,-75.41161222512167,-1019.5357072642946,40.13144969019096,-75.2090921159772,45.26933793979697,1.4314216157133158e-05,1.3452874737960022e-05,32125.92837373829,5000.0,36221.811103790125,1053.1770802064157,36237.11883691812
2023-08-09 16:59:07+00:00,39.84411275626674,-75.41193990447726,-1019.619627823772,40.13107196288732,-75.20945942123926,45.54027916002087,1.4316626703258028e-05,1.3470725848449837e-05,32165.482583154742,5000.0,36219.15518442872,1053.5255869689904,36234.47417082423
2023-08-09 16:59:08+00:00,39.844102177150674,-75.41226647683916,-1019.6873345925384,40.1309575632635,-75.20979453614993,45.55387183022685,1.433120017179164e-05,1.3485633923873767e-05,32199.2641159917,5000.0,36216.6782470184,1053.8559736806883,36232.00788890008
2023-08-09 16:59:09+00:00,39.8440894919597,-75.41258782372141,-1019.8746139293308,40.13096018524072,-75.21011489720165,45.42106940504164,1.4340507073138424e-05,1.3480466799974566e-05,32147.87165069265,5000.0,36214.43229743712,1054.3288368725885,36229.776647419705
2023-08-09 16:59:10+00:00,39.84407800613239,-75.41291020979675,-1019.9189647350312,40.13076344669429,-75.21044974739246,45.4276387214195,1.436185929976682e-05,1.3496221079717835e-05,32198.936944201767,5000.0,36212.43981997054,1054.6124592168435,36227.79326917558
2023-08-09 16:59:11+00:00,39.8440684355015,-75.41323088766603,-1019.9254070253288,40.13054103865944,-75.21078340530171,45.45967801497318,1.436152119552015e-05,1.3502380774499324e-05,32197.639202378705,5000.0,36210.01363112833,1054.8745701224832,36225.37574028999
2023-08-09 16:59:12+00:00,39.84406107640585,-75.41354690265125,-1020.0338325039088,40.129934897723714,-75.21113682882127,45.71851127664559,1.4371420346679815e-05,1.3514014640362168e-05,32195.065486679217,5000.0,36207.22021235584,1055.2493154449755,36222.59442149025
2023-08-09 16:59:13+00:00,39.84404917912937,-75.41385971886427,-1020.0842550514092,40.12985332544647,-75.21145298562142,45.60730597330257,1.4371754163314464e-05,1.3528582981673432e-05,32242.246336831984,5000.0,36204.928571565535,1055.3469359684518,36220.3065976452
2023-08-09 16:59:14+00:00,39.84403993786744,-75.4141660111411,-1020.1374237158238,40.1297164732016,-75.21176899943117,45.50511155743152,1.438683766924784e-05,1.3535849176839243e-05,32278.12272253557,5000.0,36201.99027141851,1055.4168601006595,36217.37158271518
2023-08-09 16:59:15+00:00,39.84402978074789,-75.414469339136,-1020.478616452419,40.12943569610599,-75.21209348761136,45.43811677745544,1.4410911614421672e-05,1.3537883730428293e-05,32246.128503196334,5000.0,36198.84315855141,1055.6681110285688,36214.23312977988
2023-08-09 16:59:16+00:00,39.84401829652995,-75.41476607552727,-1020.8031329586375,40.12926739472533,-75.21240545975337,45.24249446787872,1.4411751466820548e-05,1.35670087346256e-05,32312.6444868737,5000.0,36195.55055357538,1056.028704957462,36210.952438483655
2023-08-09 16:59:17+00:00,39.84400970894978,-75.41505527906546,-1021.1844562316098,40.12883854668242,-75.21275683179826,45.19907876546495,1.4419057462197278e-05,1.3574989750505413e-05,32325.14560635997,5000.0,36191.564372040506,1056.353134186729,36206.9774165099
2023-08-09 16:59:18+00:00,39.84400596565053,-75.41534504538802,-1021.537125413427,40.12841163463796,-75.21313093681712,45.14987845811993,1.443696904379789e-05,1.358174077571552e-05,32308.390883872496,5000.0,36186.73564009749,1056.565169285103,36202.15692805124
2023-08-09 16:59:19+00:00,39.84400375455097,-75.41563923301396,-1021.9362153465116,40.128106849744256,-75.21350559503796,45.02570695965551,1.4445079143908464e-05,1.3580544906742895e-05,32374.024050559605,5000.0,36181.68961866384,1056.8168977187731,36197.120405035406
2023-08-09 16:59:20+00:00,39.84400555378491,-75.41593684235784,-1022.2324172266268,40.12793023136597,-75.21386362134795,44.82111737364903,1.4451918637020102e-05,1.3581793151203308e-05,32406.38360433683,5000.0,36176.30221599901,1056.658449909729,36191.730672946
2023-08-09 16:59:21+00:00,39.84401101871042,-75.41623794468906,-1022.63893737713,40.12779160716559,-75.2142202098331,44.59207058302127,1.445620483958828e-05,1.358796264394754e-05,32394.5951214593,5000.0,36170.64479507047,1056.637187695682,36186.07504327569
2023-08-09 16:59:22+00:00,39.84401569074474,-75.41653827251969,-1023.0052180414592,40.127640632429056,-75.21458831967676,44.36515171942301,1.4459772663526127e-05,1.3593604849009288e-05,32433.481096680574,5000.0,36165.09995405147,1056.5693660971106,36180.53058637903
2023-08-09 16:59:23+00:00,39.84402458720071,-75.41684076631066,-1023.3840911022264,40.12744998223087,-75.21498060990754,44.187849305104464,1.44585851955354e-05,1.360255207871512e-05,32423.761337840857,5000.0,36159.52443822746,1056.687121849253,36174.96088833063
2023-08-09 16:59:24+00:00,39.84403653423379,-75.41714312786034,-1023.6454683485232,40.12730079779264,-75.21536007935966,44.01257182657719,1.4450077757097531e-05,1.3616486685142158e-05,32426.93280694163,5000.0,36153.52664881383,1056.6576046548175,36168.964796354994
2023-08-09 16:59:25+00:00,39.84404796565588,-75.41744399065323,-1023.9912227507816,40.12731954933829,-75.21565469796867,43.69325021654368,1.4449235225086478e-05,1.3618422562335057e-05,32429.83795512868,5000.0,36147.22972570932,1056.631370064383,36162.66979490601
2023-08-09 16:59:26+00:00,39.84405814503715,-75.41774042686842,-1024.317676532251,40.12740557203573,-75.21591836186356,43.29255533055402,1.4459169949650832e-05,1.3633174543694917e-05,32449.3757791264,5000.0,36141.3386855004,1056.5100315523082,36156.77772460951
2023-08-09 16:59:27+00:00,39.84406409679501,-75.41802991123434,-1024.786069446134,40.127471997334624,-75.21618973806922,42.83654059423134,1.4474741928514596e-05,1.3639705073661896e-05,32502.801855264832,5000.0,36135.20011046913,1056.667018734861,36150.64635953457
2023-08-09 16:59:28+00:00,39.844070481866815,-75.41831804222718,-1025.2876992434212,40.12737585546013,-75.21654353553161,42.44753564684652,1.4484292731594995e-05,1.3654354951980468e-05,32537.0218297473,5000.0,36128.78132270751,1056.9634634840534,36144.23898254269
2023-08-09 16:59:29+00:00,39.84407446338055,-75.4186056481256,-1025.6947842154104,40.12736109701549,-75.21685017867533,41.99499578797258,1.4505027980868152e-05,1.3677434223716657e-05,32524.77668353793,5000.0,36122.973016461314,1056.938043029632,36138.43241723132
2023-08-09 16:59:30+00:00,39.84407732762297,-75.41889035686069,-1026.1515540506705,40.12732334442051,-75.21716713005193,41.55482918350026,1.452616674649201e-05,1.3691865524617416e-05,32568.40310766677,5000.0,36116.57290369041,1056.8847520360414,36132.03348396919
2023-08-09 16:59:31+00:00,39.844081691998745,-75.41918058513036,-1026.433683796992,40.1272251079241,-75.21752061360245,41.20948957512155,1.453682837965495e-05,1.3694880388737808e-05,32623.56805691336,5000.0,36109.91401947672,1056.8042768463708,36125.37509526457
2023-08-09 16:59:32+00:00,39.84408773039263,-75.4194725491698,-1026.657504883575,40.12710858783171,-75.21789450892983,40.9879909157753,1.4543824171043367e-05,1.3709897099146302e-05,32603.90148155874,5000.0,36103.039167518,1056.7399887102638,36118.50130521861
2023-08-09 16:59:33+00:00,39.844093663660594,-75.41976905925974,-1026.8777964493304,40.1270004059979,-75.2182585083203,40.86557022132911,1.4561676599780116e-05,1.3707467008767592e-05,32655.741267685557,5000.0,36095.875300294414,1056.442279092044,36111.33179465218
2023-08-09 16:59:34+00:00,39.844097341059936,-75.4200576365223,-1027.1377063681923,40.12697513859185,-75.21856913935402,40.70929035171866,1.457340315670238e-05,1.372969551104251e-05,32695.58422830118,5000.0,36088.51034823991,1056.2130037604784,36103.963287488696
2023-08-09 16:59:35+00:00,39.84410304497935,-75.42034890842405,-1027.270389484475,40.1269273060067,-75.21889252946791,40.60035766265355,1.45632577365471e-05,1.3732811695562208e-05,32699.63721350463,5000.0,36081.35268174681,1056.105637030862,36096.80554372043
2023-08-09 16:59:36+00:00,39.84411041152024,-75.42063608087932,-1027.404376080944,40.126932215830486,-75.21918586783333,40.4251673584804,1.4569358732084967e-05,1.37462712509996e-05,32705.41069475384,5000.0,36073.53848047606,1056.0915651838134,36088.99427659961
2023-08-09 16:59:37+00:00,39.84411851436761,-75.42092115459789,-1027.690699997408,40.12690815425465,-75.21949139748614,40.21385614643805,1.4555963193626116e-05,1.377016873892582e-05,32719.67872368008,5000.0,36065.42684006911,1056.162731543162,36080.88819405473
2023-08-09 16:59:38+00:00,39.844129803402026,-75.42120525562213,-1027.8410494821428,40.12683171608353,-75.21980838971714,40.09135848307051,1.4579146139788104e-05,1.3782400293899869e-05,32726.62131104634,5000.0,36057.11197154097,1055.9464420313257,36072.570557373394
2023-08-09 16:59:39+00:00,39.8441422847881,-75.42148547180565,-1028.0479593038206,40.12681355817736,-75.22008505364981,39.89487043512054,1.4597125910276704e-05,1.3783026875213684e-05,32754.49723254858,5000.0,36047.944521547,1055.824732020496,36063.40347351143
2023-08-09 16:59:40+00:00,39.84415430480945,-75.4217686259075,-1028.120236652852,40.126862249747184,-75.22033792781349,39.67082402925007,1.4606604403803418e-05,1.380401467696966e-05,32756.16263426289,5000.0,36038.76939058312,1055.6394147920792,36054.226850144674
2023-08-09 16:59:41+00:00,39.84416582151909,-75.42204295337764,-1028.381222455187,40.12690756415866,-75.2205888526385,39.4989347695373,1.4627024612561154e-05,1.3810581725675338e-05,32812.30095217146,5000.0,36029.2476576015,1055.6314594542123,36044.70896748888
2023-08-09 16:59:42+00:00,39.84417732760578,-75.42231517274908,-1028.5269710032958,40.12697314464685,-75.22083666752631,39.24487149901688,1.462095363925324e-05,1.3822550937063915e-05,32835.62902781616,5000.0,36019.92181402548,1055.57772163815,36035.3855510792
2023-08-09 16:59:43+00:00,39.84415325237279,-75.42263599444848,-1028.5110251646167,40.12726023374772,-75.22243564007405,39.05621450813487,1.462594102660893e-05,1.3833041795051675e-05,32847.55989596948,5000.0,36016.113624684665,1055.2778541141954,36031.570212462015
2023-08-09 16:59:44+00:00,39.84413285340074,-75.42295954818877,-1028.863332583482,40.12708667027826,-75.22279231568746,38.985474271234125,1.4628886370439153e-05,1.3831298856149716e-05,32855.822815301544,5000.0,36012.48068318865,1055.2100459059998,36027.93684348324
2023-08-09 16:59:45+00:00,39.84414799728015,-75.42332448818911,-1028.673778965093,40.12735108101665,-75.21924521218874,41.43612516205758,1.462592221288828e-05,1.3847107469652426e-05,32888.75434473614,5000.0,36006.853559712945,1054.6020775699662,36022.294330214834
2023-08-09 16:59:46+00:00,39.84415887802287,-75.42369168608266,-1028.677286553463,40.12736571627276,-75.21961311817728,41.0097497201059,1.4626905087503912e-05,1.3865337411244723e-05,32916.21210090615,5000.0,36001.40594373822,1054.4190334182806,36016.8436904716
2023-08-09 16:59:47+00:00,39.84417103221223,-75.4240593729833,-1028.645438635283,40.12738053433147,-75.21998271253655,40.57880113879219,1.4625724421812344e-05,1.388634609745732e-05,32894.4557516129,5000.0,35996.02169221131,1054.286741734737,36011.45787384822
2023-08-09 16:59:48+00:00,39.84418449819814,-75.42442437361483,-1028.8270688486873,40.12739609506488,-75.22035233024118,40.19695891579613,1.4640012236585487e-05,1.3894791798047014e-05,32948.28013520777,5000.0,35990.58204583443,1054.2789276582396,36006.02033070642
2023-08-09 16:59:49+00:00,39.84419957703039,-75.42479238295029,-1028.920540698061,40.12741585233754,-75.22071986353751,39.697687337873504,1.4668974481554468e-05,1.3912593469396264e-05,32975.888126466096,5000.0,35985.07869839786,1054.1042650551908,36000.514228709224
2023-08-09 16:59:50+00:00,39.84421647246703,-75.42515762209453,-1028.9795643737966,40.12744358184669,-75.22108728469267,39.14801714406349,1.467983421493388e-05,1.392860625871972e-05,32971.04192114697,5000.0,35979.413368924135,1054.3058731156254,35994.85723330491
2023-08-09 16:59:51+00:00,39.84423103973673,-75.425520631358,-1029.0930788711742,40.12747722919949,-75.221454638313,38.63778144400567,1.4672532129990451e-05,1.393285165206038e-05,33010.004423290775,5000.0,35973.858109511355,1054.4320171534491,35989.3080533935
2023-08-09 16:59:52+00:00,39.84424379782333,-75.4258840141024,-1029.2870054953792,40.12748247440458,-75.22182123946193,38.57651578844525,1.4678942036804048e-05,1.394438596787472e-05,33052.94013248529,5000.0,35968.37877715335,1054.5955150193722,35983.83586496963
2023-08-09 16:59:53+00:00,39.84425813689849,-75.42624389016169,-1029.4692611291389,40.12746286595867,-75.22218703144355,38.69996971357614,1.4687244683715631e-05,1.3933248178462934e-05,33126.91887989425,5000.0,35962.81290337261,1054.6948732210494,35978.27529494128
2023-08-09 16:59:54+00:00,39.844274008441175,-75.42660613692183,-1029.68572887212,40.1274802528422,-75.22255217517419,38.53836965654045,1.4724496673572833e-05,1.3936523589366782e-05,33148.81280218463,5000.0,35957.079311304835,1054.824498016808,35972.547968153194
2023-08-09 16:59:55+00:00,39.84428706083396,-75.42697117838505,-1029.7394886887994,40.12757093585975,-75.22291783000173,38.02619187301025,1.4727989818494702e-05,1.395023747985042e-05,33159.89142235727,5000.0,35951.55668463042,1054.7755113862722,35967.02628001952
2023-08-09 16:59:56+00:00,39.84430420142937,-75.42733897605498,-1029.8910851704009,40.127676643292446,-75.22328516402862,37.52065100823529,1.4724064221267085e-05,1.3948304934261052e-05,33209.592598529125,5000.0,35945.85328681988,1054.8014377028192,35961.32609610719
2023-08-09 16:59:57+00:00,39.844318037325536,-75.42770226791815,-1030.117574969157,40.12781257276976,-75.22365269023797,36.98101085773669,1.4738698018057658e-05,1.3961988161066684e-05,33251.873691338296,5000.0,35940.36599994372,1054.9704426305796,35955.84612889446
2023-08-09 16:59:58+00:00,39.84433241947745,-75.4280676385678,-1030.2845818492056,40.12797093694221,-75.22401921217937,36.43156934669241,1.4760233249394342e-05,1.3979300771284268e-05,33240.12575545175,5000.0,35934.79233025109,1054.98790250837,35950.27537158389
2023-08-09 16:59:59+00:00,39.84434906034826,-75.42843067192022,-1030.5199634283113,40.12810289603856,-75.22438486825757,35.93615657952614,1.4789297911433016e-05,1.3991870454714003e-05,33267.45228155465,5000.0,35929.07998593873,1054.9657891784416,35944.564838822575
2023-08-09 17:00:00+00:00,39.84436589065516,-75.42879244251728,-1030.882927091715,40.12813986864795,-75.22474923200261,35.58408290729858,1.479546431094528e-05,1.399774898736146e-05,33298.99154059364,5000.0,35923.16067991149,1055.032661847648,35938.65004632623
2023-08-09 17:00:01+00:00,39.84438061007189,-75.42915222814608,-1031.079353329891,40.12777297109616,-75.22511642137157,35.87224446749315,1.4812451038696834e-05,1.4008101107716988e-05,33291.891484007254,5000.0,35917.23975190194,1054.8507358628162,35932.7263294974
2023-08-09 17:00:02+00:00,39.8443935313844,-75.42951282310564,-1031.2325904767072,40.127389389940205,-75.22548636716208,36.18841824447736,1.481410610229733e-05,1.4024533945022645e-05,33345.952026371735,5000.0,35911.45107164121,1054.7792456090044,35926.93804553692
2023-08-09 17:00:03+00:00,39.84441065354382,-75.42987603450435,-1031.479942898291,40.127086326767774,-75.22585684364294,36.33851777133532,1.4811337987717493e-05,1.4025233442431147e-05,33355.03333242635,5000.0,35905.3696903614,1054.8141114894877,35920.86031001096
2023-08-09 17:00:04+00:00,39.84442340294162,-75.43023589005197,-1031.6390822527392,40.12672488723916,-75.2262289618038,36.55534885218367,1.482409728211211e-05,1.4037987949598355e-05,33360.12682211282,5000.0,35899.39840314213,1054.835224690563,35914.8922183928
2023-08-09 17:00:05+00:00,39.84443710117018,-75.4305972536408,-1031.7971866283624,40.12628747415403,-75.2266013951272,36.86507784738205,1.4836285799009231e-05,1.4043200210589114e-05,33363.18771042586,5000.0,35893.87595339462,1054.8219067417092,35909.371760205206
2023-08-09 17:00:06+00:00,39.8444499931784,-75.43095665839903,-1031.8751327552168,40.12638784550144,-75.2269621632679,36.6884373142384,1.4847422068984137e-05,1.4056443921572191e-05,33415.86866851607,5000.0,35888.21616004752,1054.5756485519896,35903.70717556635
2023-08-09 17:00:07+00:00,39.84447096926148,-75.43131921340333,-1031.9317209529072,40.12686879103736,-75.2273139238465,36.329229133203626,1.4858653168891745e-05,1.4060617396319452e-05,33419.978398130486,5000.0,35881.90806085668,1054.3655625878007,35897.39562736192
2023-08-09 17:00:08+00:00,39.844492806888105,-75.43168716625763,-1032.0469204286403,40.12734727592927,-75.22767403373105,35.8819139583502,1.4841456003569796e-05,1.407833787502524e-05,33454.68007404697,5000.0,35875.53657171237,1054.2581267051917,35891.02373165184
2023-08-09 17:00:09+00:00,39.844514780467634,-75.432057358327,-1032.2785133040693,40.12777403497816,-75.22804301527427,35.473667497746646,1.4854121709640928e-05,1.4092237861425372e-05,33477.21505908134,5000.0,35869.52391224737,1054.266929477718,35885.013925730564
2023-08-09 17:00:10+00:00,39.84453603917262,-75.43243025014436,-1032.541533310965,40.12773530208595,-75.2284150363017,35.35317188105546,1.4870903516839054e-05,1.4098670678998152e-05,33509.23683212537,5000.0,35863.537763540866,1054.2938493752465,35879.03115243989
2023-08-09 17:00:11+00:00,39.84455642210686,-75.43279873862085,-1032.6985387173545,40.12771089908404,-75.22878533310657,35.219446481904015,1.4875799690643765e-05,1.4105792253532094e-05,33513.28770154241,5000.0,35857.78427810135,1054.1571303387298,35873.276134056905
2023-08-09 17:00:12+00:00,39.844577182832936,-75.43316505392127,-1032.9355259441163,40.12769731895541,-75.22915318198231,35.07531006028876,1.4877977503580824e-05,1.4119204496530296e-05,33518.87661160126,5000.0,35852.13731371375,1053.7937138969803,35867.620929646764
2023-08-09 17:00:13+00:00,39.8445984524858,-75.4335270145097,-1033.0645072861696,40.127503073986645,-75.22951184737191,35.003871304914355,1.4880794790170464e-05,1.41265263143811e-05,33549.48585478004,5000.0,35845.96402643217,1053.459691533385,35861.44049401746
2023-08-09 17:00:14+00:00,39.844618542790215,-75.43388091738859,-1033.207109149857,40.1268818285945,-75.22985313296495,35.154950473224744,1.4860076134656503e-05,1.4141383304264878e-05,33610.00002349399,5000.0,35839.48834532409,1053.1963990597535,35854.9598732116
2023-08-09 17:00:15+00:00,39.84463810450472,-75.43423224670119,-1033.3427916066105,40.12622378568326,-75.23019212570885,35.33308438863605,1.4857092761006992e-05,1.4141647870946336e-05,33636.83072824866,5000.0,35832.93415532516,1053.0143910724091,35848.4031651017
2023-08-09 17:00:16+00:00,39.844656749591934,-75.434583001244,-1033.3848441603386,40.12628476629919,-75.23054555256346,35.205988951725885,1.4862265762482584e-05,1.4160414222156207e-05,33665.10777318553,5000.0,35825.497599516544,1052.7977063339813,35840.96345333685
2023-08-09 17:00:17+00:00,39.84467269587197,-75.43493628861205,-1033.4778609667346,40.12637873184296,-75.23089708344025,35.11111765028909,1.4870801158542868e-05,1.4155081788705402e-05,33719.42682992119,5000.0,35818.18875195654,1052.7754803240896,35833.65710728892
2023-08-09 17:00:18+00:00,39.84469288961255,-75.4352873073866,-1033.5294140174276,40.12658181074261,-75.23124492533123,34.99197149905376,1.48872463957376e-05,1.4166490709082178e-05,33731.448047316146,5000.0,35810.47543869016,1052.979828405532,35825.95312987584
2023-08-09 17:00:19+00:00,39.84471256163067,-75.43564426472983,-1033.443855208492,40.1270800070502,-75.23158006483791,34.793364711571485,1.492029849265045e-05,1.4163141416391426e-05,33742.870005987075,5000.0,35802.67242591905,1052.9837636316215,35818.15360461977
2023-08-09 17:00:20+00:00,39.84473200837713,-75.43600182550261,-1033.3334648788195,40.127527911796136,-75.23192161640146,34.65534148016013,1.4934724269824189e-05,1.418347237663231e-05,33778.78125981508,5000.0,35795.29315473643,1052.7748974256565,35810.77138261853
2023-08-09 17:00:21+00:00,39.84475445625729,-75.43636552647317,-1033.3147063379574,40.12789824424439,-75.23227956100266,34.46969131450169,1.492932531519426e-05,1.4180109616910389e-05,33803.86749516963,5000.0,35788.54351863742,1052.8646663801758,35804.02730407735
2023-08-09 17:00:22+00:00,39.8447740886558,-75.43673463866062,-1033.197473104996,40.12813497404034,-75.23265118807691,34.3217185176909,1.4940380480395922e-05,1.4186366087304698e-05,33795.47905423024,5000.0,35782.2516483574,1052.891834170647,35797.73895430882
2023-08-09 17:00:23+00:00,39.84479736589277,-75.43710511955426,-1033.200365596393,40.1285712234003,-75.2330457607348,34.15247733471915,1.4947175173760352e-05,1.4180779975221129e-05,33820.32384224614,5000.0,35775.918308861095,1053.2185533100048,35791.41796804562
2023-08-09 17:00:24+00:00,39.84482179701328,-75.43747797750768,-1033.1858082245376,40.12860451140111,-75.2334197444411,34.13358134194277,1.4977002837210495e-05,1.4187126328325616e-05,33798.07391980104,5000.0,35770.04701432234,1053.7275464198665,35785.56420051128
2023-08-09 17:00:25+00:00,39.84484602001272,-75.43784989668423,-1033.141928120697,40.128240794656406,-75.23373944556916,34.3050854858011,1.4986688227744409e-05,1.4186531676959023e-05,33877.12452964607,5000.0,35764.472302802824,1054.233708252482,35780.00681679038
2023-08-09 17:00:26+00:00,39.84486873395113,-75.43821198313614,-1033.0893992981255,40.12729486744254,-75.23392996048923,34.77645403519273,1.4996133341176056e-05,1.4186088238484566e-05,33909.174782954804,5000.0,35758.2157934218,1054.7558708914216,35773.76841592314
2023-08-09 17:00:27+00:00,39.84489215226978,-75.43857979301924,-1032.888416245479,40.12745645327649,-75.234328771583,34.860413978109136,1.5012308439649363e-05,1.419668490388927e-05,33978.68455145076,5000.0,35752.658537662915,1054.9193518443708,35768.218397756646
2023-08-09 17:00:28+00:00,39.84491853692956,-75.43895391221952,-1032.7069192374383,40.12790722199945,-75.23481962097658,34.82094749389216,1.5025522098004669e-05,1.420749546653234e-05,34049.96899225175,5000.0,35747.10500579395,1055.0429413378818,35762.67092798475
2023-08-09 17:00:29+00:00,39.84494885573113,-75.43933478049249,-1032.6335654280042,40.12845600522934,-75.23536610197749,34.72091681906022,1.5049474095497336e-05,1.420029852543212e-05,34067.42423265845,5000.0,35741.125071442984,1055.1680083580018,35756.697287338946
2023-08-09 17:00:30+00:00,39.84497333084282,-75.4397010104473,-1032.5595070690297,40.127771391114656,-75.23549438355225,35.13735480117612,1.5064651753433007e-05,1.4217246106964971e-05,34071.24029057665,5000.0,35735.5330324631,1055.55847482253,35751.11921056502
2023-08-09 17:00:31+00:00,39.844989609057095,-75.44002665423224,-1032.4051256519806,40.12592042360667,-75.23516760794237,36.11339573841542,1.5063362593037489e-05,1.421234261517514e-05,34113.874420858185,5000.0,35729.04803442309,1055.821200125865,35744.64479964443
2023-08-09 17:00:32+00:00,39.84499950235768,-75.44032593262983,-1032.108110368452,40.124590495020136,-75.23502066257555,36.90708132716827,1.5082702751751716e-05,1.4217682507705211e-05,34123.9315193145,5000.0,35721.63982329111,1056.095053136259,35737.24791343335
2023-08-09 17:00:33+00:00,39.84500655637953,-75.44061154144421,-1031.79480630703,40.12365203373997,-75.23502114907645,37.56933804764412,1.5097259812109448e-05,1.4227072827549233e-05,34171.87829672908,5000.0,35713.974639919375,1056.2674266700749,35729.5911739478
2023-08-09 17:00:34+00:00,39.84501877131474,-75.44089730763812,-1031.5215289228236,40.12439512280335,-75.23527071778543,37.7598238196224,1.5098397691218414e-05,1.4236541657065789e-05,34172.84600782442,5000.0,35705.583480636706,1056.370685011748,35721.20673657133
2023-08-09 17:00:35+00:00,39.84503828024786,-75.44118786245389,-1031.2884585189329,40.124839289996736,-75.23567969203724,37.837925784057006,1.510911462723787e-05,1.4257927549845891e-05,34183.371896406104,5000.0,35696.68211046224,1056.0931220052069,35712.30105128681
2023-08-09 17:00:36+00:00,39.84505863672389,-75.44148236070944,-1030.9741947997263,40.12526592106296,-75.2360727509978,37.920667553087696,1.512701102401139e-05,1.4265707588754244e-05,34227.40755405499,5000.0,35688.25775579015,1055.476046319887,35703.86213462167
2023-08-09 17:00:37+00:00,39.84507793131047,-75.44177219860812,-1030.6922269867446,40.12546660164241,-75.23639846564384,38.05234566982836,1.51544242034383e-05,1.4270456531128994e-05,34260.21234286088,5000.0,35680.08266886155,1055.1158513631528,35695.67997274449
2023-08-09 17:00:38+00:00,39.84509668694935,-75.44205592493162,-1030.6462435965104,40.12487220780663,-75.23661520867378,38.4735506719444,1.5179756638167206e-05,1.4294695802685889e-05,34311.153993135325,5000.0,35671.83766167879,1055.2305266661915,35687.441959680626
2023-08-09 17:00:39+00:00,39.84511478122418,-75.44233584486346,-1030.4174733502414,40.12453404153063,-75.23688760248757,38.80433379812166,1.5194770262009215e-05,1.4307936386488604e-05,34357.08452364291,5000.0,35663.75473078928,1055.103569442908,35679.35880926318
2023-08-09 17:00:40+00:00,39.84513157216014,-75.44260986928217,-1030.2849430668084,40.12434994679659,-75.2371793016743,39.05777719640173,1.521805222437716e-05,1.432193926973027e-05,34322.66855491642,5000.0,35655.69925721631,1055.1896929546265,35671.30940698944
2023-08-09 17:00:41+00:00,39.84514685989055,-75.44288618128328,-1030.113272831697,40.123564610945465,-75.23761303035928,39.48149756668136,1.5247218739782408e-05,1.432064138096902e-05,34308.36976438603,5000.0,35647.693416845315,1055.2679953761135,35663.30938770913
2023-08-09 17:00:42+00:00,39.84516102558827,-75.44316831239937,-1029.9497784196635,40.12277424833524,-75.23813801235593,39.89650139445439,1.5256610403893315e-05,1.4329278148741296e-05,34284.9619118756,5000.0,35640.15587033852,1055.414175945212,35655.77946903996
2023-08-09 17:00:43+00:00,39.84517579303128,-75.44345605407463,-1029.927938498022,40.12267310659052,-75.23846844693618,40.068487712182105,1.5278076911420922e-05,1.4353858659066607e-05,34345.53403744523,5000.0,35632.73004993903,1055.730971849105,35648.36628369875
2023-08-09 17:00:44+00:00,39.84518973860175,-75.44374045185492,-1029.876374709623,40.12270092968961,-75.23874447637495,40.16122734150849,1.5302156096393122e-05,1.4376835012149315e-05,34335.55095165757,5000.0,35624.98236583808,1055.9756584213235,35640.62924749579
2023-08-09 17:00:45+00:00,39.84514267478494,-75.4439799278961,-1029.3344776275262,40.12294536116584,-75.23624336023535,44.6367312790826,1.531091572928494e-05,1.4379659183567146e-05,34397.96641582216,5000.0,35622.02018438309,1055.9311883344692,35637.66704893985
2023-08-09 17:00:46+00:00,39.845097295762805,-75.4442120823972,-1028.8245895539155,40.12289964196228,-75.2364797500643,44.30302211060189,1.5320799211288396e-05,1.4374280923669169e-05,34403.12847218855,5000.0,35618.79730428423,1055.7700003984448,35634.44080797995
2023-08-09 17:00:47+00:00,39.84504713458708,-75.44443834892783,-1028.364987527486,40.12285130119837,-75.23671120860006,44.499342784285545,1.5309794484368314e-05,1.4367464243621205e-05,34412.46817569571,5000.0,35615.8697427695,1055.679710093034,35631.511856560704
2023-08-09 17:00:48+00:00,39.84499538635004,-75.44466058587096,-1027.894306993564,40.1228040397411,-75.23693570312763,44.6106054384727,1.532035714856072e-05,1.436557853142412e-05,34461.01376075522,5000.0,35613.077653312495,1055.7387958196266,35628.72274367781
2023-08-09 17:00:49+00:00,39.84494378523506,-75.44487739019003,-1027.5031225143807,40.12275947133936,-75.23715373265438,44.581837312551215,1.5327261707945883e-05,1.4368654545183274e-05,34484.598559269136,5000.0,35609.973378831,1055.8308704393703,35625.62256112902
2023-08-09 17:00:50+00:00,39.8448863830549,-75.44509327194788,-1027.0732030244624,40.12271299758,-75.23736829330879,44.68367876159027,1.535717068082483e-05,1.437597736075837e-05,34520.98547810755,5000.0,35607.17325434255,1055.867243872999,35622.82474483813
2023-08-09 17:00:51+00:00,39.84482512693728,-75.44530379657976,-1026.860442182436,40.12266949618688,-75.23757751120782,44.73449942446314,1.535019564777116e-05,1.437582259348642e-05,34538.722967493406,5000.0,35604.45329163599,1055.9440188329183,35620.10825316506
2023-08-09 17:00:52+00:00,39.84476334797128,-75.44551295226398,-1026.593427941561,40.12262318667888,-75.23778389556217,44.85360673326068,1.539188322789517e-05,1.4395687389614496e-05,34569.915843099945,5000.0,35602.03758372631,1056.055268360106,35617.696905371246
2023-08-09 17:00:53+00:00,39.844698938315645,-75.44572100031891,-1026.1372608166023,40.12256926991429,-75.23798992264895,45.069924019277096,1.5385665296216748e-05,1.4395175995305711e-05,34554.660649248675,5000.0,35599.560573865114,1056.072355688878,35615.22149127732
2023-08-09 17:00:54+00:00,39.84463198092627,-75.44592054623803,-1025.7816045598106,40.12249854281352,-75.23819684769883,45.39951467840001,1.5387443033991807e-05,1.4404445529452355e-05,34547.30605564276,5000.0,35596.9818481962,1056.3269584614482,35612.651450628924
2023-08-09 17:00:55+00:00,39.84455951401242,-75.44612519376489,-1025.4003324677658,40.12244315299757,-75.2384391956005,45.59969736333005,1.538802522571431e-05,1.4390622603611673e-05,34587.97474655235,5000.0,35595.66730889725,1056.5202494835628,35611.34322379971
2023-08-09 17:00:56+00:00,39.84448211620314,-75.4463294257043,-1025.1667857392508,40.12239504798025,-75.23863800271376,45.75298503902741,1.540309298302266e-05,1.4397448002452648e-05,34601.62593969936,5000.0,35594.321680125395,1056.8154032375164,35610.00694558714
2023-08-09 17:00:57+00:00,39.84440167642075,-75.44653238787018,-1024.8115811279397,40.12227568412959,-75.23885156785477,46.198058284819126,1.5403606451640206e-05,1.4401762347172789e-05,34653.77092300903,5000.0,35593.097841786555,1057.0007267781405,35608.78914694236
2023-08-09 17:00:58+00:00,39.844319217978224,-75.44673692252842,-1024.5345406126094,40.12215197491291,-75.23906501251697,46.6370490482077,1.5420501628593144e-05,1.4418502605669869e-05,34695.30849368711,5000.0,35592.39290949251,1057.1023122082804,35608.08754092487
2023-08-09 17:00:59+00:00,39.84423438881245,-75.44693466723794,-1024.264112438219,40.12210308323989,-75.2392590459183,46.8320347154513,1.5444669134206373e-05,1.4427961981624212e-05,34744.313282768315,5000.0,35591.43683460161,1057.3067016067002,35607.13795593096
2023-08-09 17:01:00+00:00,39.84414677964563,-75.44713634235765,-1024.124945332412,40.12206282581144,-75.23944841191252,46.96642007934861,1.5444984849004005e-05,1.443077900890494e-05,34814.450208553724,5000.0,35591.155500139655,1057.5057748950685,35606.86265734539
2023-08-09 17:01:01+00:00,39.84405755102837,-75.44733521809292,-1023.946309703054,40.12198221590552,-75.23964338329759,47.16490096482448,1.546221906285241e-05,1.4425449248332669e-05,34884.00810746911,5000.0,35591.437352016896,1057.5958282102322,35607.14705952151
2023-08-09 17:01:02+00:00,39.8439616002536,-75.44752824512923,-1023.6996105735668,40.12186147842978,-75.23984340562089,47.437376090325415,1.5470074399380383e-05,1.4443028601423004e-05,34918.474665053145,5000.0,35591.906357256856,1057.705978686893,35607.61912963419
2023-08-09 17:01:03+00:00,39.84386514164483,-75.447717795893,-1023.4013990588562,40.12171031088547,-75.24004641240002,47.7597875976935,1.5487117635013637e-05,1.4441509835335583e-05,34932.86862424801,5000.0,35592.14124753982,1057.6729123848825,35607.85293407085
2023-08-09 17:01:04+00:00,39.843764093958974,-75.44790025851,-1023.2196518533024,40.12155883630782,-75.24024530872593,48.08434751117602,1.5506104152946494e-05,1.444633455371618e-05,34950.26039945386,5000.0,35592.39961595495,1057.9061036484254,35608.11811576071
2023-08-09 17:01:05+00:00,39.843663907353374,-75.44808153640133,-1022.9105803329696,40.121376825148346,-75.24044873822307,48.45449658157304,1.5518614167444887e-05,1.4471570385029274e-05,34970.65009414421,5000.0,35592.63952976509,1058.0272352204836,35608.361522629275
2023-08-09 17:01:06+00:00,39.84356490254603,-75.44826155699916,-1022.7284022251284,40.12125484724121,-75.24063462992551,48.69068594928831,1.5505134985509666e-05,1.448612581977348e-05,34975.00120346012,5000.0,35592.40540112484,1058.0794051983112,35608.129047532464
2023-08-09 17:01:07+00:00,39.8434622547466,-75.4484428163891,-1022.4849420805076,40.12112344801694,-75.24082182146498,48.91605383483693,1.5516478497090202e-05,1.4501973555152614e-05,35032.58522912659,5000.0,35592.71356759294,1057.97117207538,35608.43386201725
2023-08-09 17:01:08+00:00,39.84335539567995,-75.44862252126629,-1022.3131596633378,40.121050706752406,-75.24099099162703,49.08380763535388,1.553391244011833e-05,1.4507645007341171e-05,35060.45400607922,5000.0,35593.04378534578,1057.9561618569624,35608.7634880229
2023-08-09 17:01:09+00:00,39.84324561257634,-75.44879705997246,-1022.0798218147428,40.12094266248955,-75.24116604440623,49.2913206985686,1.555009171027703e-05,1.4525848377658634e-05,35084.02981549471,5000.0,35593.32823210362,1057.9492366278014,35609.04760346092
2023-08-09 17:01:10+00:00,39.84313729882654,-75.44897666118408,-1021.76126311324,40.12071871074191,-75.24137343386228,49.67200047010556,1.5558306499614408e-05,1.4524750702127418e-05,35053.70570639591,5000.0,35593.79188265283,1057.8596732641795,35609.50838854591
2023-08-09 17:01:11+00:00,39.84302796263036,-75.44915801745967,-1021.528508819022,40.120522111850825,-75.241575219595,50.03050061874092,1.557017046626756e-05,1.4535169173942523e-05,35095.32412981045,5000.0,35594.663350553325,1057.7318912430867,35610.375676100026
2023-08-09 17:01:12+00:00,39.84291954648464,-75.44933317447612,-1021.2710868307634,40.12037982451127,-75.24176145480794,50.28866341733374,1.5577611948174785e-05,1.4542676878472023e-05,35096.209164286294,5000.0,35595.15089215928,1057.6796874672864,35610.861452046745
2023-08-09 17:01:13+00:00,39.84280950962064,-75.44950746173453,-1021.0580954261932,40.120238427630944,-75.24194221094517,50.537600276526064,1.5582653714874985e-05,1.4558265812194462e-05,35131.33311044228,5000.0,35596.394980119,1057.6416122941778,35612.1038603548
2023-08-09 17:01:14+00:00,39.84269294655246,-75.44967965211276,-1020.7698174587276,40.12019159180984,-75.24210076855071,50.68384424643591,1.559191349634376e-05,1.4579463088320958e-05,35106.575492727614,5000.0,35598.05708578673,1057.568458323787,35613.76306046543
2023-08-09 17:01:15+00:00,39.84257131310562,-75.44984793328338,-1020.5876975576656,40.12021490258181,-75.24224571580373,50.75328938802704,1.5597699610482004e-05,1.4586018039186885e-05,35158.62297935318,5000.0,35599.63286863757,1057.8023079566362,35615.345093154705
2023-08-09 17:01:16+00:00,39.84244754689322,-75.4500190833682,-1020.288359002618,40.12015273656287,-75.24240330249188,50.87883770908229,1.559693956970113e-05,1.4608660527493278e-05,35211.69686430974,5000.0,35601.541535936456,1057.8735306008562,35617.25503378601
2023-08-09 17:01:17+00:00,39.84231762210425,-75.4501852329762,-1020.254222673998,40.12016097393609,-75.24255028912998,50.89393949811347,1.5616887364842936e-05,1.4615620829157209e-05,35276.2365460892,5000.0,35604.27710523887,1058.0210014704203,35619.99377633564
2023-08-09 17:01:18+00:00,39.84218186045013,-75.45034550943848,-1020.2553293893596,40.12001864261552,-75.24271331529008,51.03285639616661,1.5630957300532842e-05,1.46241367463892e-05,35299.25190186635,5000.0,35607.33575719556,1058.0272265035,35623.051263720794
2023-08-09 17:01:19+00:00,39.84204509236309,-75.45050444354325,-1020.2829587367356,40.11990395346739,-75.24287009989791,51.09379074745812,1.562860088482004e-05,1.461127317035449e-05,35316.56705552072,5000.0,35610.44080460403,1058.206466964484,35626.16026496447
2023-08-09 17:01:20+00:00,39.84190312132919,-75.45066059704797,-1020.2212463646842,40.11985184805363,-75.24301838553929,51.0674242649693,1.5634610815664107e-05,1.463692459922735e-05,35312.689702096155,5000.0,35613.927201601626,1058.3278007292324,35629.6487276366
2023-08-09 17:01:21+00:00,39.84175584407096,-75.45080901518554,-1020.1753670797892,40.11982208207756,-75.24316208756676,51.00778528326191,1.5656835036855465e-05,1.4655418479870468e-05,35339.28306367643,5000.0,35617.15358974279,1058.4056617355986,35632.876004893595
2023-08-09 17:01:22+00:00,39.84160485214487,-75.45095651558188,-1020.2044819303516,40.1196465292488,-75.24331028899803,51.023488133214414,1.5686306872775064e-05,1.4674660287109487e-05,35361.4112945516,5000.0,35620.88043338083,1058.3903192218938,35636.60074862691
2023-08-09 17:01:23+00:00,39.84145875711597,-75.45109964056749,-1020.0110146416582,40.11912257069663,-75.24348524547757,51.405665011145175,1.5698739774740297e-05,1.468551766625901e-05,35407.8787067366,5000.0,35624.028089567495,1058.333893599756,35639.74534079384
2023-08-09 17:01:24+00:00,39.84131783760381,-75.4512409774211,-1019.9397580954958,40.1187355085788,-75.24365256635255,51.79470505262725,1.5729271109945157e-05,1.4710205210425714e-05,35432.081241996064,5000.0,35626.41972612482,1058.254057276742,35642.13355218453
2023-08-09 17:01:25+00:00,39.841174345961065,-75.45138217801126,-1019.839635591233,40.11862078920674,-75.24378225657046,51.94982343632728,1.573181361649274e-05,1.4712135520179704e-05,35393.41098120972,5000.0,35628.96679427915,1058.1283206301591,35644.67576470245
2023-08-09 17:01:26+00:00,39.84102559366781,-75.45151992526584,-1019.74756309118,40.118566823667,-75.24389788620361,51.98308268887922,1.5743519841432953e-05,1.4718373719419943e-05,35389.77405230971,5000.0,35631.6474649091,1058.2437603606002,35647.35868083224
2023-08-09 17:01:27+00:00,39.84087331197928,-75.45165331278909,-1019.7260810153756,40.11842255884928,-75.24402614401612,52.05576758994721,1.5770822609796883e-05,1.4729638050252362e-05,35453.654127127884,5000.0,35634.55980583465,1058.592887575673,35650.28010348912
2023-08-09 17:01:28+00:00,39.84072666796786,-75.45178782850459,-1019.6998534890791,40.11806128023699,-75.24421128574845,52.364590760553256,1.5760433713259285e-05,1.476791775137646e-05,35532.682367281566,5000.0,35636.982667764045,1058.886437393685,35652.71061433915
2023-08-09 17:01:29+00:00,39.840580008709495,-75.45192094391729,-1019.6044590390148,40.11768689694961,-75.24440744316185,52.71163128432818,1.5795031871236428e-05,1.4779050049860886e-05,35547.68748125699,5000.0,35639.533795805684,1059.0124088377847,35655.26435835875
2023-08-09 17:01:30+00:00,39.84043721843179,-75.45205191120397,-1019.4902144374598,40.11752891464076,-75.24453998485032,52.803039766382426,1.5804183622301188e-05,1.478659185194528e-05,35562.89382782508,5000.0,35641.13183832593,1059.3307383671947,35656.871151717445
2023-08-09 17:01:31+00:00,39.84029239169256,-75.45218423741653,-1019.1506296097724,40.11733848643205,-75.24468538942251,52.956476537976414,1.581856407922531e-05,1.4810670119043264e-05,35586.44368814424,5000.0,35642.986414567735,1059.2968416773613,35658.72390240357
2023-08-09 17:01:32+00:00,39.84014786223713,-75.45232277087072,-1019.1331980139828,40.117187673445606,-75.24481982583815,53.08612145576626,1.583606291814761e-05,1.4817126025826357e-05,35571.568070486384,5000.0,35645.528137277215,1059.648620435212,35661.27495455276
2023-08-09 17:01:33+00:00,39.8400029009201,-75.45246818872128,-1019.0686164837958,40.11699205693616,-75.24496511743541,53.24812666187063,1.5858390450398457e-05,1.4831728287790712e-05,35598.77061338414,5000.0,35648.40817571794,1059.9379113848152,35664.16231791495
2023-08-09 17:01:34+00:00,39.83984962301719,-75.45261135906702,-1019.1784917363392,40.116898223127,-75.24510349588405,53.26349298283458,1.5880053314931616e-05,1.4857153133987274e-05,35663.060951527645,5000.0,35652.24090075045,1060.5274493945678,35668.01087411607
2023-08-09 17:01:35+00:00,39.83969930101945,-75.45274656343543,-1019.1533806510712,40.11673480155465,-75.24523178371203,53.36009379080497,1.5908197951463127e-05,1.486647994771716e-05,35695.745694991674,5000.0,35656.085799821536,1060.86588833441,35671.86413684133
2023-08-09 17:01:36+00:00,39.83954780307472,-75.45288322260093,-1019.189380618228,40.11659872491811,-75.24536574571633,53.40249024471268,1.591705028528565e-05,1.4875820590831365e-05,35753.8672594142,5000.0,35659.631287468546,1061.3231437348184,35675.42165656396
2023-08-09 17:01:37+00:00,39.8393922654616,-75.4530140796169,-1019.1187260757016,40.11645603216114,-75.24549275788642,53.43770385393873,1.5932617158896846e-05,1.4871591838342632e-05,35755.51204209686,5000.0,35663.37072658051,1061.6845741753093,35679.17019377779
2023-08-09 17:01:38+00:00,39.83924968692929,-75.45312793840051,-1018.947335041492,40.11573283106282,-75.24536152604014,54.050505770836025,1.594169668241842e-05,1.4890325657602837e-05,35794.82404105656,5000.0,35665.3310713289,1061.857616454269,35681.134819749226
2023-08-09 17:01:39+00:00,39.83910996330599,-75.45323471753653,-1018.7234415504904,40.1152715612992,-75.24532700031767,54.486605677288026,1.594970358142901e-05,1.488580312702964e-05,35826.52629789411,5000.0,35666.164617939234,1061.9763774349117,35681.97153157558
2023-08-09 17:01:40+00:00,39.83897266989494,-75.45333628473587,-1018.5939774201274,40.1150566556752,-75.24539317069343,54.73782438179478,1.594945503212472e-05,1.48894206207578e-05,35812.82689589654,5000.0,35666.37415587303,1062.1833383441058,35682.187136875225
2023-08-09 17:01:41+00:00,39.83883614133852,-75.45343439077105,-1018.2697347926068,40.11483040920244,-75.24546361785816,55.015614612028,1.5979699505446927e-05,1.4891025189399254e-05,35834.359316529095,5000.0,35666.40936384461,1062.377405425946,35682.228106732655
2023-08-09 17:01:42+00:00,39.83869678324365,-75.45353031702534,-1018.2054735009326,40.11464715656937,-75.24555571952402,55.20236121513881,1.597687042739744e-05,1.4900449162365689e-05,35857.59504895063,5000.0,35666.213284903955,1062.7147904051544,35682.04216142912
2023-08-09 17:01:43+00:00,39.83855959892253,-75.4536225366594,-1018.149916251524,40.11436842636274,-75.24565321522171,55.39576423144899,1.5984547432800498e-05,1.4919228439567732e-05,35911.45038445045,5000.0,35665.580819486895,1063.1258516870464,35681.42222176516
2023-08-09 17:01:44+00:00,39.83842340125744,-75.45371841170896,-1018.2031060340582,40.11404159968485,-75.24576856345975,55.55067366803996,1.6002195382648164e-05,1.492301309946656e-05,35931.74595327789,5000.0,35665.198105660864,1063.507301001302,35681.05104527217
2023-08-09 17:01:45+00:00,39.83832395495469,-75.45384130995127,-1017.3548273379472,40.119530189666165,-75.25314163886009,62.90100344736129,1.6017542263735064e-05,1.4930227494699918e-05,35896.50331651676,5000.0,35662.07820650067,1062.9445169887504,35677.915761052616
2023-08-09 17:01:46+00:00,39.83821611428381,-75.45395820511924,-1016.6978448017572,40.119430966619305,-75.2532611663368,62.27614052616991,1.6028387279916676e-05,1.4956506586487394e-05,35905.31718402484,5000.0,35659.03211689079,1062.474768330446,35674.85703050242
2023-08-09 17:01:47+00:00,39.83810709980705,-75.45407771970147,-1016.2557031684456,40.11932367065903,-75.25337744838976,61.47633176809177,1.6040148959619337e-05,1.4971757902458464e-05,35963.091238853165,5000.0,35656.19396646376,1062.0355529713777,35672.00706001643
2023-08-09 17:01:48+00:00,39.8379876077689,-75.45419640516232,-1015.8849180763308,40.11921092209504,-75.25349342903728,60.76019988954067,1.60336945855138e-05,1.4985738067172955e-05,35927.13649249171,5000.0,35653.48657206981,1061.5585554393017,35669.286666702326
2023-08-09 17:01:49+00:00,39.83785950349956,-75.45431480659646,-1015.758578397531,40.11909577604461,-75.253611103475,59.9711245377548,1.6042217209070412e-05,1.4985320128044527e-05,35971.06482266456,5000.0,35651.41356013981,1061.5142852765423,35667.21325550914
2023-08-09 17:01:50+00:00,39.83772614206948,-75.45443478804317,-1015.7950656239624,40.11897928325797,-75.25372929776415,59.17639597831294,1.60435195891975e-05,1.4993074264929752e-05,35968.1497533109,5000.0,35649.47622666732,1061.5898330187702,35665.2790288999
2023-08-09 17:01:51+00:00,39.83758352163972,-75.45455297077741,-1015.9383572071816,40.11885990210672,-75.25384662452257,58.42391442786902,1.607007891865181e-05,1.4997822743786916e-05,35951.15395979555,5000.0,35648.252570035525,1061.3738876522057,35664.04948721379
2023-08-09 17:01:52+00:00,39.83743319895473,-75.45466818934838,-1016.1263492813864,40.11873008807497,-75.25396282570048,57.86637762794271,1.609327922908623e-05,1.5017213372676734e-05,35939.7853206067,5000.0,35647.174900752274,1061.130950890647,35662.96506601436
2023-08-09 17:01:53+00:00,39.83727232658117,-75.45478301103634,-1016.3812824659634,40.11859822861334,-75.2540784203156,57.273482099873945,1.6107112393565134e-05,1.5021732064662476e-05,35956.244775038744,5000.0,35646.985359386774,1060.8014244040037,35662.7658051693
2023-08-09 17:01:54+00:00,39.83710055351597,-75.45489611128352,-1016.7348867639704,40.11846905032612,-75.25419372978364,56.55582714546472,1.6128841408029885e-05,1.503846736670851e-05,35965.182928046816,5000.0,35647.34017078691,1060.710732048953,35663.11776203648
2023-08-09 17:01:55+00:00,39.836916586614834,-75.45500982351857,-1017.2067745140984,40.11833849924759,-75.25431021902678,55.7741908649914,1.613126822194866e-05,1.503837149300139e-05,35984.954957652386,5000.0,35648.14837730985,1060.7820605458935,35663.92773252373
2023-08-09 17:01:56+00:00,39.83672601000649,-75.45512882964383,-1017.7043868624093,40.1181946190032,-75.25443018881494,55.046356031438336,1.61490490162657e-05,1.5057489022307982e-05,35963.41916966928,5000.0,35649.79757438713,1060.9442277028877,35665.58102357334
2023-08-09 17:01:57+00:00,39.83652581298084,-75.45525066857476,-1018.1541004372934,40.11804465770599,-75.25455419902018,54.2843366835732,1.616833445210138e-05,1.5059583776666618e-05,35926.50204989448,5000.0,35651.87423768549,1060.340786688063,35667.63882350017
2023-08-09 17:01:58+00:00,39.8363224506501,-75.4553687284182,-1018.706110920161,40.11784508498956,-75.25467369564764,53.69976358558051,1.6186616399076336e-05,1.5085171137081166e-05,35908.2649337396,5000.0,35653.99393326016,1060.1781162170996,35669.75274698519
2023-08-09 17:01:59+00:00,39.83611423053127,-75.45548209476236,-1019.377770908612,40.11762742586218,-75.25478724128936,53.11706722853705,1.6199577662070666e-05,1.5112986799837289e-05,35911.5161033056,5000.0,35656.48247285964,1060.000568165878,35672.23491094802
2023-08-09 17:02:00+00:00,39.83591288255336,-75.45559255114325,-1019.9676512224548,40.1172808121046,-75.25487788261876,53.12085345271044,1.6230068642033154e-05,1.5113022968262824e-05,35890.18192743353,5000.0,35657.898998477445,1059.9736838034344,35673.65001224257
2023-08-09 17:02:01+00:00,39.83570785301495,-75.45570065922794,-1020.5427798404456,40.117103429373785,-75.25498908079983,52.527584759984165,1.62362888443294e-05,1.5143554172534327e-05,35906.817165822795,5000.0,35659.06446882166,1059.685422733552,35674.806404334326
2023-08-09 17:02:02+00:00,39.83549996503183,-75.45580808927728,-1020.9379689111385,40.11690129825459,-75.25509412872574,52.042208331404254,1.6268060876806364e-05,1.5140581310759742e-05,35948.26057533463,5000.0,35660.61706921264,1059.4860650991532,35676.352398741095
2023-08-09 17:02:03+00:00,39.83529209986944,-75.45591576397032,-1021.4051918085088,40.11668306112078,-75.25519529048078,51.61206489801407,1.6274503929740242e-05,1.5159681199172618e-05,35956.993097307786,5000.0,35662.18216029634,1059.4393496089754,35677.915412333976
2023-08-09 17:02:04+00:00,39.8350873517635,-75.45602111435835,-1021.7571916709106,40.11642649192648,-75.25529342484118,51.27089960500598,1.628789645977113e-05,1.51874102277085e-05,35994.998085272804,5000.0,35663.173334842606,1059.2816888827224,35678.901468619115
2023-08-09 17:02:05+00:00,39.83487810124886,-75.45612473501254,-1022.2018625682668,40.11618362813374,-75.25539078046664,50.86131970700808,1.630439934691912e-05,1.5196612067219697e-05,35980.20931798225,5000.0,35664.9098028962,1059.209275620554,35680.635021511065
2023-08-09 17:02:06+00:00,39.83466917611173,-75.4562254780912,-1022.5732427082492,40.11589509370416,-75.25548405065179,50.549607884837314,1.6310756881546537e-05,1.5215779510825411e-05,35974.99309181146,5000.0,35666.59011360183,1059.314412005528,35682.31771277144
2023-08-09 17:02:07+00:00,39.83446438530683,-75.45632313826223,-1022.9965460749306,40.11558493312141,-75.25557526602722,50.28806990990415,1.6316018724161047e-05,1.5223857548301883e-05,36027.08743764968,5000.0,35667.6771368687,1059.381716193321,35683.40625501594
2023-08-09 17:02:08+00:00,39.83425840012485,-75.4564180433519,-1023.4513795014516,40.11528758122776,-75.25566443493058,49.99835462262854,1.6309351698809496e-05,1.522662209998446e-05,35999.58601697771,5000.0,35668.47325260992,1059.46677888703,35684.20454525664
2023-08-09 17:02:09+00:00,39.83405178442843,-75.45651110204611,-1023.8597879711264,40.11506104648132,-75.25575292306617,49.618146777153015,1.6310553348944348e-05,1.5228702618877856e-05,35988.97663893875,5000.0,35669.75184194022,1059.8996770586298,35685.49542588735
2023-08-09 17:02:10+00:00,39.83384752379178,-75.45660796837049,-1024.2890898155797,40.11469192361522,-75.25584590268481,49.36914083268493,1.634957626260078e-05,1.5235761047141248e-05,36044.85376923398,5000.0,35670.35934405438,1060.353696074608,35686.11614752643
2023-08-09 17:02:11+00:00,39.83364880804929,-75.45669994040873,-1024.697955370213,40.11433703037936,-75.25593978777042,49.108490065904334,1.638093452025246e-05,1.524369310454251e-05,36085.849705122055,5000.0,35670.289790515744,1060.6729068400657,35686.056110961275
2023-08-09 17:02:12+00:00,39.83344927060861,-75.4567908560393,-1025.0299176910266,40.11417379035897,-75.25602331626487,48.68244385602884,1.6403598433242354e-05,1.5256917018432509e-05,36124.46411432352,5000.0,35670.92363730287,1060.7828510059755,35686.69294562443
2023-08-09 17:02:13+00:00,39.83325430189951,-75.45687681036122,-1025.4959201660104,40.11397232124786,-75.2561036939677,48.26201913692057,1.640486919254216e-05,1.5263713323729033e-05,36151.85527369844,5000.0,35670.49163712911,1060.905304108136,35686.26477650446
2023-08-09 17:02:14+00:00,39.833064788114186,-75.45695811357594,-1025.9448632967644,40.113569998342975,-75.25619503565828,47.97456008591689,1.6413028381189807e-05,1.5275860464713115e-05,36157.97090121116,5000.0,35669.417867121185,1060.7962446764084,35685.18823898822
2023-08-09 17:02:15+00:00,39.83287533248165,-75.4570503937752,-1026.276811848452,40.113270979548,-75.25659271408456,47.7431427068077,1.6425567404753166e-05,1.5274301275030032e-05,36182.041086706806,5000.0,35669.31776647538,1060.4936296568596,35685.07918814724
2023-08-09 17:02:16+00:00,39.83268621562844,-75.45714437648763,-1026.5438660661964,40.11288583112543,-75.25670252446659,47.49695356795564,1.6461608226119217e-05,1.5276502036448133e-05,36219.55520976734,5000.0,35668.995444698216,1060.1646509525378,35684.74723353147
2023-08-09 17:02:17+00:00,39.83250009569623,-75.45723900552298,-1026.8907808156855,40.1122871336118,-75.25684379649086,47.32322446885519,1.645963770912703e-05,1.528231419535943e-05,36215.65206234704,5000.0,35668.699295881015,1060.023032396564,35684.44700831434
2023-08-09 17:02:18+00:00,39.83231679404209,-75.45733207994553,-1027.2924474049778,40.11206024618348,-75.256937027906,47.00811207876541,1.6463922112167366e-05,1.5288244391742083e-05,36211.00878594945,5000.0,35668.81635970606,1060.0026589977383,35684.56341528529
2023-08-09 17:02:19+00:00,39.83213705770847,-75.45742469809635,-1027.6223337347574,40.112057928113,-75.25699267118601,46.62553525855765,1.6474423186387295e-05,1.530297646698366e-05,36226.26355661523,5000.0,35668.10645307875,1060.0099403333725,35683.85403823084
2023-08-09 17:02:20+00:00,39.831961397097686,-75.45751614739208,-1027.8103749230113,40.11214102096611,-75.25703516601834,46.21245947643183,1.646850517927103e-05,1.5312183962175458e-05,36268.954022724,5000.0,35667.35251440864,1059.8648522643691,35683.09612256422
2023-08-09 17:02:21+00:00,39.83179357441224,-75.45760299492778,-1028.1653277885662,40.11259356977377,-75.25702912040046,45.65244448068552,1.6486449178899338e-05,1.533024701876527e-05,36340.69423990165,5000.0,35666.23837300272,1059.9632906815905,35681.985396799944
2023-08-09 17:02:22+00:00,39.83162206390662,-75.45769486137286,-1028.406915068882,40.11166934896279,-75.25720337151623,45.55581183265895,1.650089689092671e-05,1.5336792470795434e-05,36335.58490077835,5000.0,35665.831085448015,1060.0105213061893,35681.57969206226
2023-08-09 17:02:23+00:00,39.83145421740012,-75.45778654639092,-1028.685995834389,40.11123437505227,-75.25731475145771,45.3542761777062,1.6498433058434602e-05,1.5346450154791523e-05,36339.35367087642,5000.0,35665.47724794184,1060.2999236338248,35681.234609406594
2023-08-09 17:02:24+00:00,39.83129194523606,-75.45787560839729,-1028.9471100984488,40.1115478838201,-75.25736936462312,44.92292783386074,1.6505204556915838e-05,1.5353473356950273e-05,36364.52856133954,5000.0,35665.31061835325,1060.4568516968352,35681.07271702929
2023-08-09 17:02:25+00:00,39.83113864597253,-75.45796461304553,-1029.281323921351,40.11167832379967,-75.25744024326038,44.53898198576644,1.6509227368104966e-05,1.536615687897052e-05,36434.495392826015,5000.0,35664.679044355784,1060.697814482124,35680.44858449173
2023-08-09 17:02:26+00:00,39.830992478011936,-75.4580495639632,-1029.529487374626,40.11213299015775,-75.25751140204211,44.04049897752702,1.6533415090863316e-05,1.538244386543836e-05,36448.83746321536,5000.0,35663.45575111385,1060.570371269952,35679.22204342565
2023-08-09 17:02:27+00:00,39.83084704004892,-75.45814360267522,-1029.8266049838496,40.112537897937386,-75.25802837991084,43.55517383525148,1.653214833498447e-05,1.5405022887668658e-05,36463.72722032978,5000.0,35662.80310336531,1060.4908623444192,35678.56732071116
2023-08-09 17:02:28+00:00,39.83071086167773,-75.45823675782822,-1030.0920871821031,40.112695328711794,-75.25812514064616,43.0714392287191,1.6546483525836975e-05,1.540682850568357e-05,36472.66080178815,5000.0,35661.38976230217,1060.412272030661,35677.152268160404
2023-08-09 17:02:29+00:00,39.83058524217672,-75.4583310956929,-1030.4768688603594,40.1131586188924,-75.25824084448425,42.4554489008151,1.6553533172506432e-05,1.5422175196267794e-05,36494.99501320503,5000.0,35658.869689826206,1060.546811913869,35674.637308545505
2023-08-09 17:02:30+00:00,39.83046839628065,-75.45842914827475,-1030.9452264694055,40.11326158720412,-75.25834957806094,41.9412202546373,1.6556705928585422e-05,1.545440701075912e-05,36561.11025598474,5000.0,35656.30641672728,1060.5907152142856,35672.07647374548
2023-08-09 17:02:31+00:00,39.830357576823815,-75.45852689588118,-1031.428082734924,40.113490038564,-75.25848592254394,41.36020479956642,1.6568129027363885e-05,1.5453629356402302e-05,36593.81441458564,5000.0,35653.715253692826,1060.6464584853136,35669.48811381102
2023-08-09 17:02:32+00:00,39.83025348056616,-75.45863075943979,-1031.9265696944324,40.11368995124742,-75.25863636888297,40.75292227650061,1.6589829315197434e-05,1.546403915365385e-05,36644.60069752531,5000.0,35651.32994049598,1060.6047798064194,35667.102616067
2023-08-09 17:02:33+00:00,39.83015553846744,-75.45873543184115,-1032.540703118319,40.113668308418994,-75.25874947888336,40.14635596820153,1.660872995647129e-05,1.5476826453180992e-05,36661.09289584999,5000.0,35648.8033665103,1060.78957836068,35664.58265553762
2023-08-09 17:02:34+00:00,39.830061814652666,-75.45884014697867,-1032.9816041766117,40.11368553855502,-75.25888559283081,39.56861245422624,1.6623137379695917e-05,1.5483044162997766e-05,36688.84229822792,5000.0,35646.11768204783,1060.868600517807,35661.90051006771
2023-08-09 17:02:35+00:00,39.82996415529459,-75.4589398927728,-1033.3974112244991,40.11331813845239,-75.25889595359078,39.27026801207103,1.663198371309628e-05,1.5507617050362848e-05,36691.03670987729,5000.0,35643.69220328257,1060.8171075319935,35659.47457293754
2023-08-09 17:02:36+00:00,39.829862258864594,-75.45903464512705,-1033.7362783530823,40.11296561956604,-75.25889665645326,38.95453024073504,1.6635114604314593e-05,1.5514723947865425e-05,36666.89000354243,5000.0,35641.778151929306,1060.9149730550253,35657.56428040756
2023-08-09 17:02:37+00:00,39.82975696461901,-75.45912228157732,-1034.2773167245723,40.112547359483614,-75.25885981828822,38.65992255625315,1.6643231192064065e-05,1.551517962854467e-05,36686.70776066896,5000.0,35639.89854666821,1061.0578813064526,35655.68975976044
2023-08-09 17:02:38+00:00,39.82965488028897,-75.45921364954624,-1034.700768099597,40.1125325547651,-75.2589859233238,38.1635910870973,1.6631865560301422e-05,1.5514845775389e-05,36723.16472649386,5000.0,35637.436760292134,1061.016234056753,35653.22782431842
2023-08-09 17:02:39+00:00,39.82955248227457,-75.45930625992119,-1035.227752854672,40.11242767088213,-75.25907791243161,37.66880738618784,1.664367266529928e-05,1.553156799872682e-05,36741.340565752274,5000.0,35635.21811223369,1061.0005155362055,35651.00969117756
2023-08-09 17:02:40+00:00,39.82944591158298,-75.45939801577927,-1035.663055200097,40.112064989879926,-75.25905583896443,37.2612877774518,1.6653241328736564e-05,1.5543149344662095e-05,36824.38555064205,5000.0,35633.50233844998,1060.8419544652013,35649.289958660804
2023-08-09 17:02:41+00:00,39.829341158920045,-75.45949153456561,-1036.2249409284968,40.11192384521301,-75.25913007349908,36.74267132254317,1.6665214493102225e-05,1.554592682223491e-05,36870.23793057553,5000.0,35631.740045583625,1060.7865705754782,35647.52679814353
2023-08-09 17:02:42+00:00,39.829232216720605,-75.45957868146897,-1036.686467134491,40.11162302632301,-75.25911950513203,36.31994615122676,1.6690069274320368e-05,1.5555370601515197e-05,36919.35186674202,5000.0,35630.369443668664,1060.721152466308,35646.154856528454
2023-08-09 17:02:43+00:00,39.82911774092595,-75.45965156970315,-1037.2468426203873,40.11098284283067,-75.25892329060585,36.052353320643306,1.66823181062509e-05,1.555488019261579e-05,36877.03757356726,5000.0,35629.21780836051,1060.8436031521917,35645.00737531054
2023-08-09 17:02:44+00:00,39.82899874799641,-75.4597075795898,-1037.7097689968823,40.11035394390807,-75.25873421309373,35.73063767305575,1.6690136246192606e-05,1.5561887556072758e-05,36888.21071008993,5000.0,35627.74386987941,1060.8115346602046,35643.53313533603
2023-08-09 17:02:45+00:00,39.82885635187233,-75.45978318767604,-1037.3796827908782,40.11406422155987,-75.26959311747528,42.91862138709985,1.669663826577642e-05,1.556870119539044e-05,36955.96395599178,5000.0,35629.19464937615,1060.158580726132,35644.96384595475
2023-08-09 17:02:46+00:00,39.82871424465928,-75.45985894685569,-1037.1737676783162,40.113927603810936,-75.26966914835302,41.9190343185328,1.66939926197079e-05,1.559527107589985e-05,36919.09606726482,5000.0,35630.1571595186,1059.6237325816992,35645.91002719169
2023-08-09 17:02:47+00:00,39.82856696110871,-75.45993544865496,-1037.00320826607,40.113790438904815,-75.26974614514556,40.82678949437104,1.6699999667818055e-05,1.559049802563871e-05,36929.14926020891,5000.0,35631.15096987071,1059.0884864053728,35646.887491894086
2023-08-09 17:02:48+00:00,39.82841413107282,-75.46000965715604,-1037.0205965689402,40.11365110433808,-75.2698199798907,39.77596179675311,1.6694813536575305e-05,1.5585235760860877e-05,36954.83950904031,5000.0,35632.787693925784,1058.7008701508116,35648.51197978461
2023-08-09 17:02:49+00:00,39.82826134762204,-75.46007912353983,-1037.041957459876,40.11351379164741,-75.26988920976099,38.84981521032751,1.673129836215612e-05,1.5586584113669897e-05,36942.29299829068,5000.0,35634.3174240073,1058.0155875140442,35650.0206908542
2023-08-09 17:02:50+00:00,39.828108645878544,-75.46014737684895,-1037.3566957525932,40.11338716363377,-75.26995541140286,37.85255230474286,1.673206297808141e-05,1.5601695659317808e-05,36981.04961191714,5000.0,35634.96190198682,1057.5134271386255,35650.64998572439
2023-08-09 17:02:51+00:00,39.82796193281434,-75.46021347928581,-1037.510322250797,40.11327347166658,-75.27001689811314,36.87534815631807,1.6748587786887088e-05,1.5619400147156113e-05,36994.66211979492,5000.0,35634.76836086102,1057.1595385800845,35650.44603398718
2023-08-09 17:02:52+00:00,39.82781687276636,-75.46027368222033,-1037.7484833122462,40.113165652102936,-75.27007428854418,36.12840661639348,1.675090620207355e-05,1.565606039944631e-05,37006.16518802461,5000.0,35634.88655460167,1056.8090312601264,35650.553783747644
2023-08-09 17:02:53+00:00,39.82767475249581,-75.46033064645388,-1038.0351622561338,40.11308686688805,-75.27013082978728,35.35127691249363,1.675838726404171e-05,1.566568467792438e-05,37013.20540955078,5000.0,35634.81966595183,1056.493389215358,35650.477569120485
2023-08-09 17:02:54+00:00,39.82752887735641,-75.46038853470849,-1038.5052120527575,40.11301169332746,-75.27017909467872,34.58231937070377,1.677472716785465e-05,1.5699900419968312e-05,37071.247268577485,5000.0,35636.02826404715,1056.4454417366671,35651.68421557856
2023-08-09 17:02:55+00:00,39.8273811252756,-75.46044632945132,-1038.8110130032032,40.1129512884251,-75.27022529350464,33.76225663232617,1.678949165131103e-05,1.5696627080289208e-05,37066.43059181149,5000.0,35638.316213622675,1056.0942071081702,35653.96075496309
2023-08-09 17:02:56+00:00,39.827233555748734,-75.46049624202186,-1039.2296621052203,40.11288452149169,-75.27026856248622,33.01702725980431,1.679013606066415e-05,1.5695289227894894e-05,37098.63701046498,5000.0,35640.28631699577,1055.9430400416522,35655.92551682326
2023-08-09 17:02:57+00:00,39.82709760978395,-75.46054116827554,-1039.359701743425,40.11279739593381,-75.27030912257077,32.54563520778902,1.679195183866985e-05,1.5686754507667704e-05,37134.11387853987,5000.0,35641.0087008699,1055.7116567116848,35656.64073237411
2023-08-09 17:02:58+00:00,39.82697146475586,-75.46058492616461,-1039.3134329352883,40.1127565782164,-75.27034264902788,32.284821240464225,1.6798919003703636e-05,1.56855434532281e-05,37179.66132935156,5000.0,35641.18830891527,1055.475102402328,35656.813258665585
2023-08-09 17:02:59+00:00,39.8268510873177,-75.46062985697583,-1038.9156918246383,40.11275706138225,-75.27037350202289,32.28254049597308,1.6826118766820544e-05,1.568826835042096e-05,37164.57998200588,5000.0,35641.252286743555,1055.127626025916,35656.86692454212
2023-08-09 17:03:00+00:00,39.82672621562165,-75.46067472790449,-1038.6206589877552,40.11276270470932,-75.27040766589208,32.439466257346794,1.6842802367505427e-05,1.569144706077274e-05,37173.91444075195,5000.0,35643.24417202812,1055.097475508561,35658.85704547527
2023-08-09 17:03:01+00:00,39.82659175422432,-75.46072672281768,-1038.147693429113,40.11279991223152,-75.27044586309135,32.57186043448746,1.6850500948340267e-05,1.5688576762279774e-05,37158.492327047024,5000.0,35648.431741935856,1055.2412923716574,35664.04659940577
2023-08-09 17:03:02+00:00,39.826446453805445,-75.46078423131704,-1037.47723986879,40.11287709432798,-75.27049235748636,32.82752928836271,1.6869471213789387e-05,1.5712644551255445e-05,37148.15252840729,5000.0,35654.18551450593,1054.9728350014875,35669.78991226883
2023-08-09 17:03:03+00:00,39.82629211717024,-75.46085159842106,-1036.544244467189,40.11291328215764,-75.27055371371267,33.40042670699768,1.6873353986925834e-05,1.5713209680304735e-05,37204.493240938704,5000.0,35660.84545371789,1054.6589141054164,35676.437657073526
2023-08-09 17:03:04+00:00,39.82612377806471,-75.46092284619948,-1035.8786660024068,40.112894170217785,-75.27062910842899,34.03966510645114,1.6894803784302735e-05,1.5716831466355334e-05,37221.079824428365,5000.0,35668.69658116678,1054.921052534211,35684.29310251807
2023-08-09 17:03:05+00:00,39.825943449118526,-75.46100479109126,-1035.4593479225557,40.11292960474227,-75.27072588792399,34.41531679639593,1.6920111582106694e-05,1.5728745875074184e-05,37278.01867311558,5000.0,35675.97137297995,1055.697919305693,35691.58768537078
2023-08-09 17:03:06+00:00,39.82574978221338,-75.4610958558016,-1035.1712570957793,40.11289874507715,-75.27083899709062,34.66045371093787,1.690856967118574e-05,1.5727243048587265e-05,37283.09697303832,5000.0,35684.187504647925,1056.4846714125165,35699.82349715193
2023-08-09 17:03:07+00:00,39.82554204859888,-75.46119452194205,-1035.125202828845,40.11279947596486,-75.270961421478,34.727069900138304,1.692553424754353e-05,1.5753835497911354e-05,37290.68677937135,5000.0,35693.137211723086,1057.2275372299328,35708.79127162341
2023-08-09 17:03:08+00:00,39.8253172920294,-75.46129746483749,-1035.07913938123,40.112588677459016,-75.27106955391133,34.78307793592103,1.6918206842534894e-05,1.5761461683343327e-05,37363.06873291285,5000.0,35703.41932297628,1057.9228500127892,35719.08946360272
2023-08-09 17:03:09+00:00,39.82508712352476,-75.46140562725853,-1035.144679086136,40.11229634898941,-75.27114866387704,34.98428956628777,1.6917001593856348e-05,1.5770316747749753e-05,37431.37538894128,5000.0,35713.42591821852,1058.2080583363836,35729.10011616316
2023-08-09 17:03:10+00:00,39.82485488089836,-75.46151973731335,-1035.2439847220044,40.112021065977245,-75.27123129149021,35.10547800268978,1.6920282720382808e-05,1.5764743641900357e-05,37453.80002468172,5000.0,35722.740706226105,1058.3405251818435,35738.41474144462
2023-08-09 17:03:11+00:00,39.8246208082194,-75.4616433510041,-1035.6480471610128,40.11176386666632,-75.2713197887972,35.077705182135105,1.6928236275418333e-05,1.5774843530943133e-05,37512.626250761976,5000.0,35731.87417081737,1059.0184812862142,35747.564279302045
2023-08-09 17:03:12+00:00,39.82438297207722,-75.46176879425647,-1036.0397622184928,40.11152099349374,-75.27141394193772,34.94863582844846,1.695885574164036e-05,1.5785212853505125e-05,37590.00287326934,5000.0,35740.76274791143,1059.492351126729,35756.46299404612
2023-08-09 17:03:13+00:00,39.82413674090468,-75.4618979723245,-1036.5229515624424,40.11128502450683,-75.27149944811877,34.78221160103567,1.6942756243166404e-05,1.5798757823187273e-05,37656.20421560335,5000.0,35750.73235047362,1059.8086611731928,35766.437591595546
2023-08-09 17:03:14+00:00,39.823892785860735,-75.46202153879655,-1036.868209081359,40.11106836485323,-75.27155509181566,34.69600174808875,1.6943484876263513e-05,1.5809336246641987e-05,37675.258056075225,5000.0,35760.12100857208,1060.075462182009,35775.83003276428
2023-08-09 17:03:15+00:00,39.82364532052158,-75.46215273223088,-1037.470748882526,40.11082199842076,-75.27167490110438,34.217446176568046,1.695269972032907e-05,1.5824036239181215e-05,37695.2293294182,5000.0,35769.14742945769,1060.309694185587,35784.85943074059
2023-08-09 17:03:16+00:00,39.82339588945171,-75.46229006386054,-1038.1651923366087,40.110587746569415,-75.27177586942632,33.817760488484055,1.6960738763084886e-05,1.5827892043793985e-05,37720.353031638886,5000.0,35778.4339973899,1060.4822745634065,35794.147034958776
2023-08-09 17:03:17+00:00,39.82314340592228,-75.4624357009394,-1038.79024874852,40.11032845347033,-75.27191343745702,33.204552522394806,1.6966315042607917e-05,1.5834885409259136e-05,37693.52502512397,5000.0,35787.479515024344,1061.4765906368243,35803.2180479738
2023-08-09 17:03:18+00:00,39.82288747732712,-75.46258881362667,-1039.326327413915,40.11006012321055,-75.272048763915,32.60793290892616,1.6992400109786797e-05,1.5844714165114026e-05,37716.38282653546,5000.0,35797.38079926511,1061.8057386170003,35813.12473820393
2023-08-09 17:03:19+00:00,39.8226257084218,-75.46274498859147,-1039.6983921141757,40.10978149972562,-75.27218687806067,32.14332336653024,1.699052641177394e-05,1.58386821578866e-05,37725.75702230072,5000.0,35807.72739293315,1061.8981103358426,35823.4695226935
2023-08-09 17:03:20+00:00,39.82235959207506,-75.46290140547765,-1039.9411291956171,40.10951062586237,-75.27238920740709,31.615681481547654,1.700161413287492e-05,1.5852105239128325e-05,37769.992698239344,5000.0,35818.459232155394,1061.595922647242,35834.187693717286
2023-08-09 17:03:21+00:00,39.82208643200764,-75.46306073863866,-1040.1453584300627,40.10925629678169,-75.2726126459734,31.083341095712967,1.7019272658017435e-05,1.5856749334300303e-05,37802.35531421179,5000.0,35829.92810920838,1061.272380612883,35845.64195794089
2023-08-09 17:03:22+00:00,39.82180853241425,-75.46321219531103,-1040.3184144646907,40.10892262615754,-75.27269457947861,30.928431442938745,1.7049996471924688e-05,1.5887830858529193e-05,37824.59234383725,5000.0,35841.701753730136,1060.768910275592,35857.39554519192
2023-08-09 17:03:23+00:00,39.821524226810354,-75.46335504984725,-1040.4233058447576,40.10861530829085,-75.27280445447728,30.731718934956007,1.7062937103229833e-05,1.5898112172473864e-05,37828.59393326164,5000.0,35853.48737350913,1060.4147083125415,35869.1655352614
2023-08-09 17:03:24+00:00,39.82123679393603,-75.46348954080221,-1040.29051284673,40.10835807104369,-75.27293257930454,30.498066746862605,1.7076943806344605e-05,1.5921701229599075e-05,37852.04263646044,5000.0,35864.49750907096,1059.930146307824,35880.15654220601
2023-08-09 17:03:25+00:00,39.82094685403192,-75.46361261713886,-1040.2076658010558,40.10800005182068,-75.27299869882073,30.5323383002542,1.708775653869925e-05,1.5956484424585268e-05,37867.361898482704,5000.0,35875.02259007734,1059.6593742485622,35890.66903566987
2023-08-09 17:03:26+00:00,39.82065252268911,-75.46372441810712,-1040.2241996007742,40.10779498231109,-75.27306420427024,30.43716108426452,1.7102167434924032e-05,1.5941795630959945e-05,37871.436634661775,5000.0,35885.83459491541,1059.3732090830013,35901.46788321823
2023-08-09 17:03:27+00:00,39.82036017501108,-75.4638178261524,-1040.2655314006984,40.107502720750986,-75.27311111471316,30.427466118475422,1.7113039109785973e-05,1.5942368051606733e-05,37926.29958281975,5000.0,35895.29479610392,1059.4276894112363,35910.92557326107
2023-08-09 17:03:28+00:00,39.82007129808526,-75.46389610373839,-1040.3271795452465,40.10714317344824,-75.27316484200503,30.442981611355208,1.7117144101899147e-05,1.5916448561061573e-05,37982.06919124272,5000.0,35904.00104816481,1059.274310230031,35919.62351321257
2023-08-09 17:03:29+00:00,39.81978569294256,-75.4639571115981,-1040.291863508255,40.10679862971656,-75.27321630604635,30.44129810121376,1.7116530200500488e-05,1.5946009452647117e-05,37999.142299644016,5000.0,35912.3789585975,1059.0323270018166,35927.990647064464
2023-08-09 17:03:30+00:00,39.81950946060007,-75.46401328412564,-1040.3562749916275,40.106264555113945,-75.27338284735264,30.52078250527848,1.7129540587933916e-05,1.596256666094415e-05,37976.595866215255,5000.0,35919.17501420875,1058.9384429947468,35934.78098343456
2023-08-09 17:03:31+00:00,39.81923950417773,-75.46405816289726,-1040.3640613406835,40.10594055968788,-75.27338082797785,30.42896987288259,1.713390828765042e-05,1.5989883150718333e-05,38044.659929073314,5000.0,35925.30636805253,1058.832957917219,35940.90656718619
2023-08-09 17:03:32+00:00,39.81897518475525,-75.46409835544279,-1040.4527897804398,40.10555902166896,-75.27345559695479,30.425854331697337,1.714939416087689e-05,1.5999094697344286e-05,38099.301952562026,5000.0,35931.76986552927,1058.7252304327417,35947.364086715905
2023-08-09 17:03:33+00:00,39.81872013023683,-75.46414284205271,-1040.4398807455532,40.10499336994789,-75.27375959248307,30.5900957302656,1.7161062443945072e-05,1.6027373192100433e-05,38177.33136089281,5000.0,35937.59378070758,1058.724684906087,35953.18545978342
2023-08-09 17:03:34+00:00,39.81847819388969,-75.464188776969,-1040.4141985851943,40.10425887531688,-75.27428291904263,30.91305282327812,1.7181238139379568e-05,1.6034369661485273e-05,38189.305006070346,5000.0,35942.78728639308,1058.4966818199794,35958.37000116001
2023-08-09 17:03:35+00:00,39.818257556596286,-75.46425254217846,-1040.3581799643616,40.10339940665023,-75.27498399268758,31.402492726920173,1.7182834662845657e-05,1.603267053851967e-05,38205.16366159544,5000.0,35947.44050888865,1058.2823988621658,35963.01490108734
2023-08-09 17:03:36+00:00,39.81804888479245,-75.46433500702855,-1040.173841858773,40.1026649783034,-75.2755774933544,31.867969716200605,1.7187534565893856e-05,1.603759615008852e-05,38216.58394870742,5000.0,35951.52498360917,1058.0666986458784,35967.091261121706
2023-08-09 17:03:37+00:00,39.81784836374777,-75.4644267085357,-1040.205966165615,40.10215835202327,-75.27593795842213,32.15421565924771,1.719309726718137e-05,1.6033829262211895e-05,38191.68300070804,5000.0,35955.57202128698,1057.997739850627,35971.13451915972
2023-08-09 17:03:38+00:00,39.81765616252186,-75.46453754199183,-1040.2231041429343,40.10151957946691,-75.27640547161398,32.591235420666635,1.7202525366261334e-05,1.6039739053551268e-05,38228.40072326166,5000.0,35960.02205968101,1057.960445972887,35975.58153578602
2023-08-09 17:03:39+00:00,39.81746453756641,-75.46465322248353,-1040.014350861586,40.101165981690826,-75.27660274960529,32.84812391945161,1.7206817448590234e-05,1.604926788937584e-05,38309.79371216704,5000.0,35965.21080403164,1057.761227898739,35980.762179165686
2023-08-09 17:03:40+00:00,39.81727709876114,-75.46477236265329,-1039.6869078214586,40.10105410315887,-75.27665137843442,32.990919422358274,1.7211708910615498e-05,1.6058480745061738e-05,38352.90781594798,5000.0,35970.373252856465,1057.660470673963,35985.91943553809
2023-08-09 17:03:41+00:00,39.81709603627253,-75.46488549992615,-1039.419188986693,40.1011009279326,-75.27666303861454,33.08040847466327,1.7243023395534222e-05,1.607844601421168e-05,38422.507548407055,5000.0,35975.25872307454,1057.6092239023094,35990.80128953278
2023-08-09 17:03:42+00:00,39.8169172019176,-75.46500374311056,-1039.3409059041808,40.10089040665306,-75.27677760311505,33.25284709734842,1.724071299107907e-05,1.6080338246961648e-05,38438.69879910966,5000.0,35980.49176475204,1057.8418565144852,35996.038907451795
2023-08-09 17:03:43+00:00,39.81673597462407,-75.46512735340558,-1039.0287956646362,40.10053607745809,-75.27690797326694,33.48108948697336,1.7256450501261216e-05,1.6092885721776245e-05,38432.86750251398,5000.0,35986.62682067563,1057.8049504514122,36002.17022963713
2023-08-09 17:03:44+00:00,39.8165544590366,-75.46524964255173,-1038.9484199036883,40.10004510070715,-75.27702611919783,33.74394818395376,1.725757406538073e-05,1.6111488687501475e-05,38435.04832759998,5000.0,35993.334299782226,1057.9448275704688,36008.87892276102
2023-08-09 17:03:45+00:00,39.81635499509479,-75.46520838933665,-1038.1281691642994,40.10831962850956,-75.28327059213231,41.06055522407405,1.726744521158544e-05,1.6139155657971216e-05,38461.01863348298,5000.0,35996.08614611794,1057.3735668718823,36011.61280335363
2023-08-09 17:03:46+00:00,39.816158471901225,-75.46516236484537,-1037.174587649196,40.10813019185389,-75.28322223219186,40.67126695625484,1.7253219197580336e-05,1.6149334269377498e-05,38517.92302466125,5000.0,35998.04566330608,1056.5940302164609,36013.54859663456
2023-08-09 17:03:47+00:00,39.81596132364548,-75.46511213945627,-1036.364915553008,40.107945444908495,-75.28316848072085,40.31744964048266,1.725687238495991e-05,1.6140543077770103e-05,38522.13065993939,5000.0,35999.736710284145,1055.8808875466457,36015.218000984896
2023-08-09 17:03:48+00:00,39.81576676493234,-75.46506443050245,-1035.5339654500635,40.1077693757718,-75.28311368579503,39.92917758459225,1.7234238747095263e-05,1.616647963596368e-05,38556.749406574,5000.0,36001.12908386798,1055.075600470518,36016.5861768718
2023-08-09 17:03:49+00:00,39.81557107895858,-75.46501571536896,-1034.90985220297,40.10760460058469,-75.28305911515156,39.53299487638287,1.727367670106901e-05,1.6186567730988503e-05,38619.579853221454,5000.0,36002.142759578936,1054.4392782351913,36017.5807831757
2023-08-09 17:03:50+00:00,39.81537325979595,-75.46496734877982,-1034.3669809873263,40.10745455153389,-75.28300448197584,39.08622460649349,1.7267583838701285e-05,1.621975317416535e-05,38649.419223975936,5000.0,36003.60082794108,1053.9327594116892,36019.02340207298
2023-08-09 17:03:51+00:00,39.815173923244906,-75.4649162516686,-1034.118924562854,40.10731791898565,-75.2829514287816,38.60227448795922,1.725685284649646e-05,1.6228523536778282e-05,38650.79798899166,5000.0,36005.0886692294,1053.731727019154,36020.50472483136
2023-08-09 17:03:52+00:00,39.8149731401496,-75.46486464709773,-1033.9632141887332,40.1071989880666,-75.28289909846019,38.08954035164789,1.7248406907125543e-05,1.6221314719306703e-05,38666.60972800277,5000.0,36006.4670251182,1053.5492828379056,36021.87715433904
2023-08-09 17:03:53+00:00,39.81477127652195,-75.46481061298849,-1033.8151639479438,40.10709035641748,-75.28284612238907,37.62321414821781,1.7241587670256387e-05,1.6214507769730946e-05,38693.34014864894,5000.0,36007.92990563811,1053.3522816526877,36023.33364804833
2023-08-09 17:03:54+00:00,39.81456663328697,-75.46475267359014,-1033.6184537464546,40.106989995909,-75.28279151422625,37.13373530074023,1.7256395600457983e-05,1.6225487403170024e-05,38758.752067835885,5000.0,36009.46194261721,1053.2317821855952,36024.86150679559
2023-08-09 17:03:55+00:00,39.814357139141926,-75.46469072859236,-1033.494570404804,40.10688334757439,-75.28273415005874,36.78597487346269,1.726637728208788e-05,1.6215686429975736e-05,38788.9113712995,5000.0,36010.93284234073,1053.0683717868096,36026.32700083693
2023-08-09 17:03:56+00:00,39.81414573493567,-75.46463214570659,-1033.2445127242956,40.106781184678034,-75.2826761547324,36.54389204387553,1.7273370263076447e-05,1.6212216726326074e-05,38846.345542463634,5000.0,36012.66030192332,1052.9879563118557,36028.05137192216
2023-08-09 17:03:57+00:00,39.81393323420134,-75.46457940341446,-1032.9724272486496,40.10670039884805,-75.28262249580912,36.31001042458229,1.7277757781665034e-05,1.6231827391159957e-05,38873.33917981441,5000.0,36014.66625997807,1053.0343992222024,36030.05783042192
2023-08-09 17:03:58+00:00,39.81371498241951,-75.46453403774962,-1032.7163543671063,40.10658604945848,-75.28257542945246,36.20954462210648,1.7275848788187603e-05,1.6236568655770016e-05,38921.08747127726,5000.0,36017.35036910746,1053.0381257775396,36032.740901926765
2023-08-09 17:03:59+00:00,39.813487408998455,-75.46449454827251,-1032.7257491121711,40.10649503689597,-75.2825386800832,36.011113478569314,1.729300737734592e-05,1.6249147123079446e-05,38951.98162680608,5000.0,36021.877632964955,1053.376219312943,36037.2761132652
2023-08-09 17:04:00+00:00,39.81325212737691,-75.46446299444845,-1032.859244113412,40.10645250037546,-75.28251622850435,35.600796406390145,1.731298549339666e-05,1.6266208446602403e-05,39032.83209654545,5000.0,36028.09063708547,1053.8522705325236,36043.50037887764
2023-08-09 17:04:01+00:00,39.81300411346629,-75.46443228859366,-1033.0774675757275,40.106336515142246,-75.28249844725077,35.19805389549583,1.732796451112918e-05,1.6279450280663e-05,39077.09078221511,5000.0,36035.74406516524,1054.4380849951158,36051.16766493397
2023-08-09 17:04:02+00:00,39.81274503284925,-75.46440568760224,-1033.4881897166974,40.10617688364953,-75.2824836850542,34.67793383914977,1.7334401781709167e-05,1.6283150859594836e-05,39143.79028401408,5000.0,36044.78300893431,1055.1608744896473,36060.223884943
2023-08-09 17:04:03+00:00,39.81246680202385,-75.46438651996807,-1033.9700659074738,40.10596322074977,-75.28247033025012,34.10836197459139,1.7340804676277454e-05,1.6300252341446864e-05,39205.57298333529,5000.0,36055.848682549455,1055.699044304544,36071.30056833339
2023-08-09 17:04:04+00:00,39.81217640540223,-75.46437028513449,-1034.4172026281367,40.10567597552673,-75.2824526019405,33.675219589145854,1.734372679869365e-05,1.6318635600877908e-05,39245.36943321394,5000.0,36067.421780057535,1056.0433996195402,36082.87878651659
2023-08-09 17:04:05+00:00,39.81187927093039,-75.46435470655041,-1034.8893578648149,40.10523154944983,-75.28239699117728,33.593967493157834,1.7360045426385716e-05,1.6317301780835533e-05,39270.1707944913,5000.0,36078.9388851462,1056.5100650915977,36094.40461616945
2023-08-09 17:04:06+00:00,39.81158052305532,-75.4643414962951,-1035.5043739929938,40.10481233179021,-75.28233987005179,33.42138002021238,1.7368646664175716e-05,1.633110251051119e-05,39297.112583244845,5000.0,36090.35463596798,1056.9576482683478,36105.82857684018
2023-08-09 17:04:07+00:00,39.811276440752266,-75.4643298390938,-1036.1512130724957,40.10444125604196,-75.282295094043,33.05758079397492,1.738725487612593e-05,1.6321887502108688e-05,39376.852732547806,5000.0,36100.85322167228,1057.2912353129798,36116.33242854257
2023-08-09 17:04:08+00:00,39.81096574354223,-75.46431883140559,-1036.9195347488298,40.10407293775746,-75.28224567230494,32.69225893821567,1.7402228678027347e-05,1.6325643681306343e-05,39355.88508739907,5000.0,36111.13961267151,1057.7877832039712,36126.62894763569
2023-08-09 17:04:09+00:00,39.81065769162672,-75.46431255723192,-1037.8743199041564,40.103703720676094,-75.28217907962805,32.395236163865775,1.7433075754379404e-05,1.6343622253218193e-05,39398.92822437632,5000.0,36121.49046008315,1058.501847583049,36136.99626724964
2023-08-09 17:04:10+00:00,39.81034612374288,-75.46431710556475,-1038.90229703155,40.10336794771772,-75.28213051583246,31.788204710930582,1.7432416100157983e-05,1.6347576224030406e-05,39421.490833077405,5000.0,36131.53457033352,1059.1291631500685,36147.05444419284
2023-08-09 17:04:11+00:00,39.81003922177963,-75.46432646614869,-1039.6597803206294,40.1030394668534,-75.28205985647496,31.434691995731555,1.7426517192679575e-05,1.6362083997599885e-05,39443.81915642914,5000.0,36140.76700774887,1059.6432663628973,36156.29798196072
2023-08-09 17:04:12+00:00,39.80973096963881,-75.46433645029941,-1040.2006762417643,40.10272415819899,-75.28193846803849,31.680308441631496,1.7453468404096987e-05,1.6372588099370433e-05,39483.19832547965,5000.0,36150.66661573271,1059.4480288064135,36166.18761892928
2023-08-09 17:04:13+00:00,39.809426422441234,-75.46433920721596,-1040.5636587279064,40.10242062770221,-75.28179907406613,31.970622206339613,1.7442036173190996e-05,1.638371990673488e-05,39500.40615882716,5000.0,36159.52574270038,1059.2766581676308,36175.03792638717
2023-08-09 17:04:14+00:00,39.80911653779373,-75.46434783056372,-1041.1557939221962,40.102115437182654,-75.2817368336338,31.709034349070865,1.74564947242877e-05,1.6396901869522487e-05,39561.471938218216,5000.0,36168.84301365369,1059.2465231609897,36184.35032086598
2023-08-09 17:04:15+00:00,39.80879961415245,-75.46436104005116,-1041.901243092178,40.10180196009783,-75.28172704024978,31.10161173332017,1.747605636589854e-05,1.639852445491094e-05,39599.76685954245,5000.0,36178.96445661453,1059.4640885751085,36194.473795152175
2023-08-09 17:04:16+00:00,39.80847901769004,-75.4643836474587,-1042.6045448689888,40.101477703495405,-75.2817154221747,30.433782721986063,1.7490471552931326e-05,1.639663672910359e-05,39621.75047096486,5000.0,36189.30786766065,1059.5205366096725,36204.8144271977
2023-08-09 17:04:17+00:00,39.80815229490406,-75.46440594016832,-1043.18349485534,40.1011525812382,-75.28173950584527,29.662489815498702,1.74876344322946e-05,1.640877147596815e-05,39676.27605659159,5000.0,36199.58520375951,1059.4691359934625,36215.085858994826
2023-08-09 17:04:18+00:00,39.80781802434011,-75.46442512370278,-1044.027033140315,40.10079907309167,-75.28169747541911,29.09561123268213,1.748831295878043e-05,1.6417896093272266e-05,39673.5571182058,5000.0,36210.79360749444,1059.60555881067,36226.29345689154
2023-08-09 17:04:19+00:00,39.80747543458739,-75.46443418602621,-1044.7578094731475,40.10044612940291,-75.28168187570726,28.40903478988912,1.749799927236194e-05,1.6428186437882418e-05,39690.19621588437,5000.0,36222.47433315104,1059.7604665675926,36237.973716286695
2023-08-09 17:04:20+00:00,39.80712791129005,-75.46443557688548,-1045.7862035636065,40.10004244517096,-75.2815939916332,27.71450984000694,1.7514424009531613e-05,1.6448838545379627e-05,39725.44464196369,5000.0,36233.57272724819,1060.4121473610744,36249.08642301286
2023-08-09 17:04:21+00:00,39.80677590028163,-75.46441980585229,-1046.6679627156373,40.09955468132699,-75.2814273256793,27.101913830731064,1.7514565472445038e-05,1.646185213704072e-05,39788.34833478976,5000.0,36244.10438923964,1060.9797306332007,36259.6301824345
2023-08-09 17:04:22+00:00,39.8064252685306,-75.46438892689065,-1047.5766682384738,40.09901340571898,-75.28126483813031,26.6387437125668,1.751664102676375e-05,1.6471733511413103e-05,39832.53050529466,5000.0,36253.30127443116,1061.2753372484262,36268.83177931327
2023-08-09 17:04:23+00:00,39.80607190974104,-75.46434514527539,-1048.5929735144164,40.098508051970114,-75.28116166533813,25.994830042822286,1.7533346518641146e-05,1.6441094105550952e-05,39862.10408889806,5000.0,36261.30182231862,1061.5479398823218,36276.836878068025
2023-08-09 17:04:24+00:00,39.805718064073496,-75.46429544893476,-1049.4590890492657,40.09806556126633,-75.28106812001108,25.168567243264988,1.7540610736204934e-05,1.6444288298910953e-05,39878.3507455924,5000.0,36268.6848629584,1061.5767887779812,36284.21760169372
2023-08-09 17:04:25+00:00,39.805366209968255,-75.46423911731222,-1050.3337836847577,40.0976009952194,-75.28099197949346,24.37553921702784,1.753690936917482e-05,1.6449556316592048e-05,39911.40410199844,5000.0,36275.18292390792,1061.5353833476304,36290.71167024807
2023-08-09 17:04:26+00:00,39.80501132896872,-75.46417800197446,-1051.4966624189174,40.09714752843831,-75.28092170283333,23.491315139574,1.7564717125890243e-05,1.6465369630348772e-05,39921.63612146541,5000.0,36281.18453730449,1061.8066093327006,36296.71864928792
2023-08-09 17:04:27+00:00,39.80466750039322,-75.46412129214984,-1052.5443370366584,40.09648686730179,-75.28106714825992,22.860466535785235,1.7569735280839226e-05,1.6462883931084628e-05,39964.48036270919,5000.0,36286.15618799289,1062.0126755962951,36301.6942004439
2023-08-09 17:04:28+00:00,39.80434962766233,-75.46408374103487,-1053.5251337223904,40.09552852493511,-75.28161052265867,22.630844242637977,1.758174028816987e-05,1.648325724210999e-05,40016.88883405129,5000.0,36288.80491321546,1062.146092304647,36304.34569512042
2023-08-09 17:04:29+00:00,39.80406166596613,-75.4640569665867,-1054.1849681489334,40.0946842124182,-75.28209962865316,22.376624480006285,1.759852194504452e-05,1.6486629530241885e-05,40028.40337540559,5000.0,36288.38041691625,1061.795985763045,36303.91113913504
2023-08-09 17:04:30+00:00,39.80379535636271,-75.46403579825277,-1054.5813161975066,40.09397689555346,-75.28246382064295,22.142766896868125,1.760573575434657e-05,1.6489041252505404e-05,40065.55804669925,5000.0,36286.11752658926,1061.1839527080865,36301.63132057475
2023-08-09 17:04:31+00:00,39.80354617397968,-75.4639983132962,-1054.8539401062949,40.09357899201109,-75.28247411887067,21.7665463257581,1.7631879472395864e-05,1.648930523110283e-05,40118.9525517896,5000.0,36281.48371521605,1060.720826776958,36296.98595269098
2023-08-09 17:04:32+00:00,39.80330419289936,-75.46390588581883,-1055.210341551307,40.093834881688274,-75.28179293923557,20.92309573816601,1.763308208728739e-05,1.649407709970157e-05,40171.582832073946,5000.0,36274.12175573719,1060.6393456403375,36289.62475655496
2023-08-09 17:04:33+00:00,39.803073890368296,-75.46377479045287,-1055.6179100110546,40.093985269246986,-75.28120425521949,20.17018247942906,1.7644179793436123e-05,1.6524829751616055e-05,40197.20027737877,5000.0,36264.2939251866,1060.8609065283931,36279.80760361507
2023-08-09 17:04:34+00:00,39.80286247117861,-75.46362900883688,-1055.8798992339084,40.09371528209103,-75.2810222159205,19.833284572465345,1.7694284329282947e-05,1.6531538456867376e-05,40219.06980743162,5000.0,36252.22477028254,1061.1360703529392,36267.751661150585
2023-08-09 17:04:35+00:00,39.80267551740678,-75.46348697174477,-1056.1034576782254,40.09304730885014,-75.28115998447126,19.896734250942245,1.7715187194930488e-05,1.653347046275716e-05,40219.7760711185,5000.0,36237.70487795919,1061.1285397873417,36253.237767129416
2023-08-09 17:04:36+00:00,39.80251304927752,-75.46333517030126,-1056.447746682836,40.09286808016732,-75.28094798597155,19.539954497711733,1.7707156368934055e-05,1.6536636837041657e-05,40289.548228452506,5000.0,36221.1890864819,1061.09974652865,36236.728212005546
2023-08-09 17:04:37+00:00,39.8023783708521,-75.46318447813795,-1056.9205538307597,40.09232056384081,-75.28091630213137,19.3317069974728,1.7742178896473773e-05,1.6549149912003543e-05,40265.536911170784,5000.0,36202.95214710681,1061.4995316461022,36218.51081175744
2023-08-09 17:04:38+00:00,39.80225856153667,-75.46303824121111,-1057.4635468136669,40.09164480866991,-75.28085201564386,19.1718680432532,1.774549578989773e-05,1.656423859731688e-05,40237.56453529354,5000.0,36184.531716618505,1062.1298939172068,36200.11678796801
2023-08-09 17:04:39+00:00,39.80214877827757,-75.46289931860444,-1057.7470524813089,40.09083379478429,-75.28071258206774,19.155798025080003,1.7751534139031707e-05,1.6571886989993824e-05,40269.61773312962,5000.0,36167.415198314266,1062.2951378946998,36183.01249325778
2023-08-09 17:04:40+00:00,39.80204357611453,-75.4627536208369,-1058.060411951083,40.08987739154266,-75.28046535748435,19.311702198465355,1.7766331035292357e-05,1.659242132977616e-05,40272.61213184713,5000.0,36151.39366386176,1062.6082459218596,36167.00706616191
2023-08-09 17:04:41+00:00,39.80194571583313,-75.4626148662297,-1058.173636269304,40.09075847510668,-75.28185545647732,19.74632806982845,1.7772169470359067e-05,1.6599915327372997e-05,40314.84229456422,5000.0,36135.540603772686,1062.707043694482,36151.16375703032
2023-08-09 17:04:42+00:00,39.801854542770485,-75.46246190818118,-1058.6675555641057,40.08967166982171,-75.28139483142118,20.038655493874103,1.7795504003012785e-05,1.6631506360280905e-05,40304.38593026961,5000.0,36119.474966808615,1063.6464822184123,36135.13270650946
2023-08-09 17:04:43+00:00,39.801762349364616,-75.46228502251122,-1058.4897643131676,40.08836431641944,-75.28074353052864,20.63140525342897,1.779386580940252e-05,1.662576088921108e-05,40311.25401521894,5000.0,36104.25623761224,1063.7663365366009,36119.9241041549
2023-08-09 17:04:44+00:00,39.80166691143339,-75.46209781957806,-1058.0957460476934,40.08754262181717,-75.28021286101546,21.33728220628109,1.7791944072836457e-05,1.6630867676578724e-05,40328.43239772705,5000.0,36090.54708373121,1062.9421607329468,36106.19662661913
2023-08-09 17:04:45+00:00,39.80157539516035,-75.46218924517743,-1057.7213178060056,40.09917227973771,-75.2943238775945,22.96550449973438,1.7780323652903553e-05,1.665681670242836e-05,40319.09370180289,5000.0,36087.30219641494,1062.2937617901953,36102.93406153734
2023-08-09 17:04:46+00:00,39.80148368921512,-75.462285613425,-1057.493113439505,40.0990805953704,-75.29441844636602,23.050792354275472,1.778723245790887e-05,1.666072407439108e-05,40383.35779660708,5000.0,36085.73105494728,1062.6525047227396,36101.3741582752
2023-08-09 17:04:47+00:00,39.801397777354914,-75.46238077684885,-1057.2303156393093,40.09898999364477,-75.29451542054476,23.22336578683462,1.777529887738084e-05,1.665866397762116e-05,40385.78729209927,5000.0,36083.86451279942,1062.793003391144,36099.51256105991
2023-08-09 17:04:48+00:00,39.80131048627153,-75.46248294868141,-1057.0781716512329,40.09890167538845,-75.29461742898646,23.388598058372736,1.777749615831369e-05,1.6679083877720908e-05,40402.98900471494,5000.0,36082.04484415951,1062.733269007755,36097.69192257302
2023-08-09 17:04:49+00:00,39.8012280387786,-75.46259301458804,-1057.1917940122912,40.09882269090413,-75.29471280192273,23.34682261885609,1.7788857866874617e-05,1.6692422937042612e-05,40418.91571740609,5000.0,36079.65180770976,1062.8429075829629,36095.3031516813
2023-08-09 17:04:50+00:00,39.80114455194163,-75.46270540405459,-1057.4688979253458,40.09873541130848,-75.29482281949494,23.28938706428744,1.7795768837025415e-05,1.6699793190479922e-05,40480.265671001885,5000.0,36077.51351258583,1063.24700491484,36093.17768559972
2023-08-09 17:04:51+00:00,39.80105555353296,-75.46282873215364,-1057.922058615998,40.09864105681412,-75.29493783672893,23.129979611258022,1.7825589179440854e-05,1.6744342298772674e-05,40499.90466314191,5000.0,36075.97362338156,1063.818116708581,36091.655293992255
2023-08-09 17:04:52+00:00,39.80095993925484,-75.4629578790205,-1058.1684304394105,40.09854887448166,-75.29506398345269,22.78118640719913,1.7858385260378305e-05,1.6764205239338217e-05,40558.02737624748,5000.0,36075.00114514612,1063.8764756584894,36090.68495855618
2023-08-09 17:04:53+00:00,39.80086078027399,-75.4630965842439,-1058.7470268758325,40.09845881741192,-75.29520141391242,22.259226445807144,1.78747575359424e-05,1.6759615022282403e-05,40599.40761651586,5000.0,36073.87172107542,1064.0522866856882,36089.56120843541
2023-08-09 17:04:54+00:00,39.80076263087836,-75.46324621071732,-1059.2933421207497,40.09838961359674,-75.29535391797934,21.50723655987531,1.7865606580488416e-05,1.67681810692552e-05,40551.91000041681,5000.0,36071.95510154837,1063.8604844845866,36087.63976735759
2023-08-09 17:04:55+00:00,39.80066193793715,-75.4634058022492,-1059.942852993127,40.09830900389926,-75.29551491726079,20.84029076888692,1.7881515532456765e-05,1.6762414916955465e-05,40527.55844147211,5000.0,36070.34328938059,1063.8531900188182,36086.02844070924
2023-08-09 17:04:56+00:00,39.800555921998125,-75.46357543376772,-1060.5461858409335,40.09811474454808,-75.29565530966475,20.52043577854056,1.7887563568422523e-05,1.675562571929202e-05,40511.60217163741,5000.0,36068.91986739867,1063.628870122012,36084.59902471113
2023-08-09 17:04:57+00:00,39.800441644875576,-75.46374665784323,-1061.2567453894983,40.09788338835677,-75.29579070407445,20.13298403553199,1.7885714223257653e-05,1.6784435503290467e-05,40536.96440277682,5000.0,36067.61595528704,1063.31737890738,36083.286498687485
2023-08-09 17:04:58+00:00,39.80032835500519,-75.46392763995252,-1062.0353998839971,40.09777028398428,-75.29596747857491,19.348226072033867,1.7887529286296432e-05,1.681243054338702e-05,40531.96443794075,5000.0,36066.1828828094,1063.1063077073654,36081.84782903643
2023-08-09 17:04:59+00:00,39.80020646195295,-75.46411326844554,-1062.9662585697638,40.097681277039456,-75.29616119264489,18.462822845205665,1.790215136986834e-05,1.681732750949172e-05,40518.56782678096,5000.0,36065.34802966612,1063.0634508695832,36081.012075626655
2023-08-09 17:05:00+00:00,39.80008138025293,-75.46431027951326,-1063.6911850533218,40.09755931017969,-75.2963545669563,17.631804105825722,1.792484411884208e-05,1.6823151247779276e-05,40539.75467296328,5000.0,36064.885358348685,1062.803308105587,36080.54194136437
2023-08-09 17:05:01+00:00,39.79994798899829,-75.46451748165785,-1064.2593336024374,40.09740642946019,-75.29654787873547,16.986913636210375,1.7924376018334816e-05,1.6854083854683076e-05,40595.20607573497,5000.0,36065.05267005941,1062.5279919314132,36080.70107173359
2023-08-09 17:05:02+00:00,39.79981023634873,-75.46472737655401,-1064.642176503049,40.0972676168293,-75.29675616031827,16.516716382582672,1.794664873496278e-05,1.6876058644778648e-05,40617.99013122912,5000.0,36064.80352888382,1062.0290617812047,36080.43734913781
2023-08-09 17:05:03+00:00,39.79967140695904,-75.46494848462217,-1064.7171010850448,40.09713632953776,-75.29697796220718,16.235947395092808,1.7972366310575704e-05,1.6875794877640238e-05,40615.87305615892,5000.0,36063.95838098794,1061.5197889939004,36079.57758023306
2023-08-09 17:05:04+00:00,39.79952881066821,-75.46518601517721,-1064.9462339508318,40.097001075200296,-75.29721118957184,16.07593711372465,1.798465212689044e-05,1.68904602257534e-05,40625.0079289472,5000.0,36063.53207336062,1061.8225556338748,36079.16036642154
2023-08-09 17:05:05+00:00,39.79938638175476,-75.46544093521909,-1065.1517831369044,40.09691064272862,-75.29747878132575,15.799123688484542,1.8015918821484063e-05,1.6893270644055736e-05,40670.854818103966,5000.0,36062.97336220565,1062.0407858300275,36078.60832063677
2023-08-09 17:05:06+00:00,39.79924436262316,-75.4657074514063,-1065.1974868704867,40.09672908847145,-75.29772334453659,15.709998790349346,1.802202474018762e-05,1.6899796704214616e-05,40706.80016756868,5000.0,36062.6122967623,1062.1791106044336,36078.25148381772
2023-08-09 17:05:07+00:00,39.799100876098834,-75.4659887346809,-1065.516160637694,40.096598894035175,-75.29800563595484,15.49360300943954,1.803695123571318e-05,1.6925350836329523e-05,40748.66006245422,5000.0,36062.8701333428,1062.7021554720611,36078.52461126415
2023-08-09 17:05:08+00:00,39.79895516259832,-75.46628058606996,-1065.807328121079,40.09645708777706,-75.29829650804835,15.25919222534867,1.8052069306593555e-05,1.694910455252765e-05,40759.25806903743,5000.0,36063.85422392164,1063.0058754390602,36079.51722204011
2023-08-09 17:05:09+00:00,39.79880662029555,-75.46658247077512,-1066.0892070689358,40.096296070361255,-75.29858856075073,15.042028629977722,1.8048313918355663e-05,1.695580634885014e-05,40807.246245889975,5000.0,36065.15107264173,1063.277149279289,36080.82150102254
2023-08-09 17:05:10+00:00,39.798657930988185,-75.46689506548248,-1066.5071395831442,40.09616874552992,-75.29891126884623,14.664325443212874,1.803528248818904e-05,1.6955346414967288e-05,40831.80967591876,5000.0,36067.00097516038,1063.4582507087791,36082.6759372586
2023-08-09 17:05:11+00:00,39.79850706687894,-75.46720980420658,-1066.7117256257584,40.09593990438568,-75.29918032385477,14.510378445789684,1.8043420461026164e-05,1.6960874243090996e-05,40861.12557216589,5000.0,36068.4747757907,1063.4237608347485,36084.1480812137
2023-08-09 17:05:12+00:00,39.7983584051603,-75.46752645942249,-1066.998654703233,40.09573493784586,-75.29946559722755,14.35853317467263,1.8062482163188327e-05,1.6980656408452448e-05,40914.38103086067,5000.0,36069.06667563705,1063.458905095624,36084.74075969478
2023-08-09 17:05:13+00:00,39.7982111083943,-75.4678458357093,-1067.2216404816224,40.09550024743501,-75.2997376850502,14.289007313724142,1.807977168442737e-05,1.698735796311921e-05,40951.71137889436,5000.0,36069.038531042985,1063.3687983900904,36084.70997188772
2023-08-09 17:05:14+00:00,39.79806814021239,-75.46816920884378,-1067.4697283117105,40.09531134584696,-75.30004086515795,14.125543543952515,1.8078474204012404e-05,1.6987138739451905e-05,40961.84854834386,5000.0,36069.03628713579,1063.318750148828,36084.706254133984
2023-08-09 17:05:15+00:00,39.7979243759215,-75.46850371054946,-1067.6695326349052,40.095181883871774,-75.30037966238434,13.87998016254278,1.81072232303227e-05,1.7002625608411495e-05,40961.3316636312,5000.0,36069.21029513031,1063.1944604848686,36084.87652431611
2023-08-09 17:05:16+00:00,39.79777850650523,-75.46884346073372,-1068.0129977764814,40.09499916547255,-75.30070061749244,13.714776872773657,1.8128639431944487e-05,1.7003909143754935e-05,41015.637757399214,5000.0,36069.991234632944,1063.343162767494,36085.66150631441
2023-08-09 17:05:17+00:00,39.797634629473606,-75.46918840450809,-1068.259874181465,40.0947843769923,-75.30101592885659,13.568011841154656,1.8147652921859625e-05,1.7020467641520112e-05,40993.72958231523,5000.0,36070.92343140198,1063.420896378699,36086.595588901415
2023-08-09 17:05:18+00:00,39.79750158665355,-75.46954260901978,-1068.5613967341706,40.09464937195008,-75.30136840605476,13.275039306026883,1.8148765281037613e-05,1.702377196275578e-05,41013.1314378681,5000.0,36070.2437010113,1063.355706967517,36085.91423270146
2023-08-09 17:05:19+00:00,39.79736957289842,-75.46990862611942,-1068.9572483527309,40.094593889586406,-75.30175676384081,12.82542429084424,1.8150139811347704e-05,1.705180309877162e-05,41037.74287922751,5000.0,36070.03556428388,1063.3292952885572,36085.70540808261
2023-08-09 17:05:20+00:00,39.797239106244746,-75.4702825404042,-1069.3507017313186,40.09450849721404,-75.30214457467812,12.378620859060902,1.814694115883336e-05,1.706106469941846e-05,41041.67897115088,5000.0,36070.83054374715,1063.3720717464405,36086.50130282365
2023-08-09 17:05:21+00:00,39.79711126629216,-75.47066373980073,-1069.7107433806605,40.09426151692332,-75.30248754947567,12.08339205296943,1.816129873555653e-05,1.706882965041806e-05,41051.97271955128,5000.0,36071.59423699791,1063.459560489636,36087.26724255271
2023-08-09 17:05:22+00:00,39.79698631249779,-75.47105161171766,-1070.2084375165027,40.09403375821232,-75.30284371482591,11.696810065361204,1.815717681005261e-05,1.709950690524399e-05,41103.216104159685,5000.0,36072.50449349444,1063.635564913419,36088.18229071845
2023-08-09 17:05:23+00:00,39.79686163742451,-75.47144536882331,-1070.595877314856,40.09380209582143,-75.30320387265186,11.290679159283172,1.816898007382484e-05,1.7112245933669725e-05,41140.79190309271,5000.0,36074.13976905767,1063.775575825227,36089.82098256004
2023-08-09 17:05:24+00:00,39.79673391668233,-75.4718379907251,-1070.8174630281512,40.093464144656366,-75.30353345304157,11.088025674747769,1.819115174552925e-05,1.7133323108373306e-05,41220.460208376506,5000.0,36076.0652429363,1063.8850725610866,36091.74884735035
2023-08-09 17:05:25+00:00,39.79660188646318,-75.47223191748222,-1071.0522797202302,40.09302359015948,-75.30383289080261,11.101081081840675,1.8186183825102924e-05,1.7159799960057414e-05,41273.726423261054,5000.0,36078.53786935336,1063.983399745444,36094.2232977148
2023-08-09 17:05:26+00:00,39.79646844370573,-75.47262673678519,-1071.0587024438714,40.092684314769805,-75.3041684667844,11.13452321413206,1.8191622679932277e-05,1.7156193753564563e-05,41279.189112444976,5000.0,36081.28853276793,1063.8874007451618,36096.96993635775
2023-08-09 17:05:27+00:00,39.79632676994356,-75.4730227296321,-1070.9534551514553,40.09229787901666,-75.30449657808313,11.278638035291806,1.8188955599154967e-05,1.7145272034828385e-05,41328.41489607215,5000.0,36084.906153906864,1063.9225197744647,36100.58702104924
2023-08-09 17:05:28+00:00,39.796179323417626,-75.47342049694315,-1070.857237382218,40.09186438024192,-75.30481839613627,11.538408687105402,1.819565137207944e-05,1.715744714755935e-05,41367.25201899068,5000.0,36088.69391134657,1064.1923360767955,36104.38108533406
2023-08-09 17:05:29+00:00,39.79602668594874,-75.47382077503237,-1070.6424149962572,40.091384298484805,-75.30513677116375,11.92929380806163,1.822128781864836e-05,1.7172713909547643e-05,41390.60849249316,5000.0,36093.17086269234,1064.4302147282383,36108.8631031985
2023-08-09 17:05:30+00:00,39.79587073214518,-75.47422071081678,-1070.5044942610214,40.0909742451348,-75.30548153563429,12.334345251321793,1.821466856225237e-05,1.7185774136800666e-05,41432.94870139758,5000.0,36097.63934409842,1064.7624279273036,36113.33943634302
2023-08-09 17:05:31+00:00,39.795713180428685,-75.47462755710907,-1070.2760136560482,40.09064889296736,-75.30585315395402,12.729226319352165,1.822229869385692e-05,1.7204744480136186e-05,41430.231288301286,5000.0,36102.10530933577,1065.2224126414478,36117.81702366249
2023-08-09 17:05:32+00:00,39.79556002875415,-75.47504432214919,-1069.988401130583,40.0905836945512,-75.30628322742058,12.950780576851685,1.8234852139823167e-05,1.721322544109805e-05,41459.84966733887,5000.0,36106.76509093997,1065.657188606906,36122.48760226725
2023-08-09 17:05:33+00:00,39.79540724126928,-75.4754670550318,-1069.6967919229403,40.09033130834751,-75.30668586715554,13.244199783424849,1.826023001325771e-05,1.7195632493732923e-05,41503.45242260544,5000.0,36111.729107161584,1066.062259450387,36127.46140887906
2023-08-09 17:05:34+00:00,39.79525289021685,-75.47589067059047,-1069.4020117321174,40.08994221017963,-75.30707114293544,13.635782057710458,1.8289661925264164e-05,1.7196495794133602e-05,41531.61794786863,5000.0,36116.89290897238,1066.6989994255714,36132.64175442415
2023-08-09 17:05:35+00:00,39.79509327553341,-75.47631820247464,-1069.3193968604917,40.089296715406455,-75.3074209425027,14.15484400576679,1.8297673893993744e-05,1.7192803688408678e-05,41549.10575000567,5000.0,36123.06395086324,1067.2352955907288,36138.82594072903
2023-08-09 17:05:36+00:00,39.794926892223664,-75.4767487958743,-1069.139962702705,40.08860823930005,-75.30777114394388,14.658738589903804,1.829682287361533e-05,1.7191957313076703e-05,41579.856290559546,5000.0,36130.35820183363,1067.7424768742271,36146.13198932533
2023-08-09 17:05:37+00:00,39.79475850676289,-75.4771755744165,-1068.8506529487704,40.08790269168108,-75.30812037071573,15.169637992046772,1.832258867040916e-05,1.721054956784841e-05,41553.64326308501,5000.0,36137.293714878426,1068.3463252750914,36153.08231542811
2023-08-09 17:05:38+00:00,39.79458556736854,-75.47760215257563,-1068.7886949238605,40.08734276916471,-75.30849031859064,15.52191323536681,1.8344712865987783e-05,1.7206497825052907e-05,41582.49165011497,5000.0,36145.20553606417,1069.354811102285,36161.020491080606
2023-08-09 17:05:39+00:00,39.79440860503141,-75.47803046851286,-1068.7927950899516,40.08684093514773,-75.30886794042323,15.73426218237728,1.8332483993601785e-05,1.721567811789452e-05,41614.11778169382,5000.0,36153.94008153029,1070.1043317781975,36169.77338468922
2023-08-09 17:05:40+00:00,39.79423371780573,-75.47845503762794,-1068.601112465251,40.08623848528225,-75.3092314145428,15.996407654951328,1.8319219272532977e-05,1.7232925112168617e-05,41627.00803777241,5000.0,36162.00678652548,1070.4758488896634,36177.8475502865
2023-08-09 17:05:41+00:00,39.79405511672951,-75.47888071861894,-1068.6187250545895,40.08579793057692,-75.30962037930854,16.14683646510821,1.8360135109273182e-05,1.7249734497561548e-05,41659.84219759664,5000.0,36170.79697191328,1071.0566777440251,36186.651074537294
2023-08-09 17:05:42+00:00,39.79387641797536,-75.47930751899793,-1068.6075980000087,40.08545183729608,-75.31002526853695,16.197350542875938,1.836453735507727e-05,1.7253630834560867e-05,41654.67950312557,5000.0,36179.95262990681,1071.5310711414547,36195.81676297307
2023-08-09 17:05:43+00:00,39.793694551786345,-75.47973461476285,-1068.548840178972,40.08504507564369,-75.31042747012927,16.26458280812949,1.8377771953327267e-05,1.725317396266853e-05,41643.38509610433,5000.0,36189.28620294173,1071.923332960007,36205.15785782701
2023-08-09 17:05:44+00:00,39.79350692354763,-75.48015866271137,-1068.643910328247,40.0842888281275,-75.31080605162343,16.456829899922013,1.839834672611729e-05,1.7282095101101563e-05,41643.88967930741,5000.0,36199.45121731678,1072.2330616552804,36215.327586167215
2023-08-09 17:05:45+00:00,39.79321013806294,-75.48022545618214,-1068.8028862011265,40.0903038541887,-75.30800908999208,16.91725828719791,1.840734580744456e-05,1.730543298365476e-05,41655.517792840285,5000.0,36208.23547637441,1072.73940759706,36224.122986611976
2023-08-09 17:05:46+00:00,39.79291381665151,-75.48028887945334,-1069.207082989451,40.09000775314848,-75.3080749176911,16.78865756408777,1.8412199358817712e-05,1.7323622712402954e-05,41673.146215174806,5000.0,36216.34634279873,1073.4221462897715,36232.25051698688
2023-08-09 17:05:47+00:00,39.79261756257307,-75.48035268704248,-1069.654484095524,40.08970978489529,-75.30813969860029,16.530225582187995,1.841464041217406e-05,1.7337919704905454e-05,41673.79428824805,5000.0,36224.49657399229,1073.8838362791814,36240.41084939575
2023-08-09 17:05:48+00:00,39.79231697992245,-75.48041669334854,-1070.2624306678763,40.08940868356797,-75.30820407346671,16.14925619296264,1.8422418504775567e-05,1.7338721089843465e-05,41683.87925397312,5000.0,36233.788873475045,1074.3802231667764,36249.71377806307
2023-08-09 17:05:49+00:00,39.79201138749924,-75.48047853784072,-1070.8492174984929,40.08910342801487,-75.30826666574715,15.748192298226058,1.841719094058236e-05,1.7345446916460973e-05,41742.07545439959,5000.0,36243.375608303526,1074.7845997679244,36259.30828656925
2023-08-09 17:05:50+00:00,39.791702409931766,-75.48053512974538,-1071.4667245317523,40.08879179375544,-75.30832578331894,15.340823769394774,1.8427452861231647e-05,1.7367758397693765e-05,41754.21827306137,5000.0,36253.40884152657,1075.0490640434882,36269.344950260376
2023-08-09 17:05:51+00:00,39.79139036943495,-75.48059020361532,-1072.1663974699168,40.0884693891498,-75.30838069330409,14.959868492383976,1.844217197439848e-05,1.735767126314525e-05,41768.89957997359,5000.0,36264.23017808926,1075.408809588717,36280.17219525261
2023-08-09 17:05:52+00:00,39.7910774319713,-75.48064450315587,-1072.8529034291764,40.08814906290769,-75.30843379735786,14.424657962750643,1.844895327529073e-05,1.736020741867509e-05,41859.39799396337,5000.0,36274.306797788326,1075.7151316928775,36290.25346707605
2023-08-09 17:05:53+00:00,39.79076006037063,-75.48069641528346,-1073.5291908260929,40.08782028689115,-75.30848496874826,13.909909615642391,1.847194790085885e-05,1.7364341499122246e-05,41958.802937188295,5000.0,36284.70540394105,1075.8904926927753,36300.65270216303
2023-08-09 17:05:54+00:00,39.79044150247594,-75.48074368759653,-1074.1816233714803,40.0874714899243,-75.30853356047493,13.458453068044037,1.849138714644763e-05,1.73978844748804e-05,41966.840109130826,5000.0,36295.72177104579,1076.212191595304,36311.6737642663
2023-08-09 17:05:55+00:00,39.79011268089965,-75.48078657906872,-1074.8858374049803,40.087133764500656,-75.30857720881883,12.854524013353512,1.851089678956353e-05,1.7419355413337846e-05,42026.17667946439,5000.0,36307.30111626239,1076.4682150224426,36323.25561076405
2023-08-09 17:05:56+00:00,39.78978282120031,-75.48082531743165,-1075.5922485344984,40.08676105207498,-75.30861935847315,12.355763968778774,1.852212058659362e-05,1.7431194332657513e-05,42053.24650641584,5000.0,36318.6508395736,1076.7780565733046,36334.609531271664
2023-08-09 17:05:57+00:00,39.789458201303695,-75.4808641347189,-1076.200203143229,40.08626256436712,-75.3086754052946,12.385114062752107,1.8535253875459864e-05,1.7439404722459133e-05,42085.784891555326,5000.0,36329.55250529047,1076.891778543409,36345.50977957733
2023-08-09 17:05:58+00:00,39.78914056564732,-75.48090505230007,-1076.8175608689507,40.08574082821109,-75.30874059975038,12.537364758260082,1.8565191561281715e-05,1.7446553106177882e-05,42070.22046872666,5000.0,36338.963918292,1077.0083788402142,36354.920515702135
2023-08-09 17:05:59+00:00,39.78882929521302,-75.48094872678087,-1077.3408298996944,40.08524766866777,-75.3088075759584,12.614934863930102,1.857721427094449e-05,1.7473346852183484e-05,42150.99811104411,5000.0,36348.10928516903,1076.8853922912983,36364.058227248526
2023-08-09 17:06:00+00:00,39.78852328777067,-75.480990597871,-1077.7574350481411,40.08482271555023,-75.30886727007751,12.521408223372418,1.857090936031564e-05,1.7457795322771314e-05,42169.62369085303,5000.0,36357.20650713657,1076.5352801835293,36373.1410963097
2023-08-09 17:06:01+00:00,39.788220801859225,-75.48102957188458,-1078.3508986086522,40.08458515094876,-75.30889237552503,11.900047916686162,1.8585312961972163e-05,1.7468367596136157e-05,42176.62889690909,5000.0,36366.27602363291,1076.051964085369,36382.19234263474
2023-08-09 17:06:02+00:00,39.78791569071042,-75.48105746668136,-1078.862260552206,40.084374441030256,-75.30890474231957,11.146630476752762,1.8610378081473586e-05,1.7482995281535074e-05,42216.22358334439,5000.0,36375.39737341143,1075.6248295788264,36391.2970756415
2023-08-09 17:06:03+00:00,39.787609734991314,-75.48107647962524,-1079.4882437391211,40.08411260578679,-75.30891523856609,10.468612778233364,1.861858183201855e-05,1.7502486605890808e-05,42220.3816177842,5000.0,36384.91241016376,1075.252626946552,36400.79695977885
2023-08-09 17:06:04+00:00,39.78730406560513,-75.48108608431363,-1080.279087301306,40.08381743272516,-75.30892014859832,9.804450160416309,1.86440161869989e-05,1.7509429681732968e-05,42248.26112532305,5000.0,36394.088274334405,1075.2798485996796,36409.96962471748
2023-08-09 17:06:05+00:00,39.78699597780622,-75.48108218093363,-1081.0398442892097,40.08345626271053,-75.30892736982248,9.183492804062553,1.86803304895216e-05,1.7516235553478205e-05,42240.759638427495,5000.0,36402.83932118609,1075.482566396788,36418.72284134516
2023-08-09 17:06:06+00:00,39.78669064158258,-75.48106900725344,-1081.5491317159558,40.08299660815492,-75.3089513134208,8.706822453008499,1.8709507064830303e-05,1.7525710857397383e-05,42257.502086635766,5000.0,36410.9164211563,1075.4393852354776,36426.795144505166
2023-08-09 17:06:07+00:00,39.78638480420453,-75.48104990859109,-1082.3928104159204,40.08248851528509,-75.3089907833598,8.235486931516789,1.8711414779716417e-05,1.7549595997553133e-05,42319.38361448392,5000.0,36418.576122489525,1075.8042119655738,36434.46227806919
2023-08-09 17:06:08+00:00,39.78608535707987,-75.48102169627381,-1083.1006798229691,40.08194101271567,-75.30904654836924,7.70793445862364,1.8720266639630087e-05,1.7573919995495895e-05,42362.27367685192,5000.0,36424.61453617042,1075.859567463217,36440.49969357582
2023-08-09 17:06:09+00:00,39.78578387327242,-75.48098135375426,-1083.7837698532544,40.08155499551172,-75.30903913037693,7.0399658271926455,1.8733745229820787e-05,1.7574684011260035e-05,42415.88481602667,5000.0,36430.21117528228,1075.8604969642902,36446.09392081119
2023-08-09 17:06:10+00:00,39.78548864605736,-75.48092808891633,-1084.3883023320743,40.081124554772416,-75.30904498756429,6.503139986511087,1.875316924499264e-05,1.759373562606649e-05,42449.08592542516,5000.0,36434.616672657794,1075.9459456886498,36450.500020734384
2023-08-09 17:06:11+00:00,39.78520208847964,-75.48086869315183,-1085.2105626155058,40.08063529140511,-75.30909399325445,6.0590946538141,1.875616207867423e-05,1.762017737773268e-05,42458.61678226498,5000.0,36437.51457174676,1076.4196656611368,36453.410642392286
2023-08-09 17:06:12+00:00,39.78491980847011,-75.48081081697794,-1085.9009736493636,40.08002597341423,-75.30924299801669,5.834976661397377,1.8762849323230453e-05,1.7642770299826662e-05,42488.39970455408,5000.0,36440.08190876774,1076.8281760935788,36455.988924160745
2023-08-09 17:06:13+00:00,39.7846391478935,-75.48076239992906,-1086.2789589889353,40.079358491468376,-75.30946868274141,5.875749894359615,1.877233336230584e-05,1.7669038983285146e-05,42515.049783776754,5000.0,36442.85726061094,1077.1193766029066,36458.7716670312
2023-08-09 17:06:14+00:00,39.78435937601699,-75.48072606017794,-1086.5362569057124,40.07871807389698,-75.30970431593015,6.149290540837683,1.8795727413445676e-05,1.768732040081341e-05,42555.62602846593,5000.0,36445.62235707087,1077.5041246987746,36461.54692457475
2023-08-09 17:06:15+00:00,39.78408178162496,-75.48069905151785,-1086.5750791366606,40.07812681313534,-75.3099215196143,6.5572121057484765,1.882648511303881e-05,1.7692819812353738e-05,42565.54544257142,5000.0,36448.88640035467,1077.7854864369187,36464.81785750113
2023-08-09 17:06:16+00:00,39.78380780829354,-75.48067089425749,-1086.696094965475,40.07771796019608,-75.30998782214155,6.679024311597459,1.8843375496309965e-05,1.770520919674995e-05,42544.59083777859,5000.0,36451.77168192224,1078.280404702191,36467.71650901868
2023-08-09 17:06:17+00:00,39.78353761446009,-75.48064362169072,-1086.747496720404,40.07729364344841,-75.3100608514713,6.841190053441096,1.8836448857891685e-05,1.7703439375318843e-05,42581.16827969865,5000.0,36454.32943590327,1078.8091907013236,36470.28878266945
2023-08-09 17:06:18+00:00,39.783256763800296,-75.4806201187115,-1086.644841393474,40.07668303771007,-75.31024756985009,7.398976196593139,1.885156736229902e-05,1.771732698190257e-05,42622.41811864067,5000.0,36458.88931139225,1079.2919727261096,36474.860945351706
2023-08-09 17:06:19+00:00,39.782979235911,-75.48059749410172,-1086.4609724683332,40.0761529170216,-75.31036180334657,7.883796947542578,1.887701856477601e-05,1.7729504139234627e-05,42614.35401723013,5000.0,36463.5826534757,1079.6120175011945,36479.56170289313
2023-08-09 17:06:20+00:00,39.78270025965907,-75.4805755020621,-1086.279114323203,40.07575094325511,-75.31038750910368,8.170821117470041,1.8868114127281088e-05,1.7747468597306636e-05,42604.91497773041,5000.0,36468.18777573344,1080.1161355643076,36484.17972919852
2023-08-09 17:06:21+00:00,39.78242639122046,-75.4805521947843,-1086.209884285338,40.07535123002943,-75.31040340688591,8.431371784827206,1.887661274219168e-05,1.775257749228505e-05,42665.3862882709,5000.0,36472.31131311715,1080.7480104031144,36488.32016937644
2023-08-09 17:06:22+00:00,39.78215293038325,-75.48052643484951,-1086.0972302054,40.0750395411585,-75.31037960252606,8.548467457469087,1.8895573018116105e-05,1.77672948083374e-05,42726.573028020815,5000.0,36476.80422387482,1080.9489654754266,36492.81706107182
2023-08-09 17:06:23+00:00,39.78187575442596,-75.48049823040752,-1085.9734373595968,40.074567897086254,-75.31039622818366,8.83118784421822,1.8904865542002465e-05,1.778898251604896e-05,42759.7982206508,5000.0,36482.00230922751,1081.1132198686262,36498.01773089404
2023-08-09 17:06:24+00:00,39.78159674680328,-75.4804611497296,-1085.8629900301132,40.07407941495519,-75.31040245931389,9.086957731866278,1.8918255738518467e-05,1.779048762999764e-05,42814.1288485784,5000.0,36487.62717497881,1081.1608789395666,36503.64154035048
2023-08-09 17:06:25+00:00,39.78131127497521,-75.48042125815498,-1085.805789153849,40.07342659723872,-75.31042346931595,9.487170068488922,1.893547282601666e-05,1.7811165110053392e-05,42817.22487909792,5000.0,36494.13962580916,1081.4275528836488,36510.159032523945
2023-08-09 17:06:26+00:00,39.78101590726297,-75.48037463320344,-1085.8790069233823,40.07276944645424,-75.31043000143472,9.867598920769524,1.896299208060888e-05,1.7829057774605878e-05,42818.01329120201,5000.0,36501.19777077584,1081.5964471637826,36517.21908327369
2023-08-09 17:06:27+00:00,39.78071202725432,-75.48032296561775,-1085.909856582004,40.07207562675867,-75.31043120163703,10.220511410327164,1.8980758449240137e-05,1.7836139550432865e-05,42837.92497535306,5000.0,36508.83980272946,1081.9251513815782,36524.86749838464
2023-08-09 17:06:28+00:00,39.7804037338923,-75.48026561708465,-1085.7767934724218,40.07145314802212,-75.31041187333561,10.508494974230416,1.8999936863550225e-05,1.7836057425424997e-05,42860.83072160633,5000.0,36517.12042233114,1082.258851269865,36533.15436915058
2023-08-09 17:06:29+00:00,39.78009303104457,-75.48020301434002,-1085.7499987307433,40.07093481820617,-75.31037497305519,10.7314901977079,1.903070004532088e-05,1.7845100849882447e-05,42831.52184092238,5000.0,36524.93297637266,1082.7336186392663,36540.977559685605
2023-08-09 17:06:30+00:00,39.77978309781231,-75.4801349103007,-1085.571575747388,40.07033700531543,-75.31034446023561,11.021645177621394,1.90104087029078e-05,1.785335320765901e-05,42864.04434850186,5000.0,36532.53718938936,1083.0298597700862,36548.5872117004
2023-08-09 17:06:31+00:00,39.77946956599132,-75.48006338430072,-1085.4936616993873,40.06968165087404,-75.31032120657643,11.365626797953157,1.900509083541328e-05,1.7856909368485302e-05,42895.48213405872,5000.0,36540.99314836137,1083.49044964857,36557.05310638526
2023-08-09 17:06:32+00:00,39.77915640935528,-75.47999369343103,-1085.343449318554,40.0689727540278,-75.31031159370217,11.766088548291007,1.900997048798012e-05,1.786932345166241e-05,42927.72159642459,5000.0,36549.15528042508,1083.6227562093857,36565.21557423667
2023-08-09 17:06:33+00:00,39.77884401908443,-75.47992475986655,-1085.2859841962525,40.06836478589974,-75.31029556376845,12.122028692334425,1.902598297859637e-05,1.7885154798852182e-05,42977.64659770859,5000.0,36557.050005359226,1084.067155496872,36573.12000215407
2023-08-09 17:06:34+00:00,39.77853120236903,-75.47985986690986,-1085.0698330156374,40.0677348601976,-75.31028590128525,12.52709277154645,1.904360243296249e-05,1.792118599557459e-05,42947.18773356937,5000.0,36565.63784914498,1084.2875194532776,36581.71060433979
2023-08-09 17:06:35+00:00,39.7782143822121,-75.47979710990234,-1084.7670589961272,40.06694837979786,-75.31030510493908,13.09079811105039,1.9053237432649827e-05,1.7920889872098658e-05,43046.01747475342,5000.0,36575.300394115366,1084.3580544757572,36591.37099522348
2023-08-09 17:06:36+00:00,39.77789834216544,-75.47973577360091,-1084.4950872618656,40.06631324140741,-75.31030637892944,13.52252913423581,1.906511352765668e-05,1.793152545998212e-05,43077.643984064,5000.0,36585.19363359435,1084.4002709836127,36601.26114159595
2023-08-09 17:06:37+00:00,39.77757922243961,-75.47967371244292,-1084.3910944636152,40.06566791442911,-75.31032235716982,13.900113046984188,1.905705253218195e-05,1.7941781075196955e-05,43093.03216551965,5000.0,36595.544957396654,1084.9878970970735,36611.62533220407
2023-08-09 17:06:38+00:00,39.77726320258189,-75.47961865981887,-1084.1925254148205,40.06503832827708,-75.31035027114912,14.251644245174248,1.9069084344433012e-05,1.7970685730008582e-05,43121.31398628815,5000.0,36605.757268475936,1085.4707214753998,36621.84746685725
2023-08-09 17:06:39+00:00,39.77694762292309,-75.47956713530158,-1084.1186556059708,40.06456217312835,-75.31035174107386,14.50234905211255,1.908508112088225e-05,1.798267041278716e-05,43137.10581171524,5000.0,36615.67421212371,1086.085583709381,36631.77827929628
2023-08-09 17:06:40+00:00,39.77663444143573,-75.47952022888046,-1084.0292252397194,40.064025345647686,-75.31038461594494,14.811484311241657,1.9088827719935057e-05,1.796984288309589e-05,43172.1515119908,5000.0,36625.71863373682,1086.576858302869,36641.83285135523
2023-08-09 17:06:41+00:00,39.77632593915587,-75.47947575725519,-1084.0099036099828,40.06350098584692,-75.31042748930582,15.105154210526962,1.9087716491585102e-05,1.799672121598681e-05,43173.29722780531,5000.0,36635.34662210239,1087.024517279824,36651.46988079409
2023-08-09 17:06:42+00:00,39.77602014456913,-75.47943474699989,-1083.893875409647,40.06302657347198,-75.31046567358177,15.376807064167224,1.9076365617872344e-05,1.8013067736316348e-05,43200.62658186764,5000.0,36644.79309843578,1087.407971409824,36660.923574338005
2023-08-09 17:06:43+00:00,39.77572556000514,-75.47939975906695,-1083.7357970677788,40.0624414429552,-75.31057057601598,15.772077501402237,1.908025844266395e-05,1.8015752269075547e-05,43231.19344702756,5000.0,36653.46160290935,1087.7111013982194,36669.597255983805
2023-08-09 17:06:44+00:00,39.77539343339307,-75.47935781672375,-1083.7430998033506,40.06060863939817,-75.31040533121167,16.008042957400903,1.908461509094745e-05,1.8011719746410476e-05,43279.36862674004,5000.0,36665.44776576243,1088.190448538308,36681.59236342042
2023-08-09 17:06:45+00:00,39.77515381047335,-75.47944322958281,-1083.6631091741087,40.07956241163522,-75.31546742394576,15.839194294530898,1.9098186814861363e-05,1.7998311766474036e-05,43337.14088943243,5000.0,36671.65775061275,1088.5662332426757,36687.810763552414
2023-08-09 17:06:46+00:00,39.77491493229395,-75.47953037783151,-1083.678274205063,40.07932215397821,-75.31555392230518,16.179402677342296,1.909482767220316e-05,1.801298540061668e-05,43393.764915000655,5000.0,36677.65369322511,1089.007288181458,36693.81715376396
2023-08-09 17:06:47+00:00,39.77467602997064,-75.47962029583664,-1083.515406580801,40.07908205702906,-75.31564262430106,16.57507346139755,1.911275402854037e-05,1.801793563541565e-05,43438.03620132984,5000.0,36683.609892985725,1089.3178555191707,36699.779947175615
2023-08-09 17:06:48+00:00,39.7744364943249,-75.47971556373534,-1083.420231105178,40.07884245867039,-75.31573580860861,17.152523495373316,1.911952842632116e-05,1.8037545884296777e-05,43471.71233093766,5000.0,36689.24550802261,1089.2669650307414,36705.41156926407
2023-08-09 17:06:49+00:00,39.774199726163886,-75.47981606588581,-1083.243911028631,40.07860207428134,-75.31583196486551,17.66467775241472,1.913394516113178e-05,1.8062538483012386e-05,43492.1610565845,5000.0,36694.7607333006,1089.2845389356878,36710.92488729948
2023-08-09 17:06:50+00:00,39.77396473154106,-75.47991633696878,-1083.0163726443438,40.07835758548388,-75.31592973278693,18.36993643036112,1.91297156723934e-05,1.8075778186560237e-05,43552.64580804055,5000.0,36700.198878389965,1089.1915025136925,36716.35787823357
2023-08-09 17:06:51+00:00,39.77372803123348,-75.48001845822489,-1082.7639794985123,40.0781088171877,-75.31602941336142,19.009394375258125,1.915298283665267e-05,1.807613170761861e-05,43590.49801920537,5000.0,36705.75069799986,1089.0083604773206,36721.90182320227
2023-08-09 17:06:52+00:00,39.77349189250711,-75.48012379588431,-1082.423417171557,40.07785399014187,-75.31612979679839,19.598913346533664,1.916704573812684e-05,1.8100145894696687e-05,43581.99485981322,5000.0,36711.38924980307,1088.7431941340835,36727.53003393136
2023-08-09 17:06:53+00:00,39.77326023207965,-75.48023291318779,-1082.12606794168,40.0775913524012,-75.31623193447341,20.24005720543209,1.9165918036345586e-05,1.810312163441996e-05,43568.93850587243,5000.0,36716.52073954933,1088.4475407687678,36732.65050696399
2023-08-09 17:06:54+00:00,39.77302868756948,-75.48035004567254,-1081.7493615994254,40.07734068541749,-75.3163423138989,20.72529774380382,1.918866184686092e-05,1.8103720934986696e-05,43601.54208766908,5000.0,36721.6433697098,1088.174774552847,36737.762807663246
2023-08-09 17:06:55+00:00,39.77279670809922,-75.48047092764102,-1081.499141451848,40.07706491006808,-75.31645116920504,21.294803296332248,1.9198387115243752e-05,1.8098867515729807e-05,43585.81998256081,5000.0,36727.39905288631,1087.9565150162489,36743.50950261176
2023-08-09 17:06:56+00:00,39.77256958754846,-75.48059953761566,-1081.1459135968598,40.07681659325475,-75.31657183518557,21.64115588762797,1.921006640107533e-05,1.811045498558613e-05,43605.500496454006,5000.0,36733.0105894374,1087.8068952254646,36749.11414993592
2023-08-09 17:06:57+00:00,39.77233981104462,-75.48073324468976,-1081.0168090070265,40.076594724456335,-75.31670651756139,21.840677291620523,1.922370139471487e-05,1.815232494657492e-05,43607.65549639122,5000.0,36738.967847364445,1087.769977061295,36755.0677051842
2023-08-09 17:06:58+00:00,39.77210951671767,-75.4808750646046,-1080.933910844878,40.07641613360246,-75.31686236418548,21.844960095360875,1.92228452134777e-05,1.817872595360115e-05,43632.32136926434,5000.0,36745.41963374369,1087.881559550821,36761.51996786214
2023-08-09 17:06:59+00:00,39.77187661532481,-75.4810281761798,-1080.7876484484668,40.07624398565469,-75.31702986265205,21.824737732997164,1.925786039736636e-05,1.819205362047961e-05,43673.48937923482,5000.0,36753.2108199221,1088.0261350680028,36769.3120202735
2023-08-09 17:07:00+00:00,39.77164378513589,-75.48118214936675,-1080.7880200518994,40.0760301745535,-75.31719070268471,21.886456191306934,1.9286103647782968e-05,1.821295301992178e-05,43649.75010765462,5000.0,36760.74804927663,1088.3943258242953,36776.85684436453
2023-08-09 17:07:01+00:00,39.77140915511828,-75.48133678413485,-1080.582301976517,40.07574902539101,-75.31733183463673,22.05864590674173,1.92807472904544e-05,1.8240675875679583e-05,43676.9970932421,5000.0,36768.50200095406,1088.6851305666682,36784.6160059838
2023-08-09 17:07:02+00:00,39.77117715724576,-75.48149354731973,-1080.5658252842636,40.07542392481166,-75.31745734061337,22.25512006599456,1.931757843210179e-05,1.823686397347681e-05,43685.40170105788,5000.0,36776.53868723555,1089.070681275774,36792.660582819335
2023-08-09 17:07:03+00:00,39.77094316544192,-75.48165582443724,-1080.504104223456,40.075086830129976,-75.3175798437914,22.39309663209133,1.931691986309759e-05,1.8258669224318323e-05,43723.6893359287,5000.0,36784.36194628291,1089.5367626556886,36800.49421070761
2023-08-09 17:07:04+00:00,39.77070868183127,-75.48181985144184,-1080.5127975524274,40.07475575167601,-75.31770840759505,22.48466372385156,1.933775010480808e-05,1.830643364554242e-05,43808.47250290647,5000.0,36792.13053330607,1089.9466793633842,36808.27152887904
2023-08-09 17:07:05+00:00,39.7704726886773,-75.48198574322117,-1080.5943451858302,40.07435545773418,-75.31781144031498,22.632068903185427,1.934618688089828e-05,1.8308224721951264e-05,43815.53282282055,5000.0,36800.64090331239,1090.2587190430293,36816.78740695606
2023-08-09 17:07:06+00:00,39.77023101041689,-75.482157798402,-1080.4613861628231,40.07404729776653,-75.3179544461501,22.659696911810897,1.9366805682672783e-05,1.831625606502652e-05,43833.83325044376,5000.0,36809.82070902472,1090.2380748798275,36825.9625765636
2023-08-09 17:07:07+00:00,39.76998465826004,-75.48233102473758,-1080.6744399573586,40.073738752808666,-75.31810198932521,22.685500953462903,1.937254022818013e-05,1.8300098254979708e-05,43873.43011766652,5000.0,36819.565834695,1090.5313480971147,36835.712113065245
2023-08-09 17:07:08+00:00,39.76973115828988,-75.48251044608055,-1080.7992798696523,40.07331941446181,-75.31820808153968,22.771652448223904,1.93929131444742e-05,1.832752825004168e-05,43866.99866574863,5000.0,36830.25746439951,1090.8021713884575,36846.40707411052
2023-08-09 17:07:09+00:00,39.76947271976008,-75.48267829388949,-1080.8099788580348,40.07281512000926,-75.31827158887538,22.938051333185285,1.9379100400048388e-05,1.8341635121777825e-05,43904.53454260223,5000.0,36840.92759961127,1091.045878384339,36857.079747431686
2023-08-09 17:07:10+00:00,39.76920857659068,-75.48284069664805,-1080.9001749724662,40.07230283456055,-75.31831767014067,23.16194994363468,1.940276173576916e-05,1.834705769802227e-05,43953.309023773145,5000.0,36851.55060444194,1091.3802789251793,36867.70799581894
2023-08-09 17:07:11+00:00,39.76893858730473,-75.48300512679,-1080.8968117534032,40.07179711562335,-75.31836623685443,23.44877755222842,1.9436264436863657e-05,1.8362164578021e-05,43935.92075549634,5000.0,36862.42086293572,1091.630325607372,36878.58089249075
2023-08-09 17:07:12+00:00,39.76866885599552,-75.4831622262762,-1081.0910499013137,40.0712303700048,-75.31836383728357,23.85079678404145,1.9442713162289305e-05,1.8376157681805924e-05,43956.25141227732,5000.0,36872.35584209151,1092.2219337361714,36888.52903137172
2023-08-09 17:07:13+00:00,39.76840061310499,-75.48331411498154,-1081.0883906410909,40.07069491302259,-75.31836743372169,24.306790394010022,1.947218737282096e-05,1.8371269271728244e-05,44021.20167312837,5000.0,36881.65223006854,1092.67389766632,36897.83472598848
2023-08-09 17:07:14+00:00,39.76812404217896,-75.48347368148623,-1081.0530024452132,40.07030794845506,-75.3184528090019,24.656661959947087,1.9478481457617456e-05,1.8385205884486208e-05,43997.8526598836,5000.0,36891.90662801506,1092.9137947021372,36908.09173084991
2023-08-09 17:07:15+00:00,39.76784188701094,-75.48363958986043,-1080.9308814754854,40.06994027862999,-75.31855474532307,24.980444896849804,1.948824259480564e-05,1.838190255224398e-05,44056.64832151909,5000.0,36902.746187001314,1093.0726084768223,36918.931239536745
2023-08-09 17:07:16+00:00,39.76755424650796,-75.48381028799758,-1080.9490064048214,40.06960262470155,-75.31867784339123,25.26299550372641,1.9501491696413865e-05,1.8409185781562497e-05,44094.504363485714,5000.0,36913.87595600352,1093.3701108331322,36930.06493758816
2023-08-09 17:07:17+00:00,39.76726399221527,-75.48399072491947,-1080.9074626327542,40.06928346447746,-75.3188066406486,25.58964079536964,1.952246213193347e-05,1.84255252134976e-05,44105.61673173436,5000.0,36925.640315919336,1093.746611957162,36941.83528727038
2023-08-09 17:07:18+00:00,39.76697077015277,-75.48417774260207,-1080.6439623791507,40.06898315876879,-75.31896217711274,25.916133749880828,1.951396514609529e-05,1.8432400469194887e-05,44122.64870678349,5000.0,36937.953272686056,1093.8701076851826,36954.1465033036
2023-08-09 17:07:19+00:00,39.76667966757505,-75.48437334287718,-1080.2584848104682,40.068709727753415,-75.31910356628075,26.45854338339996,1.951162535676468e-05,1.8412257084337623e-05,44102.91642759093,5000.0,36950.15994249115,1093.7293810464969,36966.34366196692
2023-08-09 17:07:20+00:00,39.76638374931976,-75.48457838095136,-1079.9318941513643,40.06841756478583,-75.31929325952709,26.885925479466096,1.9528891930323504e-05,1.843590980334376e-05,44120.499020319214,5000.0,36963.22632048943,1093.6890741184695,36979.4031294526
2023-08-09 17:07:21+00:00,39.76608544621526,-75.48479307376755,-1079.425361271045,40.06814938314436,-75.31947449841327,27.446291174623184,1.9555895879539995e-05,1.8462384883408155e-05,44157.34406138591,5000.0,36977.190520496544,1093.6767095105035,36993.360857510976
2023-08-09 17:07:22+00:00,39.765786569578125,-75.48502169598997,-1078.9940505256163,40.0678750118524,-75.3196702710449,27.95308802020736,1.9565900995055497e-05,1.845189715024132e-05,44171.18808079314,5000.0,36991.51853716146,1094.0079826610736,37007.69240511067
2023-08-09 17:07:23+00:00,39.76548681740046,-75.48525728596852,-1078.688973911866,40.067594854451386,-75.3198778981235,28.38473438634537,1.956913472822935e-05,1.845762379855096e-05,44268.98388585312,5000.0,37006.49366209279,1094.4868947860716,37022.67514274694
2023-08-09 17:07:24+00:00,39.76518699820221,-75.48550491539248,-1078.4672043305882,40.06730198716223,-75.32010101819223,28.75010278564877,1.9598319062243644e-05,1.8475523378303446e-05,44341.22150928246,5000.0,37022.29816420782,1094.681014099904,37038.47847687775
2023-08-09 17:07:25+00:00,39.76488117663976,-75.48576009106523,-1078.0697777917478,40.06699949157419,-75.32033536905297,29.10170178627596,1.9635161756944964e-05,1.847411576547409e-05,44351.105360464535,5000.0,37039.07077050344,1094.3542111231857,37055.23410642234
2023-08-09 17:07:26+00:00,39.76457138996605,-75.48603058622571,-1077.7273184767762,40.06668747795244,-75.32058413276344,29.46638153225649,1.96240378492738e-05,1.849575785448881e-05,44355.80625854033,5000.0,37057.14912777942,1094.137129496321,37073.29817451673
2023-08-09 17:07:27+00:00,39.76425780304708,-75.48630837966826,-1077.272040375034,40.06637022954765,-75.32085394649663,29.86396866838913,1.9632957580428537e-05,1.850527291142097e-05,44398.049235211714,5000.0,37076.216132251335,1093.9909259993542,37092.35256534132
2023-08-09 17:07:28+00:00,39.763942398841046,-75.48659219114813,-1077.0654111880426,40.06604979783449,-75.32108453458346,30.32437398377806,1.963906400734536e-05,1.854740265462577e-05,44425.00005342187,5000.0,37096.076265281474,1094.7818604432775,37112.22738669205
2023-08-09 17:07:29+00:00,39.763623278636686,-75.48687630588492,-1076.989955187654,40.065701551359865,-75.32127624386952,30.787154683028348,1.9664405389278438e-05,1.856721739179173e-05,44465.42663686195,5000.0,37117.08114457948,1095.9384171631843,37133.25724613331
2023-08-09 17:07:30+00:00,39.76330692049275,-75.48715869835212,-1076.607984755334,40.06532341280247,-75.32145909692152,31.22693648608401,1.9670053443111064e-05,1.8563937425711263e-05,44534.38454949377,5000.0,37137.6747592542,1096.2088556349968,37153.84987291787
2023-08-09 17:07:31+00:00,39.76299162475593,-75.48744369569525,-1076.4570230613188,40.06496618982344,-75.32170468524437,31.500552482670173,1.9702604270562077e-05,1.8575658258577205e-05,44595.75292201126,5000.0,37157.9641412905,1096.5134781347845,37174.13941079419
2023-08-09 17:07:32+00:00,39.76267997814914,-75.48773216923092,-1076.183006007558,40.06459664152959,-75.32195045324322,31.776804897701368,1.9699814786521312e-05,1.860424308029401e-05,44560.51269688181,5000.0,37178.49313353302,1096.901272918123,37194.6709097243
2023-08-09 17:07:33+00:00,39.76236747989829,-75.48802101913208,-1076.044284126912,40.064257157907534,-75.32222705631116,31.974635001737624,1.9695504370822323e-05,1.861420348660394e-05,44557.91137739344,5000.0,37199.68274350009,1097.274533155974,37215.86231189828
2023-08-09 17:07:34+00:00,39.76205558262233,-75.48830545509125,-1075.8978941969276,40.063839318458704,-75.32245434561341,32.19932783767581,1.969588458468316e-05,1.8614045817421805e-05,44643.88471500181,5000.0,37220.48669834315,1097.617425988347,37236.66733309216
2023-08-09 17:07:35+00:00,39.76174151321923,-75.48858358088869,-1075.7757676573003,40.06316107429583,-75.32254507115289,32.6197743890807,1.9731521369492045e-05,1.8627551522469265e-05,44630.99163101088,5000.0,37241.38100697622,1097.966981513998,37257.56286714503
2023-08-09 17:07:36+00:00,39.761419924917945,-75.48884998396039,-1075.6609481323037,40.06241806381465,-75.32261887755007,33.02899411669932,1.9728140270091557e-05,1.862968475035476e-05,44610.10467959933,5000.0,37262.86408659312,1098.2839607060166,37279.045958745446
2023-08-09 17:07:37+00:00,39.76109347989792,-75.48910305351379,-1075.701322484502,40.06163549960125,-75.3226816244936,33.30850796517916,1.9753549653390093e-05,1.8633701527457144e-05,44663.162378796726,5000.0,37283.74801369129,1098.802558014247,37299.936099274055
2023-08-09 17:07:38+00:00,39.76075156637592,-75.48933902935525,-1075.6917724582866,40.06034125712729,-75.32256004679287,33.72489897860214,1.97526318577538e-05,1.866156751495076e-05,44666.79806812626,5000.0,37305.52429629958,1099.17551104039,37321.71391865424
2023-08-09 17:07:39+00:00,39.760403310937335,-75.48956307939383,-1075.83558921414,40.0592824979731,-75.32253194896877,33.985831340774894,1.974665359395877e-05,1.8674388212669132e-05,44666.51553687079,5000.0,37327.922468378914,1099.4780753962723,37344.11128737146
2023-08-09 17:07:40+00:00,39.76003744317342,-75.48976959247312,-1076.113766312665,40.05782781233782,-75.32238986652655,34.28024670644663,1.975577431341616e-05,1.869207053939584e-05,44724.3781129985,5000.0,37351.28829902177,1099.8964923289411,37367.47930875828
2023-08-09 17:07:41+00:00,39.75965943071277,-75.48996628027899,-1076.3566824541465,40.05668488352519,-75.32234875240628,34.35764111438766,1.9772657495417902e-05,1.868078979923233e-05,44739.735721036166,5000.0,37375.676227794014,1100.306403944422,37391.86873729967
2023-08-09 17:07:42+00:00,39.7592657685468,-75.49014602279394,-1076.6706066709105,40.055216499158455,-75.3222315002697,34.41122591076419,1.978865621887581e-05,1.8689265759281782e-05,44800.56061107795,5000.0,37401.38261320522,1100.7123855691636,37417.57593878998
2023-08-09 17:07:43+00:00,39.75885179675605,-75.49031010814647,-1076.9471924209702,40.053793952181245,-75.32213908427507,34.381497470662,1.976492963647502e-05,1.870249336957393e-05,44873.87212796099,5000.0,37428.97475096497,1101.0736824706462,37445.16676638793
2023-08-09 17:07:44+00:00,39.758420468805056,-75.49045634341788,-1077.424027629774,40.05215696002583,-75.32202455771078,34.32804316049442,1.9792815081466794e-05,1.871495789913576e-05,44912.38215084669,5000.0,37457.49896952439,1101.393353618525,37473.68805403754
2023-08-09 17:07:45+00:00,39.75808252425733,-75.49042725907935,-1078.079335386391,40.0686872126001,-75.32165784984015,33.24163143266924,1.980026476017911e-05,1.8748534174887724e-05,44937.83485977531,5000.0,37470.62597923436,1102.074350449548,37486.82940913503
2023-08-09 17:07:46+00:00,39.75774825025211,-75.49039386927421,-1078.8307029905418,40.06834470533534,-75.32162577788316,33.04903431655839,1.981911677689129e-05,1.875658357759748e-05,44903.67858195062,5000.0,37482.9124398899,1102.6603662207287,37499.12778798578
2023-08-09 17:07:47+00:00,39.75741959116347,-75.49034994103718,-1079.6298988812869,40.06800633562109,-75.32158724175909,32.72811222472228,1.983019511410716e-05,1.8767628113818077e-05,44926.2189142255,5000.0,37494.15224678042,1103.304614013765,37510.381679957
2023-08-09 17:07:48+00:00,39.757093064331016,-75.49030026527419,-1080.555892760538,40.06767145458104,-75.32154193714433,32.229960347525775,1.982780155592584e-05,1.877582339660631e-05,44908.19525893978,5000.0,37505.10831590391,1103.913586036865,37521.35092175016
2023-08-09 17:07:49+00:00,39.75677603840205,-75.4902416311825,-1081.747120828224,40.06733632049381,-75.32149158200824,31.60431229765527,1.984912447977072e-05,1.8769352548180447e-05,44961.03404105088,5000.0,37514.91334609082,1104.767763436068,37531.17684240438
2023-08-09 17:07:50+00:00,39.75646266634733,-75.49018185556433,-1082.6998045015628,40.06699509951742,-75.32144073703618,31.02892114140559,1.986208230207656e-05,1.8785709487944524e-05,44966.25927415122,5000.0,37524.37624164948,1105.0871576818288,37540.645039089846
2023-08-09 17:07:51+00:00,39.756151768901546,-75.49011811214834,-1083.3982576597332,40.06664559489394,-75.32139283816684,30.63514672953169,1.986558218290799e-05,1.876789097744585e-05,45032.99055660176,5000.0,37533.532878678176,1105.238829472176,37549.80217291416
2023-08-09 17:07:52+00:00,39.75584988846127,-75.4900524336549,-1084.4487309448946,40.06629567568165,-75.32134426561674,30.110526729607955,1.9876194033519213e-05,1.8778263094279797e-05,45055.49919871641,5000.0,37541.86337932848,1105.8973270815402,37558.14844864175
2023-08-09 17:07:53+00:00,39.755564900911125,-75.48997816179406,-1085.7280544551795,40.06594673718347,-75.32129342814855,29.284046628861688,1.98922654637448e-05,1.878879785740332e-05,45042.32884990733,5000.0,37548.40385653162,1106.543476262477,37564.70511847601
2023-08-09 17:07:54+00:00,39.75530084177707,-75.48989279989732,-1087.0606730588297,40.06560682625771,-75.32123672390473,28.33484008722008,1.9885256567033396e-05,1.880568397516728e-05,45078.788827414566,5000.0,37552.89143665494,1107.2417112937128,37569.211323375166
2023-08-09 17:07:55+00:00,39.75505207909068,-75.48980277213293,-1088.2983633805657,40.06519890088015,-75.32119735360045,27.74338911822997,1.9903601073530757e-05,1.8817485693994547e-05,45114.13099206351,5000.0,37555.92072167697,1107.765304727759,37572.25472637016
2023-08-09 17:07:56+00:00,39.75481875572705,-75.48970868413994,-1089.3417847051069,40.06480553134275,-75.32115307868341,27.24624298419804,1.9896521509406508e-05,1.8827059155589672e-05,45145.117642147205,5000.0,37556.97349127275,1107.4959497717373,37573.29909793556
2023-08-09 17:07:57+00:00,39.754585971865005,-75.48957723363381,-1090.4987237085709,40.064396720925416,-75.32094781157191,27.00626596645452,1.9893615306072865e-05,1.8836458525301265e-05,45202.47892726696,5000.0,37556.59195637308,1107.1174011061005,37572.90657265337
2023-08-09 17:07:58+00:00,39.754344206944296,-75.48939176044428,-1091.2887043086776,40.06396647799647,-75.3206107131383,26.91303270531353,1.9912186146774344e-05,1.882669953342124e-05,45286.09754898864,5000.0,37555.347049234966,1107.1493437743643,37571.66314734952
2023-08-09 17:07:59+00:00,39.75411191839578,-75.48920163541861,-1091.662519198917,40.06365113286491,-75.32044884799362,26.73694607708603,1.991373995317775e-05,1.8820566116812428e-05,45333.18561208409,5000.0,37553.18486791189,1104.8186746898723,37569.43329393605
2023-08-09 17:08:00+00:00,39.75385048946437,-75.48896178558155,-1092.1661909401785,40.06332582030123,-75.31993448772486,26.64896578004118,1.9906893353207767e-05,1.882700193374728e-05,45371.67919794745,5000.0,37553.48246010503,1103.0573296944058,37569.67900254151
2023-08-09 17:08:01+00:00,39.75358661603873,-75.488723120566,-1092.824880321893,40.06308477828136,-75.319699933009,25.992723149363883,1.9921086080715884e-05,1.882482748321392e-05,45458.64916095528,5000.0,37555.181567060965,1102.2163190953977,37571.35269522507
2023-08-09 17:08:02+00:00,39.75332702503543,-75.48848616621812,-1093.4846447307414,40.06288306279318,-75.31946887593028,25.106048024259508,1.9941905585568608e-05,1.884355448759276e-05,45490.95307696261,5000.0,37556.875597443024,1101.657384539641,37573.02960415519
2023-08-09 17:08:03+00:00,39.75306406173949,-75.48824880589808,-1094.1037092767572,40.06272545505251,-75.31924235994353,24.116680694161914,1.9956579689806817e-05,1.886547002096796e-05,45539.77298505814,5000.0,37559.454200013206,1101.0098637571832,37575.5881194557
2023-08-09 17:08:04+00:00,39.75280211443732,-75.48801481315886,-1094.7462278467465,40.06252868836656,-75.31902427121959,23.335851437877864,1.99581490179051e-05,1.887512559220993e-05,45514.25722358771,5000.0,37562.46874520386,1100.592193123822,37578.58913543698
2023-08-09 17:08:05+00:00,39.75253563100996,-75.48779330743284,-1095.1982105614547,40.06234877120367,-75.31881825705615,22.562364346929822,1.9960954696291943e-05,1.8898708678076764e-05,45521.06642754705,5000.0,37566.8658329394,1100.0058665129875,37582.96717153174
2023-08-09 17:08:06+00:00,39.752265438978256,-75.4875858100917,-1095.763876787649,40.06224755525402,-75.31862797183786,21.67603320721537,1.9969280894919813e-05,1.892116450832864e-05,45570.03316289583,5000.0,37572.47811036291,1099.7337692583028,37588.56908312615
2023-08-09 17:08:07+00:00,39.751980621977125,-75.48739949882011,-1096.3004079122838,40.06219246976168,-75.31846065596545,20.715056852903217,1.9980814329268725e-05,1.88999745234e-05,45575.45894479724,5000.0,37581.52342272092,1099.5408229076584,37597.60488107935
2023-08-09 17:08:08+00:00,39.75167933869172,-75.48723715192124,-1096.8849029705366,40.062072030773216,-75.31831544524323,19.879100098856725,1.9977240061748385e-05,1.892703695757521e-05,45584.993896420456,5000.0,37593.28371761249,1099.180298581064,37609.34960886318
2023-08-09 17:08:09+00:00,39.75136522988616,-75.48709384104816,-1097.3702713212915,40.06186562807606,-75.31819208328898,19.249300095951185,1.9987830222175252e-05,1.8942619019106864e-05,45618.35037713684,5000.0,37606.7569879368,1098.897460636084,37622.80886349031
2023-08-09 17:08:10+00:00,39.75103630825394,-75.48696765408647,-1097.630592493556,40.06160432435672,-75.31809096280523,18.79763669206295,2.000062027225144e-05,1.8958545077395004e-05,45674.03103457076,5000.0,37622.36431900069,1098.965692555694,37638.41153057645
2023-08-09 17:08:11+00:00,39.750700928618,-75.48686511385102,-1097.91746927559,40.061241622927305,-75.31801078395495,18.530981410760432,2.0003679077433332e-05,1.897767322962196e-05,45625.690137630925,5000.0,37639.64993197608,1098.877493189012,37655.687203219975
2023-08-09 17:08:12+00:00,39.75035768557872,-75.4867826677997,-1097.902737986929,40.06084499733567,-75.31794900042493,18.400895322323777,2.0008756020126835e-05,1.8991424087279178e-05,45644.50441662458,5000.0,37658.867697780566,1098.992152941025,37674.90013299527
2023-08-09 17:08:13+00:00,39.75000956622944,-75.48672163023387,-1097.8561511195217,40.06032789336025,-75.31789783070205,18.505631677806377,2.0014904313824306e-05,1.898772232978437e-05,45700.619634686846,5000.0,37680.45468225756,1099.1077567241168,37696.48130691453
2023-08-09 17:08:14+00:00,39.749657574394845,-75.48667533039863,-1097.7197095344009,40.05990608415578,-75.31786166079831,18.684073162730783,2.001685191214084e-05,1.900236262479637e-05,45699.70731000128,5000.0,37703.788575699655,1099.3475140793782,37719.81227309824
2023-08-09 17:08:15+00:00,39.74930405874893,-75.486644711754,-1097.367150743466,40.05944736695859,-75.31783333535682,19.05014222825412,2.0050624559376702e-05,1.901823731248832e-05,45722.90361434888,5000.0,37728.76006656794,1098.9518309788623,37744.7616403583
2023-08-09 17:08:16+00:00,39.74895123379214,-75.48662620759502,-1096.7342620016448,40.05899431601696,-75.317807773007,19.710085376515053,2.003782898669567e-05,1.9035484358954027e-05,45749.76050043973,5000.0,37755.46127366446,1098.4441351995918,37771.43676781876
2023-08-09 17:08:17+00:00,39.74860284848168,-75.48662180545395,-1096.027586194608,40.058728974381815,-75.31782950046241,20.2782338517718,2.0048938436642185e-05,1.9055772916512456e-05,45767.40094759001,5000.0,37783.23452363389,1097.9704304051727,37799.18451678506
2023-08-09 17:08:18+00:00,39.74825313561279,-75.48663205496167,-1095.394081539391,40.05840809785592,-75.31785651064224,20.82669024216011,2.006865913444756e-05,1.9077159094303128e-05,45815.78687609587,5000.0,37812.707605855794,1097.8409947356529,37828.64141540992
2023-08-09 17:08:19+00:00,39.74790905935927,-75.48665823515773,-1094.895735788452,40.05820725906988,-75.31795910563645,21.18058777158149,2.0075460498246652e-05,1.9085501819709008e-05,45815.23737643146,5000.0,37843.76265497317,1097.8837920799635,37859.684635596925
2023-08-09 17:08:20+00:00,39.74756994709158,-75.48669600487673,-1094.3331200754556,40.05784120757942,-75.31799490034669,21.68876809370704,2.0068979421432945e-05,1.9086365597618124e-05,45895.83227096935,5000.0,37876.512705284185,1098.465983044752,37892.43779739516
2023-08-09 17:08:21+00:00,39.74723414461079,-75.48674516901553,-1093.8525124371656,40.05756685650622,-75.31809650941575,21.99022535793484,2.0058292507408665e-05,1.9104426662216563e-05,45887.93998944881,5000.0,37910.48121066087,1098.5846221759898,37926.39547592089
2023-08-09 17:08:22+00:00,39.746899341245935,-75.48680721767306,-1093.4231448130415,40.05723159568697,-75.31817051091356,22.324304932146333,2.0037772526552265e-05,1.9101642716447004e-05,45927.975129736864,5000.0,37946.5744070445,1099.3014168451505,37962.494291529925
2023-08-09 17:08:23+00:00,39.746561228630256,-75.48688516620015,-1093.1603318312373,40.05683114791581,-75.31820296681856,22.702217785525136,2.005825666616993e-05,1.911096010637128e-05,45963.872250353925,5000.0,37984.81972045706,1099.7821002535325,38000.73749104959
2023-08-09 17:08:24+00:00,39.74622622397836,-75.48697416464003,-1092.852674507531,40.05637041947303,-75.31819290496274,23.14283107395749,2.008642183613511e-05,1.908983114212207e-05,45990.55288025364,5000.0,38024.821682539565,1100.0473934432496,38040.73038542704
2023-08-09 17:08:25+00:00,39.74589234035121,-75.48707527180453,-1092.372052901395,40.055888759610376,-75.31816852197115,23.704037960851565,2.0111410177445355e-05,1.910427326641701e-05,46124.644227462544,5000.0,38066.59358434728,1099.9131327125208,38082.48095929916
2023-08-09 17:08:26+00:00,39.745566179068405,-75.48718865824759,-1091.8843890659127,40.05559488534356,-75.3183167621724,24.145731517346576,2.01306434991811e-05,1.9125943080806594e-05,46180.64234991616,5000.0,38110.00549539943,1099.620385451807,38125.86633575001
2023-08-09 17:08:27+00:00,39.7452438171052,-75.48731811529285,-1091.4044529615314,40.055487029302775,-75.31864964593241,24.332872674334794,2.012998736798065e-05,1.914518710411099e-05,46193.92962542058,5000.0,38155.83448144604,1099.2120162521037,38171.664517442514
2023-08-09 17:08:28+00:00,39.7449277757653,-75.48747043988108,-1091.0040722102722,40.05531334035194,-75.31893461331406,24.54065613856073,2.015043533618406e-05,1.9147579662553795e-05,46206.870913867686,5000.0,38203.59336891185,1098.9081686651502,38219.39488610886
2023-08-09 17:08:29+00:00,39.744614996005744,-75.48764295030688,-1090.5106822782525,40.055162941120535,-75.31925139293541,24.725331064662896,2.0142237587521147e-05,1.9171684065396176e-05,46236.28240032405,5000.0,38252.63510276461,1098.3176261138074,38268.39941666089
2023-08-09 17:08:30+00:00,39.74430077313943,-75.48782868096748,-1090.033568451865,40.05482867206276,-75.31941146715644,25.17671621404588,2.016515762244298e-05,1.9182770708356124e-05,46293.1060824282,5000.0,38302.70104346755,1097.735166690825,38318.42806955212
2023-08-09 17:08:31+00:00,39.74398170236489,-75.48801519726705,-1089.5607214078268,40.05448898604466,-75.31957880345605,25.64920877723489,2.018307291774391e-05,1.919711044466988e-05,46302.82347558059,5000.0,38354.10296237331,1097.6129209633953,38369.805422657526
2023-08-09 17:08:32+00:00,39.7436690793795,-75.48820869465406,-1089.0208009974658,40.054466090486834,-75.3199821914936,25.751184798777103,2.020174724884334e-05,1.9201487826007066e-05,46322.52299579796,5000.0,38405.93891962116,1097.2664028642478,38421.61029754642
2023-08-09 17:08:33+00:00,39.74335846585083,-75.48840445856145,-1088.6234473875656,40.05438124026907,-75.32031526910357,25.9153722334886,2.0202195784524864e-05,1.920604143731431e-05,46346.54489772344,5000.0,38458.35089122549,1097.0207322135527,38473.993914845
2023-08-09 17:08:34+00:00,39.74304250712528,-75.48861052847835,-1088.2932058305596,40.05425787060251,-75.32061001569527,26.08241236966569,2.021934789046886e-05,1.922121738824397e-05,46388.491499092444,5000.0,38512.11990403163,1096.8086943591038,38527.73505949358
2023-08-09 17:08:35+00:00,39.74272526573312,-75.4888277243941,-1087.96671907143,40.05401882669645,-75.32085183749228,26.31040717777796,2.023620786661414e-05,1.923540670729371e-05,46377.616530676976,5000.0,38565.697629325965,1096.832475821681,38581.29177615254
2023-08-09 17:08:36+00:00,39.7423984603919,-75.48905304557529,-1087.7213531652108,40.05373846627408,-75.32108619877506,26.539436745573767,2.0247019762448308e-05,1.925379929439514e-05,46442.86297498617,5000.0,38620.65735646729,1097.0889012371829,38636.23660118657
2023-08-09 17:08:37+00:00,39.74206682219425,-75.48928528034479,-1087.520758143498,40.05344645025728,-75.32132345488411,26.70685683109332,2.025196614607456e-05,1.926074962343252e-05,46458.78003358202,5000.0,38676.96865004818,1096.9614980293734,38692.52160928477
2023-08-09 17:08:38+00:00,39.74172940619235,-75.48952193270856,-1087.4700992361004,40.05299847547521,-75.32154411701856,26.904232329223305,2.027025610914745e-05,1.927097460021915e-05,46494.79064586392,5000.0,38734.228418219565,1097.199932836563,38749.76514570669
2023-08-09 17:08:39+00:00,39.741385372314525,-75.48976368193735,-1087.4101514080503,40.05280144386097,-75.32179319797598,26.923855925677344,2.026649272999877e-05,1.9287516788795504e-05,46526.1436215437,5000.0,38792.89298065566,1097.0934382787605,38808.40321142984
2023-08-09 17:08:40+00:00,39.74102959814535,-75.4900033329205,-1087.414970406518,40.05257243450498,-75.32203648386141,26.877274645259604,2.0293945035378637e-05,1.928135958841189e-05,46523.57242152048,5000.0,38852.62817907492,1097.511887680561,38868.12638608975
2023-08-09 17:08:41+00:00,39.740667550731146,-75.49024693232992,-1087.4893186556185,40.05222300908902,-75.32228002237711,26.85800976655446,2.0285724181591182e-05,1.92979998618322e-05,46558.43323569197,5000.0,38912.65630406149,1097.850764307118,38928.14016799039
2023-08-09 17:08:42+00:00,39.74030048425066,-75.49049628255439,-1087.498546205435,40.051729983573146,-75.32254296756801,26.925524301477708,2.0273600970698574e-05,1.930477710627503e-05,46624.072953570445,5000.0,38973.52033398752,1098.2437658631766,38988.99109483338
2023-08-09 17:08:43+00:00,39.73993791674979,-75.49075169018062,-1087.4719632564834,40.05095735323291,-75.32286761749829,27.13361967552919,2.028560779436904e-05,1.9311808098638964e-05,46658.89794161679,5000.0,39033.729567081566,1098.6584560381857,39049.18813905203
2023-08-09 17:08:44+00:00,39.73958083140407,-75.49100602731733,-1087.5313491541629,40.05024675592636,-75.32320368873549,27.25998062477447,2.0304030200588528e-05,1.9324279245493597e-05,46675.06502438185,5000.0,39093.16510286157,1099.2226824284046,39108.61603617748
2023-08-09 17:08:45+00:00,39.73950910940917,-75.49072610025345,-1087.5801136150656,40.06505925031711,-75.31771803130825,28.490457879612222,2.031355328688576e-05,1.932715399082817e-05,46740.46249094902,5000.0,39106.70342208188,1099.6517003528645,39122.16106511449
2023-08-09 17:08:46+00:00,39.73944329275365,-75.4904242024217,-1087.9302751610571,40.0649914159582,-75.31742392879872,28.346311789238825,2.0315235108192945e-05,1.933176419400705e-05,46791.09274183196,5000.0,39118.6377999573,1100.2968358442872,39134.10886236222
2023-08-09 17:08:47+00:00,39.73938047857213,-75.4901015873633,-1088.3504326940774,40.06492533083475,-75.3171091785573,27.929127461160533,2.0319560249998517e-05,1.9358006597772093e-05,46766.66377855239,5000.0,39129.31950497613,1101.0159351616603,39144.80656500917
2023-08-09 17:08:48+00:00,39.739316245409626,-75.48976570924978,-1088.8635652105272,40.06486132595079,-75.3167773745208,27.588458731537685,2.0337143605149973e-05,1.9367230674389345e-05,46833.68400700192,5000.0,39139.37936979668,1101.807371093868,39154.88471360709
2023-08-09 17:08:49+00:00,39.73925249031611,-75.4894222770696,-1089.476989494557,40.0647974705189,-75.3164357650107,27.185516002238728,2.0347996312876005e-05,1.938136361634845e-05,46892.31766966693,5000.0,39148.78841138715,1102.7528876800948,39164.31664169372
2023-08-09 17:08:50+00:00,39.73919160559112,-75.48906845255003,-1090.0489897835437,40.06473059019368,-75.31608798648574,26.872576339985244,2.0370420645243328e-05,1.936977161560644e-05,46920.62827402935,5000.0,39157.64737123956,1103.423201448822,39173.19096540184
2023-08-09 17:08:51+00:00,39.73913320135405,-75.48870331688542,-1090.7684404148577,40.064653050412765,-75.31573784507553,26.7056794030359,2.034857087287116e-05,1.9368614975600458e-05,46952.96451471671,5000.0,39166.2891222358,1104.162939645994,39181.85012737216
2023-08-09 17:08:52+00:00,39.73908163022279,-75.4883235210805,-1091.3986692803355,40.06456504940339,-75.315383163824,26.50889842526521,2.035239102245797e-05,1.9379696545031514e-05,47020.65610559552,5000.0,39174.234519983744,1104.7786379263198,39189.809722241625
2023-08-09 17:08:53+00:00,39.73903193710467,-75.48792858220202,-1092.3322783715555,40.06445544016677,-75.3150294889248,26.303597192978486,2.036889952443805e-05,1.937608185539057e-05,47077.75399261465,5000.0,39181.62914908627,1105.6062588529055,39197.2247483944
2023-08-09 17:08:54+00:00,39.73897663736204,-75.48752173924683,-1093.4350340778594,40.06432713420443,-75.31467267532356,25.99820470577106,2.035552109428677e-05,1.939181432170147e-05,47138.55775299975,5000.0,39189.43505066539,1106.7994305533905,39205.06121114714
2023-08-09 17:08:55+00:00,39.73892456761355,-75.48710391174953,-1094.4747017069208,40.06416576806712,-75.31432671690395,25.78057438507676,2.0371530053025586e-05,1.9373917812432845e-05,47195.28816370304,5000.0,39196.378698611945,1108.1204438841671,39212.03940122414
2023-08-09 17:08:56+00:00,39.73887660292623,-75.48668988437623,-1095.502682982757,40.06397483772446,-75.31399970492217,25.67942814785056,2.036737046865185e-05,1.9396734655084853e-05,47232.65986093063,5000.0,39202.11282127062,1109.403552505428,39217.807510032246
2023-08-09 17:08:57+00:00,39.73883021441172,-75.4862759651651,-1096.4516689929665,40.06376164736006,-75.31369054756514,25.67576106369961,2.0358354990612952e-05,1.9407929672669528e-05,47202.30844057222,5000.0,39206.93874091214,1110.614023085052,39222.6657551716
2023-08-09 17:08:58+00:00,39.73878682121553,-75.4858651488103,-1097.3519867905316,40.06353916553716,-75.31339068666921,25.695367643493228,2.0370596814482904e-05,1.9434653353428563e-05,47265.62328784572,5000.0,39211.969177683706,1111.6925545191923,39227.72472534432
2023-08-09 17:08:59+00:00,39.73874650468723,-75.48546372489793,-1098.1492328375116,40.06327447236145,-75.31312066157702,25.905241056345403,2.036618054081766e-05,1.9432896335158016e-05,47304.219876866126,5000.0,39217.09226648557,1112.8328010627324,39232.87808307164
2023-08-09 17:09:00+00:00,39.73870811715341,-75.48507643186358,-1098.7146797322523,40.06298992978223,-75.31286209280982,26.19443110690917,2.038971243204529e-05,1.944940232264841e-05,47344.20147863443,5000.0,39222.86322637808,1113.4226987708794,39238.66345559314
2023-08-09 17:09:01+00:00,39.73866631457589,-75.48469301088139,-1099.083709431757,40.06269698766281,-75.31260299960549,26.59422020439524,2.0398038115727463e-05,1.946739913170136e-05,47396.78995222856,5000.0,39229.71943676008,1113.8558345988808,39245.529196421616
2023-08-09 17:09:02+00:00,39.73862446081455,-75.4843173624468,-1099.371464554693,40.06239967391384,-75.31233613364256,27.0019111444708,2.041427234284987e-05,1.94712152590844e-05,47411.60445973911,5000.0,39236.981812463855,1114.0258161934344,39252.79347092083
2023-08-09 17:09:03+00:00,39.73857751152892,-75.48395151130367,-1099.6174924631428,40.06209044610381,-75.31207100857743,27.433082014671527,2.0411718011491817e-05,1.9490439514073758e-05,47481.693999552015,5000.0,39245.51016051459,1114.50760129496,39261.33205779445
2023-08-09 17:09:04+00:00,39.73852834225957,-75.4835930581695,-1099.8205712461656,40.06171865498661,-75.3118162580294,27.96526141092181,2.041701693393811e-05,1.9509992883019124e-05,47450.12789819973,5000.0,39254.85383625552,1114.8665466103485,39270.68215759099
2023-08-09 17:09:05+00:00,39.73847387226847,-75.48324158680681,-1100.05109109322,40.06135696928938,-75.31154946918956,28.36671508231666,2.0419321407448777e-05,1.954947600986029e-05,47548.80570253209,5000.0,39265.10957384504,1115.2426120210628,39280.94443785339
2023-08-09 17:09:06+00:00,39.738414873452,-75.48288841493047,-1100.224555216544,40.06101596238173,-75.3112661372347,28.62300048733596,2.046014025123673e-05,1.956032767480449e-05,47501.810200042855,5000.0,39275.97807970345,1115.5983102748603,39291.81866123321
2023-08-09 17:09:07+00:00,39.73834876977553,-75.48254342523357,-1100.4013689626831,40.06044668754212,-75.31102396859212,29.20545329793822,2.0449240430990167e-05,1.9564024756076117e-05,47530.00138060649,5000.0,39288.13463486332,1115.9503205803642,39303.98030995271
2023-08-09 17:09:08+00:00,39.73827019832768,-75.48221046726835,-1100.5225742744776,40.05969847771283,-75.31080663108895,29.99281935603358,2.0460344365466123e-05,1.9576393776385302e-05,47560.96823011396,5000.0,39301.92399327019,1116.3058017295718,39317.77420220735
2023-08-09 17:09:09+00:00,39.73818735179746,-75.48187683262934,-1100.5271972390974,40.05920724687251,-75.31053521569642,30.357129840063863,2.0468779105368363e-05,1.9586828803388636e-05,47578.68928962812,5000.0,39316.00898673425,1116.5191371179442,39331.85957501271
2023-08-09 17:09:10+00:00,39.73810140519299,-75.48153747638685,-1100.719094137948,40.05882731468176,-75.310235395238,30.53330276417546,2.049483415005225e-05,1.961006488538119e-05,47644.29279366568,5000.0,39330.42064533014,1117.0228255564134,39346.27972415467
2023-08-09 17:09:11+00:00,39.73801265715257,-75.48119481943189,-1100.9770202782138,40.05846077231315,-75.3099243048007,30.58078162989113,2.0524862584601778e-05,1.9613391143139206e-05,47635.61572901079,5000.0,39344.53374462568,1117.510592980032,39360.400982553656
2023-08-09 17:09:12+00:00,39.73792013765512,-75.48085138285899,-1101.3364213042223,40.05808701476515,-75.30960926566028,30.45795191195793,2.0532379855540678e-05,1.9624487813031225e-05,47647.95025822969,5000.0,39358.60111599664,1118.0532316352458,39374.478089708085
2023-08-09 17:09:13+00:00,39.737823476073366,-75.48050857621271,-1101.748425210587,40.05767002554647,-75.30929548717002,30.24553621013183,2.054240811550096e-05,1.9620090553530977e-05,47669.27411855162,5000.0,39373.03760545297,1118.6851940141066,39388.92670337337
2023-08-09 17:09:14+00:00,39.73772318098848,-75.48016567931997,-1102.451261846032,40.05705706901243,-75.30899964584708,30.04799385520164,2.055408828016608e-05,1.9606202090982957e-05,47680.326912784,5000.0,39387.45469932156,1119.5162813205047,39403.36158749973
2023-08-09 17:09:15+00:00,39.73762057156041,-75.47982424039839,-1103.3034288066017,40.05666892466979,-75.30868306632892,29.50809119315818,2.0565140733185366e-05,1.9624565999380157e-05,47633.6447612907,5000.0,39401.98944032522,1120.361567521304,39417.91447930089
2023-08-09 17:09:16+00:00,39.73751566216902,-75.47948880834478,-1104.3483097548851,40.05590571648047,-75.30839932207809,29.07991167122964,2.057415519420155e-05,1.9647055679241145e-05,47669.524050635504,5000.0,39417.036466033926,1121.0424398298835,39432.97477894038
2023-08-09 17:09:17+00:00,39.73741638163583,-75.4791590109476,-1105.5426784612068,40.05474433898671,-75.30815070594372,28.778149960562587,2.0591075258329072e-05,1.963478099740496e-05,47677.11661432739,5000.0,39431.60256489398,1121.5984965695857,39447.55079879182
2023-08-09 17:09:18+00:00,39.73732244982321,-75.47883205454104,-1106.4511385999422,40.053708025158144,-75.3078939993869,28.35073688882403,2.0583589701538444e-05,1.963898917473129e-05,47719.0538445515,5000.0,39445.390491136415,1122.0575208121709,39461.34620205254
2023-08-09 17:09:19+00:00,39.7372282977725,-75.47850599999843,-1107.312992841406,40.05318942624508,-75.30759747312739,27.66586574132089,2.0575783461889997e-05,1.964649964759574e-05,47797.41662374707,5000.0,39459.39568734941,1122.3707144243645,39475.354640983365
2023-08-09 17:09:20+00:00,39.737143684559854,-75.47817940663634,-1108.0336447839009,40.05271638353485,-75.30729715282786,27.040041968110017,2.0588321143888497e-05,1.9664274796552334e-05,47827.94514040928,5000.0,39472.20203771677,1122.2131164216955,39488.15133663516
2023-08-09 17:09:21+00:00,39.73705964602725,-75.47785409297943,-1109.0997480602666,40.05212019064625,-75.30700365896557,26.40674556873273,2.0609622100067825e-05,1.9685854981155358e-05,47816.20589900323,5000.0,39484.604089106426,1122.65152488566,39500.560838041376
2023-08-09 17:09:22+00:00,39.73698900240012,-75.4775311003522,-1110.0062086693977,40.05131892407925,-75.30672447498324,25.870821508811787,2.0621387042660323e-05,1.9680924156589127e-05,47861.8692527524,5000.0,39495.620035903055,1123.0048498564038,39511.58237673136
2023-08-09 17:09:23+00:00,39.736931377887785,-75.47720980731057,-1110.8940730446634,40.05052737127188,-75.30644489287893,25.38432521233335,2.062676871575836e-05,1.9693317602604107e-05,47874.04844894404,5000.0,39505.30548153162,1123.4700251809593,39521.277131269584
2023-08-09 17:09:24+00:00,39.73688044765903,-75.47688894946319,-1111.9191428076165,40.05006854193351,-75.30614487190043,24.67402308585588,2.064734432952868e-05,1.970262609660702e-05,47931.51055700239,5000.0,39513.65980784207,1123.636469151054,39529.63281292504
2023-08-09 17:09:25+00:00,39.73683320308803,-75.47656853530616,-1112.581955921517,40.04972075986506,-75.30583643574869,24.0624950065976,2.066143415660039e-05,1.9713068067704023e-05,47914.62496502722,5000.0,39521.72112227212,1123.4489682843946,39537.68554241623
2023-08-09 17:09:26+00:00,39.73679240591417,-75.47624725121398,-1113.645085874714,40.04927783039333,-75.30552900178046,23.49035791459028,2.067263866300208e-05,1.972069468180993e-05,47954.71142437613,5000.0,39529.30139308568,1123.916103273185,39545.27602675953
2023-08-09 17:09:27+00:00,39.73675962016877,-75.47592853195437,-1114.613936056467,40.04871910995524,-75.30522140814654,22.74095418851357,2.069043209496021e-05,1.9735707496171508e-05,47939.02555728727,5000.0,39535.78712687708,1124.3263885362562,39551.770801946375
2023-08-09 17:09:28+00:00,39.73673164719439,-75.47561490217494,-1115.7006063178987,40.04824440242808,-75.30491007133219,21.8570954388706,2.0698643960176576e-05,1.9744977708515917e-05,47954.48107272123,5000.0,39541.77013943466,1124.9163867725308,39557.768170577016
2023-08-09 17:09:29+00:00,39.736708739552896,-75.47530160991775,-1116.7012470479217,40.047449773450914,-75.30459501509962,21.06712419248652,2.0721398987995468e-05,1.972034421733361e-05,47999.27527778268,5000.0,39547.316559193714,1125.3575580894656,39563.32489398011
2023-08-09 17:09:30+00:00,39.73668900438021,-75.47499138738036,-1117.962400451041,40.0467394810933,-75.30427114974063,20.20190299151,2.0755506497132515e-05,1.972274341954726e-05,48009.82767033718,5000.0,39552.541201019405,1126.0504532937782,39568.56713455392
2023-08-09 17:09:31+00:00,39.73666634860574,-75.47468311370746,-1119.1144057645122,40.04553823428792,-75.3039267287806,19.472239168011583,2.079608966713416e-05,1.9741912502277887e-05,48031.29351847539,5000.0,39558.06935888471,1126.5805290690612,39574.108140181896
2023-08-09 17:09:32+00:00,39.73663447906323,-75.47437989427378,-1120.1297340227495,40.04357031333906,-75.30353780361861,19.00524182710797,2.0809945305733285e-05,1.974591744817422e-05,48119.50191852775,5000.0,39565.17912391871,1126.6219089770875,39581.2162020517
2023-08-09 17:09:33+00:00,39.73658618121876,-75.47408021010803,-1121.1875419460723,40.04124602777051,-75.3031013247653,18.66189177823253,2.081053841575405e-05,1.975839392854319e-05,48127.809990988,5000.0,39574.18565179376,1127.0675772806428,39590.23176651529
2023-08-09 17:09:34+00:00,39.73652334154291,-75.47378429926673,-1122.1892789270082,40.0393226339521,-75.30266057912814,18.165705863037147,2.084517785872872e-05,1.9765319634993703e-05,48172.86436880365,5000.0,39584.93493515906,1127.4704911479469,39600.988163544425
2023-08-09 17:09:35+00:00,39.73643993447466,-75.47348606445846,-1123.2075313891887,40.03706051627846,-75.30216031487907,17.701727822888643,2.0849640418836705e-05,1.977398392527939e-05,48259.29076535079,5000.0,39597.96303713516,1128.059945526623,39614.027767080486
2023-08-09 17:09:36+00:00,39.73634374439584,-75.47318766891222,-1124.1400107202062,40.03546314413944,-75.30169487734102,17.05082408792805,2.0879865742525183e-05,1.9800518788744165e-05,48276.50587685394,5000.0,39612.3186789188,1128.4463014781688,39628.38858918615
2023-08-09 17:09:37+00:00,39.73622661321726,-75.47288749389533,-1124.9320422747892,40.03356115636066,-75.30116022994301,16.492082095821388,2.087710960189646e-05,1.9833834815071056e-05,48364.66512364424,5000.0,39629.22633289608,1128.669313628978,39645.2957381255
2023-08-09 17:09:38+00:00,39.736090691178696,-75.47257517568296,-1125.882663512739,40.03167545302186,-75.3005868338113,15.954537048470227,2.088742006568509e-05,1.983649236899677e-05,48389.99902683175,5000.0,39647.977764743,1129.0156459732573,39664.04942970911
2023-08-09 17:09:39+00:00,39.735942093249086,-75.47225923230027,-1126.9215035349594,40.03029905067594,-75.30005847257188,15.334114366967697,2.0914226000397324e-05,1.984493080005615e-05,48440.24334906225,5000.0,39668.092684775074,1129.406026636795,39684.16731167367
2023-08-09 17:09:40+00:00,39.73577988608683,-75.47193370223533,-1127.7920559856648,40.028738043124406,-75.29946747944827,14.81936495465925,2.092023500610222e-05,1.9889945194740658e-05,48432.021949024034,5000.0,39689.663245153584,1129.697990105661,39705.73744514191
2023-08-09 17:09:41+00:00,39.73559801155662,-75.47159059525204,-1128.5757110731977,40.0265702384654,-75.29871040192067,14.516071626509074,2.094602696411856e-05,1.989791025019158e-05,48439.86953260884,5000.0,39713.128101549984,1129.942145709654,39729.19975109957
2023-08-09 17:09:42+00:00,39.735393114300216,-75.47122461685387,-1129.2206817511646,40.02384596932342,-75.29776190900861,14.512727253313642,2.094382140816162e-05,1.990389995838356e-05,48439.48977352052,5000.0,39738.66152220637,1130.0762376097523,39754.726660855
2023-08-09 17:09:43+00:00,39.73517381816835,-75.47083707842036,-1129.7267832517623,40.02186673253869,-75.29692841582151,14.462624248873908,2.094102508112804e-05,1.9911216597755207e-05,48461.822859592256,5000.0,39765.173410158764,1129.9379273383192,39781.223913545386
2023-08-09 17:09:44+00:00,39.73495211214538,-75.47043916170955,-1130.108222612177,40.02117196943991,-75.29640065280728,14.12075144139817,2.0959238132566536e-05,1.99202647973901e-05,48497.76448363645,5000.0,39792.23302458403,1129.7650606388513,39808.26771130636
2023-08-09 17:09:45+00:00,39.734972509198286,-75.47003759058154,-1130.7923550898718,40.06794784608154,-75.2995633984995,9.48646563460352,2.0970897529816487e-05,1.9920359562471017e-05,48549.78181057223,5000.0,39794.18721240098,1129.9374721299218,39810.22600521807
2023-08-09 17:09:46+00:00,39.73499418294982,-75.46963323636464,-1131.388843108868,40.06796292740103,-75.2991512546964,9.795329025771936,2.098421860961838e-05,1.9927022524997524e-05,48542.8546510284,5000.0,39795.69324180398,1130.235317095951,39811.73988244892
2023-08-09 17:09:47+00:00,39.73501859294875,-75.46922099338454,-1131.9410432744098,40.06797884269229,-75.29873332165764,10.172042472695466,2.098348662821739e-05,1.9933897593068344e-05,48565.29443182248,5000.0,39796.95785585445,1130.3929577736017,39813.00846230588
2023-08-09 17:09:48+00:00,39.73504526857107,-75.46880760992673,-1132.204830350982,40.06799471942199,-75.29831189306613,10.56488847231958,2.0995788368723075e-05,1.9953081235135203e-05,48663.08236599112,5000.0,39797.80878319462,1130.2542170020931,39813.85510772316
2023-08-09 17:09:49+00:00,39.735075621598895,-75.46839504087211,-1132.2019416440971,40.06800804212618,-75.29788833045738,11.034060457837768,2.099820604289548e-05,1.9962977736145955e-05,48706.76069708404,5000.0,39798.00913799754,1129.8714689765302,39814.04451804091
2023-08-09 17:09:50+00:00,39.73510426009727,-75.46798039758174,-1132.283346739321,40.0680178425972,-75.29746386988553,11.477023623185232,2.100821493373514e-05,1.9972844332206894e-05,48710.6793876067,5000.0,39798.878277373566,1129.8557958055685,39814.91286260103
2023-08-09 17:09:51+00:00,39.73513470779747,-75.46756031531507,-1132.333125562012,40.0680191259674,-75.29703680171889,11.925757863558829,2.101540351329511e-05,1.996997049932124e-05,48717.7295514811,5000.0,39799.38257049451,1129.9442635490498,39815.41946320935
2023-08-09 17:09:52+00:00,39.73516810281338,-75.46713687004956,-1132.3721366669674,40.068013804056086,-75.29660776420326,12.34864810243016,2.1025210908993025e-05,1.9984656421857947e-05,48697.96583910097,5000.0,39799.254627440765,1130.275045814402,39815.30096054852
2023-08-09 17:09:53+00:00,39.7352018633123,-75.46671112183489,-1132.4588919416906,40.068007390123256,-75.29617837483951,12.677772526454646,2.1015887994027825e-05,1.9995207437566416e-05,48705.99022682325,5000.0,39799.26186373434,1130.597145467017,39815.31733897693
2023-08-09 17:09:54+00:00,39.73523683992116,-75.46628713750407,-1132.517611528722,40.06799953065326,-75.29574976087565,12.945162962307222,2.1042385405795503e-05,2.0012940620256185e-05,48748.65845351229,5000.0,39799.08953996588,1130.6800703075382,39815.14743953125
2023-08-09 17:09:55+00:00,39.73527432875366,-75.46586276354294,-1132.3741367464386,40.0679691051704,-75.29532220078865,13.295923299971037,2.1036424714612603e-05,2.0026248992702746e-05,48774.584741961415,5000.0,39798.31416225605,1130.2225525163,39814.359384220246
2023-08-09 17:09:56+00:00,39.735314686997945,-75.46543784916858,-1132.1850175648858,40.06793476975441,-75.29489531313176,13.659912805014756,2.102383996956256e-05,2.005036894989015e-05,48809.07649634733,5000.0,39797.39832431989,1130.21631048165,39813.44373817791
2023-08-09 17:09:57+00:00,39.73535568240232,-75.46501339265976,-1132.197371515364,40.06790347465639,-75.29446805111513,13.96301448851591,2.102513937558559e-05,2.0049191718905204e-05,48855.56909280678,5000.0,39796.58220570489,1130.3716475193553,39812.6323585485
2023-08-09 17:09:58+00:00,39.735402088951496,-75.46458847524491,-1132.1379623065009,40.067872329010456,-75.29403971479447,14.19158050889382,2.102525090877235e-05,2.0069367361354943e-05,48797.12218287762,5000.0,39795.162821752594,1130.5897153803917,39811.219739092696
2023-08-09 17:09:59+00:00,39.73545085328934,-75.46416064713817,-1131.9629846706111,40.06784658093985,-75.29360918109055,14.437858506047633,2.105972365089656e-05,2.008215037647595e-05,48822.65927738949,5000.0,39793.757802196254,1130.7204500676758,39809.81899928781
2023-08-09 17:10:00+00:00,39.73550737828127,-75.46372512976079,-1131.9215629079872,40.06785768312386,-75.2931747241133,14.621707683370914,2.10853280405294e-05,2.009631706122137e-05,48865.24976186223,5000.0,39791.354792424165,1130.9221981558935,39807.42269018253
2023-08-09 17:10:01+00:00,39.73556823569192,-75.46328788420828,-1131.8431622469238,40.06783041572803,-75.29274051726505,14.797813518322071,2.1074624553004944e-05,2.011997763474328e-05,48874.09740923,5000.0,39788.25144840552,1131.0729232892045,39804.32488159222
2023-08-09 17:10:02+00:00,39.735629398303246,-75.46285430854552,-1131.6612442164967,40.06779412138511,-75.29230862911261,14.949717710434925,2.108823697238892e-05,2.0130914330768584e-05,48890.20032236367,5000.0,39785.34318311715,1131.0969828839377,39801.41847451036
2023-08-09 17:10:03+00:00,39.73569007232224,-75.46242321409525,-1131.6290818969546,40.06770201054786,-75.29188258647486,15.173715077806264,2.1115435339697868e-05,2.013741590380352e-05,48901.80565919923,5000.0,39783.11376281487,1131.663285684902,39799.20605310157
2023-08-09 17:10:04+00:00,39.73575173580876,-75.46199912523133,-1131.5823521501998,40.06756429077225,-75.29146373087697,15.415001285437029,2.1115751917409823e-05,2.0149103468776525e-05,48932.97227296486,5000.0,39780.950268518674,1132.031314234829,39797.0539005435
2023-08-09 17:10:05+00:00,39.735808512671625,-75.46157950434261,-1131.4306060968331,40.06738617078621,-75.2910513131826,15.656391119933687,2.112481385936655e-05,2.0168427250531047e-05,48937.15025312548,5000.0,39779.82230623538,1132.1410793223529,39795.92951721508
2023-08-09 17:10:06+00:00,39.73586403193328,-75.46116224584293,-1131.325480728152,40.06725503753244,-75.29063806964568,15.917969997623004,2.114803349195849e-05,2.019587498051323e-05,48978.65897299177,5000.0,39779.398168362735,1132.2197658727164,39795.50778964095
2023-08-09 17:10:07+00:00,39.73591829814866,-75.46074579936325,-1131.3039883867657,40.06722349355607,-75.29022104124012,16.118801551056094,2.117431815719281e-05,2.022002529987883e-05,48982.99618298058,5000.0,39779.34954640802,1132.2335253473584,39795.45957884181
2023-08-09 17:10:08+00:00,39.73596940262415,-75.46032994114846,-1131.2182151963434,40.067176663154434,-75.2898022844432,16.28772642253898,2.116013150948035e-05,2.0223265280259412e-05,49018.686250437575,5000.0,39779.74945122688,1132.1706120550102,39795.85753187366
2023-08-09 17:10:09+00:00,39.73602110626972,-75.4599152940628,-1131.1810878567435,40.06708265821535,-75.28938157413879,16.51289588306099,2.117382470810856e-05,2.023827834883988e-05,49066.089832633545,5000.0,39780.4545907494,1132.2192532238653,39796.56376980362
2023-08-09 17:10:10+00:00,39.73606423838337,-75.45950134131962,-1131.105191747983,40.06689642883876,-75.28895447303849,16.80633612058591,2.1166288863919733e-05,2.024069722698521e-05,49036.614144382496,5000.0,39781.99251311955,1132.3866088498764,39798.10583112973
2023-08-09 17:10:11+00:00,39.73610562725167,-75.45909048346772,-1131.01916596177,40.06678037586227,-75.28852966687174,17.022167672519572,2.116988506416245e-05,2.023893489387373e-05,49090.96732415636,5000.0,39783.68907576827,1132.5415777990784,39799.806116397696
2023-08-09 17:10:12+00:00,39.73614742572842,-75.45867989085514,-1130.935404758054,40.06671710427316,-75.2881087618836,17.20573801966384,2.1190689756287323e-05,2.027144645916509e-05,49106.24231067478,5000.0,39785.50389881196,1132.5843825499362,39801.62142257496
2023-08-09 17:10:13+00:00,39.736189886644496,-75.4582690388182,-1130.952925170146,40.066783596064674,-75.28770086318647,17.31783494062256,2.119536795775111e-05,2.027815551796021e-05,49089.1123669744,5000.0,39787.03199350418,1132.6416517359994,39803.15052810987
2023-08-09 17:10:14+00:00,39.73623130970213,-75.45786199692063,-1130.840938898385,40.06701643843912,-75.28731605931661,17.325296073337086,2.119483892216938e-05,2.029645360944183e-05,49066.50440260121,5000.0,39789.332759633646,1132.687560038828,39805.45166890488
2023-08-09 17:10:15+00:00,39.736273357051786,-75.4574556890939,-1130.868201136266,40.067171443170686,-75.28692568590772,17.356496197520755,2.1204099775387505e-05,2.0301301096596424e-05,49117.2034668141,5000.0,39791.67131578816,1132.9709697816763,39807.797343260354
2023-08-09 17:10:16+00:00,39.73631588690707,-75.45705526709006,-1130.8021536672816,40.06744142720003,-75.2865595120625,17.32470498024486,2.1203620710396625e-05,2.032252381562669e-05,49104.877931759765,5000.0,39793.96638622247,1133.00126308139,39810.09234616202
2023-08-09 17:10:17+00:00,39.73635888387692,-75.45666059088188,-1130.8057737196214,40.067688794773815,-75.28619913453991,17.274644828634337,2.120211518838027e-05,2.0323863279617217e-05,49136.17192141496,5000.0,39796.40014727281,1133.15304844886,39812.529441283485
2023-08-09 17:10:18+00:00,39.73640063848441,-75.45626748146906,-1130.912914229247,40.067801624421286,-75.28582050593812,17.205013661761768,2.122689980850353e-05,2.0326792217306213e-05,49114.27409219797,5000.0,39799.03412260981,1133.190995764751,39815.1634295973
2023-08-09 17:10:19+00:00,39.7364387158474,-75.45587819455979,-1130.8616084412793,40.06776634122484,-75.28541144455804,17.186752541805618,2.123055401159205e-05,2.034315941843224e-05,49153.93457998362,5000.0,39802.1005447761,1133.195344730928,39818.228733405325
2023-08-09 17:10:20+00:00,39.73647567042923,-75.45548619997291,-1130.8703777187968,40.06762166056765,-75.28497226806347,17.256240617251024,2.1238745696746822e-05,2.034284309034106e-05,49150.661653614654,5000.0,39804.93220850551,1133.3151886492496,39821.06266086507
2023-08-09 17:10:21+00:00,39.73651196347375,-75.45509425965417,-1130.8285935958231,40.06765804266416,-75.28458137063433,17.214546574279666,2.125517462834484e-05,2.0355391979678195e-05,49127.97177365971,5000.0,39808.30372376107,1133.457524222311,39824.436861334594
2023-08-09 17:10:22+00:00,39.73654780633424,-75.45470764653705,-1131.0675113154248,40.06771278381225,-75.28419871745696,17.082529742387123,2.127711121380034e-05,2.0339660089718463e-05,49162.79939109563,5000.0,39811.72573708342,1133.9653737040803,39827.87194457557
2023-08-09 17:10:23+00:00,39.736580498389664,-75.45431602801494,-1131.2014475019423,40.06763964338352,-75.28377553671183,16.954668978229165,2.1276688219141453e-05,2.0343401024534725e-05,49200.72362794448,5000.0,39814.770363587,1134.3600889970758,39830.926576175385
2023-08-09 17:10:24+00:00,39.736608204338864,-75.453924865782,-1131.1985718629971,40.06762847387312,-75.28337436356657,16.8189852561336,2.126075517835064e-05,2.0353105064647984e-05,49255.78396488846,5000.0,39818.55732890699,1134.4443181275294,39834.71440422768
2023-08-09 17:10:25+00:00,39.73662587551338,-75.4535286064074,-1131.3784183883074,40.0674723994232,-75.282918051985,16.763939152820967,2.127935133271844e-05,2.0360974871835884e-05,49224.1627238795,5000.0,39823.495589912025,1134.708342629723,39839.65818154789
2023-08-09 17:10:26+00:00,39.73663774389684,-75.45312554405811,-1131.429955119051,40.06722242800654,-75.28242764281845,16.765189226833172,2.128818265382885e-05,2.0388052266641307e-05,49283.59677429059,5000.0,39827.94137678586,1134.9450712929874,39844.10890743503
2023-08-09 17:10:27+00:00,39.73664427078876,-75.45271805592323,-1131.5278328519853,40.06695142824503,-75.2819300245173,16.817460698192008,2.1308163125995567e-05,2.0404618769255912e-05,49326.43731827398,5000.0,39831.84496068776,1135.211967021106,39848.018510113325
2023-08-09 17:10:28+00:00,39.736643078552575,-75.45230337261052,-1131.693835926938,40.0667798670582,-75.2814735953751,16.83805695385672,2.131647150965096e-05,2.0400346105627903e-05,49387.82649385064,5000.0,39835.16821129754,1135.4594037320096,39851.34746128283
2023-08-09 17:10:29+00:00,39.7366443457276,-75.4518783996337,-1131.743105293515,40.06658632099154,-75.28102644310056,16.998172115185298,2.1323330730405887e-05,2.0401308802947856e-05,49434.65637049999,5000.0,39836.21367025969,1135.8783474586744,39852.40443439782
2023-08-09 17:10:30+00:00,39.73665055042285,-75.45144758006873,-1131.8258715089798,40.0664757937815,-75.28062000724118,17.20663543441333,2.1342604969195622e-05,2.041349815502712e-05,49489.69497097009,5000.0,39835.11139872845,1136.1558920462555,39851.31052249269
2023-08-09 17:10:31+00:00,39.73665051281789,-75.45101082089411,-1131.723252067901,40.06645494323667,-75.28021323037261,17.31700170505792,2.1343776093189164e-05,2.041268240523325e-05,49575.1785753083,5000.0,39833.09864640716,1136.2037576583134,39849.29995311488
2023-08-09 17:10:32+00:00,39.7366558194953,-75.4505725703625,-1131.551426361401,40.06644688095374,-75.2798686543326,17.617937810136937,2.1352241028446125e-05,2.043761803652501e-05,49592.132982347146,5000.0,39828.93465113993,1136.3269928335276,39845.141165259
2023-08-09 17:10:33+00:00,39.73665869695905,-75.45012979464927,-1131.3195102122654,40.06644488888472,-75.27946222305893,17.79578892851714,2.134660567341729e-05,2.0451634380258144e-05,49606.39751598503,5000.0,39823.95179696609,1136.150798801171,39840.1553130092
2023-08-09 17:10:34+00:00,39.7366513712586,-75.44967643366081,-1131.164846583843,40.06641463182204,-75.27896016871999,17.850015451549552,2.1361877840129063e-05,2.046807744252112e-05,49561.39745750665,5000.0,39818.56346522724,1136.2701508939936,39834.77257736187
2023-08-09 17:10:35+00:00,39.73664100355235,-75.44920968927738,-1131.1803738997671,40.06637100119561,-75.2784279809238,17.86225675418973,2.137543201628807e-05,2.049742294741699e-05,49626.84911435852,5000.0,39811.74062821125,1137.162766071635,39827.97799291983
2023-08-09 17:10:36+00:00,39.736623380675255,-75.44873118829634,-1131.128618444261,40.06631367809095,-75.27784181237166,17.78198052686639,2.1399422650773764e-05,2.051589200233772e-05,49624.80227993226,5000.0,39804.33556232583,1137.662711000561,39820.5902266935
2023-08-09 17:10:37+00:00,39.73659172240477,-75.44823453822029,-1131.0415130335816,40.0662344795379,-75.27710940798531,17.515402007382363,2.1400790536021344e-05,2.0513945725111235e-05,49630.92192518553,5000.0,39795.71175462647,1137.3410195036645,39811.9607486489
2023-08-09 17:10:38+00:00,39.73655497985921,-75.44772817614185,-1131.121144909876,40.066176364983406,-75.27652186038866,17.347719843965024,2.141989170673584e-05,2.0528385686819458e-05,49652.94989968264,5000.0,39786.6426532343,1137.3211561189862,39802.89478201704
2023-08-09 17:10:39+00:00,39.73650810012177,-75.4472052083336,-1131.3529703801958,40.06611578790892,-75.27586176496054,17.074848865508102,2.1424043697650624e-05,2.053971671583881e-05,49711.44203630589,5000.0,39777.49798790597,1137.1839783041146,39793.74993109314
2023-08-09 17:10:40+00:00,39.73646676126637,-75.44670903587536,-1131.594700978004,40.06604458181111,-75.27602421999276,17.40223106497433,2.1451387465217265e-05,2.0546601318980743e-05,49709.51942121973,5000.0,39767.54345019185,1137.152903132653,39783.79857162963
2023-08-09 17:10:41+00:00,39.73642330636421,-75.44620742434847,-1131.7038037877403,40.06597865322672,-75.27558897761045,17.28088573180139,2.1455817940078875e-05,2.0558052450168356e-05,49707.80016404406,5000.0,39756.746987521925,1136.8120381054014,39772.99677720821
2023-08-09 17:10:42+00:00,39.73637739204749,-75.44570012500691,-1131.8694870830757,40.065922713960745,-75.27501139640371,17.046854565036483,2.146841861896518e-05,2.058897994183995e-05,49701.794455287934,5000.0,39745.15755717515,1136.5521677629274,39761.404654196056
2023-08-09 17:10:43+00:00,39.73632628098407,-75.44517322068134,-1132.0916688122402,40.065906471417385,-75.27420142701511,16.641135245678015,2.148021790578911e-05,2.0597993313448505e-05,49805.27369662896,5000.0,39732.45062710804,1136.328630834232,39748.69652696591
2023-08-09 17:10:44+00:00,39.73627212996714,-75.44462603488013,-1132.4597914598312,40.06589316788975,-75.27341308919912,16.228945317445323,2.1486208712056136e-05,2.0583630181357492e-05,49830.33316356106,5000.0,39718.80652600034,1136.1658652584558,39735.05334994815
2023-08-09 17:10:45+00:00,39.73606494229082,-75.44433672536375,-1133.3071321604068,40.07009306555112,-75.2813468129068,11.00073300668737,2.1502216352085863e-05,2.060057203922133e-05,49871.44720487363,5000.0,39727.79145753441,1136.4579896921207,39744.04296062089
2023-08-09 17:10:46+00:00,39.73585099787476,-75.44404604341952,-1133.8517197903636,40.06988032646112,-75.28106146866415,11.202381192939356,2.151464700986109e-05,2.0614524713880184e-05,49889.94714691108,5000.0,39736.479520572095,1136.6108291318264,39752.73184154449
2023-08-09 17:10:47+00:00,39.73562529472629,-75.44376393484886,-1134.516596874392,40.069661202828456,-75.28078185862876,11.41766945499694,2.1524320752475394e-05,2.063035678252347e-05,49938.16564214332,5000.0,39745.629357356,1137.0548220914873,39761.89063262411
2023-08-09 17:10:48+00:00,39.73539420381845,-75.44348277728963,-1135.100830002634,40.069432810665774,-75.28050665795072,11.598770659707952,2.1530220840046837e-05,2.064018477089013e-05,49967.72366453485,5000.0,39753.93192544915,1137.327305759098,39770.19759736768
2023-08-09 17:10:49+00:00,39.73515231777398,-75.44320287780239,-1135.6639073499769,40.0691941127715,-75.28023143767926,11.675122565939091,2.1529837637322222e-05,2.064484245406769e-05,49984.59031163231,5000.0,39763.02451640408,1137.3784973933375,39779.287934030246
2023-08-09 17:10:50+00:00,39.73490875923556,-75.44292324240766,-1136.021875921228,40.068946444209146,-75.27995507932084,11.768565196543932,2.1538566507965304e-05,2.0623047646115625e-05,49977.81795961058,5000.0,39770.7745228847,1137.2551943290125,39787.03124797279
2023-08-09 17:10:51+00:00,39.734658308332506,-75.44263945916332,-1136.342652819534,40.06869264498506,-75.27967396934524,11.74218623485649,2.1544449292206184e-05,2.061824919521524e-05,50024.22518943476,5000.0,39778.328896936655,1137.0198360209724,39794.575810534414
2023-08-09 17:10:52+00:00,39.734406054752434,-75.44235349318288,-1136.7076025373594,40.06842983173721,-75.27938959560309,11.764230424712878,2.154785996424561e-05,2.062323322320203e-05,50075.76981638509,5000.0,39784.52577954944,1137.0452834480152,39800.7708905273
2023-08-09 17:10:53+00:00,39.73414809831669,-75.44206587537242,-1136.7259882381888,40.06816897929226,-75.27909899156448,11.658866085112097,2.156764065999029e-05,2.0655759262146256e-05,50122.69555485006,5000.0,39790.26783866866,1136.6476098043595,39806.4992490154
2023-08-09 17:10:54+00:00,39.73388581747348,-75.44177421255958,-1136.8453029310376,40.06791460977406,-75.27880375180177,11.450038964336272,2.1592137819228305e-05,2.0656531254468016e-05,50144.70673977074,5000.0,39795.76293470917,1136.0898516790082,39811.976184392806
2023-08-09 17:10:55+00:00,39.73361929838298,-75.44148033134994,-1137.0231437704883,40.06767140893249,-75.27850500981623,11.1088700327673,2.1618572952420248e-05,2.0665793638736587e-05,50128.29537621084,5000.0,39800.66765597752,1135.8726122160429,39816.87271060796
2023-08-09 17:10:56+00:00,39.733353403224825,-75.44118819096339,-1136.9698256459342,40.06736073704438,-75.27820205190642,11.432766794401688,2.163326386737074e-05,2.066146030143577e-05,50153.48299754456,5000.0,39804.573234019525,1135.374533605972,39820.76249488431
2023-08-09 17:10:57+00:00,39.73307996901083,-75.44089061417301,-1136.9632768633646,40.067123287085366,-75.27790284134586,11.22441685560625,2.1671843278645463e-05,2.066560456343445e-05,50243.56912028867,5000.0,39808.53514109283,1134.9166886128792,39824.709741186
2023-08-09 17:10:58+00:00,39.73279957031483,-75.44059392321603,-1136.9742827450948,40.06691982444614,-75.27760777917476,10.89426424226258,2.168975408969185e-05,2.068185097466343e-05,50269.13820755134,5000.0,39812.44133894426,1134.775871906199,39828.61034038645
2023-08-09 17:10:59+00:00,39.73251113943618,-75.44030506136804,-1136.9992067262724,40.066742052347855,-75.27732278928151,10.48777842661366,2.1695659298573867e-05,2.0694969329659463e-05,50267.892043839165,5000.0,39817.04312005689,1134.4134614294146,39833.19993078565
2023-08-09 17:11:00+00:00,39.73220735044888,-75.44002707803457,-1137.1803970665528,40.06661076630695,-75.27705913789308,9.835444032738453,2.172606566110552e-05,2.0694654237541924e-05,50278.24298643567,5000.0,39823.25873107476,1134.2338774460636,39839.40790788523
2023-08-09 17:11:01+00:00,39.731889553197504,-75.43975843982409,-1137.28713467425,40.06645190000053,-75.27680852406178,9.175157282326836,2.1742560866019995e-05,2.0702972184462964e-05,50321.09345532586,5000.0,39830.86165751178,1133.85098737593,39846.99685599173
2023-08-09 17:11:02+00:00,39.73156095038116,-75.43949732459926,-1137.695586807719,40.06628046658793,-75.27657804561481,8.453920329280663,2.1760975536507364e-05,2.0688950317488912e-05,50363.4629757688,5000.0,39839.64729651026,1133.4550691923453,39855.76767676437
2023-08-09 17:11:03+00:00,39.7312145620972,-75.43925086079992,-1138.1725853141052,40.066125708650304,-75.27638252394594,7.553345070889918,2.176496159230176e-05,2.0684341160647188e-05,50374.372438456725,5000.0,39850.85808671462,1133.5745654277607,39866.97733140616
2023-08-09 17:11:04+00:00,39.73085690087984,-75.43901745455234,-1138.7792658708318,40.06586308841866,-75.27617213169128,6.740924327052198,2.1804425256632595e-05,2.0711191177221896e-05,50369.01605166483,5000.0,39863.61880851952,1133.7937373095097,39879.73912589842
2023-08-09 17:11:05+00:00,39.73048740416733,-75.43878405604798,-1139.4352773330304,40.065423756218806,-75.27588177152845,6.225483626738424,2.181080854880893e-05,2.071068923768835e-05,50348.1625384611,5000.0,39877.36997751895,1133.7810721155663,39893.48437832194
2023-08-09 17:11:06+00:00,39.73010732924238,-75.43855572039688,-1140.3327723088146,40.06502494887698,-75.27562250865327,5.4868507093633525,2.181544210967662e-05,2.073164713032041e-05,50344.59710901293,5000.0,39892.35697384078,1133.8962958803982,39908.46859675468
2023-08-09 17:11:07+00:00,39.72971482134559,-75.43833581904279,-1141.2669432827129,40.0646532042421,-75.275401067367,4.528961141535547,2.18350700485551e-05,2.074396814176112e-05,50395.56946791659,5000.0,39908.87220807881,1134.2669868173011,39924.98769590478
2023-08-09 17:11:08+00:00,39.72931365642936,-75.43812481238588,-1142.1374448532215,40.06424121197547,-75.27515622401168,3.607013141576317,2.1848445731568037e-05,2.0752991106043868e-05,50402.23689629789,5000.0,39926.19462322375,1134.4887280988896,39942.30941953312
2023-08-09 17:11:09+00:00,39.72890606056895,-75.43791567685753,-1143.222064727812,40.06380191854561,-75.27488882402334,2.7219375584536465,2.1856165064520255e-05,2.0757921466921336e-05,50404.69990341916,5000.0,39944.13873043314,1135.1415372766176,39960.26482927433
2023-08-09 17:11:10+00:00,39.72848954520305,-75.43770596856027,-1144.216132118745,40.06331947515388,-75.27454853019177,2.051175720815081,2.189426952485802e-05,2.077006280948421e-05,50444.37294411491,5000.0,39963.06310699409,1135.5518614936998,39979.19322502311
2023-08-09 17:11:11+00:00,39.728066728666725,-75.43748477434724,-1145.163154690763,40.06278784014276,-75.27407956416732,1.801365995685046,2.1882359951633744e-05,2.0770095343156272e-05,50435.1537520094,5000.0,39982.49171070653,1135.9644161415856,39998.62570828473
2023-08-09 17:11:12+00:00,39.7276447699364,-75.43725635439185,-1145.9717842617524,40.0622975993964,-75.27367042399659,1.4068750234655454,2.1894588189042645e-05,2.076855454754443e-05,50512.48322301816,5000.0,40001.56249469813,1136.2757602750412,40017.69764267591
2023-08-09 17:11:13+00:00,39.727213239883554,-75.43702689232347,-1146.6508160329872,40.06183303543387,-75.27332613560493,0.8820043704508862,2.192089810306352e-05,2.0787827895854017e-05,50492.61432238651,5000.0,40021.723412921136,1136.704839414416,40037.86261568302
2023-08-09 17:11:14+00:00,39.72677683349525,-75.43679427920058,-1147.311222384586,40.06135446091241,-75.2729299450293,0.5722448053420521,2.191516111774958e-05,2.0784856484939814e-05,50502.84074385706,5000.0,40041.89028681143,1137.4298979595485,40058.041945579615
2023-08-09 17:11:15+00:00,39.72633717751198,-75.43655323975597,-1148.0844505624846,40.06086169282096,-75.27247472275954,0.4774440655382932,2.1901399465736347e-05,2.0816885733464185e-05,50524.43817674046,5000.0,40062.40860566885,1138.1668269224283,40078.5729163786
2023-08-09 17:11:16+00:00,39.72589434234612,-75.43630915122075,-1148.738198665027,40.06036653266253,-75.27202942894345,0.4230167186688049,2.191820961269278e-05,2.0854639568515763e-05,50589.70154520543,5000.0,40083.27575865385,1139.032765330712,40099.456245500194
2023-08-09 17:11:17+00:00,39.72544373653776,-75.43605832304283,-1149.1356519881124,40.05985751952643,-75.27156589988965,0.5373348389111925,2.19105868575064e-05,2.0888607195124784e-05,50622.28142633109,5000.0,40104.6892288382,1139.4963692289505,40120.87424417839
2023-08-09 17:11:18+00:00,39.72498738960832,-75.43579886890119,-1149.588000899249,40.05933672823269,-75.27110575216304,0.6941877161589218,2.192644974054658e-05,2.086148292659815e-05,50607.25627403534,5000.0,40126.760036637344,1139.9960350601089,40142.95033997662
2023-08-09 17:11:19+00:00,39.72452572955092,-75.43553887145372,-1150.1200010258835,40.058806381594366,-75.27066949300635,0.7413362530387531,2.1952668928645632e-05,2.085070271566897e-05,50591.04034029353,5000.0,40149.26541300878,1140.679838065989,40165.46605850844
2023-08-09 17:11:20+00:00,39.724061995814296,-75.43527682026347,-1150.489726057719,40.05825872602937,-75.27022958947018,0.8503256194962887,2.197599544585557e-05,2.086589499892774e-05,50617.270892987806,5000.0,40172.06789087167,1141.262944951542,40188.27589905198
2023-08-09 17:11:21+00:00,39.72359732778819,-75.43501019118568,-1150.9324051398603,40.05769940590701,-75.2698067393122,0.9273226640507346,2.197558053825884e-05,2.085772938502856e-05,50672.44134408248,5000.0,40195.26412014755,1141.9892572045446,40211.48339904898
2023-08-09 17:11:22+00:00,39.72312351987586,-75.43473749412664,-1151.29344633259,40.0570983980352,-75.26936117035422,1.0315594107014476,2.198095162627638e-05,2.0883666306857236e-05,50720.71318950086,5000.0,40220.1866820365,1142.603504215977,40236.41335290352
2023-08-09 17:11:23+00:00,39.72264415336111,-75.43445840941263,-1151.617404261242,40.056439105729616,-75.26888370077761,1.2505446429058793,2.19696590001044e-05,2.0899090919730933e-05,50685.77593256702,5000.0,40245.71602789799,1143.0186146517349,40261.94419239645
2023-08-09 17:11:24+00:00,39.722158809641776,-75.43417335556222,-1151.9101233924723,40.05578555763648,-75.26843908356047,1.3800107134666175,2.1983960063475584e-05,2.0901178093208768e-05,50696.96122128807,5000.0,40271.8659089022,1143.503644332004,40288.09730390851
2023-08-09 17:11:25+00:00,39.72166585214228,-75.43387953206286,-1152.118729059175,40.05507235169292,-75.26796932587773,1.5499686981274865,2.1999757466709463e-05,2.0887555596982845e-05,50699.64339920292,5000.0,40299.1823523104,1143.7860181242154,40315.41075965892
2023-08-09 17:11:26+00:00,39.7211681837573,-75.43358477082809,-1152.340739818095,40.05437609386494,-75.26752848560847,1.623220548084646,2.201186332569113e-05,2.09087575605738e-05,50759.69250310235,5000.0,40326.95170497921,1144.1730255857544,40343.17991591892
2023-08-09 17:11:27+00:00,39.72066668819659,-75.43328777585228,-1152.5653661235517,40.0537121093478,-75.26711963975619,1.6310905347927471,2.2034832286738988e-05,2.0892149831818745e-05,50802.53271974334,5000.0,40355.53764468498,1144.3858125230124,40371.76039609234
2023-08-09 17:11:28+00:00,39.72016242935422,-75.43298633379503,-1152.6641022111512,40.05300649231804,-75.2666984517054,1.683275540723116,2.204401010297068e-05,2.0904096552256585e-05,50832.48723991936,5000.0,40384.87596101578,1144.2291137513726,40401.08249355933
2023-08-09 17:11:29+00:00,39.719654336038,-75.43268107736455,-1152.8430485001836,40.05232495249718,-75.2662958836741,1.6946665837967885,2.205223452563981e-05,2.090091217898653e-05,50845.2159931607,5000.0,40414.90149313806,1144.2191047337674,40431.0957068899
2023-08-09 17:11:30+00:00,39.71914116966271,-75.43237300760259,-1152.9301530018438,40.051457625819616,-75.26582354591076,1.9080103648739168,2.2060923541073927e-05,2.090159452753336e-05,50928.59989599672,5000.0,40445.945067542256,1144.2636206564196,40462.12811556263
2023-08-09 17:11:31+00:00,39.718622862746166,-75.43205433574666,-1152.928583636227,40.05057526451331,-75.2653518042882,2.123733149943291,2.205585601823568e-05,2.0931156392799085e-05,50958.13704632896,5000.0,40477.96369641148,1144.1700721606703,40494.1313051908
2023-08-09 17:11:32+00:00,39.718098896597,-75.43172314156735,-1153.0629147175694,40.04953637268854,-75.26482643792666,2.4168500974337803,2.205090019414476e-05,2.095578905662163e-05,51057.57685798754,5000.0,40510.16731324067,1144.3572505967654,40526.32735967752
2023-08-09 17:11:33+00:00,39.7175668815398,-75.43138265837852,-1153.0540475429734,40.04861910817343,-75.26434253378157,2.561259757945664,2.203540530748443e-05,2.094966160538513e-05,51046.01391379211,5000.0,40543.47354457434,1144.681395533808,40559.62946769707
2023-08-09 17:11:34+00:00,39.717030140091055,-75.43103264376595,-1153.1575217976094,40.047853007033794,-75.2638995265614,2.58430965874868,2.2054513878333253e-05,2.096408460841041e-05,51076.90833060416,5000.0,40577.3500648964,1145.0364829306957,40593.502519940186
2023-08-09 17:11:35+00:00,39.71649106048303,-75.43067610910151,-1153.2212606987473,40.04706635696322,-75.26344797660221,2.611289659616886,2.206551413941074e-05,2.097485853287857e-05,51111.77284233768,5000.0,40611.36836414664,1145.4488833578823,40627.51891948112
2023-08-09 17:11:36+00:00,39.71595185028709,-75.43031674143188,-1153.359161660816,40.04643694923655,-75.26302581304833,2.558137520958553,2.207285606424908e-05,2.0983398526780467e-05,51174.6366381583,5000.0,40645.30078154206,1145.737902894189,40661.44600188429
2023-08-09 17:11:37+00:00,39.71541011525888,-75.42994786179305,-1153.3827291769517,40.045803365397816,-75.26259558783684,2.505069420323707,2.2074051866052417e-05,2.0996210743355835e-05,51224.7553809131,5000.0,40679.33039132388,1146.0406449232578,40695.47063551794
2023-08-09 17:11:38+00:00,39.7148643926016,-75.42957472415361,-1153.3854234185133,40.04502687139833,-75.26215446408804,2.503208702080883,2.2045236482800376e-05,2.0985459049265143e-05,51216.15072551888,5000.0,40714.21182260433,1146.177202648209,40730.34208689837
2023-08-09 17:11:39+00:00,39.71431322279942,-75.42919184378911,-1153.289854874475,40.0441246994585,-75.2617123906828,2.555808443474234,2.2064028029238128e-05,2.096817429848033e-05,51244.38864870371,5000.0,40749.345902745794,1146.2015281429349,40765.462948981
2023-08-09 17:11:40+00:00,39.71376255942185,-75.42880341532093,-1153.2326639432067,40.04332229459612,-75.26127273394057,2.590106891424512,2.2064553117183905e-05,2.098889775122241e-05,51219.01304463936,5000.0,40784.8741387363,1146.2620476180066,40800.97885093408
2023-08-09 17:11:41+00:00,39.713209021347865,-75.4284111837714,-1153.284401630025,40.04238078591099,-75.26085002802364,2.661836633196799,2.2063292869168592e-05,2.100307554808023e-05,51274.28605023506,5000.0,40820.56435283598,1146.3506156278931,40836.65747607135
2023-08-09 17:11:42+00:00,39.712653343777646,-75.4280106876852,-1153.4413170706762,40.04141821824021,-75.26045107060442,2.7017972658359213,2.208161153080709e-05,2.1007012311681623e-05,51313.19394521491,5000.0,40856.2871768564,1146.4355134806506,40872.36861578162
2023-08-09 17:11:43+00:00,39.71208673257081,-75.42760596807543,-1153.5532870251468,40.04035693632663,-75.26010471864852,2.731472437633784,2.20844277619587e-05,2.102265885917088e-05,51378.92061333461,5000.0,40893.14741062156,1146.806749110994,40909.22476491863
2023-08-09 17:11:44+00:00,39.71152768273579,-75.42720423785755,-1153.6086716618506,40.039156921615,-75.2598875912537,2.838235478513525,2.21183034855348e-05,2.1035218987024428e-05,51368.171165826265,5000.0,40929.01979274392,1146.914705432633,40945.0860853456
2023-08-09 17:11:45+00:00,39.71123888275203,-75.426937972392,-1153.979218580112,40.05922840007343,-75.27206153008217,-0.1901750207325676,2.2138524120039687e-05,2.102223800584369e-05,51346.45652848203,5000.0,40939.93028658485,1147.3950757506127,40956.00575410504
2023-08-09 17:11:46+00:00,39.71095918228574,-75.42667254700648,-1154.2709649718076,40.058939330367785,-75.27179798208039,0.4668300444445776,2.2159899931489635e-05,2.1037832509092444e-05,51414.23181384283,5000.0,40949.866549986815,1147.9096147269768,40965.952533113545
2023-08-09 17:11:47+00:00,39.71067947945307,-75.42640603696304,-1154.541646986303,40.05865412369607,-75.27153779247728,1.0446390976794646,2.218122259252873e-05,2.1046434338951085e-05,51454.9692652332,5000.0,40959.70903009952,1148.557086082073,40975.80929292801
2023-08-09 17:11:48+00:00,39.71040612109128,-75.42614355730291,-1154.792381474908,40.058371290331664,-75.27128352384445,1.591380083540571,2.218541919190544e-05,2.1039700039342327e-05,51512.00477241251,5000.0,40968.94393382531,1148.9787804512478,40985.05238853366
2023-08-09 17:11:49+00:00,39.71013860665917,-75.42588776789731,-1154.756491656838,40.058091962108286,-75.27103475388074,2.009602511898265,2.219095569778504e-05,2.1070205877902532e-05,51511.973936072405,5000.0,40977.989659903,1149.163215672681,40994.0997298803
2023-08-09 17:11:50+00:00,39.70987569095739,-75.42563531765913,-1154.8273686706889,40.057815891606666,-75.27078924184723,2.2972173410234973,2.221899412481347e-05,2.108809983342079e-05,51552.13753094281,5000.0,40987.01777512407,1149.399584098263,41003.130923165634
2023-08-09 17:11:51+00:00,39.70962095068963,-75.4253874703935,-1155.0508326518109,40.05753886998953,-75.27054876741174,2.533223196369363,2.223176838617246e-05,2.1085548160589395e-05,51584.83057509871,5000.0,40995.305696332216,1149.8178149969065,41011.42731170683
2023-08-09 17:11:52+00:00,39.70937206137175,-75.42514131582013,-1155.2404131061344,40.05726439510247,-75.27031111985082,2.6540275110455696,2.2224973566334774e-05,2.1094431233035996e-05,51575.00750886658,5000.0,41003.1220864385,1150.3041324979374,41019.254264706266
2023-08-09 17:11:53+00:00,39.70912506948088,-75.42489857193274,-1155.3936534684317,40.05698006284005,-75.27008101034411,2.801930950212409,2.2255971598118715e-05,2.111056751777466e-05,51588.74811012186,5000.0,41011.65043445671,1150.1982229344187,41027.77629009541
2023-08-09 17:11:54+00:00,39.70888286132029,-75.42466346514458,-1155.4746293421156,40.05669400010184,-75.26985379066112,2.887854812099249,2.2255183752863013e-05,2.1105847696278476e-05,51588.81492522444,5000.0,41019.556143044494,1150.3604260322288,41035.68343871173
2023-08-09 17:11:55+00:00,39.70864278036352,-75.42443025380334,-1155.5242737479396,40.056397528870704,-75.26963095907449,2.964551339711761,2.2256356136419863e-05,2.111529854886728e-05,51595.44450610402,5000.0,41027.48601024539,1150.323846915299,41043.60916480985
2023-08-09 17:11:56+00:00,39.70840764648227,-75.42420476949346,-1155.717290377155,40.05608131599997,-75.26941325263104,3.0420137069158955,2.227054131174435e-05,2.114666935942421e-05,51665.81406198564,5000.0,41035.36268192228,1150.3708463796524,41051.48405991067
2023-08-09 17:11:57+00:00,39.70817548791141,-75.42398141032149,-1155.8688101595258,40.05574163560976,-75.26920005726407,3.161151829714072,2.228898437941968e-05,2.1154659391984348e-05,51688.12140750885,5000.0,41042.61047721323,1151.19136543562,41058.75200665635
2023-08-09 17:11:58+00:00,39.70794529900658,-75.4237591885496,-1156.1358935422154,40.05541645082031,-75.26898532652193,3.206422476519947,2.2320992427364585e-05,2.116390824122391e-05,51721.52183937996,5000.0,41050.48759020802,1151.2751586369673,41066.62837249629
2023-08-09 17:11:59+00:00,39.7077143582206,-75.42353498532003,-1156.3848476957323,40.05507661180663,-75.2687690929214,3.2069772907416336,2.23529913426591e-05,2.1180133690830105e-05,51797.23670779774,5000.0,41058.51872001171,1151.31466133423,41074.65745360459
2023-08-09 17:12:00+00:00,39.707479586639934,-75.42330166053391,-1156.522044057317,40.054632268480745,-75.2685481568957,3.3712606124172453,2.234995487809846e-05,2.1189989059444195e-05,51840.55245320937,5000.0,41066.81872132776,1151.2046263967402,41082.95111091989
2023-08-09 17:12:01+00:00,39.70723631130589,-75.42306136368703,-1156.7677988065914,40.05400165784204,-75.26832402630582,3.825438124986249,2.235739789690632e-05,2.1189711963864376e-05,51913.58168284821,5000.0,41075.84585029211,1151.6197000171112,41091.98632641682
2023-08-09 17:12:02+00:00,39.70698635581838,-75.42282605865327,-1156.9909660843746,40.05332432164742,-75.2681011380233,4.322175437991973,2.237419163410494e-05,2.1231491317103288e-05,51962.54487700938,5000.0,41085.34523903823,1151.9970542889,41101.49255956591
2023-08-09 17:12:03+00:00,39.7067301567771,-75.42258481032047,-1157.0119272656052,40.05275606191467,-75.2678768852871,4.638571860268712,2.2385704722904225e-05,2.124631676158876e-05,51956.227534461206,5000.0,41094.82966716719,1151.9592216074116,41110.97220234192
2023-08-09 17:12:04+00:00,39.70647048291919,-75.4223454920781,-1157.1212648114629,40.05222571881984,-75.26765083120522,4.8815713649382815,2.2382831616728667e-05,2.1267736237888127e-05,51952.52504757138,5000.0,41104.56957318877,1152.3603588808398,41120.719524271895
2023-08-09 17:12:05+00:00,39.7062073924707,-75.42210084631424,-1157.2360414135164,40.05174465280511,-75.26742207864834,5.045543146523414,2.240537134841948e-05,2.127775268367843e-05,51896.071237801545,5000.0,41114.56005519077,1152.667015137827,41130.71467625715
2023-08-09 17:12:06+00:00,39.70593982179232,-75.42185151005549,-1157.401547157166,40.051313981321805,-75.26719014361683,5.133098909136606,2.242403793478848e-05,2.130269409488601e-05,51948.64590607686,5000.0,41124.76394095894,1153.1408769036946,41140.92783447625
2023-08-09 17:12:07+00:00,39.70566882452488,-75.42159942859274,-1157.4648604077502,40.05086224105612,-75.26695914490155,5.218922931060661,2.2417826033283077e-05,2.1326078239395223e-05,51960.28193676271,5000.0,41134.91975914201,1153.2949392301998,41151.08398095858
2023-08-09 17:12:08+00:00,39.70539575144818,-75.42134949572804,-1157.4556380940653,40.05038338284669,-75.26673312542086,5.305525266885525,2.240839650375983e-05,2.1351740890060493e-05,51946.35736259012,5000.0,41145.35902065973,1153.2654694828734,41161.51831725946
2023-08-09 17:12:09+00:00,39.70512294362644,-75.42110241764573,-1157.4481008870716,40.04985640044338,-75.26651918758765,5.437626954488223,2.242421463963846e-05,2.135271448148146e-05,52017.13436109106,5000.0,41155.68354330388,1153.1926371543009,41171.83674764779
2023-08-09 17:12:10+00:00,39.70484777323822,-75.42085582602533,-1157.4666025500392,40.04927884675082,-75.26631892722492,5.6113537900091615,2.2454265079113013e-05,2.1353352095911167e-05,52024.20273553424,5000.0,41166.15283454418,1152.862226805129,41182.29268157669
2023-08-09 17:12:11+00:00,39.70457166212104,-75.42061033487761,-1157.53464128182,40.048838491940245,-75.26610090770333,5.67076858135988,2.2458570624754748e-05,2.138979517902348e-05,52023.91159281498,5000.0,41176.423015429165,1152.8743617624618,41192.559178079406
2023-08-09 17:12:12+00:00,39.70429942482457,-75.42036193191167,-1157.5361193916194,40.04842922878944,-75.26588008298503,5.712904007610632,2.2464385641406636e-05,2.139314517463686e-05,52028.14219410241,5000.0,41186.285119634296,1152.7957891951962,41202.41522153035
2023-08-09 17:12:13+00:00,39.70402712980847,-75.42012476194083,-1157.5652031285144,40.04794749847378,-75.26567779866184,5.786357734381454,2.247753246246647e-05,2.140504086782972e-05,52015.60191029762,5000.0,41196.15907667336,1152.8697859121612,41212.28738390829
2023-08-09 17:12:14+00:00,39.70375294227168,-75.41989507118488,-1157.55142376616,40.04728291864963,-75.26551744513009,5.973936946946196,2.2473216381975305e-05,2.1406177628513252e-05,51989.07660312194,5000.0,41206.724900798086,1152.9312469853846,41222.85079310174
2023-08-09 17:12:15+00:00,39.70347838433234,-75.41966909291634,-1157.6555587861603,40.04663601460799,-75.26535293236998,6.146011448901845,2.2476350455552385e-05,2.1404000830271677e-05,52009.8352300464,5000.0,41217.62990698461,1153.190790784511,41233.75879239125
2023-08-09 17:12:16+00:00,39.70320280215458,-75.41944281680281,-1157.6837262118745,40.04625978057447,-75.2651400284033,6.159072951122653,2.2500692366299348e-05,2.1407157701206206e-05,52058.86065595763,5000.0,41228.69855090246,1153.465323527476,41244.830784642174
2023-08-09 17:12:17+00:00,39.70292743164308,-75.41920974823392,-1157.680211376014,40.0459442505559,-75.26491519203275,6.135936742008198,2.252078796321514e-05,2.142570668388357e-05,52084.94351017868,5000.0,41239.62299698609,1153.7544626381684,41255.75904396381
2023-08-09 17:12:18+00:00,39.70265364036528,-75.41897718412997,-1157.8181120800225,40.045436423656575,-75.26471401869918,6.188857747096336,2.2528817468529166e-05,2.1415854980645348e-05,52157.23913148888,5000.0,41250.23089550596,1154.1171444340175,41266.37293627381
2023-08-09 17:12:19+00:00,39.70237672448288,-75.4187479236503,-1157.797050625145,40.044490569813874,-75.26456549418462,6.424997812777292,2.253311046449753e-05,2.143337041287329e-05,52203.34746485509,5000.0,41261.20871425052,1154.1983019753077,41277.34873124999
2023-08-09 17:12:20+00:00,39.7020989574884,-75.41852157481597,-1157.8265578076712,40.043630512301874,-75.26440946121443,6.610668664332479,2.2566537905219943e-05,2.144868241463683e-05,52201.41568662343,5000.0,41272.28091608964,1154.0877688391647,41288.41351511101
2023-08-09 17:12:21+00:00,39.70182245166947,-75.41829374538526,-1157.915776296809,40.04311351775789,-75.2642136864984,6.645826708205277,2.259051765642808e-05,2.1462754009170417e-05,52188.54214049897,5000.0,41283.0056624982,1154.0327044853263,41299.13253341867
2023-08-09 17:12:22+00:00,39.70154832699433,-75.41806828098862,-1158.0220139588578,40.042625901490034,-75.2640184245468,6.667045927344589,2.260033025305158e-05,2.1478942380851875e-05,52216.93881643967,5000.0,41293.4202480848,1154.2107371510076,41309.548027189725
2023-08-09 17:12:23+00:00,39.70127402537819,-75.41785459101061,-1158.0917606031987,40.04263624161437,-75.26384899425061,6.77164234846714,2.260870303743055e-05,2.1493232730289744e-05,52235.13976490749,5000.0,41304.18072735609,1154.3981985914616,41320.30954335901
2023-08-09 17:12:24+00:00,39.70100548610108,-75.41764689531175,-1158.2110654269254,40.04216226821583,-75.26366698663462,6.756868438416859,2.2618607262882303e-05,2.1505989067054083e-05,52302.45914562934,5000.0,41314.67950630409,1154.674407434102,41330.81194092135
2023-08-09 17:12:25+00:00,39.70073665757711,-75.41744215623316,-1158.365983615869,40.04173339224184,-75.26347760521577,6.7040329651208594,2.263135289735181e-05,2.1514297216816467e-05,52315.86092460776,5000.0,41324.708413974186,1154.9575231684369,41340.844843572224
2023-08-09 17:12:26+00:00,39.7004674406974,-75.417241765206,-1158.455609671099,40.04074827168997,-75.26334201737299,6.876224417850608,2.2627615947578216e-05,2.1517264280792577e-05,52305.14288591688,5000.0,41335.09648147366,1155.1510050489114,41351.23426183554
2023-08-09 17:12:27+00:00,39.70019733667799,-75.41704970428859,-1158.4608973634834,40.03975085104461,-75.26318430937226,7.057866192626534,2.265374438032454e-05,2.153384347878052e-05,52322.130106362194,5000.0,41346.22421559975,1155.367031183366,41362.363688060585
2023-08-09 17:12:28+00:00,39.69993060751754,-75.4168613153739,-1158.508458184884,40.039208621402906,-75.26299097049579,7.056314070214285,2.2678209319251397e-05,2.1556304002188265e-05,52379.596249027534,5000.0,41357.06033442012,1155.7127606068889,41373.205235875736
2023-08-09 17:12:29+00:00,39.699665342838784,-75.41667556852721,-1158.5786260441926,40.03864015322932,-75.26278276686986,7.025410164293135,2.26647396530407e-05,2.155784603671281e-05,52452.594836248776,5000.0,41367.97529144805,1156.241504359091,41384.130704054405
2023-08-09 17:12:30+00:00,39.69939467906575,-75.416487445147,-1158.7076151208826,40.03767148657981,-75.2625121247928,7.150052159675397,2.268195029462681e-05,2.1563144289223717e-05,52523.09240449603,5000.0,41379.78412034005,1156.7145472801317,41395.948139761655
2023-08-09 17:12:31+00:00,39.6991229433206,-75.41629137180117,-1158.8364349620815,40.03638059437533,-75.26214380359015,7.397162882902194,2.2688079288730597e-05,2.157867367615875e-05,52555.43371991269,5000.0,41391.287586056096,1156.980353093679,41407.45454104908
2023-08-09 17:12:32+00:00,39.69885256739225,-75.41609349280338,-1158.8455198076065,40.03566625722338,-75.26184859717797,7.460306061751908,2.2726369023659174e-05,2.1584257242413398e-05,52503.63441787416,5000.0,41402.8079212003,1157.234330347084,41418.9774747656
2023-08-09 17:12:33+00:00,39.69857862698093,-75.41589585803447,-1158.8321554685072,40.034985214533904,-75.26153758553131,7.501532013644464,2.27672098057692e-05,2.1606540845226585e-05,52526.20900264749,5000.0,41414.68833855419,1157.2987765022715,41430.85505559437
2023-08-09 17:12:34+00:00,39.69830565244634,-75.41569317912177,-1159.0245936406636,40.0342464660424,-75.26118130970741,7.548630975128617,2.2784874000649632e-05,2.1614376011219966e-05,52555.5889691122,5000.0,41426.3958443811,1157.654061523768,41442.56791731803
2023-08-09 17:12:35+00:00,39.69802826533171,-75.41548031357033,-1159.1703915281596,40.03337204299672,-75.26074136531683,7.660370001511183,2.2799039659413872e-05,2.160928547259565e-05,52612.830863068215,5000.0,41438.37391622606,1158.2722100112098,41454.55858326619
2023-08-09 17:12:36+00:00,39.69775241632082,-75.415270167259,-1159.187553302853,40.03336232465139,-75.26049047134106,7.619585852953605,2.279852895673003e-05,2.1611150471220923e-05,52636.95814379287,5000.0,41450.92677772948,1157.76756062293,41467.09245241487
2023-08-09 17:12:37+00:00,39.69747458387612,-75.41504550764955,-1159.2129423291212,40.03246847366957,-75.25998833237514,7.68925978144398,2.279122494352862e-05,2.1608144850044926e-05,52588.30884023953,5000.0,41462.95781152872,1158.0279520599686,41479.12606623195
2023-08-09 17:12:38+00:00,39.69719636661712,-75.41481693677426,-1159.3385854898106,40.03179315017963,-75.25956932044663,7.678404064732604,2.280361845216149e-05,2.1609606093243664e-05,52578.918423779054,5000.0,41474.827984106814,1158.1828263850853,41490.99593611345
2023-08-09 17:12:39+00:00,39.69691118169543,-75.41457263549253,-1159.5956650778262,40.03073216112542,-75.25893553775535,7.8266407561604865,2.2809636620184145e-05,2.163094911198708e-05,52579.57061964184,5000.0,41487.247092074096,1158.4047904913689,41503.41640079096
2023-08-09 17:12:40+00:00,39.69662064076388,-75.41431321545454,-1159.8576717431663,40.03000611480976,-75.25844863498047,7.854857601691037,2.2809049904117532e-05,2.1617604724824527e-05,52563.34398639431,5000.0,41499.74808745694,1158.8028454265573,41515.92363608155
2023-08-09 17:12:41+00:00,39.69632425687164,-75.41404056994449,-1159.910991689832,40.029110034553234,-75.25785452816771,7.928368614986539,2.2831729799723216e-05,2.162921936869837e-05,52613.91216586114,5000.0,41512.93979566235,1158.8843429518058,41529.112480266485
2023-08-09 17:12:42+00:00,39.69602223214886,-75.4137448799888,-1160.023563814425,40.02797443785529,-75.25712776919283,8.105025111464784,2.284697891817004e-05,2.1621504669654637e-05,52607.21086181325,5000.0,41525.84590612226,1159.0618009017498,41542.01851712698
2023-08-09 17:12:43+00:00,39.69571409267487,-75.41343426002712,-1160.1379537254163,40.02710568856905,-75.25655137860012,8.169552604435012,2.286593843034057e-05,2.1634396354503776e-05,52628.54930458152,5000.0,41539.165925485984,1159.285522457186,41555.33959321756
2023-08-09 17:12:44+00:00,39.69540375298833,-75.4131126486326,-1160.3083212293975,40.02632253196682,-75.25603318051878,8.197410353459418,2.28892975065348e-05,2.1639386148656867e-05,52655.83468951952,5000.0,41552.37234702022,1159.5761873113318,41568.54898357158
2023-08-09 17:12:45+00:00,39.69517112588879,-75.41281830535641,-1161.0215146462267,40.05033152860413,-75.26293455390031,2.7447914763033623,2.2900022168764363e-05,2.164428480542421e-05,52685.57516250992,5000.0,41558.06961734608,1160.0436829025955,41574.257078947616
2023-08-09 17:12:46+00:00,39.69494026800563,-75.4125190626001,-1161.591381008381,40.05009027126488,-75.2626324985393,3.3416331892221933,2.291262737845212e-05,2.1665561152726903e-05,52741.899039224416,5000.0,41563.12786748978,1160.6104548895585,41579.32917637446
2023-08-09 17:12:47+00:00,39.69471097890626,-75.412209256041,-1162.0885028922548,40.04984927114162,-75.26232622683715,4.008868788514519,2.292823301848245e-05,2.166413045049752e-05,52694.65289025214,5000.0,41567.80983790388,1161.2493068347644,41584.02715794567
2023-08-09 17:12:48+00:00,39.69448113165034,-75.41189626268603,-1162.3438816537912,40.04960320840743,-75.26201751220844,4.827656500041485,2.2944269473156e-05,2.1667526836593144e-05,52713.09640008056,5000.0,41572.53319015036,1161.4510997737125,41588.75430333684
2023-08-09 17:12:49+00:00,39.69425646943321,-75.41158558370225,-1162.5601970429402,40.04935163991713,-75.26171074108206,5.554704401642084,2.296206262377785e-05,2.168166950293342e-05,52645.77996612476,5000.0,41576.39492441713,1161.9372874528312,41592.6281108933
2023-08-09 17:12:50+00:00,39.69402931348826,-75.41127709484545,-1162.7271664800348,40.0490880575226,-75.2614079478405,6.310577433934668,2.297963987311211e-05,2.1690926271001944e-05,52592.4412283531,5000.0,41580.687901311605,1162.3994863881485,41596.93232574052
2023-08-09 17:12:51+00:00,39.69380295934371,-75.4109666432193,-1162.7763116023114,40.04880422072404,-75.2611122103211,7.181273107038578,2.2999509607072647e-05,2.1709761087044518e-05,52638.93865680743,5000.0,41585.028551545525,1162.741320979844,41601.280833796096
2023-08-09 17:12:52+00:00,39.693576131726594,-75.41066086188786,-1162.7446274470744,40.04851483356301,-75.26082580761589,7.927124711568467,2.30174433703722e-05,2.172369645578383e-05,52612.14103696732,5000.0,41589.68341863054,1162.9483644633813,41605.93966923858
2023-08-09 17:12:53+00:00,39.69335076487069,-75.41035729481544,-1162.5688469038496,40.048217447485065,-75.26053622702177,8.559701192367356,2.303192030688053e-05,2.173756842269753e-05,52642.29333780513,5000.0,41594.19829535437,1163.0611329449275,41610.45593396241
2023-08-09 17:12:54+00:00,39.693127143403046,-75.4100609559593,-1162.4639577930022,40.04793199214344,-75.26024783287286,9.072969503817149,2.303624374587986e-05,2.1760651456631497e-05,52685.47208652296,5000.0,41598.629958926605,1163.2599658271793,41614.89142371757
2023-08-09 17:12:55+00:00,39.69290639125346,-75.40976864097843,-1162.2656086066506,40.04766365979925,-75.25996114460371,9.473127055971418,2.3037379584344096e-05,2.179072028462748e-05,52725.19652363262,5000.0,41602.95189001259,1163.3621895504962,41619.21452342389
2023-08-09 17:12:56+00:00,39.69268694561653,-75.40948514940422,-1162.14280696761,40.047414887959576,-75.25967612052617,9.768443306267727,2.304154188001191e-05,2.1790976272217388e-05,52787.38510041227,5000.0,41607.31111700713,1163.6881912851277,41623.58116013039
2023-08-09 17:12:57+00:00,39.69247047673376,-75.40920744151987,-1161.921055372905,40.04716226788528,-75.2593958714112,10.061260396789294,2.304553176154138e-05,2.179950461071311e-05,52828.80000173147,5000.0,41611.94110482028,1163.694155158174,41628.20950506736
2023-08-09 17:12:58+00:00,39.692257357494725,-75.40893613547614,-1161.6463304790532,40.0469102176882,-75.25912024134504,10.361376557091717,2.3065244244104183e-05,2.1799033061662307e-05,52869.04487415728,5000.0,41616.615328679065,1163.5133431273357,41632.87684889048
2023-08-09 17:12:59+00:00,39.692046697272815,-75.40866624454299,-1161.453450394762,40.04671955936082,-75.2588479008921,10.565036446554586,2.309200093796363e-05,2.1823020893029864e-05,52887.98260486285,5000.0,41621.31436489505,1163.0916712657477,41637.56226890795
2023-08-09 17:13:00+00:00,39.6918390936056,-75.40840251199981,-1161.2249042925826,40.04650919649631,-75.25857991476813,10.822420686366968,2.308639034745705e-05,2.1822457382923404e-05,52899.45637264645,5000.0,41626.46280841989,1162.6871412120013,41642.69740697766
2023-08-09 17:13:01+00:00,39.69163564183647,-75.40814411024488,-1160.881866628518,40.04639281397487,-75.25832299476792,10.936798447510228,2.310081023606216e-05,2.182491517318503e-05,52917.6245287744,5000.0,41631.57520804255,1162.407363207342,41647.80000409315
2023-08-09 17:13:02+00:00,39.69143892288199,-75.40788514751858,-1160.654582393177,40.04636727455353,-75.25808300224763,10.95809375832323,2.313631610715099e-05,2.183825974513965e-05,52891.84165390087,5000.0,41636.09412047504,1162.272702218762,41652.31339845818
2023-08-09 17:13:03+00:00,39.691246193868245,-75.40763016207507,-1160.368469652048,40.0463085298824,-75.2578461913682,11.031544000958093,2.3139288623691387e-05,2.1845636054010996e-05,52931.67114128798,5000.0,41640.52187503879,1162.107874054123,41656.73483047516
2023-08-09 17:13:04+00:00,39.69105785932757,-75.40737526425161,-1160.2591195650932,40.04629205617816,-75.25762161679936,11.03773635509424,2.315739905371333e-05,2.1837337692562096e-05,52964.62439291762,5000.0,41644.54749752708,1162.0272500483557,41660.75663743571
2023-08-09 17:13:05+00:00,39.69087256026715,-75.40711665001643,-1160.1227704767516,40.04624454063151,-75.2573919658625,11.05530430894578,2.3179844009564525e-05,2.1852032501222776e-05,52929.69580196895,5000.0,41648.03105113841,1162.0227865211496,41664.238711309525
2023-08-09 17:13:06+00:00,39.69068969367908,-75.40685320389386,-1160.0105077514656,40.04613291827334,-75.25714490386297,11.129463836026844,2.3172088192178147e-05,2.184618884265835e-05,52975.83259714648,5000.0,41651.02146286268,1161.9946268469926,41667.22717451533
2023-08-09 17:13:07+00:00,39.69050994130789,-75.4065878376685,-1159.8298866043406,40.04606299825546,-75.25690095471882,11.173302508541385,2.317367758814957e-05,2.184017292468517e-05,53050.91415225205,5000.0,41653.4637803513,1162.0465383131534,41669.669989792856
2023-08-09 17:13:08+00:00,39.69033675390363,-75.4063258092401,-1159.6600490639048,40.046007395412985,-75.25665689926984,11.201768853876274,2.31715926680686e-05,2.186029231879092e-05,52993.78647396599,5000.0,41654.80876606155,1162.0605911867658,41671.01484431052
2023-08-09 17:13:09+00:00,39.69016833842973,-75.40606571273457,-1159.515431555117,40.04599714241692,-75.25641838834699,11.17864209029358,2.320052743557183e-05,2.1879777280747956e-05,53038.006481799806,5000.0,41655.45305450188,1162.361268802135,41671.66726800142
2023-08-09 17:13:10+00:00,39.69000815569069,-75.40580589780481,-1159.5404385307872,40.04604473279383,-75.25617597124294,11.115026623592712,2.3220747354059584e-05,2.1872328859005813e-05,53053.69506716084,5000.0,41655.33859033617,1162.4195859393706,41671.55447507719
2023-08-09 17:13:11+00:00,39.689848848408985,-75.4055425276426,-1159.4940305165137,40.04582256342373,-75.25590369832483,11.201750361477025,2.3248063927053296e-05,2.1867717463079825e-05,53096.40714388205,5000.0,41655.26701765208,1162.490341752313,41671.48490402713
2023-08-09 17:13:12+00:00,39.689690302863326,-75.40527188661899,-1159.3500558169646,40.04545388411972,-75.25561308886677,11.358818547567353,2.328421758590515e-05,2.1864213757755334e-05,53125.785778762816,5000.0,41654.76853764225,1162.354595278591,41670.9828313386
2023-08-09 17:13:13+00:00,39.68953206544738,-75.40500042227836,-1159.2758456618128,40.04514280702263,-75.25532857588614,11.489887340925634,2.328936018779663e-05,2.187152763074726e-05,53180.034378316486,5000.0,41654.24626217945,1162.5045107273838,41670.464941103695
2023-08-09 17:13:14+00:00,39.689373756477664,-75.40472258450343,-1159.2839790291198,40.04478690034745,-75.25504320537993,11.66554159624502,2.33163438173029e-05,2.186376241601228e-05,53214.954172081074,5000.0,41653.325194216006,1162.7429509480828,41669.55088436986
2023-08-09 17:13:15+00:00,39.68920994263311,-75.40443862101931,-1159.181099860442,40.0442203400328,-75.25476203412272,11.96779649151722,2.332893374033482e-05,2.1888570290315617e-05,53303.19977596008,5000.0,41652.62839917158,1162.7652310009369,41668.85498237142
2023-08-09 17:13:16+00:00,39.68904322896896,-75.4041539646823,-1159.1999960465394,40.043724213125785,-75.25449076130371,12.234528816188686,2.333185167339697e-05,2.1904350534891907e-05,53317.605730967305,5000.0,41652.51115520718,1162.8543399672255,41668.740270743
2023-08-09 17:13:17+00:00,39.68887959243988,-75.40386600701112,-1159.0313462143126,40.04331506128237,-75.25422575338236,12.484539259865414,2.335946686605997e-05,2.1890173153089183e-05,53351.64735534553,5000.0,41651.50402722462,1162.675788542217,41667.72855243217
2023-08-09 17:13:18+00:00,39.68871204239774,-75.40358203076079,-1158.7676256233606,40.04286915840218,-75.2539802696968,12.79831676511094,2.337864195256906e-05,2.1877635284437724e-05,53340.49093107486,5000.0,41650.907998126175,1162.752365199667,41667.13489227629
2023-08-09 17:13:19+00:00,39.68854613607435,-75.40330257626319,-1158.6542466709775,40.04262755546803,-75.2537169447267,12.992467931937426,2.3403285764356757e-05,2.1882248662494287e-05,53339.08426643038,5000.0,41649.97545459757,1163.4078569541448,41666.22100947244
2023-08-09 17:13:20+00:00,39.68838167197028,-75.40302277433936,-1158.3614121917676,40.04231290236004,-75.25347892489046,13.199577471299564,2.3388660009314973e-05,2.18860854979018e-05,53366.58274662716,5000.0,41648.56364413297,1163.5427443540243,41664.813516171336
2023-08-09 17:13:21+00:00,39.688214745094434,-75.40274459533615,-1158.26599160847,40.0420862471348,-75.2532261095071,13.343477981572503,2.338783578593135e-05,2.188514035899587e-05,53379.57966612373,5000.0,41647.37066401313,1163.446501171015,41663.61831366532
2023-08-09 17:13:22+00:00,39.68804767706105,-75.40246559291485,-1158.116998264649,40.04183145635768,-75.25298313503227,13.49051632656483,2.3378177553351384e-05,2.190009700048337e-05,53449.85254175962,5000.0,41646.0836133458,1163.480336549272,41662.33270981506
2023-08-09 17:13:23+00:00,39.68787882787242,-75.40219006104022,-1158.0211629099108,40.04154028306717,-75.25275219217913,13.657084023114294,2.339060744490296e-05,2.1914086482108693e-05,53482.02644688263,5000.0,41645.54110556612,1163.142430043897,41661.78097834952
2023-08-09 17:13:24+00:00,39.68770948522173,-75.40192006660644,-1158.0323996026546,40.04148987582086,-75.25246089903514,13.636591198388489,2.3397885142700888e-05,2.193112933953526e-05,53456.172516472485,5000.0,41645.30949874573,1163.3734988435262,41661.555913625365
2023-08-09 17:13:25+00:00,39.6875388505553,-75.4016535540604,-1158.0082624174092,40.0413079086424,-75.2522061505715,13.663731518783608,2.341136893062482e-05,2.1933212997534857e-05,53567.43488366693,5000.0,41645.7034098646,1163.5027807513422,41661.953281420014
2023-08-09 17:13:26+00:00,39.68737058544292,-75.40139167368294,-1158.0847678775697,40.04122918804416,-75.25193483356304,13.628514030890074,2.340051042394511e-05,2.192492384155763e-05,53561.70799294816,5000.0,41646.53574713917,1163.6734725585677,41662.79006125822
2023-08-09 17:13:27+00:00,39.68720353380704,-75.40113244025781,-1158.1335095322422,40.04123197072927,-75.25166316512335,13.488843808765523,2.340267145984664e-05,2.194471699073541e-05,53542.94858440182,5000.0,41647.44883226335,1163.508778591848,41663.69819055738
2023-08-09 17:13:28+00:00,39.68703621312324,-75.40087436851147,-1158.0627469230274,40.04087200862927,-75.25142593486096,13.530266763991676,2.339707811520584e-05,2.195546218360424e-05,53555.58843895493,5000.0,41648.780456098255,1163.210261402049,41665.02095994316
2023-08-09 17:13:29+00:00,39.68686916761133,-75.40062628043069,-1158.0696581326051,40.04031390913641,-75.251188417784,13.706135801563503,2.3410552069267303e-05,2.1970924448516863e-05,53619.03376486401,5000.0,41651.00470658978,1163.1924099259968,41667.2438451462
2023-08-09 17:13:30+00:00,39.68669951495406,-75.40038275364515,-1157.9560330017237,40.0398922099887,-75.25093972119146,13.870854195207356,2.3420704328948998e-05,2.198799597313301e-05,53696.02964318986,5000.0,41653.90940639389,1162.830238477453,41670.13730478442
2023-08-09 17:13:31+00:00,39.68653260715672,-75.40014418109828,-1157.908954655744,40.03953561170684,-75.25068167144194,14.032290128758175,2.3425920251925996e-05,2.2013485789115603e-05,53733.37168669888,5000.0,41657.01290970313,1162.3893783610506,41673.22730034356
2023-08-09 17:13:32+00:00,39.686370793297314,-75.39991461249772,-1157.8546052272948,40.039520996669495,-75.25050671454552,14.054485759988893,2.344294316166036e-05,2.203639407784133e-05,53808.87136873364,5000.0,41660.20653691621,1161.7236081168378,41676.40112150007
2023-08-09 17:13:33+00:00,39.68620815427428,-75.399698294122,-1157.8437715325315,40.0396813183098,-75.25043025219526,14.015107158687895,2.3437038459971992e-05,2.2046498021004256e-05,53793.88629305112,5000.0,41663.98775393321,1161.3913670450593,41680.17161033941
2023-08-09 17:13:34+00:00,39.68604752799829,-75.39948650407001,-1157.8524255229786,40.03965242486704,-75.25029570030341,13.98947286931798,2.344617300486919e-05,2.2063724023478597e-05,53751.81764915383,5000.0,41668.47219423826,1161.2074955648343,41684.649187078
2023-08-09 17:13:35+00:00,39.68589269453873,-75.3992658574868,-1157.8404926354783,40.03923388630766,-75.2499350255442,14.030459892528595,2.3445110561776717e-05,2.210663852473179e-05,53792.0482249099,5000.0,41672.41301494426,1161.163499175892,41688.58725310699
2023-08-09 17:13:36+00:00,39.68573718589693,-75.3990221396354,-1157.9774452053762,40.03839352582893,-75.24923411948568,14.265343748789746,2.3453773732670592e-05,2.2102278728659087e-05,53804.7081389126,5000.0,41676.18233860489,1161.1662659104436,41692.35519154238
2023-08-09 17:13:37+00:00,39.685583434164805,-75.39876009387278,-1157.9682826478966,40.03780419231122,-75.24864806224096,14.43573648307938,2.345518612049342e-05,2.2132406644090428e-05,53811.26328927596,5000.0,41679.12232322992,1161.1325332259478,41695.29309639733
2023-08-09 17:13:38+00:00,39.68542747406976,-75.39848632609855,-1157.9621420542885,40.03735130853914,-75.24813973091482,14.5616504829959,2.3467309114264192e-05,2.2145511610815357e-05,53840.79369148368,5000.0,41681.58787875317,1160.7077181529623,41697.74586834644
2023-08-09 17:13:39+00:00,39.68527592335862,-75.3982010705279,-1157.9349959449623,40.03693784009455,-75.24765642416116,14.687443580769468,2.346786007152292e-05,2.2140814641329263e-05,53820.816562518456,5000.0,41683.18391957703,1160.528372315972,41699.33629898964
2023-08-09 17:13:40+00:00,39.68512427193656,-75.39791081045783,-1157.986623259934,40.03662151174758,-75.24724079939617,14.751011582964566,2.347369317870649e-05,2.2165375719670117e-05,53871.67155628259,5000.0,41684.46758199232,1160.6920295979703,41700.624019092815
2023-08-09 17:13:41+00:00,39.684972905580736,-75.3976148438226,-1158.096221047872,40.03628005398241,-75.2468154412781,14.80263286747504,2.34899226873389e-05,2.219740210099975e-05,53823.75531875839,5000.0,41685.464448595165,1160.6066516315943,41701.61812322039
2023-08-09 17:13:42+00:00,39.6848245873358,-75.39730680413784,-1158.0574808269212,40.03582790308829,-75.24633481674105,14.897764583467506,2.3492030042145276e-05,2.220857941563887e-05,53804.317959597065,5000.0,41685.824227169534,1160.2979874425168,41701.96917314742
2023-08-09 17:13:43+00:00,39.68467329986748,-75.39699130830974,-1157.8941000214954,40.03522720641865,-75.24580516025031,15.031400336127264,2.351391226573325e-05,2.22172237214558e-05,53802.01457538148,5000.0,41686.11710556218,1159.9289591547122,41702.25167216909
2023-08-09 17:13:44+00:00,39.68451529958789,-75.39666456078696,-1157.9034349298297,40.03454752839129,-75.24527929404766,15.19811574171763,2.3532824544007088e-05,2.2242148664721343e-05,53785.97215261513,5000.0,41686.982412410434,1159.7949742046967,41703.11291780036
2023-08-09 17:13:45+00:00,39.68425142833717,-75.39640183779576,-1158.364228659801,40.04253442973237,-75.25362089644216,10.899060345604084,2.351985927546052e-05,2.2251505303814563e-05,53799.00767900351,5000.0,41700.21222183245,1159.8504166722798,41716.33915308148
2023-08-09 17:13:46+00:00,39.68398944798058,-75.39614269410481,-1158.6899456448918,40.04226534408302,-75.25335919814431,11.462791261496022,2.355058394869192e-05,2.2280308936746102e-05,53849.10849844795,5000.0,41713.30015422819,1160.0846450783931,41729.428538388594
2023-08-09 17:13:47+00:00,39.683727123997656,-75.39588914136533,-1158.9325846728725,40.04199518996596,-75.25310215016142,12.067798813281115,2.357393877351939e-05,2.229512035540078e-05,53862.08285715977,5000.0,41726.8634079461,1160.2160367838974,41742.99020335512
2023-08-09 17:13:48+00:00,39.68346733034032,-75.39563828806777,-1159.0081575383945,40.04172114008976,-75.2528493360287,12.68815713544609,2.3569049183647488e-05,2.230597167026011e-05,53905.39987649313,5000.0,41740.27466256613,1160.2410076874717,41756.39697222905
2023-08-09 17:13:49+00:00,39.68320688165511,-75.39538815380797,-1159.0366892857655,40.04144104855605,-75.25259721308578,13.286076945252717,2.3562267331712237e-05,2.231080253565499e-05,53951.9568315148,5000.0,41753.78263677578,1160.1262418146105,41769.89654495287
2023-08-09 17:13:50+00:00,39.68295021129985,-75.3951409852533,-1159.1081729365717,40.04115599112798,-75.25234533276799,13.823162131535357,2.358485485403578e-05,2.2293545042323376e-05,53958.07683719383,5000.0,41767.14243056788,1160.178879605906,41783.25264801709
2023-08-09 17:13:51+00:00,39.68269475424178,-75.39489362597415,-1159.0547407455251,40.040871565275616,-75.25209631809474,14.23035174619872,2.358223003204361e-05,2.2329424731430134e-05,54052.72702928941,5000.0,41779.862090407376,1160.463261371562,41795.97529995505
2023-08-09 17:13:52+00:00,39.68244553889531,-75.39465865744442,-1158.910480826096,40.04061342985691,-75.25187440198026,14.585392735607456,2.35916032613732e-05,2.23483699372373e-05,54081.078541810304,5000.0,41791.90654622432,1160.7835926490898,41808.0240063712
2023-08-09 17:13:53+00:00,39.68219890478383,-75.39442868649869,-1158.9387999497117,40.040338283165056,-75.25163748813107,14.834687435883096,2.3592536079953934e-05,2.238535626088386e-05,54110.181240026825,5000.0,41803.5655947846,1161.3309482107736,41819.69375795011
2023-08-09 17:13:54+00:00,39.681956263129806,-75.39420456556113,-1158.8252572809392,40.04006913873538,-75.25140547430892,15.034382579964586,2.3602041110222735e-05,2.237917015907277e-05,54128.64315663962,5000.0,41814.943868776,1161.616982033586,41831.075586958505
2023-08-09 17:13:55+00:00,39.68171495062544,-75.3939847293963,-1158.8289045413976,40.0397489223416,-75.25117163537888,15.469091834966092,2.362591534237922e-05,2.238817068433409e-05,54148.93715524883,5000.0,41825.90351617528,1161.927925527961,41842.03964254761
2023-08-09 17:13:56+00:00,39.68147484899712,-75.39376996261794,-1158.7086910233827,40.03942279373206,-75.250938503897,15.860362480860204,2.36217496717631e-05,2.240283973611352e-05,54089.82682115272,5000.0,41836.79509845409,1162.115447179562,41852.93223207432
2023-08-09 17:13:57+00:00,39.68123692759527,-75.39355913194788,-1158.574300700492,40.03918578087346,-75.25072283016854,15.979631826630794,2.365713318435531e-05,2.2415884592560942e-05,54114.68648476922,5000.0,41847.18793828083,1162.4788923411484,41863.33115647793
2023-08-09 17:13:58+00:00,39.680998036748086,-75.39334493076365,-1158.5823356975698,40.03894660085554,-75.25050863678686,16.105654403334484,2.3700948583405496e-05,2.239548030166409e-05,54153.09362047912,5000.0,41857.33016097367,1162.9919373069324,41873.4837152463
2023-08-09 17:13:59+00:00,39.68076148171042,-75.39312593404634,-1158.457074053486,40.03865077891759,-75.25027881242723,16.384978690301068,2.3730206636328892e-05,2.2419669989835597e-05,54131.198828587934,5000.0,41867.02389329555,1163.3127448008806,41883.18261813441
2023-08-09 17:14:00+00:00,39.68052709265661,-75.39290271983234,-1158.2193680915682,40.03839287924547,-75.25003580460188,16.76645583147183,2.3738179516189557e-05,2.2439646963948736e-05,54185.486688238896,5000.0,41876.59671366522,1163.3227033521391,41892.75202264816
2023-08-09 17:14:01+00:00,39.6802963385841,-75.39267543666077,-1157.9417734750257,40.03813299771792,-75.24980445904104,17.091814817744307,2.3751438885755948e-05,2.24430117482066e-05,54249.51449912205,5000.0,41884.99611065333,1163.6224106632685,41901.156503180704
2023-08-09 17:14:02+00:00,39.68006058887731,-75.39244811108301,-1157.6570303941344,40.03775961098616,-75.24954719136153,17.57621900376398,2.3765896310005983e-05,2.244523917525664e-05,54313.45828854123,5000.0,41892.93315379297,1163.656051818684,41909.09141982322
2023-08-09 17:14:03+00:00,39.67982135374422,-75.39222348579507,-1157.1428004983804,40.03759634366001,-75.24933459380286,17.825296610360965,2.3780667528026164e-05,2.246166535427087e-05,54344.18493091278,5000.0,41901.1940518653,1163.5618795867583,41917.34651930749
2023-08-09 17:14:04+00:00,39.6795847808427,-75.39200018289048,-1156.638825137494,40.03747544901989,-75.24913143319439,18.120561746764,2.380009969394375e-05,2.2475428397860383e-05,54335.94332224774,5000.0,41908.6713073155,1163.4117790682512,41924.81672842809
2023-08-09 17:14:05+00:00,39.67934630459321,-75.39178077223016,-1156.1996193589553,40.03740174267431,-75.24893745482146,18.35919170069974,2.382755031187973e-05,2.247904004665068e-05,54358.32734265905,5000.0,41916.188047454816,1163.5957250572962,41932.33567833976
2023-08-09 17:14:06+00:00,39.67911011647758,-75.39156556671023,-1155.742473967931,40.037424543808434,-75.24876060278099,18.471806323039345,2.386148334175789e-05,2.248616304139447e-05,54401.71399844931,5000.0,41923.83310938336,1163.675948019502,41939.98002259214
2023-08-09 17:14:07+00:00,39.67887542848628,-75.39135260606028,-1155.4910267347464,40.03744250974059,-75.24858605526238,18.5748315139208,2.386207422242244e-05,2.2491169269648965e-05,54429.4680756305,5000.0,41931.15306258758,1163.7463206113073,41947.29911039428
2023-08-09 17:14:08+00:00,39.67864071848889,-75.39114307551927,-1155.4317033039506,40.037560815754034,-75.24842922938326,18.58429375826381,2.388871913336432e-05,2.2477386005873124e-05,54413.81640523227,5000.0,41938.65526942171,1163.9838214717083,41954.80501854396
2023-08-09 17:14:09+00:00,39.67840516707778,-75.39093576223317,-1155.3080113943329,40.0375874161392,-75.24826131361813,18.63852428342216,2.3882245811859443e-05,2.2465944859906708e-05,54393.51115994532,5000.0,41946.00957376862,1163.4727695642644,41962.14231957428
2023-08-09 17:14:10+00:00,39.678168846266935,-75.39073378692919,-1155.0474247489706,40.037592042900336,-75.2480914835324,18.669228224549443,2.3882936887632896e-05,2.2474328337402004e-05,54431.16141011487,5000.0,41953.64909189257,1163.2866094310186,41969.77374088809
2023-08-09 17:14:11+00:00,39.67793614274291,-75.39053406494597,-1154.7593445744765,40.0375554544474,-75.24791958196171,18.73908928525634,2.3862971667330787e-05,2.246346383720665e-05,54464.75200619513,5000.0,41960.63533767035,1163.0459197111168,41976.7506335627
2023-08-09 17:14:12+00:00,39.67769754719613,-75.39033949891274,-1154.6381276788104,40.03751861107133,-75.24775383356435,18.781908927951008,2.3901041852565745e-05,2.2478517312241604e-05,54440.44235955061,5000.0,41968.198612512526,1163.1800562105195,41984.31472136307
2023-08-09 17:14:13+00:00,39.67746105360249,-75.39015305164678,-1154.6665134405644,40.03747070365592,-75.24759355382065,18.682200396666303,2.391932384360917e-05,2.2483614887054757e-05,54483.4365463375,5000.0,41975.626695865845,1163.3790951866497,41991.74546776786
2023-08-09 17:14:14+00:00,39.677218668907486,-75.38996736356432,-1154.8147769911102,40.03737221723895,-75.24743077028567,18.496908308938146,2.39444032010257e-05,2.248478023742885e-05,54482.37945364178,5000.0,41983.7686176618,1163.1861793634694,41999.87892160198
2023-08-09 17:14:15+00:00,39.67697376925591,-75.38978117431574,-1155.029381163175,40.0371637955839,-75.24725288562935,18.29527254484128,2.3969827842876227e-05,2.248156458293641e-05,54464.344138366825,5000.0,41992.30828124254,1163.294657328027,42008.41831403176
2023-08-09 17:14:16+00:00,39.676728077915925,-75.38959963362811,-1155.389559345883,40.03688012574644,-75.24706414829267,18.03873389272485,2.398959881318136e-05,2.247388181256707e-05,54494.478846683065,5000.0,42001.02743638059,1163.7903684014764,42017.14785338456
2023-08-09 17:14:17+00:00,39.67647823032479,-75.38942450749582,-1155.773167667139,40.03664263243173,-75.2468954742198,17.6730014992645,2.400643626316105e-05,2.2480637193147325e-05,54505.26742406079,5000.0,42009.96654077656,1163.9846518848071,42026.088909473714
2023-08-09 17:14:18+00:00,39.676222522761165,-75.38925772162803,-1156.3303231955556,40.03655407426001,-75.24678254514605,17.082329616067,2.403164648194597e-05,2.2497195754593323e-05,54558.08882010204,5000.0,42019.81235972035,1164.2791926334155,42035.93910910647
2023-08-09 17:14:19+00:00,39.67596200991609,-75.38909699046299,-1157.0473269562565,40.03615283003644,-75.24660171730518,16.505008344654925,2.4062559056059964e-05,2.2514791824098817e-05,54651.69145192822,5000.0,42030.59626624256,1164.5646831468607,42046.72678576914
2023-08-09 17:14:20+00:00,39.67569499302522,-75.38894345451749,-1157.9303694912023,40.03576524681652,-75.24642838332908,15.821027446887456,2.4082952702422995e-05,2.2506175529852688e-05,54676.00944783989,5000.0,42042.54486457726,1164.9458533406714,42058.68135749393
2023-08-09 17:14:21+00:00,39.67542555246831,-75.38879172131124,-1158.7628841731712,40.03531206810065,-75.24621070690111,15.180398607160896,2.4098530952862787e-05,2.253067390285155e-05,54688.17255633157,5000.0,42055.29999974053,1165.2243331146212,42071.43931237269
2023-08-09 17:14:22+00:00,39.675156789898125,-75.3886411851671,-1159.4581922790258,40.03476714936378,-75.24585789911576,14.746075253060551,2.4114341812056872e-05,2.254371031714152e-05,54759.70680489878,5000.0,42068.8855783983,1165.182640966363,42085.018526729655
2023-08-09 17:14:23+00:00,39.674898551394975,-75.38847990472935,-1160.2221015858067,40.03426331785831,-75.24536750579071,14.523916184378322,2.41248455104499e-05,2.256204201073442e-05,54718.92361830967,5000.0,42081.69652625005,1165.213535214313,42097.82542020493
2023-08-09 17:14:24+00:00,39.67464070467017,-75.38832512024891,-1160.9021081770193,40.03397570536252,-75.24516727127465,13.905580938677303,2.411268641053114e-05,2.2575623734130104e-05,54768.931445918905,5000.0,42095.485004970265,1165.2001651123533,42111.60824794577
2023-08-09 17:14:25+00:00,39.67438056302039,-75.38817784656317,-1161.5712252710923,40.033705518103375,-75.24499178577229,13.286329025111629,2.411527090752569e-05,2.258644830577629e-05,54734.16512587411,5000.0,42110.9964623588,1165.0143749398385,42127.10863027051
2023-08-09 17:14:26+00:00,39.67411653117108,-75.38803850645544,-1162.2747471611806,40.03345669644634,-75.24477871963863,12.74024016666226,2.412187091494336e-05,2.258915528036516e-05,54741.1916018453,5000.0,42127.68868325987,1164.7881007060173,42143.788215028886
2023-08-09 17:14:27+00:00,39.67385183162094,-75.38790303205525,-1163.0204233291383,40.033197632632174,-75.24462286092496,12.09594222268788,2.4105802182003864e-05,2.259769324187224e-05,54777.86916772616,5000.0,42145.50296826047,1164.554288132891,42161.58923875688
2023-08-09 17:14:28+00:00,39.67358791324011,-75.38776467153218,-1163.7376844230394,40.03302057152556,-75.24433122635489,11.609363295836374,2.4112925264701197e-05,2.260889660492424e-05,54768.0770682858,5000.0,42164.27796026148,1164.3124650458242,42180.35039478043
2023-08-09 17:14:29+00:00,39.67332860689628,-75.38761414628485,-1164.360911757094,40.032895508694125,-75.24396230692703,11.244689462590031,2.410585168009637e-05,2.2624794418554217e-05,54768.9885833733,5000.0,42182.64302952134,1163.8146735037794,42198.69473751869
2023-08-09 17:14:30+00:00,39.67306621912837,-75.38746306858792,-1164.9374357972215,40.03259474066369,-75.24386794784698,10.522836212534456,2.412764569885517e-05,2.2645538884974317e-05,54755.82240889822,5000.0,42202.271224502256,1162.807211659516,42218.287709450495
2023-08-09 17:14:31+00:00,39.672801937023934,-75.38731699317411,-1165.6661322658276,40.03225166539766,-75.24382847165475,9.666815346747171,2.4156328081950866e-05,2.2676079166900897e-05,54796.785494756965,5000.0,42222.47916543247,1162.2625442270698,42238.47299674898
2023-08-09 17:14:32+00:00,39.67253237078838,-75.38717555386667,-1166.3834118589111,40.031917917441966,-75.24377730818512,8.826043906621635,2.415777615502492e-05,2.268254656412126e-05,54822.59437365564,5000.0,42243.13785652579,1161.7410852880507,42259.109530546055
2023-08-09 17:14:33+00:00,39.6722639684255,-75.38702596509233,-1166.8433184077412,40.031686488921686,-75.24348872685634,8.387402558873873,2.417714749632812e-05,2.266631657223724e-05,54852.77405474382,5000.0,42263.27982565026,1160.8237576496388,42279.21869450215
2023-08-09 17:14:34+00:00,39.67199631712859,-75.38687967902493,-1167.502923868458,40.03140228839387,-75.24332847921252,7.737082266568905,2.417855491989754e-05,2.2688784139897783e-05,54845.74173404535,5000.0,42283.26199662453,1160.51991231458,42299.18499855607
2023-08-09 17:14:35+00:00,39.671725061790085,-75.38673328776761,-1168.2298947436989,40.03112873273088,-75.24322696435871,6.918277206685161,2.419862390377664e-05,2.2708172412280813e-05,54857.51625146539,5000.0,42303.73382293845,1160.189067841015,42319.64005086957
2023-08-09 17:14:36+00:00,39.67145416367727,-75.38658895107878,-1169.119723294796,40.030839771206026,-75.24306157364583,6.143572264700197,2.423400194572776e-05,2.272538927026475e-05,54852.99824266337,5000.0,42324.14134520877,1160.3367830690313,42340.04395438618
2023-08-09 17:14:37+00:00,39.671185723572265,-75.3864442059685,-1169.8193211565504,40.03056009217673,-75.24289161682808,5.383423599647358,2.4192015434885847e-05,2.2712284143516084e-05,54883.396091317416,5000.0,42344.2718459564,1160.162055741588,42360.162112058046
2023-08-09 17:14:38+00:00,39.67092350827281,-75.38629832218933,-1170.5144564538684,40.0302701307612,-75.24269498500335,4.704770994925639,2.420466192575749e-05,2.273357894674099e-05,54896.41740369568,5000.0,42363.45179975184,1160.1965426623613,42379.335818385625
2023-08-09 17:14:39+00:00,39.6706695886369,-75.38614905528286,-1171.139174908757,40.03001176063812,-75.24250319984483,4.007727813179372,2.422872660172633e-05,2.2725327577628485e-05,54935.15273192419,5000.0,42381.400734877694,1160.196748506013,42397.27803462783
2023-08-09 17:14:40+00:00,39.670422635026654,-75.38599155724955,-1171.838793129636,40.02961850803602,-75.24225186772644,3.3869160358444788,2.426082291448078e-05,2.271019088068449e-05,54924.89313033605,5000.0,42397.90565467171,1160.2514097041765,42413.778271172254
2023-08-09 17:14:41+00:00,39.67018227847646,-75.38582701527886,-1172.4038447628177,40.0290957942925,-75.2419421671726,2.853015503118513,2.428265446212012e-05,2.2719199058391885e-05,54921.97138864051,5000.0,42412.35648012896,1160.0825365518583,42428.21907279575
2023-08-09 17:14:42+00:00,39.66994399810328,-75.38565837987142,-1172.949232221711,40.02870051898058,-75.2416625596385,2.3361288309824886,2.4289594499027525e-05,2.2721151133621105e-05,54947.99478573125,5000.0,42425.441612039824,1160.102514624748,42441.29986017203
2023-08-09 17:14:43+00:00,39.66970995717053,-75.38548178830321,-1173.3799972402194,40.02829028845586,-75.24137664051602,1.8619249109906373,2.4279882199756764e-05,2.2734058538678543e-05,54949.33569351245,5000.0,42437.03384064709,1160.1060334759618,42452.88785466937
2023-08-09 17:14:44+00:00,39.669481059369296,-75.38530137681761,-1173.8398198938405,40.0277353662266,-75.24104310642062,1.4835189445366268,2.431809136838801e-05,2.274154384043372e-05,54924.700211106814,5000.0,42447.02282780253,1160.2348819224226,42462.87663271552
2023-08-09 17:14:45+00:00,39.66926000282972,-75.38507412963739,-1174.9556795394003,40.03436403042336,-75.24220121952253,-5.557189893734176,2.432570681886749e-05,2.273775846494532e-05,54903.09435677426,5000.0,42453.910824603176,1161.030782426141,42469.78380897529
2023-08-09 17:14:46+00:00,39.669042922316805,-75.38485050091387,-1176.0168354619536,40.034126197558535,-75.241974600566,-5.20746455976041,2.4322140658150724e-05,2.2743477081028643e-05,54930.61101790751,5000.0,42459.64817057402,1161.9578559130011,42475.54436176008
2023-08-09 17:14:47+00:00,39.66883308771833,-75.38462337432179,-1176.9553753689495,40.03388547674599,-75.24174918056113,-4.744326687243301,2.4327813865131585e-05,2.2742856607784915e-05,54949.92231230171,5000.0,42463.995807393054,1162.6476116133033,42479.90924424256
2023-08-09 17:14:48+00:00,39.66861918284279,-75.38439991755357,-1177.3623909398166,40.03363811959424,-75.24152668998371,-4.186328320472967,2.434059746028112e-05,2.2749631506314915e-05,54966.507246268215,5000.0,42468.05737039219,1162.9186515735062,42483.97670422462
2023-08-09 17:14:49+00:00,39.66839855328131,-75.38417338555558,-1177.8789072629902,40.03338064826802,-75.24129575046562,-3.5186625076603377,2.431514600909469e-05,2.277516344573962e-05,55021.44044265946,5000.0,42471.98594046872,1163.3528860257777,42487.91568981463
2023-08-09 17:14:50+00:00,39.668174152653705,-75.38395578515802,-1178.219212393236,40.03310945298901,-75.24107947309251,-3.0742164729745127,2.431142589290646e-05,2.2785738131012868e-05,54997.56779196617,5000.0,42475.73366423922,1163.6500036227897,42491.67014423317
2023-08-09 17:14:51+00:00,39.66794755650058,-75.38374822025506,-1178.4858329290798,40.03283530055992,-75.24087006717986,-2.77932364337903,2.43288233839412e-05,2.278858381323626e-05,55002.03563292039,5000.0,42479.69486471992,1163.5833730208903,42495.62803472473
2023-08-09 17:14:52+00:00,39.66771380569292,-75.38354897144382,-1178.4613748475072,40.03255932406511,-75.2406680158935,-2.5022929858823773,2.435913850631648e-05,2.279162399382965e-05,55040.06827696416,5000.0,42484.22478755396,1162.851303067805,42500.13622275182
2023-08-09 17:14:53+00:00,39.66747387405837,-75.38336059574709,-1178.3400430967563,40.03229217629016,-75.24047448108266,-2.30955320148496,2.4356865362007545e-05,2.2793319104775824e-05,55068.8770950782,5000.0,42490.34199006507,1162.1950326910862,42506.2331867539
2023-08-09 17:14:54+00:00,39.667230498626665,-75.3831796228865,-1178.2289209470368,40.03203503701019,-75.24029103522493,-2.199570097771357,2.4360797173350504e-05,2.2798762953336072e-05,55137.32913936041,5000.0,42497.31143328815,1161.7156041043663,42513.18692126835
2023-08-09 17:14:55+00:00,39.66698635330828,-75.38301175623894,-1178.2672703801964,40.0317853982651,-75.24012009748463,-2.168160429384443,2.4377145686358265e-05,2.2810584350521923e-05,55176.562051501416,5000.0,42505.46408733874,1161.1202105612438,42521.32026905347
2023-08-09 17:14:56+00:00,39.6667350046435,-75.38285468582927,-1178.2164846766896,40.031540180966935,-75.2399628443018,-2.1683610707113985,2.4380233669586996e-05,2.281806024155411e-05,55188.66801004694,5000.0,42515.12336445868,1160.5954342156776,42530.96162158883
2023-08-09 17:14:57+00:00,39.666477617600414,-75.38270786057899,-1178.039808697723,40.031249077295655,-75.23980761341193,-2.0101571971026715,2.437751421836791e-05,2.2849879150083686e-05,55194.034971778565,5000.0,42526.13679097129,1159.968876247064,42541.95385919956
2023-08-09 17:14:58+00:00,39.666211037594906,-75.38257090339603,-1177.9729834472937,40.031015259835,-75.23967831964849,-2.0172447659715544,2.438462375766677e-05,2.285813971487662e-05,55178.088145661626,5000.0,42539.00038650289,1159.6681845419062,42554.80447823879
2023-08-09 17:14:59+00:00,39.665942396601054,-75.38245517557542,-1177.9967646298269,40.030860424357385,-75.23959328120866,-2.245101810141932,2.436864191465869e-05,2.288353402152278e-05,55191.124974628205,5000.0,42553.189017530174,1159.640213523502,42568.987079639
2023-08-09 17:15:00+00:00,39.66567683889132,-75.38236694445685,-1178.030848533342,40.03076963795318,-75.23956623476012,-2.694477578625083,2.4378642389985325e-05,2.2888910941893967e-05,55221.731578225015,5000.0,42568.40024843155,1159.5796086160772,42584.19101708268
2023-08-09 17:15:01+00:00,39.665410680076704,-75.38231342281782,-1178.154897296964,40.03067946082152,-75.23958632220305,-3.257410381338559,2.439281934381128e-05,2.2901734197561525e-05,55216.71879007362,5000.0,42585.30253839637,1159.590017306771,42601.08732526654
2023-08-09 17:15:02+00:00,39.66514368699707,-75.38228176375921,-1178.58981226765,40.03058937040126,-75.23965647588311,-3.9601685374218505,2.440127982765268e-05,2.2923140418589896e-05,55227.83935148792,5000.0,42603.90600613711,1159.959427097836,42619.69395540375
2023-08-09 17:15:03+00:00,39.664874450735056,-75.3822688467589,-1179.0838101649792,40.0303671501716,-75.23967924179074,-4.474300433299504,2.4405599302629808e-05,2.293869908458124e-05,55246.00173612991,5000.0,42624.29046533254,1160.683522112123,42640.09057109917
2023-08-09 17:15:04+00:00,39.66459926374882,-75.38226831593846,-1179.6199403098024,40.0300924387042,-75.23968343853844,-4.929091561207315,2.443257350149419e-05,2.2957333191319777e-05,55315.28477946633,5000.0,42646.373940611214,1161.3666619052824,42662.184458907264
2023-08-09 17:15:05+00:00,39.66431996227553,-75.38228412270134,-1180.102175300264,40.02980090543637,-75.23968821183348,-5.373918949713698,2.4432694866858364e-05,2.2982979501908027e-05,55257.50000439012,5000.0,42670.039228677626,1162.0316302135302,42685.859078698464
2023-08-09 17:15:06+00:00,39.66403815748321,-75.38231405938568,-1180.5149819728667,40.02955171838256,-75.23976219457161,-6.043014063732699,2.4458506009499464e-05,2.3016461700196515e-05,55322.69674121563,5000.0,42694.74373477075,1162.5014087564405,42710.56721823192
2023-08-09 17:15:07+00:00,39.66375822630661,-75.38234394247027,-1180.8691250929476,40.02912797130368,-75.23961958143903,-5.915643863438163,2.447436692720085e-05,2.304261963663371e-05,55338.02783068793,5000.0,42719.6654305524,1162.8125962314275,42735.4881524979
2023-08-09 17:15:08+00:00,39.6634784256344,-75.38237093638494,-1181.2871891153563,40.02872597085676,-75.23949104973528,-5.778837318095611,2.449066422595156e-05,2.3062522184822974e-05,55385.67864248443,5000.0,42745.138816855535,1163.3234006172916,42760.96600647223
2023-08-09 17:15:09+00:00,39.66319611671718,-75.38240403689349,-1181.5017762871323,40.02840851963904,-75.23949047443858,-6.060775885911426,2.450327575551595e-05,2.306223097336417e-05,55359.96834839427,5000.0,42771.42039978913,1163.515283511937,42787.243085182105
2023-08-09 17:15:10+00:00,39.662910508747125,-75.38243970887339,-1181.8613581495235,40.02807919313027,-75.23948106917138,-6.308597883267794,2.4526444997660853e-05,2.3075760860791528e-05,55376.00797017539,5000.0,42798.28049668304,1163.7645200474406,42814.10002943985
2023-08-09 17:15:11+00:00,39.662620500489325,-75.38247223079132,-1182.144543448097,40.02769786167621,-75.2394130257463,-6.316197749576531,2.453609693781158e-05,2.3082304014343387e-05,55399.61084590357,5000.0,42825.82564611424,1163.8301122833,42841.63678947892
2023-08-09 17:15:12+00:00,39.66232918635448,-75.38250637304486,-1182.434254564928,40.02733164072336,-75.23937897235076,-6.399977339489851,2.4537193100838063e-05,2.3096179106120665e-05,55387.18327776432,5000.0,42853.97169027036,1164.0430993977095,42869.7782355793
2023-08-09 17:15:13+00:00,39.662033700018426,-75.38253838459254,-1182.8227927151088,40.02694626801846,-75.23933966416186,-6.443375288479729,2.455508276605472e-05,2.312346212611252e-05,55310.91474294724,5000.0,42882.67390359078,1164.6017418993792,42898.4850354758
2023-08-09 17:15:14+00:00,39.661735150406,-75.38256795684902,-1183.122025438508,40.026546703619545,-75.2393015190728,-6.478154209209606,2.45591342741165e-05,2.3129198467854447e-05,55245.19546633617,5000.0,42911.48994915774,1165.8722193336994,42927.324953792304
2023-08-09 17:15:15+00:00,39.66143336829422,-75.38259388456618,-1183.4393924884669,40.02614355987466,-75.23927434130653,-6.54463897383539,2.4564161310146e-05,2.31387835969588e-05,55286.92360546071,5000.0,42940.58839950475,1166.9049867538697,42956.44072015037
2023-08-09 17:15:16+00:00,39.66112948293418,-75.3826136887954,-1183.7144138413073,40.025692308819615,-75.23923483551572,-6.528631344262976,2.455912102846716e-05,2.3163356393716705e-05,55282.64072066896,5000.0,42969.840707935546,1167.8491610963836,42985.707882137154
2023-08-09 17:15:17+00:00,39.66082628949098,-75.38262764911613,-1183.8767699455711,40.02523458588518,-75.23920574843143,-6.483628001995385,2.4562476904584772e-05,2.3192830346234758e-05,55297.65517230802,5000.0,42999.09657534415,1168.318518882437,43014.96570331466
2023-08-09 17:15:18+00:00,39.66052089570284,-75.3826395578858,-1183.9316596373264,40.024822113579326,-75.23919851886961,-6.51981458789669,2.457425556403672e-05,2.321340891000864e-05,55342.4758099192,5000.0,43028.52345405716,1168.088042642489,43044.37547824002
2023-08-09 17:15:19+00:00,39.66021499964136,-75.38264684445016,-1184.062607374356,40.02437774128016,-75.23919410325904,-6.508030089433305,2.4589689689249187e-05,2.3226590685691035e-05,55414.93659795478,5000.0,43057.85135786245,1168.0384690142437,43073.69124443451
2023-08-09 17:15:20+00:00,39.6599112891366,-75.38265629605618,-1184.2219514637268,40.023869767846925,-75.23920070583083,-6.3721616727125365,2.4612099999662624e-05,2.3246917527992705e-05,55431.48061582289,5000.0,43086.66000099045,1168.0189896162708,43102.48877270377
2023-08-09 17:15:21+00:00,39.65961120782838,-75.38266886196269,-1184.2420267100374,40.02345403948684,-75.23921710887363,-6.364512588828802,2.464025443814619e-05,2.3252354048225792e-05,55412.85939655372,5000.0,43114.96995433901,1167.8525945517645,43130.783830648805
2023-08-09 17:15:22+00:00,39.65930646358754,-75.38268381036852,-1184.4020538000905,40.023117554911465,-75.23922937478281,-6.4519058664445765,2.4650051570302342e-05,2.3254411333729987e-05,55434.27883399039,5000.0,43143.74396245031,1167.5972659910285,43159.54038764798
2023-08-09 17:15:23+00:00,39.65900268866871,-75.38270205350092,-1184.461102037153,40.02279623023777,-75.23924168988401,-6.548858157475479,2.464540483615421e-05,2.3268222253159363e-05,55428.42227153824,5000.0,43172.44868412316,1167.4052480936691,43188.22941955972
2023-08-09 17:15:24+00:00,39.65869581920086,-75.38272980508407,-1184.527464673129,40.02249376424832,-75.23925487501727,-6.662992092053173,2.4655911614398048e-05,2.3312618209957784e-05,55408.5321002081,5000.0,43201.768098565066,1167.477386126287,43217.540076794176
2023-08-09 17:15:25+00:00,39.65838952681472,-75.38276158790904,-1184.6635640165682,40.02222791214159,-75.23926224798636,-6.821880992298247,2.4653404613619667e-05,2.332721168673814e-05,55448.84845883689,5000.0,43231.37736217084,1167.1630927732012,43247.13005871661
2023-08-09 17:15:26+00:00,39.65807942750912,-75.3828017671375,-1184.794147298166,40.02187901408093,-75.23929705093512,-6.917493142042076,2.46581770230676e-05,2.3360486470753468e-05,55482.782750907245,5000.0,43261.79894504514,1167.0118670678578,43277.53649018606
2023-08-09 17:15:27+00:00,39.65776956911056,-75.38284583565297,-1184.7157453937057,40.02162619390343,-75.23931680945844,-7.107545993436361,2.4666102407515625e-05,2.3353868354003108e-05,55519.400757086485,5000.0,43292.141432520206,1166.6313346750485,43307.85769908711
2023-08-09 17:15:28+00:00,39.65745813220659,-75.38290172896652,-1184.828134584821,40.02132832257523,-75.23935499540191,-7.235411916975863,2.4663870758403174e-05,2.33497157618861e-05,55538.10173112284,5000.0,43323.117303085375,1166.4786825404196,43338.81822770109
2023-08-09 17:15:29+00:00,39.65714713835929,-75.38296264592583,-1184.849766475778,40.02097020809476,-75.23940878272474,-7.320206683711149,2.4678708339981668e-05,2.3355489992680903e-05,55623.6656259539,5000.0,43354.10658345672,1166.274332056826,43369.790793446766
2023-08-09 17:15:30+00:00,39.65683829543392,-75.38303140867382,-1184.8193532705704,40.02054975500634,-75.23947299959302,-7.349000981397694,2.4702151161915672e-05,2.335963770716277e-05,55695.47222413887,5000.0,43385.610537116816,1166.1494912550302,43401.28000778705
2023-08-09 17:15:31+00:00,39.65652639167682,-75.38310583483525,-1184.808014752642,40.02025512701748,-75.2395371414226,-7.429629150225082,2.471598258754072e-05,2.337276880702278e-05,55764.61589572758,5000.0,43417.51452107197,1166.1670043045524,43433.17295189731
2023-08-09 17:15:32+00:00,39.65621396469582,-75.3831877955463,-1184.8205276563208,40.01982482426601,-75.23960670813327,-7.457326039031614,2.473545178006261e-05,2.3366813925840564e-05,55808.75723483052,5000.0,43449.99200713871,1166.3273173208763,43465.643039434566
2023-08-09 17:15:33+00:00,39.65590151496679,-75.38327649126155,-1184.9420881972123,40.01952237516026,-75.2396856717735,-7.548444258689415,2.4728139014841516e-05,2.3388464950158117e-05,55868.801707425904,5000.0,43482.93106087854,1166.7094300214346,43498.58048878396
2023-08-09 17:15:34+00:00,39.655587969020615,-75.383373900103,-1185.1126309348228,40.01915449647748,-75.2397668415515,-7.628236665506847,2.4735891812820047e-05,2.342254270396431e-05,55876.59023715742,5000.0,43516.24651902051,1167.250600687865,43531.89847765626
2023-08-09 17:15:35+00:00,39.65527519522453,-75.38347714432842,-1185.1461836720955,40.01875865670778,-75.23985037087972,-7.710898312943755,2.473698713894278e-05,2.342129838427978e-05,55887.332088393785,5000.0,43549.48520896277,1167.4315784293035,43565.13007504948
2023-08-09 17:15:36+00:00,39.654962347273866,-75.383589727689,-1185.2403428504704,40.01823133892317,-75.23991781024326,-7.744314219424268,2.478277090426161e-05,2.343448821422508e-05,55961.740454431616,5000.0,43583.26484932421,1167.5268489581506,43598.90014518001
2023-08-09 17:15:37+00:00,39.6546511416593,-75.383711393417,-1185.287864399977,40.01797387510082,-75.24004343586493,-7.879973721748684,2.47915182996354e-05,2.3433940802679384e-05,56012.17874376684,5000.0,43617.15954486608,1167.7157609557294,43632.78775027658
2023-08-09 17:15:38+00:00,39.65433553817455,-75.38383623248387,-1185.3688488867724,40.0175680449705,-75.24014371925031,-7.966962691047229,2.4817188045812703e-05,2.3417395823697183e-05,56005.6463844832,5000.0,43651.87354272269,1167.8769627677318,43667.49363531204
2023-08-09 17:15:39+00:00,39.65401165444463,-75.3839600325253,-1185.5081904140536,40.01691917303898,-75.24017521507685,-7.952266290143598,2.4827280868870735e-05,2.344478739676286e-05,55986.92240020881,5000.0,43687.60311325028,1168.1197341922125,43703.21692386368
2023-08-09 17:15:40+00:00,39.653685725574654,-75.38408856484513,-1185.522467161558,40.01631711608447,-75.24021641340721,-7.931584114499856,2.4844049987841863e-05,2.3444297111702653e-05,56061.30303432904,5000.0,43723.77578059196,1168.234459663098,43739.37974256407
2023-08-09 17:15:41+00:00,39.65336463327873,-75.38423254183711,-1185.5393793779003,40.016046508191714,-75.24037524698842,-8.042043401044793,2.4855826378022152e-05,2.3470947819462507e-05,56092.7198345697,5000.0,43759.79876277174,1168.369658357699,43775.39349242734
2023-08-09 17:15:42+00:00,39.65304519367655,-75.38439666183712,-1185.7545097331315,40.01589813333767,-75.24060122769913,-8.221944930322934,2.4856833963225884e-05,2.3477316911050264e-05,56095.54394979398,5000.0,43796.35391706732,1168.4890621805775,43811.93881942973
2023-08-09 17:15:43+00:00,39.65272091041333,-75.38455907040554,-1185.908966472492,40.01539043066908,-75.24069152009857,-8.213738805730827,2.4874491044752243e-05,2.3475297911272563e-05,56096.45875929761,5000.0,43833.7464889446,1168.4695239596458,43849.31758061333
2023-08-09 17:15:44+00:00,39.652387342769686,-75.38471662740719,-1186.0579552170798,40.01469521587902,-75.24067929170873,-8.068149368162267,2.487403575455405e-05,2.3503247665774277e-05,56041.12072950343,5000.0,43872.34782645744,1168.620197608133,43887.90923445685
2023-08-09 17:15:45+00:00,39.65229212197806,-75.3846456636035,-1186.3676777223325,40.029504638894124,-75.23535902999696,-10.949835275358057,2.4889907416637776e-05,2.3509526837291693e-05,56072.99419164417,5000.0,43879.92500826937,1168.800551778649,43895.48853197993
2023-08-09 17:15:46+00:00,39.65219782435178,-75.38456322217786,-1186.660542782077,40.02940756403847,-75.2352785322322,-10.487834742292762,2.4939548283229625e-05,2.3520843354688543e-05,56096.47282695419,5000.0,43887.29739296539,1168.9687506047617,43902.862781354896
2023-08-09 17:15:47+00:00,39.65210866089834,-75.38447183054244,-1186.9944077096634,40.02931231116413,-75.23518682660392,-10.019234720559323,2.4924335353613132e-05,2.3540949392254223e-05,56136.996826496914,5000.0,43893.63824511136,1169.1791164913825,43909.2069866804
2023-08-09 17:15:48+00:00,39.652020813630585,-75.3843674540777,-1187.0657272223723,40.029216686222895,-75.23508168946535,-9.648161688470282,2.4958024148474125e-05,2.354629044089587e-05,56135.551660031895,5000.0,43899.29752113717,1168.9665190273722,43914.85859674293
2023-08-09 17:15:49+00:00,39.65193437057861,-75.38424727190284,-1187.3241712034735,40.029116064746496,-75.23496004631419,-9.254606600326952,2.494409247557051e-05,2.3571428209637737e-05,56178.01830579914,5000.0,43904.18991830792,1169.0730549819482,43919.75209618943
2023-08-09 17:15:50+00:00,39.65185211965662,-75.38412426593712,-1187.5481509886783,40.029014838166354,-75.23483151877925,-9.012166456261184,2.49649163622162e-05,2.3594944190661835e-05,56187.027346609,5000.0,43908.21294792547,1169.1880850703178,43923.77676223483
2023-08-09 17:15:51+00:00,39.65177157195554,-75.38399589281332,-1187.7177274444318,40.02891974224796,-75.23470088807632,-8.954722886846866,2.496352351550031e-05,2.361638948480695e-05,56206.68854321606,5000.0,43911.655808870586,1169.2958526987695,43927.22127187032
2023-08-09 17:15:52+00:00,39.65169114827364,-75.383849227307,-1187.977953441034,40.028811208566026,-75.23455991203804,-8.845121789665427,2.497221685337776e-05,2.363226036228689e-05,56177.10391879975,5000.0,43914.936611691584,1169.4236973044435,43930.504315255785
2023-08-09 17:15:53+00:00,39.65161478958042,-75.38368731559294,-1188.3344675123426,40.02868163924381,-75.23440748759552,-8.705752994050272,2.5004806917785008e-05,2.3642276804252644e-05,56167.71431315814,5000.0,43917.13021302769,1169.661378446939,43932.70346664612
2023-08-09 17:15:54+00:00,39.651541169517785,-75.38351831562233,-1188.6043566078245,40.02854734456795,-75.23424840346843,-8.641154292738065,2.50344985215188e-05,2.365684064326431e-05,56224.34523033416,5000.0,43918.610208269856,1169.7674374099356,43934.18576101724
2023-08-09 17:15:55+00:00,39.65147327534735,-75.38334756811278,-1188.9265167765066,40.02841874532936,-75.23408783024004,-8.651667462254409,2.50466311957799e-05,2.3667653080522023e-05,56254.06056747196,5000.0,43918.95006857115,1170.288743953515,43934.53938383637
2023-08-09 17:15:56+00:00,39.65140688585707,-75.38317034853304,-1189.216058407928,40.028310480744544,-75.23392284598677,-8.755111401958857,2.504577297709401e-05,2.367897725933583e-05,56227.5544886838,5000.0,43918.54520970143,1170.7340695562193,43934.14653317176
2023-08-09 17:15:57+00:00,39.65134510975929,-75.38298615688065,-1189.4412951730392,40.02816199666751,-75.23376296436506,-8.765261343098246,2.507151365666896e-05,2.370203946262724e-05,56163.69822032935,5000.0,43917.46247175792,1171.1257985430746,43933.07462031628
2023-08-09 17:15:58+00:00,39.65128669230812,-75.38279551257001,-1189.7356676268375,40.027982684608354,-75.23360873315741,-8.726481609861366,2.508539849638285e-05,2.3705175026678712e-05,56198.28363434535,5000.0,43915.96665341898,1171.652194320512,43931.593369335744
2023-08-09 17:15:59+00:00,39.651229702331776,-75.38259948985201,-1190.04001181197,40.02780227093941,-75.23345344015218,-8.725210312346462,2.5100357989938607e-05,2.370944742043276e-05,56219.31947783848,5000.0,43913.85670925074,1171.9676764022156,43929.492591141294
2023-08-09 17:16:00+00:00,39.65117512835364,-75.38239794144414,-1190.2903376281324,40.02757409618051,-75.23331300397564,-8.628435103630181,2.5114368813875965e-05,2.3715034868664592e-05,56270.35762718567,5000.0,43911.04819220687,1172.2789925993093,43926.69338084537
2023-08-09 17:16:01+00:00,39.65112004446164,-75.38219269751643,-1190.4604017408487,40.02736974808464,-75.23316403714963,-8.555594826000743,2.5131719019026915e-05,2.3721621361716107e-05,56263.598875218566,5000.0,43908.141941613736,1172.281603815339,43923.7882351186
2023-08-09 17:16:02+00:00,39.65107026681252,-75.38198471906844,-1190.6786659436436,40.02719230240469,-75.23300522441251,-8.505624323617667,2.512027931739872e-05,2.3724214870985064e-05,56229.4031440744,5000.0,43903.97358106862,1172.274157609319,43919.62116079521
2023-08-09 17:16:03+00:00,39.65102273950847,-75.38178056368855,-1190.8043328545264,40.02698099155128,-75.23286504003251,-8.338913207466248,2.5132539630199998e-05,2.3742146956303823e-05,56284.08842154609,5000.0,43898.86327048758,1172.2523369643905,43914.51208863058
2023-08-09 17:16:04+00:00,39.65094290988365,-75.38155931116327,-1190.928078497869,40.02675655538714,-75.23254024252611,-8.14838562119985,2.514831229726673e-05,2.373255708649936e-05,56328.49106862287,5000.0,43896.43904144799,1172.296785049831,43912.08991008965
2023-08-09 17:16:05+00:00,39.65086221558245,-75.38133328553872,-1190.9601565479234,40.0266161033691,-75.2323474480971,-8.132841536367778,2.5165375830698777e-05,2.374192266399724e-05,56308.12326507735,5000.0,43894.12552810581,1172.2712452990324,43909.77653950956
2023-08-09 17:16:06+00:00,39.650785632595685,-75.38110243764822,-1191.038576712445,40.0264905613322,-75.2321439881676,-8.175644979230128,2.5163266044108804e-05,2.373491776165969e-05,56331.8981293659,5000.0,43890.98071297851,1172.315465547178,43906.63402605366
2023-08-09 17:16:07+00:00,39.65071502943138,-75.38087083390067,-1191.183207762262,40.02633586967875,-75.2319482468021,-8.176817371801008,2.514667939721985e-05,2.374374357892916e-05,56305.17435061147,5000.0,43887.13188817373,1172.3872436126865,43902.78849024217
2023-08-09 17:16:08+00:00,39.65064375584514,-75.38063644610332,-1191.3565527877602,40.02620407587598,-75.23174213550524,-8.219825189793482,2.514798785336992e-05,2.374169058013744e-05,56328.70259811792,5000.0,43882.825002034326,1172.5707006141758,43898.48804010348
2023-08-09 17:16:09+00:00,39.65057765809762,-75.38040538959187,-1191.5385787484583,40.02601131062868,-75.23155450373874,-8.166919433220755,2.5176623671016328e-05,2.374003258997063e-05,56332.26361682016,5000.0,43877.447464246805,1172.776327877444,43893.117914918825
2023-08-09 17:16:10+00:00,39.65051245664236,-75.38017338385114,-1191.6765698771082,40.025807336684096,-75.23136692908501,-8.113884807738941,2.5170941785318515e-05,2.375587465738818e-05,56325.15156944584,5000.0,43872.14861864368,1172.861589701109,43887.823239766105
2023-08-09 17:16:11+00:00,39.65044909839615,-75.3799374539239,-1191.9048624642162,40.02565422501216,-75.23116151356365,-8.14644729095744,2.5200005448942464e-05,2.376774763026037e-05,56390.55117120184,5000.0,43866.0234671793,1173.2097090126008,43881.70958206217
2023-08-09 17:16:12+00:00,39.65038955388977,-75.37969549234566,-1192.031113094285,40.02551618986556,-75.2309468011643,-8.193513214762788,2.518804611464788e-05,2.378600106489546e-05,56323.503793921176,5000.0,43859.49704123855,1173.2299302521822,43875.18603014297
2023-08-09 17:16:13+00:00,39.65033514601487,-75.37945828154139,-1192.176095918268,40.02543391243298,-75.23071930217058,-8.293513201584574,2.5205524048800628e-05,2.3807813324590986e-05,56321.66129224278,5000.0,43852.50220228345,1173.6160153387927,43868.20402014123
2023-08-09 17:16:14+00:00,39.65028179138866,-75.37921682088285,-1192.1623403609758,40.02537961401323,-75.23048557079599,-8.418503871187568,2.52173331595299e-05,2.383084339145288e-05,56344.83568735653,5000.0,43844.783432058495,1173.7796524593582,43860.492392090615
2023-08-09 17:16:15+00:00,39.65023014852764,-75.37897306726832,-1192.268680184328,40.02523876324789,-75.23026052348334,-8.479088840365876,2.5230856423047308e-05,2.3829944048491305e-05,56410.97516089144,5000.0,43836.70586302439,1174.017636184402,43852.42408728837
2023-08-09 17:16:16+00:00,39.65017911715466,-75.37872362223402,-1192.3786428841918,40.02507316242664,-75.23003213861608,-8.552926864707842,2.522493714576944e-05,2.3873714343398486e-05,56447.91309992982,5000.0,43828.47912933073,1174.303918381402,43844.207969615614
2023-08-09 17:16:17+00:00,39.65013092063877,-75.37847442292967,-1192.5427718493547,40.02491032657302,-75.22979860567717,-8.63592831697315,2.525110724458605e-05,2.3860936627686876e-05,56538.47415267556,5000.0,43819.82986309956,1174.168786874071,43835.5581870593
2023-08-09 17:16:18+00:00,39.65008518395752,-75.37821861369618,-1192.3941520732783,40.02469451485673,-75.22956386253078,-8.625704280275386,2.525144851436236e-05,2.386553678263383e-05,56639.65526886942,5000.0,43810.65954748398,1173.848516732466,43826.382583163126
2023-08-09 17:16:19+00:00,39.65003915884783,-75.37795998384857,-1192.4713292930126,40.02430258668768,-75.22933235521988,-8.457290952967014,2.5248137935863225e-05,2.3861400428867345e-05,56678.7254079621,5000.0,43801.388140922856,1173.820795591894,43817.11376085765
2023-08-09 17:16:20+00:00,39.64999113666617,-75.37769815300948,-1192.5029241298275,40.02390829917685,-75.22909337530515,-8.258353236014955,2.5233001986251672e-05,2.3871594785813127e-05,56729.8184419969,5000.0,43792.01114239503,1173.9534289193937,43807.74368246922
2023-08-09 17:16:21+00:00,39.64994381152698,-75.37743384112528,-1192.32537985336,40.02363476039757,-75.22884577344387,-8.054403477581218,2.522524885392649e-05,2.3855627738834835e-05,56730.17151329108,5000.0,43782.00067324066,1174.1376723928993,43797.74174801
2023-08-09 17:16:22+00:00,39.64989504470944,-75.37716974388499,-1192.039404907187,40.02327499277287,-75.22860102597133,-7.68797261477448,2.5196763143350583e-05,2.3850095670048832e-05,56693.47470960425,5000.0,43772.0871409656,1174.094292364959,43787.83061632136
2023-08-09 17:16:23+00:00,39.64984414765062,-75.37690368489945,-1191.7247861576905,40.02282913429057,-75.22835880855361,-7.181654346495634,2.522454487379741e-05,2.3855896725771347e-05,56721.77379122886,5000.0,43762.15328163594,1173.957304860154,43777.89665572152
2023-08-09 17:16:24+00:00,39.64979498978316,-75.37663731432018,-1191.5047470158393,40.022410568842325,-75.22811572110386,-6.683602699951734,2.523913673000991e-05,2.388718340656674e-05,56807.9435126488,5000.0,43751.69784030519,1174.039006138277,43767.44716678481
2023-08-09 17:16:25+00:00,39.64974525071018,-75.37636983327477,-1191.2819692691842,40.02203780243048,-75.22787252359736,-6.244483805639902,2.5242533060802964e-05,2.391430055614847e-05,56817.46553225095,5000.0,43741.173813827,1174.2693856754024,43756.93311009764
2023-08-09 17:16:26+00:00,39.64969546407376,-75.37610046093181,-1191.0473405520363,40.021700311711214,-75.22762944240083,-5.833143347728765,2.524926325699247e-05,2.39022924563969e-05,56842.31745539614,5000.0,43730.65740694884,1174.524800781768,43746.42734843134
2023-08-09 17:16:27+00:00,39.64964856228028,-75.37583106846006,-1190.6842518175458,40.02149311735578,-75.2273820506479,-5.470717079035239,2.527210155950144e-05,2.39061153138672e-05,56866.53277775729,5000.0,43719.68319471832,1174.750947632129,43735.46316703983
2023-08-09 17:16:28+00:00,39.6496019803848,-75.37556402782316,-1190.506780654383,40.02130508976014,-75.22713162524711,-5.098630484368186,2.5283957141893583e-05,2.393125585429717e-05,56916.90694034527,5000.0,43708.503441591885,1174.9159734636946,43724.291882754944
2023-08-09 17:16:29+00:00,39.649556713734725,-75.37529657739901,-1190.168226167505,40.0211068100022,-75.22688395710165,-4.7144116089330055,2.531644597696725e-05,2.395279527608633e-05,56916.66667761749,5000.0,43697.386244825415,1174.776050104978,43713.17494071276
2023-08-09 17:16:30+00:00,39.6495154632715,-75.37503730441261,-1189.870736542494,40.02084669272806,-75.22664503721788,-4.299967141472735,2.535190900617489e-05,2.3971729110772664e-05,56987.522695812826,5000.0,43686.11059031299,1174.7180371341592,43701.901800446
2023-08-09 17:16:31+00:00,39.64947660382034,-75.37478161538046,-1189.8027960535956,40.02079975873133,-75.22640088338483,-4.072059046447976,2.5353137120907805e-05,2.397866746726492e-05,56971.74788733004,5000.0,43674.57334848377,1174.7594749701495,43690.369842748194
2023-08-09 17:16:32+00:00,39.64943998320615,-75.37453181041161,-1189.758792549027,40.020582404969765,-75.22615914704855,-3.8973121180169983,2.5353781234171317e-05,2.4002878571609973e-05,56980.23463209047,5000.0,43663.56124753671,1174.9059860029656,43679.36566496056
2023-08-09 17:16:33+00:00,39.649392375032704,-75.37427758157762,-1189.7444151007314,40.02009052087588,-75.2254726780189,-3.738902738929028,2.5369339221687917e-05,2.4011299152187303e-05,57011.13441617207,5000.0,43652.98802510027,1174.80481717519,43668.79354731483
2023-08-09 17:16:34+00:00,39.64934115700176,-75.37402570344071,-1189.89650819912,40.0194422377897,-75.22516723549438,-3.642503142284113,2.5395430681741704e-05,2.4019535824266384e-05,57004.29295331988,5000.0,43643.31251325068,1175.0103314246642,43659.12706878389
2023-08-09 17:16:35+00:00,39.64928588934593,-75.37377712263537,-1190.2378035755116,40.01878783696512,-75.22482585568608,-3.763930964632891,2.5416668365932757e-05,2.4028853195925037e-05,57022.99579043871,5000.0,43634.69544264412,1175.475353474789,43650.52564035093
2023-08-09 17:16:36+00:00,39.649219634223726,-75.37353190775718,-1190.7267656752997,40.01787665162686,-75.22440696882207,-4.011424572090618,2.5424905823396657e-05,2.4028105338794237e-05,57055.27703236239,5000.0,43626.742761743335,1176.0305753412017,43642.590802030325
2023-08-09 17:16:37+00:00,39.64914430881754,-75.37328807066703,-1191.4027115241188,40.01699519641284,-75.22397434737478,-4.393558489362476,2.5439629075572512e-05,2.4040959513128653e-05,57157.15640317187,5000.0,43620.57072481943,1176.1536625713254,43636.42432414638
2023-08-09 17:16:38+00:00,39.64905947597144,-75.3730457040395,-1192.0786058799908,40.015977355652986,-75.22348702896888,-4.81139727064874,2.5456040922666407e-05,2.404103901917273e-05,57197.07483668235,5000.0,43616.70557948729,1175.965457408388,43632.55551036055
2023-08-09 17:16:39+00:00,39.64897291879575,-75.37281855264918,-1192.7520820862633,40.01558350420038,-75.2231769448839,-5.388370056753047,2.546821779444808e-05,2.4046623382967157e-05,57244.89479296653,5000.0,43613.6719288571,1175.565721052217,43629.512189371206
2023-08-09 17:16:40+00:00,39.64889234528833,-75.37261383772554,-1193.505444415718,40.01552410335751,-75.22298853813439,-6.1192949611577205,2.547974257053813e-05,2.408242465686384e-05,57256.38844443092,5000.0,43611.90013639246,1174.4259283458048,43627.71034294419
2023-08-09 17:16:41+00:00,39.64882178123652,-75.37243309644086,-1194.2843504650932,40.01539029664163,-75.22279425251966,-6.8886611947382335,2.5493815091925244e-05,2.40973850984859e-05,57266.50827021642,5000.0,43610.93847623504,1173.8031029342883,43626.73226935999
2023-08-09 17:16:42+00:00,39.64876681990231,-75.3722861522796,-1194.980127256193,40.01563754498726,-75.22280057327944,-7.779480085999239,2.5499292636145098e-05,2.4136676922080876e-05,57280.596900860975,5000.0,43609.96829678831,1173.7777624555058,43625.761759337984
2023-08-09 17:16:43+00:00,39.64873190159331,-75.37217105122886,-1195.5631480034306,40.0156712129757,-75.22273997869593,-8.504780065035447,2.550908562382268e-05,2.4133387821571817e-05,57296.69680718059,5000.0,43608.641101152505,1173.8613167652725,43624.43729241817
2023-08-09 17:16:44+00:00,39.64872471629532,-75.3720984345991,-1196.1556687349655,40.01628419514796,-75.22312376745894,-9.518204245192464,2.553332586325976e-05,2.4157608012677497e-05,57338.03305421217,5000.0,43606.169430400085,1173.9642034370884,43621.96928548401
2023-08-09 17:16:45+00:00,39.64866924492076,-75.37199166594249,-1197.6928008699622,40.024768435062605,-75.2288284215784,-16.086471125599928,2.555505529443464e-05,2.416943095770939e-05,57398.57250191965,5000.0,43608.50152564392,1175.2602374301869,43624.33543262031
2023-08-09 17:16:46+00:00,39.64861775065919,-75.37188452442672,-1198.7637646724484,40.0247070185969,-75.22870029258233,-15.34980878524948,2.5569245796763028e-05,2.419425595261057e-05,57424.24178039256,5000.0,43611.14249127795,1175.9040946514947,43626.99278926256
2023-08-09 17:16:47+00:00,39.648564240013286,-75.37176369784676,-1199.4762371841275,40.02464171554344,-75.22855255097153,-14.26475598104298,2.557913294809452e-05,2.420333970071761e-05,57485.31095580425,5000.0,43614.054240833706,1175.9896465648603,43629.90578687069
2023-08-09 17:16:48+00:00,39.64850656985823,-75.37162904334673,-1199.873536415601,40.02456445340572,-75.22837973434558,-12.87981881084852,2.5613768402492128e-05,2.4228687430355172e-05,57578.62796596953,5000.0,43617.24996951316,1176.0605685529204,43633.10226609954
2023-08-09 17:16:49+00:00,39.648445089973805,-75.3714839464331,-1199.9373657654787,40.02447966863837,-75.22819994662444,-11.786590429022908,2.561870598586275e-05,2.4235289608608925e-05,57518.48926018486,5000.0,43620.69804584643,1175.591619143845,43636.53645354901
2023-08-09 17:16:50+00:00,39.64837813380849,-75.3713289181607,-1199.9046197385014,40.02438929661454,-75.22801816704273,-10.941685938450972,2.562630559315057e-05,2.426859241129289e-05,57582.3579168509,5000.0,43624.52233259721,1175.0627993044209,43640.34511011092
2023-08-09 17:16:51+00:00,39.64831018637786,-75.37116544961764,-1199.8203084195472,40.024296702403,-75.2278376110087,-10.321632512786891,2.561545732629235e-05,2.425435039931128e-05,57584.86196009354,5000.0,43627.65470390735,1174.6718174172695,43643.46582069306
2023-08-09 17:16:52+00:00,39.6482438515457,-75.37099890060512,-1199.7572455298528,40.024203642326206,-75.22765825809515,-9.853115938429257,2.5594472636277852e-05,2.4270628872454223e-05,57603.29147336397,5000.0,43630.772455079896,1174.5277064784298,43646.57856419268
2023-08-09 17:16:53+00:00,39.64817321722955,-75.37083117682022,-1199.6619853755992,40.02411381829332,-75.22748102877678,-9.51147515437333,2.5605121585559776e-05,2.430201107449832e-05,57621.85212015693,5000.0,43634.328688963615,1174.3634206166505,43650.12909007481
2023-08-09 17:16:54+00:00,39.64810111098025,-75.37065797539333,-1199.5349569524517,40.02402756464344,-75.22730461571273,-9.242636987066362,2.562760255529237e-05,2.430044607042442e-05,57618.41020302623,5000.0,43637.94716087372,1174.2073376436683,43653.74205365426
2023-08-09 17:16:55+00:00,39.64802836188825,-75.37048491196848,-1199.2695502186198,40.023948837791984,-75.2271292882085,-9.038409326924013,2.566460288408383e-05,2.433102480114741e-05,57628.13343008018,5000.0,43641.64640050528,1173.9602041238495,43657.43330874597
2023-08-09 17:16:56+00:00,39.64795206367566,-75.37030562074091,-1199.0980473966688,40.02387732757901,-75.22695379520228,-8.867168514581863,2.566263122354573e-05,2.4343900375606097e-05,57698.513095776456,5000.0,43645.58355353549,1173.8251333751168,43661.36540664288
2023-08-09 17:16:57+00:00,39.6478779701377,-75.37012343772273,-1198.976334829606,40.02381169477216,-75.22677697943053,-8.7090657678782,2.5674005148968232e-05,2.4337120902684742e-05,57767.4860342068,5000.0,43649.225723629366,1173.7559283333132,43665.00439999572
2023-08-09 17:16:58+00:00,39.647805036961046,-75.36993802095243,-1198.8922325126698,40.02375897800143,-75.22659944828983,-8.577816233912017,2.570309269549234e-05,2.4339991794139026e-05,57770.241406873065,5000.0,43652.6735988269,1173.7355119783083,43668.45048061355
2023-08-09 17:16:59+00:00,39.64773376208579,-75.36975323140013,-1198.7084509629608,40.02372188678921,-75.22642053935525,-8.470889917865861,2.571095076407072e-05,2.4332909046394817e-05,57779.853514044415,5000.0,43655.96725971546,1173.624872049656,43671.73997817859
2023-08-09 17:17:00+00:00,39.6476600371023,-75.36956467378891,-1198.512315983167,40.02370522215317,-75.22623974194673,-8.390003382402938,2.572111642889804e-05,2.434792717409636e-05,57827.18174525755,5000.0,43659.43913741128,1173.5046888906086,43675.20737269793
2023-08-09 17:17:01+00:00,39.64758499351878,-75.36937453276809,-1198.3595916475228,40.02370405905333,-75.22605566159513,-8.32611602137331,2.572498667797216e-05,2.4329800032167024e-05,57908.41091751456,5000.0,43663.02263866422,1173.431892349038,43678.78762454935
2023-08-09 17:17:02+00:00,39.647510532264285,-75.36918024750554,-1198.1998528457536,40.0237200045685,-75.22586752831998,-8.282716443412937,2.5723840390877308e-05,2.435528615246601e-05,57945.719891299625,5000.0,43666.45191546261,1173.3578152933594,43682.21367385264
2023-08-09 17:17:03+00:00,39.64743649987413,-75.36898288164636,-1197.955304842871,40.02374224207863,-75.2256745462942,-8.244492940895725,2.5731124391782968e-05,2.4373158951238377e-05,57999.29387076002,5000.0,43669.773694225165,1173.2009364033624,43685.53004075855
2023-08-09 17:17:04+00:00,39.64736154467021,-75.36878444385388,-1197.7005029570914,40.02377121493733,-75.22547636950603,-8.215001744334586,2.576436222991542e-05,2.435562698041343e-05,58024.30374276978,5000.0,43673.17791947861,1173.0378530242294,43688.9286592274
2023-08-09 17:17:05+00:00,39.64728810746753,-75.3685808153659,-1197.573154353141,40.02382320591708,-75.22527187320873,-8.214624985994305,2.5783739897093586e-05,2.436445990646945e-05,58043.19993693505,5000.0,43676.306188699,1173.0034629004797,43692.05487743697
2023-08-09 17:17:06+00:00,39.64721114672082,-75.36837273051262,-1197.5158968765695,40.02389860897103,-75.2250600202007,-8.244773258920759,2.578938752211676e-05,2.437439530821157e-05,58045.00720492272,5000.0,43679.7171781179,1173.0403394793716,43695.46562743569
2023-08-09 17:17:07+00:00,39.64713507058045,-75.36816070158645,-1197.450409077936,40.02397790486595,-75.22484117733784,-8.28744678379735,2.579582466435941e-05,2.4378733454012487e-05,58059.05392668975,5000.0,43682.95021009512,1173.0708562029688,43698.69831346607
2023-08-09 17:17:08+00:00,39.647058840733386,-75.36794449653803,-1197.4669327159909,40.024079240877526,-75.22461352576543,-8.357490500959102,2.583521586458137e-05,2.438644097690004e-05,58058.94332383303,5000.0,43686.1130597749,1173.1851865473834,43701.86309247432
2023-08-09 17:17:09+00:00,39.646981658918975,-75.36772195564959,-1197.4210601261702,40.02418601573572,-75.22437777168102,-8.445241068548057,2.58543025870792e-05,2.438783183206229e-05,58051.596926265534,5000.0,43689.24040785835,1173.2372823032654,43704.99071200255
2023-08-09 17:17:10+00:00,39.64690633158733,-75.36749555432547,-1197.400311097024,40.02427534159502,-75.22413607411472,-8.539509928552434,2.586951007088414e-05,2.4409777633049303e-05,58112.6122620029,5000.0,43692.09266282388,1173.3170663549454,43707.84408083963
2023-08-09 17:17:11+00:00,39.646824882010485,-75.36726572584237,-1197.498270081933,40.02435999983878,-75.22388729456274,-8.6515525947907,2.5896973940765528e-05,2.4409756836120843e-05,58158.53848354856,5000.0,43695.5300238447,1173.5163049285002,43711.28555170446
2023-08-09 17:17:12+00:00,39.64674793651116,-75.36702820392827,-1197.4925195007604,40.024414749324485,-75.22363512576284,-8.761536095582414,2.5926859807030544e-05,2.4419255961207973e-05,58139.32644851254,5000.0,43698.31770735639,1173.612196072564,43714.07480480202
2023-08-09 17:17:13+00:00,39.64666823806121,-75.36678647397353,-1197.5721251356304,40.02441824258438,-75.22338413256924,-8.850923964055255,2.595849308140318e-05,2.443095117532606e-05,58226.98568359106,5000.0,43701.31493485291,1173.794356945412,43717.07584259948
2023-08-09 17:17:14+00:00,39.64658790692341,-75.36654154029702,-1197.5935008277438,40.024410875034754,-75.2231292161023,-8.948856387520209,2.5966315120788176e-05,2.446777840439124e-05,58241.55440476775,5000.0,43704.31727864211,1173.9194029587886,43720.08046146369
2023-08-09 17:17:15+00:00,39.64650854448894,-75.36628959238547,-1197.659967235965,40.02439297496989,-75.22287071236863,-9.055627824680414,2.599445587765248e-05,2.4481270336086743e-05,58232.494022030034,5000.0,43707.068847726,1174.088425146834,43722.83557696051
2023-08-09 17:17:16+00:00,39.646428465568086,-75.36603572479609,-1197.7826251497047,40.02432491111762,-75.22261716118913,-9.13974502653582,2.60268819544971e-05,2.449324672444933e-05,58275.490996780645,5000.0,43709.86530953855,1174.313635814291,43725.63707818631
2023-08-09 17:17:17+00:00,39.646349584716575,-75.3657795781747,-1197.8584367149897,40.02423286635612,-75.22236514413416,-9.217612568987532,2.602503048234889e-05,2.4507378596510537e-05,58297.18079571999,5000.0,43712.49385494398,1174.4934485768688,43728.269504741045
2023-08-09 17:17:18+00:00,39.64627279643722,-75.36551876180437,-1198.028007354155,40.02413657773928,-75.22211113104977,-9.302273291687015,2.604080423648656e-05,2.4516893079061483e-05,58303.36074745949,5000.0,43714.804251511,1174.767800935267,43730.5864371156
2023-08-09 17:17:19+00:00,39.64619450602062,-75.36525314354655,-1198.2672548842231,40.0239994334688,-75.22186433502074,-9.36518129525939,2.607257576150183e-05,2.4527745814266083e-05,58343.10046921268,5000.0,43717.18029274259,1175.110329139134,43732.97082332517
2023-08-09 17:17:20+00:00,39.64611890734067,-75.36498629505424,-1198.3007196493836,40.023855560728286,-75.22161791501898,-9.428239885775838,2.6077083479434395e-05,2.454880433901523e-05,58421.09755602422,5000.0,43719.25307446392,1175.2468857628407,43735.046526001526
2023-08-09 17:17:21+00:00,39.646009320787,-75.36471703202119,-1198.3703037449582,40.02312411329379,-75.2213906878321,-9.534366335486991,2.6084000186268e-05,2.45333492624592e-05,58382.84326246613,5000.0,43724.9306251213,1175.4220356707526,43740.72673303006
2023-08-09 17:17:22+00:00,39.64590190032634,-75.36444812628258,-1198.4316144495706,40.02287949046888,-75.22116220416389,-9.561402975348756,2.6070585176390582e-05,2.4558421157957912e-05,58386.84831916008,5000.0,43730.39892579911,1175.5877003774497,43746.19751076442
2023-08-09 17:17:23+00:00,39.64579306996134,-75.36418059518691,-1198.621143548001,40.02264329032108,-75.22093262826573,-9.595405456377192,2.606345242306308e-05,2.457281599634125e-05,58380.36882637989,5000.0,43736.06386272117,1175.8774953841073,43751.86818969192
2023-08-09 17:17:24+00:00,39.645685052209046,-75.36391417328308,-1198.9239924904514,40.02238461629126,-75.22071113320172,-9.606855709396768,2.6060803317966124e-05,2.4590654832961893e-05,58367.93240527959,5000.0,43741.68097719151,1176.2850923662213,43757.494230462056
2023-08-09 17:17:25+00:00,39.64558187601844,-75.36364625048448,-1199.0656018089671,40.02212705971274,-75.2204913369305,-9.612371094466653,2.6064805045529775e-05,2.461385887980046e-05,58338.467472019256,5000.0,43746.75881866784,1176.5314527695975,43762.576859664565
2023-08-09 17:17:26+00:00,39.64547933389642,-75.36337766217589,-1199.179556729362,40.02187704348131,-75.22027152106583,-9.61339127633255,2.605534841687761e-05,2.4619228507279e-05,58374.590933033134,5000.0,43751.76787923183,1176.7462976845163,43767.58988575104
2023-08-09 17:17:27+00:00,39.64537866570109,-75.36311184411107,-1199.416456059237,40.0216451119933,-75.22004764894258,-9.61928743578028,2.606445444513623e-05,2.4632886985925006e-05,58400.40027534138,5000.0,43756.65123739866,1177.0802499662418,43772.48045777395
2023-08-09 17:17:28+00:00,39.64528075947253,-75.36284314300399,-1199.4963417629306,40.02141534974904,-75.21982433335634,-9.61430817330256,2.6082727803228744e-05,2.465129780688443e-05,58398.75609853806,5000.0,43761.188593352505,1177.258689223746,43777.02097133059
2023-08-09 17:17:29+00:00,39.64518586054166,-75.36257782391903,-1199.7132161967577,40.02119349533304,-75.21959913596629,-9.607303315307943,2.6092303065903645e-05,2.4673770676076337e-05,58408.027318617904,5000.0,43765.492379450334,1177.5755007108394,43781.33172112972
2023-08-09 17:17:30+00:00,39.64509488565543,-75.36230917318008,-1199.8251813201482,40.02099120017091,-75.21936800051382,-9.615462422487326,2.6128800882068767e-05,2.4720906892356432e-05,58422.49062915853,5000.0,43769.31487333076,1177.7876688635963,43785.1585388668
2023-08-09 17:17:31+00:00,39.64500301245354,-75.36204246479615,-1199.9302641027195,40.020808987866026,-75.21912985477931,-9.641672676836606,2.614924293809156e-05,2.4713358255621843e-05,58434.49522588657,5000.0,43773.29178560202,1177.9896009432473,43789.13944401492
2023-08-09 17:17:32+00:00,39.64491532181477,-75.36177078516693,-1199.9745105416137,40.02062823548073,-75.2188883393903,-9.679712782613931,2.615087651906091e-05,2.4732626963552e-05,58462.64574092258,5000.0,43776.72343557469,1178.126771987911,43792.57354216202
2023-08-09 17:17:33+00:00,39.64483130979974,-75.36149553847576,-1200.1102880724168,40.02038916135075,-75.2186562296854,-9.6976983716595,2.617760988050832e-05,2.473674506968656e-05,58452.83301562129,5000.0,43780.26118538325,1179.0056667195568,43796.13366294486
2023-08-09 17:17:34+00:00,39.644752691443045,-75.36121657148469,-1200.3289451782884,40.02009935939247,-75.21843732637468,-9.69302278687246,2.6190616741735063e-05,2.4747180307461533e-05,58487.46205936221,5000.0,43782.86830841685,1179.5349150747777,43798.75409104753
2023-08-09 17:17:35+00:00,39.6446749158374,-75.3609332194082,-1200.8060670529803,40.019872950752735,-75.21820978277462,-9.75906353915343,2.6199361972658466e-05,2.476854208556822e-05,58515.509015387484,5000.0,43785.06762497831,1180.2656311180283,43800.97229381925
2023-08-09 17:17:36+00:00,39.64460256569562,-75.36063821669056,-1201.165906568776,40.01968595827426,-75.21797851141874,-9.88355545635568,2.6207739332933516e-05,2.478350899320216e-05,58596.95204291707,5000.0,43786.198282721445,1180.6862303177325,43802.11387625328
2023-08-09 17:17:37+00:00,39.64453658454775,-75.36033705704412,-1201.4811160110175,40.01942049928694,-75.21784195349233,-9.844765195739456,2.6219927367350837e-05,2.4763842312312523e-05,58616.323326195234,5000.0,43786.16531727726,1180.933410397386,43802.087586229565
2023-08-09 17:17:38+00:00,39.64447811049183,-75.36003914599723,-1201.5894449208026,40.01927464740072,-75.21772066260617,-9.79419102508109,2.6248152568042415e-05,2.47597291885689e-05,58620.27789901637,5000.0,43785.66651961792,1181.0196882554644,43801.59129610746
2023-08-09 17:17:39+00:00,39.64441898693312,-75.35973858994944,-1201.8536990713435,40.01922298054647,-75.2174794010981,-9.896456364775077,2.625035371583275e-05,2.476697891003277e-05,58720.16065423011,5000.0,43784.58130565498,1181.2399340566487,43800.51241587616
2023-08-09 17:17:40+00:00,39.64436578600932,-75.35944041944663,-1201.7441426942733,40.01918451966954,-75.21727581443659,-9.823378947679885,2.625731162062301e-05,2.478061625088439e-05,58697.15389101872,5000.0,43782.48161397615,1181.0625117178813,43798.40870322511
2023-08-09 17:17:41+00:00,39.644302725728025,-75.35915376328894,-1201.5737276428454,40.01915364145319,-75.21720081992666,-9.444415919075254,2.6266698389255788e-05,2.47961518382882e-05,58713.24855728678,5000.0,43781.66402304329,1180.8606370378511,43797.58596624646
2023-08-09 17:17:42+00:00,39.64422131354976,-75.35889077727211,-1201.4459231365695,40.01908621522142,-75.21703953591503,-9.216412042442244,2.628943895988012e-05,2.4818671284769628e-05,58746.2436175753,5000.0,43783.13998099959,1180.8796537338196,43799.06190036959
2023-08-09 17:17:43+00:00,39.64412427595424,-75.35866021063117,-1201.5168253545637,40.01907177381528,-75.21686680850176,-8.963644163159188,2.6292210399438935e-05,2.48292270420374e-05,58782.13145715402,5000.0,43788.20537130219,1181.297705188936,43804.13672140592
2023-08-09 17:17:44+00:00,39.6440391317069,-75.35844850227187,-1201.3595932701082,40.01938378952144,-75.21657607522984,-8.44771459029289,2.627605602649141e-05,2.484346647429693e-05,58832.29397897056,5000.0,43794.8271514236,1181.209120935799,43810.753705117335
2023-08-09 17:17:45+00:00,39.64403212319423,-75.35818788781103,-1201.7993885982623,40.02462027594483,-75.22816421903215,-15.874837130540982,2.6292720841423083e-05,2.4857037274417368e-05,58889.19880562082,5000.0,43795.05665654092,1181.7914655748716,43810.99883154611
2023-08-09 17:17:46+00:00,39.64402929193726,-75.35792770968904,-1202.0525193557874,40.02461543511495,-75.22790547684218,-14.31936092930846,2.630417489171346e-05,2.485438242760677e-05,58911.83869209477,5000.0,43797.25921280376,1181.7818680992273,43813.20032749596
2023-08-09 17:17:47+00:00,39.64402662055468,-75.35766896720955,-1202.230315057304,40.02462201475824,-75.22763919868238,-12.74433839379344,2.6306876899463177e-05,2.483432687407997e-05,58912.57798321128,5000.0,43800.253200365565,1181.8531146707749,43816.19514746563
2023-08-09 17:17:48+00:00,39.64403546842652,-75.35739626326014,-1202.290543517758,40.024639520244605,-75.22735816749741,-11.252013290592004,2.630112190703145e-05,2.483512266953353e-05,58923.2127149979,5000.0,43803.52125300976,1182.9725756495104,43819.49221839086
2023-08-09 17:17:49+00:00,39.64405396989955,-75.3571077608654,-1202.3330509348366,40.02466167604592,-75.22706311533146,-10.108727351413108,2.63306242053025e-05,2.486061263605268e-05,58919.104056789176,5000.0,43804.374781159335,1183.5184947765142,43820.36017647215
2023-08-09 17:17:50+00:00,39.6440772470528,-75.3568112060427,-1202.1384135920034,40.02468592042436,-75.226754861357,-9.010165958898142,2.6350740558870263e-05,2.485782821543035e-05,58938.62202248058,5000.0,43805.56674466541,1183.500616923085,43821.55122233344
2023-08-09 17:17:51+00:00,39.64411576144795,-75.3565061325343,-1201.8120545902514,40.02471229110773,-75.22644136050992,-8.169096197001636,2.635419725174818e-05,2.4846761276493903e-05,59009.95802864593,5000.0,43805.59000481853,1183.2122150980742,43821.56668600763
2023-08-09 17:17:52+00:00,39.64415965773466,-75.35619342102108,-1201.5436347526502,40.02474542757206,-75.22612390095458,-7.609783804131439,2.6364345544636592e-05,2.4850751917440578e-05,59058.22946023932,5000.0,43805.226038042776,1183.104356901349,43821.19993979329
2023-08-09 17:17:53+00:00,39.64421628013072,-75.35587150866657,-1201.2982975974303,40.02477600750958,-75.22579517725669,-6.980633328843396,2.6381773219981024e-05,2.487418554076503e-05,59101.98858584223,5000.0,43803.19570070631,1183.0631483522266,43819.16922999984
2023-08-09 17:17:54+00:00,39.64428363631653,-75.35554411599063,-1201.1902003944551,40.02482853939328,-75.22546525585777,-6.683055000845343,2.6380733228706566e-05,2.489374476215204e-05,59104.26821313378,5000.0,43799.521034993566,1183.0160301928388,43815.49463172288
2023-08-09 17:17:55+00:00,39.64436398021073,-75.35520894255001,-1201.092972984062,40.02488280216965,-75.22512810823211,-6.4516982920176815,2.6406952131394792e-05,2.489129795234916e-05,59139.34283229542,5000.0,43794.06946977313,1183.407708028319,43810.05563254555
2023-08-09 17:17:56+00:00,39.64445955115592,-75.35486662875044,-1201.1312187255512,40.02495339607673,-75.22478554406301,-6.3550616646243725,2.6407167139812275e-05,2.4902501941851367e-05,59163.47848699901,5000.0,43786.2069218858,1183.6353963767112,43802.20210626123
2023-08-09 17:17:57+00:00,39.644564165531946,-75.35451427156976,-1201.319808924408,40.02501821262929,-75.22443493574532,-6.3117086503480095,2.640695161769309e-05,2.487538237460748e-05,59128.22603831768,5000.0,43776.6801660094,1183.9165071516584,43792.68642882036
2023-08-09 17:17:58+00:00,39.64468154742648,-75.35415296651914,-1201.4621988249764,40.025063866174,-75.22407563544496,-6.336735968943685,2.6424578864532303e-05,2.488934223431486e-05,59158.51811795784,5000.0,43765.12607002608,1184.3188055483197,43781.14743766376
2023-08-09 17:17:59+00:00,39.64482063350476,-75.35378198968954,-1201.818955308961,40.02518303554936,-75.2237053657374,-6.649757995590335,2.644730873261116e-05,2.4911911787191416e-05,59134.34222554298,5000.0,43750.67098472775,1184.9873939008764,43766.71574081842
2023-08-09 17:18:00+00:00,39.64498053446136,-75.3534020196357,-1202.378367754547,40.02541200821975,-75.22331854541092,-7.29335209770943,2.644792550617362e-05,2.491905393177049e-05,59127.92424956527,5000.0,43733.18443514023,1185.5501796795854,43749.25085148922
2023-08-09 17:18:01+00:00,39.64514684059935,-75.35301097219492,-1203.0569507292312,40.02548569059464,-75.22293540448202,-7.743736912671011,2.6475437726218936e-05,2.4959048729573768e-05,59098.83714837815,5000.0,43713.13765447222,1186.2777422177203,43729.231167269776
2023-08-09 17:18:02+00:00,39.64532396304608,-75.35261646190209,-1203.6481793936,40.0253991507555,-75.22256257512103,-7.898165231687017,2.649296702987176e-05,2.4960115021167173e-05,59163.51665548484,5000.0,43690.24023461405,1186.8067210884526,43706.35653942695
2023-08-09 17:18:03+00:00,39.6455122551372,-75.35221583293904,-1204.3784778716772,40.0253857407146,-75.22217859334181,-8.186651910305955,2.651073520864348e-05,2.494377714928316e-05,59189.2405579449,5000.0,43665.45398002308,1187.5919617625902,43681.60077136776
2023-08-09 17:18:04+00:00,39.645704675149446,-75.35181002124628,-1205.186226776523,40.02536826128334,-75.22178716147037,-8.457341225352138,2.651849367184594e-05,2.4935522637239545e-05,59226.507227419,5000.0,43639.17911270661,1188.413608041932,43655.3579819782
2023-08-09 17:18:05+00:00,39.64589691015655,-75.35139937148904,-1205.9091700053268,40.02523867320145,-75.22139942900682,-8.382253091898747,2.652551754097319e-05,2.4936653733440706e-05,59283.04592830499,5000.0,43611.56811715704,1189.162637824352,43627.77763554575
2023-08-09 17:18:06+00:00,39.64608401421092,-75.35098566457063,-1206.5505169573992,40.02513479233576,-75.22100292285178,-8.248444636643399,2.652985324032608e-05,2.4941082791771716e-05,59313.48776631076,5000.0,43583.48615373859,1189.9919382070666,43599.72873913462
2023-08-09 17:18:07+00:00,39.64626290601623,-75.35056594943404,-1206.8623193621331,40.025013516665794,-75.22060010802653,-7.941846541303676,2.653426423787102e-05,2.496615568205195e-05,59355.5451428494,5000.0,43555.339357585166,1190.23149014996,43571.59897863001
2023-08-09 17:18:08+00:00,39.64643596606484,-75.35014197089563,-1207.079385103434,40.02492004554368,-75.22018864207301,-7.622695642116014,2.6545600925176997e-05,2.496660262119532e-05,59415.32072209897,5000.0,43527.22070608911,1190.365743621412,43543.49449688415
2023-08-09 17:18:09+00:00,39.64660082363356,-75.34971429652487,-1207.4086329880229,40.02487159743275,-75.21976976563104,-7.384801248612348,2.6560246639060612e-05,2.497729760114629e-05,59415.129972564566,5000.0,43500.09613672857,1190.505471637876,43516.38389368569
2023-08-09 17:18:10+00:00,39.64676551904135,-75.34928158342791,-1207.6295073172578,40.02483776227476,-75.21934660781439,-7.174744477757486,2.659593753704637e-05,2.5009043927162808e-05,59421.45375204132,5000.0,43473.23009290552,1190.5214144545755,43489.52834820103
2023-08-09 17:18:11+00:00,39.64692526625343,-75.34884688848291,-1207.7741802834464,40.0248260028768,-75.21891959342548,-7.025109561160207,2.662154189509734e-05,2.5003546509603364e-05,59384.22039442304,5000.0,43447.8564210949,1190.8296280080235,43464.17263437806
2023-08-09 17:18:12+00:00,39.64708449595146,-75.34840632938494,-1207.884070551252,40.024823061776665,-75.21849039207535,-6.911382908816449,2.662114272474763e-05,2.5017932588396584e-05,59412.853363617774,5000.0,43421.85091696546,1190.856737992411,43438.1776416276
2023-08-09 17:18:13+00:00,39.64724193866766,-75.34795925738007,-1208.041679395048,40.024823462816826,-75.21806007598367,-6.81677235045936,2.6640434931267344e-05,2.50343446902033e-05,59440.1719219241,5000.0,43395.920810548894,1190.9587008326089,43412.260084249465
2023-08-09 17:18:14+00:00,39.64739835899691,-75.3475099040624,-1208.2654009570474,40.02480461705592,-75.2176331174569,-6.702268324850593,2.666632800266857e-05,2.5038118475497848e-05,59421.96094919252,5000.0,43369.977822957786,1191.1562711794966,43386.332290552295
2023-08-09 17:18:15+00:00,39.647551779973725,-75.34705834190282,-1208.436617533753,40.02480672105767,-75.21720280219897,-6.626759819308063,2.664874613656799e-05,2.5043618166687195e-05,59476.682295605366,5000.0,43344.31656867868,1191.322570633239,43360.68528371218
2023-08-09 17:18:16+00:00,39.64769693882042,-75.34660393881973,-1208.5646996896216,40.02480584789903,-75.2167726699521,-6.544139927398646,2.665261434694523e-05,2.5043189117928448e-05,59473.19702090845,5000.0,43319.51347876526,1191.463354136068,43335.89543278382
2023-08-09 17:18:17+00:00,39.64782097083244,-75.34615137078109,-1208.5773732419434,40.02464128219495,-75.21638506922315,-6.293488329596585,2.665723118459913e-05,2.50246520006937e-05,59407.41921164411,5000.0,43296.9711965898,1191.2103742904196,43313.35471830996
2023-08-09 17:18:18+00:00,39.64793136388551,-75.34570825300347,-1208.346413987645,40.02430804908811,-75.2160771149866,-5.841638396232156,2.6681801839236905e-05,2.5036298269984373e-05,59448.20355122528,5000.0,43277.00237368163,1190.885820758817,43293.38452338567
2023-08-09 17:18:19+00:00,39.64803017207035,-75.34526957537166,-1208.2310580108249,40.02416759415191,-75.21572631907217,-5.534212598984595,2.6691400286471503e-05,2.507485918278491e-05,59464.589927803456,5000.0,43260.37264169436,1190.697874551139,43276.75591500267
2023-08-09 17:18:20+00:00,39.64812424705365,-75.3448340810877,-1208.1018206705508,40.02406254289095,-75.21539048504064,-5.230658143962501,2.6706925409666985e-05,2.506626764702337e-05,59499.01594186015,5000.0,43245.90034726226,1190.4739803328498,43262.28293956744
2023-08-09 17:18:21+00:00,39.6482091975104,-75.34439587133237,-1208.0289316734943,40.02416312288763,-75.21494841080164,-5.137170447938843,2.6712219302073376e-05,2.5065345501132696e-05,59502.41157452617,5000.0,43233.9920801863,1190.3153779652212,43250.37481789761
2023-08-09 17:18:22+00:00,39.64829562291831,-75.34395656489963,-1208.1764672561317,40.02421559661634,-75.21453244335991,-5.173474185896339,2.6762527357582545e-05,2.5047361897665443e-05,59524.62596185654,5000.0,43223.08987440705,1190.4391851512842,43239.48015118374
2023-08-09 17:18:23+00:00,39.648372271395935,-75.34350904392889,-1208.6477755543171,40.02438349633152,-75.21400958912727,-5.566522479843115,2.675496140579728e-05,2.507066836258582e-05,59556.71950092896,5000.0,43213.88448791256,1190.6844732665006,43230.28501004276
2023-08-09 17:18:24+00:00,39.64844272536807,-75.3430649771373,-1209.1871625965823,40.02436829974425,-75.21365075156557,-5.917181396624073,2.6800988221520912e-05,2.507698974920895e-05,59576.87995935757,5000.0,43205.74990523283,1190.9321885083375,43222.160338779366
2023-08-09 17:18:25+00:00,39.64851353151983,-75.34262715616967,-1209.2716555759448,40.02433230097043,-75.21332463212742,-6.019494259555358,2.682924750215988e-05,2.5086125322333986e-05,59632.23381751152,5000.0,43198.167487843166,1190.5486985582777,43214.57023402395
2023-08-09 17:18:26+00:00,39.64858211782499,-75.34217976129733,-1209.4123428675402,40.02442613394583,-75.21284747271076,-6.082738729863195,2.683603215220616e-05,2.5104073893415813e-05,59660.96704313271,5000.0,43191.50855274973,1190.236559313074,43207.90522727731
2023-08-09 17:18:27+00:00,39.6486448085534,-75.34172027598294,-1209.3165731469082,40.024552474728,-75.21231932491477,-6.124536581803113,2.687433156973793e-05,2.508072647859612e-05,59730.49804808673,5000.0,43185.97044005957,1190.008421881358,43202.36293183334
2023-08-09 17:18:28+00:00,39.64870649194445,-75.3412529261507,-1209.061477965167,40.024585664136296,-75.2118800237726,-5.85143718283507,2.690307787891073e-05,2.509325064653942e-05,59778.90189305924,5000.0,43180.5225033527,1189.6574140841717,43196.90739422713
2023-08-09 17:18:29+00:00,39.64876808177962,-75.34077698492692,-1208.6782433345911,40.02464375993112,-75.21140234325385,-5.520388587086927,2.6921512748295878e-05,2.508951365110277e-05,59743.69181269416,5000.0,43175.45447853573,1189.725480608188,43191.84316682167
2023-08-09 17:18:30+00:00,39.64882547384181,-75.34029211868167,-1208.2128020596274,40.02474462299045,-75.21085327925417,-5.190624012000626,2.693715246046222e-05,2.5089065337227e-05,59794.04505814876,5000.0,43170.69839051164,1189.648687005484,43187.086768188216
2023-08-09 17:18:31+00:00,39.64888065282008,-75.33980785766074,-1207.788564034838,40.024761053339,-75.21042344299327,-4.620889177633217,2.6966802314363325e-05,2.5092674206571105e-05,59817.15475835656,5000.0,43166.1008029959,1189.728814034371,43182.49313304347
2023-08-09 17:18:32+00:00,39.64893602147168,-75.33931637377387,-1207.2488897219478,40.02482696608188,-75.20990953712554,-4.1789078630681615,2.6982800194148105e-05,2.5086830689343348e-05,59839.103018474256,5000.0,43161.35383328926,1189.5277748767571,43177.74242650485
2023-08-09 17:18:33+00:00,39.64899163774571,-75.33881871928294,-1205.6100896446917,40.024885247180606,-75.20940042664756,-3.133199434247217,2.697833163429733e-05,2.509518559738297e-05,59909.44008985053,5000.0,43156.34850894639,1188.4128575009945,43172.70829755197
2023-08-09 17:18:34+00:00,39.64905581438026,-75.33831207498343,-1204.2508791628247,40.02498922747257,-75.20880385523041,-1.7749066570831928,2.6995965180585383e-05,2.5104370896101743e-05,59927.73414101106,5000.0,43150.48864859715,1187.8298298292978,43166.834610813705
2023-08-09 17:18:35+00:00,39.64911904255778,-75.3377938281376,-1203.325611366854,40.02513436086324,-75.20816684295689,-0.8049831973548862,2.699004233822114e-05,2.512459943621372e-05,59942.28955413614,5000.0,43144.120398200095,1189.1326659995543,43160.50464755634
2023-08-09 17:18:36+00:00,39.64918067950934,-75.33727580752266,-1202.3368674289256,40.0251818524392,-75.20764233828974,0.2050326476037298,2.7008914061585397e-05,2.510422957141271e-05,59979.62315508103,5000.0,43136.99352000037,1190.026597762443,43153.40511764901
2023-08-09 17:18:37+00:00,39.64924235212421,-75.3367507409126,-1201.2534405656563,40.02534427141115,-75.20702863887259,1.0931095628693583,2.703117205542769e-05,2.5120585534390868e-05,59978.37493119152,5000.0,43129.50605456351,1190.084094049113,43145.92208612002
2023-08-09 17:18:38+00:00,39.6493095805144,-75.33621370602751,-1200.3958955656956,40.02560172981404,-75.20638021863233,1.8824949669797209,2.70410443723294e-05,2.5149618665175197e-05,59941.49463547825,5000.0,43121.15608081931,1190.5127865016336,43137.58711890599
2023-08-09 17:18:39+00:00,39.64938744727213,-75.33566723195159,-1199.708734707628,40.02584528896539,-75.2057565949303,2.581934632791672,2.7046978904032525e-05,2.5164030952180135e-05,59997.33539958,5000.0,43111.39960205417,1191.554007714395,43127.86311192912
2023-08-09 17:18:40+00:00,39.64947397588837,-75.33510807696639,-1198.9941765374458,40.02624338552397,-75.20511063262434,3.048661946915672,2.70687692286729e-05,2.518992040117728e-05,60117.17507472064,5000.0,43099.766685002345,1192.4838965401914,43116.26034508496
2023-08-09 17:18:41+00:00,39.6495697938804,-75.3345360905397,-1198.4684465578937,40.02675801197167,-75.20446190180726,3.353000287170289,2.7080768767193e-05,2.5200820711426e-05,60179.06797007705,5000.0,43085.757465415474,1193.078975799114,43102.27295411577
2023-08-09 17:18:42+00:00,39.649677356518296,-75.33395871742692,-1198.2185803275052,40.02702774212008,-75.20385156787576,3.633493904431816,2.709375773370761e-05,2.5212821317394e-05,60267.35835470488,5000.0,43069.20367627657,1193.7972052977073,43085.74540466919
2023-08-09 17:18:43+00:00,39.64979887960405,-75.33337551863139,-1198.1606917051724,40.02731898502983,-75.2032423403482,3.7429275761387535,2.7076214119002425e-05,2.524154459863274e-05,60317.2972165833,5000.0,43050.05744371408,1194.2305200447045,43066.61853967744
2023-08-09 17:18:44+00:00,39.649940713597374,-75.3327829537998,-1198.2322358391884,40.02765662269988,-75.20262774922116,3.688480454904493,2.709901868499379e-05,2.5251905571915347e-05,60312.004944290165,5000.0,43027.75503473762,1194.6845577058816,43044.33731075216
2023-08-09 17:18:45+00:00,39.64999846141888,-75.3325032802329,-1199.2741529470327,40.02752953549109,-75.22487157092927,-5.956410533603048,2.7111119594703364e-05,2.5263287588177192e-05,60297.13710935016,5000.0,43019.10064772773,1196.3812872092103,43035.73339358484
2023-08-09 17:18:46+00:00,39.65002331611063,-75.33223241609633,-1199.733558589904,40.02754379034268,-75.22460152916182,-3.998843499663053,2.711054480302219e-05,2.52783069116574e-05,60293.209454593416,5000.0,43012.4786610455,1197.3686925766594,43029.14143174201
2023-08-09 17:18:47+00:00,39.65001305642237,-75.33197000175198,-1199.964851364312,40.02750843502571,-75.22434333934005,-1.628091769722232,2.7132400143913576e-05,2.5287122809546255e-05,60285.080111373776,5000.0,43009.86543530898,1197.879903320708,43026.54344734383
2023-08-09 17:18:48+00:00,39.64997863695824,-75.3317153280311,-1200.0742089981577,40.0274369389867,-75.22409502752929,0.3120667379189399,2.7163631329407264e-05,2.529258959733191e-05,60280.736443124384,5000.0,43011.532489748686,1198.8967388781346,43028.23817572827
2023-08-09 17:18:49+00:00,39.64992253261445,-75.33146687897624,-1199.8942234262108,40.02733984557982,-75.22385377727703,1.774754479934927,2.7180820718381572e-05,2.5285325230313007e-05,60336.828427041946,5000.0,43017.837722574805,1199.7681929840642,43034.56524751559
2023-08-09 17:18:50+00:00,39.649847339007565,-75.33122471363734,-1199.689886468116,40.02721402694193,-75.22361895867506,3.048009595644544,2.7191926210913217e-05,2.5265096246840622e-05,60414.74378258061,5000.0,43027.818748841215,1200.467494077012,43044.56189215389
2023-08-09 17:18:51+00:00,39.64975291281117,-75.3309864863675,-1199.3768655218478,40.02706296320115,-75.22338961289557,4.192494344693841,2.721662891422e-05,2.529391597843013e-05,60463.05960487191,5000.0,43041.10323330701,1200.9480156770182,43057.8546107043
2023-08-09 17:18:52+00:00,39.64965118349427,-75.33075489963264,-1198.4982717034004,40.02689205360036,-75.22316411034814,5.5202562828490045,2.7217122750684136e-05,2.533314309702763e-05,60497.12909318759,5000.0,43056.149596742354,1200.6434545008983,43072.88663186962
2023-08-09 17:18:53+00:00,39.64954107914552,-75.33053412124902,-1197.8976100701648,40.02671244930717,-75.22294301674118,6.89540838485118,2.723125819170205e-05,2.536359960172366e-05,60467.723345920575,5000.0,43073.12316282599,1201.0691800508885,43089.86546944937
2023-08-09 17:18:54+00:00,39.64943111877403,-75.33031815848287,-1196.9518954721357,40.0265293523794,-75.22272545745696,8.292662399704568,2.7232594616130747e-05,2.538473098223488e-05,60418.68294732052,5000.0,43090.64173761564,1201.487454665933,43107.3888963744
2023-08-09 17:18:55+00:00,39.64932348138647,-75.33010874317583,-1196.0964174418775,40.0263496276074,-75.22251059581397,9.743989034031983,2.723681293160925e-05,2.538087703425372e-05,60503.37363179281,5000.0,43108.047695092464,1202.135245317333,43124.80614716315
2023-08-09 17:18:56+00:00,39.64921869366303,-75.32990380604691,-1195.9450769292937,40.02617260506234,-75.22229708736887,10.75849861180177,2.72461785832695e-05,2.537588117905088e-05,60541.12661709731,5000.0,43125.71600250927,1203.2987407492824,43142.50002710288
2023-08-09 17:18:57+00:00,39.64911360232369,-75.32970199483566,-1195.1899685293863,40.02597581190441,-75.22207587495063,11.800147342379203,2.726883765284192e-05,2.5379902675422093e-05,60558.4722649568,5000.0,43143.263162200055,1203.903195872275,43160.05721946948
2023-08-09 17:18:58+00:00,39.64900825173493,-75.32950314379164,-1194.6221246166524,40.02578400652713,-75.22185362866587,12.941515788435936,2.72728491160443e-05,2.538534481890765e-05,60575.0244798117,5000.0,43160.4979400002,1204.417917301468,43177.29964863803
2023-08-09 17:18:59+00:00,39.64891256396752,-75.32930581335364,-1194.1005030870947,40.02558279025475,-75.22162237565277,14.026262285071423,2.725774223167644e-05,2.5408592083441352e-05,60593.89605589472,5000.0,43177.22116145124,1205.015521985357,43194.03303273611
2023-08-09 17:19:00+00:00,39.64882043650508,-75.32911453439687,-1193.7893901486188,40.02542945179919,-75.22140467087685,14.803484357602429,2.7257667338560605e-05,2.543205007792572e-05,60565.16987305718,5000.0,43194.30582465338,1204.7852708627263,43211.104628585614
2023-08-09 17:19:01+00:00,39.64873179790663,-75.32892240482283,-1193.357314461538,40.02526612986155,-75.22118046941709,15.613010832865257,2.726822477908301e-05,2.543738537270272e-05,60608.8869823905,5000.0,43210.95363550342,1205.028654242882,43227.75275384059
2023-08-09 17:19:02+00:00,39.648652043976405,-75.32873475285442,-1192.9480169103558,40.02511363621667,-75.22095736477297,16.36416382342577,2.7270200787659863e-05,2.543653272042076e-05,60666.288480823416,5000.0,43226.36631876815,1205.0002645084571,43243.1586584722
2023-08-09 17:19:03+00:00,39.64857956934435,-75.32854936604859,-1192.5365417760258,40.02499042538203,-75.22074559222312,16.99769716837909,2.7294752158093584e-05,2.544509456858524e-05,60712.62272990609,5000.0,43240.891173843454,1204.976319529009,43257.6772080841
2023-08-09 17:19:04+00:00,39.64851659120455,-75.32836502910027,-1191.925603113866,40.02489649756605,-75.22054748088537,17.557225891272537,2.732040669657127e-05,2.544593487496303e-05,60695.11422533115,5000.0,43254.03622586898,1204.4071193097543,43270.80131379392
2023-08-09 17:19:05+00:00,39.64846321403861,-75.32818380377829,-1191.6846864710533,40.02485394249431,-75.22037521412632,17.940476495423354,2.732043976613692e-05,2.5458904562770806e-05,60734.571612630185,5000.0,43265.58073937639,1204.6274889834826,43282.347488355015
2023-08-09 17:19:06+00:00,39.64842153160683,-75.32800789464278,-1191.337206694901,40.024822915868086,-75.2202066388544,18.242037978372537,2.731494288046996e-05,2.5443011654780063e-05,60730.66822309983,5000.0,43275.019655831165,1204.0040035721663,43291.76540467242
2023-08-09 17:19:07+00:00,39.64839810998657,-75.32783677096342,-1191.2013993425087,40.02486956826125,-75.22007326048444,18.422605988103896,2.733023734960331e-05,2.5487300658366268e-05,60724.334644627495,5000.0,43281.69100043891,1203.865916655956,43298.43032954844
2023-08-09 17:19:08+00:00,39.64839148790781,-75.32767283251783,-1190.996907844718,40.02492978994412,-75.2199431004409,18.520065535558388,2.736313840537228e-05,2.547945157161069e-05,60816.88437130076,5000.0,43285.06880361011,1203.9482799605405,43301.80911687272
2023-08-09 17:19:09+00:00,39.6484036539631,-75.32751810420223,-1190.8472948068388,40.02505660472074,-75.21984343695857,18.478522844379768,2.7352500574736737e-05,2.5490043256379447e-05,60863.45115643204,5000.0,43284.8723141967,1204.3513616476844,43301.62391248872
2023-08-09 17:19:10+00:00,39.64841618775759,-75.32737320226121,-1190.7096788784454,40.02510960267814,-75.21971555225515,18.49605735752266,2.735901657941536e-05,2.5483391608699248e-05,60868.86863409714,5000.0,43282.99926586834,1204.804534342435,43299.7641958375
2023-08-09 17:19:11+00:00,39.64839176196381,-75.32721374392489,-1190.4225833881733,40.02447010474769,-75.21927394867555,19.26136919495184,2.7356806792454744e-05,2.550111144307577e-05,60826.6132194801,5000.0,43283.391022247415,1205.336143589512,43300.17059555091
2023-08-09 17:19:12+00:00,39.64833922133021,-75.32703457021645,-1190.0178254651096,40.023793799293,-75.21880938242018,20.20353744889144,2.739357218585631e-05,2.55060182981629e-05,60862.3623579747,5000.0,43286.437980272094,1205.864069701983,43303.23107083975
2023-08-09 17:19:13+00:00,39.64827006703431,-75.32685769514518,-1189.6995456977252,40.02359136364175,-75.21856719543482,20.77491864201147,2.7416548130653865e-05,2.548518240777614e-05,60948.68997776399,5000.0,43293.22120905628,1206.737522581676,43310.03599749931
2023-08-09 17:19:14+00:00,39.648187750873575,-75.32668903289462,-1188.9795014307574,40.0234652884132,-75.2183727684972,21.38809762650635,2.743961289265496e-05,2.550614336806635e-05,60978.27883222692,5000.0,43302.90730395349,1206.735292704169,43319.71827056873
2023-08-09 17:19:15+00:00,39.6480964804735,-75.32652336740324,-1188.187565472157,40.02332462253487,-75.21818182585653,22.15043328807224,2.7427990355205182e-05,2.5521255633209152e-05,60984.06746229644,5000.0,43315.20543771161,1206.0908293750008,43331.993690573065
2023-08-09 17:19:16+00:00,39.64799506907542,-75.32636747277712,-1187.453308509978,40.02330375114596,-75.21806355319363,22.83396939421073,2.745350439676207e-05,2.554143357101441e-05,61029.37106523262,5000.0,43329.60852471747,1205.709563418303,43346.38059234689
2023-08-09 17:19:17+00:00,39.64788605236349,-75.32621239889403,-1186.6013615942447,40.02323522663945,-75.21793081306947,23.57721825677436,2.74680036202044e-05,2.556933362448451e-05,61073.58393773154,5000.0,43345.38793196686,1205.3985050063695,43362.14524822971
2023-08-09 17:19:18+00:00,39.64777172002337,-75.32605788956394,-1185.9113373456892,40.023071710226525,-75.21774757606947,24.427039926406,2.750740956065257e-05,2.5587961483321506e-05,61101.28737012677,5000.0,43362.81579046197,1205.586338155191,43379.57159419955
2023-08-09 17:19:19+00:00,39.64764912660991,-75.3259013103529,-1185.126349025204,40.02286502363295,-75.21754381431765,25.31024743849412,2.7514973141662923e-05,2.560239641902029e-05,61183.70679831116,5000.0,43380.98382803781,1204.7720099642515,43397.7100027694
2023-08-09 17:19:20+00:00,39.64752882309422,-75.32574828208055,-1184.3712997253847,40.022630057871766,-75.21732386129892,26.26199456921313,2.7529443313829185e-05,2.5639488520229213e-05,61211.198916769616,5000.0,43399.63871269123,1204.1160072787218,43416.33950197911
2023-08-09 17:19:21+00:00,39.647411715623264,-75.32559544123049,-1183.5944069193831,40.0224511939604,-75.21713691613651,27.15892451431137,2.753638938340145e-05,2.5671528461103947e-05,61196.21216087302,5000.0,43418.30097175914,1203.712805935489,43434.98340961389
2023-08-09 17:19:22+00:00,39.647296224386665,-75.32544892613785,-1182.6804122921037,40.02227572805148,-75.21695358241996,28.058137417887338,2.7548503349413583e-05,2.568478174597337e-05,61244.84115949957,5000.0,43437.14193284092,1203.281702550997,43453.805197582646
2023-08-09 17:19:23+00:00,39.64718622686189,-75.32532526708569,-1181.989751752851,40.02210924552551,-75.21678675471597,28.91660424845759,2.7538852154944857e-05,2.567733276457272e-05,61239.27405854945,5000.0,43455.03609892636,1202.8156089171046,43471.67960578528
2023-08-09 17:19:24+00:00,39.6470825560462,-75.32522097296398,-1181.3893395785794,40.021884830413896,-75.21658623130092,29.80355777323712,2.753234035513081e-05,2.567889187184254e-05,61233.85440696778,5000.0,43472.674842141256,1203.0014698004627,43489.31673948078
2023-08-09 17:19:25+00:00,39.64698778137804,-75.32512252665617,-1180.593988568297,40.021670806077736,-75.21634400387804,30.87464723503217,2.7539837709037143e-05,2.571686740396325e-05,61305.89839760617,5000.0,43490.00332360282,1202.7905819846146,43506.6327618111
2023-08-09 17:19:26+00:00,39.64689626510732,-75.32502184879577,-1179.753023493966,40.02152136463196,-75.21609652249556,32.02401828952134,2.7559646635637124e-05,2.573528647073946e-05,61347.489759559685,5000.0,43507.41125320134,1202.9197370483723,43524.03760968152
2023-08-09 17:19:27+00:00,39.64681044906103,-75.32490874003987,-1178.9729180202391,40.02141937536682,-75.21585092625196,33.06253760168329,2.7531629714828013e-05,2.5776939427612427e-05,61342.57552228798,5000.0,43524.520356514426,1202.6434766972404,43541.13254839246
2023-08-09 17:19:28+00:00,39.64672580903108,-75.32479288975787,-1178.243463636781,40.0213431347976,-75.21573332018282,33.82389143318869,2.7540400806216084e-05,2.5772785595361644e-05,61372.91606106568,5000.0,43541.30150617672,1202.938183635718,43557.91543595074
2023-08-09 17:19:29+00:00,39.64663891990667,-75.32466069649004,-1177.502896167431,40.02124792819712,-75.21547521081922,34.801397169940174,2.754784963256947e-05,2.575408040638916e-05,61425.143980287256,5000.0,43557.78744146958,1203.340916105733,43574.40620543921
2023-08-09 17:19:30+00:00,39.6465436895223,-75.32448679573852,-1176.9295666221508,40.02111139799334,-75.21518987366355,35.72823395184241,2.7543939631098983e-05,2.576548970583002e-05,61474.68302664287,5000.0,43573.85887920768,1203.8861179176631,43590.4865700077
2023-08-09 17:19:31+00:00,39.6464447217122,-75.32429598183481,-1176.393488532922,40.02095681097719,-75.21494354704328,36.49199334252626,2.7573837889564397e-05,2.58088397375304e-05,61542.15879972682,5000.0,43590.25729301077,1204.3890728898032,43606.89261928411
2023-08-09 17:19:32+00:00,39.646347609277214,-75.32409902241592,-1175.7817132995783,40.02063370017401,-75.21465205963243,37.32821921305731,2.758317357739678e-05,2.582617770545532e-05,61552.61440871969,5000.0,43605.27560277345,1205.2488056970249,43621.92894723322
2023-08-09 17:19:33+00:00,39.646249367572594,-75.3238961770075,-1174.8925703550958,40.02028285610975,-75.21440689486134,38.20498390751891,2.7572093717133063e-05,2.584958279243004e-05,61538.89091537449,5000.0,43619.11273274325,1205.817754445659,43635.77651479002
2023-08-09 17:19:34+00:00,39.64614959053352,-75.32367759574757,-1174.1638457695683,40.019883211878,-75.21417921994356,39.13226000545546,2.7594553992057663e-05,2.5852626921791392e-05,61585.98286297162,5000.0,43632.96125106602,1205.7512737489403,43649.61790979591
2023-08-09 17:19:35+00:00,39.64604928961657,-75.32345724390404,-1173.0737090385442,40.01952693918072,-75.21396988365015,40.12510661245324,2.762133801767522e-05,2.5884983076377896e-05,61627.48862564032,5000.0,43646.28556567102,1205.9131544584293,43662.94161203753
2023-08-09 17:19:36+00:00,39.64595272808451,-75.32323713300201,-1171.9673535252389,40.01890550952687,-75.21381460315135,41.38439883943647,2.7621778506957e-05,2.588126086103408e-05,61659.35380843582,5000.0,43658.61887781496,1206.407185778874,43675.28386417425
2023-08-09 17:19:37+00:00,39.64585461012364,-75.32302339206005,-1170.9065143839357,40.01840219370402,-75.21368082249057,42.57773884688504,2.763836979499528e-05,2.5878201817958824e-05,61729.91307507872,5000.0,43670.706806927854,1206.7984462538298,43687.3779884595
2023-08-09 17:19:38+00:00,39.645758827019776,-75.32281731804173,-1169.8164144307652,40.01784032976975,-75.21357962946941,43.808605479775,2.766826570158125e-05,2.589335112140329e-05,61771.804663440176,5000.0,43682.49028483153,1206.831419020648,43699.15788156949
2023-08-09 17:19:39+00:00,39.64566355137914,-75.32261569851082,-1168.7347159958665,40.01758872855422,-75.21342408174947,45.0035446214024,2.768035345504845e-05,2.592136851051136e-05,61777.35641634244,5000.0,43694.07684400176,1206.6213227599485,43710.73422245467
2023-08-09 17:19:40+00:00,39.64556610327901,-75.3224201024864,-1167.629298747691,40.017270056707,-75.21329903517642,46.22087517590262,2.771460203257753e-05,2.594461760835193e-05,61848.20333140616,5000.0,43706.33724520248,1206.6951310222614,43722.99198969126
2023-08-09 17:19:41+00:00,39.64547197262629,-75.32223392777564,-1166.549218187164,40.01694072477876,-75.21319245145847,47.413789961719885,2.7734692511336425e-05,2.5956776768882343e-05,61848.14081309122,5000.0,43718.27996276286,1206.5217837574655,43734.92537683349
2023-08-09 17:19:42+00:00,39.6453805741626,-75.32205259424205,-1165.221407736185,40.01655326328829,-75.21311944213903,48.6813818148803,2.7740297442453485e-05,2.5979305855516444e-05,61837.26362502298,5000.0,43729.96898682954,1205.984353979026,43746.59513437721
2023-08-09 17:19:43+00:00,39.64529947411218,-75.32187875220264,-1164.280177552114,40.01629584177943,-75.21302654339543,49.91615820326842,2.77443080980366e-05,2.598837888398349e-05,61803.60489769987,5000.0,43740.6891858663,1205.9680994559644,43757.3108121542
2023-08-09 17:19:44+00:00,39.64522440754378,-75.3217132461406,-1163.4150859450074,40.01623800257527,-75.21286107514256,50.90276547661051,2.772650124413254e-05,2.6005842050473574e-05,61880.83160052869,5000.0,43751.19906171352,1205.884006845837,43767.81437969743
2023-08-09 17:19:45+00:00,39.64528056578776,-75.32137733214174,-1163.260642245598,40.0305076290785,-75.22025014587543,45.84103197837248,2.772897008861192e-05,2.601492790482372e-05,61897.14600788741,5000.0,43744.2949049594,1206.4255723970966,43760.92777117266
2023-08-09 17:19:46+00:00,39.64535454207625,-75.3210438593027,-1163.3315436170096,40.03056906805582,-75.21991628994738,47.02796854125336,2.7751887745247047e-05,2.6044702612097667e-05,61905.66455262946,5000.0,43734.90684127148,1207.6012898663191,43751.57571208129
2023-08-09 17:19:47+00:00,39.64544317467336,-75.32072428740273,-1163.5007659327632,40.0306432792451,-75.21959336048774,47.99290056200698,2.774109999123363e-05,2.603669190312832e-05,61884.0341636312,5000.0,43723.46881182898,1208.627832828221,43740.17039492723
2023-08-09 17:19:48+00:00,39.64554291643178,-75.32040661672721,-1163.7674576651052,40.03072331031083,-75.21927823713722,48.7289164129179,2.774538173446113e-05,2.6062975692859503e-05,61909.82401764984,5000.0,43710.05545057389,1209.7057243553415,43726.79196364378
2023-08-09 17:19:49+00:00,39.64564255068363,-75.32009200684863,-1164.0736870909702,40.030792699221465,-75.21896185605473,49.465200322913006,2.7727237343570084e-05,2.60906329265342e-05,61924.63876456376,5000.0,43696.23812481503,1210.4499030321235,43713.00052877048
2023-08-09 17:19:50+00:00,39.64574757386743,-75.31976934564469,-1164.2106706380373,40.03083434319833,-75.218638648535,50.37256753002293,2.774293812211952e-05,2.6090915957753905e-05,61961.27343881732,5000.0,43681.6328643189,1210.6838078601586,43698.40735056324
2023-08-09 17:19:51+00:00,39.64586088417689,-75.31943700679837,-1164.3865181187327,40.03087429213436,-75.21830549463569,51.00615959824063,2.77956307748236e-05,2.609133955671412e-05,62000.92148220747,5000.0,43665.6070836305,1210.6437971862445,43682.3866150382
2023-08-09 17:19:52+00:00,39.645955536076606,-75.31910311732993,-1164.314618084515,40.03088859513578,-75.21796604040378,51.68198456405662,2.7815990680553628e-05,2.6089422691776055e-05,62015.59074179385,5000.0,43651.38680939707,1210.251222854641,43668.16092310307
2023-08-09 17:19:53+00:00,39.64602303893074,-75.31878349104909,-1163.941897089654,40.03078712780648,-75.21762847923152,53.06538595189341,2.7810491274424343e-05,2.609532463409576e-05,62037.79153277716,5000.0,43639.22062388519,1209.8258825598805,43655.98762284777
2023-08-09 17:19:54+00:00,39.64609078692807,-75.31848949420346,-1163.4126906991837,40.03068188832345,-75.21730776424725,54.36522409808822,2.78118309281352e-05,2.613396124722194e-05,62041.26098997877,5000.0,43628.07107242841,1209.4153855278091,43644.8309777414
2023-08-09 17:19:55+00:00,39.64617900475395,-75.31821095916213,-1163.0513775276263,40.03066389425178,-75.21700701747778,55.21585062635131,2.783179208535916e-05,2.6162863926157055e-05,62124.69039370387,5000.0,43617.15574563944,1209.2237259344763,43633.91453168888
2023-08-09 17:19:56+00:00,39.64628787193726,-75.31793529077541,-1162.578989573748,40.03071456434198,-75.21671565846648,55.82967665512115,2.7822170439231084e-05,2.6166313343525334e-05,62187.98518105578,5000.0,43605.74495315032,1208.7406891081832,43622.4947357748
2023-08-09 17:19:57+00:00,39.646389212322845,-75.31766231393811,-1162.0388839392022,40.03074273282752,-75.21641976753463,56.60413385299034,2.7818908778178405e-05,2.6203870672707847e-05,62179.29418463651,5000.0,43595.449889838914,1208.3915029396385,43612.19394987865
2023-08-09 17:19:58+00:00,39.646488155720135,-75.31739728055523,-1161.4821768388028,40.03077659008024,-75.21612890127746,57.40401611709967,2.7827436982294665e-05,2.621050635430971e-05,62208.57532956855,5000.0,43584.38368496601,1207.360555717553,43601.10343454433
2023-08-09 17:19:59+00:00,39.64657812891765,-75.31713672875873,-1160.6669240728745,40.0308606025743,-75.21585836508835,58.10745638073422,2.785167879884569e-05,2.6224699119351527e-05,62177.16267400892,5000.0,43574.9636800722,1205.8181423358037,43591.64434971452
2023-08-09 17:20:00+00:00,39.646663790722144,-75.3168694784745,-1160.0118864716424,40.0309822899149,-75.21559959621796,58.72485796082765,2.7837899223795897e-05,2.6235307822589208e-05,62135.2250511393,5000.0,43566.74923529088,1205.2156896471831,43583.41638501151
2023-08-09 17:20:01+00:00,39.64674917364896,-75.3165752382074,-1159.495370256728,40.03124588335679,-75.21537713065344,58.89297464094125,2.7837635476333445e-05,2.6231366083855518e-05,62206.2615812836,5000.0,43558.89616534173,1204.8253961591868,43575.55552575609
2023-08-09 17:20:02+00:00,39.64683263216253,-75.31625432187838,-1159.1560539472375,40.03163807103468,-75.2151650371047,58.70789523702115,2.7850563645939912e-05,2.624231475266173e-05,62279.47569402466,5000.0,43551.33949047676,1204.6651928041924,43567.99731042861
2023-08-09 17:20:03+00:00,39.64691988671374,-75.31590887379981,-1159.0333376970027,40.03210922902291,-75.2149141139472,58.33791936584748,2.787321158028936e-05,2.627063243618705e-05,62266.88233537183,5000.0,43541.259528843504,1204.068133506467,43557.90469510937
2023-08-09 17:20:04+00:00,39.64700834169078,-75.31554975117194,-1159.0566355924416,40.0325879119336,-75.21459340438241,57.93811139301397,2.789289411928684e-05,2.6288410161138912e-05,62305.69819859795,5000.0,43529.71702982379,1204.1260925175895,43546.3682107155
2023-08-09 17:20:05+00:00,39.64709849776111,-75.31521048789375,-1158.9469950836692,40.03280424496042,-75.21423640318443,57.87776754726656,2.791285703322261e-05,2.630689574931453e-05,62331.57219779218,5000.0,43515.99696457747,1204.447027448187,43532.66227171323
2023-08-09 17:20:06+00:00,39.64717855805464,-75.31489430859534,-1158.884226395212,40.03256407547386,-75.21394039302442,58.30714555340819,2.7944089864916465e-05,2.6335450339333564e-05,62320.73466929931,5000.0,43503.06268251414,1205.029884375232,43519.7490776428
2023-08-09 17:20:07+00:00,39.64726372978122,-75.31457438048831,-1158.9023643368682,40.03267532618204,-75.21361232966707,58.35081407544203,2.793048197000895e-05,2.634790329566053e-05,62342.442980569045,5000.0,43490.920079745854,1205.5358917235487,43507.62514972605
2023-08-09 17:20:08+00:00,39.64735512804185,-75.31425167916443,-1159.220787993528,40.0330452548804,-75.21324053167133,57.94346685707569,2.7930117870178104e-05,2.6351260038417545e-05,62354.439310427326,5000.0,43479.4333311103,1205.820258082946,43496.15069508184
2023-08-09 17:20:09+00:00,39.64744825388591,-75.3139283168779,-1159.7890721820695,40.03330500467335,-75.21288541311094,57.38456716272049,2.7926964020834764e-05,2.636073035021549e-05,62373.1230616635,5000.0,43467.77733488621,1206.3301688253596,43484.513322693005
2023-08-09 17:20:10+00:00,39.64753476888811,-75.31360696758017,-1160.2598072906376,40.03344454517963,-75.21255335644415,56.82130545703694,2.789645870340211e-05,2.6376436743049196e-05,62401.98950107374,5000.0,43456.379179364754,1206.6454395838782,43473.1283047079
2023-08-09 17:20:11+00:00,39.64761994911833,-75.31328545577031,-1160.8743319970447,40.033621959385,-75.21221522998034,56.185468188719824,2.7940659182183342e-05,2.637849603248745e-05,62412.14486403968,5000.0,43445.2593745063,1206.989484353591,43462.022338283656
2023-08-09 17:20:12+00:00,39.647703326053445,-75.31295809460683,-1161.5593588447782,40.03381292057691,-75.21187134763142,55.51587123773061,2.792753395088901e-05,2.637262198024637e-05,62406.334011204046,5000.0,43435.027642865454,1207.173777289714,43451.7996734895
2023-08-09 17:20:13+00:00,39.64778296765598,-75.31261248484117,-1162.111821144539,40.03419223640813,-75.21148642369963,54.80431345151737,2.7913154118739792e-05,2.6375534067696037e-05,62503.61317245043,5000.0,43425.40384746872,1206.5478858689717,43442.16220581851
2023-08-09 17:20:14+00:00,39.64785305325168,-75.31223877670803,-1162.5747651954007,40.03470944981498,-75.21105393190254,54.11777733685449,2.792867482886053e-05,2.638501642063863e-05,62563.873741422816,5000.0,43415.97866528999,1205.7756985118772,43432.71921604768
2023-08-09 17:20:15+00:00,39.64791579240176,-75.3118401364961,-1162.91987413959,40.03516575972902,-75.21058966705262,53.54046523198485,2.7925147196016356e-05,2.643300858587963e-05,62533.94103116609,5000.0,43406.53635106254,1205.4462758129605,43423.27139587695
2023-08-09 17:20:16+00:00,39.6479687099424,-75.31141030572265,-1163.0729510131132,40.03554238417221,-75.21009112035598,53.075503998668864,2.79492989071329e-05,2.641975245317879e-05,62537.63125756109,5000.0,43396.47563061282,1205.2417664798272,43413.20887557195
2023-08-09 17:20:17+00:00,39.64801489790822,-75.31096603564694,-1163.3988240362671,40.0358946133258,-75.20954393941076,52.63401644513942,2.797593506503283e-05,2.6438457238414025e-05,62584.60354464898,5000.0,43385.76277518477,1205.7310473417735,43402.513739910646
2023-08-09 17:20:18+00:00,39.64805865769941,-75.31051957539088,-1163.6573263994603,40.03590408550251,-75.20911321310753,52.45171052054502,2.7979953548163892e-05,2.643175842440677e-05,62650.726459674166,5000.0,43374.453549619175,1205.6889152865167,43391.207709494745
2023-08-09 17:20:19+00:00,39.64809604007499,-75.31007285068802,-1163.750969187868,40.03585042782988,-75.20872464437936,52.350367163307965,2.7976635185033797e-05,2.645179736471376e-05,62676.128909151295,5000.0,43363.375816094565,1205.928585194885,43380.14091632766
2023-08-09 17:20:20+00:00,39.6481276582478,-75.3096206418243,-1163.9434290829197,40.03581354047279,-75.20832920294009,52.27024073386565,2.8003917138007577e-05,2.643688748446503e-05,62701.73104436667,5000.0,43353.01287387667,1206.0141775915658,43369.78436007111
2023-08-09 17:20:21+00:00,39.64815522557949,-75.30915925014273,-1164.029270696098,40.03588219796455,-75.20783279359576,52.06732052261941,2.800085789628209e-05,2.6474744732323808e-05,62728.07997113816,5000.0,43342.81594863608,1206.371349511718,43359.60131493675
2023-08-09 17:20:22+00:00,39.64818450409133,-75.30869796470145,-1164.179548392788,40.03583018343099,-75.20746144541532,52.11237755022012,2.8009326423383605e-05,2.6480705480427356e-05,62763.092780119725,5000.0,43332.546789145104,1206.964920022616,43349.35265435477
2023-08-09 17:20:23+00:00,39.648211928856,-75.30825003865294,-1164.1910977460684,40.03571236871259,-75.20719322125193,52.35427577095106,2.801191106878104e-05,2.6495166719511985e-05,62799.49719797997,5000.0,43322.36819005494,1208.163144417698,43339.21138851299
2023-08-09 17:20:24+00:00,39.648238207918695,-75.30780684120273,-1164.2575542602171,40.03563293128634,-75.20688737810413,52.54410733887926,2.8009486301801788e-05,2.6539149674323277e-05,62847.3622304673,5000.0,43312.031897053246,1209.287168537775,43328.91046988544
2023-08-09 17:20:25+00:00,39.64826398434267,-75.30736720416917,-1164.3237163416425,40.03558331986713,-75.2065376823404,52.67261931672692,2.8036030187975973e-05,2.6553683315636057e-05,62902.343981901744,5000.0,43301.85061946495,1210.5423894757414,43318.76821825818
2023-08-09 17:20:26+00:00,39.648284177478416,-75.306936137642,-1164.3298187398848,40.03551095317077,-75.20620411322695,52.834456781623885,2.804984757507205e-05,2.659331949496992e-05,62936.4462059445,5000.0,43292.65480220456,1211.4625145406842,43309.60172117706
2023-08-09 17:20:27+00:00,39.64830186181645,-75.30650889830645,-1164.4448170997214,40.03545690258717,-75.20583748873264,52.92142629693262,2.8084032409189343e-05,2.6597442240483532e-05,63044.26961575682,5000.0,43283.60268377293,1211.921019698954,43300.56597603204
2023-08-09 17:20:28+00:00,39.64831836493659,-75.3060832431134,-1164.5047037847664,40.03539546360985,-75.20546118382924,53.0017900140956,2.808500344318295e-05,2.659222246039465e-05,63014.30172104105,5000.0,43275.16170906551,1212.3406491946034,43292.14005793037
2023-08-09 17:20:29+00:00,39.64832862520122,-75.30565788089368,-1164.4323669772914,40.03535008249732,-75.20506106872963,53.05288498615846,2.808467191023332e-05,2.6611161878448505e-05,63102.1304914429,5000.0,43267.524641437456,1212.3465051258138,43284.506149959576
2023-08-09 17:20:30+00:00,39.64833634143771,-75.3052388978839,-1164.5783045043272,40.03528769990835,-75.20465830017825,53.10324156400748,2.807733479975791e-05,2.6620029776984944e-05,63167.11089483339,5000.0,43260.502205924975,1212.3808358051288,43277.48743168747
2023-08-09 17:20:31+00:00,39.64834622097781,-75.30482397752539,-1164.7265350440166,40.03514478245216,-75.20425968626952,53.215789549285546,2.806367485172073e-05,2.66217953018089e-05,63176.4061696188,5000.0,43253.59361272821,1212.4235682521055,43270.58274768085
2023-08-09 17:20:32+00:00,39.64835472847557,-75.30441451218923,-1164.8688640455844,40.03503849826369,-75.20384096865948,53.24476978974417,2.809047843271493e-05,2.6670583453906747e-05,63149.11067314155,5000.0,43247.12200262484,1212.5033091105197,43264.11591358965
2023-08-09 17:20:33+00:00,39.64835998513436,-75.30400085204366,-1165.0525220533905,40.03494298608895,-75.20340767895088,53.242109363432974,2.811360094893102e-05,2.670936004757057e-05,63234.91742992297,5000.0,43241.23018168005,1212.6254677494549,43258.22983144447
2023-08-09 17:20:34+00:00,39.64836107926648,-75.30358196143875,-1165.2121106465302,40.03489233246558,-75.2029719746637,53.20300567848608,2.812857509954564e-05,2.672670191174016e-05,63263.311947037146,5000.0,43235.84248702332,1212.9463860319556,43252.853252682406
2023-08-09 17:20:35+00:00,39.64836167065971,-75.3031632892218,-1165.3745470519275,40.03488759564768,-75.2025475607826,53.13438008306548,2.815227660093875e-05,2.6719219281724817e-05,63285.966063660526,5000.0,43230.53196134562,1212.8720321575047,43247.54273051031
2023-08-09 17:20:36+00:00,39.64835684580522,-75.30274291162567,-1165.5057201937757,40.034823874034814,-75.20209316518917,53.12332707969472,2.816319866281488e-05,2.6721488066381385e-05,63282.24149940466,5000.0,43225.564450996455,1212.8176667180228,43242.57564946787
2023-08-09 17:20:37+00:00,39.64835191831426,-75.30232082831407,-1165.5016719623595,40.03473399393135,-75.20161727392653,53.12927649053745,2.8189554577085068e-05,2.67342630282491e-05,63274.36338589595,5000.0,43220.63502886445,1212.944049630798,43237.65171197252
2023-08-09 17:20:38+00:00,39.64834356356798,-75.30189518254338,-1165.6549096038586,40.03465759661463,-75.20114226645302,53.12452082172968,2.8184741523373578e-05,2.6750126062139144e-05,63279.589285992704,5000.0,43215.778109665625,1212.979240076937,43232.79769180699
2023-08-09 17:20:39+00:00,39.64833330496327,-75.30146586456218,-1165.643673042603,40.03458092478133,-75.20065902098096,53.18359148083255,2.820888082362077e-05,2.676546474700842e-05,63321.271512437765,5000.0,43210.94225995574,1212.621211778276,43227.95370123924
2023-08-09 17:20:40+00:00,39.6484268621948,-75.30094419319684,-1165.6529600120105,40.03220907364033,-75.19812148022292,56.01476287818514,2.820858417509764e-05,2.6749344971653173e-05,63352.23658693674,5000.0,43193.52332740958,1212.622449261835,43210.541661033705
2023-08-09 17:20:41+00:00,39.648675981969376,-75.30023723648037,-1165.4307838537643,40.02830393111673,-75.1938162219744,60.344693086342886,2.8214544410998265e-05,2.675848751094267e-05,63334.3069481497,5000.0,43155.07210438008,1213.2555677243142,43172.12338311446
2023-08-09 17:20:42+00:00,39.6489908689216,-75.29943139643997,-1165.491974233469,40.02598278049829,-75.19139296515552,62.28882910544053,2.8190484266137644e-05,2.6748040843031985e-05,63403.95154505434,5000.0,43109.79684688425,1213.2877747369232,43126.86693238865
2023-08-09 17:20:43+00:00,39.64933158735289,-75.29858588517845,-1166.0435602172054,40.02534851880997,-75.19021291532361,62.34584590885788,2.8195769770868853e-05,2.677141437003039e-05,63408.83623698972,5000.0,43061.25526307152,1213.857491445878,43078.36063316411
2023-08-09 17:20:44+00:00,39.649679646483136,-75.29772687420711,-1166.758327017844,40.02585300019372,-75.18999922749445,62.06362513770571,2.8216818677912712e-05,2.6775122796545275e-05,63382.932931255695,5000.0,43011.8319880076,1214.5220140656702,43028.97575689251
2023-08-09 17:20:45+00:00,39.65002994443683,-75.29685540026384,-1167.4272139290356,40.0256263778339,-75.18977503181986,62.05555187117392,2.8241124106212303e-05,2.6772571618985568e-05,63388.32502871535,5000.0,,,
