timestamp,latitude,longitude,altitude,velocity_north,velocity_east,velocity_vertical,roll,pitch,yaw,acc_bias_x,acc_bias_y,acc_bias_z,gyro_bias_x,gyro_bias_y,gyro_bias_z,latitude_cov,longitude_cov,altitude_cov,velocity_n_cov,velocity_e_cov,velocity_v_cov,roll_cov,pitch_cov,yaw_cov,acc_bias_x_cov,acc_bias_y_cov,acc_bias_z_cov,gyro_bias_x_cov,gyro_bias_y_cov,gyro_bias_z_cov
2025-06-11T20:34:28Z,39.98159379550045,-75.15350835752332,21.141805047104988,-13.296026760839686,-7.334794156363655,-3.1818118986695416,1.0207769432988287,-0.6782849569946069,0.5072565242575969,0.0,0.0,0.0,0.0,0.0,0.0,2.5317509831806585e-12,2.525716084883487e-12,5.518640536725032,1.1661274702678832,2.8681618250871503,0.13459416596187634,0.0005197464116674008,0.0019671057275446407,0.0046707903476285555,NaN,NaN,NaN,NaN,NaN,NaN
2025-06-11T20:34:29Z,39.98147557569467,-75.15358153033525,21.834686569786,-14.721729537679835,-6.745704443832538,-0.83638892531625,1.0227000699947009,-0.3489763317505662,0.41707301094804683,0.0,0.0,0.0,0.0,0.0,0.0,2.636927768789058e-12,2.911262550676157e-12,3.558352117647992,1.6868142919737041,5.818461224788109,0.0025360202184585945,0.001313713292797688,0.0004161881580856695,0.0067288269362774395,NaN,NaN,NaN,NaN,NaN,NaN
2025-06-11T20:34:30Z,39.981346509914204,-75.1537026635177,21.75076714216254,-15.369639369230212,-11.842046380600973,-0.9103372523240733,1.1923384382045117,-0.5081239959910338,0.5829675553975976,0.0,0.0,0.0,0.0,0.0,0.0,2.8578060203507216e-12,3.962734198708778e-12,2.9798063473178296,2.378997537185653,8.480179154665572,0.0027572672728871472,0.002047227650176807,0.0003824077098736591,0.007322896166399174,NaN,NaN,NaN,NaN,NaN,NaN
2025-06-11T20:34:31Z,39.98119302608069,-75.15381725907956,21.63104222707846,-18.171153267108725,-10.093745058714953,-0.7281477827930215,1.0569905012099812,-0.30749018392533867,0.6057886677668953,0.0,0.0,0.0,0.0,0.0,0.0,3.241332179827176e-12,5.68484317162336e-12,2.7144475913058814,3.4579257395334424,11.261310520144889,0.0015188982349193666,0.0017767016990270007,0.0004976144249497685,0.008047530713561152,NaN,NaN,NaN,NaN,NaN,NaN
2025-06-11T20:34:32Z,39.981025578504536,-75.15392862088962,21.760640244337093,-19.77216518023281,-9.550009168256992,-0.5104649281286814,0.9709616323987964,-0.32726998106646055,0.7568322586772617,0.0,0.0,0.0,0.0,0.0,0.0,3.766513073626619e-12,8.624432880732306e-12,2.7971966915862168,4.537349467273492,14.392656782933102,0.00019583111537773427,0.0017190265620328554,0.0006543783078969234,0.008420258189451529,NaN,NaN,NaN,NaN,NaN,NaN
2025-06-11T20:34:33Z,39.980847416495074,-75.15404503164086,21.81857452561694,-20.5654265859387,-10.208683785813262,-0.49184196591067986,1.0117252315051064,-0.18791301212080236,0.6845892910116849,0.0,0.0,0.0,0.0,0.0,0.0,4.621612281383493e-12,1.2670804198955874e-11,2.889768902631031,5.901576063653287,18.20934623029522,0.0003542039032762083,0.0020224961220522172,0.0007346879399995954,0.008441843571645359,NaN,NaN,NaN,NaN,NaN,NaN
2025-06-11T20:34:34Z,39.98066344945124,-75.1541690742498,21.925991595376907,-20.813272284629427,-10.869558177954556,-0.29421911203614465,1.0146100711068966,-0.2153120647907693,0.7750276340031618,0.0,0.0,0.0,0.0,0.0,0.0,5.91794634889712e-12,1.8423169965608984e-11,2.886187913052968,7.270323582319135,22.054879631505226,0.00024245632230899083,0.00227567547508252,0.0007466131333048695,0.008520753674483324,NaN,NaN,NaN,NaN,NaN,NaN
2025-06-11T20:34:35Z,39.980473390285404,-75.15429533649936,22.106676666975765,-21.283309115420888,-11.356353077601877,-0.2610272468848397,1.0613259591331696,-0.13361511700655462,0.6181552197964609,0.0,0.0,0.0,0.0,0.0,0.0,7.787724209202297e-12,2.7298349863988772e-11,2.714484236439303,9.261934840419373,27.38562397524345,0.000340430427613009,0.002587623301016796,0.0008159218168700509,0.008893374753983009,NaN,NaN,NaN,NaN,NaN,NaN
2025-06-11T20:34:36Z,39.9802830518533,-75.15443086775707,22.251787408082027,-21.62312999101237,-11.941182315669257,-0.24297564994840593,1.019676474636105,-0.22445827253735295,0.7898496597889418,0.0,0.0,0.0,0.0,0.0,0.0,1.0138459644565458e-11,3.8019835566247707e-11,2.943288998244988,11.148908876281212,31.919584808596742,0.0010328843145643726,0.002823341687599824,0.0009266295119806403,0.008940563428767876,NaN,NaN,NaN,NaN,NaN,NaN
2025-06-11T20:34:37Z,39.98009072133343,-75.15457185954233,22.444613952130517,-21.689477816470138,-11.999056267545738,-0.17787113867472717,1.0632754414102552,-0.057025828292145704,0.6969369039219839,0.0,0.0,0.0,0.0,0.0,0.0,1.2847437142829034e-11,5.155691715060015e-11,2.748620992570026,13.42009815819697,36.50991931298475,0.0010931804266832536,0.002672504050958943,0.0010466395328264746,0.009045891997704922,NaN,NaN,NaN,NaN,NaN,NaN
2025-06-11T20:34:38Z,39.979898323013515,-75.15471444525245,22.375159043963567,-21.46218852364231,-12.187855685163948,-0.11134058577936741,1.0653086725493746,-0.11256615431144754,0.6833465046851207,0.0,0.0,0.0,0.0,0.0,0.0,1.6518444462469367e-11,6.907932897971238e-11,2.8724272087132543,16.127607983568158,41.527144372942665,0.0012485715190102022,0.002677376803952161,0.0012348000483323122,0.009097840694097198,NaN,NaN,NaN,NaN,NaN,NaN
2025-06-11T20:34:39Z,39.97970365104692,-75.15486167165962,22.541915482380883,-21.580667399925698,-12.75941072782902,-0.20823226660467345,1.050392885015987,-0.1467885972598604,0.7596360823143471,0.0,0.0,0.0,0.0,0.0,0.0,2.1203181822111375e-11,9.136097313127874e-11,2.913927361529937,19.413683773111195,47.124210106876816,0.003286479792815258,0.0026059776035297646,0.0013619561621261297,0.009050722867170473,NaN,NaN,NaN,NaN,NaN,NaN
2025-06-11T20:34:40Z,39.97950910845642,-75.15501196769294,22.63708295485223,-21.171993106080155,-12.552037753444786,-0.10894668206871232,1.050543426429564,-0.036412464164943543,0.8336593881704275,0.0,0.0,0.0,0.0,0.0,0.0,2.7132554062586626e-11,1.1679386595853136e-10,2.7910004920582754,23.152954410835893,51.11702223175116,0.003854670863957474,0.002278021386287524,0.0015492379438200466,0.009078121671690857,NaN,NaN,NaN,NaN,NaN,NaN
2025-06-11T20:34:41Z,39.97931508065441,-75.15516355971768,22.59172552738718,-21.486756923601188,-13.135946628073004,-0.11828746473741729,1.0770849812499208,-0.13372624544305503,0.7010590365685162,0.0,0.0,0.0,0.0,0.0,0.0,3.539010103376393e-11,1.500728470760054e-10,2.8168048471697755,28.294370805143462,56.031445574760276,0.0035180202316988807,0.0019873931456876144,0.001797498339665652,0.009156766289141907,NaN,NaN,NaN,NaN,NaN,NaN
2025-06-11T20:34:42Z,39.979121506311216,-75.15532459638972,22.508789590220825,-21.150272959560144,-13.577903488320128,-0.17236717236796031,1.0935010735581092,-0.060679997282329125,0.7588096106437421,0.0,0.0,0.0,0.0,0.0,0.0,4.578757956038071e-11,1.87855063701361e-10,2.9118491244384903,34.486116545601654,60.35090696233148,0.0053948113844934165,0.0017485015725993895,0.0020627185288898285,0.00913204195304392,NaN,NaN,NaN,NaN,NaN,NaN
2025-06-11T20:34:43Z,39.978929872941755,-75.15547691614469,22.41061803845339,-20.729417447966316,-13.69597219600419,-0.09974225399736095,1.075451734040581,-0.0659369687785526,0.7719068373503091,0.0,0.0,0.0,0.0,0.0,0.0,5.78706016398818e-11,2.2652202963756043e-10,2.870191491205343,40.49036326115281,61.30826578389064,0.0088336131809543,0.0013542726763874327,0.0022788329228558882,0.009237210891909183,NaN,NaN,NaN,NaN,NaN,NaN
2025-06-11T20:34:44Z,39.97874660186906,-75.15563793589725,22.32931004730471,-20.392376457784287,-13.710536417750973,-0.13213950416458137,1.0696269203245905,0.005402397653209437,0.6480181552942019,0.0,0.0,0.0,0.0,0.0,0.0,7.275148575409077e-11,2.715726180093022e-10,2.974741344149461,45.601064505158384,61.11335596178021,0.007751269608595312,0.0009053609093111407,0.00220202527710906,0.00944232629282049,NaN,NaN,NaN,NaN,NaN,NaN
2025-06-11T20:34:45Z,39.97855984721945,-75.1557891070327,22.318671803486534,-20.32262404249124,-13.770546213745702,-0.09641230282639378,1.0722745177651583,-0.11206175206943075,0.8355552445410228,0.0,0.0,0.0,0.0,0.0,0.0,9.08843073743935e-11,3.222355952778312e-10,2.699180898416454,50.20080036139302,60.12017701149502,0.008351291649369335,0.0005929948430477827,0.0020998334705832297,0.00951774473230826,NaN,NaN,NaN,NaN,NaN,NaN
2025-06-11T20:34:46Z,39.97837594489362,-75.15594323782445,22.243011574897686,-20.075671881296095,-13.751590068219427,-0.067767693228323,1.0760477705937472,0.0011779038067885924,0.8192061493264082,0.0,0.0,0.0,0.0,0.0,0.0,1.0689794087939713e-10,3.6480404830098976e-10,2.6346812223668024,50.993378646932634,57.102322343746984,0.007062262650297865,0.00044487902604412017,0.0016921777592742552,0.009573237988369985,NaN,NaN,NaN,NaN,NaN,NaN
2025-06-11T20:34:47Z,39.978205628711855,-75.15611953125538,22.16828909034829,-19.975730491386326,-14.28368000126945,-0.0680824319184708,1.082865799358473,-0.07687414040564888,0.7140460870904154,0.0,0.0,0.0,0.0,0.0,0.0,1.3036813199257946e-10,4.2837209429585983e-10,2.81281381024767,55.48841460381912,57.00025099578823,0.006701751529024037,0.00033882469387968477,0.001590333408536068,0.009735718458408172,NaN,NaN,NaN,NaN,NaN,NaN
2025-06-11T20:34:48Z,39.978035794613625,-75.15630733900754,22.07728199035954,-20.093299604807523,-15.423365407065434,-0.04119856896088776,1.061069595938504,-0.29994809970708913,1.2270810856255716,0.0,0.0,0.0,0.0,0.0,0.0,1.5614965599755595e-10,4.918224778263837e-10,2.845438598680016,58.45966756736086,55.57992635266688,0.007645997778159807,0.0002976642699733191,0.0014230189185682645,0.009906912653863524,NaN,NaN,NaN,NaN,NaN,NaN
2025-06-11T20:34:49Z,39.977859555617925,-75.1564921139277,22.066184812352923,-19.418378480502106,-16.655272840200666,0.007702094521037226,1.1039071820586694,-0.26922291900896467,1.7888147492871649,0.0,0.0,0.0,0.0,0.0,0.0,1.8648766740702507e-10,5.594785775413255e-10,2.905517942225048,61.70923989473444,54.25957568966448,0.0071183826379071415,0.00030165686097584615,0.0011625801097664436,0.010026254895417206,NaN,NaN,NaN,NaN,NaN,NaN
2025-06-11T20:34:50Z,39.97769206217155,-75.15670258912178,22.084559769567058,-18.450912052553637,-18.102961221246805,-0.13394367854935105,1.1329444830466726,-0.23346296524855553,1.8304637969000286,0.0,0.0,0.0,0.0,0.0,0.0,2.196653129683095e-10,6.222366278121738e-10,2.7921834527962868,65.77151224184401,49.932337980185885,0.006507396874507139,0.0002334527213126812,0.0011555663599497592,0.010090934326771979,NaN,NaN,NaN,NaN,NaN,NaN
2025-06-11T20:34:51Z,39.97752726059168,-75.1569186927379,21.963143415570745,-17.4963602911351,-18.491914135477174,-0.14715494671103033,1.1163400769986238,-0.21008926110246673,2.1678463970203317,0.0,0.0,0.0,0.0,0.0,0.0,2.6146064615944797e-10,6.99874908770497e-10,2.6972565513655717,70.24421300698485,46.48479811133193,0.004007097755731695,0.00026215281953518443,0.001105291728078045,0.01021880407823776,NaN,NaN,NaN,NaN,NaN,NaN
2025-06-11T20:34:52Z,39.977348106175796,-75.15710701920844,21.986131981065018,-17.098613753431806,-18.46072793322721,-0.22991838372350423,1.101964630258599,-0.10432283106070196,2.1931609981765776,0.0,0.0,0.0,0.0,0.0,0.0,3.140462265070232e-10,7.931415688345416e-10,2.5971403631180796,75.75753041672708,44.32804992063654,0.0029767979713601856,0.00039311772680092637,0.0010123051452618963,0.01040794136290011,NaN,NaN,NaN,NaN,NaN,NaN
2025-06-11T20:34:53Z,39.977189145348724,-75.15731800695663,21.755359757272036,-17.10398246776899,-18.179801625628308,-0.19109505135277036,1.1055452561739219,-0.051206634507090426,1.9569899034796636,0.0,0.0,0.0,0.0,0.0,0.0,3.646670840523673e-10,8.736570850381607e-10,2.7808853353954945,78.13373372130489,42.344268852738125,0.001954517760533197,0.0005315840632858604,0.0008458353989536634,0.010401248723284766,NaN,NaN,NaN,NaN,NaN,NaN
2025-06-11T20:34:54Z,39.9770163111881,-75.15750634670042,21.87014971086393,-17.19158419420599,-18.24774707003871,-0.24577021601243904,1.0825804882705916,-0.17549531161818296,2.1122379768123603,0.0,0.0,0.0,0.0,0.0,0.0,4.220792019484562e-10,9.655808592255323e-10,2.901259738920874,80.84481475250541,41.574593641719865,0.001686194940746844,0.0006544193322780986,0.0007206510278339153,0.010484424460841895,NaN,NaN,NaN,NaN,NaN,NaN
2025-06-11T20:34:55Z,39.97685275070716,-75.15772202980357,21.874036162361342,-17.478957893866966,-18.368323046095895,-0.2296012415928126,1.0763308770660118,-0.07460576462402535,2.220350205051247,0.0,0.0,0.0,0.0,0.0,0.0,4.837234758896914e-10,1.0691821220404084e-9,2.8994988625915172,83.43871736938164,41.57339168167593,0.0011245644626364842,0.0007237592265538414,0.0006188104995174405,0.010537574505204185,NaN,NaN,NaN,NaN,NaN,NaN
2025-06-11T20:34:56Z,39.97669905046609,-75.15795122527514,21.897726808081647,-17.236158841395255,-18.191255197057647,0.05655519840462916,1.1252422899939085,-0.09583779901523515,2.206271491369908,0.0,0.0,0.0,0.0,0.0,0.0,5.444137226418354e-10,1.16462204278925e-9,2.9334573047610615,84.54270376970679,41.27840215630059,0.0012639310622017629,0.0008499240611489065,0.0005725233825638568,0.01049948278159852,NaN,NaN,NaN,NaN,NaN,NaN
2025-06-11T20:34:57Z,39.976536805325104,-75.15816179701159,22.098430083432678,-16.387839029323807,-18.261495748503727,0.020460789013203022,1.1190221023455968,-0.09125343663562842,2.2616148069264934,0.0,0.0,0.0,0.0,0.0,0.0,6.131217444178263e-10,1.2654503571184387e-9,2.8377162263326583,85.70080165057016,40.59552683299955,0.002122985650929485,0.0009388297720243336,0.0005175320082906298,0.010420148180835594,NaN,NaN,NaN,NaN,NaN,NaN
2025-06-11T20:34:58Z,39.97640402844066,-75.1583907883337,22.13106297478607,-15.55143057408766,-18.207729270084318,-0.004975110293506263,1.1255259949608336,-0.11328512054438417,2.3780205523287363,0.0,0.0,0.0,0.0,0.0,0.0,6.86374879732529e-10,1.3348244779852625e-9,2.8020285998813463,86.46881118645746,39.561774124170526,0.002309048429556656,0.0010451514714614999,0.0003821100724614712,0.010275590447737088,NaN,NaN,NaN,NaN,NaN,NaN
2025-06-11T20:34:59Z,39.976276268960596,-75.15860942082833,22.219525333981885,-14.445600510291474,-18.038893986947713,0.034856528442006575,1.1541055362543287,-0.04052976961627884,2.1955051864671873,0.0,0.0,0.0,0.0,0.0,0.0,7.545887538082117e-10,1.4117999817861048e-9,2.840540658227809,85.46764629130843,39.64058015505095,0.0031768691110275514,0.0011147814266321196,0.0002893410654812678,0.010154646667004632,NaN,NaN,NaN,NaN,NaN,NaN
2025-06-11T20:35:00Z,39.976160905362114,-75.15883540768495,22.176569739724663,-13.379575582596505,-17.82195829387,-0.13787027819263684,1.138737910757117,-0.14491577723049015,2.3115324958878127,0.0,0.0,0.0,0.0,0.0,0.0,8.342478567959095e-10,1.4945669049158368e-9,2.633485579907975,83.82046923825469,40.04572642679148,0.004144937155437851,0.001203147601246787,0.00016205579196089794,0.010170700596216494,NaN,NaN,NaN,NaN,NaN,NaN
2025-06-11T20:35:01Z,39.97606339312097,-75.15907809862114,22.18802508556909,-12.738494316097997,-18.135462379896435,-0.15387921169713742,1.1657448071808494,-0.03149110333322069,2.1625727241007544,0.0,0.0,0.0,0.0,0.0,0.0,9.178941906404869e-10,1.5819922992451865e-9,2.6736799584922086,82.86506458176676,39.838607134435144,0.0022286322313603262,0.0011477859161288676,0.00009188559890471698,0.010306813981842248,NaN,NaN,NaN,NaN,NaN,NaN
2025-06-11T20:35:02Z,39.975965952145714,-75.15932358355145,22.198084216929654,-12.462036595932084,-17.99815158173186,-0.222602654039199,1.1573539664790047,-0.1266352932781016,2.3139392147184035,0.0,0.0,0.0,0.0,0.0,0.0,1.0125421622450532e-9,1.6796468821521652e-9,2.7847362120745327,82.0625277290247,40.79686369106516,0.0020514916877773346,0.0012006248349512596,0.00005791233195088295,0.010179361806656921,NaN,NaN,NaN,NaN,NaN,NaN
2025-06-11T20:35:03Z,39.97586887717137,-75.15956436165352,22.166185603077114,-12.445785510553442,-17.72179575406295,-0.03808575755352663,1.1411193541526894,-0.002462047385058196,2.251819645851519,0.0,0.0,0.0,0.0,0.0,0.0,1.0990933268165122e-9,1.7899831159794532e-9,2.7481215778095356,80.38599387983862,42.29625406236856,0.0016134948241291862,0.0013074841917171402,0.000059262316708110275,0.010127190549038143,NaN,NaN,NaN,NaN,NaN,NaN
2025-06-11T20:35:04Z,39.97577431946225,-75.15980522243808,22.22167931965079,-12.118846317589218,-17.40713227984824,-0.10714392098137179,1.1413063044286706,-0.0700807397025966,2.2489332378468676,0.0,0.0,0.0,0.0,0.0,0.0,1.1857551144990335e-9,1.89400829079641e-9,2.7014467283142065,77.58734252126877,44.4175749164373,0.0021582446330749207,0.0013354225456990246,0.00006886938706555546,0.010156298185536813,NaN,NaN,NaN,NaN,NaN,NaN
2025-06-11T20:35:05Z,39.97566710777131,-75.16002634876205,22.232093938984498,-11.970888879478988,-17.111330393249784,-0.15279244527440686,1.1207684281308319,-0.034927331116900044,2.2552475337340563,0.0,0.0,0.0,0.0,0.0,0.0,1.2739796191137123e-9,2.000197881709291e-9,2.788333934735829,75.04826318313881,45.70887255906382,0.0021206917424884284,0.0012347079432360722,0.00012021923263238912,0.01010240126570866,NaN,NaN,NaN,NaN,NaN,NaN
2025-06-11T20:35:06Z,39.975589962038406,-75.16027242809794,22.280678915060623,-11.744289268449856,-17.192653148806397,-0.16804484847029444,1.1280597065877829,-0.07194273554494383,2.274974262310426,0.0,0.0,0.0,0.0,0.0,0.0,1.3867482866847253e-9,2.12511551257437e-9,2.6773781449648424,74.06063835165001,48.24984765921175,0.0018547179158852985,0.0011737209691839376,0.0001930706768046966,0.010206680184382868,NaN,NaN,NaN,NaN,NaN,NaN
2025-06-11T20:35:07Z,39.975485039379365,-75.16048214199347,22.468181505105203,-11.880192995561503,-17.063407042150207,-0.046465605308647864,1.117936056921717,-0.0065306668914398335,2.2784185482961745,0.0,0.0,0.0,0.0,0.0,0.0,1.4888793460796672e-9,2.2110124106153727e-9,2.613037912218412,72.9813238979827,50.71851684126725,0.0013824996993877447,0.0011413531364907663,0.0002771669039471066,0.010214557833280642,NaN,NaN,NaN,NaN,NaN,NaN
2025-06-11T20:35:08Z,39.97536490906891,-75.1606743954846,22.466631226318086,-11.80502121386297,-16.944631038530964,-0.1635651184745534,1.0768733694782207,-0.03982330718802741,2.2549558595752783,0.0,0.0,0.0,0.0,0.0,0.0,1.6236873849069691e-9,2.3314527015239466e-9,2.7828394669854983,73.36066858622021,53.48490006778953,0.001705827553743209,0.0011998537614111876,0.00035644579668024396,0.010244746492919956,NaN,NaN,NaN,NaN,NaN,NaN
2025-06-11T20:35:09Z,39.97527401311293,-75.16089053148012,22.51909507436729,-12.012231450436834,-17.312732765429132,-0.18418787388972518,1.074957956802134,-0.10753267732157584,2.4017643284981003,0.0,0.0,0.0,0.0,0.0,0.0,1.7590617600062945e-9,2.46849861796049e-9,2.9635350392911635,73.77223615007628,56.8814274791018,0.0017437230510501766,0.001209136805810509,0.00044909142186058394,0.010336279324581544,NaN,NaN,NaN,NaN,NaN,NaN
2025-06-11T20:35:10Z,39.975159162615,-75.16110707749255,22.409944108756395,-12.17863272462052,-17.741976268394048,-0.16100945222628818,1.0708983650047865,-0.031819033869210485,2.309063020684662,0.0,0.0,0.0,0.0,0.0,0.0,1.8333933875378971e-9,2.5307276605404227e-9,2.7729252259581174,72.10427793421724,59.24115196416106,0.0009636176728702652,0.00121220031630843,0.000577484530484634,0.010372831994585675,NaN,NaN,NaN,NaN,NaN,NaN
2025-06-11T20:35:11Z,39.97504009785818,-75.16132893739687,22.359286000055533,-12.513177034080643,-17.714989203518726,-0.23756094959631627,1.075740684655428,-0.00029475577669849394,2.2793068088952113,0.0,0.0,0.0,0.0,0.0,0.0,1.951719922381542e-9,2.6336725242246138e-9,2.8592333025497516,72.31537635604074,62.40684920030653,0.0008425088462799534,0.0013214077498236684,0.0006355592570320463,0.010398903699163952,NaN,NaN,NaN,NaN,NaN,NaN
2025-06-11T20:35:12Z,39.97493562643942,-75.16155405876997,22.297449583152257,-12.450114101966937,-17.748252169247166,-0.15372843434458563,1.0553186130728835,-0.07848544890653945,2.268691071157271,0.0,0.0,0.0,0.0,0.0,0.0,2.065213577314619e-9,2.736191177512539e-9,2.8392019011821685,71.01892382233594,65.4584764286841,0.0013454477963503392,0.0014508597983387684,0.0007368478301869054,0.010307275881483429,NaN,NaN,NaN,NaN,NaN,NaN
2025-06-11T20:35:13Z,39.97482842657107,-75.1617644769004,22.420294907127847,-12.329995020388534,-17.716552899040792,-0.21262055846772165,1.0195366481669248,-0.036272698075600296,2.3272040291208387,0.0,0.0,0.0,0.0,0.0,0.0,2.1310856965070353e-9,2.8226125994833765e-9,2.950871979256721,69.26549590265985,68.97188833994699,0.0016054441853215618,0.0014899376699227156,0.0008318796347606965,0.01002725541850221,NaN,NaN,NaN,NaN,NaN,NaN
2025-06-11T20:35:14Z,39.97471018512981,-75.16196546702214,22.44953378922388,-12.798489601871198,-17.90547195489199,-0.2190640846223232,1.0142387871518077,-0.0275782316245917,2.2497157150264426,0.0,0.0,0.0,0.0,0.0,0.0,2.218948941099454e-9,2.984485622867969e-9,2.9588502896641535,68.09807470226986,72.17604271070441,0.0014005481662594332,0.0015652327193609059,0.0008064949238732985,0.009942747044804176,NaN,NaN,NaN,NaN,NaN,NaN
2025-06-11T20:35:15Z,39.97456189778668,-75.1621610184401,22.477396594776675,-13.258923246519009,-18.149322035964524,-0.22936561378117004,0.9905340731732193,-0.0699031349795175,2.3460229543911817,0.0,0.0,0.0,0.0,0.0,0.0,2.4040070385833005e-9,3.2589954240120637e-9,2.7699943523027075,69.79561795068611,78.03711057334239,0.0013287874344166991,0.0016652966682598252,0.0008307756708666271,0.0099926658354279,NaN,NaN,NaN,NaN,NaN,NaN
2025-06-11T20:35:16Z,39.974419270888625,-75.16236250483516,22.42083362832924,-13.603626775604884,-18.267581580796453,-0.15345604271044685,0.988005406214617,-0.02444231051711026,2.3780819302284866,0.0,0.0,0.0,0.0,0.0,0.0,2.550789912647835e-9,3.448604708476033e-9,2.711050231754282,71.1345800230981,83.34704511017449,0.0013079667160429494,0.001742612612031406,0.0008748317638037949,0.010125229983441602,NaN,NaN,NaN,NaN,NaN,NaN
2025-06-11T20:35:17Z,39.974290390346255,-75.16259482035711,22.370627968633492,-14.04413713943182,-18.383630560881763,-0.22206836503729807,0.9820130336989967,0.025482601947482416,2.2471090641025144,0.0,0.0,0.0,0.0,0.0,0.0,2.6983367622271996e-9,3.671058722305599e-9,2.7503186862678213,72.62495082893784,88.17838471169131,0.0010956223422902516,0.001796496193616435,0.0009328399488004237,0.01034989505115572,NaN,NaN,NaN,NaN,NaN,NaN
2025-06-11T20:35:18Z,39.97415096005737,-75.16284036854564,22.192542243207818,-14.273270279331745,-18.663345330622864,-0.1911963112034143,0.9772648580726853,-0.08826645090431522,2.4051775568423395,0.0,0.0,0.0,0.0,0.0,0.0,2.8567531769770653e-9,3.844803220600047e-9,2.5945643172126918,73.81015494261581,92.52488592432984,0.0010981535756917854,0.0019210554205403086,0.0010000007877468515,0.010493469752556666,NaN,NaN,NaN,NaN,NaN,NaN
2025-06-11T20:35:19Z,39.97402875595642,-75.16311822511153,22.110170440510544,-14.741038692936549,-19.100774829472936,-0.13352842823833774,0.9956586444539406,0.013527352804850581,2.4107806691714337,0.0,0.0,0.0,0.0,0.0,0.0,3.016401019116906e-9,4.028801227682671e-9,2.600051443939357,76.475724355784,98.10531085495344,0.0005111894497768872,0.001981223801664389,0.0010814747553199895,0.010690813527466808,NaN,NaN,NaN,NaN,NaN,NaN
2025-06-11T20:35:20Z,39.97394676754375,-75.1634271065058,22.016089378447443,-14.756764176352169,-19.353383748424154,-0.17393950503208494,0.9973343228042065,-0.028682655550210184,2.3602979078185977,0.0,0.0,0.0,0.0,0.0,0.0,3.1613708803049203e-9,4.152188520340035e-9,2.732825662889591,78.45403247115563,101.79582368560287,0.0003951301354540859,0.0019969671760479155,0.0011940758052687347,0.010827579747672183,NaN,NaN,NaN,NaN,NaN,NaN
2025-06-11T20:35:21Z,39.97385907793144,-75.16370691567987,21.830133135926136,-14.257183097928726,-19.000327025099295,-0.15885007169158727,1.0127310911514957,-0.061780888037859305,2.5939846151097425,0.0,0.0,0.0,0.0,0.0,0.0,3.2559356329236856e-9,4.283141187596492e-9,2.777320950646758,79.81978813308554,108.71770456187987,0.0005905224491453734,0.002055927751406715,0.0012879401583891323,0.010796072769080513,NaN,NaN,NaN,NaN,NaN,NaN
2025-06-11T20:35:22Z,39.97373899922251,-75.16395479499143,21.6735919807291,-13.872126554533217,-18.830520562541523,-0.17773177307163862,1.039902389863049,0.008647974044563788,2.531680116223129,0.0,0.0,0.0,0.0,0.0,0.0,3.2898266250312357e-9,4.38988997874174e-9,2.8145003447482457,79.93318732597552,114.92731609794605,0.00041125287424357665,0.00212097317739355,0.0013178004845531923,0.010577870339146742,NaN,NaN,NaN,NaN,NaN,NaN
2025-06-11T20:35:23Z,39.973555833618384,-75.1641582072987,21.612350998836664,-13.981310644885019,-18.35039345137878,-0.24500849981708936,1.0249645051082017,0.04881525966123067,2.3693402897615052,0.0,0.0,0.0,0.0,0.0,0.0,3.328926822431175e-9,4.432056028705034e-9,2.951515677821132,81.42757415793957,121.50565050742523,0.0011317077324018879,0.002217892992254856,0.001339704759341706,0.01051857653111915,NaN,NaN,NaN,NaN,NaN,NaN
2025-06-11T20:35:24Z,39.973460048092676,-75.1644127164131,21.518476600172455,-13.964403949317987,-18.336024727701144,-0.21288353506709304,1.0322097886621102,-0.028753036369928205,2.3534159487246313,0.0,0.0,0.0,0.0,0.0,0.0,3.4767563253415846e-9,4.697216060367438e-9,2.821886295441606,84.84957219998039,129.74019261624107,0.0028189865668852535,0.002195046690400949,0.0014046406691036958,0.010582636651685334,NaN,NaN,NaN,NaN,NaN,NaN
2025-06-11T20:35:25Z,39.97337047125942,-75.16471132197114,21.40884827473055,-13.49929549333501,-18.765109067484666,-0.2416271666343464,1.0219368783449272,-0.06728602271347678,2.4277891891118712,0.0,0.0,0.0,0.0,0.0,0.0,3.6767945007528393e-9,4.941502342155317e-9,2.7285952429157554,87.97333464412038,134.4803503416601,0.003162410417739322,0.0020100375388384406,0.0015003517118643349,0.010629852167626169,NaN,NaN,NaN,NaN,NaN,NaN
2025-06-11T20:35:26Z,39.97324591364948,-75.1649317422912,21.275427317309475,-13.644535310742901,-18.787444619520198,-0.25254215114838396,1.0341532924600998,0.06605155833060147,2.211436808749631,0.0,0.0,0.0,0.0,0.0,0.0,3.8631969501564764e-9,5.166108199946e-9,2.7994419577019203,92.73534761597423,138.90942590941307,0.0021006524279090595,0.0017908024133393746,0.0016113373223009056,0.01060412544875125,NaN,NaN,NaN,NaN,NaN,NaN
2025-06-11T20:35:27Z,39.97492712832591,-75.15705043318665,20.024024768320313,-16.471708424636596,13.414477490544982,-0.1279536855836173,1.0469897732297264,-0.11637330984785181,2.458799361623918,0.0,0.0,0.0,0.0,0.0,0.0,1.4170330046010715e-13,4.3378156610359575e-12,1.0811743719003402,0.36848238885047335,0.46704255854341475,0.00027484615985040015,0.00008275338354461255,0.00009664511715917992,0.00001815208122588606,NaN,NaN,NaN,NaN,NaN,NaN
2025-06-11T20:35:28Z,39.97478310347181,-75.1568938225554,20.241859136513153,-15.412347115447929,13.459478662189637,-0.06257270552399624,1.0056700256702316,-0.2831952610593036,-3.125071476648527,0.0,0.0,0.0,0.0,0.0,0.0,2.5050049732177283e-13,3.62209608128215e-12,1.8054674804233257,0.7600964937235346,0.6765647630266531,0.000767697266674599,0.0001280851140946062,0.00017940048173815671,0.00007109379380942961,NaN,NaN,NaN,NaN,NaN,NaN
2025-06-11T20:35:29Z,39.97464596119302,-75.15672955347938,20.590506493379387,-14.945910923690384,14.757751157313194,0.027333036365231923,1.1147956575388593,-0.2548884021475017,-2.56983520251109,0.0,0.0,0.0,0.0,0.0,0.0,4.574556530402334e-13,4.513920274799229e-12,2.2047244009215436,1.3143378999856508,0.8826933611051102,0.0014014147723219114,0.00013026324759672698,0.0002702062053444876,0.00012750390474987084,NaN,NaN,NaN,NaN,NaN,NaN
2025-06-11T20:35:30Z,39.97451171253153,-75.15654798660088,20.700156536017058,-14.81232954692266,16.151686378220184,-0.10281127030032283,1.1403611405928904,-0.0750486335451814,-2.613116580562784,0.0,0.0,0.0,0.0,0.0,0.0,7.310464451810195e-13,5.100157722167564e-12,2.527732860833303,1.8563721824450317,1.0014065196551147,0.0023708598446498604,0.0001242898739251739,0.00030855109410529084,0.00023462046748568195,NaN,NaN,NaN,NaN,NaN,NaN
2025-06-11T20:35:31Z,39.97437389718283,-75.15635532444009,20.707912058311265,-15.714189207247358,16.955725793856327,-0.1311003097554345,1.1437251267804056,0.16070516710531427,3.1109540927089405,0.0,0.0,0.0,0.0,0.0,0.0,1.1641211963928313e-12,6.013081877897701e-12,2.8007709527394318,2.6096076886564257,1.1456502693867652,0.0017427341848969223,0.00011532477365568664,0.0003572047017786826,0.00047931645622203484,NaN,NaN,NaN,NaN,NaN,NaN
2025-06-11T20:35:32Z,39.97422714020838,-75.1561446412215,20.633316846817394,-16.491510552445302,18.44087557045294,-0.15370157559766665,1.1782182883424699,-0.03259776042841772,-3.041588022155582,0.0,0.0,0.0,0.0,0.0,0.0,1.5038240843995555e-12,2.225673530141793e-12,2.7332184043246177,3.56431743015095,0.8970283485034581,0.003655704388240646,0.00010138548793406467,0.0004401868113845005,0.000671142035095713,NaN,NaN,NaN,NaN,NaN,NaN
2025-06-11T20:35:33Z,39.9740781595372,-75.1559215137038,20.47346640733688,-16.26018427349736,19.706643608671666,-0.34102980170766223,1.141996741375063,-0.10236903987565277,-3.0474883930433045,0.0,0.0,0.0,0.0,0.0,0.0,2.226985004249849e-12,1.8316676134122734e-12,2.855499081235665,4.483499607594649,0.6708152408052707,0.0022488108558392753,0.000034506691734985594,0.00038934312118549453,0.001258314042970502,NaN,NaN,NaN,NaN,NaN,NaN
2025-06-11T20:35:34Z,39.97393580415472,-75.15569670232564,20.369436599741782,-15.204036425632676,19.057924993922818,0.06468577409825635,1.1482084538096777,-0.2779169067438681,-2.4876589426058304,0.0,0.0,0.0,0.0,0.0,0.0,3.3244674168084793e-12,1.6747722083402503e-12,2.8198756386067236,5.472222325052517,0.5191220190529335,0.0008533360945615182,0.000019367735171980997,0.00040435885172000107,0.0017047194664191914,NaN,NaN,NaN,NaN,NaN,NaN
2025-06-11T20:35:35Z,39.973797909695705,-75.15546301355556,20.035502198100577,-15.09559853081307,20.556653610650102,-0.0680445004372892,1.206036808483797,-0.07042777107882525,-2.6487163718701288,0.0,0.0,0.0,0.0,0.0,0.0,4.792746716828923e-12,2.0515851929788374e-12,2.7061623464985267,6.885748520498274,0.5350152740010927,0.0010282374609394,0.00003997144728539873,0.0004728585827990949,0.0018756868429572707,NaN,NaN,NaN,NaN,NaN,NaN
2025-06-11T20:35:36Z,39.97366012497954,-75.1552204219579,20.34444179849699,-15.383539993056843,21.086060444662657,-0.07036774274047566,1.2229363234254176,-0.03745951699450465,-2.6976115756131254,0.0,0.0,0.0,0.0,0.0,0.0,6.6780146039411375e-12,2.553764944487953e-12,2.7075523202776686,8.13359729946862,0.5593167629423759,0.0008359173239691452,0.00004288750525368696,0.0005001670078628104,0.0019397447269972378,NaN,NaN,NaN,NaN,NaN,NaN
2025-06-11T20:35:37Z,39.97351831332045,-75.15497238532166,20.487025267356724,-15.86870666377374,21.467814973367272,-0.08216969837506487,1.2226838229760038,-0.08360814964434561,-2.5398769978737548,0.0,0.0,0.0,0.0,0.0,0.0,8.895999616485652e-12,3.029636380808273e-12,2.879549752118181,9.140169718309663,0.5624172210782907,0.000745879684487106,0.00005383021335527436,0.0005253482502276686,0.0019145870996598287,NaN,NaN,NaN,NaN,NaN,NaN
2025-06-11T20:35:38Z,39.973377398372996,-75.15471678513416,20.517500334072395,-15.777035751323824,22.3553344400605,-0.20444324202562905,1.2212135892372011,-0.09228380655137583,-2.5624428095722727,0.0,0.0,0.0,0.0,0.0,0.0,1.1657700821553983e-11,3.533699147755294e-12,2.929296853086195,10.521987264166848,0.5911889540758225,0.00097982028518165,0.00006961781583600466,0.0005821167175898375,0.0019040629140158962,NaN,NaN,NaN,NaN,NaN,NaN
2025-06-11T20:35:39Z,39.97323865473208,-75.154457179819,20.496258839490206,-15.840892554520531,22.440031536835022,0.01650350927008803,1.2261358217530218,-0.0379042340725538,-2.6146005423273606,0.0,0.0,0.0,0.0,0.0,0.0,1.4985062585554532e-11,3.950643367634897e-12,2.8722211908882422,12.260485447214208,0.5970256901286433,0.0011053570921993087,0.00007684520734527047,0.0006818034464344113,0.0018841152588329915,NaN,NaN,NaN,NaN,NaN,NaN
2025-06-11T20:35:40Z,39.973091326217265,-75.15419099784243,20.697146638998873,-16.345900560966047,23.47104489718383,-0.0329527080229473,1.228949695380805,-0.04712174087758509,-2.6706313691631096,0.0,0.0,0.0,0.0,0.0,0.0,1.9225492851595772e-11,4.4874939851818015e-12,2.9667779190834564,14.118393438783276,0.632974291106681,0.0015063696536671961,0.00008056836148680546,0.0007519422617634871,0.001861429586954995,NaN,NaN,NaN,NaN,NaN,NaN
2025-06-11T20:35:41Z,39.972945432981795,-75.15390982850218,20.722530662356345,-16.64109193102332,24.62708874146461,-0.07238509545207003,1.2232499816387303,-0.10173163977016683,-2.6138319565316386,0.0,0.0,0.0,0.0,0.0,0.0,2.4563714519226336e-11,5.008993872311543e-12,2.878542362923089,16.3326137769134,0.6440517462850348,0.0021136824408246415,0.00007985506821474422,0.0008192024152915885,0.0018757346439469008,NaN,NaN,NaN,NaN,NaN,NaN
2025-06-11T20:35:42Z,39.97279616296876,-75.15361558846458,20.724609245956387,-16.575404528638003,25.663058114869415,-0.21559016097726713,1.2248849014601244,-0.0881517146305734,-2.633960169433597,0.0,0.0,0.0,0.0,0.0,0.0,3.134937441621535e-11,5.5830054760666695e-12,2.8175849898468286,18.97302445727715,0.679335528653985,0.0016831722702226651,0.00009535847988153909,0.0008458120872118354,0.0019824500850406895,NaN,NaN,NaN,NaN,NaN,NaN
2025-06-11T20:35:43Z,39.97264736948045,-75.15331457554296,20.545845472470926,-16.48587028941303,26.153910662657264,-0.2528338731489571,1.2219517413649337,-0.07947104849447624,-2.5708417409878312,0.0,0.0,0.0,0.0,0.0,0.0,3.9217984571963955e-11,6.23349532113766e-12,2.839788347988741,21.5721671473329,0.6878782485374272,0.001347719394280521,0.00009519750355733882,0.0009006467453907006,0.0019922986022263933,NaN,NaN,NaN,NaN,NaN,NaN
2025-06-11T20:35:44Z,39.97249918629237,-75.15300635399032,20.58991938422571,-16.516206407604916,26.724836004968196,-0.27748116849202814,1.1943781962923412,-0.10624181147940095,-2.591347388095673,0.0,0.0,0.0,0.0,0.0,0.0,4.8827134448448054e-11,6.935697770623082e-12,2.8377221914433792,25.003520722035695,0.6889224739377099,0.001164089271694777,0.00008854335211015701,0.0009914249194070445,0.002015282108080358,NaN,NaN,NaN,NaN,NaN,NaN
2025-06-11T20:35:45Z,39.97234948272015,-75.1526960205455,20.50375044305425,-16.589232186991428,26.809378855559082,-0.2703890757756552,1.1555443247904476,-0.0017384845648479362,-2.6167182857576807,0.0,0.0,0.0,0.0,0.0,0.0,6.047657635204455e-11,7.779751674075088e-12,2.6803869669705236,28.92223844912804,0.6999787450493933,0.00116767745947534,0.0000849035570690177,0.0011101395110057798,0.002076908408100241,NaN,NaN,NaN,NaN,NaN,NaN
2025-06-11T20:35:46Z,39.972200777360285,-75.15238598678286,20.25399970747765,-17.26080759113653,26.446916619895074,-0.28754018695907235,1.1467712868483737,-0.0038375119137798825,-2.600495921462611,0.0,0.0,0.0,0.0,0.0,0.0,7.516231860332624e-11,8.739178174866055e-12,2.720771386218536,32.956230632627,0.720287924414163,0.0010737649995863172,0.00006554440623987542,0.001201416116086983,0.002163839143911329,NaN,NaN,NaN,NaN,NaN,NaN
2025-06-11T20:35:47Z,39.97205226592891,-75.15207552791102,20.1075753031472,-17.346985654901925,26.74586946205821,-0.27191920356717125,1.1207145593796455,-0.00642857113221387,-2.6236622009039023,0.0,0.0,0.0,0.0,0.0,0.0,9.024987687683918e-11,9.41628730792562e-12,2.827061399674669,36.32566131335279,0.8747611165998183,0.0017634807408186185,0.00009855387716400592,0.0012115540423352229,0.0022047411581090533,NaN,NaN,NaN,NaN,NaN,NaN
2025-06-11T20:35:48Z,39.971901281415526,-75.1517603686838,20.090735374401575,-17.27864597522433,26.95300094026241,-0.07040433083854629,1.0873599421944373,-0.026882070611031993,-2.572036677788027,0.0,0.0,0.0,0.0,0.0,0.0,1.08191409900099e-10,1.0019695459779546e-11,2.971398861128142,39.447948528740326,1.1458287901718631,0.001911580308630756,0.00015456020257173294,0.0011278284381003542,0.002350000721570456,NaN,NaN,NaN,NaN,NaN,NaN
2025-06-11T20:35:49Z,39.97174548545879,-75.15144079292897,20.151387874576397,-17.526835703723915,27.313524381637343,-0.091177913249391,1.073158297454204,-0.008657614546866641,-2.594192662279566,0.0,0.0,0.0,0.0,0.0,0.0,1.2908832521287403e-10,1.0826392609673961e-11,2.7942871768000255,42.54447068791695,1.5769202631287287,0.0013267381500882988,0.00023307843742663927,0.001051943702683291,0.0024725523066732344,NaN,NaN,NaN,NaN,NaN,NaN
2025-06-11T20:35:50Z,39.9715957577684,-75.15111588336062,20.032772579991043,-17.873611084939423,28.068188960479795,-0.06817011837285668,1.0606585047118635,-0.03482768574931562,-2.5897728890908005,0.0,0.0,0.0,0.0,0.0,0.0,1.5257592848466007e-10,1.1774948325227695e-11,2.835058242464687,46.11512624543705,2.090504835187882,0.001572057502960328,0.00029953609481247074,0.0010245711241124757,0.0025387199774885723,NaN,NaN,NaN,NaN,NaN,NaN
2025-06-11T20:35:51Z,39.97143785677979,-75.15078277757145,19.928462146119603,-18.04157229209793,28.9072528468266,-0.07121593451024508,1.0497777519225704,-0.06785355211450524,-2.5229987447789237,0.0,0.0,0.0,0.0,0.0,0.0,1.7916922794909712e-10,1.2834373480827385e-11,3.0515135705230625,49.84471074407332,2.7830211501010105,0.00119463113983332,0.00036984406690040056,0.0010037059393531223,0.002614741795643601,NaN,NaN,NaN,NaN,NaN,NaN
2025-06-11T20:35:52Z,39.97128384641305,-75.150440902117,19.726478512749047,-18.254815639468827,29.558812666354985,-0.03507188810274274,1.0506067530740084,-0.002768588122248017,-2.581654165554187,0.0,0.0,0.0,0.0,0.0,0.0,2.0577136456414947e-10,1.393001985693736e-11,2.7938475844604422,52.73139472061885,3.4559168876632382,0.0011739221907898151,0.00041960396313075354,0.0009910644291101067,0.0025758832579894117,NaN,NaN,NaN,NaN,NaN,NaN
2025-06-11T20:35:53Z,39.97114568295982,-75.15009187805035,19.87867835942906,-18.357591218855248,30.095230074709004,-0.03392465993803442,1.0470994205585975,-0.04076685295513192,-2.5428543379721176,0.0,0.0,0.0,0.0,0.0,0.0,2.3375318755224517e-10,1.5516400803832006e-11,2.7931413518570762,56.314904140975806,4.132356925997228,0.000962143327699521,0.0004070757487344373,0.001074765459597086,0.002580263522391383,NaN,NaN,NaN,NaN,NaN,NaN
2025-06-11T20:35:54Z,39.97098664057711,-75.14973693195084,19.899556839030122,-18.5233246559947,30.62127345786506,-0.01841024643914684,1.0405903586114116,-0.03714746535285894,-2.5286145108337825,0.0,0.0,0.0,0.0,0.0,0.0,2.702426858119644e-10,1.773781754073234e-11,2.8151599702802317,60.3395579317453,4.990221248512834,0.0008766406626871356,0.0004425741571422026,0.0011014727140878089,0.002593583173566758,NaN,NaN,NaN,NaN,NaN,NaN
2025-06-11T20:35:55Z,39.9708175590015,-75.14937625231494,19.846888201898402,-18.792822505826667,31.186265383581702,-0.02178941389518734,1.0363805450941497,-0.03467081959019228,-2.538040060254825,0.0,0.0,0.0,0.0,0.0,0.0,3.1167309661750227e-10,2.031327075291994e-11,2.861417499217763,64.87945603738352,5.845688255835919,0.000920880413159964,0.0004595194046335325,0.0011480571090902289,0.002637226104447665,NaN,NaN,NaN,NaN,NaN,NaN
2025-06-11T20:35:56Z,39.9706355054264,-75.1490080011257,19.818541011289994,-19.227976948160055,31.693414807430532,-0.040367127706845786,1.0312354054887316,-0.003728011563564028,-2.6122398020025943,0.0,0.0,0.0,0.0,0.0,0.0,3.5793523711539244e-10,2.3473983117949573e-11,2.9003965176352047,70.047400981225,6.87534755579181,0.0010683963033321412,0.0004918748872045373,0.0012002942173861707,0.0026365564826991276,NaN,NaN,NaN,NaN,NaN,NaN
2025-06-11T20:35:57Z,39.97044994957791,-75.14863767882096,19.67673862382898,-19.113630212953126,31.106636428200222,-0.08403313288757604,1.0564728466937285,-0.018428491468277138,-2.611289992143108,0.0,0.0,0.0,0.0,0.0,0.0,4.1046309949629085e-10,2.761762518512443e-11,2.7885917479947384,75.02161489133458,7.938154027306847,0.0005854223964925761,0.0005020144405125937,0.0012753218631344604,0.0026919196448042756,NaN,NaN,NaN,NaN,NaN,NaN
2025-06-11T20:35:58Z,39.97027968064351,-75.14827741658308,19.710331837976728,-18.10234816353689,29.682022260999133,-0.0859614518706737,1.051574645163176,-0.06605557905724865,-2.49098226657658,0.0,0.0,0.0,0.0,0.0,0.0,4.649261565545473e-10,3.2575176080343794e-11,2.825151439593615,79.949277729365,9.249819745770719,0.0005465408705322166,0.0005895943218483083,0.0013998284881613944,0.00282888800077265,NaN,NaN,NaN,NaN,NaN,NaN
2025-06-11T20:35:59Z,39.970121163881984,-75.14792818821796,19.787391504978807,-17.860008310428398,29.177032229470655,-0.08040310638899012,1.0563313909996475,0.04348987628412024,-2.593293285758241,0.0,0.0,0.0,0.0,0.0,0.0,5.251036311256453e-10,3.851731579882271e-11,2.9173887222891492,86.18939439278726,10.56192539561621,0.0004217320127326871,0.000618326123129388,0.001584061761175366,0.0031788283458724746,NaN,NaN,NaN,NaN,NaN,NaN
2025-06-11T20:36:00Z,39.969950300859644,-75.14758375317906,19.673164563429694,-18.009883988441278,29.34331196564198,-0.05414969731010727,1.0669141120967445,-0.07889612207153925,-2.556605920073985,0.0,0.0,0.0,0.0,0.0,0.0,5.891852065162439e-10,4.586886300947488e-11,2.736211795053413,92.10589965863967,12.352475407517517,0.0008081246221885915,0.0006984708812073835,0.0016613133710630349,0.0034743998158674023,NaN,NaN,NaN,NaN,NaN,NaN
2025-06-11T20:36:01Z,39.969786036039835,-75.14723972044064,19.402727567962984,-17.72053233511701,29.610812254019436,-0.07890124085424599,1.0715978737243719,-0.048831303502718484,-2.540431687158284,0.0,0.0,0.0,0.0,0.0,0.0,6.620210277813133e-10,5.497641850581732e-11,2.759855009535722,99.53927199086158,13.751861024074387,0.0003322677713698492,0.0006622871238143853,0.0017528492818858754,0.0035267107840505807,NaN,NaN,NaN,NaN,NaN,NaN
2025-06-11T20:36:02Z,39.969618885494086,-75.14689863926272,19.477429870126468,-17.417031353276897,29.295975285443166,-0.06375676111498302,1.0815171293706387,-0.07190737543755017,-2.5331891294034157,0.0,0.0,0.0,0.0,0.0,0.0,7.494238556250036e-10,6.499861169540082e-11,2.745062562407756,106.32879963404179,15.799046202340707,0.0008597702573514569,0.000750986344795924,0.0018074840809879683,0.0035919017546238987,NaN,NaN,NaN,NaN,NaN,NaN
2025-06-11T20:36:03Z,39.96943896755363,-75.14655991700491,19.48305216340807,-17.67628995075431,29.187095753494926,0.0589413839472758,1.1010641607564482,-0.024521123489828805,-2.5257037776677773,0.0,0.0,0.0,0.0,0.0,0.0,8.493024679128943e-10,7.722965149067812e-11,2.79183004161631,114.31372158480161,18.318559771151076,0.0010754438026770957,0.0008505609264376711,0.001803276460857287,0.0037033842830833316,NaN,NaN,NaN,NaN,NaN,NaN
2025-06-11T20:36:04Z,39.96926717988418,-75.14621307320692,19.526833371854902,-17.902579289997572,29.146646193662175,0.09010956955755504,1.125861095393174,0.006938739675514041,-2.567415278280874,0.0,0.0,0.0,0.0,0.0,0.0,9.618595751406134e-10,9.240957368745008e-11,2.626295679688435,122.55500481003499,21.11410239050369,0.0006410288946004747,0.0009422381064264602,0.0017555135168875991,0.0037775058324350424,NaN,NaN,NaN,NaN,NaN,NaN
2025-06-11T20:36:05Z,39.96911646113026,-75.1458625630395,19.620731386123545,-18.103942610838274,29.2213345946107,0.11839821506296642,1.1130832164211781,-0.026721630060015832,-2.5934954383471567,0.0,0.0,0.0,0.0,0.0,0.0,1.0773781152479646e-9,1.0897532736197411e-10,2.7031834100498107,131.5361901817157,23.980333699421305,0.00035009319912840045,0.0010394679183428977,0.0018398229571320165,0.003781102194448754,NaN,NaN,NaN,NaN,NaN,NaN
2025-06-11T20:36:06Z,39.96894349377123,-75.1455137372816,19.730862605317267,-18.368271758078347,29.33602768325199,0.004925497736102541,1.1111109112528899,-0.03800215184094447,-2.5485123305946127,0.0,0.0,0.0,0.0,0.0,0.0,1.1867645845034592e-9,1.2712057021455248e-10,2.9034260621766146,139.86076371552835,27.024324219625537,0.0003226015156877079,0.0011401678957769692,0.0019504603829990795,0.003796594891695761,NaN,NaN,NaN,NaN,NaN,NaN
2025-06-11T20:36:07Z,39.968796829370305,-75.14516288149585,19.557487121950476,-18.617648526362352,29.62664759585573,0.054399202781200764,1.116237670714524,-0.005295901585107912,-2.5916631266897348,0.0,0.0,0.0,0.0,0.0,0.0,1.3042592655409297e-9,1.4772981774683303e-10,2.9099075223622157,148.22784670277116,30.08603154684331,0.00031709124343445334,0.0012178243057567584,0.0019905291673745643,0.003843789795639696,NaN,NaN,NaN,NaN,NaN,NaN
2025-06-11T20:36:08Z,39.96865908965945,-75.14480497863052,19.442494987100734,-18.6611523419502,30.06593175754062,0.00874067690717743,1.109348648099076,-0.05195476437057917,-2.5817022830041845,0.0,0.0,0.0,0.0,0.0,0.0,1.4263554730646867e-9,1.7196886166826328e-10,2.73574444078785,157.34355254756417,33.03684015592351,0.0009455619529341409,0.0012724789033109875,0.0020813767218970268,0.003836263831348326,NaN,NaN,NaN,NaN,NaN,NaN
2025-06-11T20:36:09Z,39.96853321898109,-75.14443609584548,19.576122928775735,-18.451199569828866,30.86915818204782,0.06231193943625092,1.1154337569991521,-0.09426018903553338,-2.5199751933612484,0.0,0.0,0.0,0.0,0.0,0.0,1.5756928444311e-9,2.040540404383094e-10,2.7703111957179187,167.75619174191664,37.09148060533183,0.0011846668011541652,0.0013572944895004163,0.0020267102284996143,0.003903345179454062,NaN,NaN,NaN,NaN,NaN,NaN
2025-06-11T20:36:10Z,39.96838717978014,-75.1440588435697,19.647276428240414,-18.411242234770185,31.67272965205893,-0.05191464240205328,1.106455215575234,-0.04963205872393715,-2.5368037342052214,0.0,0.0,0.0,0.0,0.0,0.0,1.7516144190444918e-9,2.426908723182042e-10,2.8524733173458614,181.08406045623877,41.7041770703429,0.0023689571690367448,0.0013914337963517162,0.0020271389117232337,0.003952030203162355,NaN,NaN,NaN,NaN,NaN,NaN
2025-06-11T20:36:11Z,39.96827733621828,-75.14366431673255,19.650354994595443,-18.381067433579517,32.13518631565466,-0.0020187163946891996,1.1241193789818738,-0.03295666376317015,-2.5227524444918066,0.0,0.0,0.0,0.0,0.0,0.0,1.919996312732975e-9,2.8275369470177363e-10,3.0677864467026366,192.9473140996565,45.240513574366226,0.003004764321773879,0.0012167167162754852,0.0021410855135178585,0.004092473802848888,NaN,NaN,NaN,NaN,NaN,NaN
2025-06-11T20:36:12Z,39.968154899412305,-75.14326887655474,19.600568520128743,-18.695588317114662,32.83180274497124,-0.05899466431023808,1.1269957372914308,0.004153098355850284,-2.5820161009802955,0.0,0.0,0.0,0.0,0.0,0.0,2.100430356790877e-9,3.3033423687127547e-10,2.955390387840442,203.25150343284974,48.782249457316894,0.003850603250836471,0.0010678343956025678,0.002232228549199475,0.004108056352988451,NaN,NaN,NaN,NaN,NaN,NaN
2025-06-11T20:36:13Z,39.96798547051552,-75.14287266783565,19.512105763836793,-19.203602869126115,33.28636188463505,-0.17194538722747538,1.1166707734485728,0.010693950270429926,-2.612563681255964,0.0,0.0,0.0,0.0,0.0,0.0,2.3089646269525607e-9,3.8276536729831285e-10,2.929036795215596,215.44816805067916,52.095610281146904,0.0038776215186831038,0.0009023241533992068,0.0023251383549671724,0.004208120571320393,NaN,NaN,NaN,NaN,NaN,NaN
2025-06-11T20:36:14Z,39.96783365044856,-75.1424725161603,19.488842113779796,-19.147286124291366,33.29339871171858,-0.17401473918317797,1.1133421917956814,-0.03873741384174444,-2.568284312402605,0.0,0.0,0.0,0.0,0.0,0.0,2.517401543793282e-9,4.3943925115553704e-10,2.82296081873539,227.22470886490711,55.382442085692986,0.0037914812129386122,0.0008368830515499667,0.002306847073978028,0.004273751384486035,NaN,NaN,NaN,NaN,NaN,NaN
2025-06-11T20:36:15Z,39.96770171111054,-75.1420604425802,19.541593222581454,-18.701372200781503,33.65877092040993,-0.026701525935533533,1.1075188539355552,-0.02342818673636872,-2.5715739838591016,0.0,0.0,0.0,0.0,0.0,0.0,2.7325214905842846e-9,5.018204351359121e-10,2.864293258292668,234.4451732967438,58.92430046674265,0.002576552381648775,0.0008886749875569607,0.0020739379948510233,0.0043001710440860085,NaN,NaN,NaN,NaN,NaN,NaN
2025-06-11T20:36:16Z,39.96753719444381,-75.14166699111175,19.390840764701256,-18.906715953946556,33.99575519021796,-0.1312992287602094,1.0920495222679603,-0.030186103969817368,-2.583645744792737,0.0,0.0,0.0,0.0,0.0,0.0,2.9887186271656907e-9,5.750143243068425e-10,2.875029262256017,243.12585552342267,62.21530123787569,0.0021369876381553336,0.0009030291114022542,0.0020186469002755184,0.004258149117810733,NaN,NaN,NaN,NaN,NaN,NaN
2025-06-11T20:36:17Z,39.9673938194516,-75.14125841777182,19.314204193958446,-18.634122313416373,34.146671958110836,-0.1603804223970965,1.0826001294597276,-0.03759519152576336,-2.5453005436535157,0.0,0.0,0.0,0.0,0.0,0.0,3.3332317722929487e-9,6.511440236225316e-10,3.0278144324730722,256.5440160935027,65.24148850661776,0.0016682217460951697,0.0009506991859465191,0.0020285740895435995,0.004217208130726252,NaN,NaN,NaN,NaN,NaN,NaN
2025-06-11T20:36:18Z,39.96728060446615,-75.14084461653734,19.082125689448922,-18.030157538868277,34.28154703637669,-0.2071633203681696,1.079105593198949,-0.04900564817081031,-2.6037701789787566,0.0,0.0,0.0,0.0,0.0,0.0,3.624578375728e-9,7.175388795422391e-10,2.817918659147217,264.35208118919127,66.99451447151701,0.0014802660395262317,0.00100092714214865,0.0020120038947677413,0.004262311002260394,NaN,NaN,NaN,NaN,NaN,NaN
2025-06-11T20:36:19Z,39.96720613710962,-75.14040676168877,19.034410406813716,-17.454785211172144,35.0880208748357,-0.3278467666943925,1.0526042457717661,-0.08911574084097588,-2.530796524062359,0.0,0.0,0.0,0.0,0.0,0.0,3.9348105761428805e-9,7.944998413060539e-10,2.70959632922156,273.45160189084976,68.95669783852999,0.002627960740905232,0.00100363329567146,0.0020315150752762594,0.004302878772649746,NaN,NaN,NaN,NaN,NaN,NaN
2025-06-11T20:36:20Z,39.96715664498568,-75.13997888334961,19.018738018540052,-16.763739061200653,34.9570128814449,-0.21865789715677325,1.0369286811899843,0.006502734424316116,-2.656297722478587,0.0,0.0,0.0,0.0,0.0,0.0,4.26273805653137e-9,8.950889798068478e-10,2.6048827652182798,286.73583686913497,71.81199510312813,0.00467545383838199,0.000874879442752852,0.0021849685719453247,0.004420031735615878,NaN,NaN,NaN,NaN,NaN,NaN
2025-06-11T20:36:21Z,39.96706149725092,-75.13956582873666,19.09533815068858,-16.567966891339204,35.27583876220559,-0.09072438645527085,1.005654236143088,-0.09574756520737342,-2.534120140050377,0.0,0.0,0.0,0.0,0.0,0.0,4.59758681689365e-9,1.0094421934672434e-9,2.7122125692840404,300.9348448049351,73.3852756757988,0.0027249036331976908,0.0005943859221838549,0.0023130555550973605,0.004541775726132424,NaN,NaN,NaN,NaN,NaN,NaN
2025-06-11T20:36:22Z,39.96694015614306,-75.13914693540826,19.137919266313762,-16.674453198330482,35.512821117605476,-0.055531708546029235,0.9937269206008739,-0.03238786485863563,-2.406490333839052,0.0,0.0,0.0,0.0,0.0,0.0,4.901989226390811e-9,1.1266863194038688e-9,2.8889266784769054,315.3614177271153,75.9521698258361,0.0025275212457609554,0.0004917661101092513,0.0025149333550151544,0.004669361719297866,NaN,NaN,NaN,NaN,NaN,NaN
2025-06-11T20:36:23Z,39.9668731164424,-75.13870266785554,19.239066410151707,-16.59049014307037,35.67756013642331,-0.016771058578185744,0.9861683650789477,0.01681602636985017,-2.542487655057114,0.0,0.0,0.0,0.0,0.0,0.0,5.2519236951239135e-9,1.2401739252832482e-9,2.9762345714285434,328.22833899173946,76.56713709752006,0.0017223754570392217,0.0003860969010594758,0.002596660625224634,0.004738103181561418,NaN,NaN,NaN,NaN,NaN,NaN
2025-06-11T20:36:24Z,39.96681139864954,-75.13825258940908,19.442768417901807,-15.842666633665797,35.8620113396825,0.009103005881124159,0.952653706832249,-0.19027254570954116,-2.0075090792259496,0.0,0.0,0.0,0.0,0.0,0.0,5.511801375625693e-9,1.3327799108608893e-9,2.7469706413058623,334.73124089848824,76.93533820716779,0.0013377573157742609,0.0003703372554926956,0.0027123087387181423,0.004694545580117888,NaN,NaN,NaN,NaN,NaN,NaN
2025-06-11T20:36:25Z,39.96676318206697,-75.13780713346954,19.466143101476558,-16.770774142832494,34.96026937130055,-0.0715496262503091,1.0327063639711054,-0.03142140534626915,-2.2880235003428524,0.0,0.0,0.0,0.0,0.0,0.0,5.778608818960391e-9,1.4299570955484994e-9,2.8110878118903555,338.41242088638415,77.88013198988459,0.002595928394397869,0.00042849193537217503,0.00257892924571525,0.004779949082518145,NaN,NaN,NaN,NaN,NaN,NaN
2025-06-11T20:36:26Z,39.96671225170483,-75.13737483340395,19.461436742235826,-15.618133885096627,34.30730089822984,-0.05058827392438327,1.009901651832468,0.1423494032676938,-2.7955461865024844,0.0,0.0,0.0,0.0,0.0,0.0,6.173987336915809e-9,1.5646985757305402e-9,2.834872720417202,345.7838236963305,79.56475646873096,0.001140618182930637,0.00047898298164732606,0.002277292989612233,0.005209757994716102,NaN,NaN,NaN,NaN,NaN,NaN
2025-06-11T20:36:27Z,39.9759254724976,-75.13577190875128,19.230602840639484,17.226566287458933,39.7709478277914,-0.12126827491079029,1.0332304927398028,-0.10162836830707121,-2.6645589437521,0.0,0.0,0.0,0.0,0.0,0.0,5.8975267219950806e-12,2.4401824224423886e-12,1.666236549193721,4.965433688260496,1.2369727784145463,0.000502398982946879,0.00015815359526703197,0.0004580230863307287,0.0010890430477654466,NaN,NaN,NaN,NaN,NaN,NaN
2025-06-11T20:36:28Z,39.97608894032405,-75.13530582387098,19.28986818743761,18.01134577841154,39.53084865782034,-0.1294916936031464,1.0339327940829146,-0.05027428674291248,-2.786625414859341,0.0,0.0,0.0,0.0,0.0,0.0,7.571355290812241e-12,3.248572822802194e-12,2.1422864654521536,5.579974962266804,1.4958870795048322,0.0010329786042952425,0.00016557526819701817,0.0004752660563150239,0.0015066355231024857,NaN,NaN,NaN,NaN,NaN,NaN
2025-06-11T20:36:29Z,39.9762523147611,-75.13483746622771,19.20499970319927,17.877074278963224,40.20749228360975,-0.08782531639641307,1.0496117533343479,-0.05921162340716774,-2.728996419661035,0.0,0.0,0.0,0.0,0.0,0.0,9.43818550934269e-12,4.093633594496761e-12,2.4038826391545136,6.227135756739961,1.7384452429252126,0.0005639987425948351,0.00017094482287926152,0.00046635761192692946,0.0019280436082846199,NaN,NaN,NaN,NaN,NaN,NaN
2025-06-11T20:36:30Z,39.97641404397048,-75.13436071731667,19.21202985793453,17.93894234751226,41.13565840701632,-0.08233808450291871,1.0695099903200753,-0.06987696355264589,-2.8259163869435246,0.0,0.0,0.0,0.0,0.0,0.0,1.198032097117449e-11,5.184400683224078e-12,2.7000267166687966,7.131446280395465,2.196992952733045,0.00040985819673578254,0.00022733671124111046,0.0004866101236148731,0.0020087236322512275,NaN,NaN,NaN,NaN,NaN,NaN
2025-06-11T20:36:31Z,39.976573516089445,-75.13387785949564,18.9682400311759,17.885699640537975,41.537186156286346,-0.27159713956264936,1.08054863309927,-0.057795193255727476,-2.7548449432982927,0.0,0.0,0.0,0.0,0.0,0.0,1.5645108740083446e-11,6.581182090543672e-12,2.714699895556693,8.62371934031705,2.81888222123703,0.0006174070475264094,0.0003123482885615118,0.0005541839314243465,0.002025466127561105,NaN,NaN,NaN,NaN,NaN,NaN
2025-06-11T20:36:32Z,39.97672657397809,-75.13339399177404,18.88894624765632,16.9224134080917,41.5100853034201,-0.13078418517747922,1.0858208746688174,-0.001319697495460278,-2.7708197352148063,0.0,0.0,0.0,0.0,0.0,0.0,1.9717025830553105e-11,8.315993129445278e-12,2.8627917651427826,10.123670594766772,3.5231466684902943,0.00048741412350721957,0.0003635074496071694,0.0006046180299369658,0.002058974672721459,NaN,NaN,NaN,NaN,NaN,NaN
2025-06-11T20:36:33Z,39.97688109101516,-75.13291309035009,19.059503369775168,17.18214582178142,41.24606499179554,-0.12422135135414537,1.0875575483184114,-0.04510341387669229,-2.8681698528418282,0.0,0.0,0.0,0.0,0.0,0.0,2.3164851069323574e-11,1.0060522285691753e-11,2.7011853120249425,11.510177404926578,4.0887282312538655,0.0004122792515819502,0.00038842818889529704,0.0006801536881658532,0.0020996007777676897,NaN,NaN,NaN,NaN,NaN,NaN
2025-06-11T20:36:34Z,39.97703549827684,-75.1324374994467,19.07784930564302,17.147386581072457,40.25890872984852,-0.2507151323094895,1.1026519900642346,-0.021534684179625584,-2.7798701360672644,0.0,0.0,0.0,0.0,0.0,0.0,2.799080821764745e-11,1.252401621075503e-11,2.5852906253370347,13.10296956930536,5.004557823469249,0.00045423204285022884,0.0004665569388820529,0.000743849908558881,0.0021397915189978836,NaN,NaN,NaN,NaN,NaN,NaN
2025-06-11T20:36:35Z,39.977189765691705,-75.13196200893198,19.066120191326505,17.04123903291634,40.86901060259303,-0.0613099419519476,1.0899070431227817,-0.09926769253340546,-2.77442673109621,0.0,0.0,0.0,0.0,0.0,0.0,3.362569763256128e-11,1.550984065442332e-11,2.6349585814007206,14.8178504917289,6.0971027044605135,0.00010748595754313581,0.0005549506056745033,0.000807036367182233,0.0021829111596014775,NaN,NaN,NaN,NaN,NaN,NaN
2025-06-11T20:36:36Z,39.977345822333746,-75.1314763000316,19.034764614485095,17.404660328351927,41.871079606137194,-0.025659704956288405,1.0999392965393637,-0.1546811100846921,-2.505824967818246,0.0,0.0,0.0,0.0,0.0,0.0,4.0434722945201445e-11,1.9377022885927815e-11,2.8040294019983696,16.980316077846865,7.487568075875976,0.0006549454428181436,0.0006568340805842062,0.0009160201031232369,0.0022464783439201945,NaN,NaN,NaN,NaN,NaN,NaN
2025-06-11T20:36:37Z,39.97751336400856,-75.13097161806024,19.184393412112257,18.356258438355628,43.27793468268441,-0.1872922504557715,1.1302146567711846,-0.2934853351440702,-2.2785672587962362,0.0,0.0,0.0,0.0,0.0,0.0,4.642968716659539e-11,2.371240310141597e-11,2.8546388579285367,18.955751109400858,8.72965673590721,0.002610360710530072,0.0007166897161146018,0.0010075906753770371,0.002370945263528723,NaN,NaN,NaN,NaN,NaN,NaN
2025-06-11T20:36:38Z,39.97768110785394,-75.13044930747368,19.199163360751886,19.09465409201153,45.394269354406,-0.08523436322896459,1.0936101803825717,-0.4324840407719817,-1.7911873656616109,0.0,0.0,0.0,0.0,0.0,0.0,5.858618961250856e-11,2.881889214130198e-11,2.9548290436395086,22.23053569213208,9.5539808477951,0.008546008146122625,0.000653730546501788,0.0010454688230185356,0.002551885368810956,NaN,NaN,NaN,NaN,NaN,NaN
2025-06-11T20:36:39Z,39.97785246019635,-75.12990141063031,19.682050570565806,18.371108054581033,47.56831897575711,0.6976701327081462,1.1447344107280775,-0.2351817177395812,-1.4678945667304797,0.0,0.0,0.0,0.0,0.0,0.0,6.90660990097146e-11,3.403679416208182e-11,2.8116278514532755,23.900191419823617,9.107758929091439,0.011619091240782283,0.0004014013188866245,0.0009343807373896981,0.0029343727348551027,NaN,NaN,NaN,NaN,NaN,NaN
2025-06-11T20:36:40Z,39.97802483073128,-75.12930467796158,19.864854236849006,18.746585475184215,52.220228315113715,-0.388979614382064,1.1023314216984303,-0.3344879211264586,-1.3317154776613735,0.0,0.0,0.0,0.0,0.0,0.0,8.295973534779951e-11,4.139925603887453e-11,2.9478333067487865,26.43579919528047,8.284727620633866,0.00406536411107997,0.00015163364309490432,0.0009866067453499353,0.003916014411791098,NaN,NaN,NaN,NaN,NaN,NaN
2025-06-11T20:36:41Z,39.97818730065135,-75.12869357211996,19.33334106182583,18.258181645062106,52.712235262679535,-0.22343760216987088,1.1681320706442242,-0.10529515888173607,-1.3032275331925496,0.0,0.0,0.0,0.0,0.0,0.0,1.0238520124269668e-10,4.9197311771058955e-11,2.8345841338332813,30.667929607625872,7.858695222974351,0.0037237678337952145,0.00007854527193118832,0.0010498602975837666,0.004909675830451813,NaN,NaN,NaN,NaN,NaN,NaN
2025-06-11T20:36:42Z,39.978345729301346,-75.12808008018573,19.30260730346313,17.820922983894086,52.65883207797403,0.014604228042839415,1.169724843417485,-0.13476695437391678,-1.3018335330851494,0.0,0.0,0.0,0.0,0.0,0.0,1.2512684823710476e-10,5.745825421774863e-11,2.957223206765843,34.82993983490376,7.445273966176476,0.0016824736585215447,0.000026718526669987746,0.0009863623338898257,0.005718494332307679,NaN,NaN,NaN,NaN,NaN,NaN
2025-06-11T20:36:43Z,39.97850191696148,-75.12746504615134,19.29413209262236,16.977050095576768,53.783372474410086,-0.29671849396913397,1.1560480087384983,-0.18249270281182428,-1.2764564940456027,0.0,0.0,0.0,0.0,0.0,0.0,1.4059883303120738e-10,6.360704022674741e-11,2.933662526616229,37.617549943801464,6.9661564418623305,0.002644362296394043,0.000027277706412018094,0.000960081094288788,0.005911997274264666,NaN,NaN,NaN,NaN,NaN,NaN
2025-06-11T20:36:44Z,39.97866496780722,-75.12683189894511,19.529881702267822,16.61511259626496,53.88665981433111,-0.09564563034222275,1.155049609423924,-0.09902257415534813,-1.183128650029221,0.0,0.0,0.0,0.0,0.0,0.0,1.5661602266425244e-10,6.980454855988649e-11,2.780324300088204,40.0914113933541,6.479697452547496,0.0038201493947475373,0.00004620098316775136,0.0008244734755655563,0.006505652834064773,NaN,NaN,NaN,NaN,NaN,NaN
2025-06-11T20:36:45Z,39.97882040689376,-75.12620423668717,19.672896101573166,16.162809724816622,54.307614714934395,-0.17260776240719705,1.1404131233312398,-0.11079228145217988,-1.2180215197494946,0.0,0.0,0.0,0.0,0.0,0.0,1.8388337747061347e-10,7.802744799811889e-11,2.8531457408108944,42.091851766882264,6.204127525641097,0.002661982064400708,0.00008841907654695256,0.000606131751188579,0.007408601802482753,NaN,NaN,NaN,NaN,NaN,NaN
2025-06-11T20:36:46Z,39.97897812593987,-75.12557387833402,19.93749660710435,16.23367388943844,54.35409111527537,-0.06823063807489008,1.1345136517022738,-0.12809502691419883,-1.2064333835970453,0.0,0.0,0.0,0.0,0.0,0.0,2.046812059783285e-10,8.567328622385345e-11,2.7619210891599173,42.51541129245697,6.193507359778379,0.0015241067291718458,0.00015133982102576683,0.0004682787279956235,0.008155391723022964,NaN,NaN,NaN,NaN,NaN,NaN
2025-06-11T20:36:47Z,39.979140194129876,-75.1249360870165,19.949161318745297,16.03437267618851,54.7407639371841,-0.18027737880916517,1.1118046927748304,-0.10012665944465529,-1.1730064505318754,0.0,0.0,0.0,0.0,0.0,0.0,2.224517625312668e-10,9.472753194686456e-11,2.8902081403405884,43.04935746737265,6.287526997306316,0.0012476560155974428,0.0002494888681451435,0.0004419862321656472,0.008486519893008457,NaN,NaN,NaN,NaN,NaN,NaN
2025-06-11T20:36:48Z,39.97930462212903,-75.12430140187031,20.43782224349436,16.283795154516216,54.74316094261677,-0.04266814702485646,1.1241293932034153,-0.06905575530625956,-1.1852964315349026,0.0,0.0,0.0,0.0,0.0,0.0,2.471365142797669e-10,1.0302586230031466e-10,2.946531246881454,44.22059859148831,6.392195471125075,0.0009390126436603543,0.0003394426327940044,0.0004287455328656262,0.00860630919107598,NaN,NaN,NaN,NaN,NaN,NaN
2025-06-11T20:36:49Z,39.979442474005616,-75.12366836725037,20.46198950451393,16.03792661401283,54.85651597740399,-0.06992179948100188,1.1175048021922844,-0.0778019508242924,-1.1325034780210426,0.0,0.0,0.0,0.0,0.0,0.0,2.885171537754223e-10,1.1172313226939696e-10,2.959538437636406,46.741839966293945,6.710758227840989,0.0008790543419898762,0.0004092057217514878,0.0004462453234679766,0.008785821409547727,NaN,NaN,NaN,NaN,NaN,NaN
2025-06-11T20:36:50Z,39.97958815220326,-75.12302340653903,20.586760231272134,15.809162120727475,54.91953371315115,-0.05651267498360147,1.1156938350165824,-0.05979292347900959,-1.1449480807698662,0.0,0.0,0.0,0.0,0.0,0.0,3.267497904989767e-10,1.201042513654504e-10,3.135689647340222,48.55280181715769,7.302906670573193,0.0010444411304758258,0.0005211374857749849,0.0005229719375305097,0.00862270652236333,NaN,NaN,NaN,NaN,NaN,NaN
2025-06-11T20:36:51Z,39.979736481376165,-75.12238409680874,20.842663340668246,15.567579317220765,55.072240385504244,-0.042407761892140176,1.1097163038829518,-0.09208756823663325,-1.144995048993827,0.0,0.0,0.0,0.0,0.0,0.0,3.7205794781417246e-10,1.3139644041943885e-10,3.0438183665164438,50.43824050181461,7.940065831462223,0.0011680200926676106,0.0005912396795936348,0.0005335533650149363,0.008669398106650229,NaN,NaN,NaN,NaN,NaN,NaN
2025-06-11T20:36:52Z,39.979871883825595,-75.12174777912175,20.992624702314686,15.26686315408521,55.0292255318655,0.06594990055577495,1.1194260610000897,-0.04030449558865917,-1.157624641455445,0.0,0.0,0.0,0.0,0.0,0.0,4.186016291038306e-10,1.4228334002747244e-10,2.8785551772071356,52.19218897008209,8.823839984343184,0.0013955423353048248,0.0006790731084910492,0.0005559989288060392,0.008919009087027559,NaN,NaN,NaN,NaN,NaN,NaN
2025-06-11T20:36:53Z,39.98001820616219,-75.12110821628077,21.36983216476092,14.884483839727892,54.9042408065952,-0.00017933624835082547,1.1152045598423639,-0.041636245602730416,-1.1869609098140756,0.0,0.0,0.0,0.0,0.0,0.0,4.5370574726604014e-10,1.566395841533699e-10,2.7139727860395313,53.03774055863658,10.004536803938176,0.0013955165365656724,0.0007697204017054264,0.0005321712535264511,0.009107268183131382,NaN,NaN,NaN,NaN,NaN,NaN
2025-06-11T20:36:54Z,39.980155743762616,-75.1204668966596,21.4038691789434,14.325427337511849,55.18217517140614,-0.1728327506886953,1.1182500273329132,-0.11591719439495106,-1.155045328340875,0.0,0.0,0.0,0.0,0.0,0.0,5.018023098167703e-10,1.686058283141825e-10,2.8322538562383275,54.58245619324186,11.388495746439714,0.0018000472623858506,0.0008647377348957781,0.0005146907410817082,0.009294288764580473,NaN,NaN,NaN,NaN,NaN,NaN
2025-06-11T20:36:55Z,39.980305025101295,-75.11981698418677,21.452782764582587,14.149961427978162,55.4521081597302,-0.07747667184859723,1.1232260714475564,-0.058844877990020916,-1.1724300178042186,0.0,0.0,0.0,0.0,0.0,0.0,5.295618041854629e-10,1.747293790257644e-10,3.0432869819032304,55.61595213450526,13.021516710131982,0.0025275786425184967,0.0009686597547668936,0.0004855913979102564,0.009464651654535375,NaN,NaN,NaN,NaN,NaN,NaN
2025-06-11T20:36:56Z,39.98046843772371,-75.11914686560006,21.969953466146887,14.137497618097093,55.58837245162397,0.01976268552203783,1.1308964480718102,-0.095782087327058,-1.1082563714484222,0.0,0.0,0.0,0.0,0.0,0.0,5.779571341299579e-10,1.9054000897236433e-10,2.9189766433639264,56.3355588312492,15.05789452207339,0.002042520255357957,0.001067100496158554,0.0003724498234858719,0.009752067301720695,NaN,NaN,NaN,NaN,NaN,NaN
2025-06-11T20:36:57Z,39.980597517868745,-75.11848847459733,21.998675288561046,13.591772206569134,55.741534046413015,-0.14055349735589456,1.122757404689689,-0.050876134205327696,-1.1468133305414712,0.0,0.0,0.0,0.0,0.0,0.0,6.046323548776709e-10,2.0858829718521811e-10,2.8830425575002123,55.46532898511145,17.545571573783842,0.001935480493827171,0.0011610209406694289,0.0003279523806910556,0.009651534364217933,NaN,NaN,NaN,NaN,NaN,NaN
2025-06-11T20:36:58Z,39.98070874355923,-75.11782678546082,22.025961813251747,13.616882562218953,55.403008408622426,-0.01228923206174037,1.1201949172045294,-0.022487387801489893,-1.1787727732407052,0.0,0.0,0.0,0.0,0.0,0.0,6.376843228901272e-10,2.295569832742264e-10,2.797896725200307,54.05941780631633,20.268357093975265,0.00184731073814788,0.0012293426448748822,0.0003054171612338884,0.009555451642571183,NaN,NaN,NaN,NaN,NaN,NaN
2025-06-11T20:36:59Z,39.980820617813585,-75.11716945764778,22.04521718868756,13.12564026859397,55.50386882333983,-0.026054979085670518,1.1133208541955584,-0.0866020601187407,-1.1543852902684117,0.0,0.0,0.0,0.0,0.0,0.0,6.911075307490037e-10,2.486505531748311e-10,2.8640675717777535,54.002131987509166,23.42085296564825,0.0019175161556000634,0.001369088766162984,0.0002725430673631715,0.009477185980616495,NaN,NaN,NaN,NaN,NaN,NaN
2025-06-11T20:37:00Z,39.98093130716186,-75.1165162299806,22.26139237014,12.754818070612878,55.83659927788026,-0.0912855164400221,1.1131889735639087,-0.08134859880849907,-1.12631590746739,0.0,0.0,0.0,0.0,0.0,0.0,7.733000188430574e-10,2.819500934645344e-10,2.712809613454068,55.223419419035274,26.656353682955988,0.0015495158205997067,0.0013823342135527346,0.00023771720872291276,0.009427009111812676,NaN,NaN,NaN,NaN,NaN,NaN
2025-06-11T20:37:01Z,39.98106416801346,-75.11584100904524,22.42921740645846,12.70591706247293,55.92103940604432,-0.06614839785276785,1.1118237965972209,-0.04556485969495413,-1.1261666461032243,0.0,0.0,0.0,0.0,0.0,0.0,8.680250690859899e-10,3.163337486305486e-10,2.630741300162468,56.63762125376856,30.620744546691913,0.0015210516726461534,0.0015073533926460735,0.0002412688970334959,0.009411697153991231,NaN,NaN,NaN,NaN,NaN,NaN
2025-06-11T20:37:02Z,39.981187650197505,-75.11517092434329,22.516435633819526,12.477416176312278,55.85517720254966,-0.12469949807330977,1.108700959527632,-0.031089343917127355,-1.1540832018953393,0.0,0.0,0.0,0.0,0.0,0.0,9.369412700377874e-10,3.4660213926448205e-10,2.708071725776892,57.02317821268714,35.022612925652865,0.0017127695673692161,0.0016051253785870465,0.00025355514323587166,0.009252132584189157,NaN,NaN,NaN,NaN,NaN,NaN
2025-06-11T20:37:03Z,39.98130725094492,-75.11451593921204,22.772467652133646,12.442629613655237,55.59638572210948,-0.2008943891038513,1.0924430517973738,-0.043183804546467176,-1.1675799735803039,0.0,0.0,0.0,0.0,0.0,0.0,1.0004001436436282e-9,3.7701996985614014e-10,2.790647677729828,56.186449509553604,38.840281549283844,0.002138032472362356,0.0016756914230186758,0.00022759289665863733,0.009368291837326476,NaN,NaN,NaN,NaN,NaN,NaN
2025-06-11T20:37:04Z,39.981437948163965,-75.11386832095125,22.944822332510977,12.550609779287578,55.44007490146033,0.043455474680415655,1.092133731236568,-0.03301446002881846,-1.147218059445948,0.0,0.0,0.0,0.0,0.0,0.0,1.061877252796162e-9,4.1591633074872515e-10,2.84699424056363,54.66906063418026,43.68306564844465,0.0024346398702831213,0.0017260007536444937,0.0002003467642772536,0.00930477111328958,NaN,NaN,NaN,NaN,NaN,NaN
2025-06-11T20:37:05Z,39.98154831464328,-75.11322485190833,23.0469402433399,11.888817981463328,55.06243722812759,-0.05066358771594416,1.0905490074195046,-0.01696069103154312,-1.1627654805858054,0.0,0.0,0.0,0.0,0.0,0.0,1.1186314652646574e-9,4.594677007593257e-10,2.819717767440867,52.48190236524293,48.49120254604682,0.0023336306898565857,0.0016802952602972714,0.00015246304528301216,0.009367615213983363,NaN,NaN,NaN,NaN,NaN,NaN
2025-06-11T20:37:06Z,39.981688667603564,-75.11257205882619,23.277532730287792,11.603099754198327,54.89076404116616,-0.04179302798639586,1.088349619023591,-0.04658775441713319,-1.1710260031938422,0.0,0.0,0.0,0.0,0.0,0.0,1.2106437630640084e-9,5.217022071896199e-10,2.912519941732273,51.37140126339672,54.55010688983093,0.0027654194237377206,0.0017133780206157257,0.00013427578649675818,0.009497658194786313,NaN,NaN,NaN,NaN,NaN,NaN
2025-06-11T20:37:07Z,39.98182623194923,-75.11192716353973,23.33754381613138,11.29343301855565,54.94966922492471,-0.12097696496936236,1.0804441581939928,-0.05104338034400274,-1.181947243759862,0.0,0.0,0.0,0.0,0.0,0.0,1.2764069604835698e-9,5.746893730190987e-10,2.8617257421822457,49.91788403699445,59.63513906167023,0.002161691797150338,0.0016804350240791973,0.00014079941720943035,0.009474484759460534,NaN,NaN,NaN,NaN,NaN,NaN
2025-06-11T20:37:08Z,39.981963229456795,-75.11128115369021,23.493547674117597,11.246218853147253,54.92010221203705,-0.10668651685629557,1.0784059002265285,-0.016783148627983437,-1.149164777470039,0.0,0.0,0.0,0.0,0.0,0.0,1.300473454593695e-9,6.223148768056001e-10,2.699324371703101,47.46937989407916,64.60811447455433,0.001691842653724118,0.0016770309664718515,0.0001609520137562125,0.009378827714238326,NaN,NaN,NaN,NaN,NaN,NaN
2025-06-11T20:37:09Z,39.982089781802884,-75.11064054062615,23.574535567658867,10.908390074721854,54.73152239907373,-0.08867746424641448,1.0645149844735735,-0.03905324936383038,-1.1670699542730165,0.0,0.0,0.0,0.0,0.0,0.0,1.3240628646591601e-9,6.772578501829244e-10,2.607182551244995,45.3504932553051,71.64416800353753,0.001985282802625631,0.0018015200035566524,0.00018633404165090646,0.009332275910878542,NaN,NaN,NaN,NaN,NaN,NaN
2025-06-11T20:37:10Z,39.98218603417392,-75.11000024933917,23.67312142116039,10.274107656697218,54.59550563560564,-0.06897350809458762,1.059593547224238,-0.04361904263984379,-1.140772237654591,0.0,0.0,0.0,0.0,0.0,0.0,1.3813770494214942e-9,7.510699013672964e-10,2.801831041751689,44.20973900110356,78.52098970603534,0.001800614492738453,0.0018467675381719226,0.00023117729422937657,0.009329926822546348,NaN,NaN,NaN,NaN,NaN,NaN
2025-06-11T20:37:11Z,39.98226886644977,-75.10936337797871,23.853241172136745,9.37458424455908,54.34260049103739,-0.07458134818932498,1.0523326018204888,-0.022375554015451944,-1.2777464069210136,0.0,0.0,0.0,0.0,0.0,0.0,1.4306998091114933e-9,8.303407803879373e-10,3.056623353835899,42.623681750938346,86.13109708875781,0.0016976387625855865,0.0019212593553169996,0.0002603474181406099,0.009414735454761614,NaN,NaN,NaN,NaN,NaN,NaN
2025-06-11T20:37:12Z,39.98237016790285,-75.10873717676533,23.812863017263943,9.087211440225731,54.02040256872178,-0.06695456384527335,1.0513674746704695,-0.03607449344079437,-1.2059750740654192,0.0,0.0,0.0,0.0,0.0,0.0,1.5221499930649731e-9,9.258601993030916e-10,3.1430284202589536,42.0843337323971,93.24689956817919,0.001153887203990227,0.0019564160141013766,0.0002381210786631934,0.009583030264223918,NaN,NaN,NaN,NaN,NaN,NaN
2025-06-11T20:37:13Z,39.98247935444966,-75.10807703521151,23.940034780843476,8.593146587096111,53.995104945918506,-0.07547019666195423,1.0455987792689776,-0.0014865519440423593,-1.3768530356508253,0.0,0.0,0.0,0.0,0.0,0.0,1.595678978815109e-9,1.0044882457165047e-9,2.8894064794999523,41.42015957086709,99.45686511332534,0.0011124252973361457,0.0019723990498963537,0.0002604656621768464,0.009794077819434545,NaN,NaN,NaN,NaN,NaN,NaN
2025-06-11T20:37:14Z,39.98257552934345,-75.10740319418906,23.98198111095337,8.724178717930112,54.28901354754761,-0.04491786849335588,1.0363721163120843,-0.15051906746948193,-1.0647496704819082,0.0,0.0,0.0,0.0,0.0,0.0,1.6452657006499585e-9,1.0938513811912865e-9,2.8491312036750287,40.08195228439636,107.18989083349089,0.0011447246741242152,0.002086346740995142,0.00025256087982587625,0.009797306532321878,NaN,NaN,NaN,NaN,NaN,NaN
2025-06-11T20:37:15Z,39.9826685669957,-75.1067256857058,24.048082481784522,9.08984567273521,54.73704414070977,-0.0547442627587716,1.0361771002582731,-0.1316639485312133,-1.1024827674571045,0.0,0.0,0.0,0.0,0.0,0.0,1.7192064847074118e-9,1.2000999053026876e-9,2.8389327771644295,39.842699442503395,113.13299239292796,0.0005500684558521856,0.0020421807199719564,0.0003258559059675462,0.009908075374279974,NaN,NaN,NaN,NaN,NaN,NaN
2025-06-11T20:37:16Z,39.98277036578192,-75.10607979418033,24.143590187038566,9.497504287686201,54.92985023535187,-0.06533058812680591,1.0347538863828587,-0.13440811751853216,-1.1014659274165048,0.0,0.0,0.0,0.0,0.0,0.0,1.7728402825874957e-9,1.3273810232150108e-9,2.7560214941301457,39.30854808040179,120.21055822047607,0.0003936825315923462,0.0021593551807470423,0.0003794815614509354,0.009801284205539306,NaN,NaN,NaN,NaN,NaN,NaN
2025-06-11T20:37:17Z,39.982855907529355,-75.10544885084839,24.08534537383869,9.820040056301679,55.0160332704976,-0.07498625115833173,1.035552603754154,-0.13458344688418458,-1.0977870722634515,0.0,0.0,0.0,0.0,0.0,0.0,1.8345528992777102e-9,1.4432339416014402e-9,2.8964170328437016,39.11749879263437,126.4467181606173,0.0002842997258719363,0.002237023021698906,0.00045268624863005637,0.009931635587131267,NaN,NaN,NaN,NaN,NaN,NaN
2025-06-11T20:37:18Z,39.98296373610882,-75.10479804542517,24.118460701524462,10.121948675290596,55.18475983150279,-0.08293258726508512,1.037782408506678,-0.13123443109674676,-1.0981121862884564,0.0,0.0,0.0,0.0,0.0,0.0,1.8363901785446178e-9,1.532631817213416e-9,2.8395946783400134,38.34564702577715,131.51817579810265,0.0003144618947818447,0.002314977966166789,0.0005512992247163933,0.010417059904275753,NaN,NaN,NaN,NaN,NaN,NaN
2025-06-11T20:37:19Z,39.98305944975502,-75.10414053021728,24.142784762907784,10.258247886420508,55.314120858127126,-0.0907347555546614,1.0432475623473563,-0.12027012999125862,-1.1010311060136277,0.0,0.0,0.0,0.0,0.0,0.0,1.876326527581979e-9,1.6593306479830118e-9,2.880996085713981,38.373179503945636,142.09112474796726,0.0005449074521983072,0.002434014597419063,0.0006755483075648183,0.010757216280353442,NaN,NaN,NaN,NaN,NaN,NaN
2025-06-11T20:37:20Z,39.983175732971326,-75.10348031833965,24.052662383319735,10.308478359152707,55.5111110565488,-0.09713999707228463,1.0480292966604647,-0.12477019648496193,-1.1006052701911222,0.0,0.0,0.0,0.0,0.0,0.0,1.9305719997569505e-9,1.8090367285287996e-9,2.80780348978959,38.97326491230614,149.9927430959712,0.0008121303398477629,0.0024430022637147303,0.0007999003386690124,0.010825150409120042,NaN,NaN,NaN,NaN,NaN,NaN
2025-06-11T20:37:21Z,39.98329357339686,-75.10282163021333,23.98646882598588,10.354345892048858,55.50159640401422,-0.10115865786954772,1.05479063960452,-0.12168243804645638,-1.1032196794203022,0.0,0.0,0.0,0.0,0.0,0.0,1.9722460280292935e-9,1.9867593267225247e-9,2.7231069268991237,40.08546913939389,158.86318178076826,0.0009390139482740487,0.0024321994542072047,0.0008603462268593114,0.010702257908244861,NaN,NaN,NaN,NaN,NaN,NaN
2025-06-11T20:37:22Z,39.983389713061634,-75.1021806682527,23.968279941739745,10.32297885441531,55.3830352253152,-0.10168118054388801,1.0605392746899711,-0.11788770919043423,-1.1041322960823354,0.0,0.0,0.0,0.0,0.0,0.0,2.0823982168931168e-9,2.2324763409366323e-9,2.6724767549054946,42.003226674465594,170.37092637675596,0.0009935736542872199,0.0023934342299806594,0.0009649333349994285,0.010811597982134174,NaN,NaN,NaN,NaN,NaN,NaN
2025-06-11T20:37:23Z,39.98352611879871,-75.1015274658015,23.901282318005165,10.329674197263543,55.29161569775988,-0.10525684804207464,1.0652547749593588,-0.11582824567520116,-1.1032212649158184,0.0,0.0,0.0,0.0,0.0,0.0,2.1737406173595843e-9,2.4967684613385193e-9,2.753009728381205,44.045794002432054,180.97340552018193,0.0009521870601441726,0.002440124506685975,0.0010591371017744746,0.011001087979591793,NaN,NaN,NaN,NaN,NaN,NaN
2025-06-11T20:37:24Z,39.98367675265438,-75.10088198536708,23.94397353509421,10.476630315055898,55.3094899651915,-0.09416946084074007,1.068643825238578,-0.12781783158129179,-1.0813358367158832,0.0,0.0,0.0,0.0,0.0,0.0,2.191562751392468e-9,2.799994145893494e-9,2.818000194019467,46.098925910965704,193.39882625551343,0.0010926768645880003,0.0024936886654798834,0.0011638393659246576,0.011113303900837602,NaN,NaN,NaN,NaN,NaN,NaN
2025-06-11T20:37:25Z,39.98379281209306,-75.10023869649063,23.984751829747726,11.956091548626118,55.8721758196318,-0.07928460744091022,1.078196758381235,-0.10764221486487245,-1.0727028391070965,0.0,0.0,0.0,0.0,0.0,0.0,2.3220541314400754e-9,3.099578333985991e-9,2.8856414370766625,49.28827335464145,202.79273592528958,0.0050251654922888475,0.0025134087775885603,0.0012426752762501759,0.011014189166135484,NaN,NaN,NaN,NaN,NaN,NaN
2025-06-11T20:37:26Z,39.98389915347911,-75.09961956629799,24.21795928884056,12.558015442832657,56.07327221170829,0.005362469806525764,1.1026704630536441,-0.07108174347468184,-1.026354786629699,0.0,0.0,0.0,0.0,0.0,0.0,2.4527939919053737e-9,3.437491735653727e-9,2.908395946263846,51.30925490370585,215.4980446223067,0.005556823207849793,0.002531606992537733,0.0011016884300377983,0.011381029868353792,NaN,NaN,NaN,NaN,NaN,NaN
2025-06-11T20:37:27Z,39.97262521438128,-75.10982908409271,22.257284277306205,-4.8497183181475085,22.628528154941005,0.09427104091611133,1.1050362315069935,-0.01583825277837545,-0.7810719670521232,0.0,0.0,0.0,0.0,0.0,0.0,3.428966313688353e-14,4.007328495062449e-14,0.951633673716755,0.1605396041524367,0.22077742835576852,0.0003487555211296557,0.00007234496814427957,0.00003888263504164948,0.00016521632244016258,NaN,NaN,NaN,NaN,NaN,NaN
2025-06-11T20:37:28Z,39.97258749312134,-75.10955985788823,22.572741468361187,-3.7000489431122974,23.141580529735084,0.008430975087814018,1.0997935815905913,0.012866562559844896,-0.886449944655009,0.0,0.0,0.0,0.0,0.0,0.0,9.141642348981307e-14,1.2585309894730772e-13,1.8109213187033166,0.33316588331347974,0.5129086856461273,0.0005528917811038188,0.00013714485361298028,0.00006848050343946862,0.00028916387789225325,NaN,NaN,NaN,NaN,NaN,NaN
2025-06-11T20:37:29Z,39.97255737895364,-75.10928766799105,23.05982674150542,-2.875602079907659,23.17027330066926,-0.047720214467285554,1.0975476297993008,0.0033133553117887828,-0.7946659657425866,0.0,0.0,0.0,0.0,0.0,0.0,1.7489171637115173e-13,2.889855855420629e-13,2.3130376271090896,0.5009026041671182,0.8974400002515956,0.0006017353162502184,0.00020018855287400332,0.00009235468240388401,0.0003713619185576701,NaN,NaN,NaN,NaN,NaN,NaN
2025-06-11T20:37:30Z,39.97253209389745,-75.10901749103819,23.414028230231857,-2.6114958122414533,23.013844543867915,0.12922066638507398,1.1134217569847789,0.02390058282439866,-0.8231550898932745,0.0,0.0,0.0,0.0,0.0,0.0,3.0696146665030655e-13,5.661622298626429e-13,2.7131897021468454,0.6773415083694032,1.4052051714140623,0.0005625952356650231,0.00027964168588599184,0.0001047775976621466,0.0004220191086227723,NaN,NaN,NaN,NaN,NaN,NaN
2025-06-11T20:37:31Z,39.97251381811783,-75.10875108790924,23.852975201087688,-1.6808166004996685,22.575847835302113,-0.02632749145832921,1.1159771291626963,0.05347690975788936,-0.8110422416638864,0.0,0.0,0.0,0.0,0.0,0.0,4.739550001052798e-13,1.0239999956004815e-12,2.7219627905333623,0.8434036304672828,2.0845556090574693,0.0007675349565087726,0.0003844939954046365,0.00012558876049244776,0.00042600846263474374,NaN,NaN,NaN,NaN,NaN,NaN
2025-06-11T20:37:32Z,39.97249924977138,-75.10849235449754,24.09154534606768,-1.3748213818389858,21.904255380620942,-0.011692908695140058,1.1091960340272062,0.045439454487764,-0.8873498387923527,0.0,0.0,0.0,0.0,0.0,0.0,6.848798380566302e-13,1.6254837001343908e-12,2.671179516918094,0.9328169149397931,2.7245004574991576,0.0013284622503059982,0.0004542591724429415,0.00012663984448169142,0.0004707327652771976,NaN,NaN,NaN,NaN,NaN,NaN
2025-06-11T20:37:33Z,39.972487374303284,-75.10823994687841,24.31478353689567,-1.1126388904298996,21.364027324667443,-0.006811684794269285,1.1136362800583206,-0.010621345392917031,-0.8240152665722708,0.0,0.0,0.0,0.0,0.0,0.0,9.140631877787838e-13,2.53110598096712e-12,2.7631842195871594,0.9998883269137511,3.426783359302039,0.002118937401885175,0.0004796289705766951,0.0001336833192375049,0.0006448471799383683,NaN,NaN,NaN,NaN,NaN,NaN
2025-06-11T20:37:34Z,39.972477352608124,-75.10799294926971,24.484449059701763,-0.9840017560538095,20.959687275807717,-0.09233076198843915,1.111323873345997,0.027496770630581133,-0.8379444653270562,0.0,0.0,0.0,0.0,0.0,0.0,1.1839220024629297e-12,3.680329322331737e-12,2.789872676950865,1.0745392038968353,3.853903273504438,0.0015768425763000632,0.00042249078257263297,0.00014139311753610907,0.0008553101500857992,NaN,NaN,NaN,NaN,NaN,NaN
2025-06-11T20:37:35Z,39.97246669316825,-75.10774880727278,24.442347438232037,-1.0551893196341477,20.678902654713625,-0.07809469458847836,1.1100537444964291,-0.004162795809638703,-0.8161948883782116,0.0,0.0,0.0,0.0,0.0,0.0,1.5486557669491666e-12,5.208025049227521e-12,2.699292659064361,1.3410827878848843,4.417994450619438,0.0017935552021056658,0.00041819625171293193,0.0001911159293326105,0.0010136736665171094,NaN,NaN,NaN,NaN,NaN,NaN
2025-06-11T20:37:36Z,39.97245544002286,-75.10750676972636,24.584308546870233,-1.3283410300326968,20.363055904899298,-0.06276263020932815,1.1159329922171628,-0.004785045963030167,-0.836478732025796,0.0,0.0,0.0,0.0,0.0,0.0,1.984651854275964e-12,7.055634765933235e-12,2.8714640656481656,1.702674174933276,4.829915995622933,0.0016658730640897392,0.0004094856311064171,0.0002561178245900919,0.0012265852350954345,NaN,NaN,NaN,NaN,NaN,NaN
2025-06-11T20:37:37Z,39.972444130641584,-75.10726957044851,24.378398719853298,-1.2086517210907193,20.203514227055656,-0.382354484980706,1.1049674345113925,0.0022533966413739765,-0.8148767265592621,0.0,0.0,0.0,0.0,0.0,0.0,2.5458180329271754e-12,9.293217235734547e-12,2.9274837875682196,2.30581740928145,5.200960547900346,0.0015055043201818235,0.00037934876747369603,0.00034642891543413146,0.0014013315929214106,NaN,NaN,NaN,NaN,NaN,NaN
2025-06-11T20:37:38Z,39.97242659607903,-75.10702737152701,24.658019036609566,-1.6888290471211804,20.59707079802075,-0.08409994574086196,1.0972280650157997,0.030487533519804506,-0.9187551160426544,0.0,0.0,0.0,0.0,0.0,0.0,3.3295017808648835e-12,1.1835508606386461e-11,3.007521189313167,3.1774336084227954,5.567647878626312,0.0014431140683668238,0.0003797363103264204,0.00044579721113614633,0.0014739706192567299,NaN,NaN,NaN,NaN,NaN,NaN
2025-06-11T20:37:39Z,39.97240893330427,-75.10678875354294,25.056292064193265,-1.7294501161253655,20.41976252406524,-0.11990666027013902,1.090059021806148,-0.027167712017415097,-0.9195882859273243,0.0,0.0,0.0,0.0,0.0,0.0,4.444945982688274e-12,1.457523427754545e-11,2.871304014067094,4.377679538892857,5.965186815164964,0.001845620148524588,0.0003895924404862697,0.0005691704896806824,0.0015052809517942453,NaN,NaN,NaN,NaN,NaN,NaN
2025-06-11T20:37:40Z,39.97239289299198,-75.10654737352247,25.299806952817505,-1.7687716719828543,20.59380888958953,-0.13161719154483015,1.0900102518641197,-0.03228279928515389,-0.9389804676521863,0.0,0.0,0.0,0.0,0.0,0.0,5.952025047405077e-12,1.8015141406945722e-11,2.8371216445204577,5.7812436794459545,6.246649014443233,0.001484249849805804,0.00035135309930965533,0.0006818986923845014,0.0015574769811902982,NaN,NaN,NaN,NaN,NaN,NaN
2025-06-11T20:37:41Z,39.972376578445505,-75.10629827504663,25.479224405903565,-2.0170325334418036,20.76100246673062,-0.065817647912768,1.0887581418363312,-0.04282749785819906,-0.9075591047229116,0.0,0.0,0.0,0.0,0.0,0.0,7.822229570875754e-12,2.22263275583705e-11,2.9248496605927095,7.290404415526074,6.677880902293821,0.0014313175337068381,0.00037122928876499655,0.0007704871048991456,0.001610915898659706,NaN,NaN,NaN,NaN,NaN,NaN
2025-06-11T20:37:42Z,39.97235761462977,-75.10604840662101,25.692712691135668,-2.1772518634320193,20.85387439980304,-0.06372655604986847,1.088392212797234,-0.044334378835162856,-0.914835762745903,0.0,0.0,0.0,0.0,0.0,0.0,1.0248910367091223e-11,2.6750032875458806e-11,2.9582982017119153,8.981981133500378,6.841309479917973,0.0012869255336338287,0.0003635758399004491,0.0008484159120046357,0.0017334701527229835,NaN,NaN,NaN,NaN,NaN,NaN
2025-06-11T20:37:43Z,39.97233825463946,-75.10579716601855,26.034533238969452,-2.482508953389204,20.852846921435283,-0.1370184532609833,1.0836521569925783,-0.052577933871786345,-0.8978901089312682,0.0,0.0,0.0,0.0,0.0,0.0,1.3384629960377374e-11,3.265501494761324e-11,2.7676809511281166,11.133751129679302,7.420229036956458,0.0017190012415417403,0.0004081095338551057,0.0009401575122396732,0.0018413170758698322,NaN,NaN,NaN,NaN,NaN,NaN
2025-06-11T20:37:44Z,39.97231793215805,-75.10554633496427,26.172714273318824,-2.4755761683151216,20.991429491923984,-0.03485562196588846,1.0797264531886808,-0.029737406546581784,-0.9364676103261251,0.0,0.0,0.0,0.0,0.0,0.0,1.7127156403499106e-11,3.8685332680410904e-11,3.0544147885544937,13.055178795472276,8.135845526682628,0.0019408572347849773,0.00048032510912140547,0.000965716892714411,0.001963858916234897,NaN,NaN,NaN,NaN,NaN,NaN
2025-06-11T20:37:45Z,39.97229418503335,-75.10530079171396,26.301153060609956,-2.4976761066272046,20.852949844770553,-0.09858169200881454,1.0768523875544855,-0.01758046224070371,-0.9162004301231015,0.0,0.0,0.0,0.0,0.0,0.0,2.1944669932017397e-11,4.516140729102808e-11,2.960426420898284,15.137382284745138,9.15353716593622,0.0019368770398749886,0.0005737928775386942,0.000979507608410088,0.0020308612376396117,NaN,NaN,NaN,NaN,NaN,NaN
2025-06-11T20:37:46Z,39.972271842060174,-75.10506310726595,26.36870622082364,-2.494906149971241,20.540763273029125,-0.08893099943813418,1.0739882153967109,-0.010087625953251035,-0.937792983403493,0.0,0.0,0.0,0.0,0.0,0.0,2.8295091270188396e-11,5.3346365530934094e-11,2.9352850651345213,17.646680608712167,10.129116876404064,0.0024094316710692536,0.0006250685071214964,0.001000346177452045,0.0021059194972526435,NaN,NaN,NaN,NaN,NaN,NaN
2025-06-11T20:37:47Z,39.972251260338865,-75.10482840635883,26.35882253179337,-2.6074283220147123,20.67981283296953,-0.08579952877955378,1.07115738433431,-0.0764696580022909,-0.9841597864238132,0.0,0.0,0.0,0.0,0.0,0.0,3.615729096843376e-11,6.256608208177125e-11,3.055611519205392,19.96197253943328,11.376754800049865,0.002384217182015604,0.0006927111067503967,0.000978551036658014,0.0021831183409403523,NaN,NaN,NaN,NaN,NaN,NaN
2025-06-11T20:37:48Z,39.972231013795906,-75.10459026872054,26.306254955229722,-2.1617141815734238,20.94449704006709,-0.20237615891334473,1.073158312253142,-0.012801007340978377,-0.9590848629013367,0.0,0.0,0.0,0.0,0.0,0.0,4.427086528644718e-11,7.231842793045693e-11,3.026403142465968,22.12852054344205,12.932795483249391,0.0012942916419198753,0.000744092527325445,0.001013538877478565,0.0021944595432311074,NaN,NaN,NaN,NaN,NaN,NaN
2025-06-11T20:37:49Z,39.97221133812392,-75.10435405051547,26.201377597596004,-1.5641106670502694,20.612340511175297,-0.1464696036820707,1.0691856578799657,0.042150236067122544,-1.098300997427822,0.0,0.0,0.0,0.0,0.0,0.0,5.410197386127697e-11,8.338585542645388e-11,2.838483470309278,24.99228709926487,14.706137772481437,0.0007685823859025161,0.0008360302760646691,0.0011024553863065755,0.0022526318084538856,NaN,NaN,NaN,NaN,NaN,NaN
2025-06-11T20:37:50Z,39.972198750234654,-75.1041221489541,26.264094253394518,-1.1355480018204662,20.592076630356527,-0.05419970795936691,1.0859050206872045,-0.08362027137764301,-1.0023956254112152,0.0,0.0,0.0,0.0,0.0,0.0,6.473538661953579e-11,9.556845712211535e-11,2.886916307876512,27.93405105776629,16.77639024298218,0.0010976761408604942,0.00094124585195583,0.0011827748001494527,0.002259686014741585,NaN,NaN,NaN,NaN,NaN,NaN
2025-06-11T20:37:51Z,39.972192334547096,-75.10388041966989,26.341995299048026,-1.0960653780423537,20.76735699429279,-0.042441908813281255,1.0954913134309066,-0.017543550043200552,-1.004769468764156,0.0,0.0,0.0,0.0,0.0,0.0,7.627807208380183e-11,1.088629431130646e-10,2.88483472861923,30.969995682505456,19.17109448327468,0.000425109811304628,0.001072283637775794,0.0012352088768481828,0.002337424065292254,NaN,NaN,NaN,NaN,NaN,NaN
2025-06-11T20:37:52Z,39.97218363948148,-75.10364223575017,26.45594639945753,-1.152668648430053,20.099961843200877,0.2883863999595287,1.1205557780261033,0.04012264247668478,-1.0862084227204118,0.0,0.0,0.0,0.0,0.0,0.0,9.263923916138057e-11,1.2529880439869933e-10,2.6735920454103934,35.677161904105475,22.366610219159547,0.0005939117956930037,0.0012104063265348224,0.0013440706922602992,0.002399978423834583,NaN,NaN,NaN,NaN,NaN,NaN
2025-06-11T20:37:53Z,39.972181962912245,-75.10341472934213,26.553637423705265,-0.6411682585844812,19.66887903852865,-0.051940900920551265,1.100727954689643,-0.030104145291538938,-1.0772188758687986,0.0,0.0,0.0,0.0,0.0,0.0,1.1273437073851215e-10,1.460469258029078e-10,2.8514345951501134,40.65909663523155,25.729438084311774,0.0020143882889541564,0.0013248103952297713,0.0014203862263647193,0.002460971914351424,NaN,NaN,NaN,NaN,NaN,NaN
2025-06-11T20:37:54Z,39.97217959382868,-75.10319016829379,26.472254450109137,-0.8496339577602331,20.173378281652813,-0.3564317726120021,1.06225637756139,-0.12335302416416061,-1.025198970065943,0.0,0.0,0.0,0.0,0.0,0.0,1.3715590069579913e-10,1.6601295303229382e-10,2.7686411241229205,46.21968768556913,27.74753400998166,0.0014471195469052,0.0012311819950068805,0.0015240527841381647,0.002502020632368902,NaN,NaN,NaN,NaN,NaN,NaN
2025-06-11T20:37:55Z,39.97217142350538,-75.10295345839381,26.596872056878215,-1.2501548953265467,20.99018935073301,-0.018630630719253544,1.0892127077000897,-0.05713695116540642,-0.98863518212665,0.0,0.0,0.0,0.0,0.0,0.0,1.6076146292340364e-10,1.8486690274182492e-10,2.630593206492072,51.226187445968776,29.99844500481712,0.0002000065215000146,0.0012172967854171145,0.0016481925030298295,0.002522635206281964,NaN,NaN,NaN,NaN,NaN,NaN
2025-06-11T20:37:56Z,39.97217165540882,-75.10269721315265,26.599712855497064,-1.6235702373748324,21.150473841697863,-0.06199549071547613,1.1088585523366228,-0.08392680056434294,-0.946216464948459,0.0,0.0,0.0,0.0,0.0,0.0,1.947834598017319e-10,2.1058390568440113e-10,2.7096703328597043,57.80172803302772,33.036878771140074,0.0003109672055231509,0.0013183443977597947,0.0017191641609957794,0.0025305037075234525,NaN,NaN,NaN,NaN,NaN,NaN
2025-06-11T20:37:57Z,39.972166125457036,-75.10243253404799,26.563581426337542,-1.631047489584518,21.233463223849395,-0.15160980387174827,1.1081958453937075,-0.03819419046450799,-0.9597399786711999,0.0,0.0,0.0,0.0,0.0,0.0,2.2883167182496508e-10,2.38801030633604e-10,2.6944589111492303,63.34342222364941,36.52113096155917,0.0007147047251829985,0.0014039292770679068,0.0017762184032614184,0.0025237190076539224,NaN,NaN,NaN,NaN,NaN,NaN
2025-06-11T20:37:58Z,39.97216299492574,-75.10217261286027,26.775603414245342,-1.6851841986384175,21.15602028106305,-0.26070524457235117,1.099098366161039,-0.06693525998902405,-0.9245786585952821,0.0,0.0,0.0,0.0,0.0,0.0,2.6559540108668643e-10,2.741319733898348e-10,2.6687988298959713,68.23361408280695,40.241005765744596,0.001218144668542728,0.0014947106743452925,0.001778849255581131,0.0025448030854147955,NaN,NaN,NaN,NaN,NaN,NaN
2025-06-11T20:37:59Z,39.97214735336968,-75.10191241004992,26.90248959211642,-1.3551740361742768,20.8535251412291,-0.11391359519370807,1.1011079230072693,0.0034684328758728526,-0.9276334033871809,0.0,0.0,0.0,0.0,0.0,0.0,2.9841590741801354e-10,3.189904829931525e-10,2.7769597406643096,70.9745235512466,45.37630928986597,0.0019369112250754474,0.0016106698166854251,0.0016758812905191033,0.002545976975018081,NaN,NaN,NaN,NaN,NaN,NaN
2025-06-11T20:38:00Z,39.972150320266636,-75.10165505401301,27.242348157056448,-0.9552153710195314,20.64690445705311,-0.12949017962510215,1.0891021365467375,0.002060720022016886,-0.9684544158915289,0.0,0.0,0.0,0.0,0.0,0.0,3.356892407559732e-10,3.701463192355124e-10,2.9329817633782262,73.90126375778406,50.82101201241217,0.0015615087460461828,0.0016996839174487,0.0015514912424594907,0.0025613036964363114,NaN,NaN,NaN,NaN,NaN,NaN
2025-06-11T20:38:01Z,39.97214928541043,-75.10143259829721,27.50125730211605,-0.8535492520606419,20.313092921737255,-0.12309052762128328,1.0827269873810614,-0.0226381893062382,-0.973872534937763,0.0,0.0,0.0,0.0,0.0,0.0,3.800512309452798e-10,4.370742675645504e-10,2.891268606924727,77.18754537776485,56.91471988285666,0.001982563102576911,0.0017615114200865635,0.0014470523739268817,0.0026167863813183973,NaN,NaN,NaN,NaN,NaN,NaN
2025-06-11T20:38:02Z,39.97214710078181,-75.10121457225344,27.701181197732847,-0.8388653479834272,20.233990833374836,-0.09574160209013222,1.0708079698489352,-0.049561117785707084,-0.9523941835351573,0.0,0.0,0.0,0.0,0.0,0.0,4.3355823115546603e-10,5.013125969853898e-10,2.8599424110393348,81.52871773335822,61.70509905936172,0.0026003344133935817,0.001783282849369209,0.0014019693397503293,0.002690443161470275,NaN,NaN,NaN,NaN,NaN,NaN
2025-06-11T20:38:03Z,39.97213864151515,-75.10098053238616,27.85646843963934,-1.1652858249687816,20.252657507543336,-0.21287828028195582,1.0500066678468096,-0.04589476497226374,-0.9535112156804455,0.0,0.0,0.0,0.0,0.0,0.0,4.978653360833707e-10,5.655224150336454e-10,2.756093097862395,86.64538479424719,65.28282214186743,0.004307315536824374,0.001757080443034409,0.0013717337318967695,0.002808066668715052,NaN,NaN,NaN,NaN,NaN,NaN
2025-06-11T20:38:04Z,39.972137500755395,-75.10073580380404,27.802275384950136,-1.0895793435924461,19.975108506072534,-0.2344598311751075,1.0522963507466345,0.0035178428793355985,-0.9020861970768755,0.0,0.0,0.0,0.0,0.0,0.0,5.645223567599934e-10,6.389704954269397e-10,2.825442647582094,89.55670342468115,69.5895758282317,0.0064295323508441575,0.0017250105013162803,0.0011601155292557232,0.0028108228450695514,NaN,NaN,NaN,NaN,NaN,NaN
2025-06-11T20:38:05Z,39.97213188403956,-75.10049661530233,27.54619515742962,-0.6310356541628311,19.969206626561046,-0.3232589048244137,1.0567226374724525,-0.015358429195617963,-0.9026779825231308,0.0,0.0,0.0,0.0,0.0,0.0,6.337925060762054e-10,7.016486776705421e-10,3.003834680449931,91.14278264774886,73.60757328718202,0.0052373461898481445,0.0016878134703877045,0.0008870790841750147,0.002833874907308684,NaN,NaN,NaN,NaN,NaN,NaN
2025-06-11T20:38:06Z,39.972142511180785,-75.10022206516652,27.874853542608232,-0.31333705761422453,20.504882920301323,-0.20150589046188655,1.0096414057629015,-0.023479671715679856,-0.9666627537503538,0.0,0.0,0.0,0.0,0.0,0.0,7.372278504040174e-10,7.928846168963033e-10,3.1121910121074974,97.06437595611851,77.33591177006647,0.006333909509128902,0.0016541787199667226,0.0008365402358562839,0.002883260580266244,NaN,NaN,NaN,NaN,NaN,NaN
2025-06-11T20:38:07Z,39.972143023226536,-75.09998633458778,27.832880797544377,0.20615951195033214,20.514843558984122,-0.13688016316056906,0.998521220299437,0.0194970326892759,-0.9358387179080518,0.0,0.0,0.0,0.0,0.0,0.0,8.124776549065172e-10,8.901842961267497e-10,3.1170585681059526,97.61674177063487,81.13210189448756,0.00465916421801041,0.0015785268097295658,0.0007509753972474335,0.0029635233269871557,NaN,NaN,NaN,NaN,NaN,NaN
2025-06-11T20:38:08Z,39.9721656224359,-75.09975306635206,27.9369617954757,0.9063634490397365,20.304905050596634,-0.10158212040239827,0.9813971101128831,0.043881072476963046,-1.0478358145867328,0.0,0.0,0.0,0.0,0.0,0.0,8.96245780048871e-10,9.80789995732381e-10,2.928749665947528,99.01761400946839,85.64154075768626,0.003902330453510206,0.0016168803241909924,0.00074015942274493,0.0029976061238203046,NaN,NaN,NaN,NaN,NaN,NaN
2025-06-11T20:38:09Z,39.97219443913749,-75.0995045099367,28.28270850591662,1.950502372993101,20.733432474688918,-0.09963086686632901,0.9896066001599112,-0.025893067907807765,-0.9579671020480891,0.0,0.0,0.0,0.0,0.0,0.0,1.01047199450205e-9,1.0891715065860486e-9,3.0003037416832967,104.57723154136383,88.81161860884951,0.004217062004572212,0.001568493545252911,0.0008205786941534558,0.0030964189025174914,NaN,NaN,NaN,NaN,NaN,NaN
2025-06-11T20:38:10Z,39.972241277623084,-75.09925485932952,28.465888671061695,0.4347797448957783,20.0315275296275,-0.005642048073982477,0.9455408380743396,-0.01285401490986963,-1.076244064806177,0.0,0.0,0.0,0.0,0.0,0.0,1.1068019355940368e-9,1.2166554263079705e-9,3.1339142161108025,108.21885755048524,92.66516701254541,0.006146855651437809,0.0014889370921822912,0.0007952063173531688,0.0035266512495660774,NaN,NaN,NaN,NaN,NaN,NaN
2025-06-11T20:38:11Z,39.97224416529271,-75.09902436047388,28.267884436358123,0.33129488162006776,20.16174578060744,-0.08075421237708204,0.9912624999617972,-0.032769684360163476,-1.2514637859552638,0.0,0.0,0.0,0.0,0.0,0.0,1.2263570330526868e-9,1.3427297831336706e-9,2.877734791305761,112.7803188123255,94.61822429162886,0.0031361808866159605,0.0012850524735125775,0.0009212979157523462,0.003678040770112809,NaN,NaN,NaN,NaN,NaN,NaN
2025-06-11T20:38:12Z,39.97226996861679,-75.09879897404959,28.40483512867358,2.3012669061771174,20.130260375147934,-0.15333074615110154,1.0482408995292043,-0.04519378271675719,-0.9787053681021413,0.0,0.0,0.0,0.0,0.0,0.0,1.3464398985603355e-9,1.4758996313316796e-9,2.8345988189492735,116.96246113940062,97.69996672343346,0.009623886566726058,0.0012635169373339842,0.0010397799912215517,0.0038388435114141604,NaN,NaN,NaN,NaN,NaN,NaN
2025-06-11T20:38:13Z,39.97232040708221,-75.09857659385924,28.518239147643257,3.227294091423377,21.09922008643522,-0.17679454942657402,1.0401524244033382,0.019072177206474552,-0.9414399778485589,0.0,0.0,0.0,0.0,0.0,0.0,1.4668426606857072e-9,1.609321759467389e-9,2.6428418184837374,117.64923903258845,98.87419500913492,0.0037674470916569894,0.0010845221137696702,0.0006348777783565539,0.004962198051802699,NaN,NaN,NaN,NaN,NaN,NaN
2025-06-11T20:38:14Z,39.972370647946256,-75.09832410718694,28.70461622494449,3.714692563303381,21.399600568278796,-0.07136206347117845,1.1013929991689884,-0.0661097720999507,-0.8960034185788245,0.0,0.0,0.0,0.0,0.0,0.0,1.5717428811425833e-9,1.7257386590724544e-9,2.736909729718744,116.25797639158876,101.99109732652632,0.0037810381159829954,0.001249502221928913,0.0004074683635040394,0.005839188287316028,NaN,NaN,NaN,NaN,NaN,NaN
2025-06-11T20:38:15Z,39.97240906044362,-75.09804783751316,28.720264676756404,3.575178272143529,22.289873957032203,-0.16113442740129996,1.1088562592336264,-0.08065135545432785,-0.9450605010740993,0.0,0.0,0.0,0.0,0.0,0.0,1.661866452522642e-9,1.902731607405888e-9,2.7127193909673104,112.18754292341616,107.21897848488399,0.0012045638926054738,0.001349002245993498,0.00022780759806649315,0.006631114367539001,NaN,NaN,NaN,NaN,NaN,NaN
2025-06-11T20:38:16Z,39.97246083993027,-75.09777752676887,28.632959551954816,3.1515716648887966,22.359919992950335,-0.12785876781571584,1.124049793632555,-0.07865166516426511,-0.9289714158638884,0.0,0.0,0.0,0.0,0.0,0.0,1.7639511710456408e-9,2.10237064075469e-9,2.7080938747639136,109.89478613380997,112.88604831820278,0.0011049351710264175,0.0013717189190108113,0.00021517537968887706,0.006745099176350294,NaN,NaN,NaN,NaN,NaN,NaN
2025-06-11T20:38:17Z,39.97251111975119,-75.097492485613,28.419984888227145,3.0389211444082407,21.878967817279708,-0.1936222773964594,1.1543787758623856,-0.004646613588315029,-0.865880209866345,0.0,0.0,0.0,0.0,0.0,0.0,1.8920519040063344e-9,2.3226724004645568e-9,2.7618308125809445,110.9746800882269,120.38962569848245,0.0009389649993993391,0.0013591342070994276,0.0002602882009774633,0.00674964190835807,NaN,NaN,NaN,NaN,NaN,NaN
2025-06-11T20:38:18Z,39.97255911297768,-75.09721815680723,28.38478025383485,2.5315974515472055,21.051810725904122,-0.13816810398241833,1.158414909242318,-0.01714213295744054,-0.8760555465308903,0.0,0.0,0.0,0.0,0.0,0.0,2.028040464905424e-9,2.516029940706409e-9,2.808047309645547,112.95237880089864,125.73165355662336,0.00016124416691618463,0.001386557265092493,0.000320575535783115,0.006723897055070394,NaN,NaN,NaN,NaN,NaN,NaN
2025-06-11T20:38:19Z,39.97256081109464,-75.0969257655786,28.15784248945088,1.6358869309797919,20.866918739681118,-0.17021672171845761,1.1538333679713506,-0.08499087837877332,-0.8586892153812719,0.0,0.0,0.0,0.0,0.0,0.0,2.179150201956036e-9,2.72628584310379e-9,2.7174704406689743,114.99546082733201,131.25645852875704,0.00039933707368313006,0.001510283175794128,0.0003995428733649479,0.006926786293004324,NaN,NaN,NaN,NaN,NaN,NaN
2025-06-11T20:38:20Z,39.97255818858854,-75.09667216168117,27.931775834162664,0.7786986668420045,20.41422352249728,-0.12128740855268567,1.1473023872560775,-0.0043374758432205745,-0.8723944700711774,0.0,0.0,0.0,0.0,0.0,0.0,2.3278719099750404e-9,2.9707068069349944e-9,2.774821350665109,117.62937824817848,138.32824131775527,0.0013428819968689548,0.001542262878579312,0.0004918906306625953,0.007329576975668115,NaN,NaN,NaN,NaN,NaN,NaN
2025-06-11T20:38:21Z,39.97259471766553,-75.09641419639895,27.92487851466085,0.07211002289386,19.941775151717906,-0.018262546852568104,1.1316191379336864,-0.0658022803758148,-0.9204639626177753,0.0,0.0,0.0,0.0,0.0,0.0,2.512829664653153e-9,3.213108927479202e-9,2.892487762559904,121.4602417167851,145.4731145329951,0.0034080171858641406,0.0016551077047354769,0.0004946857536612733,0.00745320349890667,NaN,NaN,NaN,NaN,NaN,NaN
2025-06-11T20:38:22Z,39.972623130281285,-75.0962006329845,27.770263981879783,-0.7184595694764836,19.345468349974084,-0.26300349665286843,1.1314646379822964,-0.009726873083385414,-0.8983179527252406,0.0,0.0,0.0,0.0,0.0,0.0,2.6200742606098434e-9,3.440952142545158e-9,2.8320203412319205,122.1370596281736,150.90429417649406,0.0024760938251777546,0.001510079617584127,0.0005084936662806217,0.00794343398378409,NaN,NaN,NaN,NaN,NaN,NaN
2025-06-11T20:38:23Z,39.97267539435277,-75.09598171100686,27.606072513323586,-1.1041881623877758,18.507733756560373,-0.337584520018119,1.105161218537441,-0.01624427663908934,-0.8676085588418441,0.0,0.0,0.0,0.0,0.0,0.0,2.731250933930116e-9,3.6643675523139533e-9,2.721747998137559,121.33603199880281,155.59701085692967,0.00311520939765064,0.001512040279591494,0.00047913287124382395,0.008191958263936684,NaN,NaN,NaN,NaN,NaN,NaN
2025-06-11T20:38:24Z,39.97269948504766,-75.09573314291237,27.207772083672946,-0.6818257550163422,18.83522894228348,-0.2947412162259945,1.0769121075414825,-0.015171857490063213,-0.9950065404317584,0.0,0.0,0.0,0.0,0.0,0.0,2.8733182032532406e-9,3.90066442348601e-9,2.8006304439918632,123.73754103921793,159.45195155151302,0.0013621658249231255,0.001416351148500569,0.0005430521711370344,0.008289845976093673,NaN,NaN,NaN,NaN,NaN,NaN
2025-06-11T20:38:25Z,39.9727261085303,-75.09551248170285,27.176367773775954,-0.574422164265481,19.38900761094338,-0.35816817659215927,1.028872852147805,-0.12433894590436927,-0.9638369407095447,0.0,0.0,0.0,0.0,0.0,0.0,3.1277316832983913e-9,4.177113549660913e-9,2.847885686593393,128.4228769235179,163.88800322294207,0.0008102727081749719,0.0014061104483988867,0.0006085217963742365,0.008320860864282565,NaN,NaN,NaN,NaN,NaN,NaN
2025-06-11T20:38:26Z,39.97276196111584,-75.09530788511708,27.374467803282553,0.22209874410114755,20.081703268483267,-0.03130468388457509,1.0544879659413724,-0.07593801215622682,-0.711812763334033,0.0,0.0,0.0,0.0,0.0,0.0,3.4061186990446174e-9,4.43143123893203e-9,2.806370143840429,134.8633686448649,167.49874555477103,0.0009017177452574952,0.0014646178419513865,0.0006771851993191358,0.008129696122807697,NaN,NaN,NaN,NaN,NaN,NaN
2025-06-11T20:38:27Z,39.970435733696114,-75.10836800047488,29.048593336009773,-1.9625866928667401,-15.215688332352508,-0.017269411495177064,1.058002640831554,0.015109802333720038,-0.862604761484949,0.0,0.0,0.0,0.0,0.0,0.0,3.371492497063191e-14,3.8264587697065535e-14,1.043714578168238,0.14808100113495418,0.20666062061840096,0.00007904890365751612,0.00009177409579459332,0.00005554125641268233,0.00004119420640360269,NaN,NaN,NaN,NaN,NaN,NaN
2025-06-11T20:38:28Z,39.97041448417304,-75.108540816279,28.937055815886254,-2.655634173147663,-14.324200355169056,0.06870212316449169,1.0481810516651688,-0.229473110787729,-0.7593203073055556,0.0,0.0,0.0,0.0,0.0,0.0,9.180483868283007e-14,1.2683978107699517e-13,1.8238186336256377,0.3896617271941764,0.5449594695756896,0.000078556039272164,0.00019555654350895997,0.00012877356189320072,0.00020666167657141184,NaN,NaN,NaN,NaN,NaN,NaN
2025-06-11T20:38:29Z,39.97039126518564,-75.10871402310005,28.902419270751004,-2.31421570912619,-15.318272021617565,0.4349561013893889,1.1535819913715202,0.25558062986012936,-0.9854584377570866,0.0,0.0,0.0,0.0,0.0,0.0,2.0051453799180274e-13,3.02677690854616e-13,2.1532681317706266,0.818385985415975,0.9915937114343325,0.0013541751627605622,0.00030175225675915915,0.00022652841778220646,0.0003634570634930726,NaN,NaN,NaN,NaN,NaN,NaN
2025-06-11T20:38:30Z,39.97035830178059,-75.10888570822155,28.854057216040033,-4.085704593656899,-14.781834111797272,0.4594993712358736,1.1826442593347255,-0.1580432462621509,-1.003494761912901,0.0,0.0,0.0,0.0,0.0,0.0,3.7365331350797953e-13,5.851876630944125e-13,2.703525731050359,1.1665453886350583,1.3466110756891747,0.00024682900009699365,0.0002957032783892294,0.00028302151868328534,0.0004007273634472719,NaN,NaN,NaN,NaN,NaN,NaN
2025-06-11T20:38:31Z,39.97030529501062,-75.10906987280161,28.512116460762503,-7.236079467586763,-16.289077768721157,0.11730420357219976,1.2109415186871966,-0.13047045241679414,-0.9228527042034705,0.0,0.0,0.0,0.0,0.0,0.0,6.262602607041376e-13,1.0213626078657532e-12,2.890073588134831,1.714103161349189,1.7993642667520413,0.004937838923231933,0.00034490817465431765,0.0003683511096830786,0.0004493570597091015,NaN,NaN,NaN,NaN,NaN,NaN
2025-06-11T20:38:32Z,39.97022128215981,-75.10926932959359,27.97861626455961,-10.808208538770419,-17.726583478830985,-0.43108315684169496,1.222946826403458,-0.08915672706270904,-0.9706365550020196,0.0,0.0,0.0,0.0,0.0,0.0,9.35022743390282e-13,1.6663827645942585e-12,2.8360132320973923,1.464122353742808,2.32214810801596,0.005759818805106042,0.0003657422290170349,0.00015792850556927175,0.0007286080091718003,NaN,NaN,NaN,NaN,NaN,NaN
2025-06-11T20:38:33Z,39.97012295124334,-75.10948083319005,27.448679890867723,-12.210572163628509,-18.877447012149812,-0.5839598100788483,1.2013147416276106,-0.02793939657396561,-0.972431038550501,0.0,0.0,0.0,0.0,0.0,0.0,1.2912252303205564e-12,2.519831420569362e-12,2.771461945558051,1.232421714908661,2.942342002496389,0.0017267013292183323,0.0003768381218076111,0.00006639630297359015,0.0016155988241932464,NaN,NaN,NaN,NaN,NaN,NaN
2025-06-11T20:38:34Z,39.97001319326992,-75.1097058849316,27.273219599513908,-13.180556340986445,-19.919067302889562,-0.45403164451908656,1.1275107910887212,-0.003926505152097779,-1.0095720559808756,0.0,0.0,0.0,0.0,0.0,0.0,1.6834076925663135e-12,3.765970618790405e-12,2.8305585736308934,1.2885619524475458,3.942410759930959,0.0006308497426302169,0.0004028977794414832,0.00007029028619712251,0.002445763649265228,NaN,NaN,NaN,NaN,NaN,NaN
2025-06-11T20:38:35Z,39.96989408839806,-75.10994206708324,27.215769431336234,-14.122663177692761,-20.644456066837588,-0.27863550171437507,1.1080375212831384,-0.008678970624080554,-0.9342158578751564,0.0,0.0,0.0,0.0,0.0,0.0,2.1784380194800346e-12,5.332273119476667e-12,2.8248324924394614,1.5115382349188835,4.868240364632083,0.00029696061566075954,0.00039373121648708084,0.00009158213001073975,0.0030349257215110817,NaN,NaN,NaN,NaN,NaN,NaN
2025-06-11T20:38:36Z,39.969770216168456,-75.11018459894267,27.343110307161293,-14.11033408258979,-20.41953764497777,-0.1871700723333494,1.0828804922806747,0.043492879676664015,-0.9426142767764403,0.0,0.0,0.0,0.0,0.0,0.0,2.797741548354243e-12,7.457253157761029e-12,2.7439343664282467,1.751416751034116,5.899659216199372,0.00018653488825884248,0.000414800404716,0.00011634895036102403,0.003319477192837164,NaN,NaN,NaN,NaN,NaN,NaN
2025-06-11T20:38:37Z,39.96964510741598,-75.11042424043217,27.527711579072655,-14.007703314292494,-20.47526688391284,-0.13914650966361025,1.0727122254489672,0.04747947621371888,-0.9475018286749483,0.0,0.0,0.0,0.0,0.0,0.0,3.5672374979639157e-12,1.0407112226259958e-11,2.7442107630127954,2.0350973301177073,7.3514464103659956,0.0001752011405507038,0.0005314813106580999,0.00013810137806469772,0.0033714646943876613,NaN,NaN,NaN,NaN,NaN,NaN
2025-06-11T20:38:38Z,39.96951953443884,-75.11066610302291,27.477985783336134,-13.913360525267542,-20.552834277007147,-0.1236014978868656,1.0636694551848607,0.0476555204482837,-0.9518796427454946,0.0,0.0,0.0,0.0,0.0,0.0,4.5871366147524635e-12,1.3888898477910577e-11,2.7539469743089544,2.39277916958443,8.682602872596744,0.0001669185930976865,0.0006359403411719576,0.0001617053818951768,0.0034767722553062496,NaN,NaN,NaN,NaN,NaN,NaN
2025-06-11T20:38:39Z,39.96939354146011,-75.11090190775481,27.548242419957617,-13.828373699304509,-20.523272857771172,-0.1163635989955143,1.0573273936193304,0.04690108087477559,-0.9531182132893252,0.0,0.0,0.0,0.0,0.0,0.0,5.601659633269562e-12,1.842974697717149e-11,2.7792391283807647,2.8033493014786153,10.335973786524917,0.0002077603886405522,0.0007813733465691042,0.0002149366917749211,0.0036426769079382446,NaN,NaN,NaN,NaN,NaN,NaN
2025-06-11T20:38:40Z,39.96926940152967,-75.11114087345572,27.534838414602397,-13.704704032918126,-20.526355754817594,-0.11541477071031181,1.0517412096943557,0.04794967088402715,-0.9528921962319353,0.0,0.0,0.0,0.0,0.0,0.0,6.757388650991486e-12,2.4727947992516296e-11,2.9753078797178554,3.39219670514869,12.584099551773576,0.0002201745533673552,0.0009181576825412835,0.0002980226848576827,0.003745063698420275,NaN,NaN,NaN,NaN,NaN,NaN
2025-06-11T20:38:41Z,39.969148995389155,-75.11138371364946,27.501820561832947,-13.52531490673085,-20.60085555691897,-0.13065628291624218,1.053686730367065,0.0512582879470504,-0.9316988538348339,0.0,0.0,0.0,0.0,0.0,0.0,8.15764886225098e-12,3.2317395903627074e-11,2.873209885077648,4.034127730926526,14.799614327852314,0.0002096814139502783,0.0010190171451077777,0.00038309764477620595,0.0038800832050026528,NaN,NaN,NaN,NaN,NaN,NaN
2025-06-11T20:38:42Z,39.96903606960322,-75.11161830149638,27.443022572297572,-11.852847707202159,-19.720617867086013,-0.16369524790783002,1.057783540470773,0.009910190355422233,-0.8744239718412212,0.0,0.0,0.0,0.0,0.0,0.0,9.900111702228783e-12,4.1321682447362366e-11,2.9971649449446045,4.881495351943629,17.06715046391807,0.000430611016179286,0.0011244693583854358,0.00046719267923113353,0.0038301351722600982,NaN,NaN,NaN,NaN,NaN,NaN
2025-06-11T20:38:43Z,39.968934167376254,-75.11185323962113,27.63835779701902,-11.183887888731784,-18.999728126366268,-0.1258451518479135,1.0711199558930302,-0.02170212751660248,-0.8938201397275655,0.0,0.0,0.0,0.0,0.0,0.0,1.1726198671982783e-11,5.143933533987347e-11,3.2057296386349736,5.626269763580024,19.417396108842087,0.001775640600120411,0.0011946337027932512,0.0004576246574302212,0.003928255484499128,NaN,NaN,NaN,NaN,NaN,NaN
2025-06-11T20:38:44Z,39.968834479840524,-75.11207975572232,27.62109155145565,-11.162254793005925,-18.43123113513593,-0.07101407068155803,1.1004615221350773,-0.12500114126149803,-0.8265494261005695,0.0,0.0,0.0,0.0,0.0,0.0,1.4094374297460066e-11,6.465868331698697e-11,2.902994093908798,6.596637688876603,22.827327086782084,0.0017622549626002191,0.001301133376217923,0.0004223916220495956,0.004077301780510628,NaN,NaN,NaN,NaN,NaN,NaN
2025-06-11T20:38:45Z,39.968731067595755,-75.1123042643934,27.845393394944434,-11.672339709962285,-18.854529391551157,-0.03786124443032292,1.1188391907960191,0.005127556689475347,-0.8691553410502061,0.0,0.0,0.0,0.0,0.0,0.0,1.6931625602303573e-11,7.999841931867618e-11,2.7984786768726475,7.509627215293171,26.16144446701933,0.0011797339884606702,0.0013417777555237076,0.0004018508150768256,0.00419414648703857,NaN,NaN,NaN,NaN,NaN,NaN
2025-06-11T20:38:46Z,39.96862639366313,-75.11253988846369,27.772009646601887,-12.428835139127068,-19.087545650559274,-0.047099697879271395,1.1134321290789142,-0.06447714884261893,-0.9347277203846317,0.0,0.0,0.0,0.0,0.0,0.0,2.0234947877214377e-11,9.678605593040625e-11,2.6381392509442056,8.778118192286144,29.025906805546278,0.0004567208576249275,0.001342604279938163,0.00047147071752840457,0.004228513605625394,NaN,NaN,NaN,NaN,NaN,NaN
2025-06-11T20:38:47Z,39.96851611184828,-75.11277407093533,27.829339875158045,-12.378314476283759,-19.27117462655011,-0.08819017957613763,1.1061369789506326,-0.04645458821979912,-0.7921041810932122,0.0,0.0,0.0,0.0,0.0,0.0,2.401134480429207e-11,1.1801288603778415e-10,2.572125018435093,10.181667994505876,32.493638515745374,0.00033011768265235174,0.0013929782938852289,0.0005380061103614248,0.004237269486638289,NaN,NaN,NaN,NaN,NaN,NaN
2025-06-11T20:38:48Z,39.96840442585449,-75.11300588473812,27.704536810671904,-12.831000259558836,-19.745668131422153,-0.12469253638756449,1.1186466537379143,-0.008115785676480348,-0.8692344673756134,0.0,0.0,0.0,0.0,0.0,0.0,2.837576192517323e-11,1.4445893573425085e-10,2.6862521465760043,11.770176398928475,36.85442341178902,0.00027841752556969284,0.0015144441805336896,0.000631600075352347,0.004217206286824129,NaN,NaN,NaN,NaN,NaN,NaN
2025-06-11T20:38:49Z,39.96828602148663,-75.11325157470353,27.459831892823793,-13.978652477645658,-21.22315007951021,-0.2974711902616185,1.1108917203947735,0.020903845218250262,-0.9341539294784531,0.0,0.0,0.0,0.0,0.0,0.0,3.373991218611288e-11,1.7734564132696632e-10,2.627312270524193,13.014275872639098,41.647158457407244,0.0019188622088887974,0.0016090986925119913,0.0006418691749501549,0.004226092085167218,NaN,NaN,NaN,NaN,NaN,NaN
2025-06-11T20:38:50Z,39.96815447124598,-75.1134874804145,27.137879787994695,-14.075554293255971,-21.066917571537093,-0.29803592010455116,1.0793528162486066,-0.06606960156827078,-0.9123442251767606,0.0,0.0,0.0,0.0,0.0,0.0,3.866991197503958e-11,2.1223380610687227e-10,2.787592597372753,14.511483118759122,45.669822356613324,0.0026221996222835,0.0015383784708341867,0.000661422927829188,0.004254445465302796,NaN,NaN,NaN,NaN,NaN,NaN
2025-06-11T20:38:51Z,39.96803056284921,-75.11373921280678,27.236705335793662,-13.646091311672658,-20.904214201457396,-0.12565321837217244,1.0560675398601764,0.020666671377621265,-0.9142661811404866,0.0,0.0,0.0,0.0,0.0,0.0,4.6053634313231154e-11,2.5263334263980964e-10,2.7073172725548726,16.719484821768354,49.49863285830095,0.0012824326796975647,0.0014120322581534204,0.0007457364036732564,0.00432300633593874,NaN,NaN,NaN,NaN,NaN,NaN
2025-06-11T20:38:52Z,39.96790541468437,-75.11397617448058,27.11581100852045,-13.743721884194558,-20.87560894788865,-0.15529020670631644,1.041850415200675,-0.03863575025299994,-0.9028600975437459,0.0,0.0,0.0,0.0,0.0,0.0,5.4829913965476255e-11,2.98173288591519e-10,2.67407779744785,18.978080552461712,54.589056172812064,0.001181308874853659,0.0014779711365894325,0.0007864142118738354,0.004308200245705653,NaN,NaN,NaN,NaN,NaN,NaN
2025-06-11T20:38:53Z,39.9677705774909,-75.11420818144022,27.143029981493008,-14.35842787420173,-21.421264539281374,-0.07936028012583013,1.0277551225779318,0.0525332856481732,-1.1157818450426988,0.0,0.0,0.0,0.0,0.0,0.0,6.430576044322802e-11,3.516776233079932e-10,2.4696994606298097,21.67439316936021,59.875501905507996,0.0014897019115942948,0.0015174710768010163,0.0008731177891581369,0.004212075120782435,NaN,NaN,NaN,NaN,NaN,NaN
2025-06-11T20:38:54Z,39.96762932589595,-75.1144365632198,27.231758628330606,-15.33848456269478,-20.864132567895705,-0.0022363163348340423,1.0176254126377196,-0.21781800383763145,-0.7287751521350861,0.0,0.0,0.0,0.0,0.0,0.0,7.550715177089496e-11,4.084528168041354e-10,2.778187338530104,24.392045574500088,65.05082594640318,0.0015158236102452245,0.001548724143874703,0.000905919077510539,0.004150219954036224,NaN,NaN,NaN,NaN,NaN,NaN
2025-06-11T20:38:55Z,39.96748919600314,-75.11468123745523,27.356500795488007,-14.830868557511586,-21.42974314872176,-0.07190409232808469,1.0864189715156496,0.03734138401717379,-1.1324285325390793,0.0,0.0,0.0,0.0,0.0,0.0,8.887887918218184e-11,4.698025827922226e-10,2.818679375985923,27.437560099772007,69.07690481924844,0.001104223084356798,0.0014933182572977291,0.0010051308402609087,0.004172545189707135,NaN,NaN,NaN,NaN,NaN,NaN
2025-06-11T20:38:56Z,39.96735519990604,-75.11492376575917,27.454803023072337,-14.07375939088046,-20.95005361099476,-0.06707438711097448,1.088303179504706,-0.04601174180304414,-0.9961551950193507,0.0,0.0,0.0,0.0,0.0,0.0,1.025043200407064e-10,5.423045171144833e-10,2.6649820467639977,28.720298876816194,73.26018920019993,0.0004671924748826376,0.0014722514312413863,0.0009286292758330809,0.004115670766889445,NaN,NaN,NaN,NaN,NaN,NaN
2025-06-11T20:38:57Z,39.967221949269344,-75.1151778087629,27.401408042455493,-14.885420730016152,-21.07469273268129,-0.13411454832349023,1.0733770284357012,-0.1166417013191153,-0.8349856497875566,0.0,0.0,0.0,0.0,0.0,0.0,1.1897754320157853e-10,6.195454764213152e-10,2.9353234825098258,31.563962456005687,78.31791394185697,0.0005801578496314681,0.0015424872697765702,0.0009714411826292951,0.00406922656666473,NaN,NaN,NaN,NaN,NaN,NaN
2025-06-11T20:38:58Z,39.967091344740595,-75.11544293030116,27.184172816690936,-15.218116269592343,-21.119574943872735,-0.1513174663091372,1.0899952527797139,-0.10168048989237159,-0.7764700498093718,0.0,0.0,0.0,0.0,0.0,0.0,1.3734200633216505e-10,7.061030476687165e-10,2.8552517809713134,34.57648097000492,83.99228263168517,0.0009861746753809719,0.0016133538519384363,0.0010347642261519252,0.004018266890322933,NaN,NaN,NaN,NaN,NaN,NaN
2025-06-11T20:38:59Z,39.96695578794468,-75.1157072762099,27.14431772201468,-15.352043262627111,-21.41479893228245,-0.1249134863336282,1.0871625983230182,0.02442889076113398,-0.9396651174878036,0.0,0.0,0.0,0.0,0.0,0.0,1.5680372265247087e-10,8.003574606877574e-10,2.941933324942162,37.111042305907006,90.54945503021106,0.0028479652458685864,0.001722456671583886,0.0010238239250603763,0.00402654754642738,NaN,NaN,NaN,NaN,NaN,NaN
2025-06-11T20:39:00Z,39.96681205241149,-75.11596189525206,27.18760456895015,-15.775149099599169,-21.532085712174815,-0.17086119776089734,1.0916142224634027,-0.036562930675257885,-1.0268810311183172,0.0,0.0,0.0,0.0,0.0,0.0,1.7917248952887488e-10,9.056875227530029e-10,2.7180308300023257,38.40540024490846,97.30413350695612,0.0025459666862515237,0.0017352334667964158,0.0007936960005746944,0.004034395717078227,NaN,NaN,NaN,NaN,NaN,NaN
2025-06-11T20:39:01Z,39.96666256720174,-75.11622011561937,27.06872336016341,-15.653838759473665,-22.071919416213365,-0.16598632977054997,1.0868046499960726,-0.09006381320594323,-0.6980052029175885,0.0,0.0,0.0,0.0,0.0,0.0,2.012971558343323e-10,1.0275072368791843e-9,2.879493497977931,39.50116945936209,105.36757770206363,0.0021393147801676286,0.001854975181059008,0.0006413422526111296,0.00403894898336236,NaN,NaN,NaN,NaN,NaN,NaN
2025-06-11T20:39:02Z,39.96652187850196,-75.1164864717202,27.057869772494158,-15.650863994275058,-22.34215321076469,-0.12374089297117266,1.0659499808012296,0.1344916632903321,-1.2057383272728623,0.0,0.0,0.0,0.0,0.0,0.0,2.3105838378399802e-10,1.179725337724859e-9,2.9589378594090463,42.466771450437285,113.78147290776559,0.003274975439443174,0.001816254510322962,0.0006413018853138418,0.003983334106264941,NaN,NaN,NaN,NaN,NaN,NaN
2025-06-11T20:39:03Z,39.9663818922169,-75.11674761052815,26.907947900728956,-15.38950500467293,-23.394033140424536,-0.2357226914262362,1.0797300975453514,0.12448791874131968,-1.126939591486192,0.0,0.0,0.0,0.0,0.0,0.0,2.646207116753505e-10,1.3445950990587098e-9,2.9494957247260167,43.818947312874265,122.51993825837418,0.003136277307679451,0.001921093507622888,0.0004783931525447613,0.00401326034481377,NaN,NaN,NaN,NaN,NaN,NaN
2025-06-11T20:39:04Z,39.96624451912181,-75.11701048327899,26.842458956048848,-16.253683566932686,-22.318292931183052,-0.30494103327189936,1.0825810723690394,0.052412178119112494,-1.1682029220234271,0.0,0.0,0.0,0.0,0.0,0.0,2.98230584119524e-10,1.5144378340610292e-9,2.7538731174317084,46.224653959265275,128.6871073286643,0.0021986812472324937,0.0017091986089475388,0.000551616962585574,0.004052666330934511,NaN,NaN,NaN,NaN,NaN,NaN
2025-06-11T20:39:05Z,39.966116557639666,-75.11729350209094,26.63377672308721,-14.671063961972463,-24.112607862093178,-0.4312179659039641,0.9874103068861347,0.3007465902914315,-1.5656967560172808,0.0,0.0,0.0,0.0,0.0,0.0,3.336213399683778e-10,1.6715574633539895e-9,2.779274080622954,46.6891476154108,133.87029673728296,0.0017391797213936158,0.0017098200793443158,0.000431813594427468,0.004059896824403947,NaN,NaN,NaN,NaN,NaN,NaN
2025-06-11T20:39:06Z,39.96599728530184,-75.11757475734308,26.496284335103088,-13.259481345971778,-22.410524541971785,-0.3663735055811834,1.035032889968829,0.1907281246281495,-1.8385184676125557,0.0,0.0,0.0,0.0,0.0,0.0,3.7562647635622986e-10,1.8799832202869984e-9,2.891483619109928,49.439641663868585,141.78672816340486,0.0007403544936824116,0.001646238096504685,0.0005052319389980891,0.004130346751959587,NaN,NaN,NaN,NaN,NaN,NaN
2025-06-11T20:39:07Z,39.96590039282006,-75.11784314092817,26.673651973871056,-12.569720136101852,-21.2524851206208,0.20652277301841618,1.1249880908520031,-0.19612932261106145,-1.4804654795799501,0.0,0.0,0.0,0.0,0.0,0.0,4.210659287669851e-10,2.0933433077012314e-9,2.7814964562451765,51.94094199376369,150.44481231358378,0.0042112073603331945,0.001718102711270486,0.0005436702569786111,0.004245716618487113,NaN,NaN,NaN,NaN,NaN,NaN
2025-06-11T20:39:08Z,39.96579069031067,-75.11807469803527,26.860089946877977,-13.550652379959699,-20.829162426533635,-0.23780521675245297,1.136852166099595,-0.26811936548368404,-1.075772957840749,0.0,0.0,0.0,0.0,0.0,0.0,4.5894998274750446e-10,2.2960762529936277e-9,2.6828037645657554,53.08160475775577,151.48597800729385,0.0007096932282867386,0.0013633609484776966,0.000577138449433966,0.004378845189183938,NaN,NaN,NaN,NaN,NaN,NaN
2025-06-11T20:39:09Z,39.965665411099955,-75.11828989056866,26.692456239032136,-13.427021757755307,-19.847672959817263,-0.17544224253815865,1.1108705354987103,-0.23876437534739012,-0.6935077872458976,0.0,0.0,0.0,0.0,0.0,0.0,5.030783157170348e-10,2.528147704265119e-9,2.6881812901948576,54.671230218227294,157.0792786579846,0.0014471206324048265,0.0014077041301252511,0.000645149227427094,0.0044578429564654945,NaN,NaN,NaN,NaN,NaN,NaN
2025-06-11T20:39:10Z,39.96555882136693,-75.1185203304325,26.781403405112822,-13.561372690265042,-19.75458241572015,-0.241592077509847,1.1417529548848966,-0.04577912697019365,-0.7123768365115931,0.0,0.0,0.0,0.0,0.0,0.0,5.474589042918839e-10,2.766218080376083e-9,2.777429480847829,55.84391992622425,163.51893797128324,0.007625017359222226,0.001391531907289858,0.0006574491948451188,0.004580957041603255,NaN,NaN,NaN,NaN,NaN,NaN
2025-06-11T20:39:11Z,39.96544545408713,-75.11876673562361,26.65573744655517,-13.370595538981568,-21.436047239879905,-0.03849609057384474,1.158073708818353,0.05505618236530952,-0.8492440303798297,0.0,0.0,0.0,0.0,0.0,0.0,5.963498557221389e-10,3.0377522971109043e-9,2.8875384327320224,54.902921067138614,166.24766196104963,0.0032972207238479117,0.0010656742514818316,0.00045271116667474525,0.004737667299261527,NaN,NaN,NaN,NaN,NaN,NaN
2025-06-11T20:39:12Z,39.96533508002834,-75.11905649492054,26.654457097428995,-13.680746600238967,-22.65256552235447,-0.37612978290533094,1.147765544305505,-0.0009162951516356138,-0.8468232760146975,0.0,0.0,0.0,0.0,0.0,0.0,6.496282109605967e-10,3.3199402082162887e-9,3.1135944316403696,54.44620512420808,173.12011775649157,0.0029154088336841274,0.0011503484538927479,0.00030733972834688807,0.004646748465130543,NaN,NaN,NaN,NaN,NaN,NaN
2025-06-11T20:39:13Z,39.96524285811105,-75.11939866901531,26.647089580969098,-13.638930499437814,-22.938997532011832,-0.10145440088397825,1.1200144503270966,-0.11261339084307702,-0.7179716965153831,0.0,0.0,0.0,0.0,0.0,0.0,7.073514158754124e-10,3.615329327237381e-9,3.0268773535577793,55.50136074619554,179.51404840052297,0.0047654182860771095,0.0011163591133761413,0.0002716769974201767,0.004417449672490561,NaN,NaN,NaN,NaN,NaN,NaN
2025-06-11T20:39:14Z,39.96514038018717,-75.11971007541887,26.715137053958653,-14.027849159474034,-23.883835233951313,-0.10272359231299998,1.120680510426634,-0.02217218309274687,-0.48054422486862935,0.0,0.0,0.0,0.0,0.0,0.0,7.572813337257228e-10,3.803193505304036e-9,2.9405764468193785,56.53780982111404,178.11341845918295,0.0035284465148959577,0.0009232463058467706,0.0002679364849173798,0.004420327214092715,NaN,NaN,NaN,NaN,NaN,NaN
2025-06-11T20:39:15Z,39.965030171921136,-75.12002486714775,26.747267158748613,-13.66185398199326,-24.9275128161615,-0.05718088684590816,1.1801972933481928,0.0007950095339184711,-0.42778140611008914,0.0,0.0,0.0,0.0,0.0,0.0,8.29642308227067e-10,4.14413312719581e-9,2.830686868375717,58.98610860217734,184.78320816672496,0.002652166807971962,0.0009088595632805323,0.00027890449437672447,0.004549826794778598,NaN,NaN,NaN,NaN,NaN,NaN
2025-06-11T20:39:16Z,39.96491860104141,-75.12033973290013,26.700062372482265,-12.480499359394631,-25.36294378626643,-0.12207665520368705,1.154364278428571,0.15456080994682833,-0.5939491606769278,0.0,0.0,0.0,0.0,0.0,0.0,8.887387779925431e-10,4.436391208849682e-9,2.7822599037381375,60.99908837490588,187.21232095057073,0.001799252569158448,0.0008246963443531287,0.00035749704280827697,0.004686763837111413,NaN,NaN,NaN,NaN,NaN,NaN
2025-06-11T20:39:17Z,39.96480705461404,-75.12065247574145,26.67963059406163,-12.248147712367937,-26.06473916441181,-0.1665132949730495,1.1499607041528197,0.08697538697982339,-0.9039848289557157,0.0,0.0,0.0,0.0,0.0,0.0,9.559649242822632e-10,4.832903455470436e-9,2.7766821359291627,63.41562444440286,191.88302865384568,0.00434646865566877,0.000793425859242368,0.00043189921173148,0.004815108976189477,NaN,NaN,NaN,NaN,NaN,NaN
2025-06-11T20:39:18Z,39.96470742064468,-75.12098347981325,26.338030419674432,-12.247077590575355,-27.2088805688583,-0.2222698992501743,1.1355926199549005,0.05606719431772535,-0.8435260678469887,0.0,0.0,0.0,0.0,0.0,0.0,1.0285253206064313e-9,5.243027099782252e-9,2.7519467484414375,65.6528691147571,193.1683236007798,0.007406102260736457,0.0005707473586847777,0.0004369479222257565,0.005186478532130046,NaN,NaN,NaN,NaN,NaN,NaN
2025-06-11T20:39:19Z,39.96459180425917,-75.12129988381353,26.233429993562222,-12.967510108093792,-26.986014277315316,-0.25916680996735986,1.1264988413111467,-0.09871142247726639,-0.7872250763730766,0.0,0.0,0.0,0.0,0.0,0.0,1.1151850651596392e-9,5.69705681807031e-9,2.8079507204575163,68.26140354322192,192.5059875698634,0.004274249644713745,0.00023998977863675533,0.0004762529087581114,0.005683158236451706,NaN,NaN,NaN,NaN,NaN,NaN
2025-06-11T20:39:20Z,39.96446591590524,-75.12164259923159,26.435789007305935,-13.563996733273688,-26.81021203288105,-0.17095038102901,1.1215680322748776,0.0032600708728890617,-0.7527607757644197,0.0,0.0,0.0,0.0,0.0,0.0,1.181030571243036e-9,6.0908785724207395e-9,2.8627160687221984,69.94416070810027,190.5058262041014,0.0016782370094916425,0.0001144019481085441,0.0005643613065587396,0.006016535257931656,NaN,NaN,NaN,NaN,NaN,NaN
2025-06-11T20:39:21Z,39.96435216014774,-75.12200185682869,26.492498323000728,-13.6360050453133,-27.261913362925434,-0.16658631029418003,1.1167917712783677,-0.012081220441203478,-0.7690825663324474,0.0,0.0,0.0,0.0,0.0,0.0,1.2351826503925213e-9,6.415881013143908e-9,2.8991183816328814,71.93415585151772,187.85035946280584,0.001497839638907038,0.00012092186037063262,0.0006261458359467163,0.006042653018327295,NaN,NaN,NaN,NaN,NaN,NaN
2025-06-11T20:39:22Z,39.964213033116,-75.12227229929844,26.72935569172251,-14.14708555317929,-26.967084536917405,-0.21738859294681206,1.0992439131397562,-0.07247721228938198,-0.8478631742064943,0.0,0.0,0.0,0.0,0.0,0.0,1.320818045976001e-9,6.9011155707911744e-9,2.804785201271689,75.23660924799152,190.31604998195337,0.0015429584652480743,0.00013478025705514985,0.0007083845221506048,0.006106682341356495,NaN,NaN,NaN,NaN,NaN,NaN
2025-06-11T20:39:23Z,39.9640800963272,-75.1225681062414,26.747881896927627,-14.368113323170574,-27.095558421512223,-0.1609881518654061,1.0922490205349906,-0.04668114140711632,-0.7514778313476443,0.0,0.0,0.0,0.0,0.0,0.0,1.4294517666135357e-9,7.464056191414285e-9,3.007336311736346,79.29418605560558,195.20159845113585,0.001994281957859893,0.00017103719764881262,0.00070710964219029,0.006228133749129329,NaN,NaN,NaN,NaN,NaN,NaN
2025-06-11T20:39:24Z,39.96396095109157,-75.12291185250216,26.773581078172057,-14.393192808851603,-27.38382639061478,-0.16057593314400326,1.0646294606811295,0.008617551235476294,-0.8722489062656041,0.0,0.0,0.0,0.0,0.0,0.0,1.5212331883189743e-9,7.899412713276285e-9,2.9326777459866005,82.00766108189114,197.13729153133957,0.0022202279952456016,0.00023137108763369296,0.0006419683679612198,0.00631801160339458,NaN,NaN,NaN,NaN,NaN,NaN
2025-06-11T20:39:25Z,39.963830109433125,-75.12326145640465,26.640936130168377,-14.227503061839663,-27.608829204611308,-0.10101323966332573,1.0616293393753522,-0.007176253342238724,-0.8730883408112069,0.0,0.0,0.0,0.0,0.0,0.0,1.605456785183806e-9,8.374242143419045e-9,2.8614804767231545,84.22880338056065,200.93695604443127,0.0013589052665208493,0.0003199717413212967,0.0005451345698090855,0.0064396147743900735,NaN,NaN,NaN,NaN,NaN,NaN
2025-06-11T20:39:26Z,39.963680268780735,-75.12358208488422,26.594633571675995,-14.377819272344103,-27.841149898749055,-0.08471928922225665,1.0480655369969398,0.002593209947919684,-0.9586328840267907,0.0,0.0,0.0,0.0,0.0,0.0,1.742925464396582e-9,9.043477746825337e-9,2.8264087246023686,88.27620332996493,208.90189573615515,0.0012124514786988662,0.000412595857945412,0.0005539494788340859,0.006482757180438639,NaN,NaN,NaN,NaN,NaN,NaN
2025-06-11T20:39:27Z,39.9684164329915,-75.13786231264582,27.627512791889238,3.6616740238976666,-61.92113560222002,-0.11967190030193499,1.0377137437638284,-0.09565569395596368,-0.6631188083974133,0.0,0.0,0.0,0.0,0.0,0.0,3.473509617198453e-14,3.651855820259864e-14,1.0072202401830719,0.17695540766274942,0.16909528652459271,0.00025097721087227184,0.00007313514601630874,0.00006069968723785521,1.2594242014754826e-6,NaN,NaN,NaN,NaN,NaN,NaN
2025-06-11T20:39:28Z,39.96844880747824,-75.13858925459942,27.361524802460508,3.220759303457657,-62.32473399338691,-0.10290999172814919,1.0344399218098659,-0.0075088577911566175,-0.7462284413183152,0.0,0.0,0.0,0.0,0.0,0.0,1.0103237113943563e-13,1.0895538203625588e-13,2.028578285708472,0.44718417670762545,0.3933961976693943,0.0006520798577019844,0.0001377577111024582,0.0001318020018430869,5.8474958617948765e-6,NaN,NaN,NaN,NaN,NaN,NaN
2025-06-11T20:39:29Z,39.968475620128515,-75.13932334044947,26.97909892455807,2.500941687081846,-63.1176807993537,-0.023901093557306345,1.0288552846952472,-0.027646365955712238,-0.8098796928184826,0.0,0.0,0.0,0.0,0.0,0.0,2.0513646883555196e-13,2.437540824453124e-13,2.5390580761558157,0.7200300514234244,0.7125089616537333,0.0012311763810663701,0.00020535795980388462,0.00017089810728708747,9.833292738603232e-6,NaN,NaN,NaN,NaN,NaN,NaN
2025-06-11T20:39:30Z,39.96849915961824,-75.14006120162111,26.61064967822107,2.71133541352535,-62.819411639222274,-0.1204834910603322,1.0327267619317884,-0.014245004706045478,-0.7868487144150121,0.0,0.0,0.0,0.0,0.0,0.0,3.6519455983931923e-13,4.585533598362284e-13,2.7914831233712487,1.0290791309949123,1.0439690908066324,0.0006391402250770349,0.00024310658730375653,0.00020120437712809955,0.00003405216981229693,NaN,NaN,NaN,NaN,NaN,NaN
2025-06-11T20:39:31Z,39.96852868445469,-75.14079598112463,26.58188713458788,3.274734774287501,-62.722057929388974,-0.12444813421265238,1.0252877303635644,-0.04274281554631521,-0.7730669541228845,0.0,0.0,0.0,0.0,0.0,0.0,5.921803616822133e-13,7.895211065719629e-13,2.7448910565584383,1.3956162093820783,1.4825314052804206,0.0005253075145894362,0.0003058925360694157,0.00024418433342668144,0.00004688319881442541,NaN,NaN,NaN,NaN,NaN,NaN
2025-06-11T20:39:32Z,39.96856057522811,-75.14152875212956,26.472212695451457,3.6189075074085855,-62.4448288949658,-0.14320984863171715,1.0189054082580051,-0.028358627396199945,-0.7866361631099832,0.0,0.0,0.0,0.0,0.0,0.0,9.172898956978374e-13,1.3372239895594444e-12,2.9530763255331802,1.9218473444170372,2.1407266915275573,0.0003911607155976438,0.0004058607054065071,0.00031537118112883567,0.00011053960258194241,NaN,NaN,NaN,NaN,NaN,NaN
2025-06-11T20:39:33Z,39.96859555497876,-75.14225914036719,26.32130311650214,3.9214002232614145,-62.22842842207424,-0.16190117139800586,1.0190105551619209,-0.031365171352551464,-0.7850919750912362,0.0,0.0,0.0,0.0,0.0,0.0,1.3614980060345086e-12,2.102902621526844e-12,2.694679805832612,2.557419980709224,2.909857653769252,0.00024976750465299975,0.0005101402590501993,0.0003943475777705794,0.00021261939101284557,NaN,NaN,NaN,NaN,NaN,NaN
2025-06-11T20:39:34Z,39.96863227686863,-75.14298833265251,26.175878406875697,4.121602179593428,-62.150899367905005,-0.17324329309579037,1.0217508305127554,-0.036067030535333444,-0.7838126984929416,0.0,0.0,0.0,0.0,0.0,0.0,2.015621157256845e-12,3.254375084787349e-12,2.7781836532595445,3.3879312522967955,3.9706755012425705,0.00017962806145941724,0.0006278432269926807,0.0004758175599746571,0.0003061138250501521,NaN,NaN,NaN,NaN,NaN,NaN
2025-06-11T20:39:35Z,39.96866949631982,-75.14371728026963,26.09252112569104,4.105474027647034,-62.108197813297664,-0.18016830640114354,1.0275026096995716,-0.041432496165368864,-0.780442741280955,0.0,0.0,0.0,0.0,0.0,0.0,2.9282343961847276e-12,4.83311777965516e-12,2.8908876731336974,4.473135576627898,5.180544683882175,0.00014256686762747166,0.0007190164327144796,0.0005702730969588315,0.00038163297765314,NaN,NaN,NaN,NaN,NaN,NaN
2025-06-11T20:39:36Z,39.968705090396924,-75.14444608246903,26.025741291735475,3.9398221147160672,-62.13831492751522,-0.18769532846009157,1.0343330465588367,-0.036902796029058056,-0.781057991206427,0.0,0.0,0.0,0.0,0.0,0.0,4.142165195293767e-12,7.067040954918267e-12,2.766728492804695,5.701946602781942,6.727463557684815,0.0001252069201263296,0.0008382147516042364,0.0006590053652852044,0.00043721315742652173,NaN,NaN,NaN,NaN,NaN,NaN
2025-06-11T20:39:37Z,39.968740436236104,-75.14517675151151,25.91823982057041,3.774342696806089,-62.26570266367657,-0.2056825554756487,1.0421469811672874,-0.035664307760310425,-0.7806579217944228,0.0,0.0,0.0,0.0,0.0,0.0,5.66948023035509e-12,1.0165349742188833e-11,2.759101744175547,6.999411915189961,8.37531623365472,0.00011441342894716281,0.0008951357180219039,0.000721596556611017,0.00046455546201612773,NaN,NaN,NaN,NaN,NaN,NaN
2025-06-11T20:39:38Z,39.96877444503059,-75.14590882495472,25.88468084232567,3.6898179301868765,-62.34039059858576,-0.21320474654705607,1.04877737835673,-0.027951112968087225,-0.77027436743844,0.0,0.0,0.0,0.0,0.0,0.0,7.902091561266475e-12,1.4112231198896894e-11,2.790929871627741,8.799750879226991,10.291654727028298,0.00013074752248404457,0.0009888941687852958,0.0008239959288143862,0.00048080864064359665,NaN,NaN,NaN,NaN,NaN,NaN
2025-06-11T20:39:39Z,39.968809356046435,-75.14663058237188,25.8694167648698,3.9617744106653436,-61.28434016336703,-0.21602430174901252,1.0550928923962644,-0.11877824665965378,-0.5708260472543951,0.0,0.0,0.0,0.0,0.0,0.0,1.0717088767283032e-11,1.8728068499643724e-11,2.7979135543330576,10.793419902038217,12.305628405900862,0.0015029145406935628,0.001069264369502257,0.0009213812000158007,0.0004835388424767817,NaN,NaN,NaN,NaN,NaN,NaN
2025-06-11T20:39:40Z,39.96884425437258,-75.14734810766389,26.060570203723,3.703815176216298,-60.45066133727244,-0.22073727008152058,1.085704165976551,-0.10180742773711673,-0.7562660627633992,0.0,0.0,0.0,0.0,0.0,0.0,1.4526742745229797e-11,2.571098154404769e-11,2.7679074956684113,12.866656782803565,14.901101472058127,0.005249972186471076,0.0011178515804513706,0.0009200727202713199,0.0005673639330205536,NaN,NaN,NaN,NaN,NaN,NaN
2025-06-11T20:39:41Z,39.9688777383158,-75.1480607986986,26.253215820755667,4.085516373791507,-60.69091380087217,-0.16069055674947516,1.1420695451660716,-0.03550580300721782,-0.7148300085474398,0.0,0.0,0.0,0.0,0.0,0.0,1.9336057622229093e-11,3.471385862766459e-11,2.846265679196837,15.478954848856068,16.24801886346781,0.0051027318311973584,0.0007744757740890417,0.00100059233402523,0.000774152955450877,NaN,NaN,NaN,NaN,NaN,NaN
2025-06-11T20:39:42Z,39.96891433819472,-75.14877361587554,26.57841736270917,4.101681613141455,-60.94862415454706,0.056341006715708415,1.1830216482882578,-0.03297932746454792,-0.709696322030838,0.0,0.0,0.0,0.0,0.0,0.0,2.5445025390719267e-11,4.530915759704084e-11,2.9671918976060963,18.61234382794709,17.410548260008536,0.003212306328235787,0.000585058603973411,0.001117880099604976,0.0009325499933494994,NaN,NaN,NaN,NaN,NaN,NaN
2025-06-11T20:39:43Z,39.96895300763449,-75.14948958996949,26.474076456176007,4.2448806821873575,-60.86094997130001,-0.1396229613946326,1.155864661980634,-0.06938970230650224,-0.7073214384502049,0.0,0.0,0.0,0.0,0.0,0.0,3.293823071045593e-11,5.683216093137033e-11,2.7406059318043767,21.90603197454146,18.41117789975787,0.0017565882299238017,0.0005277119221362221,0.0012338167498217622,0.0009954308554162288,NaN,NaN,NaN,NaN,NaN,NaN
2025-06-11T20:39:44Z,39.96898355208055,-75.15020121826288,26.361928112643444,3.5401444863668265,-61.022732052064114,-0.130309209786444,1.1713522465458086,-0.06648079912993249,-0.6274545158583446,0.0,0.0,0.0,0.0,0.0,0.0,4.228405976371141e-11,7.022177223420038e-11,2.6820683958058678,25.552979734191755,19.976283497586518,0.0013897738003066924,0.0005841436680860664,0.0013093237613960875,0.001005893040561616,NaN,NaN,NaN,NaN,NaN,NaN
2025-06-11T20:39:45Z,39.9690187159437,-75.15092661099378,26.11958843346803,3.3405347948792077,-61.517667895875626,-0.12684936749970782,1.1722495913026767,0.006845597477158214,-0.6907074003553774,0.0,0.0,0.0,0.0,0.0,0.0,5.360372986077841e-11,8.597254367287924e-11,2.814344536240987,29.553666396638395,21.265107104198115,0.0014708769815997148,0.0006083090425572552,0.0014002587579991588,0.0010614886490040612,NaN,NaN,NaN,NaN,NaN,NaN
2025-06-11T20:39:46Z,39.96904182895914,-75.15165045675154,26.024294662589245,3.0049859197468742,-62.07980049939547,-0.1955145351920885,1.1736776881957671,-0.04660836601221739,-0.6726392289411773,0.0,0.0,0.0,0.0,0.0,0.0,6.67053872120478e-11,1.048356586001838e-10,3.008485768344913,33.29271592818296,23.298723154720708,0.0005973361658128771,0.0007121508845840807,0.0014244951397723595,0.0012432641927663012,NaN,NaN,NaN,NaN,NaN,NaN
2025-06-11T20:39:47Z,39.96906994098525,-75.1523827276175,25.933337812243604,2.630705454897493,-62.50434116940104,-0.16740369188759313,1.1556911981952944,-0.02111290249669788,-0.6884378332099432,0.0,0.0,0.0,0.0,0.0,0.0,8.196861766160193e-11,1.254932512302354e-10,2.7105206515595337,37.55540383089653,25.480432456494853,0.001369758809463957,0.000849222543342319,0.0015105370526897308,0.001366671197255069,NaN,NaN,NaN,NaN,NaN,NaN
2025-06-11T20:39:48Z,39.969100475298454,-75.15312536674725,25.758012565169082,3.146988150881736,-63.13502550209161,-0.29379749321148807,1.1409573300845293,0.03912385211503757,-0.7082170449468739,0.0,0.0,0.0,0.0,0.0,0.0,9.917528311943123e-11,1.4726068331157997e-10,2.7608449880962933,41.24756333797918,27.884658677220166,0.0012762337153589185,0.000942871698929686,0.0014588200868317005,0.0016373488424744195,NaN,NaN,NaN,NaN,NaN,NaN
2025-06-11T20:39:49Z,39.96913090126987,-75.15386288604218,25.51605442826857,3.482694415355447,-63.1378468143903,-0.32020409699148183,1.1124937009466322,-0.01696080634904045,-0.6914261883629175,0.0,0.0,0.0,0.0,0.0,0.0,1.1867078905586144e-10,1.7253685631651722e-10,2.6984956666862017,45.18044677847054,30.662029942832323,0.001862322881212099,0.000982046300700041,0.0014653472133133144,0.0019085822027593289,NaN,NaN,NaN,NaN,NaN,NaN
2025-06-11T20:39:50Z,39.96917759864316,-75.15459954593706,25.343863308812686,3.852180402640255,-62.49664164858378,-0.21739249625565177,1.0829691901333558,-0.023102273058812593,-0.6553750396189508,0.0,0.0,0.0,0.0,0.0,0.0,1.432741607759952e-10,2.0401451604166627e-10,2.5317846373835415,50.33009044105058,32.803776633371506,0.0014694629374871495,0.0008374552428367285,0.0015056822431889117,0.002003305235570864,NaN,NaN,NaN,NaN,NaN,NaN
2025-06-11T20:39:51Z,39.96922433471839,-75.15533530149003,25.274782133040173,3.8768056909803765,-62.11425810853482,-0.32950937079891046,1.067528115505502,-0.04607286051202252,-0.6749447640063359,0.0,0.0,0.0,0.0,0.0,0.0,1.7019971480074632e-10,2.389388161868857e-10,2.73749855721091,55.77809689687259,34.994373106834516,0.0012846075610352637,0.0007777963796942516,0.0016105049540186232,0.0020896006374796256,NaN,NaN,NaN,NaN,NaN,NaN
2025-06-11T20:39:52Z,39.96926610857412,-75.15605181959502,24.970206645421545,4.755600725394003,-61.523767905875864,-0.3013312346680565,1.0470657049761416,0.011944188006228113,-0.6576483294157724,0.0,0.0,0.0,0.0,0.0,0.0,2.0325022962861903e-10,2.7967892699647633e-10,2.7708123646693994,61.95715715398069,38.21119975361225,0.0008710839782954895,0.0008165750786550068,0.001694893035651321,0.0020911039954957574,NaN,NaN,NaN,NaN,NaN,NaN
2025-06-11T20:39:53Z,39.96931238706053,-75.15675282939542,25.089141176022835,5.422075048230316,-60.853077657390315,-0.36909176398517635,1.0383798172022431,-0.01658788639689715,-0.6533677145287756,0.0,0.0,0.0,0.0,0.0,0.0,2.360099261302321e-10,3.2376586469093383e-10,2.6660732017027033,67.81883114439982,41.525749941026895,0.000638631384500415,0.0008881804542145734,0.0018085838501133466,0.0020667782605966584,NaN,NaN,NaN,NaN,NaN,NaN
2025-06-11T20:39:54Z,39.96934988137625,-75.15745556090451,24.680313558839227,5.14709416554305,-60.56420874572304,-0.406182779930403,1.0515653902788529,-0.048904479644685264,-0.6568626584368984,0.0,0.0,0.0,0.0,0.0,0.0,2.7263489815473467e-10,3.6733202068067417e-10,2.693183768305355,73.46240604402671,44.73013333322056,0.0005686681313743038,0.0010021281892656701,0.0018775295101415479,0.0020822156430524187,NaN,NaN,NaN,NaN,NaN,NaN
2025-06-11T20:39:55Z,39.96939078114514,-75.1581480677092,24.587131669918,4.997687344838891,-60.24212501617132,-0.23820279272713096,1.0521975341490057,-0.05385046344740323,-0.646086052497583,0.0,0.0,0.0,0.0,0.0,0.0,3.2070026850871164e-10,4.128838057598758e-10,2.814037311333224,81.65267598613354,48.084695552785476,0.0004923372533239361,0.0011306767981900145,0.0019768138411794815,0.002094286955837338,NaN,NaN,NaN,NaN,NaN,NaN
2025-06-11T20:39:56Z,39.969436621458904,-75.15884206136518,24.496777214149983,4.635998518514514,-60.142310951447,-0.10953453306318763,1.0718324444696867,-0.02807695822419991,-0.6385972599123277,0.0,0.0,0.0,0.0,0.0,0.0,3.679568641720356e-10,4.534931015485424e-10,2.8762711088231248,89.08968765615391,49.87011480392124,0.0001796421430986299,0.0012081342031052106,0.0020646086096984977,0.002056408598782344,NaN,NaN,NaN,NaN,NaN,NaN
2025-06-11T20:39:57Z,39.96946575067997,-75.15954531249047,24.603135569022434,4.350157029082179,-60.24974313460709,-0.07774839303213409,1.0819970764013465,-0.035060094755834846,-0.7247874432485304,0.0,0.0,0.0,0.0,0.0,0.0,4.237701938491615e-10,5.138902211731382e-10,2.8407768600184835,97.09425722976793,54.03113860018056,0.00020243109216557445,0.0012976494337187546,0.002154873357705538,0.00204382106218289,NaN,NaN,NaN,NaN,NaN,NaN
2025-06-11T20:39:58Z,39.969501852338446,-75.16026101337441,24.682429568367493,3.586249666364148,-60.33471383110758,-0.0953434830544324,1.0945005912856347,-0.17156981839431928,-0.5573777686461371,0.0,0.0,0.0,0.0,0.0,0.0,4.906247555285743e-10,5.841708497740152e-10,2.705460921803731,106.1338074834626,58.93079819537566,0.0005006262226459322,0.0013922753293448332,0.0022423670353814477,0.0020505742142637976,NaN,NaN,NaN,NaN,NaN,NaN
2025-06-11T20:39:59Z,39.969555696715936,-75.1609990988095,24.914599314157883,3.4797981544363887,-60.65596287885275,0.12858816339804766,1.1201729382405585,0.057772261373330046,-0.564492423666512,0.0,0.0,0.0,0.0,0.0,0.0,5.710619547666887e-10,6.580389071754864e-10,2.737098171993626,117.3227068186539,63.28909115479717,0.005746602102746932,0.00141082253100796,0.002324462331859172,0.002037869309274657,NaN,NaN,NaN,NaN,NaN,NaN
2025-06-11T20:40:00Z,39.96958376386541,-75.16172659749869,25.24262766587376,3.1158431055158715,-61.42982602099939,0.05736696370073359,1.1209262212987932,-0.034841952878135386,-0.6660140385502105,0.0,0.0,0.0,0.0,0.0,0.0,6.374861461759602e-10,7.314833539380743e-10,2.895656282370294,118.29451817104565,68.5928635654981,0.0018094888519679848,0.001521846223025553,0.0016440826859956206,0.0021879704473042284,NaN,NaN,NaN,NaN,NaN,NaN
2025-06-11T20:40:01Z,39.969634907641705,-75.16247931713998,25.192900790188496,2.5045782161226957,-62.13140218692997,0.020585509937660448,1.132093928588766,-0.0633377723634791,-0.6253455268076795,0.0,0.0,0.0,0.0,0.0,0.0,7.01661211760203e-10,8.175961266860255e-10,3.0524294239524754,122.48045884610636,73.74891633021082,0.0035289833128675685,0.0015761932600718842,0.0016254698480636653,0.002232231265225597,NaN,NaN,NaN,NaN,NaN,NaN
2025-06-11T20:40:02Z,39.96966992287488,-75.16321861955208,25.11003658906015,2.0139193404470044,-62.673027192485065,-0.09022715853410307,1.133140471024729,-0.03934507666745846,-0.6479030698318069,0.0,0.0,0.0,0.0,0.0,0.0,7.717309918245863e-10,9.157977134415284e-10,2.8445337105798143,127.43225243408253,78.31448108024492,0.004992316490449272,0.0015325659168267558,0.001543036694885654,0.002314907928828124,NaN,NaN,NaN,NaN,NaN,NaN
2025-06-11T20:40:03Z,39.96968337890891,-75.16395234496724,25.099166446955007,1.7616737219825571,-62.979077385702794,-0.15307551928757496,1.1213209167881166,-0.05897357605301442,-0.6232580763457762,0.0,0.0,0.0,0.0,0.0,0.0,8.545677337883364e-10,1.0160170445711988e-9,2.952905548489505,130.8269758995924,83.71178812340376,0.0049053898986418975,0.0015666110127044595,0.0013639818681275239,0.0024143954810518712,NaN,NaN,NaN,NaN,NaN,NaN
2025-06-11T20:40:04Z,39.96971509005549,-75.16469097902976,25.1406250797176,1.7861813497379389,-62.811602972979934,-0.08626194162189386,1.1117023366686336,-0.01350744661456814,-0.6245541449562634,0.0,0.0,0.0,0.0,0.0,0.0,9.390065776489835e-10,1.132390069275893e-9,2.8878229465770353,133.94865508296445,88.70503280160175,0.004345455352510464,0.0015457693616365048,0.001287853119743002,0.0024876296094437688,NaN,NaN,NaN,NaN,NaN,NaN
2025-06-11T20:40:05Z,39.96974024910737,-75.1654381592917,25.698341880514736,2.1540822816186593,-63.122033161212826,0.09410801629159926,1.1124223973000427,-0.015103964836506927,-0.6317925810546936,0.0,0.0,0.0,0.0,0.0,0.0,1.0473183702051257e-9,1.2188752882727616e-9,2.7181466617489343,137.62253029381952,92.82671559005895,0.0028154227507874033,0.0016427016361892596,0.0011586764008847932,0.002508253389017781,NaN,NaN,NaN,NaN,NaN,NaN
2025-06-11T20:40:06Z,39.969760445327914,-75.1661678607495,25.96457542796785,1.9901259556380468,-63.3888610057826,-0.020250625787958793,1.1122490617204166,-0.03842502449969561,-0.6093398652839805,0.0,0.0,0.0,0.0,0.0,0.0,1.1657955112674377e-9,1.3363536320302659e-9,2.635698071057662,143.2716098591336,98.9502542212815,0.0023171175566077343,0.0016807549657330708,0.0012284778916328554,0.00254828238138618,NaN,NaN,NaN,NaN,NaN,NaN
2025-06-11T20:40:07Z,39.96979975144028,-75.16691768386573,26.017854315498898,1.968090212794933,-63.847633054764614,-0.055753025147803906,1.1149669837887908,0.0006080527952827831,-0.6445990661973463,0.0,0.0,0.0,0.0,0.0,0.0,1.267327807477299e-9,1.459086061412951e-9,2.5365386654253204,146.62561389909965,103.51614487827874,0.0021213535235097077,0.0016045349860020152,0.0012887237560177554,0.0025684192366656885,NaN,NaN,NaN,NaN,NaN,NaN
2025-06-11T20:40:08Z,39.96984540898335,-75.16768421686837,26.23544024692501,2.425058894696505,-64.39818943150439,-0.05297698906731572,1.1095977978280407,-0.009708711688493772,-0.6397716013787097,0.0,0.0,0.0,0.0,0.0,0.0,1.3892223976591635e-9,1.6198989029214425e-9,2.5228049591950366,151.7879612826098,110.69696566426377,0.0036394439308653098,0.0015923100128612262,0.0013998788340078708,0.002577857746361248,NaN,NaN,NaN,NaN,NaN,NaN
2025-06-11T20:40:09Z,39.96987858352532,-75.16845242763227,26.17910903046577,2.2665441126240897,-64.55720396521316,-0.0372080749869684,1.1105531588701072,-0.04317411441596899,-0.6116681498691976,0.0,0.0,0.0,0.0,0.0,0.0,1.4945390905980383e-9,1.7481864420076253e-9,2.906022658498675,155.4906324816881,112.84441396667196,0.003468647279106275,0.0013879460691568809,0.0014845055762225613,0.002658060768785004,NaN,NaN,NaN,NaN,NaN,NaN
2025-06-11T20:40:10Z,39.96990002966928,-75.1692123564063,26.10264115101121,1.8642491102681993,-64.5409366087327,-0.12688710431114486,1.105067110835921,-0.06684370918197308,-0.5972979856419691,0.0,0.0,0.0,0.0,0.0,0.0,1.628781952213293e-9,1.8876914490877742e-9,2.853229350627829,160.47619610023642,113.37847301887355,0.0022992152353195697,0.0011891896549301032,0.0015638199370464371,0.002717157455426276,NaN,NaN,NaN,NaN,NaN,NaN
2025-06-11T20:40:11Z,39.969920836278654,-75.16995435139421,26.03439165035901,1.534121889137254,-64.53584419532743,-0.11899448923684443,1.1096502834479807,-0.030802534070751307,-0.7262959480265655,0.0,0.0,0.0,0.0,0.0,0.0,1.7824471938274965e-9,2.040571798223894e-9,2.9521357401930666,167.1490111835334,115.52668988858396,0.0019810010288167723,0.0011209327497034205,0.001649246420264012,0.0027479883750594868,NaN,NaN,NaN,NaN,NaN,NaN
2025-06-11T20:40:12Z,39.969940476242215,-75.17071716753675,26.35267958172921,1.276420758800727,-64.49743670272044,0.04004221545311558,1.1117172055524283,-0.11098650172620758,-0.5715780098267806,0.0,0.0,0.0,0.0,0.0,0.0,1.9164393439209296e-9,2.1891522003304735e-9,2.9488214749978776,174.33041946252143,118.61301764813597,0.0018211943194398434,0.001138385689801818,0.0017467828730282839,0.0028081412367781155,NaN,NaN,NaN,NaN,NaN,NaN
2025-06-11T20:40:13Z,39.969946406705986,-75.17147882904993,26.392953795253526,0.7823545378321018,-64.94783950888603,0.0005831702495571218,1.1303748767306028,-0.01130519906302736,-0.6287298277202983,0.0,0.0,0.0,0.0,0.0,0.0,2.0611961244593956e-9,2.2893609651093286e-9,3.013848372934538,180.7229708810171,119.03496074894707,0.002843418720300471,0.0011627216925770149,0.0018107675830683636,0.002836675996000446,NaN,NaN,NaN,NaN,NaN,NaN
2025-06-11T20:40:14Z,39.969983911312475,-75.17226463928269,26.111619087435717,0.46078080120997017,-65.43190330067296,0.028426023218794828,1.1217348112015373,-0.08174319584911877,-0.5972294633313238,0.0,0.0,0.0,0.0,0.0,0.0,2.2014708471442484e-9,2.417032120787222e-9,2.9478574699950677,183.45539779685296,121.28590144665671,0.002112037267020452,0.0012385700510912096,0.0015843835091484387,0.002916706078414629,NaN,NaN,NaN,NaN,NaN,NaN
2025-06-11T20:40:15Z,39.96993862818448,-75.17299972158973,26.7541905416076,0.027946735351384307,-65.77395514737805,0.1004945097475501,1.1260655419764645,-0.0015333165077506424,-0.6014643004844944,0.0,0.0,0.0,0.0,0.0,0.0,2.337511515427856e-9,2.5184237104148917e-9,2.732936364056859,185.95804702615598,124.90686077656702,0.002680950269468044,0.0013325012505948826,0.0015612976773611868,0.002932331802409732,NaN,NaN,NaN,NaN,NaN,NaN
2025-06-11T20:40:16Z,39.96993845189705,-75.17380028711241,26.935921896912127,-0.24884777358860358,-66.81695148082045,0.02036017155259772,1.1288249812089346,0.02543841138524813,-0.6304802035365602,0.0,0.0,0.0,0.0,0.0,0.0,2.5693128222443497e-9,2.7541639321019617e-9,2.854318377950109,192.70114859377685,133.15766106939444,0.0022351022717097056,0.0014267606671412392,0.0013547529783087854,0.002977565132873886,NaN,NaN,NaN,NaN,NaN,NaN
2025-06-11T20:40:17Z,39.969986443962696,-75.17460877667358,26.86433365187675,-0.7019849750318485,-67.69185740189468,-0.044196340858912594,1.1452784584663152,-0.09264546720540613,-0.6587653681334307,0.0,0.0,0.0,0.0,0.0,0.0,2.8306221046890157e-9,3.0013114236341253e-9,2.8776178008410316,205.69952764670572,141.8742606655735,0.0038978472944531375,0.0014218644156728318,0.0014309139645623363,0.002996211604937409,NaN,NaN,NaN,NaN,NaN,NaN
2025-06-11T20:40:18Z,39.97010639554267,-75.17542924310415,26.200545115447486,-1.138975330365218,-67.9281986535799,0.09740955711398573,1.142304961123453,-0.07785472672997663,-0.6172027082429457,0.0,0.0,0.0,0.0,0.0,0.0,3.1909840904903807e-9,3.3965625120698354e-9,2.870154607003015,227.37500871107318,153.79015803083513,0.002258405381908374,0.0012186112557027473,0.001657144228682678,0.003130195817578104,NaN,NaN,NaN,NaN,NaN,NaN
2025-06-11T20:40:19Z,39.97015165850679,-75.17629805667326,26.563627114081644,-1.6950397347815882,-68.72186652922325,0.06530240610965996,1.148022264435101,-0.05034406355677916,-0.6300658122722242,0.0,0.0,0.0,0.0,0.0,0.0,3.399934669928097e-9,3.716351792653965e-9,3.0379705098171,232.9004386538128,162.7135209308613,0.0025030353265257576,0.0012837836939683022,0.0016146638360591285,0.0031965637809657508,NaN,NaN,NaN,NaN,NaN,NaN
2025-06-11T20:40:20Z,39.97011717341248,-75.17709608542303,27.082724224667427,-2.5210369816368416,-69.2804790085625,-0.10124509612746871,1.1355286426502362,-0.0962265507675531,-0.5847553409587278,0.0,0.0,0.0,0.0,0.0,0.0,3.4960794235541e-9,3.844057507249522e-9,2.945987821854199,229.58266454825872,164.64542395318347,0.001988847655785959,0.0013858760848489294,0.0014545737158945472,0.0032715817946701586,NaN,NaN,NaN,NaN,NaN,NaN
2025-06-11T20:40:21Z,39.970063444355375,-75.17788868661013,27.434163957540612,-2.5138091599526597,-69.49406924905631,-0.22827534657856896,1.1500446797256596,0.0006822314804126134,-0.5791361311173835,0.0,0.0,0.0,0.0,0.0,0.0,3.720603626779458e-9,4.1164966891045025e-9,3.077423009440991,234.3940520069482,173.4129685573701,0.0025247529235064158,0.0015085262869069993,0.0013545960386528164,0.0033159169628256373,NaN,NaN,NaN,NaN,NaN,NaN
2025-06-11T20:40:22Z,39.97001528672398,-75.17867314156564,27.849393372120744,-2.2637876293102197,-69.99643534353324,0.039325646208188035,1.1352699549038412,-0.00937818618775737,-0.6660162642484964,0.0,0.0,0.0,0.0,0.0,0.0,4.003139126458688e-9,4.436034159239788e-9,2.874560338055381,241.233752680147,185.69201942436712,0.0013396585686652246,0.0016682245330384726,0.001196535437269695,0.003344102198937355,NaN,NaN,NaN,NaN,NaN,NaN
2025-06-11T20:40:23Z,39.96999604245895,-75.17953371136406,27.84352091585522,-2.5210293745293884,-70.86245183559606,-0.04103139258305257,1.1286311718987962,-0.02781604961991427,-0.6604456652868316,0.0,0.0,0.0,0.0,0.0,0.0,4.2118923857497505e-9,4.802310800013262e-9,2.849117602264811,246.4537746134113,195.95351669601376,0.002033320228078277,0.0017085092634679766,0.001244148445653719,0.003260631697731147,NaN,NaN,NaN,NaN,NaN,NaN
2025-06-11T20:40:24Z,39.969966618147446,-75.18038161244162,27.949377747170402,-2.62616742470072,-71.2811305200875,-0.061082736545318636,1.1336632803773323,-0.03375852412951497,-0.6027875417258726,0.0,0.0,0.0,0.0,0.0,0.0,4.592791055712518e-9,5.245491969713205e-9,2.7120371942454136,260.35009453347186,207.38516673079226,0.0017181281081806406,0.001558406846012961,0.0013710013205292958,0.0032357533999508234,NaN,NaN,NaN,NaN,NaN,NaN
2025-06-11T20:40:25Z,39.96995446051466,-75.18122500603022,27.85381583011554,-3.0804595543815063,-71.50879681660508,-0.14772450144770433,1.1189050417338549,-0.05314341251203099,-0.6329065620144964,0.0,0.0,0.0,0.0,0.0,0.0,4.9223284637600285e-9,5.739884476325828e-9,2.587642043243352,271.9635399924795,217.059774103464,0.0013484212639728974,0.0014454748345300882,0.001507641958823185,0.003291386797480964,NaN,NaN,NaN,NaN,NaN,NaN
2025-06-11T20:40:26Z,39.969962687688415,-75.18209363602045,27.79570776582274,-3.449060461842721,-71.97906213247047,-0.00683241277374617,1.1375371371457659,-0.07275948558105277,-0.598608174310461,0.0,0.0,0.0,0.0,0.0,0.0,5.179951339255953e-9,6.186483387862895e-9,2.6463839881606837,279.16437994395267,225.83383435371704,0.0015259517529402102,0.0014548881086649888,0.0016080704014677662,0.0032169764433420322,NaN,NaN,NaN,NaN,NaN,NaN
2025-06-11T20:40:27Z,39.97378251739566,-75.17763295708644,27.570209465799746,7.345941118187684,-62.66669787371804,-0.24709087643464517,1.112825163380028,-0.10215687539032405,-0.5926412664556193,0.0,0.0,0.0,0.0,0.0,0.0,2.6463493487637487e-11,1.7442592045165105e-11,4.913632487438312,3.565808297184098,0.8313981299925151,0.0005703175354359367,0.00006823556047103051,0.00008164118966294689,0.000020385782965647038,NaN,NaN,NaN,NaN,NaN,NaN
2025-06-11T20:40:28Z,39.97372832910063,-75.17826583504208,28.14276265353716,7.063420577629363,-62.06949080112388,-0.2156252819756305,1.1067548938714356,-0.01578960023423554,-0.5896418346915928,0.0,0.0,0.0,0.0,0.0,0.0,9.596885694462602e-12,6.4845484246514364e-12,2.6913088279767594,1.4877829369702649,0.6472300661687205,0.0005138629758651265,0.0001298050001964789,0.0001179637036437782,0.000025374133819409724,NaN,NaN,NaN,NaN,NaN,NaN
2025-06-11T20:40:29Z,39.97376930749205,-75.1789704430215,28.085203053540166,7.557652986556297,-62.03534364848527,-0.18756759114204746,1.0975738959354462,-0.02169763768054033,-0.6371614832335699,0.0,0.0,0.0,0.0,0.0,0.0,4.735064908324835e-12,3.5378631505838383e-12,2.422345258287985,1.148360881142859,0.8998189399252137,0.0004904893741416145,0.0002199855681472738,0.0001588701065229276,0.00006313219158406227,NaN,NaN,NaN,NaN,NaN,NaN
2025-06-11T20:40:30Z,39.97383485653647,-75.17969308509409,27.916792935847848,8.006400642688352,-62.29183469101611,-0.25838033222537565,1.0894806952343323,-0.0020113430173074862,-0.6061226063414955,0.0,0.0,0.0,0.0,0.0,0.0,3.7076439914481565e-12,3.0189610931697347e-12,2.4933374814618574,1.3371502978408516,1.3169783113086948,0.0006531883512717515,0.00031642290448205106,0.0002204683215777788,0.00010892803341295709,NaN,NaN,NaN,NaN,NaN,NaN
2025-06-11T20:40:31Z,39.973907915182856,-75.18041908937754,27.99561957313303,8.677895466093249,-62.511840600644376,-0.29077441839735646,1.0850622694173566,0.07471014737144757,-0.7835704006631306,0.0,0.0,0.0,0.0,0.0,0.0,3.0059990634207936e-12,2.8001940278351477e-12,2.6254331511089513,1.7374476591701475,1.8501255806341526,0.0008166319413613577,0.00039911371139754557,0.0003070087171223474,0.00016360676641855102,NaN,NaN,NaN,NaN,NaN,NaN
2025-06-11T20:40:32Z,39.97398690476584,-75.18115311065131,27.946882397047574,8.590827557009002,-63.13274081389549,-0.2133539964235017,1.1036534977544212,-0.05712089905328255,-0.5936964668204217,0.0,0.0,0.0,0.0,0.0,0.0,2.886655598983786e-12,2.893475054327332e-12,2.705139001423634,2.3815996743966545,2.468632389081045,0.00275093265234394,0.0004593948555155785,0.0004197042293305047,0.00020577786553663168,NaN,NaN,NaN,NaN,NaN,NaN
2025-06-11T20:40:33Z,39.97406745964872,-75.18188858129014,27.81603414084248,8.906919633793912,-62.79792987370723,-0.19956971956082237,1.0864675194782132,0.03271727587410995,-0.6040776227240012,0.0,0.0,0.0,0.0,0.0,0.0,3.5139251404404823e-12,3.810246051399918e-12,2.6161444738400452,3.1766120812327667,2.7230184115736633,0.001973685215145055,0.0003371269205132922,0.0004884669993671171,0.0002766751075168456,NaN,NaN,NaN,NaN,NaN,NaN
2025-06-11T20:40:34Z,39.97415342583725,-75.18262047543139,27.930920577796854,9.405460787595036,-62.33680266367789,-0.3101907687401284,1.07349271499455,-0.016220055992064025,-0.5956506838774173,0.0,0.0,0.0,0.0,0.0,0.0,4.916769593385555e-12,5.598431491020034e-12,2.6638775244111277,4.284504721957045,3.1002384710299467,0.001655337614628793,0.0003081208210852865,0.0005793823165992183,0.000280241304970455,NaN,NaN,NaN,NaN,NaN,NaN
2025-06-11T20:40:35Z,39.97423882728033,-75.1833442348559,27.945143646338025,9.38003157602214,-61.964859657216465,-0.3349597995081711,1.0680670688232827,0.013886211094636293,-0.5988247580256022,0.0,0.0,0.0,0.0,0.0,0.0,6.673601496810362e-12,7.730816839002227e-12,2.875826283196952,5.706545320162322,3.518931703167743,0.0015237313338934448,0.0002971163239288788,0.0006986813685265543,0.00029472909674446116,NaN,NaN,NaN,NaN,NaN,NaN
2025-06-11T20:40:36Z,39.97432365709596,-75.18406083770044,27.99555688835293,9.623615074001046,-61.4068700745988,-0.2035411074831052,1.044557901007212,-0.002091678786238662,-0.6697541218114479,0.0,0.0,0.0,0.0,0.0,0.0,8.748488764839407e-12,1.0226520683763987e-11,2.805156938950305,7.28510085783895,4.0135810600700585,0.0015218952263373888,0.00032300117253871314,0.0007830071944209282,0.00030489900176680943,NaN,NaN,NaN,NaN,NaN,NaN
2025-06-11T20:40:37Z,39.97441049164314,-75.18477538948662,28.304929433773797,9.26863934747315,-60.831399928532555,-0.17301166295306095,1.0711194169027187,-0.13323698225211944,-0.4620048357719746,0.0,0.0,0.0,0.0,0.0,0.0,1.1035400213778132e-11,1.2647663445626599e-11,3.052008029899582,9.027510499993806,4.595730071166417,0.0014470412484564067,0.0003595762901049114,0.0008678952146612735,0.0003233931568858985,NaN,NaN,NaN,NaN,NaN,NaN
2025-06-11T20:40:38Z,39.97448812658604,-75.18548506437735,28.79620581622394,8.214050253150713,-60.84404726690996,-0.26436868200897173,1.065623567982644,-0.02515177864913684,-0.6078185911733168,0.0,0.0,0.0,0.0,0.0,0.0,1.3682313086198326e-11,1.558409928137692e-11,3.181066267813713,10.788553220208524,5.264896192970758,0.002225360234132908,0.0004336473437833592,0.0009485278452716048,0.00037675501930781505,NaN,NaN,NaN,NaN,NaN,NaN
2025-06-11T20:40:39Z,39.97456319659437,-75.18620215593917,28.895163225707154,8.124685610508003,-61.63001025667313,-0.17200615170479985,1.0635987972294634,-0.013633678312947718,-0.6714790300983117,0.0,0.0,0.0,0.0,0.0,0.0,1.6679581194257966e-11,1.8421673023885838e-11,2.8703800732584686,12.26761797504082,6.056535668415718,0.00434297828519803,0.0004893577891572038,0.0008814218929149247,0.0005292212786950959,NaN,NaN,NaN,NaN,NaN,NaN
2025-06-11T20:40:40Z,39.97463766219963,-75.18692178962993,28.99467539275421,7.7217801381919084,-61.86317388034815,-0.07595235366953551,1.0417139209876454,-0.08818999146474554,-0.6495271208932601,0.0,0.0,0.0,0.0,0.0,0.0,2.015180616918291e-11,2.124469201198914e-11,2.7846773319200655,13.505013197896599,6.61847971360142,0.004370195032070845,0.0004591789652290775,0.0007783967977594067,0.0006957855257770737,NaN,NaN,NaN,NaN,NaN,NaN
2025-06-11T20:40:41Z,39.97470935825652,-75.18764311998686,29.37750316191692,7.0412402817952024,-61.76939224483213,-0.16557152529413174,1.0329660181145588,-0.09106492040959854,-0.6614725190682958,0.0,0.0,0.0,0.0,0.0,0.0,2.395024058189748e-11,2.560946956601615e-11,2.775261237847867,14.507945492019624,7.270197259013886,0.0033010771908323173,0.00044852458980932806,0.0007284453094854623,0.0009022850486022231,NaN,NaN,NaN,NaN,NaN,NaN
2025-06-11T20:40:42Z,39.9747775919492,-75.18836387847878,29.666552309677776,6.8249383069532366,-62.05751394672264,-0.03466990034159751,1.0245150020552707,-0.06636978577116996,-0.5516897079742752,0.0,0.0,0.0,0.0,0.0,0.0,3.006879510934319e-11,3.216412288895849e-11,2.778450859641608,15.587771324078794,8.638615993794557,0.002730195937428097,0.0005429288611865703,0.0006431457844839112,0.0011445324376697704,NaN,NaN,NaN,NaN,NaN,NaN
2025-06-11T20:40:43Z,39.974848017197324,-75.18909323391263,30.108876689502353,6.319957662881688,-62.91302461170621,-0.08446594468722692,1.0167577867105766,0.013011221668449842,-0.6465152963607286,0.0,0.0,0.0,0.0,0.0,0.0,3.8264633587259006e-11,4.14462139087019e-11,2.621633104508539,16.587130971206246,10.24443865208349,0.0021082228286523736,0.0006273707039093963,0.0005619129314626816,0.0014017182140731365,NaN,NaN,NaN,NaN,NaN,NaN
2025-06-11T20:40:44Z,39.97490488292713,-75.18984111671753,29.93280243694451,5.521072753218036,-64.62499331963329,-0.03266320175540076,1.0217990416040545,0.030977964204988412,-0.7316652307664911,0.0,0.0,0.0,0.0,0.0,0.0,4.689091502354981e-11,5.163203564763106e-11,2.8286246574631986,17.371367856922912,12.066977602357126,0.0018115390758350238,0.0007062351786304847,0.00048188489155901495,0.0015148150655452644,NaN,NaN,NaN,NaN,NaN,NaN
2025-06-11T20:40:45Z,39.9749570748061,-75.1905950422149,29.85450109257444,5.6339867506561205,-63.86299663016528,-0.0956857419641958,1.0157752945499319,0.07401993684843879,-0.7536851589489598,0.0,0.0,0.0,0.0,0.0,0.0,5.663869540510738e-11,6.322662573683245e-11,2.8316452968719816,18.961703770246164,13.540244383031682,0.0008385854451187295,0.0006615239521935272,0.0005526069356064559,0.001908997298805579,NaN,NaN,NaN,NaN,NaN,NaN
2025-06-11T20:40:46Z,39.97500953208393,-75.19133278522094,30.177573666776592,6.057819971399399,-63.270001929130906,-0.1146783473148686,1.0189325282833406,0.011180391053073141,-0.7041009813049224,0.0,0.0,0.0,0.0,0.0,0.0,6.89563965152978e-11,7.668727838121274e-11,2.821966437503962,20.534756606683473,15.630035970561098,0.00042370544165576743,0.0007414936534416943,0.0005511273347677011,0.0019471790432944087,NaN,NaN,NaN,NaN,NaN,NaN
2025-06-11T20:40:47Z,39.97506753004474,-75.1920720743012,30.161746069213383,6.954994525311753,-63.175895369346506,-0.13826489838706577,1.018458407735246,-0.02186368394372909,-0.6894504779528858,0.0,0.0,0.0,0.0,0.0,0.0,7.881205803651259e-11,8.75788124076386e-11,2.9130402449490047,22.017149427293788,17.773528119815573,0.0004656073213836792,0.0008634055778614576,0.0005989946254294123,0.002142489269578531,NaN,NaN,NaN,NaN,NaN,NaN
2025-06-11T20:40:48Z,39.97513434032895,-75.19281382510349,30.15338449274598,7.194792046244063,-62.80268582761822,-0.14761033506055368,1.0207431276473797,-0.03740396088731585,-0.6697386020365774,0.0,0.0,0.0,0.0,0.0,0.0,9.362543055954877e-11,1.0352702010884277e-10,2.88927571156003,24.37993778104122,20.407345640656775,0.0003235804328812016,0.0010143686178695729,0.0006838731374006061,0.002603965285360708,NaN,NaN,NaN,NaN,NaN,NaN
2025-06-11T20:40:49Z,39.975205783650125,-75.19355551488151,30.117709859152427,7.252206286803832,-62.57222241868805,-0.14980312323725578,1.028858819968552,-0.04841079337592538,-0.6638494614381761,0.0,0.0,0.0,0.0,0.0,0.0,1.1221730633830984e-10,1.245496019050011e-10,2.8577354011986444,26.451368458077056,23.410839724386665,0.0003102318933052135,0.0011529980663829657,0.0007042525806207647,0.003135157650005401,NaN,NaN,NaN,NaN,NaN,NaN
2025-06-11T20:40:50Z,39.97527347062471,-75.19429134123756,30.013906401103206,7.228829295522049,-62.47578154721102,-0.14874714585321633,1.038290021777432,-0.03931555622568109,-0.667425799958301,0.0,0.0,0.0,0.0,0.0,0.0,1.309333143831605e-10,1.4771410802748105e-10,2.7900370487613966,28.759311896340083,26.58923013599738,0.00038963335635431646,0.0012307598899893378,0.0007458133692723799,0.0034843336374726147,NaN,NaN,NaN,NaN,NaN,NaN
2025-06-11T20:40:51Z,39.97534518514841,-75.19503206611948,29.925003113854373,7.1371918220669235,-62.518148619611736,-0.14814710147835083,1.0475862960412716,-0.022391447305685493,-0.6838692398517968,0.0,0.0,0.0,0.0,0.0,0.0,1.474891517857557e-10,1.6892676462286666e-10,2.899164978744277,30.725465163683886,29.61166563009388,0.0005436392595870914,0.0012723947726877793,0.0007672954410404999,0.0037258585753160295,NaN,NaN,NaN,NaN,NaN,NaN
2025-06-11T20:40:52Z,39.975405361856616,-75.1957703413973,29.958715604575637,6.922247384130539,-62.518960800807726,-0.15488834674500082,1.0554107365388714,-0.0247255950232866,-0.6825818341918566,0.0,0.0,0.0,0.0,0.0,0.0,1.6859166709905922e-10,1.9173904203767568e-10,2.8197415695494126,33.59311964292118,32.932244784422096,0.0006330852139029404,0.0013104298983707455,0.0008509359269100065,0.003963860319566934,NaN,NaN,NaN,NaN,NaN,NaN
2025-06-11T20:40:53Z,39.9754729919606,-75.19651450396309,30.002686111727357,6.806010257422231,-62.67329148351436,-0.15516624459167627,1.0626273482361577,-0.022658673313754416,-0.675367582773036,0.0,0.0,0.0,0.0,0.0,0.0,1.9272702139947547e-10,2.240902636879392e-10,2.915023857281923,36.95925860649297,36.871450534423936,0.0006769991575482717,0.0013856317071563355,0.0009681291062314261,0.004043777570351717,NaN,NaN,NaN,NaN,NaN,NaN
2025-06-11T20:40:54Z,39.975539751143145,-75.19726414858063,29.978767079262404,6.700131108514916,-62.8804999305246,-0.17119416250831176,1.0685079551140786,-0.0348704228400716,-0.6668980734767939,0.0,0.0,0.0,0.0,0.0,0.0,2.1753119203189587e-10,2.626451044991828e-10,3.0216393086978535,41.034690355644955,40.93271149949978,0.0005985946870568466,0.0014187593763754828,0.0011326560986145175,0.0040815066992336444,NaN,NaN,NaN,NaN,NaN,NaN
2025-06-11T20:40:55Z,39.97560643167982,-75.1980181764814,29.855063431576365,6.582029016622084,-63.06933488666122,-0.17570016372665698,1.072036328993641,-0.03962507732088658,-0.6569405359186344,0.0,0.0,0.0,0.0,0.0,0.0,2.4242584054351974e-10,2.9534092159449413e-10,2.8874799009604684,45.06483955263128,44.80290310445989,0.0004892500276637936,0.0014560942872342618,0.0012223766446268162,0.004074852072949637,NaN,NaN,NaN,NaN,NaN,NaN
2025-06-11T20:40:56Z,39.97567772227798,-75.1987760584292,29.832806530662815,6.544382252294774,-63.26798824577495,-0.1884625136113823,1.0740314220138685,-0.038321325591321516,-0.6518293696186103,0.0,0.0,0.0,0.0,0.0,0.0,2.7618792464876486e-10,3.377386421204096e-10,3.115256025797492,49.46071691680872,48.99531927571184,0.00044143151095897115,0.0015425415145833166,0.001330899550970508,0.0040813658911817334,NaN,NaN,NaN,NaN,NaN,NaN
2025-06-11T20:40:57Z,39.97574703745484,-75.19953301422765,29.766974424252584,6.501791570033717,-63.44620578666999,-0.19889846045682588,1.074743208654466,-0.032724552519840924,-0.6468177985074224,0.0,0.0,0.0,0.0,0.0,0.0,3.1437203133427507e-10,3.883437899080325e-10,2.961321151244674,53.76339616408228,53.50252992039274,0.00040990786517751664,0.0016364862719956852,0.0014206080180078772,0.0041467788267155505,NaN,NaN,NaN,NaN,NaN,NaN
2025-06-11T20:40:58Z,39.97581398601446,-75.20029256977854,29.706648238731646,6.535143576905789,-63.56344942178254,-0.20836437201663088,1.0731989403804552,-0.028537563340099843,-0.6407555559701329,0.0,0.0,0.0,0.0,0.0,0.0,3.5418845182160305e-10,4.413812058519371e-10,2.9049923260183155,58.09803578079233,58.2601346619022,0.0004004927129763953,0.0017449298972551845,0.0014913872699522017,0.004190374588720128,NaN,NaN,NaN,NaN,NaN,NaN
2025-06-11T20:40:59Z,39.975893178085585,-75.20106967559656,29.636405846669128,6.784203765138575,-63.78691884049505,-0.22575015952768535,1.0720336352189967,-0.024838135920798806,-0.6394150791830404,0.0,0.0,0.0,0.0,0.0,0.0,4.0070461891622256e-10,4.988020300398072e-10,2.8522784481027688,63.32031968329305,62.62532444172518,0.00035694267918675297,0.001801812975373259,0.0015588781688815369,0.0041373063651322685,NaN,NaN,NaN,NaN,NaN,NaN
2025-06-11T20:41:00Z,39.975977398394434,-75.2018441103385,29.549142762813446,7.1141643151719345,-63.992338898063835,-0.25985163531156596,1.0703389508193346,-0.0235056468109236,-0.6359536616291713,0.0,0.0,0.0,0.0,0.0,0.0,4.4801286386639977e-10,5.663695979869577e-10,2.7749458475004998,69.19357228270516,67.50121669585324,0.0002720332985487476,0.0018793068928345254,0.001742394314299188,0.004142816633422777,NaN,NaN,NaN,NaN,NaN,NaN
2025-06-11T20:41:01Z,39.97606764927282,-75.20260745559571,29.441732204479866,7.747529995014027,-63.44934485262825,-0.29930849201460064,1.067142906039876,-0.04941029083583812,-0.6434517659883726,0.0,0.0,0.0,0.0,0.0,0.0,4.949216343968703e-10,6.429981467623266e-10,2.7826246741185567,74.43304311390455,74.12388947674692,0.0014831236969174244,0.0020002660109826546,0.0017945011380122117,0.004099192314079473,NaN,NaN,NaN,NaN,NaN,NaN
2025-06-11T20:41:02Z,39.97614980212351,-75.20335471594247,29.38968911367013,9.104891515588053,-63.63929765380213,-0.3074697034904353,1.0928782411005094,0.10295554564207605,-0.7552532913853321,0.0,0.0,0.0,0.0,0.0,0.0,5.50804597379312e-10,7.226314035223578e-10,2.7370376963768273,80.81858705662977,80.66077255209836,0.0061213190612060655,0.002060084735576801,0.0018226333162431202,0.004098412469191417,NaN,NaN,NaN,NaN,NaN,NaN
2025-06-11T20:41:03Z,39.97623820648334,-75.20411045689532,29.411992345012127,8.09946426560288,-63.952834304510525,-0.09760981689867533,1.156098882489671,-0.1610595732389078,-0.5917396815876934,0.0,0.0,0.0,0.0,0.0,0.0,6.206195057401922e-10,8.246641376821891e-10,2.741541962621032,86.00266189114268,88.72145080009682,0.0065753068844522115,0.0020151305276925584,0.001584648066241849,0.004166786735776623,NaN,NaN,NaN,NaN,NaN,NaN
2025-06-11T20:41:04Z,39.97631573982822,-75.20486918098221,29.38060512299684,6.91629610631485,-64.1873978853312,-0.16412166964326133,1.2366378311834887,-0.06012251402258924,-0.6453183073420744,0.0,0.0,0.0,0.0,0.0,0.0,6.92571808890149e-10,9.47181723904374e-10,2.6531017934625916,87.44450847479894,97.92278722998576,0.002674005553140872,0.0021587128015034323,0.0010876348874262812,0.004212338296496094,NaN,NaN,NaN,NaN,NaN,NaN
2025-06-11T20:41:05Z,39.97638946844764,-75.20563431459333,29.365064307670494,6.767245786838219,-64.87650693723793,-0.263827810883374,1.2453477324649258,-0.03868439529634617,-0.4760334584637905,0.0,0.0,0.0,0.0,0.0,0.0,7.624669526069966e-10,1.0683872061605405e-9,2.5195355067593033,91.81883536051387,105.05832293464292,0.001158401623717519,0.002109492953827122,0.0011202727314751355,0.004357288763435816,NaN,NaN,NaN,NaN,NaN,NaN
2025-06-11T20:41:06Z,39.976447640333305,-75.2063848038377,29.51204944146508,6.171873905071982,-65.63105547069246,-0.16687596998814805,1.2511824672960188,-0.01948671715752898,-0.5336488047850783,0.0,0.0,0.0,0.0,0.0,0.0,8.372008282323294e-10,1.2054067432623437e-9,2.7015618554911383,97.18051146117266,113.47223434712328,0.0002224904531256393,0.0021799138135986276,0.0011777305949248534,0.004499701486076861,NaN,NaN,NaN,NaN,NaN,NaN
2025-06-11T20:41:07Z,39.97651236876345,-75.20715647434751,29.58998912191663,6.467223963587538,-66.67522744677564,-0.03446398274824127,1.2559029490216667,0.06606050757078674,-0.5684878491736522,0.0,0.0,0.0,0.0,0.0,0.0,8.823343819224582e-10,1.3185521735309171e-9,2.7074409831663284,98.43928739518375,120.37576138400621,0.001667068993787263,0.0022594736717636205,0.0012286109182842468,0.00480781000960756,NaN,NaN,NaN,NaN,NaN,NaN
2025-06-11T20:41:08Z,39.976556912579845,-75.20793581685639,29.70029912764407,5.734578470660593,-67.52258172300002,-0.09670165089545633,1.2452517559198697,-0.09979978274075305,-0.5541003930868358,0.0,0.0,0.0,0.0,0.0,0.0,9.481981382966613e-10,1.4501759846155844e-9,2.7568548255101923,102.71094350229198,127.55392848502039,0.009307732309806003,0.00208431938931465,0.0013444812891811634,0.005025358883423066,NaN,NaN,NaN,NaN,NaN,NaN
2025-06-11T20:41:09Z,39.97658536060066,-75.20872646372308,29.563674130161747,5.00923729757564,-68.51102346878426,-0.20344080224161704,1.2418299922918241,0.029211859236488284,-0.5460034809558763,0.0,0.0,0.0,0.0,0.0,0.0,1.0251458745381491e-9,1.6082131653291758e-9,2.8228248820639283,108.36619251684247,129.73981919056232,0.006079778746814106,0.001313907801453218,0.0014886758418200296,0.005339782205969886,NaN,NaN,NaN,NaN,NaN,NaN
2025-06-11T20:41:10Z,39.976647261171756,-75.2095502804682,29.343795291240887,4.9401059593551455,-69.625734331046,-0.3068632371562828,1.222504260599061,0.023540340283173953,-0.6113208051606079,0.0,0.0,0.0,0.0,0.0,0.0,1.1204857378481537e-9,1.8155628027218512e-9,2.9336778429544257,115.67031154265476,134.85259906795167,0.006937860228139416,0.000994658419825006,0.0017296926472323718,0.005866843606896326,NaN,NaN,NaN,NaN,NaN,NaN
2025-06-11T20:41:11Z,39.97669857075988,-75.21035717409748,29.278003839655238,4.534995044890844,-70.09611110535045,-0.31617535681543135,1.1894422087317207,-0.03482132507898552,-0.5834538254451151,0.0,0.0,0.0,0.0,0.0,0.0,1.2325578488549482e-9,2.0480496178155047e-9,2.718450383780323,125.75078274754293,140.28866448625163,0.003920996230916155,0.0006846394580370707,0.002003023691027923,0.006243048825187475,NaN,NaN,NaN,NaN,NaN,NaN
2025-06-11T20:41:12Z,39.976741960644276,-75.21116765655057,29.2695150823953,4.150228209349065,-70.41381319669865,-0.24798421180399102,1.159067012847909,-0.019159737970522228,-0.5474021575254159,0.0,0.0,0.0,0.0,0.0,0.0,1.3596546474398888e-9,2.2682212226716556e-9,2.6219028695474154,137.85997948876766,143.60508981940336,0.0013694033456902485,0.0005365016830845728,0.002264362416434736,0.0064949926001568155,NaN,NaN,NaN,NaN,NaN,NaN
2025-06-11T20:41:13Z,39.97678411663593,-75.21201636107926,29.335196081586947,4.118770005862375,-70.95574302622039,-0.23166477105217245,1.1375409845533062,-0.019568929533219603,-0.5295458300379335,0.0,0.0,0.0,0.0,0.0,0.0,1.5208986812339691e-9,2.4866270931983213e-9,2.875367319738747,151.91578378559674,146.76425655522962,0.0008344327189082423,0.000557606382089043,0.002349722233778715,0.006553450938258755,NaN,NaN,NaN,NaN,NaN,NaN
2025-06-11T20:41:14Z,39.97676240416089,-75.2127696863813,29.36190817722562,3.7938366533308026,-71.43383700664587,-0.17628894813576979,1.12062979048462,0.08953989591476613,-0.6835971333578575,0.0,0.0,0.0,0.0,0.0,0.0,1.6713177967092285e-9,2.6842890956226042e-9,2.721653575782627,163.84316091764472,150.3335897405584,0.0009571083628354593,0.000623676101589952,0.002354615234989944,0.006638149240127252,NaN,NaN,NaN,NaN,NaN,NaN
2025-06-11T20:41:15Z,39.97681581222592,-75.2135986229075,29.639715502995536,4.4053759057835284,-71.21343358525047,-0.030062337587172604,1.1193672422860947,-0.07472811325706576,-0.6440049769931349,0.0,0.0,0.0,0.0,0.0,0.0,1.9234349504178567e-9,3.0017906310419915e-9,2.7246169293660047,181.1286551211731,158.84009076299753,0.0029394561313477634,0.0007465489029885949,0.0023341237149530594,0.006678417305340901,NaN,NaN,NaN,NaN,NaN,NaN
2025-06-11T20:41:16Z,39.97687646190266,-75.21445636395003,30.012755262793085,4.088477527919998,-70.38845873918375,-0.1110509290814813,1.0926825050890183,-0.14036706430965898,-0.49307525911958,0.0,0.0,0.0,0.0,0.0,0.0,2.1759922519099062e-9,3.377181939222406e-9,2.881631103072614,196.1086155193165,164.7753561375114,0.0004481583559967505,0.0005601381845208962,0.002224650836109919,0.006997888995971683,NaN,NaN,NaN,NaN,NaN,NaN
2025-06-11T20:41:17Z,39.9739766908076,-75.20687186145751,30.892889657128336,-19.737523231240047,-35.46932767039128,-0.060431792384579804,1.0989664455973953,-0.2649200761086461,-0.5483306436102722,0.0,0.0,0.0,0.0,0.0,0.0,1.630107104929385e-28,6.981912049271743e-28,3.271690163877359e-25,6.184669496932682e-28,4.2459649362616067e-26,8.516943696566496e-31,5.539775706914632e-28,4.9303806576312544e-30,8.697191480061465e-29,NaN,NaN,NaN,NaN,NaN,NaN
2025-06-11T20:41:27Z,39.9739766908076,-75.20687186145751,30.892889657128336,-19.821164252791647,-35.35093640000736,-0.05435348107644423,1.0964792639051182,-0.26951747425906697,-0.5428730593887875,0.0,0.0,0.0,0.0,0.0,0.0,1.630107104929385e-28,6.981912049271743e-28,3.271690163877359e-25,1.9197718989458213e-26,2.4036907326446497e-25,9.437056727497443e-31,5.965760595733811e-30,3.9347519135809365e-29,5.533119693026739e-29,NaN,NaN,NaN,NaN,NaN,NaN
2025-06-11T20:42:27Z,39.9739766908076,-75.20687186145751,30.892889657128336,-19.8161759137439,-35.274999286772484,-0.049350124911557394,1.0960917096582774,-0.27076572767545753,-0.5407297507152372,0.0,0.0,0.0,0.0,0.0,0.0,1.630107104929385e-28,6.981912049271743e-28,3.271690163877359e-25,1.0614912340654017e-26,1.3131694172671395e-25,6.5910137521793125e-31,2.627399852451728e-28,7.703719777548943e-30,3.728600372333756e-29,NaN,NaN,NaN,NaN,NaN,NaN
2025-06-11T20:43:27Z,39.9739766908076,-75.20687186145751,30.892889657128336,-19.648595130307122,-35.042317522510956,-0.04079447028757446,1.0892995096969444,-0.26735992149007876,-0.5390008119585079,0.0,0.0,0.0,0.0,0.0,0.0,1.630107104929385e-28,6.981912049271743e-28,3.271690163877359e-25,2.7881499834131493e-26,2.9161347766761533e-25,1.738151774809452e-32,1.7162655069215073e-28,2.1228370219014093e-29,1.7749370367473074e-30,NaN,NaN,NaN,NaN,NaN,NaN
2025-06-11T20:44:27Z,39.9739766908076,-75.20687186145751,30.892889657128336,-19.568246389123455,-34.960087754242856,-0.036530491066132105,1.0853143722605445,-0.26958355170441684,-0.5364945351866715,0.0,0.0,0.0,0.0,0.0,0.0,1.630107104929385e-28,6.981912049271743e-28,3.271690163877359e-25,1.847954002134501e-25,2.473867798773073e-27,8.137054015036121e-33,1.4914401489335023e-28,2.665178894240861e-29,4.449668543512197e-30,NaN,NaN,NaN,NaN,NaN,NaN
2025-06-11T20:45:27Z,39.9739766908076,-75.20687186145751,30.892889657128336,-19.47944406623144,-34.85586192252039,-0.03227024627704154,1.0813778181194844,-0.2687977327577254,-0.5352907365206279,0.0,0.0,0.0,0.0,0.0,0.0,1.630107104929385e-28,6.981912049271743e-28,3.271690163877359e-25,5.498044965028475e-26,7.679087595783285e-26,2.2263750157115943e-31,7.888609052210007e-29,2.440846574318637e-29,5.699520040221681e-29,NaN,NaN,NaN,NaN,NaN,NaN
2025-06-11T20:46:27Z,39.9739766908076,-75.20687186145751,30.892889657128336,-19.472148371090018,-34.832785185827234,-0.03024050840498644,1.079946711692895,-0.27061282541926196,-0.5337260180539045,0.0,0.0,0.0,0.0,0.0,0.0,1.630107104929385e-28,6.981912049271743e-28,3.271690163877359e-25,2.133079887717629e-27,2.9080568410067884e-26,2.427153212414058e-31,6.981912049271743e-28,4.218556950185783e-30,1.509929076399591e-29,NaN,NaN,NaN,NaN,NaN,NaN
2025-06-11T20:47:27Z,39.9739766908076,-75.20687186145751,30.892889657128336,-19.42284497934327,-34.79738031570905,-0.02799301434909279,1.0789243530684383,-0.26969827488925774,-0.5337495951153671,0.0,0.0,0.0,0.0,0.0,0.0,1.630107104929385e-28,6.981912049271743e-28,3.271690163877359e-25,1.1359597035182767e-28,1.3131694172671395e-25,5.359020440879068e-31,2.7733391199176196e-28,1.5533780559449973e-29,1.6874227800743133e-29,NaN,NaN,NaN,NaN,NaN,NaN
2025-06-11T20:48:27Z,39.9739766908076,-75.20687186145751,30.892889657128336,-19.251448898900268,-34.7093298372298,-0.024551372430216285,1.0755047093392496,-0.2659497830238554,-0.5350789441722724,0.0,0.0,0.0,0.0,0.0,0.0,1.630107104929385e-28,6.981912049271743e-28,3.271690163877359e-25,1.0614912340654017e-26,8.90592407558294e-26,2.4375050858651397e-32,1.2325951644078136e-30,1.3589361687596038e-30,4.146450133067975e-29,NaN,NaN,NaN,NaN,NaN,NaN
2025-06-11T20:49:27Z,39.9739766908076,-75.20687186145751,30.892889657128336,-19.205475402126687,-34.68700994048068,-0.022952291123053397,1.072809856123374,-0.26689971419671477,-0.5341560557470674,0.0,0.0,0.0,0.0,0.0,0.0,1.630107104929385e-28,6.981912049271743e-28,3.271690163877359e-25,2.5559093329161247e-26,5.0487097934144045e-27,6.240013019814778e-32,2.6081713678869557e-29,3.081487911019534e-31,4.437342591868117e-29,NaN,NaN,NaN,NaN,NaN,NaN
2025-06-11T20:50:27Z,39.9739766908076,-75.20687186145751,30.892889657128336,-19.17733567123629,-34.66576497859738,-0.021578535445734074,1.071673295922046,-0.2667080099151494,-0.5339092142822126,0.0,0.0,0.0,0.0,0.0,0.0,1.630107104929385e-28,6.981912049271743e-28,3.271690163877359e-25,6.184669496932682e-28,6.911178836205175e-25,1.018816940580842e-31,1.0891210872707614e-28,7.398652474357995e-30,4.892170207534735e-29,NaN,NaN,NaN,NaN,NaN,NaN
2025-06-11T20:51:27Z,39.9739766908076,-75.20687186145751,30.892889657128336,-19.076888878906292,-34.5738367261027,-0.019045844060530705,1.0684354418962478,-0.2644220189551032,-0.5340033929496354,0.0,0.0,0.0,0.0,0.0,0.0,1.630107104929385e-28,6.981912049271743e-28,3.271690163877359e-25,3.412927820348206e-26,5.672730323880583e-25,1.083335593717802e-32,1.282392009049941e-28,1.342296134040155e-29,2.1152565616402854e-28,NaN,NaN,NaN,NaN,NaN,NaN
2025-06-11T20:52:27Z,39.9739766908076,-75.20687186145751,30.892889657128336,-18.853967031228095,-34.51102158624683,-0.01659524578476875,1.065031984888191,-0.26052550197647684,-0.5362816794451968,0.0,0.0,0.0,0.0,0.0,0.0,1.630107104929385e-28,6.981912049271743e-28,3.271690163877359e-25,7.888609052210118e-27,6.333101564859067e-25,1.2325951644078318e-32,7.459172896930592e-28,5.1799811784239894e-30,3.8654184355829265e-29,NaN,NaN,NaN,NaN,NaN,NaN
2025-06-11T20:53:27Z,39.9739766908076,-75.20687186145751,30.892889657128336,-18.39703918067662,-34.352998205925395,-0.01221223491777724,1.0565229848615052,-0.25052801667088503,-0.5414522449908057,0.0,0.0,0.0,0.0,0.0,0.0,1.630107104929385e-28,6.981912049271743e-28,3.271690163877359e-25,6.362636517150709e-26,3.6476928257420197e-25,5.5641319799561904e-33,2.2132478772106954e-28,1.7798674174048787e-29,3.8654184355829265e-29,NaN,NaN,NaN,NaN,NaN,NaN
2025-06-11T20:54:27Z,39.9739766908076,-75.20687186145751,30.892889657128336,-14.831947250274292,-32.45142580581657,0.02476888922767206,0.9849155466433935,-0.15980718712048686,-0.5786504236124262,0.0,0.0,0.0,0.0,0.0,0.0,1.630107104929385e-28,6.981912049271743e-28,3.271690163877359e-25,1.4315932163588616e-25,2.61725115690612e-25,4.814824860968022e-33,7.888609052210007e-29,4.218556950185783e-30,1.1093356479670292e-29,NaN,NaN,NaN,NaN,NaN,NaN
2025-06-11T20:55:27Z,39.9739766908076,-75.20687186145751,30.892889657128336,-14.833466672875323,-32.45681977729029,0.02385124071391616,0.9433616102615454,-0.20559296168939128,-0.5510932463089121,0.0,0.0,0.0,0.0,0.0,0.0,1.630107104929385e-28,6.981912049271743e-28,3.271690163877359e-25,5.581664220981819e-26,4.948240468525555e-25,1.5099290763995806e-31,1.8046425802094737e-28,1.05456220034869e-29,1.1093356479670292e-29,NaN,NaN,NaN,NaN,NaN,NaN
2025-06-11T20:56:26Z,39.9739766908076,-75.20687186145751,30.892889657128336,-14.152765355081225,-32.28401321527486,0.02653078983312032,0.9364183500924235,-0.18759207300464648,-0.5623125086155295,0.0,0.0,0.0,0.0,0.0,0.0,1.630107104929385e-28,6.981912049271743e-28,3.271690163877359e-25,5.332699719293976e-26,5.0487097934144045e-27,2.0342635037589933e-31,6.020118042484326e-28,9.32150093083439e-30,5.207714569623023e-29,NaN,NaN,NaN,NaN,NaN,NaN
2025-06-11T20:56:27Z,39.9739766908076,-75.20687186145751,30.892889657128336,-14.156837328112578,-32.29843238937486,0.02404508948253869,0.9279635878242173,-0.1937583757804418,-0.5596606828801556,0.0,0.0,0.0,0.0,0.0,0.0,1.630107104929385e-28,6.981912049271743e-28,3.271690163877359e-25,5.332699719293976e-26,5.498044965028475e-26,1.0410855055628363e-31,3.4375846540169343e-28,1.165495765145405e-29,8.087056873679682e-29,NaN,NaN,NaN,NaN,NaN,NaN
2025-06-11T20:56:28Z,39.97384585059571,-75.20724045332088,31.468226636738496,-14.774372645554433,-30.587943298340875,1.194536651986288,0.9394737901265681,-0.2816642485402803,-0.5677725647150997,0.0,0.0,0.0,0.0,0.0,0.0,3.241905217524348e-14,3.179932310626521e-14,0.9445054403899387,0.15406784541383384,0.08558089864904897,0.00007523170135361237,0.00004482095100032109,0.0000560654412454462,0.0000658259649412488,NaN,NaN,NaN,NaN,NaN,NaN
2025-06-11T20:56:29Z,39.97369598948286,-75.20755513237256,30.784446232338336,-17.477473980248817,-25.13376296191828,0.549288101828219,0.794855637032581,-0.33790565873417194,-0.348518632407947,0.0,0.0,0.0,0.0,0.0,0.0,1.0194453636439252e-13,8.957886383768857e-14,1.7016095528630129,0.58341193905701,0.23502360864883,0.002120493481220207,0.00010246751325147495,0.0001724907274941226,0.0004736617021217168,NaN,NaN,NaN,NaN,NaN,NaN
2025-06-11T20:56:30Z,39.97350887348196,-75.20780867032674,28.09087348961801,-22.03810252588699,-19.30646605882036,-1.4630028888615374,0.7289989690370288,-0.5601944399907728,-0.23076821842177472,0.0,0.0,0.0,0.0,0.0,0.0,2.0222483276000024e-13,1.4545531306815286e-13,2.0924010598811207,1.1400448774969363,0.2959260046426199,0.0028858454416067743,0.00006056399770539783,0.00021407990868742012,0.001141159747891144,NaN,NaN,NaN,NaN,NaN,NaN
2025-06-11T20:56:31Z,39.973321711678075,-75.20804123162381,25.29335913367893,-21.131821911858133,-17.931958290495754,-1.2938871027912509,0.8748404887663946,-0.3199409235541679,-0.38709381685027666,0.0,0.0,0.0,0.0,0.0,0.0,4.260660734678223e-13,2.42868006770293e-13,2.534376457019388,2.384759078585122,0.6054425816378185,0.0007586882603119099,0.0000676909638921014,0.000252832764447442,0.0026591316580087086,NaN,NaN,NaN,NaN,NaN,NaN
2025-06-11T20:56:32Z,39.973138075232136,-75.20825146267013,24.1262527112102,-20.719649835916535,-16.68614023350981,-0.5339374362286159,0.9493370321205594,-0.2794483324067898,-0.4716414745340358,0.0,0.0,0.0,0.0,0.0,0.0,8.228665346187559e-13,4.1949818093079627e-13,2.6188539182748043,3.8487467864568674,0.9417947284310726,0.0002300437711240611,0.00008229138525326258,0.00026431645896844795,0.0039028154802680645,NaN,NaN,NaN,NaN,NaN,NaN
2025-06-11T20:56:33Z,39.97294627238542,-75.20844111608892,23.405337261777188,-21.76185724289016,-15.05133507569706,-0.6134619073006723,0.9697942434652648,-0.3059991550325092,-0.4581514704240132,0.0,0.0,0.0,0.0,0.0,0.0,1.5028753950736537e-12,6.995405355857582e-13,2.7877323831212792,5.488607958788207,1.2895827791621062,0.0001747391440362487,0.0000818561737312501,0.00029744265505596653,0.0044919639290096685,NaN,NaN,NaN,NaN,NaN,NaN
2025-06-11T20:56:34Z,39.972745752682904,-75.20861585523258,23.13608061348164,-22.666485746260506,-13.974942100757916,-0.496898406685477,1.0130279330322256,-0.2377828391966126,-0.4930499635690961,0.0,0.0,0.0,0.0,0.0,0.0,2.502679739243366e-12,1.1313588007033808e-12,2.8988617894514612,7.167672452704806,1.7487277936942474,0.00021104993734909317,0.00008729357760311316,0.00032898053211230456,0.004702454295751311,NaN,NaN,NaN,NaN,NaN,NaN
2025-06-11T20:56:35Z,39.972537949416804,-75.20877767561964,23.211797820679003,-23.36136140158274,-13.057201463221357,-0.5010206895767448,1.0130186585381997,-0.26213785551297647,-0.47262286338303444,0.0,0.0,0.0,0.0,0.0,0.0,3.978001377015209e-12,1.7933851122731392e-12,3.0219995537014843,8.849135242523547,2.250830661248677,0.00026078863999070466,0.00009950734533153174,0.0003616553589649341,0.004868785991513008,NaN,NaN,NaN,NaN,NaN,NaN
2025-06-11T20:56:36Z,39.97232606072809,-75.20892937287526,23.34552323574746,-23.722559779867925,-12.381006894897508,-0.4342053182507991,1.030675709361483,-0.1993896311677712,-0.39096021051833213,0.0,0.0,0.0,0.0,0.0,0.0,5.873132232694813e-12,2.7022443401074693e-12,3.012421792530857,10.498218478161105,2.8202720961012395,0.00037141327151151874,0.00012121911200624368,0.0003892459720720556,0.0049087880807107045,NaN,NaN,NaN,NaN,NaN,NaN
2025-06-11T20:56:37Z,39.972111898849555,-75.20907473854383,23.7640225181154,-23.755250429967877,-11.966849226700413,-0.33767780307435125,1.072491907533581,-0.11404818021392378,-0.4605983254022315,0.0,0.0,0.0,0.0,0.0,0.0,8.416666190367259e-12,4.125138322849967e-12,2.9382878845768787,12.44230135968349,3.6432132816624447,0.00039572219269523156,0.0001697588853488789,0.0004442792394754157,0.005046036267104213,NaN,NaN,NaN,NaN,NaN,NaN
2025-06-11T20:56:38Z,39.97189924843791,-75.20922139727148,24.534791183722945,-23.210943205019394,-12.127755010346199,-0.09820736467008888,1.09365335354564,-0.0598892253811107,-0.4000807041538383,0.0,0.0,0.0,0.0,0.0,0.0,1.2439536965533464e-11,6.078936904223421e-12,2.8937117771734524,14.67072096905451,4.324377893528405,0.0003537001487201054,0.00020681567746825907,0.0004993862440166246,0.005210960189870723,NaN,NaN,NaN,NaN,NaN,NaN
2025-06-11T20:56:39Z,39.97169191062541,-75.20936451845192,25.410820751969872,-23.19992365881966,-11.883193366931856,-0.10572742048746492,1.098766965285228,-0.06531409309033422,-0.41890725807099904,0.0,0.0,0.0,0.0,0.0,0.0,1.7071275191253723e-11,8.115742368882583e-12,3.002192830471226,16.564435074017066,4.832238739894142,0.00046856221087055057,0.00025915363955162415,0.0006202531832655442,0.005048997740568541,NaN,NaN,NaN,NaN,NaN,NaN
2025-06-11T20:56:40Z,39.97148498065272,-75.20950579941601,25.917882526638657,-23.329507175048246,-11.90400032000882,-0.06346010971065394,1.1082594750964518,-0.06573446541883106,-0.4137008849826762,0.0,0.0,0.0,0.0,0.0,0.0,2.2555980254705112e-11,1.0441171487799588e-11,2.961572897786025,18.571531702958577,5.364564157440504,0.000439493591058535,0.0003026757020000713,0.0007598451984959708,0.004956245607949564,NaN,NaN,NaN,NaN,NaN,NaN
2025-06-11T20:56:41Z,39.9712711401564,-75.20964522676319,26.42181967005812,-23.560197364942965,-11.694675606807404,-0.15787729120464358,1.1062486558683995,-0.0776426938784118,-0.4162207720682252,0.0,0.0,0.0,0.0,0.0,0.0,2.9102268219164032e-11,1.343391765072126e-11,2.928813714050933,20.681953505367783,6.012815482095225,0.0005005179055394957,0.0003494817658840112,0.0008840811391986534,0.005072186220273762,NaN,NaN,NaN,NaN,NaN,NaN
2025-06-11T20:56:42Z,39.971064803055405,-75.20978016374552,26.74566141109429,-23.196274188201755,-11.747358234134621,-0.169792359693017,1.1197786617430945,-0.003581938517687908,-0.43300763679128673,0.0,0.0,0.0,0.0,0.0,0.0,3.794043554431025e-11,1.7293436346826416e-11,2.715006054468366,23.768689338584945,6.857486209048812,0.000600475971762334,0.000395972956519332,0.0009905365215446367,0.005226074555621035,NaN,NaN,NaN,NaN,NaN,NaN
2025-06-11T20:56:43Z,39.970861867370274,-75.20992077891898,27.256430361247066,-22.62032783101508,-12.199700559455827,-0.2562610155975721,1.122353130794332,-0.00895512291074789,-0.44771121959161353,0.0,0.0,0.0,0.0,0.0,0.0,4.868318832545127e-11,2.1914109883505753e-11,2.9406208964687774,26.457948703994628,7.713778316695091,0.0004699603225485066,0.0004551726144266654,0.0010422545923585737,0.005366591788430632,NaN,NaN,NaN,NaN,NaN,NaN
2025-06-11T20:56:44Z,39.97065370504762,-75.2100706343615,27.433394031439505,-22.570856221378566,-12.901950160112566,-0.34336574127812164,1.1240763347643958,-0.011568541420370112,-0.43167303650261046,0.0,0.0,0.0,0.0,0.0,0.0,6.15245621003448e-11,2.7829487291570106e-11,2.8618581557581293,29.314122174363426,8.957666628448534,0.00016610837398678985,0.0005351141368932109,0.0011016184593369892,0.005495832113611271,NaN,NaN,NaN,NaN,NaN,NaN
2025-06-11T20:56:45Z,39.970449676478125,-75.2102211967432,27.726183648632993,-22.185872880618877,-13.497089815315098,-0.3429551084911532,1.120575750961247,0.09550735194556657,-0.6243672073590072,0.0,0.0,0.0,0.0,0.0,0.0,8.047900506167277e-11,3.638649793613187e-11,2.7472754887077584,34.417846069033125,10.882439970006969,0.00008703951269475386,0.0006303566521057089,0.001212867158997662,0.005685405973961784,NaN,NaN,NaN,NaN,NaN,NaN
2025-06-11T20:56:46Z,39.97025115782086,-75.21037268164193,28.011656536081833,-22.3331043730538,-13.455868030838078,-0.41624078237172357,1.115176415505459,-0.06796840378328112,-0.6451919275568064,0.0,0.0,0.0,0.0,0.0,0.0,9.893016100847926e-11,4.5765920866206804e-11,2.8421840083562913,38.4669992771014,12.562665705687612,0.0005784070076901718,0.0007152936194897075,0.0013265720117742583,0.005727501430264207,NaN,NaN,NaN,NaN,NaN,NaN
2025-06-11T20:56:47Z,39.97004837582202,-75.2105172123699,28.27669648893548,-22.47102921242042,-12.525691057798515,-0.36043753213417296,1.0924959724954255,0.04474764706100007,-0.8158684496591503,0.0,0.0,0.0,0.0,0.0,0.0,1.2290487776828546e-10,5.7535528906272456e-11,2.877321366561819,44.228246488761464,14.636553607072928,0.00022130914429078954,0.0007321639543399652,0.0014186920825537599,0.005909542536464011,NaN,NaN,NaN,NaN,NaN,NaN
2025-06-11T20:56:48Z,39.969848895344235,-75.21065527219956,28.699017168655242,-22.476455105521524,-11.920229428242688,-0.39177641399924934,1.0959584112243106,-0.04801560003674367,-0.9317575697364575,0.0,0.0,0.0,0.0,0.0,0.0,1.4979051154743084e-10,7.052272519733882e-11,2.7441180423042875,50.57510535576481,16.725537687894622,0.0007225143016075358,0.0008087637764913538,0.0015450661371992575,0.005826818477694106,NaN,NaN,NaN,NaN,NaN,NaN
2025-06-11T20:56:49Z,39.969650307046415,-75.21078444129809,28.948795927456782,-23.037029686737885,-11.507238836058656,-0.35222732991259625,1.1158065934603365,0.021416097266239362,-1.1018613941023647,0.0,0.0,0.0,0.0,0.0,0.0,1.7706605173237513e-10,8.432283268828702e-11,2.5977556843479723,56.05732913871731,19.173870613521952,0.00041253300087741156,0.000912703320814018,0.0016090164015089552,0.005730480407345662,NaN,NaN,NaN,NaN,NaN,NaN
2025-06-11T20:56:50Z,39.96944421086534,-75.21092280316212,29.314307015218322,-23.71044176264968,-11.838946752480402,-0.2993880471423496,1.1433507973669559,-0.010709484838020887,-1.2446763655554398,0.0,0.0,0.0,0.0,0.0,0.0,2.0534018615260443e-10,9.996734241172235e-11,2.6213397605115585,59.96798573998809,21.770467029975933,0.00016925575038507652,0.0009920982205173087,0.00164688705771083,0.005663242458305428,NaN,NaN,NaN,NaN,NaN,NaN
2025-06-11T20:56:51Z,39.96922632327744,-75.21106087061332,29.61676292773607,-24.275066771189532,-11.936738930941138,-0.2470063830394674,1.1649259090691289,-0.01354261962819736,-1.3579367726185134,0.0,0.0,0.0,0.0,0.0,0.0,2.244625010994516e-10,1.1185527817426112e-10,2.8254891504395396,62.070189815690206,23.903771665304056,0.0006979116661180421,0.001072479251594976,0.0017385278667678644,0.005432016636644344,NaN,NaN,NaN,NaN,NaN,NaN
2025-06-11T20:56:52Z,39.969025738594205,-75.2111811316598,29.869122172479976,-24.67175495145725,-11.381624317124352,-0.26509753247802614,1.1636086641372858,-0.050517966103773085,-1.4978420169951576,0.0,0.0,0.0,0.0,0.0,0.0,2.528270558236471e-10,1.2843974925813769e-10,2.8836358047067336,66.44326226261481,26.91399485902753,0.0024011843644903105,0.001159377575963935,0.001805204988986022,0.005331185105234002,NaN,NaN,NaN,NaN,NaN,NaN
2025-06-11T20:56:53Z,39.97204184387612,-75.20971069548627,30.46895329053441,5.794571404830958,-4.285235766253011,-0.1135686348246892,0.9921308663104972,-0.029218192990968932,-1.6000194453907897,0.0,0.0,0.0,0.0,0.0,0.0,3.267711706282624e-16,1.5107755949074992e-15,0.0055396052667303994,0.0017694469213412342,0.00726430549739444,4.1327139702375256e-8,2.644281514208147e-6,4.779817456319299e-7,1.5628306134016357e-7,NaN,NaN,NaN,NaN,NaN,NaN
2025-06-11T20:57:27Z,39.97204187664402,-75.20971076594765,30.471308104497126,5.8722825601396895,-4.179818603390158,-0.1057338399727068,0.9868555407843904,-0.031873996027007315,-1.6013908235363101,0.0,0.0,0.0,0.0,0.0,0.0,4.794179497439642e-23,2.2165160485048293e-22,8.127356695456981e-10,2.5857312067190197e-10,1.054520889317236e-9,5.334833550548616e-15,3.823753106161611e-13,7.029976196080856e-14,2.2254949379730397e-14,NaN,NaN,NaN,NaN,NaN,NaN
2025-06-11T20:58:27Z,39.97204187664333,-75.20971076594799,30.47130810484189,5.660410978117479,-3.744271090160317,-0.10049063095591787,0.975515732476586,-0.04135065422638142,-1.6067311618746343,0.0,0.0,0.0,0.0,0.0,0.0,2.1476738144643876e-28,4.173074188619847e-28,1.447280876572862e-25,3.0018968907894112e-27,4.283292923414731e-28,2.5042817570807647e-30,6.223275795348273e-29,2.029551231425195e-31,3.9054077404854267e-28,NaN,NaN,NaN,NaN,NaN,NaN
2025-06-11T20:59:27Z,39.97204187664333,-75.20971076594799,30.47130810484189,5.383796155498731,-3.0245309293397207,-0.0942563848259088,0.9720549329347119,-0.05414272243963909,-1.615567251544096,0.0,0.0,0.0,0.0,0.0,0.0,2.147673814464257e-28,4.173074188619243e-28,1.4450669606222782e-25,1.7279209268022983e-26,9.389416926971794e-28,2.5470423514534034e-30,3.3151879541922366e-28,8.093720592920291e-32,1.9568680830138982e-28,NaN,NaN,NaN,NaN,NaN,NaN
2025-06-11T21:00:27Z,39.97204187664333,-75.20971076594799,30.47130810484189,5.346039260388023,-2.8789828137321147,-0.08966929567675111,0.9922331323546318,-0.06694060173964636,-1.6178985687514504,0.0,0.0,0.0,0.0,0.0,0.0,2.147673814464257e-28,4.173074188619243e-28,1.4450669606200654e-25,6.822857969256666e-27,2.8398992587956113e-27,6.4788283329188085e-31,9.545216953174214e-29,1.1418838640271984e-30,9.253831456308111e-28,NaN,NaN,NaN,NaN,NaN,NaN
2025-06-11T21:01:27Z,39.97204187664333,-75.20971076594799,30.47130810484189,5.403641587366489,-2.8563969245252188,-0.08502214755565478,0.9952726712572435,-0.06881080681766892,-1.618332514233954,0.0,0.0,0.0,0.0,0.0,0.0,2.147673814464257e-28,4.173074188619243e-28,1.4450669606200654e-25,7.099748146989027e-28,1.8952383247934627e-28,5.616011717833114e-31,5.048709793414395e-29,4.3333423748712325e-32,2.2798080160887012e-28,NaN,NaN,NaN,NaN,NaN,NaN
2025-06-11T21:01:46Z,39.97210058426904,-75.2097103435724,30.112721146822928,7.50347271572918,3.029255401579483,-0.6964947522112463,1.0044595343590639,0.146171630156031,-2.424272798737234,0.0,0.0,0.0,0.0,0.0,0.0,3.3753862637616315e-14,3.693743974824907e-14,0.9312153368051925,0.17100742703349578,0.18547237057715,0.003344814116175187,0.00007811862860269953,0.000052516463368364684,0.000015824527440520438,NaN,NaN,NaN,NaN,NaN,NaN
2025-06-11T21:01:47Z,39.97219756903524,-75.20969408458885,32.52875726807073,10.07737542171017,1.6803145440395535,-0.0968522327368069,1.0099002641712131,0.03676438185372665,-2.1858446859587444,0.0,0.0,0.0,0.0,0.0,0.0,1.3870669007875437e-13,7.556266836941119e-14,1.002400463068821,0.670770898428821,0.13449080358333107,0.0004132955092946201,0.000016936464281710647,0.00013221303168382505,0.0005419086828661561,NaN,NaN,NaN,NaN,NaN,NaN
2025-06-11T21:01:48Z,39.972183996466214,-75.20969989177983,35.28491183852187,9.660877668249501,1.3220546876793913,-0.037750734314781605,0.9884431285893885,0.05324204153574179,-2.2025409129972053,0.0,0.0,0.0,0.0,0.0,0.0,1.5638003551046208e-14,1.300854337067078e-14,0.005656845244788281,0.11124887626688186,0.02090083430047326,0.00002604398116022438,1.8394998707420319e-6,0.000017571202369189137,0.00025201959239709386,NaN,NaN,NaN,NaN,NaN,NaN
2025-06-11T21:01:49Z,39.97227275313541,-75.20969025619054,35.19864829673519,10.08417496814466,0.3578194216858836,-0.13576896510051514,0.9900719606136964,0.04241865571301296,-2.2015398391481935,0.0,0.0,0.0,0.0,0.0,0.0,6.809911417733503e-14,5.1323937583378335e-14,1.0585188259851632,0.3520096844291169,0.06898206971525164,0.00006511411804057725,9.925371446900731e-6,0.00007576285876714051,0.0003888807425613427,NaN,NaN,NaN,NaN,NaN,NaN
2025-06-11T21:01:50Z,39.97237053044293,-75.20968475679462,37.33177893170416,10.629828737584607,-0.47932329364291937,-0.2665897164678344,0.991115270121347,0.05121877064724964,-2.211891266604851,0.0,0.0,0.0,0.0,0.0,0.0,8.576230108624337e-14,8.376685539550747e-14,1.0521995871755454,0.3917717062589179,0.12544003979493726,0.00011918134816972212,0.000031304053119972055,0.00009774623202024415,0.0002189838011116518,NaN,NaN,NaN,NaN,NaN,NaN
2025-06-11T21:01:51Z,39.972453394782804,-75.20967056387246,41.40924647671727,10.043235287290635,-0.7232581557054345,-0.33355682228690714,1.010917797808499,0.05013513211257976,-2.214192233314667,0.0,0.0,0.0,0.0,0.0,0.0,3.522911990151183e-14,3.783474133000763e-14,0.9349511687438893,0.21818287071672518,0.11735745673000494,0.0001713746328685002,0.000050129748093640915,0.00007241627339863704,0.00002656748255517605,NaN,NaN,NaN,NaN,NaN,NaN
2025-06-11T21:01:52Z,39.972552997479646,-75.20967048296536,43.98460904109329,9.989950400492239,-0.47070160606104805,-0.31871162675707376,1.022344024482261,0.0672160171593441,-2.2365002376247656,0.0,0.0,0.0,0.0,0.0,0.0,8.855334124728117e-14,6.6924277598787e-14,1.0103617246065313,0.4612018011979921,0.20327490096509407,0.00029125085313423817,0.0000753903858884787,0.00013212807080111816,0.000057443199137917973,NaN,NaN,NaN,NaN,NaN,NaN
2025-06-11T21:01:53Z,39.972644092679445,-75.20967499550098,46.85548552574842,9.49964730453108,-0.21003267906467937,-0.28703961862831745,1.0495892402171945,0.055986754184417675,-2.244354893169507,0.0,0.0,0.0,0.0,0.0,0.0,2.4163954916594265e-13,1.2159831742196546e-13,1.0596545513969968,0.9805986059514231,0.30911569120162374,0.00043293734697839176,0.00010070592940079983,0.00023058044477498936,0.0000704593906737134,NaN,NaN,NaN,NaN,NaN,NaN
