timestamp,latitude,longitude,altitude,velocity_north,velocity_east,velocity_vertical,roll,pitch,yaw,acc_bias_x,acc_bias_y,acc_bias_z,gyro_bias_x,gyro_bias_y,gyro_bias_z,latitude_cov,longitude_cov,altitude_cov,velocity_n_cov,velocity_e_cov,velocity_v_cov,roll_cov,pitch_cov,yaw_cov,acc_bias_x_cov,acc_bias_y_cov,acc_bias_z_cov,gyro_bias_x_cov,gyro_bias_y_cov,gyro_bias_z_cov
2025-06-14T21:17:03Z,40.06926320813348,-75.24105371669921,58.4025626972486,-2.2057079126342902,6.322964488310133,-0.5553832568076043,0.004322097830381512,0.01467723483542639,0.42230665433781356,0.0,0.0,0.0,0.0,0.0,0.0,9.014434152647774e-7,9.984383758465398e-7,1.1650213043438231,0.1404645864754822,0.13646424629658474,0.10285462209081474,0.00010000570217007301,0.00010000570078863922,0.0001000060170434159,1.0060000000000004e-6,1.0060000000000004e-6,1.0060000000000004e-6,1.6e-8,1.6e-8,1.6e-8
2025-06-14T21:17:04Z,40.06519779157331,-75.24193547613004,57.86959046640495,-3.003140772977624,9.61926781530677,-0.8536223220669821,-0.03372142760740434,0.06902942673582686,0.6885585263018427,0.0,0.0,0.0,0.0,0.0,0.0,8.219900882065957e-7,9.975780862182678e-7,1.338394857765439,0.19097169132948158,0.18220077369856327,0.1025158527132768,0.00009999222887260318,0.00010000847109296133,0.00010001005867732901,1.0100000000000007e-6,1.0100000000000007e-6,1.0100000000000007e-6,1.9999999999999997e-8,1.9999999999999997e-8,1.9999999999999997e-8
2025-06-14T21:17:05Z,40.06184531131034,-75.24252884490161,58.508735806588156,-4.4049553073568095,11.51828446738583,1.5208833432075946,0.19905486052377083,-0.899583556363018,0.2532019271640415,0.0,0.0,0.0,0.0,0.0,0.0,7.572375809938374e-7,9.983630458690824e-7,1.540418259604097,0.25706799058783975,0.23148474241817446,0.10804631760245029,0.00009986650225696301,0.00010000490709002195,0.00010001411359151466,1.014000000000001e-6,1.014000000000001e-6,1.014000000000001e-6,2.3999999999999993e-8,2.3999999999999993e-8,2.3999999999999993e-8
2025-06-14T21:17:06Z,40.05890546089572,-75.24290736424508,57.47441179477059,-2.6800085111305467,19.722070893172337,-3.9521237015679382,-2.800018837324694,-1.3100857168458415,-2.9089066489893365,0.0,0.0,0.0,0.0,0.0,0.0,7.032308632244945e-7,1.000195874814262e-6,1.728282588905832,0.29557219781523364,0.23784948547625054,0.12573838148996108,0.0000994649895382156,0.00009998800419895197,0.00010001812060627234,1.0180000000000013e-6,1.0180000000000013e-6,1.0180000000000013e-6,2.799999999999999e-8,2.799999999999999e-8,2.799999999999999e-8
2025-06-14T21:17:07Z,40.07428343048383,-75.23955659990656,57.57469236938176,-0.7523304021838177,22.526271833177596,0.7019400234456636,-0.19615023061487952,-0.7455215997832423,1.2888040399004201,0.0,0.0,0.0,0.0,0.0,0.0,5.002721182844181e-9,5.003158851412806e-9,0.4887631146847331,0.32913273842680607,0.2826867993498195,0.062246800501780795,0.00009083483326917997,0.00009454770412144668,0.00009772397416056257,1.0230000000000017e-6,1.0230000000000017e-6,1.0230000000000017e-6,3.3e-8,3.3e-8,3.3e-8
2025-06-14T21:17:08Z,40.07426400295419,-75.23958621167267,61.08255114457787,-2.521251859305749,20.433676111456265,2.170030115479506,-0.4460794200900536,-0.9174645276825173,0.9146725542716343,0.0,0.0,0.0,0.0,0.0,0.0,5.005854633347138e-9,5.006294064569958e-9,0.3534536965397969,0.3326278000718504,0.2867144939967609,0.04866822562031222,0.00007408255850459488,0.00008176366129530981,0.0000949062662302971,1.028000000000002e-6,1.028000000000002e-6,1.028000000000002e-6,3.800000000000001e-8,3.800000000000001e-8,3.800000000000001e-8
2025-06-14T21:17:09Z,40.07425174186827,-75.23972706916318,66.77006464803114,-0.8898264639268075,9.753209213228006,4.15763957330906,-0.011143452340160377,-0.9116532681733283,0.30799414537693687,0.0,0.0,0.0,0.0,0.0,0.0,5.006751173670307e-9,5.0071896643784445e-9,0.29136173633816226,0.1403073257324419,0.1305282084922746,0.03135704659433858,0.000039811808595031564,0.00004927098372319209,0.00008927417924944982,1.0330000000000024e-6,1.0330000000000024e-6,1.0330000000000024e-6,4.300000000000002e-8,4.300000000000002e-8,4.300000000000002e-8
2025-06-14T21:17:10Z,40.07422876423513,-75.23979478664917,69.1598648055868,-1.88659956776304,5.898344674997711,4.696562284144748,0.41285427522718565,-1.1344081689048497,-0.45209325665553146,0.0,0.0,0.0,0.0,0.0,0.0,5.006429699985734e-9,5.006867358664314e-9,0.26237846647785923,0.08444773540882525,0.0799069488927544,0.022176381608843537,0.000027170101024417794,0.000037744954027924426,0.00008810825490472922,1.0380000000000028e-6,1.0380000000000028e-6,1.0380000000000028e-6,4.800000000000003e-8,4.800000000000003e-8,4.800000000000003e-8
2025-06-14T21:17:11Z,40.07424417244783,-75.2398506560599,71.57925977569121,3.4196811517888537,1.5299424744927033,6.963469775361759,-1.4946756410610949,-0.9770179792895356,1.7376631006157672,0.0,0.0,0.0,0.0,0.0,0.0,5.005855469984208e-9,5.0062924972256925e-9,0.2401612581653179,0.06087633787468003,0.05379535868882107,0.01184309136725245,0.000020115675986129052,0.00003067187211915969,0.00008797195780346627,1.0430000000000032e-6,1.0430000000000032e-6,1.0430000000000032e-6,5.3000000000000044e-8,5.3000000000000044e-8,5.3000000000000044e-8
2025-06-14T21:17:12Z,40.07426226729595,-75.23989456003467,73.1782693442993,4.876032093075411,-1.7713025320101972,6.180855409864458,-2.200805576726493,-1.444441802950319,-3.0414205764577065,0.0,0.0,0.0,0.0,0.0,0.0,5.005704405749868e-9,5.006141136553939e-9,0.21261503150412053,0.05292363587509835,0.04581377404530023,0.00871204137483955,0.000016240055474517318,0.000024263356955083108,0.00008360505099074304,1.0480000000000036e-6,1.0480000000000036e-6,1.0480000000000036e-6,5.8000000000000056e-8,5.8000000000000056e-8,5.8000000000000056e-8
2025-06-14T21:17:13Z,40.07428949367123,-75.2398920761967,72.73366522078608,6.864809139154479,-1.4677518530647968,4.3789443620596735,-2.9434071878847585,-1.3991290409879447,-2.209878845027119,0.0,0.0,0.0,0.0,0.0,0.0,5.00499243655783e-9,5.005428846216634e-9,0.1870682557086708,0.046295459541104686,0.04218279518591028,0.007058726265584056,0.000013409395740596395,0.000019276737932965472,0.00007967222419690962,1.053000000000004e-6,1.053000000000004e-6,1.053000000000004e-6,6.300000000000005e-8,6.300000000000005e-8,6.300000000000005e-8
2025-06-14T21:17:14Z,40.07433464134352,-75.2398713102588,71.34798632552504,9.574409665747758,-2.907571065568109,2.700211019299795,-2.3625056443358745,-1.4973904880304691,-2.949840375296662,0.0,0.0,0.0,0.0,0.0,0.0,5.003287819950858e-9,5.0037236173226155e-9,0.1684509397273426,0.04529836496769417,0.04281084767410581,0.0065751764705078335,0.000011469185497763254,0.000015761051205077668,0.00007563314887141842,1.0580000000000043e-6,1.0580000000000043e-6,1.0580000000000043e-6,6.800000000000003e-8,6.800000000000003e-8,6.800000000000003e-8
2025-06-14T21:17:15Z,40.0743555273706,-75.23988189897833,69.42283186580488,11.501263634230096,-3.5531966639735715,1.1348517445642834,-2.4240956337687445,-1.3936706539911203,-2.8349374345784457,0.0,0.0,0.0,0.0,0.0,0.0,5.002602535823474e-9,5.003038073432113e-9,0.15561863707763995,0.04312027461054915,0.04388093705071226,0.006781217521874975,0.000010036758334900085,0.000012833739221813074,0.00006994138720883909,1.0630000000000047e-6,1.0630000000000047e-6,1.0630000000000047e-6,7.3e-8,7.3e-8,7.3e-8
2025-06-14T21:17:16Z,40.07437421239366,-75.2399030118892,67.5685298767182,14.291895648789747,-5.637327134673393,0.5022657427640554,-3.0320334918080714,-1.0642561162224908,-1.5935092059437124,0.0,0.0,0.0,0.0,0.0,0.0,5.002046978847897e-9,5.0024823308101474e-9,0.14775315783527343,0.044907490936560004,0.04631974735443614,0.007251424754515823,9.06946093076389e-6,0.000010651269291639196,0.00006417751643836674,1.068000000000005e-6,1.068000000000005e-6,1.068000000000005e-6,7.799999999999998e-8,7.799999999999998e-8,7.799999999999998e-8
2025-06-14T21:17:17Z,40.07439803548669,-75.23992449634082,65.99793857140234,16.082611706918,-7.003676390304999,-0.7525010464969504,2.7600576323339974,-0.9548956741126196,-0.7488772207417754,0.0,0.0,0.0,0.0,0.0,0.0,5.001772335607416e-9,5.00220757175709e-9,0.14212397272911206,0.044153341557845074,0.043091340502758084,0.00697511961944978,8.242937212185644e-6,8.60579466020251e-6,0.00005770994557360651,1.0730000000000054e-6,1.0730000000000054e-6,1.0730000000000054e-6,8.299999999999996e-8,8.299999999999996e-8,8.299999999999996e-8
2025-06-14T21:17:18Z,40.074414682451234,-75.23993474171218,65.30691662034964,17.278616107359117,-9.32626857650878,-0.12283415961857715,0.3959557469035958,-1.2805889990210495,2.0932600019911884,0.0,0.0,0.0,0.0,0.0,0.0,5.001504624145541e-9,5.001939711079216e-9,0.13632969809578915,0.044923309080318156,0.038469309772449306,0.007864856351715167,7.5118225513739566e-6,6.842494467579505e-6,0.000051936418869747886,1.0780000000000058e-6,1.0780000000000058e-6,1.0780000000000058e-6,8.799999999999994e-8,8.799999999999994e-8,8.799999999999994e-8
2025-06-14T21:17:19Z,40.07442521198107,-75.23997543943474,63.933420067756,19.39888685413068,-13.950602659900747,-3.0370877696745713,-0.897645098561432,-0.7884447304547645,-2.7683186259068053,0.0,0.0,0.0,0.0,0.0,0.0,5.001397877859126e-9,5.00183281616535e-9,0.13485488361395895,0.044547063455692815,0.03960593137570903,0.009589375618600012,7.031450031214081e-6,5.693174941978191e-6,0.00004562849075147159,1.0830000000000062e-6,1.0830000000000062e-6,1.0830000000000062e-6,9.299999999999992e-8,9.299999999999992e-8,9.299999999999992e-8
2025-06-14T21:17:20Z,40.074435707800966,-75.24002799608309,60.757605643546185,20.345658378326846,-18.663688192834805,-4.9062603753234715,-0.7844202946474194,-0.761402486589743,-2.57834188472515,0.0,0.0,0.0,0.0,0.0,0.0,5.001320422559233e-9,5.001755375133787e-9,0.13923411638238697,0.04783001983034463,0.0368461906738248,0.010654252227415234,6.690556571956129e-6,4.923663002607474e-6,0.00003932825689512507,1.0880000000000066e-6,1.0880000000000066e-6,1.0880000000000066e-6,9.79999999999999e-8,9.79999999999999e-8,9.79999999999999e-8
2025-06-14T21:17:21Z,40.07444021359651,-75.2400713950945,57.915364055142895,21.58603225213673,-22.2108636458035,-6.282076223441882,-0.8529068999514416,-0.45956945629576834,-2.422826620360453,0.0,0.0,0.0,0.0,0.0,0.0,5.0012176238465784e-9,5.001652411815209e-9,0.14514855700808643,0.045643245217944925,0.03570101355294512,0.011391159603585263,6.2629393311068865e-6,4.2961533635734015e-6,0.0000331851140668048,1.093000000000007e-6,1.093000000000007e-6,1.093000000000007e-6,1.0299999999999988e-7,1.0299999999999988e-7,1.0299999999999988e-7
2025-06-14T21:17:22Z,40.07443691126173,-75.24009518898197,57.79817226877504,21.208751004063217,-24.523454748085936,-6.579600615673845,-0.8138541548492118,-0.07457337337788218,-2.2012168165635666,0.0,0.0,0.0,0.0,0.0,0.0,5.0010542204697335e-9,5.0014889199780644e-9,0.1500286335998827,0.038782492578068116,0.030354937872028916,0.011329544401820242,5.719532740696152e-6,3.7599563243711245e-6,0.00002654293218861116,1.0980000000000073e-6,1.0980000000000073e-6,1.0980000000000073e-6,1.0799999999999986e-7,1.0799999999999986e-7,1.0799999999999986e-7
2025-06-14T21:17:23Z,40.07443688957942,-75.24011878513035,58.102376583152385,21.4134027043931,-26.679752213818453,-7.427897381710679,-0.935287603813933,-0.304300966623475,-2.2568886760230944,0.0,0.0,0.0,0.0,0.0,0.0,5.000983843901179e-9,5.001418466188402e-9,0.15177805492651986,0.033361886997884824,0.025278728558907657,0.011017598028824844,5.20707272877551e-6,3.410507466632169e-6,0.000021706390079543023,1.1030000000000077e-6,1.1030000000000077e-6,1.1030000000000077e-6,1.1299999999999983e-7,1.1299999999999983e-7,1.1299999999999983e-7
2025-06-14T21:17:24Z,40.07445050096954,-75.24013231138744,57.90275143968653,22.559198006960923,-28.476185497750862,-8.120621404473962,-0.7300545691881688,0.24018579173049961,-1.8562951507792946,0.0,0.0,0.0,0.0,0.0,0.0,5.000931150177638e-9,5.001365733943579e-9,0.15307974265529936,0.028598014200576075,0.02206635919355615,0.010477768452501375,4.747613578314358e-6,3.2008901907840276e-6,0.000018177466873427135,1.108000000000008e-6,1.108000000000008e-6,1.108000000000008e-6,1.1799999999999981e-7,1.1799999999999981e-7,1.1799999999999981e-7
2025-06-14T21:17:25Z,40.07445872700315,-75.24014852602356,58.69040842475445,23.343692957946015,-30.398311549013993,-8.84634019091402,-0.6141433361139129,0.40759613888701485,-1.6918583674162186,0.0,0.0,0.0,0.0,0.0,0.0,5.000880111376871e-9,5.001314661150256e-9,0.15376804122064308,0.024291255022189817,0.018664232398681306,0.009846265634332631,4.327859644805285e-6,3.0659856873292847e-6,0.000015238067497646377,1.1130000000000084e-6,1.1130000000000084e-6,1.1130000000000084e-6,1.229999999999998e-7,1.229999999999998e-7,1.229999999999998e-7
2025-06-14T21:17:26Z,40.0746567865826,-75.24055568113621,47.438899930601195,28.624911874773005,-37.248563230496806,-13.532722763491524,-0.18828596394723368,0.6055531212923371,-1.2517384137922714,0.0,0.0,0.0,0.0,0.0,0.0,8.996688499097517e-9,9.001010737145617e-9,0.22036286175922642,0.030331564399312755,0.02190135282401583,0.012125075860963229,4.312879172865929e-6,3.0615986994302628e-6,0.000015237037732953843,1.1170000000000087e-6,1.1170000000000087e-6,1.1170000000000087e-6,1.2699999999999977e-7,1.2699999999999977e-7,1.2699999999999977e-7
2025-06-14T21:17:27Z,40.07450272834503,-75.24022862743138,53.82809981796115,28.549733969637575,-37.39211263714318,-13.53442265727444,-0.3557332679144463,0.23548468291477512,-1.372013121406928,0.0,0.0,0.0,0.0,0.0,0.0,5.000887121619007e-9,5.001321648017424e-9,0.1915704150156296,0.02323758200446291,0.017162826633038933,0.009945091801531346,3.7728002360725934e-6,2.951082080931836e-6,0.000011963803436886765,1.1220000000000091e-6,1.1220000000000091e-6,1.1220000000000091e-6,1.3199999999999975e-7,1.3199999999999975e-7,1.3199999999999975e-7
2025-06-14T21:17:28Z,40.0747508853362,-75.24071650191482,37.94784341358176,34.37026902618425,-44.08171318201816,-18.47143188600827,-0.5126769681551091,-0.15735076029990536,-1.4596215329106657,0.0,0.0,0.0,0.0,0.0,0.0,8.99669890823682e-9,9.00101703090048e-9,0.2658947438930877,0.028701371311615376,0.02022335162917023,0.011869441563955899,3.7535934194996943e-6,2.9489237839761612e-6,0.00001196149487563044,1.1260000000000094e-6,1.1260000000000094e-6,1.1260000000000094e-6,1.3599999999999974e-7,1.3599999999999974e-7,1.3599999999999974e-7
2025-06-14T21:17:29Z,40.075027288780916,-75.24128389636437,18.346725717825308,40.37289610699917,-50.139180351190035,-22.81156469338691,-0.6446008721053266,-0.6315030415343346,-1.704567537275075,0.0,0.0,0.0,0.0,0.0,0.0,1.2985139835959642e-8,1.300016225521201e-8,0.358741898531163,0.03379270662534406,0.024347338657565748,0.013471689701535733,3.7180738311299163e-6,2.9454748765742743e-6,0.000011952073912833433,1.1300000000000097e-6,1.1300000000000097e-6,1.1300000000000097e-6,1.3999999999999972e-7,1.3999999999999972e-7,1.3999999999999972e-7
2025-06-14T21:17:30Z,40.074574661194596,-75.24030916599384,51.32536291218268,35.31560981463312,-45.127566551658084,-17.633880795500687,-0.7143530542624763,-0.27895047470532713,-1.5590497265150298,0.0,0.0,0.0,0.0,0.0,0.0,5.0009478845338e-9,5.0013824662071325e-9,0.23793389890339178,0.017531404437955866,0.013768910309977667,0.008331222211957522,3.005830112454239e-6,2.764139178320741e-6,7.4802735838980554e-6,1.13500000000001e-6,1.13500000000001e-6,1.13500000000001e-6,1.449999999999997e-7,1.449999999999997e-7,1.449999999999997e-7
2025-06-14T21:17:31Z,40.074566744008195,-75.24029239255472,57.91183291998376,34.250783279680334,-44.069851749802936,-17.56668848971884,-0.8294312497499842,-0.17244799607858877,-1.599943833045136,0.0,0.0,0.0,0.0,0.0,0.0,5.0009041683541035e-9,5.001338702897899e-9,0.19237339652487598,0.012479239787658657,0.010017450478254045,0.006464445007308399,2.7273990986251165e-6,2.6907951524189915e-6,5.978815997039224e-6,1.1400000000000105e-6,1.1400000000000105e-6,1.1400000000000105e-6,1.4999999999999968e-7,1.4999999999999968e-7,1.4999999999999968e-7
2025-06-14T21:17:32Z,40.07456296679455,-75.24028246685522,59.55760027452092,33.57731602834296,-43.234421376862024,-17.821564597132575,-0.940745870120166,-0.15611716058520014,-1.661611769995898,0.0,0.0,0.0,0.0,0.0,0.0,5.000885777314992e-9,5.001320284933867e-9,0.16855093378371203,0.009396231267141295,0.0076541479054086725,0.005421992282501489,2.5476288268439016e-6,2.638809855367784e-6,5.0559105993617485e-6,1.1450000000000108e-6,1.1450000000000108e-6,1.1450000000000108e-6,1.5499999999999965e-7,1.5499999999999965e-7,1.5499999999999965e-7
2025-06-14T21:17:33Z,40.07457558753062,-75.24029607812324,53.15916567608427,35.09267907088543,-44.66694328025711,-20.2643355504031,-0.6552665582330337,-0.0987167788032496,-1.7152224064151362,0.0,0.0,0.0,0.0,0.0,0.0,5.000826028748273e-9,5.001260512305161e-9,0.15177980649259304,0.008227045465293046,0.006731677548641198,0.004746568869956527,2.425515874760742e-6,2.6059879973000865e-6,4.560416210773348e-6,1.1500000000000112e-6,1.1500000000000112e-6,1.1500000000000112e-6,1.5999999999999963e-7,1.5999999999999963e-7,1.5999999999999963e-7
2025-06-14T21:17:34Z,40.07458209950819,-75.24030286526387,46.61163689984515,35.45320210507815,-46.35966231968575,-23.58900487722374,-0.5467456311209186,-0.29249152256133915,-1.7487097176978734,0.0,0.0,0.0,0.0,0.0,0.0,5.00078429314856e-9,5.001218787384258e-9,0.13936632318271877,0.0073812790848466585,0.00571210865618795,0.00432800119799878,2.3041805175438983e-6,2.5546002033485626e-6,4.043404401497753e-6,1.1550000000000116e-6,1.1550000000000116e-6,1.1550000000000116e-6,1.649999999999996e-7,1.649999999999996e-7,1.649999999999996e-7
2025-06-14T21:17:35Z,40.074596287219066,-75.24033395632244,34.61169582760779,37.093011856030486,-49.11665176930259,-28.210652685298403,-0.6540507399323648,0.12835050724599278,-1.6400440053413492,0.0,0.0,0.0,0.0,0.0,0.0,5.000767645069598e-9,5.001202129032801e-9,0.13266630652208725,0.006683907304391042,0.005072336829085011,0.003979221661830961,2.186122662080974e-6,2.4881114105944495e-6,3.6134028792862814e-6,1.160000000000012e-6,1.160000000000012e-6,1.160000000000012e-6,1.699999999999996e-7,1.699999999999996e-7,1.699999999999996e-7
2025-06-14T21:17:36Z,40.074623262751224,-75.24038780824584,17.916275807716833,39.87394712696065,-54.20235784487316,-32.5266540708093,-0.8601633808460124,-0.24422542814290185,-1.6191582558729425,0.0,0.0,0.0,0.0,0.0,0.0,5.000748003400757e-9,5.0011824746791146e-9,0.1290761217880353,0.0071408426163437665,0.0049557299842983805,0.003887082680804528,2.098221971134218e-6,2.443800072234465e-6,3.3499319462017242e-6,1.1650000000000124e-6,1.1650000000000124e-6,1.1650000000000124e-6,1.7499999999999957e-7,1.7499999999999957e-7,1.7499999999999957e-7
2025-06-14T21:17:37Z,40.07465328916475,-75.240446818008,-0.28805820774429236,43.20486086210274,-58.74280137461577,-38.37968028404314,-0.9189428883225266,-0.2991222405613265,-1.6943311083206816,0.0,0.0,0.0,0.0,0.0,0.0,5.000759465393869e-9,5.00119392616478e-9,0.12534147881052976,0.007478091814438133,0.0051250812924899984,0.0036196879613664894,1.9997324644647535e-6,2.384214613800187e-6,3.0845422788593866e-6,1.1700000000000127e-6,1.1700000000000127e-6,1.1700000000000127e-6,1.7999999999999955e-7,1.7999999999999955e-7,1.7999999999999955e-7
2025-06-14T21:17:38Z,40.07468367233063,-75.24049759381235,-18.74568753378627,46.13656571905428,-63.46779391941241,-43.07381640287632,-0.9329448356039028,-0.13522659629678488,-1.6925162316435958,0.0,0.0,0.0,0.0,0.0,0.0,5.000713298660502e-9,5.0011477480769204e-9,0.12090701082757788,0.007630977380854434,0.005117929871500626,0.0033880835660677006,1.8844126105876225e-6,2.3011525504835873e-6,2.7864700071000533e-6,1.175000000000013e-6,1.175000000000013e-6,1.175000000000013e-6,1.8499999999999953e-7,1.8499999999999953e-7,1.8499999999999953e-7
2025-06-14T21:17:39Z,40.07471352116316,-75.24055861640551,-38.869300464014394,48.75530457401251,-69.07650343307519,-47.47480923223162,-1.002163884336221,0.010876821891191372,-1.716904380668478,0.0,0.0,0.0,0.0,0.0,0.0,5.00073695212146e-9,5.001171416062324e-9,0.11847379988738885,0.007975585364108995,0.0051256034050510746,0.0032377258571201673,1.7837772855536742e-6,2.2272573205001844e-6,2.5463500637171782e-6,1.1800000000000135e-6,1.1800000000000135e-6,1.1800000000000135e-6,1.899999999999995e-7,1.899999999999995e-7,1.899999999999995e-7
2025-06-14T21:17:40Z,40.075141852621634,-75.2414276131003,-88.04191510905174,54.121819438851794,-77.42113905467718,-55.60884549671984,-0.9975564772822411,0.01838229790340915,-1.7081794068909997,0.0,0.0,0.0,0.0,0.0,0.0,8.996562244873435e-9,9.0008629358974e-9,0.15115755308524179,0.009756703905499974,0.005863489918791065,0.0037124763773589056,1.7842393232216865e-6,2.230809252499739e-6,2.5495405406608077e-6,1.1840000000000138e-6,1.1840000000000138e-6,1.1840000000000138e-6,1.939999999999995e-7,1.939999999999995e-7,1.939999999999995e-7
2025-06-14T21:17:41Z,40.07559250785232,-75.24239950265138,-143.04434524602607,59.51809469273848,-85.65355555670209,-63.47629009705345,-0.9253876680658578,0.11053050176918203,-1.652213060908238,0.0,0.0,0.0,0.0,0.0,0.0,1.2985086928712817e-8,1.2999992777368122e-8,0.1903429747756131,0.011773082548321373,0.006697020897172535,0.004194975256587088,1.782570529617422e-6,2.2342442346715996e-6,2.551904093244522e-6,1.188000000000014e-6,1.188000000000014e-6,1.188000000000014e-6,1.9799999999999947e-7,1.9799999999999947e-7,1.9799999999999947e-7
2025-06-14T21:17:42Z,40.076059261138774,-75.24347468010856,-202.54364513206176,64.4926921415888,-94.06509995137779,-71.14729461230401,-0.8403488149354897,0.15972022677600478,-1.5722536125396434,0.0,0.0,0.0,0.0,0.0,0.0,1.6962867817540364e-8,1.6998261532290967e-8,0.23588153537825504,0.0142015809275422,0.007597644983993016,0.00471705746159332,1.778109583725254e-6,2.2374467660045295e-6,2.5530918323166995e-6,1.1920000000000144e-6,1.1920000000000144e-6,1.1920000000000144e-6,2.0199999999999945e-7,2.0199999999999945e-7,2.0199999999999945e-7
2025-06-14T21:17:43Z,40.07477520442723,-75.24074753335962,-117.91541856485576,55.254130903119105,-85.3939474706969,-61.1600649277519,-1.1402861946916607,0.1426313083188371,-1.758804884821591,0.0,0.0,0.0,0.0,0.0,0.0,5.0006201618364046e-9,5.001054565760716e-9,0.17517435318912883,0.006708216951641587,0.004105305986275584,0.003397014751041722,1.2773642105956095e-6,1.7078974068158724e-6,1.3115009765844786e-6,1.1970000000000148e-6,1.1970000000000148e-6,1.1970000000000148e-6,2.0699999999999943e-7,2.0699999999999943e-7,2.0699999999999943e-7
2025-06-14T21:17:44Z,40.075260506450874,-75.2418081643842,-177.28855504517549,60.41651348884977,-93.84132550964631,-70.13888600956216,-1.0508621856874314,0.23347036329933735,-1.6042792821242264,0.0,0.0,0.0,0.0,0.0,0.0,8.99645371596913e-9,9.000745263054882e-9,0.21390473242851743,0.00805726848705494,0.00455863751893563,0.003825665501343336,1.2767376416256448e-6,1.7115325873642803e-6,1.3147385697181697e-6,1.201000000000015e-6,1.201000000000015e-6,1.201000000000015e-6,2.1099999999999941e-7,2.1099999999999941e-7,2.1099999999999941e-7
2025-06-14T21:17:45Z,40.07576220594318,-75.24297495338999,-241.57215645217406,65.17732228828949,-102.52184920842436,-78.7799956307675,-1.1781045507624777,0.2352846055723776,-1.7431505860791952,0.0,0.0,0.0,0.0,0.0,0.0,1.2985023977195135e-8,1.2999871064927945e-8,0.25765727235249536,0.009494461769006325,0.005146672107989009,0.004191906433275956,1.274186985621831e-6,1.7150236635746615e-6,1.3174733035848416e-6,1.2050000000000154e-6,1.2050000000000154e-6,1.2050000000000154e-6,2.149999999999994e-7,2.149999999999994e-7,2.149999999999994e-7
2025-06-14T21:17:46Z,40.07627511582547,-75.24424823555725,-308.9102142036805,70.01284451758967,-111.02533156309806,-86.82103251213599,-1.2043828122530311,0.21445975245385496,-1.8047106839290796,0.0,0.0,0.0,0.0,0.0,0.0,1.696293866104666e-8,1.699812874602876e-8,0.30548044528011,0.011139494944091353,0.005842852689758922,0.004528422372918617,1.2692706694784375e-6,1.7182553720518069e-6,1.319529376438683e-6,1.2090000000000157e-6,1.2090000000000157e-6,1.2090000000000157e-6,2.1899999999999938e-7,2.1899999999999938e-7,2.1899999999999938e-7
2025-06-14T21:17:47Z,40.07486159809095,-75.24098779739751,-183.72082992349226,64.47648579353115,-105.90901625888331,-75.36328838309693,-1.5917026014097813,-0.07171191190646692,-1.8704298351090747,0.0,0.0,0.0,0.0,0.0,0.0,5.000646519209877e-9,5.001080929385143e-9,0.1978553776632847,0.00696609293830442,0.0040135781456505275,0.0029929252182625886,9.810296821889763e-7,1.422716384630028e-6,8.189099864875453e-7,1.214000000000016e-6,1.214000000000016e-6,1.214000000000016e-6,2.2399999999999936e-7,2.2399999999999936e-7,2.2399999999999936e-7
2025-06-14T21:17:48Z,40.0754264006887,-75.24229213523178,-254.35901098334872,69.0751215899616,-114.71621478801222,-85.20963231489384,-2.200812357971775,-0.4791737784264552,-1.6100213689672502,0.0,0.0,0.0,0.0,0.0,0.0,8.996490490500265e-9,9.000770609242973e-9,0.23413620696047832,0.008218371661541438,0.004443347967113576,0.0033299364216334074,9.811101892440681e-7,1.426347591223968e-6,8.224097923566898e-7,1.2180000000000163e-6,1.2180000000000163e-6,1.2180000000000163e-6,2.2799999999999934e-7,2.2799999999999934e-7,2.2799999999999934e-7
2025-06-14T21:17:49Z,40.0760008607242,-75.24370606611633,-330.19245963806884,73.3887783660599,-123.35142605440161,-95.76515055837308,-2.050512554990001,-0.22319152500204742,-1.870353823961308,0.0,0.0,0.0,0.0,0.0,0.0,1.2985118687334533e-8,1.299989097590056e-8,0.2739962611305528,0.009656660135829675,0.005056930519623711,0.0035953957756047084,9.798178271632145e-7,1.4298254785338115e-6,8.256350798682942e-7,1.2220000000000166e-6,1.2220000000000166e-6,1.2220000000000166e-6,2.3199999999999932e-7,2.3199999999999932e-7,2.3199999999999932e-7
2025-06-14T21:17:50Z,40.07658068010973,-75.24523287947825,-409.43394578226855,77.63226776571933,-132.60036097692603,-104.98925520675316,-1.3341300178859279,0.3134984570473091,-2.0178794325401834,0.0,0.0,0.0,0.0,0.0,0.0,1.6963203559465774e-8,1.699813326963977e-8,0.31642431035805035,0.011555353165274035,0.005699342672887431,0.003942207165339907,9.768935284147056e-7,1.4330647290143131e-6,8.285070713894599e-7,1.226000000000017e-6,1.226000000000017e-6,1.226000000000017e-6,2.359999999999993e-7,2.359999999999993e-7,2.359999999999993e-7
2025-06-14T21:17:51Z,40.077152905290795,-75.24687529621029,-489.9969188470824,80.38028330959796,-141.3830396486316,-114.41185184713571,-0.9905282518611683,0.6607875788785355,-1.9174671283343718,0.0,0.0,0.0,0.0,0.0,0.0,2.092765223805625e-8,2.099517393742725e-8,0.361006788774517,0.013521588349664911,0.006284749751480944,0.004280316569191706,9.722312394618412e-7,1.4360098321757138e-6,8.309875417426302e-7,1.2300000000000172e-6,1.2300000000000172e-6,1.2300000000000172e-6,2.3999999999999934e-7,2.3999999999999934e-7,2.3999999999999934e-7
2025-06-14T21:17:52Z,40.07497232733064,-75.2414051841984,-309.44384470806676,76.18626832454781,-141.7456893841039,-100.78508841392176,-0.9320264184951913,0.7382526303269347,-1.7733827540263913,0.0,0.0,0.0,0.0,0.0,0.0,5.000609430779168e-9,5.0010438150541e-9,0.22112034212536402,0.00976322415511234,0.004772840152413617,0.002810770941132186,7.556437055178754e-7,1.192225386227435e-6,5.542226163361364e-7,1.2350000000000176e-6,1.2350000000000176e-6,1.2350000000000176e-6,2.4499999999999945e-7,2.4499999999999945e-7,2.4499999999999945e-7
2025-06-14T21:17:53Z,40.07498143034345,-75.2414255906626,-272.31919046070635,77.16362076872738,-143.73117441649984,-101.06560777476834,-1.0043472784363257,0.7726500576892907,-1.835182255690431,0.0,0.0,0.0,0.0,0.0,0.0,5.00055857350006e-9,5.000992945743878e-9,0.17253732584467849,0.008347450678186551,0.004204663864067419,0.0023172977719291016,6.647153685727627e-7,1.079186009908638e-6,4.3803621684113485e-7,1.240000000000018e-6,1.240000000000018e-6,1.240000000000018e-6,2.4999999999999957e-7,2.4999999999999957e-7,2.4999999999999957e-7
2025-06-14T21:17:54Z,40.075006339462405,-75.24148415400764,-276.82653144567087,80.1428375756748,-148.08509476317204,-105.423438859075,-1.104025966870112,0.8906699610553048,-1.8468996184366138,0.0,0.0,0.0,0.0,0.0,0.0,5.000524932527305e-9,5.0009592831074026e-9,0.14891147796071283,0.008204190643254403,0.004194159727154393,0.002060077143387609,6.228225293044502e-7,1.0315227457947422e-6,3.9312700874360374e-7,1.2450000000000184e-6,1.2450000000000184e-6,1.2450000000000184e-6,2.549999999999997e-7,2.549999999999997e-7,2.549999999999997e-7
2025-06-14T21:17:55Z,40.075039685901274,-75.24155923805266,-295.6123104393036,84.01827561894929,-154.29791132635944,-110.51878441228037,-0.45942455087441797,1.2677188863557447,-1.2906994495668564,0.0,0.0,0.0,0.0,0.0,0.0,5.0005261984455315e-9,5.000960542069203e-9,0.13379168475877268,0.00858304326293561,0.004427673714239338,0.0018918619310265192,5.978844238750656e-7,1.0077866819935402e-6,3.7303821768190763e-7,1.2500000000000187e-6,1.2500000000000187e-6,1.2500000000000187e-6,2.599999999999998e-7,2.599999999999998e-7,2.599999999999998e-7
2025-06-14T21:17:56Z,40.07507727143468,-75.24164396285914,-323.71464691899143,87.75006195297412,-161.21498018674453,-116.45471213206834,1.3860773124525068,1.1704931799474938,0.40969170703475677,0.0,0.0,0.0,0.0,0.0,0.0,5.000540988131544e-9,5.000975323128132e-9,0.12400257345160366,0.009130678247894474,0.0047512409361266895,0.001775857323822073,5.792122511630297e-7,9.918280849025754e-7,3.610371438879924e-7,1.2550000000000191e-6,1.2550000000000191e-6,1.2550000000000191e-6,2.649999999999999e-7,2.649999999999999e-7,2.649999999999999e-7
2025-06-14T21:17:57Z,40.075123853851544,-75.24172553803908,-355.66699368496194,92.34401743672136,-166.52797899563535,-123.14042362993759,0.8523317176385912,1.2867855346816361,0.26017144321069596,0.0,0.0,0.0,0.0,0.0,0.0,5.000638299013473e-9,5.001072610691277e-9,0.1164249256391555,0.009638315266427592,0.005122983737351819,0.0016548899518849718,5.574555304646965e-7,9.68262081228507e-7,3.4393122285366556e-7,1.2600000000000195e-6,1.2600000000000195e-6,1.2600000000000195e-6,2.7e-7,2.7e-7,2.7e-7
2025-06-14T21:17:58Z,40.07516816814521,-75.24179803736907,-385.1973455886823,96.91530685043786,-172.50265980311957,-128.19691514969665,-1.5826938278659455,0.9515564824974952,-1.811710532577416,0.0,0.0,0.0,0.0,0.0,0.0,5.0007363746036964e-9,5.001170703350971e-9,0.10875024472580977,0.009796557588740649,0.005450358070887425,0.0015384777416235457,5.334283372600484e-7,9.394056403050952e-7,3.248111031572107e-7,1.2650000000000199e-6,1.2650000000000199e-6,1.2650000000000199e-6,2.750000000000001e-7,2.750000000000001e-7,2.750000000000001e-7
2025-06-14T21:17:59Z,40.07603103275311,-75.24387973901536,-509.65081979831194,103.38764323075318,-179.54793190855062,-140.40493628591656,-2.1904541946584573,0.2743134742296948,-1.785353385546568,0.0,0.0,0.0,0.0,0.0,0.0,8.996615613335269e-9,9.000856950233724e-9,0.1278961930657208,0.010923545424981123,0.006089827661076797,0.00170366680676299,5.363832529143223e-7,9.432088770648016e-7,3.2878321947717653e-7,1.2690000000000202e-6,1.2690000000000202e-6,1.2690000000000202e-6,2.790000000000002e-7,2.790000000000002e-7,2.790000000000002e-7
2025-06-14T21:18:00Z,40.076922329262786,-75.24605511937979,-641.6480870402058,109.57956405685165,-186.1662775419361,-153.1558541901766,-2.041847372130115,0.1419869084369691,-1.6838189549480915,0.0,0.0,0.0,0.0,0.0,0.0,1.2985433636141926e-8,1.2999957586658216e-8,0.14970031102769774,0.012269658097614778,0.006911695746047091,0.0018490941594448747,5.39029840450426e-7,9.47023629211696e-7,3.3274178264507425e-7,1.2730000000000205e-6,1.2730000000000205e-6,1.2730000000000205e-6,2.830000000000003e-7,2.830000000000003e-7,2.830000000000003e-7
2025-06-14T21:18:01Z,40.0753100938619,-75.24201022571097,-610.5528181049307,112.385592491491,-189.9719454873332,-152.96227254202444,-1.6906772486566621,0.4102352349833115,-1.8192909317278025,0.0,0.0,0.0,0.0,0.0,0.0,5.000951269047801e-9,5.00138568575562e-9,0.13231088629990545,0.010759073319222701,0.0062107949177798195,0.0016750527369504555,4.791044088955943e-7,8.527995319006222e-7,2.757541592935065e-7,1.2780000000000208e-6,1.2780000000000208e-6,1.2780000000000208e-6,2.880000000000004e-7,2.880000000000004e-7,2.880000000000004e-7
2025-06-14T21:18:02Z,40.075346968663645,-75.24202781189288,-609.402850130783,115.96175781244128,-192.44420065720533,-155.25725449631787,-1.4667258757318034,1.0287655081239593,-1.9958135773459933,0.0,0.0,0.0,0.0,0.0,0.0,5.00095788792988e-9,5.001392343402138e-9,0.12115742980051358,0.009223206329649188,0.005456055816751363,0.001593519857281779,4.316417763811238e-7,7.715471433439612e-7,2.3148229743528846e-7,1.2830000000000212e-6,1.2830000000000212e-6,1.2830000000000212e-6,2.930000000000005e-7,2.930000000000005e-7,2.930000000000005e-7
2025-06-14T21:18:03Z,40.07538660903209,-75.2420197122801,-627.1793543398039,121.09924795207976,-191.52216483382347,-158.801006208927,1.0276840458958096,1.3930031579058917,-0.013979471034074794,0.0,0.0,0.0,0.0,0.0,0.0,5.000878396129371e-9,5.001312838749493e-9,0.11383764790938344,0.007687369710174926,0.004770012903731197,0.0015431684151672232,3.924395587198482e-7,6.99888378446596e-7,1.9517848350299485e-7,1.2880000000000216e-6,1.2880000000000216e-6,1.2880000000000216e-6,2.9800000000000063e-7,2.9800000000000063e-7,2.9800000000000063e-7
2025-06-14T21:18:04Z,40.07543966309395,-75.2420351355792,-654.7439380565132,126.7037620865252,-190.08527422122089,-163.24256110504257,-1.5161434499009536,1.3396068408203516,-2.1290170421821704,0.0,0.0,0.0,0.0,0.0,0.0,5.00091037063933e-9,5.001344700821568e-9,0.10877054541596734,0.006615081579109057,0.004292360910817053,0.0015432227749575221,3.6587141258995513e-7,6.497534050982608e-7,1.7319018379744346e-7,1.293000000000022e-6,1.293000000000022e-6,1.293000000000022e-6,3.0300000000000074e-7,3.0300000000000074e-7,3.0300000000000074e-7
2025-06-14T21:18:05Z,40.07549582561933,-75.24206139416928,-686.0070494366063,132.45848635935442,-191.86127161873898,-167.06599963987352,-1.4175518608410282,0.7769545431257134,-1.8272639172386878,0.0,0.0,0.0,0.0,0.0,0.0,5.000921864395184e-9,5.001356141899198e-9,0.10541036987890591,0.0061381833108581675,0.004132925888036678,0.001565876734536459,3.505371223470214e-7,6.19618309793047e-7,1.6219316742614916e-7,1.2980000000000223e-6,1.2980000000000223e-6,1.2980000000000223e-6,3.0800000000000085e-7,3.0800000000000085e-7,3.0800000000000085e-7
2025-06-14T21:18:06Z,40.0766907343748,-75.24435446245046,-843.9090067658177,139.38872676696747,-196.15312040747673,-180.8388291650828,-1.4500890185859432,0.5467476976258694,-1.8074843029104743,0.0,0.0,0.0,0.0,0.0,0.0,8.996811968298039e-9,9.001038264584962e-9,0.12414936351317986,0.006692947375691104,0.004595687469503338,0.001768341964338917,3.5424895802170084e-7,6.234426283949462e-7,1.662008307221063e-7,1.3020000000000226e-6,1.3020000000000226e-6,1.3020000000000226e-6,3.1200000000000094e-7,3.1200000000000094e-7,3.1200000000000094e-7
2025-06-14T21:18:07Z,40.075633142138706,-75.24214824384296,-839.7304793709334,148.08486090965843,-197.53429751507474,-180.10625343562745,-1.1239932374696995,0.9470687204322631,-1.4810233858419797,0.0,0.0,0.0,0.0,0.0,0.0,5.0009597134832905e-9,5.001393975887775e-9,0.11816137083348606,0.006291190979753555,0.00443835861323765,0.0017645222160447185,3.4108660095566725e-7,5.941321013014779e-7,1.5898024912633217e-7,1.307000000000023e-6,1.307000000000023e-6,1.307000000000023e-6,3.1700000000000105e-7,3.1700000000000105e-7,3.1700000000000105e-7
2025-06-14T21:18:08Z,40.07572641670655,-75.24218989406674,-839.8641382336464,158.03397759411453,-199.77975589637504,-180.4544680115132,-2.0385963237946525,1.515538540611108,-2.6586484222815066,0.0,0.0,0.0,0.0,0.0,0.0,5.000942762287075e-9,5.001376959176176e-9,0.11378721857406661,0.00610511720055313,0.004507661010265384,0.0018542733273486094,3.342941623794288e-7,5.750631921004813e-7,1.5652336262582338e-7,1.3120000000000234e-6,1.3120000000000234e-6,1.3120000000000234e-6,3.2200000000000116e-7,3.2200000000000116e-7,3.2200000000000116e-7
2025-06-14T21:18:09Z,40.075828360671004,-75.24224227037263,-846.7396531361762,167.6426440771445,-204.0231841305314,-181.15759764536003,-2.630470543045393,1.4080469082810534,2.892445388884411,0.0,0.0,0.0,0.0,0.0,0.0,5.000927011553851e-9,5.0013611531697194e-9,0.11137669265029564,0.0062258920570476516,0.004693740581002505,0.0019012783123522191,3.3148772720862784e-7,5.617724295682303e-7,1.567676404340796e-7,1.3170000000000238e-6,1.3170000000000238e-6,1.3170000000000238e-6,3.270000000000013e-7,3.270000000000013e-7,3.270000000000013e-7
2025-06-14T21:18:10Z,40.07592781732494,-75.24229290385149,-857.889969228772,177.99382905625723,-207.4649876792712,-182.1145418207206,-2.4510836124532225,1.2365395496420697,-2.9054706819544336,0.0,0.0,0.0,0.0,0.0,0.0,5.000929844034257e-9,5.001363933961117e-9,0.10984741867679973,0.006315869388149895,0.004811412703283105,0.001905337421647669,3.2795804147910785e-7,5.445885934611768e-7,1.5659694146468795e-7,1.3220000000000241e-6,1.3220000000000241e-6,1.3220000000000241e-6,3.320000000000014e-7,3.320000000000014e-7,3.320000000000014e-7
2025-06-14T21:18:11Z,40.07601975808938,-75.2423227453276,-877.3423742166736,187.57215780301408,-208.44256383031004,-184.74020193875495,-2.136309157497359,1.1909380281632964,-2.5769114734692127,0.0,0.0,0.0,0.0,0.0,0.0,5.000951870787194e-9,5.001385918406412e-9,0.10924934107142917,0.006266084159674996,0.004868047817765016,0.0019048666868678725,3.224470260947488e-7,5.217158126840776e-7,1.5545798891873042e-7,1.3270000000000245e-6,1.3270000000000245e-6,1.3270000000000245e-6,3.370000000000015e-7,3.370000000000015e-7,3.370000000000015e-7
2025-06-14T21:18:12Z,40.076092223578186,-75.24233394331375,-906.0595411069629,195.62372043655486,-208.35442669853424,-188.42653430049103,-2.5307486813618105,1.1876845856371137,-2.982770696551492,0.0,0.0,0.0,0.0,0.0,0.0,5.0010026764055875e-9,5.001436679735734e-9,0.10890767840662222,0.005945777877028822,0.004721774957698192,0.001888885332568369,3.1325301379160216e-7,4.90875425763977e-7,1.5319255751602313e-7,1.332000000000025e-6,1.332000000000025e-6,1.332000000000025e-6,3.420000000000016e-7,3.420000000000016e-7,3.420000000000016e-7
2025-06-14T21:18:13Z,40.07615719501749,-75.2423541403954,-933.1312725152266,202.73461227710476,-208.67935824231134,-192.17204104613677,-2.902966725375383,1.0476555583019533,2.8327766792729365,0.0,0.0,0.0,0.0,0.0,0.0,5.001062674380461e-9,5.001496607448654e-9,0.1080205225339019,0.005604901616214457,0.0045377092917635725,0.0018363038022182654,3.041537012479466e-7,4.596389075639693e-7,1.516619989342454e-7,1.3370000000000253e-6,1.3370000000000253e-6,1.3370000000000253e-6,3.470000000000017e-7,3.470000000000017e-7,3.470000000000017e-7
2025-06-14T21:18:14Z,40.07620936316441,-75.24239294058903,-961.7688736739965,208.52980603639645,-208.436100963185,-196.52769584961618,-2.6848044404619578,0.904868806997481,3.0856748987447036,0.0,0.0,0.0,0.0,0.0,0.0,5.001000671586327e-9,5.001434393966866e-9,0.1069332457416122,0.005317140886698123,0.00436317533058693,0.0017269775785520413,2.9577053474609795e-7,4.2983307646033903e-7,1.5104535363102506e-7,1.3420000000000256e-6,1.3420000000000256e-6,1.3420000000000256e-6,3.5200000000000183e-7,3.5200000000000183e-7,3.5200000000000183e-7
2025-06-14T21:18:15Z,40.07625397365891,-75.24241575291933,-996.5503450600784,213.6412614530616,-209.04351595334046,-201.56348120312208,-2.569468819952183,0.8475234359855098,3.1246051021032613,0.0,0.0,0.0,0.0,0.0,0.0,5.000949128803993e-9,5.001382735323902e-9,0.10599410795373554,0.005097193756386836,0.004214177854920033,0.0015869723347791236,2.881291397859142e-7,4.0219953539413597e-7,1.5156419114508475e-7,1.347000000000026e-6,1.347000000000026e-6,1.347000000000026e-6,3.5700000000000194e-7,3.5700000000000194e-7,3.5700000000000194e-7
2025-06-14T21:18:16Z,40.076323299048994,-75.24245972270867,-1025.4096875211185,221.598207055157,-211.28195348487307,-205.70268311907745,-2.658470597113944,0.6729747092104313,-3.1280251916139914,0.0,0.0,0.0,0.0,0.0,0.0,5.000895016146077e-9,5.001328526324289e-9,0.1052888589020857,0.005132549211008923,0.004255039009472086,0.0014502768681114793,2.8476980666763053e-7,3.826754255010873e-7,1.5408018847921353e-7,1.3520000000000264e-6,1.3520000000000264e-6,1.3520000000000264e-6,3.6200000000000205e-7,3.6200000000000205e-7,3.6200000000000205e-7
2025-06-14T21:18:17Z,40.0763560822721,-75.24247467801597,-1061.6814061192304,224.84408684476875,-211.1929621570533,-211.16575660133435,-2.6364569362902377,0.5611462758388233,-3.0987182799479775,0.0,0.0,0.0,0.0,0.0,0.0,5.000868822334369e-9,5.001302266747486e-9,0.10298582132589608,0.004892667048824793,0.004089459768669929,0.0012717121155074896,2.7702428851030566e-7,3.570014219841829e-7,1.5592759034891986e-7,1.3570000000000268e-6,1.3570000000000268e-6,1.3570000000000268e-6,3.6700000000000216e-7,3.6700000000000216e-7,3.6700000000000216e-7
2025-06-14T21:18:18Z,40.07638881665467,-75.24249750508186,-1100.5678092112328,228.85790642572724,-212.0048972997236,-217.3008529899562,-2.7601636608746634,0.41266708306442945,-2.941508624744013,0.0,0.0,0.0,0.0,0.0,0.0,5.000784116619419e-9,5.001217461461022e-9,0.10061409374972051,0.004771267422272619,0.004013734743074836,0.0011158914193205086,2.710103798626518e-7,3.359696834749459e-7,1.5874162901519673e-7,1.3620000000000272e-6,1.3620000000000272e-6,1.3620000000000272e-6,3.7200000000000227e-7,3.7200000000000227e-7,3.7200000000000227e-7
2025-06-14T21:18:19Z,40.07643348523352,-75.24253537075654,-1141.761743585936,233.9458296733059,-214.36063135724706,-222.88780639258513,-2.648571312697172,0.349467342085618,-3.105338604203492,0.0,0.0,0.0,0.0,0.0,0.0,5.000892636002343e-9,5.001325969339735e-9,0.09838770455268486,0.004739074988227808,0.004027354100443796,0.0009937848024116915,2.668168098976768e-7,3.1952088249510295e-7,1.6227952255509548e-7,1.3670000000000275e-6,1.3670000000000275e-6,1.3670000000000275e-6,3.770000000000024e-7,3.770000000000024e-7,3.770000000000024e-7
2025-06-14T21:18:20Z,40.076491908930144,-75.24259144016723,-1180.485564693241,239.90631641163475,-218.25066380332498,-228.13417612220027,-2.706265924984989,0.22341704748826502,2.997666885315015,0.0,0.0,0.0,0.0,0.0,0.0,5.001014618516662e-9,5.001447954829643e-9,0.09619696577317513,0.004822833078775117,0.004124463362562662,0.0008884053300032876,2.647440051938685e-7,3.0759791905972244e-7,1.6636905399103747e-7,1.372000000000028e-6,1.372000000000028e-6,1.372000000000028e-6,3.820000000000025e-7,3.820000000000025e-7,3.820000000000025e-7
2025-06-14T21:18:21Z,40.07651066690292,-75.24263122948864,-1237.373462063046,241.42995859656153,-220.75092121931945,-235.44570868627505,-2.6879319022722004,0.15473195310162852,3.0129409294097287,0.0,0.0,0.0,0.0,0.0,0.0,5.0011298964254974e-9,5.001563241810901e-9,0.09388736583504681,0.004754792360484286,0.004107393418913758,0.000790861850211405,2.593564454465296e-7,2.9325346528366507e-7,1.7037637464336416e-7,1.3770000000000283e-6,1.3770000000000283e-6,1.3770000000000283e-6,3.870000000000026e-7,3.870000000000026e-7,3.870000000000026e-7
2025-06-14T21:18:22Z,40.07664282518917,-75.24271026970735,-1264.9590875434233,252.18922710852183,-228.40327087274753,-238.80272146676785,-2.710442009555946,-0.008017720380795623,3.012282053703249,0.0,0.0,0.0,0.0,0.0,0.0,5.001667716178024e-9,5.0021013147377785e-9,0.09182905205139735,0.005152064992254343,0.004477406816703403,0.0007347925266840941,2.640105011666287e-7,2.9243906250304114e-7,1.7524031105596015e-7,1.3820000000000287e-6,1.3820000000000287e-6,1.3820000000000287e-6,3.920000000000027e-7,3.920000000000027e-7,3.920000000000027e-7
2025-06-14T21:18:23Z,40.07890500297888,-75.24543818080411,-1487.509849430132,250.69949035857937,-233.0527123175076,-255.66701312348965,-2.7172297939508456,-0.06635370363179302,3.0251543107153926,0.0,0.0,0.0,0.0,0.0,0.0,8.997584776597218e-9,9.001769364932093e-9,0.1038003170896743,0.005666839761745146,0.004913013784164289,0.000774849443110072,2.6800842088142456e-7,2.959149383537395e-7,1.792147060133161e-7,1.386000000000029e-6,1.386000000000029e-6,1.386000000000029e-6,3.960000000000028e-7,3.960000000000028e-7,3.960000000000028e-7
2025-06-14T21:18:24Z,40.08115198352915,-75.24824226548925,-1718.932222816077,249.38438985677251,-237.59347074171345,-272.1217601270373,-2.8780508319745426,-0.0646267858004745,-3.0700849548954308,0.0,0.0,0.0,0.0,0.0,0.0,1.2986585099986701e-8,1.3000769134921889e-8,0.11632734250777246,0.006195645757834149,0.005375507192976069,0.0008359464232807666,2.7197760075740067e-7,2.9936041660520263e-7,1.8319068212853243e-7,1.3900000000000293e-6,1.3900000000000293e-6,1.3900000000000293e-6,4.000000000000029e-7,4.000000000000029e-7,4.000000000000029e-7
2025-06-14T21:18:25Z,40.083385800183876,-75.25113903618187,-1957.3856363439857,248.9119579451063,-242.7661988069198,-288.14920886794727,-2.7375480414501707,0.005897761225303026,-2.763250412112054,0.0,0.0,0.0,0.0,0.0,0.0,1.69657138152464e-8,1.6998652206735554e-8,0.12932851833630168,0.0067663471917194466,0.00590979745849857,0.0008951724045932971,2.75891817789041e-7,3.028133590834736e-7,1.8716908907358557e-7,1.3940000000000296e-6,1.3940000000000296e-6,1.3940000000000296e-6,4.04000000000003e-7,4.04000000000003e-7,4.04000000000003e-7
2025-06-14T21:18:26Z,40.0855907541001,-75.2541507479171,-2200.842359074939,248.57048343347986,-248.23403013568063,-303.50201056800034,-2.8462610531962516,0.061218923713118344,-2.2997386253531302,0.0,0.0,0.0,0.0,0.0,0.0,2.093199555541132e-8,2.0995920839373664e-8,0.14275685292406415,0.007363385002642613,0.006481473175616792,0.0009841308791613045,2.797118366572356e-7,3.063158314607587e-7,1.9115024256677115e-7,1.3980000000000299e-6,1.3980000000000299e-6,1.3980000000000299e-6,4.0800000000000307e-7,4.0800000000000307e-7,4.0800000000000307e-7
2025-06-14T21:18:27Z,40.08774803622831,-75.25731944663953,-2446.9773027701945,248.42896434152036,-255.73802332321986,-317.91751319290785,-3.137420113775891,0.1325712240928883,-1.843307849501083,0.0,0.0,0.0,0.0,0.0,0.0,2.488201108487482e-8,2.499180552528546e-8,0.15669663938950815,0.008004342851080651,0.007088443207551494,0.001134818973904116,2.8339007310659904e-7,3.0990005870990164e-7,1.9513355723913727e-7,1.4020000000000302e-6,1.4020000000000302e-6,1.4020000000000302e-6,4.1200000000000316e-7,4.1200000000000316e-7,4.1200000000000316e-7
2025-06-14T21:18:28Z,40.089840354856435,-75.26068638003342,-2693.5119783189784,248.39428735163685,-263.219238852973,-331.92701046055527,3.087366739602896,0.2827992855368172,-1.5399867854328784,0.0,0.0,0.0,0.0,0.0,0.0,2.8812791851693624e-8,2.8986014783565126e-8,0.17149512474388104,0.008687573309356643,0.00776036319783714,0.0012857930314499272,2.8686618079786495e-7,3.135900261227354e-7,1.9911751811793872e-7,1.4060000000000305e-6,1.4060000000000305e-6,1.4060000000000305e-6,4.1600000000000325e-7,4.1600000000000325e-7,4.1600000000000325e-7
2025-06-14T21:18:29Z,40.091861371127806,-75.26430641660544,-2937.6296946111624,249.0811716376035,-274.42327390716343,-344.2482498880885,-2.6890098133369693,-0.31105738079209866,-1.6571691730896212,0.0,0.0,0.0,0.0,0.0,0.0,3.2721506250471886e-8,3.29782575345488e-8,0.18721310810737835,0.009305566471959162,0.008388235984529504,0.001473831615954936,2.9005917516631303e-7,3.1739756015639475e-7,2.0309956456498682e-7,1.4100000000000308e-6,1.4100000000000308e-6,1.4100000000000308e-6,4.2000000000000334e-7,4.2000000000000334e-7,4.2000000000000334e-7
2025-06-14T21:18:30Z,40.0768352237774,-75.24400671801811,-2402.275444277685,268.9423614853504,-339.94574481141194,-308.4568023336143,-2.9017381714866253,-0.4614716755912427,-2.2273954321742555,0.0,0.0,0.0,0.0,0.0,0.0,5.003752524536309e-9,5.004187122729971e-9,0.15254507731542855,0.009731810299233234,0.008587646052304177,0.0016383315951151263,2.847972812520814e-7,3.204843150944023e-7,2.079838733406151e-7,1.4150000000000311e-6,1.4150000000000311e-6,1.4150000000000311e-6,4.2500000000000345e-7,4.2500000000000345e-7,4.2500000000000345e-7
2025-06-14T21:18:31Z,40.07925092516418,-75.24819237300963,-2640.0756843874387,264.65552897608256,-353.917458446193,-317.4928290456485,2.5966300756266874,-0.11222821262371183,-1.5414700573243225,0.0,0.0,0.0,0.0,0.0,0.0,8.9997253671465e-9,9.003853191735323e-9,0.16891604531637175,0.010170489409945435,0.008988638099751993,0.002123447898790357,2.877926804766258e-7,3.2450213298833274e-7,2.1195379155421464e-7,1.4190000000000314e-6,1.4190000000000314e-6,1.4190000000000314e-6,4.2900000000000354e-7,4.2900000000000354e-7,4.2900000000000354e-7
2025-06-14T21:18:32Z,40.081558996710434,-75.25268371933255,-2869.2408638891234,257.51790726676376,-367.2213848969754,-323.3314085173896,2.1024279595681077,-0.05732463351651417,-0.9526437812693357,0.0,0.0,0.0,0.0,0.0,0.0,1.298906222571572e-8,1.300284236327241e-8,0.18864357377197816,0.010590658560038598,0.009469970377289043,0.0024846241825096757,2.9027662168384723e-7,3.285106729421358e-7,2.1590759689110322e-7,1.4230000000000317e-6,1.4230000000000317e-6,1.4230000000000317e-6,4.330000000000036e-7,4.330000000000036e-7,4.330000000000036e-7
2025-06-14T21:18:33Z,40.083740647461404,-75.2575282626274,-3084.4944961332167,246.16676342625124,-380.99988003031996,-327.8877643026952,1.202161441821781,-0.09005409887202599,-0.6987791005006496,0.0,0.0,0.0,0.0,0.0,0.0,1.696866364914366e-8,1.7001203764037204e-8,0.2114462313547035,0.011097065472780797,0.010113513970040537,0.0027821299538191846,2.920574442760574e-7,3.324024398922551e-7,2.1983487141826026e-7,1.427000000000032e-6,1.427000000000032e-6,1.427000000000032e-6,4.370000000000037e-7,4.370000000000037e-7,4.370000000000037e-7
2025-06-14T21:18:34Z,40.08566128923297,-75.26282349713384,-3282.0299069027733,232.0698140216103,-395.3715199797962,-331.9252663672783,1.731565814376318,0.03246050202902595,-1.495232643256518,0.0,0.0,0.0,0.0,0.0,0.0,2.0935286986118424e-8,2.0998471834182192e-8,0.2369921764306795,0.011113979772654402,0.010177476617391908,0.0033918388286797896,2.929771964893467e-7,3.360280148776516e-7,2.2372450584405852e-7,1.4310000000000323e-6,1.4310000000000323e-6,1.4310000000000323e-6,4.410000000000038e-7,4.410000000000038e-7,4.410000000000038e-7
2025-06-14T21:18:35Z,40.07615818542227,-75.24614726007198,-2478.7193997099985,196.00583097379513,-522.4745953182074,-249.70062761129168,1.2908653262869547,-0.19953217981969287,-0.7253473857238529,0.0,0.0,0.0,0.0,0.0,0.0,5.003342907219807e-9,5.003777331513514e-9,0.19174782036486207,0.010614841735127509,0.008822851074478489,0.003355733096201337,2.685652112220077e-7,3.338082272643686e-7,2.2757611289561215e-7,1.4360000000000327e-6,1.4360000000000327e-6,1.4360000000000327e-6,4.460000000000039e-7,4.460000000000039e-7,4.460000000000039e-7
2025-06-14T21:18:36Z,40.07780855418104,-75.25261343568127,-2631.425452990754,186.96507975904234,-543.7976807321943,-251.41574195949127,1.0892247714134826,-0.4396976102675025,-0.41773829185225364,0.0,0.0,0.0,0.0,0.0,0.0,8.999409851972195e-9,9.003452565296678e-9,0.2212113177664954,0.010915438100394647,0.00900504059313947,0.0041718707823272735,2.696929371156572e-7,3.368927341657273e-7,2.314406955068885e-7,1.440000000000033e-6,1.440000000000033e-6,1.440000000000033e-6,4.50000000000004e-7,4.50000000000004e-7,4.50000000000004e-7
2025-06-14T21:18:37Z,40.07925506883916,-75.25954903373295,-2761.3203541708112,177.11072844848738,-566.2782335252336,-247.3985768799868,1.039227476939753,-0.6153291772123769,-0.1624632339344007,0.0,0.0,0.0,0.0,0.0,0.0,1.2988979996826275e-8,1.3002632556392609e-8,0.25782850472631735,0.010877908788630599,0.008802274149099542,0.004880258627495129,2.6981329001628577e-7,3.392241512841026e-7,2.3524497588520298e-7,1.4440000000000333e-6,1.4440000000000333e-6,1.4440000000000333e-6,4.540000000000041e-7,4.540000000000041e-7,4.540000000000041e-7
2025-06-14T21:18:38Z,40.08044186805007,-75.26703229933841,-2859.1608460637685,164.99300946053248,-590.5678490631667,-239.102573303261,1.4008919894555631,-1.3948206795791687,-0.3349604886726346,0.0,0.0,0.0,0.0,0.0,0.0,1.6968799177928502e-8,1.7001016902522254e-8,0.30128994086118754,0.010662551756307499,0.008314070383451652,0.005387476341122042,2.687019425277329e-7,3.40508003218645e-7,2.38972184813397e-7,1.4480000000000336e-6,1.4480000000000336e-6,1.4480000000000336e-6,4.580000000000042e-7,4.580000000000042e-7,4.580000000000042e-7
2025-06-14T21:18:39Z,40.08131320064475,-75.2751251522688,-2917.0204963122346,151.9272579320356,-615.4727887228968,-225.75501475316256,1.2854705779312596,-0.7415468850457406,-0.7798694457970358,0.0,0.0,0.0,0.0,0.0,0.0,2.0935914490809733e-8,2.0998338839284878e-8,0.3501521200186109,0.010464075552344852,0.007862031966605967,0.005912897460807107,2.661989412408857e-7,3.404850433866309e-7,2.4260929097753716e-7,1.452000000000034e-6,1.452000000000034e-6,1.452000000000034e-6,4.6200000000000427e-7,4.6200000000000427e-7,4.6200000000000427e-7
2025-06-14T21:18:40Z,40.07518982626798,-75.24870275585988,-1821.7030294097183,90.12444642603249,-741.4383848028203,-100.640690285607,0.31658112414997164,0.2735566525200859,-1.1765122328267332,0.0,0.0,0.0,0.0,0.0,0.0,5.00362805097287e-9,5.004062551149438e-9,0.2577605029713017,0.009852975726886043,0.006037437035901925,0.004574501540903072,2.2174295747502368e-7,3.109785711760278e-7,2.44561071993233e-7,1.4570000000000343e-6,1.4570000000000343e-6,1.4570000000000343e-6,4.670000000000044e-7,4.670000000000044e-7,4.670000000000044e-7
2025-06-14T21:18:41Z,40.075879305215445,-75.25766604039674,-1821.6189443636958,85.2273493817335,-757.2481355868415,-93.23760556259558,-0.24286602538374316,-0.02789703463107312,-1.9989724688672632,0.0,0.0,0.0,0.0,0.0,0.0,8.999800429771991e-9,9.003749395533516e-9,0.30210367565742147,0.009878352783934447,0.005620329447972908,0.004756935097521619,2.2163302545058936e-7,3.1177634928494754e-7,2.483057763778449e-7,1.4610000000000346e-6,1.4610000000000346e-6,1.4610000000000346e-6,4.7100000000000447e-7,4.7100000000000447e-7,4.7100000000000447e-7
2025-06-14T21:18:42Z,40.07644405133027,-75.2669479604303,-1798.699573999718,80.60278715338406,-774.1239296699949,-86.24167061099416,-0.5134644954378693,-0.04627061112673455,-2.0000269635385473,0.0,0.0,0.0,0.0,0.0,0.0,1.2989447807002309e-8,1.3002937912087265e-8,0.349421230675849,0.00998003872720052,0.005287533626198473,0.00501416032555464,2.205047363321014e-7,3.1145017871548625e-7,2.519815180653361e-7,1.4650000000000349e-6,1.4650000000000349e-6,1.4650000000000349e-6,4.7500000000000456e-7,4.7500000000000456e-7,4.7500000000000456e-7
2025-06-14T21:18:43Z,40.076883903535055,-75.27655241182924,-1751.5555079457217,76.57948224279302,-790.2248321271304,-74.33455338799372,-0.6880358564730625,0.6351167880187576,-2.759602715075824,0.0,0.0,0.0,0.0,0.0,0.0,1.6969485378965886e-8,1.7001346738550707e-8,0.3987911213319459,0.009639381927161905,0.004750664541900117,0.004628240525444414,2.1836511502472307e-7,3.1003351561578996e-7,2.555910187593217e-7,1.4690000000000352e-6,1.4690000000000352e-6,1.4690000000000352e-6,4.790000000000045e-7,4.790000000000045e-7,4.790000000000045e-7
2025-06-14T21:18:44Z,40.07720451984584,-75.2864484006946,-1680.657204119901,75.75959426813223,-803.0893847122234,-63.645998088661955,-0.6848340641113015,0.5704634120745058,-2.4854848044595053,0.0,0.0,0.0,0.0,0.0,0.0,2.0937055083562846e-8,2.0998719016097548e-8,0.4440705300610016,0.009606523614583414,0.004333819457847147,0.004469774991297707,2.1527260529288464e-7,3.0761186666220695e-7,2.591400667110459e-7,1.4730000000000355e-6,1.4730000000000355e-6,1.4730000000000355e-6,4.830000000000044e-7,4.830000000000044e-7,4.830000000000044e-7
2025-06-14T21:18:45Z,40.07485490961913,-75.25001802384062,-885.8952838523161,54.84444459466434,-853.5783691678572,3.2077433625761183,-0.9522429871506808,1.1801191603917875,-2.396941533433141,0.0,0.0,0.0,0.0,0.0,0.0,5.0035546571507704e-9,5.003989062293065e-9,0.28742391987091354,0.009620056387857878,0.003503442693519688,0.0028980700932036726,1.7650277727546897e-7,2.724880788552807e-7,2.609672734050499e-7,1.4780000000000359e-6,1.4780000000000359e-6,1.4780000000000359e-6,4.880000000000043e-7,4.880000000000043e-7,4.880000000000043e-7
2025-06-14T21:18:46Z,40.07531382992068,-75.26014579639829,-828.473247627513,57.188101391286104,-862.3448601497836,4.750986977980583,-0.7509115801897546,1.3394528843959177,-2.1005727879732823,0.0,0.0,0.0,0.0,0.0,0.0,8.99977686909429e-9,9.003697848887921e-9,0.3214038770724531,0.009864999648899295,0.003321923413923739,0.0029018855338693466,1.7735144355007048e-7,2.7363974175745743e-7,2.6476417011262117e-7,1.4820000000000362e-6,1.4820000000000362e-6,1.4820000000000362e-6,4.920000000000041e-7,4.920000000000041e-7,4.920000000000041e-7
2025-06-14T21:18:47Z,40.07575952742932,-75.27041545832493,-768.8651352714032,61.13922092219453,-871.7790262339051,3.144805083817494,1.3964712251165836,1.0393550914829497,0.49260523596832073,0.0,0.0,0.0,0.0,0.0,0.0,1.2989460731164383e-8,1.3002888403779939e-8,0.3546827536395851,0.010317861411334535,0.003193018219256202,0.002942321810453965,1.776877574073939e-7,2.744496605988174e-7,2.6853546239940584e-7,1.4860000000000365e-6,1.4860000000000365e-6,1.4860000000000365e-6,4.96000000000004e-7,4.96000000000004e-7,4.96000000000004e-7
2025-06-14T21:18:48Z,40.07622814401355,-75.2808123612024,-708.7673619100015,65.17079860214493,-880.2965539715988,3.349978810244939,3.0443938685201113,1.413861623678711,1.7028698759828134,0.0,0.0,0.0,0.0,0.0,0.0,1.6969596151992528e-8,1.7001302183479673e-8,0.3867840100688693,0.01061167647205721,0.003073450772558282,0.0029144817058090115,1.7754102838453624e-7,2.7503709838098024e-7,2.7228640717848567e-7,1.4900000000000368e-6,1.4900000000000368e-6,1.4900000000000368e-6,5.000000000000039e-7,5.000000000000039e-7,5.000000000000039e-7
2025-06-14T21:18:49Z,40.0766586219145,-75.29133536086829,-647.2954407368322,66.67489022436574,-888.173521317943,5.5662803953963484,-0.36807355069145165,1.0893613892213199,-2.049852987328847,0.0,0.0,0.0,0.0,0.0,0.0,2.0937360259544418e-8,2.0998681770420937e-8,0.41655713432696395,0.01113818281546837,0.003000950857803146,0.002976611532751765,1.769438770688254e-7,2.755363233035606e-7,2.760230709804039e-7,1.494000000000037e-6,1.494000000000037e-6,1.494000000000037e-6,5.040000000000038e-7,5.040000000000038e-7,5.040000000000038e-7
2025-06-14T21:18:50Z,40.075028893254405,-75.25050300148881,-304.7335758097509,65.60820331917878,-904.9990535171264,20.628197670329882,-1.0147573946856179,0.7894866030593986,-2.1109399264480087,0.0,0.0,0.0,0.0,0.0,0.0,5.008539115843691e-9,5.008976048822014e-9,0.2634761511002683,0.011844690413665895,0.0028484223893505338,0.0022047800324968806,1.5256420067396556e-7,2.600829190098306e-7,2.787278877775894e-7,1.4990000000000374e-6,1.4990000000000374e-6,1.4990000000000374e-6,5.090000000000036e-7,5.090000000000036e-7,5.090000000000036e-7
2025-06-14T21:18:51Z,40.075604563339816,-75.2611897790133,-267.4308695276926,71.25385861298163,-912.2946249863242,16.49442199364686,1.57491468098906,1.5051296007969213,0.4587079612491084,0.0,0.0,0.0,0.0,0.0,0.0,9.004757834304327e-9,9.008684033965391e-9,0.2899212389018705,0.012244209532773036,0.0028311708592041623,0.002243340848414898,1.5451923725988495e-7,2.629073536503924e-7,2.826216083906547e-7,1.5030000000000377e-6,1.5030000000000377e-6,1.5030000000000377e-6,5.130000000000035e-7,5.130000000000035e-7,5.130000000000035e-7
2025-06-14T21:18:52Z,40.07622545984154,-75.27196353527363,-235.38586007122476,78.70956412343735,-918.6113808358767,10.860994425197566,1.5699833033061241,1.5103158257961717,0.4624050199599641,0.0,0.0,0.0,0.0,0.0,0.0,1.299444733284927e-8,1.3007872477500792e-8,0.31565629477269364,0.012787597564165127,0.0028456304728566332,0.0023472204767696543,1.5608368153123547e-7,2.6575178651422505e-7,2.865073168798857e-7,1.507000000000038e-6,1.507000000000038e-6,1.507000000000038e-6,5.170000000000034e-7,5.170000000000034e-7,5.170000000000034e-7
2025-06-14T21:18:53Z,40.07690679252844,-75.28281432483217,-209.47461885104417,86.25402258997877,-924.7887565748258,5.144636487069812,1.5582724682825522,1.5146898903799195,0.4590453008835092,0.0,0.0,0.0,0.0,0.0,0.0,1.697461408322651e-8,1.700628109395045e-8,0.34069574027585137,0.013352816794462116,0.0028981832721858675,0.002479711154455127,1.5725879537038833e-7,2.6868844624191857e-7,2.9038813960360613e-7,1.5110000000000383e-6,1.5110000000000383e-6,1.5110000000000383e-6,5.210000000000032e-7,5.210000000000032e-7,5.210000000000032e-7
2025-06-14T21:18:54Z,40.07764209043374,-75.29374131115294,-189.6864502172774,93.87513249792819,-930.8365820689191,-0.5998731422247232,1.4590212860257594,1.5165896703896404,0.3672780273759717,0.0,0.0,0.0,0.0,0.0,0.0,2.0942456315724917e-8,2.1003649514006507e-8,0.3649311895699912,0.013939820114311174,0.0029900036376050224,0.002640839302839069,1.5804705221091273e-7,2.71778982975626e-7,2.9426727377070793e-7,1.5150000000000386e-6,1.5150000000000386e-6,1.5150000000000386e-6,5.250000000000031e-7,5.250000000000031e-7,5.250000000000031e-7
2025-06-14T21:18:55Z,40.075276037459915,-75.25096238141134,-84.7224311428748,101.51040188786287,-936.1119757366067,-0.6691942766313073,1.1318029388437325,1.5302498882414444,0.08775810443671772,0.0,0.0,0.0,0.0,0.0,0.0,5.0069076540435005e-9,5.007343533984888e-9,0.24466831667786537,0.014417709522698965,0.003110359683810125,0.00224069019245355,1.4123005607888917e-7,2.7238842806704317e-7,2.9745344302679864e-7,1.520000000000039e-6,1.520000000000039e-6,1.520000000000039e-6,5.30000000000003e-7,5.30000000000003e-7,5.30000000000003e-7
2025-06-14T21:18:56Z,40.07620069681716,-75.2619881297487,-81.97282374523718,109.23479776828611,-940.7865876135049,-7.3997906209138575,0.6362475421067263,1.5038271956683145,-0.2578005690683438,0.0,0.0,0.0,0.0,0.0,0.0,9.003131223033766e-9,9.007051350354933e-9,0.26715222860102744,0.014986466917121823,0.0032725474584101685,0.0024894414282924156,1.4352345051963613e-7,2.762327421041445e-7,3.014009738224889e-7,1.5240000000000393e-6,1.5240000000000393e-6,1.5240000000000393e-6,5.340000000000028e-7,5.340000000000028e-7,5.340000000000028e-7
2025-06-14T21:18:57Z,40.0771824851507,-75.27307716941206,-85.57326928602214,117.45560931987622,-946.1604693018442,-14.224046523485491,0.6349439580496998,1.5044777213358695,-0.2559639742000501,0.0,0.0,0.0,0.0,0.0,0.0,1.2992836824258377e-8,1.3006237603595756e-8,0.29107335730211803,0.015594234457789777,0.003490626383794165,0.002790543984932679,1.4546915651341187e-7,2.801759499211418e-7,3.053496112961628e-7,1.5280000000000396e-6,1.5280000000000396e-6,1.5280000000000396e-6,5.380000000000027e-7,5.380000000000027e-7,5.380000000000027e-7
2025-06-14T21:18:58Z,40.07823067961258,-75.2842308876455,-95.12358143478828,125.69220878897151,-951.4873957945628,-20.986202478316255,0.6283864178197993,1.5046650366193566,-0.2589126201158924,0.0,0.0,0.0,0.0,0.0,0.0,1.697304222313841e-8,1.700463867039066e-8,0.3165429076380772,0.01622235938118026,0.0037510597687794044,0.0031200199426064906,1.4705236377768748e-7,2.8417742424870753e-7,3.093004375526179e-7,1.53200000000004e-6,1.53200000000004e-6,1.53200000000004e-6,5.420000000000026e-7,5.420000000000026e-7,5.420000000000026e-7
2025-06-14T21:18:59Z,40.079341594595576,-75.29544898540013,-110.1230897042473,133.94074030564298,-956.7565600282879,-27.6493042470161,0.6242353798155721,1.5045147500821212,-0.25923609323782426,0.0,0.0,0.0,0.0,0.0,0.0,2.0940960664502518e-8,2.1001989257138088e-8,0.34364239472604796,0.016869760248377656,0.004054315299758766,0.0034730038073745133,1.4826726895294728e-7,2.881729469181058e-7,3.1325451151953113e-7,1.5360000000000402e-6,1.5360000000000402e-6,1.5360000000000402e-6,5.460000000000025e-7,5.460000000000025e-7,5.460000000000025e-7
2025-06-14T21:19:00Z,40.07569662676544,-75.25125750411507,-67.71156514484309,142.80797137510908,-959.8924279398219,-29.607532539933008,0.5934408278357679,1.4986099642470743,-0.2552266982153626,0.0,0.0,0.0,0.0,0.0,0.0,5.008280673356629e-9,5.008717000877205e-9,0.2390450997283043,0.017360756787160835,0.004382377256165679,0.0031675163365892513,1.3365497943000685e-7,2.9249728200419116e-7,3.1640340211290675e-7,1.5410000000000406e-6,1.5410000000000406e-6,1.5410000000000406e-6,5.510000000000023e-7,5.510000000000023e-7,5.510000000000023e-7
2025-06-14T21:19:01Z,40.077001749040825,-75.26256143599474,-94.86441210357145,151.24656867108135,-964.8329787578898,-36.41318232460439,0.5875712870382503,1.4980016863292294,-0.25901685948465164,0.0,0.0,0.0,0.0,0.0,0.0,9.004504417339455e-9,9.00842419720361e-9,0.26683638894597417,0.018011477713526788,0.004776079220253878,0.003590286576433645,1.3610650053014022e-7,2.963056113120624e-7,3.2038071012711095e-7,1.545000000000041e-6,1.545000000000041e-6,1.545000000000041e-6,5.550000000000022e-7,5.550000000000022e-7,5.550000000000022e-7
2025-06-14T21:19:02Z,40.07836775305691,-75.27392561801273,-126.63403051058643,159.6064750226973,-969.6783849066686,-43.02846467727711,1.5746922991767196,1.550869319957202,0.7658123440875947,0.0,0.0,0.0,0.0,0.0,0.0,1.2994216540678989e-8,1.3007607071322115e-8,0.29824712223621774,0.018693118919987366,0.005207075405044645,0.004020180110896162,1.3825497069908272e-7,2.9981651686719906e-7,3.2436006434402094e-7,1.5490000000000412e-6,1.5490000000000412e-6,1.5490000000000412e-6,5.590000000000021e-7,5.590000000000021e-7,5.590000000000021e-7
2025-06-14T21:19:03Z,40.079795991136216,-75.2853470527626,-162.19985313691166,168.06988949162647,-974.4208506750504,-49.522619072611405,1.57346347585105,1.5485034626354963,0.7680745463517248,0.0,0.0,0.0,0.0,0.0,0.0,1.6974444303395055e-8,1.7005998223224892e-8,0.3331630834519736,0.019370289643325,0.005692136593445451,0.00446957437469022,1.4009716497805695e-7,3.0286876645815836e-7,3.283412013829402e-7,1.5530000000000415e-6,1.5530000000000415e-6,1.5530000000000415e-6,5.63000000000002e-7,5.63000000000002e-7,5.63000000000002e-7
2025-06-14T21:19:04Z,40.0812860629686,-75.29682252421132,-200.58616295409394,176.49263259017533,-979.0648728718569,-55.68799814098525,1.5618234805269293,1.544948747340989,0.7613722957803954,0.0,0.0,0.0,0.0,0.0,0.0,2.094241371717504e-8,2.1003327043248326e-8,0.37128503089272014,0.02006289834734469,0.006223784807377935,0.004916701643916072,1.416446375371836e-7,3.0529487428799364e-7,3.32323543192725e-7,1.5570000000000418e-6,1.5570000000000418e-6,1.5570000000000418e-6,5.670000000000018e-7,5.670000000000018e-7,5.670000000000018e-7
2025-06-14T21:19:05Z,40.076076093653484,-75.25148557561202,-142.84451743144407,185.4839858773045,-979.837313715291,-53.138258590189466,1.517783260797597,1.5121119874480602,0.7637532289641786,0.0,0.0,0.0,0.0,0.0,0.0,5.006154956701818e-9,5.0065904233080785e-9,0.2633846093765543,0.020495931615244926,0.006730711486600121,0.004256905078457493,1.3064691753017701e-7,2.9632404495937636e-7,3.3493184564049886e-7,1.5620000000000422e-6,1.5620000000000422e-6,1.5620000000000422e-6,5.720000000000017e-7,5.720000000000017e-7,5.720000000000017e-7
2025-06-14T21:19:06Z,40.07776682489219,-75.2630182215142,-188.73122765537448,194.08521505997888,-984.1652945992134,-59.44692728888752,1.5112228083475785,1.5088514127415595,0.7607767471610132,0.0,0.0,0.0,0.0,0.0,0.0,9.002382901846283e-9,9.006297536479926e-9,0.3009784716121193,0.021172969697244807,0.007364860350828068,0.0047236369942381,1.3337797106163514e-7,2.9871512990797366e-7,3.389141562425473e-7,1.5660000000000425e-6,1.5660000000000425e-6,1.5660000000000425e-6,5.760000000000016e-7,5.760000000000016e-7,5.760000000000016e-7
2025-06-14T21:19:07Z,40.07951788368405,-75.27460162351151,-236.57134473663675,202.60481227014714,-988.3950258116276,-65.33375891675924,1.5065760338842078,1.5036039540674009,0.760137754482049,0.0,0.0,0.0,0.0,0.0,0.0,1.2992106901412691e-8,1.3005477973896431e-8,0.34285158393703274,0.021863088743416022,0.008049433486916162,0.0051802354761449915,1.3592393012107746e-7,3.002320930610397e-7,3.4289456132158257e-7,1.5700000000000428e-6,1.5700000000000428e-6,1.5700000000000428e-6,5.800000000000014e-7,5.800000000000014e-7,5.800000000000014e-7
2025-06-14T21:19:08Z,40.08132639179934,-75.2862324336136,-284.9115915257783,211.0150351678251,-992.5144671817859,-70.70114565208212,1.499702776759862,1.4962484012489967,0.7581904782435087,0.0,0.0,0.0,0.0,0.0,0.0,1.6972361582292443e-8,1.7003860612257076e-8,0.38825317478681626,0.022565478720004275,0.008785092625472321,0.005612728999454276,1.383039978295349e-7,3.006995344182652e-7,3.468718578600104e-7,1.574000000000043e-6,1.574000000000043e-6,1.574000000000043e-6,5.840000000000013e-7,5.840000000000013e-7,5.840000000000013e-7
2025-06-14T21:19:09Z,40.08318843443929,-75.29790680430338,-332.2346924460837,219.28512842947765,-996.5126936868136,-75.45887226653585,1.4911173287205117,1.4861870949717617,0.7555145007121015,0.0,0.0,0.0,0.0,0.0,0.0,2.0940382775888725e-8,2.1001169574253956e-8,0.43611425362717693,0.023278465469858085,0.009572479441840094,0.006006966495189278,1.405492178937386e-7,2.9998569444171103e-7,3.508448710069993e-7,1.5780000000000434e-6,1.5780000000000434e-6,1.5780000000000434e-6,5.880000000000012e-7,5.880000000000012e-7,5.880000000000012e-7
2025-06-14T21:19:10Z,40.076464985472086,-75.25157905336265,-207.86128844136817,226.9369188310691,-994.5904374614906,-64.12894068482514,1.4444692373503893,1.410622506726957,0.7635570833091209,0.0,0.0,0.0,0.0,0.0,0.0,5.006499053558444e-9,5.006935118210415e-9,0.281179726532068,0.023571380588128292,0.010268640117850024,0.004582910068009989,1.3474073001893397e-7,2.7009004329373546e-7,3.5246898716709346e-7,1.5830000000000438e-6,1.5830000000000438e-6,1.5830000000000438e-6,5.93000000000001e-7,5.93000000000001e-7,5.93000000000001e-7
2025-06-14T21:19:11Z,40.07852801608397,-75.26328147147511,-259.9716961933286,235.44132561451377,-998.4526343212277,-69.56785532363209,1.4405581528697535,1.4045869111146339,0.7620969024760936,0.0,0.0,0.0,0.0,0.0,0.0,9.002727328354599e-9,9.006642035513328e-9,0.3236354186314946,0.024262693585520093,0.011165467943415563,0.004983033106241772,1.380761114219649e-7,2.712676497700587e-7,3.564413360589622e-7,1.587000000000044e-6,1.587000000000044e-6,1.587000000000044e-6,5.970000000000009e-7,5.970000000000009e-7,5.970000000000009e-7
2025-06-14T21:19:12Z,40.08064736077759,-75.27502900062332,-311.8200869559842,243.7831509663439,-1002.2441957619768,-74.44834024076144,1.4359574823563592,1.3962712468100045,0.7604219493129933,0.0,0.0,0.0,0.0,0.0,0.0,1.2992455128906896e-8,1.3005819881985386e-8,0.369641491568953,0.024966336320751105,0.012116521038039908,0.005354597750751926,1.4135463337202643e-7,2.713984662267398e-7,3.6040817620417256e-7,1.5910000000000444e-6,1.5910000000000444e-6,1.5910000000000444e-6,6.010000000000008e-7,6.010000000000008e-7,6.010000000000008e-7
2025-06-14T21:19:13Z,40.082816903588075,-75.2868187442506,-361.80494023625147,251.80332906181582,-1005.8538405584901,-78.66523726806983,1.4215897875738355,1.383423793290585,0.7506366496176557,0.0,0.0,0.0,0.0,0.0,0.0,1.6972722373400022e-8,1.7004193919354103e-8,0.41802172352840683,0.025664466031417518,0.013108569835103041,0.005676026961651948,1.445923005934351e-7,2.70388378889005e-7,3.643685844788996e-7,1.5950000000000447e-6,1.5950000000000447e-6,1.5950000000000447e-6,6.050000000000007e-7,6.050000000000007e-7,6.050000000000007e-7
2025-06-14T21:19:14Z,40.085028721640704,-75.29864881608802,-408.3956163296348,259.71578196220565,-1009.5022813763625,-82.1534920648789,1.425969567831179,1.3700434301402147,0.7594898182039576,0.0,0.0,0.0,0.0,0.0,0.0,2.0940772224418923e-8,2.1001483185106778e-8,0.46730044849910995,0.026389645565895823,0.014168797040070936,0.005954150159654243,1.478083230666589e-7,2.6820842544712e-7,3.6832198790991944e-7,1.599000000000045e-6,1.599000000000045e-6,1.599000000000045e-6,6.090000000000005e-7,6.090000000000005e-7,6.090000000000005e-7
2025-06-14T21:19:15Z,40.0768259124672,-75.2517361656065,-243.05051493715854,266.12235900513514,-1006.3224658023756,-66.20840176087522,1.389934588170272,1.2743797847692644,0.7703125789285137,0.0,0.0,0.0,0.0,0.0,0.0,5.008035366582864e-9,5.00847212708481e-9,0.29151226739894576,0.026516977106611005,0.015044924149954161,0.00425043132939413,1.483235578865229e-7,2.3171772320484927e-7,3.6873417031913007e-7,1.6040000000000453e-6,1.6040000000000453e-6,1.6040000000000453e-6,6.140000000000004e-7,6.140000000000004e-7,6.140000000000004e-7
2025-06-14T21:19:16Z,40.079239381551105,-75.26357656261543,-294.31619417220094,274.3346771379491,-1010.0257998812003,-70.85612407167987,1.3874854282430582,1.2673609204342793,0.7693761916248408,0.0,0.0,0.0,0.0,0.0,0.0,9.004262832651317e-9,9.008178928040473e-9,0.33329375443717535,0.027237640214165238,0.016200791204974602,0.004549963062262888,1.5207367254488215e-7,2.3268671037854345e-7,3.7269827782824654e-7,1.6080000000000456e-6,1.6080000000000456e-6,1.6080000000000456e-6,6.180000000000003e-7,6.180000000000003e-7,6.180000000000003e-7
2025-06-14T21:19:17Z,40.08170305316178,-75.27546245890014,-344.2764631755204,282.3351029266866,-1013.7125179850433,-74.95246620909363,1.3843832372371303,1.257881807793785,0.7679459868968437,0.0,0.0,0.0,0.0,0.0,0.0,1.2993992514804925e-8,1.3007354447284206e-8,0.3774419808912251,0.02797156981759087,0.01741189425143598,0.004818866803120781,1.5581944640041164e-7,2.3277809710058014e-7,3.766565574627719e-7,1.612000000000046e-6,1.612000000000046e-6,1.612000000000046e-6,6.220000000000001e-7,6.220000000000001e-7,6.220000000000001e-7
2025-06-14T21:19:18Z,40.08421093084097,-75.2873931424661,-391.5357828301102,290.1129898257536,-1017.3832093702367,-78.429759829064,1.384255559617701,1.2462925839365449,0.7699879411906878,0.0,0.0,0.0,0.0,0.0,0.0,1.6974269282446597e-8,1.7005720543472125e-8,0.4227772299206656,0.028717218876608136,0.018681316278361625,0.005050008798637986,1.5956637934134346e-7,2.3196201329048324e-7,3.806086947806392e-7,1.6160000000000462e-6,1.6160000000000462e-6,1.6160000000000462e-6,6.26e-7,6.26e-7,6.26e-7
2025-06-14T21:19:19Z,40.0867566828302,-75.2993679871131,-434.8667488913726,297.6026143793266,-1021.0713731604187,-81.26515163261328,1.3792618115672912,1.2316459585911148,0.7668758358664916,0.0,0.0,0.0,0.0,0.0,0.0,2.094234332005186e-8,2.100299143861541e-8,0.46801179013057276,0.02947660544394234,0.020003769373677892,0.0052353634738487075,1.6331987398577374e-7,2.302597427349646e-7,3.845547092964624e-7,1.6200000000000465e-6,1.6200000000000465e-6,1.6200000000000465e-6,6.299999999999999e-7,6.299999999999999e-7,6.299999999999999e-7
2025-06-14T21:19:20Z,40.077108858774324,-75.25193521103428,-253.17299507108476,303.54919274671363,-1017.3373110833957,-64.56130497403547,1.3570050254643156,1.1364946389359127,0.7832156632665823,0.0,0.0,0.0,0.0,0.0,0.0,5.004702920433923e-9,5.005138131812501e-9,0.28621342374609626,0.02944332616751109,0.020980459998088216,0.003624625092499479,1.6690846345976166e-7,1.978883773588671e-7,3.8364767242396174e-7,1.625000000000047e-6,1.625000000000047e-6,1.625000000000047e-6,6.349999999999997e-7,6.349999999999997e-7,6.349999999999997e-7
2025-06-14T21:19:21Z,40.07985778440007,-75.26390743451107,-302.32367621307185,311.42947679929165,-1021.1472888985811,-68.73638960318127,1.354794215360553,1.1297620102086336,0.7818496532837328,0.0,0.0,0.0,0.0,0.0,0.0,9.000935928993066e-9,9.00484556176162e-9,0.3240601197994756,0.03021990492061856,0.022378604971360145,0.003847702783781488,1.7083829191089447e-7,1.9933852018909702e-7,3.876102146987983e-7,1.6290000000000472e-6,1.6290000000000472e-6,1.6290000000000472e-6,6.389999999999996e-7,6.389999999999996e-7,6.389999999999996e-7
2025-06-14T21:19:22Z,40.082652087538044,-75.27592893884176,-350.1164160410629,319.08058331347047,-1024.9775994196386,-72.43362227445104,1.35381597157204,1.121099551657089,0.7813517087501471,0.0,0.0,0.0,0.0,0.0,0.0,1.2990678040305588e-8,1.3004020196928978e-8,0.36353770042147704,0.031010490279027688,0.023830880777903924,0.004047296396267701,1.7477074968639843e-7,2.0014649613667038e-7,3.9156833965246356e-7,1.6330000000000475e-6,1.6330000000000475e-6,1.6330000000000475e-6,6.429999999999995e-7,6.429999999999995e-7,6.429999999999995e-7
2025-06-14T21:19:23Z,40.085488064377635,-75.28799963519639,-395.3948009153181,326.48514303059295,-1028.8569446126585,-75.61802547974906,1.3510976650766213,1.1102475337078437,0.778948643474618,0.0,0.0,0.0,0.0,0.0,0.0,1.6970979023653256e-8,1.7002380699379435e-8,0.4036854445001885,0.03181765755747325,0.025339035557227347,0.004219027256589249,1.7870630995386574e-7,2.0030105197285042e-7,3.955220225795127e-7,1.6370000000000478e-6,1.6370000000000478e-6,1.6370000000000478e-6,6.469999999999994e-7,6.469999999999994e-7,6.469999999999994e-7
2025-06-14T21:19:24Z,40.08835274982061,-75.30012198698252,-437.1359385230261,333.59797833619217,-1032.7803126904944,-78.25388682755273,1.3512948226792787,1.097925708149696,0.7800655856329124,0.0,0.0,0.0,0.0,0.0,0.0,2.093909603085094e-8,2.0999636666454535e-8,0.4434910783838668,0.03263953360609945,0.026898132355536248,0.004357763299507046,1.8264528266406282e-7,1.9982339664715004e-7,3.994714450001434e-7,1.6410000000000481e-6,1.6410000000000481e-6,1.6410000000000481e-6,6.509999999999993e-7,6.509999999999993e-7,6.509999999999993e-7
2025-06-14T21:19:25Z,40.09123827703901,-75.31227148787883,-474.5384667514922,340.40776970375157,-1036.7713296202253,-80.34236660777816,1.3487728424442527,1.0829454039744049,0.7780509965817609,0.0,0.0,0.0,0.0,0.0,0.0,2.4892407811708887e-8,2.499964869991612e-8,0.48195583397179514,0.033477410262406686,0.02850878812811038,0.004461895200766797,1.865877715572665e-7,1.9876584432398715e-7,4.0341698482418827e-7,1.6450000000000484e-6,1.6450000000000484e-6,1.6450000000000484e-6,6.549999999999991e-7,6.549999999999991e-7,6.549999999999991e-7
2025-06-14T21:19:26Z,40.07750505229099,-75.25210951052212,-266.4008139917817,345.9124836541889,-1031.9607129650956,-62.889272595657566,1.332239206228586,0.9887803354194261,0.7978993365211414,0.0,0.0,0.0,0.0,0.0,0.0,5.004346280900502e-9,5.004781562874308e-9,0.28405925065556153,0.0332192033406662,0.02944794033753038,0.0029949368742409636,1.911536390613706e-7,1.720023515186077e-7,4.007027927539709e-7,1.6500000000000488e-6,1.6500000000000488e-6,1.6500000000000488e-6,6.59999999999999e-7,6.59999999999999e-7,6.59999999999999e-7
2025-06-14T21:19:27Z,40.08063358116427,-75.26425670657363,-313.1120354223836,353.337224093442,-1036.012779732055,-66.63313085945143,1.3310868172941495,0.9824507026142726,0.7961860744104914,0.0,0.0,0.0,0.0,0.0,0.0,9.000581018255697e-9,9.00448947262421e-9,0.31698641556807966,0.03408655892309384,0.03110973145442003,0.003160964610116842,1.9513455728861874e-7,1.7398698736992236e-7,4.046662721819339e-7,1.654000000000049e-6,1.654000000000049e-6,1.654000000000049e-6,6.639999999999989e-7,6.639999999999989e-7,6.639999999999989e-7
2025-06-14T21:19:28Z,40.083802550608546,-75.27645800430176,-358.509259438664,360.52796928276996,-1040.1240042373224,-69.98771614820868,1.3298455789953585,0.9745160904003409,0.7945041226769813,0.0,0.0,0.0,0.0,0.0,0.0,1.299032985482901e-8,1.3003662575660545e-8,0.35090187299982006,0.03497325905469733,0.032823117909571216,0.0033117825326246996,1.9911496342250198e-7,1.7553063647439972e-7,4.086269923917402e-7,1.6580000000000494e-6,1.6580000000000494e-6,1.6580000000000494e-6,6.679999999999987e-7,6.679999999999987e-7,6.679999999999987e-7
2025-06-14T21:19:29Z,40.08700607387259,-75.28871465002662,-401.6739849198691,367.4711905851643,-1044.2990324251648,-72.91299719529157,1.3289888231576306,0.9648360618955636,0.7933579940958726,0.0,0.0,0.0,0.0,0.0,0.0,1.6970648736083503e-8,1.7002015784047475e-8,0.3851051818369348,0.035878835194809,0.03459007588811296,0.0034448362946147555,2.0309440739692236e-7,1.7662949202587828e-7,4.125850245218524e-7,1.6620000000000497e-6,1.6620000000000497e-6,1.6620000000000497e-6,6.719999999999986e-7,6.719999999999986e-7,6.719999999999986e-7
2025-06-14T21:19:30Z,40.09023349612698,-75.30102905614889,-441.776660679654,374.1265552309538,-1048.5603778283785,-75.38288451060647,1.3271327628686376,0.953356833617203,0.7910046647251925,0.0,0.0,0.0,0.0,0.0,0.0,2.093880371930453e-8,2.0999253371646816e-8,0.418878899947534,0.03680648792596049,0.03640634637990576,0.003557316946814278,2.0707238681038788e-7,1.772981773952276e-7,4.165405295899758e-7,1.66600000000005e-6,1.66600000000005e-6,1.66600000000005e-6,6.759999999999985e-7,6.759999999999985e-7,6.759999999999985e-7
2025-06-14T21:19:31Z,40.07780355776219,-75.25224659631681,-260.9161652013877,381.21523277310934,-1042.1733776132253,-61.14846491757733,1.3134689444279726,0.8756053924201622,0.8185435795468746,0.0,0.0,0.0,0.0,0.0,0.0,5.004907886262419e-9,5.005343596535414e-9,0.2566222977931184,0.03639346673937364,0.037183411260469965,0.002507326567793513,2.1172500397459233e-7,1.592065376026349e-7,4.122859210222594e-7,1.6710000000000504e-6,1.6710000000000504e-6,1.6710000000000504e-6,6.809999999999983e-7,6.809999999999983e-7,6.809999999999983e-7
2025-06-14T21:19:32Z,40.08125083740985,-75.26451513576693,-307.8034523140927,388.3893706345219,-1046.3543629170842,-64.78083932914465,1.3131048028969916,0.8706638541585898,0.8182376139631513,0.0,0.0,0.0,0.0,0.0,0.0,9.001142940288644e-9,9.005051954562863e-9,0.28547043449801923,0.03733224319206176,0.039042149345708724,0.002659189245702568,2.157103346120063e-7,1.6173681983284755e-7,4.162516887068818e-7,1.6750000000000507e-6,1.6750000000000507e-6,1.6750000000000507e-6,6.849999999999982e-7,6.849999999999982e-7,6.849999999999982e-7
2025-06-14T21:19:33Z,40.084735934531935,-75.27683988500931,-353.8163241741076,395.34583123973624,-1050.5644919423664,-68.07752146974346,1.3131804763874206,0.864383499842256,0.8189473115399523,0.0,0.0,0.0,0.0,0.0,0.0,1.2990895095208515e-8,1.3004223887759661e-8,0.315499822199505,0.03828715314121333,0.0409529249123448,0.002802694355095957,2.1969245215820805e-7,1.639349152162125e-7,4.2021563451555293e-7,1.679000000000051e-6,1.679000000000051e-6,1.679000000000051e-6,6.889999999999981e-7,6.889999999999981e-7,6.889999999999981e-7
2025-06-14T21:19:34Z,40.088250898981826,-75.28925149820182,-397.5469235839297,401.84670033558007,-1059.8290682374259,-69.92883440241967,2.26350876298503,0.48029520720168545,2.3681524493547284,0.0,0.0,0.0,0.0,0.0,0.0,1.697122462008948e-8,1.700257116354797e-8,0.3461943935766188,0.039400949742753315,0.04072732668998288,0.002644426579985485,2.2367024711392735e-7,1.6578940286925976e-7,4.2417778614027024e-7,1.6830000000000513e-6,1.6830000000000513e-6,1.6830000000000513e-6,6.92999999999998e-7,6.92999999999998e-7,6.92999999999998e-7
2025-06-14T21:19:35Z,40.078020615471296,-75.25226925430057,-259.38130127900695,395.0631951900495,-1040.10188453289,-63.369478677399464,2.3632506286783435,-0.5103962337481549,-3.0244584497445417,0.0,0.0,0.0,0.0,0.0,0.0,5.005635712408951e-9,5.006071942695679e-9,0.22855373062245468,0.0363264383394047,0.03943005473673231,0.0017805932387072482,2.2820466643577278e-7,1.5414284672258973e-7,4.191594653226688e-7,1.6880000000000516e-6,1.6880000000000516e-6,1.6880000000000516e-6,6.979999999999978e-7,6.979999999999978e-7,6.979999999999978e-7
2025-06-14T21:19:36Z,40.08151360754969,-75.26444869420781,-311.22615425658057,390.93946456235676,-1031.8898698006067,-68.89518572854823,2.502511539745501,-0.5009669802743404,-2.7223653514081207,0.0,0.0,0.0,0.0,0.0,0.0,9.001870041985334e-9,9.005780245133629e-9,0.2517611292555909,0.03482606920475046,0.039187650315509824,0.0016812361210134094,2.3218134486272768e-7,1.570317338883885e-7,4.2312844086228156e-7,1.692000000000052e-6,1.692000000000052e-6,1.692000000000052e-6,7.019999999999977e-7,7.019999999999977e-7,7.019999999999977e-7
2025-06-14T21:19:37Z,40.08493019320913,-75.27653914019854,-364.94782545196733,386.69323023277656,-1023.1297142153819,-74.97867567187866,2.6031991281230655,-0.45721652102104327,-2.7789208145837994,0.0,0.0,0.0,0.0,0.0,0.0,1.2991619538694307e-8,1.3004951131302025e-8,0.2740871464163505,0.03330998365205943,0.03857044457452295,0.0015741653173503747,2.3615552430183459e-7,1.5969820819687263e-7,4.2709711750872664e-7,1.6960000000000522e-6,1.6960000000000522e-6,1.6960000000000522e-6,7.059999999999976e-7,7.059999999999976e-7,7.059999999999976e-7
2025-06-14T21:19:38Z,40.08827473402256,-75.28853584231271,-420.31032802599924,382.1033516749371,-1014.4200793402805,-80.92021440686112,2.6010621031282954,-0.4689865799982083,-2.766909714504806,0.0,0.0,0.0,0.0,0.0,0.0,1.69719374035621e-8,1.700329621542316e-8,0.2947401148847392,0.031820918524270825,0.03790159172721973,0.0014948112616587348,2.401336238897525e-7,1.6214537104308997e-7,4.3106571495534535e-7,1.7000000000000525e-6,1.7000000000000525e-6,1.7000000000000525e-6,7.099999999999974e-7,7.099999999999974e-7,7.099999999999974e-7
2025-06-14T21:19:39Z,40.09152781184669,-75.30044496190453,-476.6987457905457,377.26638147872706,-1005.8313859936197,-86.49677516948758,2.6022724931675283,-0.47666352145411356,-2.7694630774655447,0.0,0.0,0.0,0.0,0.0,0.0,2.094007889172973e-8,2.1000516640332104e-8,0.3133605022783756,0.03041536691339412,0.03724004436683047,0.0014463307307243862,2.4411918276583556e-7,1.6439092828250845e-7,4.350343143770358e-7,1.7040000000000528e-6,1.7040000000000528e-6,1.7040000000000528e-6,7.139999999999973e-7,7.139999999999973e-7,7.139999999999973e-7
2025-06-14T21:19:40Z,40.077819896869535,-75.25151956725769,-333.0052914294253,371.9458703301306,-987.2198596810813,-81.2534239926103,2.5908131209121272,-0.5447340667134728,-2.7410093855176263,0.0,0.0,0.0,0.0,0.0,0.0,5.005960515687848e-9,5.006397567709276e-9,0.20602098957280748,0.028155231768669856,0.03565292739343068,0.001089000672542909,2.4871779003873937e-7,1.557695855949942e-7,4.326028449781567e-7,1.7090000000000532e-6,1.7090000000000532e-6,1.7090000000000532e-6,7.189999999999972e-7,7.189999999999972e-7,7.189999999999972e-7
2025-06-14T21:19:41Z,40.08111053475854,-75.26307583228323,-401.5541583353764,367.5503045748954,-978.6635549390769,-87.48890403594054,2.593362072167943,-0.5476723206666623,-2.7466079789518516,0.0,0.0,0.0,0.0,0.0,0.0,9.002189546759191e-9,9.006105637293071e-9,0.22059522645661836,0.026937117701954744,0.03504772116188416,0.0011592526524008657,2.527018546134694e-7,1.5889470472809828e-7,4.365767383706831e-7,1.7130000000000535e-6,1.7130000000000535e-6,1.7130000000000535e-6,7.22999999999997e-7,7.22999999999997e-7,7.22999999999997e-7
2025-06-14T21:19:42Z,40.084320529245296,-75.27454735545794,-472.19594373055975,362.9349345833145,-970.2618189902151,-93.50846423627898,2.595909747572283,-0.5530888489063621,-2.7489973542333046,0.0,0.0,0.0,0.0,0.0,0.0,1.2991915932698532e-8,1.3005277247489536e-8,0.2348667495199152,0.025787607699547802,0.034460029222217796,0.0012607564075132515,2.5665692838145223e-7,1.618844452721704e-7,4.4055089286566997e-7,1.7170000000000538e-6,1.7170000000000538e-6,1.7170000000000538e-6,7.269999999999969e-7,7.269999999999969e-7,7.269999999999969e-7
2025-06-14T21:19:43Z,40.08744273433877,-75.28594047933512,-544.3123310678533,358.18057312400316,-961.9745946549856,-99.3693071773041,2.598317696511711,-0.5612947277005654,-2.7491281662513636,0.0,0.0,0.0,0.0,0.0,0.0,1.6972171431267774e-8,1.7003626036162766e-8,0.24896965821312977,0.024693012586110195,0.033903435457658566,0.0013972210495472811,2.60547236909051e-7,1.6474534296419537e-7,4.445253424552976e-7,1.7210000000000541e-6,1.7210000000000541e-6,1.7210000000000541e-6,7.309999999999968e-7,7.309999999999968e-7,7.309999999999968e-7
2025-06-14T21:19:44Z,40.09046708725254,-75.29726386561342,-617.2962913796539,353.144121870886,-953.9118434253222,-105.03141377318141,2.602595211647908,-0.5705292672655281,-2.749946733459202,0.0,0.0,0.0,0.0,0.0,0.0,2.094018267588624e-8,2.1000856350111094e-8,0.2631295269785171,0.02366230254547587,0.03335436142557372,0.001565365386706254,2.6432255958251366e-7,1.6748771592713942e-7,4.485001141404522e-7,1.7250000000000544e-6,1.7250000000000544e-6,1.7250000000000544e-6,7.349999999999967e-7,7.349999999999967e-7,7.349999999999967e-7
2025-06-14T21:19:45Z,40.07753492281867,-75.25100164468392,-457.8547568430977,342.8291019293842,-942.2393483017651,-99.69358236172599,2.6368005875675555,-0.6493108354105451,-2.7246878936452203,0.0,0.0,0.0,0.0,0.0,0.0,5.0060114363783435e-9,5.006448488426561e-9,0.18170215056822883,0.022043738837916774,0.03199352511285664,0.001521420245191767,2.658606694187487e-7,1.6205966287050807e-7,4.483375282364141e-7,1.7300000000000548e-6,1.7300000000000548e-6,1.7300000000000548e-6,7.399999999999965e-7,7.399999999999965e-7,7.399999999999965e-7
2025-06-14T21:19:46Z,40.080556942406616,-75.26204141711014,-542.2430247309389,338.01425727814666,-934.1501337777221,-106.1136346705034,2.641301112079771,-0.6551944238190862,-2.725065919789933,0.0,0.0,0.0,0.0,0.0,0.0,9.002237009497128e-9,9.006156488028812e-9,0.19603375002488532,0.021177247788613296,0.03143205891109314,0.0017677063816902287,2.694953059356358e-7,1.654043420758088e-7,4.523159331588027e-7,1.734000000000055e-6,1.734000000000055e-6,1.734000000000055e-6,7.439999999999964e-7,7.439999999999964e-7,7.439999999999964e-7
2025-06-14T21:19:47Z,40.08349080682522,-75.27301508005817,-628.2106646490461,332.93982194237844,-926.4369765054062,-112.27632978168653,2.647208551186285,-0.6636405919429192,-2.722352410124984,0.0,0.0,0.0,0.0,0.0,0.0,1.2991946561409847e-8,1.3005329635972595e-8,0.21223489332288456,0.020378760314962788,0.03087964795386467,0.002043349985713981,2.7283664825480733e-7,1.6867288459019018e-7,4.562948313224859e-7,1.7380000000000554e-6,1.7380000000000554e-6,1.7380000000000554e-6,7.479999999999963e-7,7.479999999999963e-7,7.479999999999963e-7
2025-06-14T21:19:48Z,40.086326149531516,-75.28393873625271,-714.6830852193083,327.50921136855663,-919.1519583283037,-118.10801879148947,2.6561882407439956,-0.6713074091377474,-2.7233539970563942,0.0,0.0,0.0,0.0,0.0,0.0,1.6972155319061275e-8,1.7003684337592277e-8,0.23064567669836344,0.01964519281674355,0.030318463578756345,0.0023462328359422978,2.757634278722786e-7,1.7187424107747336e-7,4.602742461418638e-7,1.7420000000000557e-6,1.7420000000000557e-6,1.7420000000000557e-6,7.519999999999961e-7,7.519999999999961e-7,7.519999999999961e-7
2025-06-14T21:19:49Z,40.08905004813553,-75.2948322675312,-800.3984224467312,321.7266918687044,-912.4119690001206,-123.50957223162412,2.669292084044119,-0.6828489781844552,-2.722105283939504,0.0,0.0,0.0,0.0,0.0,0.0,2.094006858823388e-8,2.100092911797461e-8,0.251553882464442,0.018977678279297125,0.02975432088430014,0.0026733269760771876,2.781392904344158e-7,1.75020765916292e-7,4.64254209718767e-7,1.746000000000056e-6,1.746000000000056e-6,1.746000000000056e-6,7.55999999999996e-7,7.55999999999996e-7,7.55999999999996e-7
2025-06-14T21:19:50Z,40.07715496327592,-75.25083681835532,-584.5587077494818,305.64136245708187,-915.0218301538667,-109.79423273406246,2.8021963813439608,-0.7375724987426904,-2.7002311654562052,0.0,0.0,0.0,0.0,0.0,0.0,5.004301901280161e-9,5.004737458683475e-9,0.18019831755207336,0.017907276136394173,0.02829468101374894,0.0025791023140610235,2.6446907026834496e-7,1.7290544476955772e-7,4.6586151746947237e-7,1.7510000000000564e-6,1.7510000000000564e-6,1.7510000000000564e-6,7.609999999999959e-7,7.609999999999959e-7,7.609999999999959e-7
2025-06-14T21:19:51Z,40.079831731379535,-75.26158125522205,-674.2770053624095,299.53095378095816,-908.3160112972092,-115.89639891642713,2.806457658316441,-0.5712919422056425,-2.73525156287458,0.0,0.0,0.0,0.0,0.0,0.0,9.000528418919064e-9,9.004445730177685e-9,0.20265065204723304,0.017429876607299413,0.027625124626711066,0.0029248320161155187,2.668996925438113e-7,1.7650934061005478e-7,4.698437936386951e-7,1.7550000000000567e-6,1.7550000000000567e-6,1.7550000000000567e-6,7.649999999999957e-7,7.649999999999957e-7,7.649999999999957e-7
2025-06-14T21:19:52Z,40.08240523076054,-75.2722959540772,-763.634016368221,292.4610176953861,-902.4881559188907,-122.00494405958861,2.7886359091945927,-0.25407565229900175,-2.771937859123512,0.0,0.0,0.0,0.0,0.0,0.0,1.2990234166942343e-8,1.300362150375882e-8,0.22896512255285487,0.017017269173987132,0.026847197426581464,0.0032721883323441024,2.6856203845966805e-7,1.801046840219311e-7,4.738266952055668e-7,1.759000000000057e-6,1.759000000000057e-6,1.759000000000057e-6,7.689999999999956e-7,7.689999999999956e-7,7.689999999999956e-7
2025-06-14T21:19:53Z,40.084863606201324,-75.28300744347557,-851.2366935891221,284.90184885614366,-897.472193050969,-128.00558700657123,2.723821128680309,0.16736807815144536,-2.84070724239477,0.0,0.0,0.0,0.0,0.0,0.0,1.69704266536836e-8,1.700198479015992e-8,0.2590828332596684,0.016657278688611766,0.026003963126387888,0.003619640933507285,2.692892526462612e-7,1.837063983426913e-7,4.778102815202503e-7,1.7630000000000573e-6,1.7630000000000573e-6,1.7630000000000573e-6,7.729999999999955e-7,7.729999999999955e-7,7.729999999999955e-7
2025-06-14T21:19:54Z,40.08719772226011,-75.29374008905577,-935.8487231345167,277.80380353760603,-892.5663883744046,-134.49862168467513,2.6386558820257804,0.5743178565038106,-2.935451266369426,0.0,0.0,0.0,0.0,0.0,0.0,2.0938302580803612e-8,2.0999249527778333e-8,0.2927680818769003,0.01629377763993983,0.025150286057024865,0.004002498282181447,2.6893806364105766e-7,1.873319689562034e-7,4.817945710385689e-7,1.7670000000000576e-6,1.7670000000000576e-6,1.7670000000000576e-6,7.769999999999954e-7,7.769999999999954e-7,7.769999999999954e-7
2025-06-14T21:19:55Z,40.076760563933334,-75.25079004612047,-631.558730871776,262.8522171525301,-907.9982676719981,-110.56816573228726,2.8384226780675443,0.6597104780194181,-2.9214290880420095,0.0,0.0,0.0,0.0,0.0,0.0,5.004171272563536e-9,5.0046064847454365e-9,0.20448785288980012,0.015599097813474263,0.023507660337487635,0.003489412360508145,2.3212175811917999e-7,1.8976190169648492e-7,4.848058537140087e-7,1.772000000000058e-6,1.772000000000058e-6,1.772000000000058e-6,7.819999999999952e-7,7.819999999999952e-7,7.819999999999952e-7
2025-06-14T21:19:56Z,40.07906645411715,-75.2614580389541,-718.7174458426972,258.9638162834663,-900.7407774521915,-120.32131079374757,2.8483838553870284,0.6587954651708826,-2.924459069088445,0.0,0.0,0.0,0.0,0.0,0.0,9.000397549017956e-9,9.004314779112654e-9,0.23707943050747343,0.015327128832164215,0.02295266551330519,0.0039135291491494235,2.332267032878776e-7,1.936647403427968e-7,4.887913391367197e-7,1.7760000000000583e-6,1.7760000000000583e-6,1.7760000000000583e-6,7.859999999999951e-7,7.859999999999951e-7,7.859999999999951e-7
2025-06-14T21:19:57Z,40.08129708109358,-75.27209463354795,-806.4803754721504,254.4954245231457,-894.1802538506469,-128.7727509367095,2.874511695567077,0.6673690932713485,-2.9267627440141655,0.0,0.0,0.0,0.0,0.0,0.0,1.299010156548923e-8,1.3003492929115914e-8,0.2746348952110342,0.015154069329331514,0.02236259256779381,0.004328777852678114,2.3335800193734918e-7,1.975962191758724e-7,4.927769912426989e-7,1.7800000000000586e-6,1.7800000000000586e-6,1.7800000000000586e-6,7.89999999999995e-7,7.89999999999995e-7,7.89999999999995e-7
2025-06-14T21:19:58Z,40.08344279647529,-75.28272324070875,-891.4839252043821,249.64520835870965,-888.3373909869252,-135.51165797281402,2.9045510594019786,0.7251139219676326,-2.9238503055904737,0.0,0.0,0.0,0.0,0.0,0.0,1.6970288478765854e-8,1.700186442182365e-8,0.3166209254132529,0.0150806115923009,0.02177798398316814,0.004722693140975025,2.3239958008796871e-7,2.01552554066685e-7,4.967628176711857e-7,1.7840000000000589e-6,1.7840000000000589e-6,1.7840000000000589e-6,7.939999999999949e-7,7.939999999999949e-7,7.939999999999949e-7
2025-06-14T21:19:59Z,40.085495202238974,-75.29336564493902,-970.4445984447481,244.75822069354655,-882.9869979938977,-140.9109707291335,2.9552512176345553,0.7879626475171857,-2.91043908886078,0.0,0.0,0.0,0.0,0.0,0.0,2.0938151207005132e-8,2.099914772865852e-8,0.3621585962211311,0.015094002358586791,0.021215522199018726,0.0050943050841446924,2.302870801330587e-7,2.0552878697236037e-7,5.00748804293711e-7,1.7880000000000592e-6,1.7880000000000592e-6,1.7880000000000592e-6,7.979999999999947e-7,7.979999999999947e-7,7.979999999999947e-7
2025-06-14T21:20:00Z,40.076527663703516,-75.25061024189075,-585.6509423740458,235.76502175684405,-897.3326998047546,-105.76159910790524,-3.060626987192688,0.7886522974655377,-2.876963923368126,0.0,0.0,0.0,0.0,0.0,0.0,5.003597001535405e-9,5.004032070827035e-9,0.23166417116468266,0.014963812280433319,0.019967270987365466,0.003786605857690502,1.8418554476377193e-7,2.1040625425949705e-7,5.043886562667332e-7,1.7930000000000595e-6,1.7930000000000595e-6,1.7930000000000595e-6,8.029999999999946e-7,8.029999999999946e-7,8.029999999999946e-7
2025-06-14T21:20:01Z,40.07859543919751,-75.26114346264062,-666.5362520916218,231.9208490611531,-889.885191453716,-115.71680785425889,-3.0371546696891105,0.8772810272283855,-2.860166696597384,0.0,0.0,0.0,0.0,0.0,0.0,8.999822885365278e-9,9.003740320366074e-9,0.2701130870346292,0.01511759167153957,0.019473455265128996,0.004122939322836387,1.8524405754891272e-7,2.1439942173664974e-7,5.083756890895198e-7,1.7970000000000598e-6,1.7970000000000598e-6,1.7970000000000598e-6,8.069999999999945e-7,8.069999999999945e-7,8.069999999999945e-7
2025-06-14T21:20:02Z,40.080600150690515,-75.27163190804694,-748.7194397122928,228.59154981076753,-883.2368865637029,-126.47426798993872,-2.729068342329671,1.2973379057751424,-2.44178727603721,0.0,0.0,0.0,0.0,0.0,0.0,1.2989522841587004e-8,1.3002919836107554e-8,0.3124100796020937,0.015319666125486053,0.01900063698808113,0.004417765869791562,1.8552605627942863e-7,2.1838386422765208e-7,5.12362804552389e-7,1.8010000000000601e-6,1.8010000000000601e-6,1.8010000000000601e-6,8.109999999999943e-7,8.109999999999943e-7,8.109999999999943e-7
2025-06-14T21:20:03Z,40.08254377863189,-75.28209010421948,-830.6424280551058,225.77314896168298,-876.8405993507901,-136.79070724364936,-0.7276496820694166,1.2674904985092434,-0.3442237359213951,0.0,0.0,0.0,0.0,0.0,0.0,1.6969696284247225e-8,1.7001296309687282e-8,0.3574714936429366,0.015598545397609674,0.018566775844319983,0.004678335145625752,1.850020866757491e-7,2.2234995202312325e-7,5.163499105737298e-7,1.8050000000000604e-6,1.8050000000000604e-6,1.8050000000000604e-6,8.149999999999942e-7,8.149999999999942e-7,8.149999999999942e-7
2025-06-14T21:20:04Z,40.084426468849735,-75.29252601562811,-909.5597170775757,223.523178638451,-870.3559908527454,-145.2628223172949,-0.524789031150695,1.0135349993919016,-0.09368190584127316,0.0,0.0,0.0,0.0,0.0,0.0,2.093752680815626e-8,2.0998591020172308e-8,0.4040563556054432,0.01598829683651058,0.018250197509977247,0.004902755232946005,1.8369038620020748e-7,2.262885073964942e-7,5.203369464866525e-7,1.8090000000000607e-6,1.8090000000000607e-6,1.8090000000000607e-6,8.189999999999941e-7,8.189999999999941e-7,8.189999999999941e-7
2025-06-14T21:20:05Z,40.07638382763757,-75.2503274922844,-526.2567321895996,220.28639817513672,-872.3651971098742,-110.44506857957651,-0.3130336272660424,0.9946992636933654,-0.07196522556512629,0.0,0.0,0.0,0.0,0.0,0.0,5.003477076354106e-9,5.003911920515251e-9,0.24109772253483439,0.016398662913592578,0.017716557630371544,0.0033188843990216614,1.4782520953801564e-7,2.3061245958006582e-7,5.239856548126581e-7,1.8140000000000611e-6,1.8140000000000611e-6,1.8140000000000611e-6,8.239999999999939e-7,8.239999999999939e-7,8.239999999999939e-7
2025-06-14T21:20:06Z,40.07833132903035,-75.26054466566222,-613.3181679048167,219.8771276821621,-863.3991449920283,-119.929150665569,-0.32110845324344256,1.0340931313811246,-0.10263873465057052,0.0,0.0,0.0,0.0,0.0,0.0,8.999701537803211e-9,9.003620084806454e-9,0.27775449274632114,0.017062032352999544,0.017640911544283173,0.0035646037872963795,1.497204089567031e-7,2.3455820499321352e-7,5.279740890776078e-7,1.8180000000000614e-6,1.8180000000000614e-6,1.8180000000000614e-6,8.279999999999938e-7,8.279999999999938e-7,8.279999999999938e-7
2025-06-14T21:20:07Z,40.08024781144361,-75.27068178582866,-700.6090701368634,219.77181165579063,-854.6726303113212,-128.6264670753384,-0.29876822088875965,1.0482906047404372,-0.10011268613671566,0.0,0.0,0.0,0.0,0.0,0.0,1.2989392181585078e-8,1.3002800247647363e-8,0.3170446770420678,0.017820639158371225,0.01759848525749388,0.003789827060737838,1.5112645263963942e-7,2.3847699865007647e-7,5.31962198945456e-7,1.8220000000000617e-6,1.8220000000000617e-6,1.8220000000000617e-6,8.319999999999937e-7,8.319999999999937e-7,8.319999999999937e-7
2025-06-14T21:20:08Z,40.082135081906394,-75.28074435481406,-785.7585669733139,219.95218273288987,-846.0352275080967,-136.40167907809263,-0.27030635316149104,1.0471329494126889,-0.08539907147082756,0.0,0.0,0.0,0.0,0.0,0.0,1.6969536139849014e-8,1.7001179018747845e-8,0.35803939591631617,0.01868787081042307,0.01758988880678051,0.003995141117656137,1.5202121164056057e-7,2.423696475836068e-7,5.359498949895248e-7,1.826000000000062e-6,1.826000000000062e-6,1.826000000000062e-6,8.359999999999936e-7,8.359999999999936e-7,8.359999999999936e-7
2025-06-14T21:20:09Z,40.08399092831007,-75.2907367135691,-866.4851719278082,220.58004563835058,-837.4511045778568,-143.10016733220127,-0.2622915815637783,1.0398497648896732,-0.10566639819910231,0.0,0.0,0.0,0.0,0.0,0.0,2.0937297550961103e-8,2.0998478525859253e-8,0.39971597241011364,0.019670858564836614,0.017622125758670573,0.004178042707539853,1.524048070921332e-7,2.462408553069625e-7,5.399371017964902e-7,1.8300000000000623e-6,1.8300000000000623e-6,1.8300000000000623e-6,8.399999999999934e-7,8.399999999999934e-7,8.399999999999934e-7
2025-06-14T21:20:10Z,40.07626502408167,-75.24998497687574,-549.608139516382,220.45122867067292,-830.5186679031973,-115.68498333951528,-0.12297947714272833,1.0657810767732578,-0.0931075378851374,0.0,0.0,0.0,0.0,0.0,0.0,5.010471742304358e-9,5.010908938958302e-9,0.2566375729092617,0.020557662800046197,0.017541896855198354,0.0029554881055912914,1.3178549818609694e-7,2.503372929087634e-7,5.426797065649956e-7,1.8350000000000627e-6,1.8350000000000627e-6,1.8350000000000627e-6,8.449999999999933e-7,8.449999999999933e-7,8.449999999999933e-7
2025-06-14T21:20:11Z,40.07822518440031,-75.25970323652295,-638.4345569436182,222.32684354913255,-821.1912850424653,-124.13208576700607,-0.08568983895718278,1.0581087804964155,-0.07537136525562499,0.0,0.0,0.0,0.0,0.0,0.0,9.00668544442421e-9,9.010583085447787e-9,0.2907371069678132,0.0217450784482279,0.017702304268047316,0.0031679258686458703,1.3409146366302377e-7,2.5428305405012713e-7,5.46667611982719e-7,1.839000000000063e-6,1.839000000000063e-6,1.839000000000063e-6,8.489999999999932e-7,8.489999999999932e-7,8.489999999999932e-7
2025-06-14T21:20:12Z,40.08017467062388,-75.26932991891067,-726.2118490727354,224.3817495050204,-812.0884233165524,-131.61856176145326,-0.08997766182302129,1.066274685404299,-0.08268219371716826,0.0,0.0,0.0,0.0,0.0,0.0,1.2996348851154195e-8,1.3009762444163165e-8,0.32646747626315675,0.023021474796895456,0.017894684781024038,0.0033723113170754317,1.3600925137280683e-7,2.5823067920540446e-7,5.506548496081708e-7,1.8430000000000633e-6,1.8430000000000633e-6,1.8430000000000633e-6,8.52999999999993e-7,8.52999999999993e-7,8.52999999999993e-7
2025-06-14T21:20:13Z,40.08211356640383,-75.27886779929473,-810.7115079939293,226.5686774415381,-802.8562787109233,-138.07811577228728,-0.05183960243723023,1.0751843959643634,-0.06854211192786536,0.0,0.0,0.0,0.0,0.0,0.0,1.6976432076583205e-8,1.700813995263303e-8,0.36311464072454536,0.02443420883174372,0.018101207410937462,0.0035777412333758895,1.375149984508216e-7,2.6218626926919857e-7,5.546413357554312e-7,1.8470000000000636e-6,1.8470000000000636e-6,1.8470000000000636e-6,8.569999999999929e-7,8.569999999999929e-7,8.569999999999929e-7
2025-06-14T21:20:14Z,40.084037851219,-75.28832020369592,-889.840138286385,228.94302397100708,-794.0321034100095,-143.38829731781902,-0.016705064291772972,1.0829604231153216,-0.047339648459450205,0.0,0.0,0.0,0.0,0.0,0.0,2.0944074779873395e-8,2.1005437144823604e-8,0.40001185041476955,0.02590216183663725,0.018341575487576717,0.0037620090795962738,1.3859929418558208e-7,2.661542646372652e-7,5.586270267958811e-7,1.8510000000000639e-6,1.8510000000000639e-6,1.8510000000000639e-6,8.609999999999928e-7,8.609999999999928e-7,8.609999999999928e-7
2025-06-14T21:20:15Z,40.07641910783151,-75.24932560892586,-502.66155766504824,229.15295815633368,-784.1355130743103,-111.7759763989475,0.15916826977709864,1.1034672306923223,0.001620618145708718,0.0,0.0,0.0,0.0,0.0,0.0,5.0061723352682895e-9,5.006607965630391e-9,0.22733842933730863,0.02713366459563133,0.01852174797551184,0.0025817927736076418,1.2026481675692465e-7,2.7101638245689217e-7,5.596060127678547e-7,1.8560000000000643e-6,1.8560000000000643e-6,1.8560000000000643e-6,8.659999999999926e-7,8.659999999999926e-7,8.659999999999926e-7
2025-06-14T21:20:16Z,40.07846655390774,-75.25849507554105,-592.7431248840074,232.84668670145075,-774.9705674812897,-119.66192973709103,0.12851249880283547,1.1144836905571178,-0.04759591355563654,0.0,0.0,0.0,0.0,0.0,0.0,9.002364455480076e-9,9.006280755075186e-9,0.256779967711713,0.02876644566756979,0.018903451904460876,0.0028336763969468715,1.2311035740648811e-7,2.750123683696695e-7,5.635922866689072e-7,1.8600000000000646e-6,1.8600000000000646e-6,1.8600000000000646e-6,8.699999999999925e-7,8.699999999999925e-7,8.699999999999925e-7
2025-06-14T21:20:17Z,40.08051897548496,-75.2675701797249,-682.6216179321547,236.53084548232806,-766.0096408645868,-126.94067294402703,0.13276422463749346,1.1245134617369403,-0.04876393941466492,0.0,0.0,0.0,0.0,0.0,0.0,1.299201848854218e-8,1.300545979709413e-8,0.2883970996431587,0.03046359978049942,0.019310610193897793,0.0030900104577805056,1.2562263702280831e-7,2.7900302411054204e-7,5.675776332277851e-7,1.8640000000000649e-6,1.8640000000000649e-6,1.8640000000000649e-6,8.739999999999924e-7,8.739999999999924e-7,8.739999999999924e-7
2025-06-14T21:20:18Z,40.082575933594676,-75.27655460613208,-770.408563446457,240.6172196783163,-757.1714685012045,-133.573262977006,0.13374668918246554,1.1277735520257706,-0.06324894800332434,0.0,0.0,0.0,0.0,0.0,0.0,1.697206110430283e-8,1.7003835255182732e-8,0.32180732623623975,0.03224616949277821,0.019779415787515752,0.0033561280148921378,1.277621120992426e-7,2.8297209831572066e-7,5.715619828814389e-7,1.8680000000000652e-6,1.8680000000000652e-6,1.8680000000000652e-6,8.779999999999923e-7,8.779999999999923e-7,8.779999999999923e-7
2025-06-14T21:20:19Z,40.08463345159448,-75.28545199759752,-854.0979995956384,244.78058792126748,-748.5801138262033,-139.11489166277735,0.15274200602815957,1.1218009235465598,-0.05327414121140266,0.0,0.0,0.0,0.0,0.0,0.0,2.0939604602174642e-8,2.1001126833304033e-8,0.3565702331874425,0.03408116450000053,0.02028599564532968,0.003618970682944968,1.294997810684028e-7,2.868960188258682e-7,5.755452367679575e-7,1.8720000000000655e-6,1.8720000000000655e-6,1.8720000000000655e-6,8.819999999999921e-7,8.819999999999921e-7,8.819999999999921e-7
2025-06-14T21:20:20Z,40.08668457443826,-75.29426502203336,-931.7494339763458,249.14088951162373,-739.998909692925,-143.78678184606827,0.17373481606088645,1.1122273431840486,-0.05297683789560483,0.0,0.0,0.0,0.0,0.0,0.0,2.489192649129311e-8,2.4997049618815227e-8,0.3921281037394568,0.036022494476042326,0.020837774975579954,0.0038853546393274392,1.3081922333516675e-7,2.907436125848167e-7,5.795273474789704e-7,1.8760000000000658e-6,1.8760000000000658e-6,1.8760000000000658e-6,8.85999999999992e-7,8.85999999999992e-7,8.85999999999992e-7
2025-06-14T21:20:21Z,40.08871909491786,-75.30299562836159,-1001.7973401617918,253.44606887115071,-731.5768897896689,-147.52563951433808,0.16668333080382133,1.096875787414919,-0.06817734062910596,0.0,0.0,0.0,0.0,0.0,0.0,2.8826471956261317e-8,2.8991315156229863e-8,0.427950124278237,0.03802768628512172,0.021417229587584085,0.004140155587411368,1.3172023934165533e-7,2.9447760295288063e-7,5.83508282898348e-7,1.880000000000066e-6,1.880000000000066e-6,1.880000000000066e-6,8.899999999999919e-7,8.899999999999919e-7,8.899999999999919e-7
2025-06-14T21:20:22Z,40.09072114794804,-75.31158771534848,-1062.905890423068,257.9223245960342,-723.4072201611286,-150.18612761520436,0.16718056773800738,1.0783971286134464,-0.08732049053568877,0.0,0.0,0.0,0.0,0.0,0.0,3.273870602220364e-8,3.2991320862491216e-8,0.4634265117047149,0.04008180300415177,0.022044616319102997,0.004381072776066559,1.3221802913110633e-7,2.980561903503727e-7,5.874880544975365e-7,1.8840000000000664e-6,1.8840000000000664e-6,1.8840000000000664e-6,8.939999999999918e-7,8.939999999999918e-7,8.939999999999918e-7
2025-06-14T21:20:23Z,40.07589420057344,-75.24933231728353,-600.4653852194629,255.20695717504196,-711.1675286742138,-111.68847879906247,0.3441870064694569,1.0040709256215057,-0.045233005019014,0.0,0.0,0.0,0.0,0.0,0.0,5.040164453432879e-9,5.040611779482515e-9,0.27043367430794496,0.04136266142937535,0.022584317800311293,0.003201642706792304,1.1419317986668252e-7,2.9935876908778886e-7,5.839824913848924e-7,1.8890000000000667e-6,1.8890000000000667e-6,1.8890000000000667e-6,8.989999999999916e-7,8.989999999999916e-7,8.989999999999916e-7
2025-06-14T21:20:24Z,40.07818370055463,-75.2576519741824,-679.1338800301094,260.7224811816239,-703.2668719199492,-117.09408312717808,0.34682850254244185,1.0246300278265108,-0.05236606934895895,0.0,0.0,0.0,0.0,0.0,0.0,9.036314649705083e-9,9.040287714467681e-9,0.30262126780825693,0.04340693435845855,0.023386241963671027,0.00352819813557674,1.1679225894160817e-7,3.030161928046043e-7,5.879630473456381e-7,1.893000000000067e-6,1.893000000000067e-6,1.893000000000067e-6,9.029999999999915e-7,9.029999999999915e-7,9.029999999999915e-7
2025-06-14T21:20:25Z,40.07651139252558,-75.24835358878323,-457.48695914500723,257.6729771853099,-689.5030021833165,-97.80060468878096,0.4637933303657532,0.9855844951757338,0.017215474753653745,0.0,0.0,0.0,0.0,0.0,0.0,5.017878452575351e-9,5.018318430268445e-9,0.20737162549037566,0.04454320102297009,0.02396670898010123,0.0029941260743812552,1.0892698991517318e-7,3.0369957384203554e-7,5.833599376583852e-7,1.8980000000000674e-6,1.8980000000000674e-6,1.8980000000000674e-6,9.079999999999913e-7,9.079999999999913e-7,9.079999999999913e-7
2025-06-14T21:20:26Z,40.078824426850524,-75.2564184698969,-536.3029437918319,263.38548951128956,-681.7429607405958,-103.56008779385046,0.48164911946803396,0.9750659373367049,0.029128830735758247,0.0,0.0,0.0,0.0,0.0,0.0,9.014016317200257e-9,9.01798936681997e-9,0.23709580549566145,0.04664885997895477,0.02486276012261117,0.0033502139467863432,1.120434766046849e-7,3.072662368133432e-7,5.873395410842153e-7,1.9020000000000677e-6,1.9020000000000677e-6,1.9020000000000677e-6,9.119999999999912e-7,9.119999999999912e-7,9.119999999999912e-7
2025-06-14T21:20:27Z,40.08115865709966,-75.26440529250566,-613.7379523317248,269.0678801047714,-674.3026892637794,-108.57524385127095,0.49871928596778836,0.9559574968843167,0.03898400456533178,0.0,0.0,0.0,0.0,0.0,0.0,1.3003615589636843e-8,1.3017165739922461e-8,0.27054292530051877,0.04876292556556444,0.025805352510706068,0.0037083133910064165,1.1487720395031215e-7,3.1051700703477907e-7,5.913180098630259e-7,1.906000000000068e-6,1.906000000000068e-6,1.906000000000068e-6,9.159999999999911e-7,9.159999999999911e-7,9.159999999999911e-7
2025-06-14T21:20:28Z,40.083507064615794,-75.27231933896162,-687.7618918515913,274.7344369185841,-666.8578097444523,-112.78976269009895,0.507831351944666,0.9372988047545029,0.03631153931085963,0.0,0.0,0.0,0.0,0.0,0.0,1.698353111482321e-8,1.7015533909227498e-8,0.3073920648128077,0.05097959049170653,0.026797459446642326,0.004070786773355307,1.173960810825327e-7,3.133460545322189e-7,5.952953203851462e-7,1.910000000000068e-6,1.910000000000068e-6,1.910000000000068e-6,9.19999999999991e-7,9.19999999999991e-7,9.19999999999991e-7
2025-06-14T21:20:29Z,40.08586725264502,-75.28016462846864,-756.2590699035948,280.4775008245804,-659.8799873089055,-115.96685753190172,0.5050708949481173,0.9187740079372207,0.02442871067636944,0.0,0.0,0.0,0.0,0.0,0.0,2.0950824591443538e-8,2.1012809529782927e-8,0.34715770268944385,0.05316402604589196,0.02786640923436926,0.004421059678700498,1.19580450035736e-7,3.1564889369789115e-7,5.992714610071027e-7,1.9140000000000684e-6,1.9140000000000684e-6,1.9140000000000684e-6,9.239999999999909e-7,9.239999999999909e-7,9.239999999999909e-7
2025-06-14T21:20:30Z,40.07672191813454,-75.2477335580136,-482.635968045165,272.4819334004872,-646.846258258402,-88.50901263800782,0.626023338074087,0.8141399004501529,0.06996013347739527,0.0,0.0,0.0,0.0,0.0,0.0,5.007286248305078e-9,5.00772200678685e-9,0.23604810864067774,0.05391806341367126,0.028520870380917634,0.003542910795951938,1.1017124801557886e-7,3.0513257802441754e-7,5.912156691811543e-7,1.9190000000000688e-6,1.9190000000000688e-6,1.9190000000000688e-6,9.289999999999907e-7,9.289999999999907e-7,9.289999999999907e-7
2025-06-14T21:20:31Z,40.079165889190136,-75.2553081403363,-546.7959309243813,278.2928606530521,-640.4464270574133,-91.97285611500789,0.619863650211942,0.827816927198782,0.06873668162138254,0.0,0.0,0.0,0.0,0.0,0.0,9.00341251799341e-9,9.007392057514783e-9,0.27155557651309975,0.05597622087544733,0.029643337435413947,0.0038754051111149937,1.1317239341641159e-7,3.078319475851861e-7,5.951910214504139e-7,1.923000000000069e-6,1.923000000000069e-6,1.923000000000069e-6,9.329999999999906e-7,9.329999999999906e-7,9.329999999999906e-7
2025-06-14T21:20:32Z,40.08162941257904,-75.26282404260137,-606.8044559143665,284.412666181241,-634.4790580252488,-94.61585000684032,0.6363004560837723,0.815782897108348,0.0719982881033387,0.0,0.0,0.0,0.0,0.0,0.0,1.2993017499142028e-8,1.3006569501983728e-8,0.31050180800654936,0.0580190819377326,0.030902956483627553,0.004213863622652754,1.1592368859949067e-7,3.0994000397499225e-7,5.991653217915252e-7,1.9270000000000694e-6,1.9270000000000694e-6,1.9270000000000694e-6,9.369999999999905e-7,9.369999999999905e-7,9.369999999999905e-7
2025-06-14T21:20:33Z,40.0841077951792,-75.27028977417893,-660.8509794575687,290.4388010141524,-628.9095217843152,-96.40888268134552,0.6236968668036749,0.7853673433639838,0.04710022166747258,0.0,0.0,0.0,0.0,0.0,0.0,1.6972916725034387e-8,1.700493717612029e-8,0.35225227082300736,0.060031691474145,0.03223568583077624,0.004533124225852496,1.1841803301934273e-7,3.113543269982249e-7,6.031385069700199e-7,1.9310000000000697e-6,1.9310000000000697e-6,1.9310000000000697e-6,9.409999999999903e-7,9.409999999999903e-7,9.409999999999903e-7
2025-06-14T21:20:34Z,40.08659281089011,-75.27771074022323,-707.34562223032,296.1726966099955,-623.3803954112398,-97.38230504799866,0.6017860775938235,0.7383320264134351,0.005166689554997787,0.0,0.0,0.0,0.0,0.0,0.0,2.0940149360329545e-8,2.1002208752441038e-8,0.3958753507134779,0.06213947442259597,0.033603672014965585,0.004825747411453437,1.206625640207324e-7,3.1199145962466046e-7,6.071105765173474e-7,1.93500000000007e-6,1.93500000000007e-6,1.93500000000007e-6,9.449999999999902e-7,9.449999999999902e-7,9.449999999999902e-7
2025-06-14T21:20:35Z,40.075375942808634,-75.24883609631709,-395.8920730551847,281.48343631281693,-612.1972826560668,-66.21872274236115,0.6150266554328363,0.5043305979135211,-0.05495419917049329,0.0,0.0,0.0,0.0,0.0,0.0,5.011662069666107e-9,5.012094188684253e-9,0.24721855613922206,0.06193591382637904,0.03425438073989976,0.0035166831862612955,1.1266913999416433e-7,2.8946617525191835e-7,5.956788652351052e-7,1.9400000000000704e-6,1.9400000000000704e-6,1.9400000000000704e-6,9.499999999999901e-7,9.499999999999901e-7,9.499999999999901e-7
2025-06-14T21:20:36Z,40.07790025126063,-75.25601575472896,-439.8039959211808,287.38407200574136,-607.7328090989746,-67.62311307367806,0.5291169990180623,0.3590890714229009,-0.1966440051976767,0.0,0.0,0.0,0.0,0.0,0.0,9.007829428223431e-9,9.011780807515397e-9,0.28357879957523685,0.0636713611759927,0.03567968598195504,0.0037909324692963287,1.1592027797268105e-7,2.9162247087971913e-7,5.99650041303769e-7,1.9440000000000707e-6,1.9440000000000707e-6,1.9440000000000707e-6,9.5399999999999e-7,9.5399999999999e-7,9.5399999999999e-7
2025-06-14T21:20:37Z,40.08043690387949,-75.2631568268967,-478.95651351740537,292.1615665527691,-603.0965232701151,-68.03068662271626,0.46681606534388637,0.2275518318724821,-0.30839957589367606,0.0,0.0,0.0,0.0,0.0,0.0,1.2997437323643988e-8,1.3010964249493803e-8,0.322694946743909,0.0655398891000539,0.036941052385314276,0.004006838277566601,1.1902235956796075e-7,2.9310377633214447e-7,6.036202119790557e-7,1.948000000000071e-6,1.948000000000071e-6,1.948000000000071e-6,9.579999999999902e-7,9.579999999999902e-7,9.579999999999902e-7
2025-06-14T21:20:38Z,40.08297342956147,-75.27026220074184,-511.7785991585281,296.2211827659597,-598.6410504633839,-67.32793721514861,0.45897284099150615,0.1719239444862829,-0.34440148034020945,0.0,0.0,0.0,0.0,0.0,0.0,1.6977335301130567e-8,1.700934279909899e-8,0.3634896064929753,0.06748467972069651,0.03811918652804157,0.00416987047749957,1.2198176375672425e-7,2.938308839861203e-7,6.075895302788323e-7,1.9520000000000713e-6,1.9520000000000713e-6,1.9520000000000713e-6,9.619999999999905e-7,9.619999999999905e-7,9.619999999999905e-7
2025-06-14T21:20:39Z,40.08549688476272,-75.27733009743064,-537.9439348749218,300.0205460018924,-593.1604809713948,-67.51260563699277,0.4706682845731341,0.1553895830847056,-0.34487320538810545,0.0,0.0,0.0,0.0,0.0,0.0,2.0944551945471698e-8,2.100663124682145e-8,0.40474728579625624,0.0698427860931973,0.039312935060805326,0.00432345216500424,1.2481158535066367e-7,2.9377195821329886e-7,6.11558083210422e-7,1.9560000000000716e-6,1.9560000000000716e-6,1.9560000000000716e-6,9.659999999999908e-7,9.659999999999908e-7,9.659999999999908e-7
2025-06-14T21:20:40Z,40.07486279874814,-75.24911452371268,-310.8639719720344,278.98603287112354,-578.5881980504527,-46.29301647427478,0.5254583132433566,0.04595997623687899,-0.29130118137872185,0.0,0.0,0.0,0.0,0.0,0.0,5.046320690798711e-9,5.04676548587981e-9,0.26796611360166683,0.06959576989402363,0.03913910726219548,0.003113262000137395,1.2221493185025247e-7,2.7001133881381475e-7,5.974054560575374e-7,1.961000000000072e-6,1.961000000000072e-6,1.961000000000072e-6,9.709999999999912e-7,9.709999999999912e-7,9.709999999999912e-7
2025-06-14T21:20:41Z,40.07734979788232,-75.25589183968748,-337.57275071175707,282.12120024581174,-572.7135349185803,-47.62917333075708,0.5292162011621561,0.038518174515190094,-0.29089554754299424,0.0,0.0,0.0,0.0,0.0,0.0,9.042456026673574e-9,9.046455281103858e-9,0.30240809524922746,0.07201103476333534,0.04007412398700749,0.003241784462015851,1.256823561086628e-7,2.717754286186478e-7,6.013734972270917e-7,1.9650000000000722e-6,1.9650000000000722e-6,1.9650000000000722e-6,9.749999999999915e-7,9.749999999999915e-7,9.749999999999915e-7
2025-06-14T21:20:42Z,40.07982676481343,-75.26261552939387,-361.41493060303577,285.012213976589,-566.9193201882936,-48.61697958196396,0.5338681672585813,0.02982390121582216,-0.2908924341229439,0.0,0.0,0.0,0.0,0.0,0.0,1.3031990893933806e-8,1.304563637451449e-8,0.33795517876953635,0.07449642845538652,0.04101855155664089,0.0033498108305632943,1.2906234456100866e-7,2.7296437878242956e-7,6.053409319758399e-7,1.9690000000000725e-6,1.9690000000000725e-6,1.9690000000000725e-6,9.789999999999918e-7,9.789999999999918e-7,9.789999999999918e-7
2025-06-14T21:20:43Z,40.08228754838272,-75.26928684855278,-382.06162786513835,287.79379016403885,-560.8429373042912,-49.687658882497,0.541666282289749,-0.0007841712365955103,-0.304564348431339,0.0,0.0,0.0,0.0,0.0,0.0,1.701177424926843e-8,1.7044013286571586e-8,0.37374521136978767,0.07716677902438496,0.04200826080194474,0.003448346776580715,1.3235417020250745e-7,2.735831934509562e-7,6.093077488177735e-7,1.973000000000073e-6,1.973000000000073e-6,1.973000000000073e-6,9.829999999999921e-7,9.829999999999921e-7,9.829999999999921e-7
2025-06-14T21:20:44Z,40.08473138388692,-75.27590250403374,-399.9809383413382,291.44195732079544,-554.2101155721515,-51.703593195078035,0.5524110267461656,-0.1565521773609248,-0.42599253885988586,0.0,0.0,0.0,0.0,0.0,0.0,2.097881779348795e-8,2.1041302366980717e-8,0.4090105002341739,0.08013127709909038,0.04324247481400974,0.0035773903915080705,1.3555985990556342e-7,2.736673284112076e-7,6.132739089084739e-7,1.977000000000073e-6,1.977000000000073e-6,1.977000000000073e-6,9.869999999999924e-7,9.869999999999924e-7,9.869999999999924e-7
2025-06-14T21:20:45Z,40.0871578247195,-75.28247131688094,-414.9358198125694,295.80426511324924,-549.257240622917,-52.28994607834951,0.5895725525465132,-0.4651103730885604,-0.7170984196350126,0.0,0.0,0.0,0.0,0.0,0.0,2.4930269995917108e-8,2.5037213857978995e-8,0.4433749160512879,0.08269606410336504,0.044768888393925475,0.003698512782581074,1.3868292889685188e-7,2.732779743080073e-7,6.172392400601018e-7,1.9810000000000734e-6,1.9810000000000734e-6,1.9810000000000734e-6,9.909999999999927e-7,9.909999999999927e-7,9.909999999999927e-7
2025-06-14T21:20:46Z,40.08955726504564,-75.2890106279634,-425.85031459150264,299.76724399759905,-545.0964064698145,-51.82399365091968,0.7311486978917449,-0.7462693639030102,-1.0948024998534316,0.0,0.0,0.0,0.0,0.0,0.0,2.886342198930415e-8,2.9031452929319514e-8,0.4762641518446622,0.08506702441980576,0.046327504874227425,0.003779357755785834,1.417272554566863e-7,2.724843086155594e-7,6.212035685530012e-7,1.9850000000000737e-6,1.9850000000000737e-6,1.9850000000000737e-6,9.94999999999993e-7,9.94999999999993e-7,9.94999999999993e-7
2025-06-14T21:20:47Z,40.074619087189134,-75.2492253344603,-254.0559070597525,275.86787637204077,-528.1218737186175,-38.16578998741349,0.9735852509628639,-0.917333161405095,-1.3542991903484884,0.0,0.0,0.0,0.0,0.0,0.0,5.166410566524928e-9,5.1669106254608845e-9,0.323791292950325,0.08369208380172435,0.04588719457229994,0.0027616047644925213,1.4179025084572672e-7,2.52631781667175e-7,6.025422977315431e-7,1.990000000000074e-6,1.990000000000074e-6,1.990000000000074e-6,9.999999999999934e-7,9.999999999999934e-7,9.999999999999934e-7
2025-06-14T21:20:48Z,40.07707057530968,-75.25540978804963,-272.6381297016595,278.9476234997941,-521.7909580825652,-40.07285769700248,1.025798773030411,-0.9165140405372891,-1.4214404828657112,0.0,0.0,0.0,0.0,0.0,0.0,9.162396755551703e-9,9.166591742576562e-9,0.35410921735305584,0.08659694516618793,0.04699076456767538,0.002861065350204273,1.4531362333543154e-7,2.5424863982469407e-7,6.065058557660009e-7,1.9940000000000744e-6,1.9940000000000744e-6,1.9940000000000744e-6,1.0039999999999937e-6,1.0039999999999937e-6,1.0039999999999937e-6
2025-06-14T21:20:49Z,40.07950656182807,-75.26153447818612,-289.9329621577272,281.34637441500837,-515.2539005081626,-41.70791563979464,1.0353676875604327,-0.9209137844743712,-1.426148361520684,0.0,0.0,0.0,0.0,0.0,0.0,1.3151674146339543e-8,1.3165755623401656e-8,0.38413008144537103,0.08965418712963594,0.047980742382294175,0.002935891000574732,1.487626364701551e-7,2.555159658316255e-7,6.104685918036793e-7,1.9980000000000747e-6,1.9980000000000747e-6,1.9980000000000747e-6,1.007999999999994e-6,1.007999999999994e-6,1.007999999999994e-6
2025-06-14T21:20:50Z,40.0752587856413,-75.24887803175939,-162.95248940808682,257.66694016587394,-496.1457504011605,-33.62292443837793,1.0477239806047323,-0.976968089012619,-1.3597149558458717,0.0,0.0,0.0,0.0,0.0,0.0,5.084411049782199e-9,5.084868140894424e-9,0.25093816357917675,0.08840452655350417,0.04687904897312234,0.0021454690231350665,1.49863257039636e-7,2.416340608261352e-7,5.912868173563158e-7,2.003000000000075e-6,2.003000000000075e-6,2.003000000000075e-6,1.0129999999999944e-6,1.0129999999999944e-6,1.0129999999999944e-6
2025-06-14T21:20:51Z,40.07754485474118,-75.25467696283445,-186.47551350691765,259.48267986801784,-488.62640556976953,-36.639239505614896,1.0269874809140815,-0.9688060664395967,-1.3285979774784715,0.0,0.0,0.0,0.0,0.0,0.0,9.080488764962753e-9,9.08455003702774e-9,0.2767601822745327,0.09171374563125281,0.047572946435765824,0.0022491196404751156,1.535665153548289e-7,2.4430899674294616e-7,5.952497953576395e-7,2.0070000000000754e-6,2.0070000000000754e-6,2.0070000000000754e-6,1.0169999999999947e-6,1.0169999999999947e-6,1.0169999999999947e-6
2025-06-14T21:20:52Z,40.07980858861476,-75.26040243631765,-210.44279370280745,260.9275404865839,-481.30099134793244,-39.361469137827996,1.0154268010715144,-0.9786480911566094,-1.3081509556845192,0.0,0.0,0.0,0.0,0.0,0.0,1.3069927083346039e-8,1.3083725332113287e-8,0.30324890815846306,0.09504826678887308,0.04821763664667127,0.0023440308830589133,1.5718560753224776e-7,2.4675817433705025e-7,5.992121304195714e-7,2.0110000000000757e-6,2.0110000000000757e-6,2.0110000000000757e-6,1.020999999999995e-6,1.020999999999995e-6,1.020999999999995e-6
2025-06-14T21:20:53Z,40.082044372625155,-75.2660599781423,-234.25237548814056,262.15717727317326,-474.3019480835047,-41.70611398702888,1.0359426970493637,-0.989292232974964,-1.3329177475960015,0.0,0.0,0.0,0.0,0.0,0.0,1.704953557363625e-8,1.708209506063855e-8,0.32994395881341093,0.09838538331837006,0.04884748710658158,0.0024306622546906792,1.60702997485383e-7,2.4900602929775995e-7,6.031738519226661e-7,2.015000000000076e-6,2.015000000000076e-6,2.015000000000076e-6,1.0249999999999953e-6,1.0249999999999953e-6,1.0249999999999953e-6
2025-06-14T21:20:54Z,40.08424615133122,-75.27165360558952,-257.4396830523463,263.1423480846166,-467.2589646934719,-43.93207451082691,1.0441005841712712,-0.9921243771345473,-1.342490866636107,0.0,0.0,0.0,0.0,0.0,0.0,2.1016281062771906e-8,2.1079377539374958e-8,0.35639912908824395,0.10185926243098418,0.04944954972608892,0.0025150409775512752,1.6410084461032767e-7,2.51088185522727e-7,6.071349842045182e-7,2.0190000000000763e-6,2.0190000000000763e-6,2.0190000000000763e-6,1.0289999999999956e-6,1.0289999999999956e-6,1.0289999999999956e-6
2025-06-14T21:20:55Z,40.07536082056544,-75.24833694972932,-190.07537460934665,239.44128881437507,-447.65502189410563,-40.43769135491246,1.0625158471914335,-1.014956338085423,-1.298392006974418,0.0,0.0,0.0,0.0,0.0,0.0,5.0099514902362935e-9,5.0103752716563846e-9,0.27828704513072,0.09986878176974956,0.047731848848897654,0.0021128016624376495,1.6543715519316052e-7,2.459070036733005e-7,5.859823730919084e-7,2.0240000000000767e-6,2.0240000000000767e-6,2.0240000000000767e-6,1.033999999999996e-6,1.033999999999996e-6,1.033999999999996e-6
2025-06-14T21:20:56Z,40.07747370364931,-75.25356876521991,-217.59023241410424,239.5023548057894,-440.1081724656553,-43.21025334886776,1.053509855431087,-1.0092832683949302,-1.2798357382994041,0.0,0.0,0.0,0.0,0.0,0.0,9.006103000844288e-9,9.010063843484959e-9,0.3027283074825654,0.10347133882062154,0.04802352845836957,0.0022259927261743806,1.6891789874732203e-7,2.4875036068279123e-7,5.899444558792494e-7,2.028000000000077e-6,2.028000000000077e-6,2.028000000000077e-6,1.0379999999999962e-6,1.0379999999999962e-6,1.0379999999999962e-6
2025-06-14T21:20:57Z,40.079549196222864,-75.25872997970308,-245.08955466591004,239.52273951193914,-432.8307506841671,-46.01539173510384,1.0256860399034777,-1.0433938718417821,-1.2471022682408015,0.0,0.0,0.0,0.0,0.0,0.0,1.2995680585028064e-8,1.300925163806997e-8,0.3273758363753637,0.10703906715947707,0.04833258306352227,0.0023373519258863776,1.7223761872365423e-7,2.5152800671510396e-7,5.939062525440673e-7,2.0320000000000773e-6,2.0320000000000773e-6,2.0320000000000773e-6,1.0419999999999965e-6,1.0419999999999965e-6,1.0419999999999965e-6
2025-06-14T21:20:58Z,40.0815831832073,-75.2638241945908,-272.23709570723884,239.40238708588342,-425.2771334712926,-48.626474001673856,1.0171910029457942,-1.0430288451936611,-1.2166147313942886,0.0,0.0,0.0,0.0,0.0,0.0,1.697545438159678e-8,1.7007640603153623e-8,0.35193760297683646,0.11090079429308905,0.04864280215419414,0.0024652431762582513,1.7536554420176904e-7,2.5427817039712616e-7,5.978678190600976e-7,2.0360000000000776e-6,2.0360000000000776e-6,2.0360000000000776e-6,1.0459999999999968e-6,1.0459999999999968e-6,1.0459999999999968e-6
2025-06-14T21:20:59Z,40.083571785219235,-75.26885389295059,-298.825998728231,238.969525064897,-417.91368795383727,-51.424884567344144,0.9507503337764267,-1.0349308661056147,-1.1314999282843685,0.0,0.0,0.0,0.0,0.0,0.0,2.0942362314211656e-8,2.1004951392751978e-8,0.37624920002607715,0.11480599574040776,0.048865300351218895,0.0025927515583361615,1.7827253261399504e-7,2.570381965883911e-7,6.018292236976466e-7,2.040000000000078e-6,2.040000000000078e-6,2.040000000000078e-6,1.0499999999999971e-6,1.0499999999999971e-6,1.0499999999999971e-6
2025-06-14T21:21:00Z,40.075193152077766,-75.24774703201169,-215.77765005049633,214.14166886885306,-400.473378397714,-47.832549848735354,0.8786442919636439,-1.0435955634982095,-0.9684254217314043,0.0,0.0,0.0,0.0,0.0,0.0,5.007970937411635e-9,5.008393670570445e-9,0.2810814311460737,0.11202506779656364,0.046631076902021874,0.0022246608705968713,1.7644899249175315e-7,2.5565758453113426e-7,5.793181697407356e-7,2.0450000000000783e-6,2.0450000000000783e-6,2.0450000000000783e-6,1.0549999999999975e-6,1.0549999999999975e-6,1.0549999999999975e-6
2025-06-14T21:21:01Z,40.0770728736761,-75.25242662708774,-249.65082262442257,213.14104596617784,-392.6531491840076,-51.6681033758435,0.7961204723812749,-1.0104324888814014,-0.8672304759300702,0.0,0.0,0.0,0.0,0.0,0.0,9.004101285340017e-9,9.00808427855638e-9,0.3047862562713735,0.11596233831739405,0.046607038309980496,0.0024093100661681456,1.7955731040928903e-7,2.5910944546923846e-7,5.832820604204488e-7,2.0490000000000786e-6,2.0490000000000786e-6,2.0490000000000786e-6,1.0589999999999978e-6,1.0589999999999978e-6,1.0589999999999978e-6
2025-06-14T21:21:02Z,40.07890966514572,-75.25703535086794,-283.9173447386702,212.3364216638584,-385.02681153650076,-55.200419579448344,0.7361643155549468,-0.9887804963243473,-0.7953003507865287,0.0,0.0,0.0,0.0,0.0,0.0,1.2993666583499638e-8,1.3007273750440254e-8,0.329269932680209,0.11997993232695277,0.04664129712189581,0.0026012510733880306,1.82374620147745e-7,2.6261113499872837e-7,5.872462261053166e-7,2.053000000000079e-6,2.053000000000079e-6,2.053000000000079e-6,1.0629999999999981e-6,1.0629999999999981e-6,1.0629999999999981e-6
2025-06-14T21:21:03Z,40.08070378756981,-75.26158059826064,-317.7372820535601,211.77027772886257,-377.61975200998825,-58.0554831309966,0.7336452912150231,-0.977302275489223,-0.7791971601541667,0.0,0.0,0.0,0.0,0.0,0.0,1.697339647839046e-8,1.700566791119268e-8,0.35439158604435794,0.12412148258338335,0.046758210338963456,0.0027977230767956152,1.8484984001423817e-7,2.661817851585425e-7,5.912106899332178e-7,2.057000000000079e-6,2.057000000000079e-6,2.057000000000079e-6,1.0669999999999984e-6,1.0669999999999984e-6,1.0669999999999984e-6
2025-06-14T21:21:04Z,40.082453919879455,-75.26607138182939,-350.1834415223388,211.17694183971642,-370.64102382842987,-60.3546856398378,0.7598939220639671,-0.9631990492297403,-0.8036538644218564,0.0,0.0,0.0,0.0,0.0,0.0,2.094020212321852e-8,2.1002990553219432e-8,0.3799880977029684,0.12829821022321092,0.04686101867655727,0.0029900267831522442,1.869359031213168e-7,2.698330613479149e-7,5.951754407189486e-7,2.0610000000000795e-6,2.0610000000000795e-6,2.0610000000000795e-6,1.0709999999999987e-6,1.0709999999999987e-6,1.0709999999999987e-6
2025-06-14T21:21:05Z,40.07525222852089,-75.24760407976072,-213.7933180940907,187.8957219315418,-359.4180468106532,-51.867563591196024,0.8131191808143606,-0.9789898072967482,-0.7591780198947375,0.0,0.0,0.0,0.0,0.0,0.0,5.123119088124688e-9,5.1235912485605424e-9,0.24479517465979345,0.12431852751365932,0.044287328412919026,0.0024504081856329277,1.771549635691331e-7,2.725985400180873e-7,5.716713924007831e-7,2.06600000000008e-6,2.06600000000008e-6,2.06600000000008e-6,1.075999999999999e-6,1.075999999999999e-6,1.075999999999999e-6
2025-06-14T21:21:06Z,40.07689820140353,-75.251806330381,-253.35338481023445,186.70820198831524,-352.1633839780595,-54.97450159941148,0.8128810200133952,-0.9747626660841069,-0.7572969072435541,0.0,0.0,0.0,0.0,0.0,0.0,9.119094312795416e-9,9.123268668442297e-9,0.2696703603630256,0.12828958752659264,0.04419563668959743,0.0026898037398427554,1.7997126784155313e-7,2.7654499890406355e-7,5.756384554408024e-7,2.07000000000008e-6,2.07000000000008e-6,2.07000000000008e-6,1.0799999999999994e-6,1.0799999999999994e-6,1.0799999999999994e-6
2025-06-14T21:21:07Z,40.078501527840224,-75.25594642331878,-292.4864208926908,185.4146366825611,-345.00821889152326,-57.90447109555947,0.8189593096206059,-0.9716611454303842,-0.7576237444912067,0.0,0.0,0.0,0.0,0.0,0.0,1.3108409869502301e-8,1.3122439429692663e-8,0.2965612690992472,0.13240147113483355,0.04406819825221874,0.002941890329839797,1.8235802259365686e-7,2.8052371983568987e-7,5.796057424512588e-7,2.0740000000000804e-6,2.0740000000000804e-6,2.0740000000000804e-6,1.0839999999999997e-6,1.0839999999999997e-6,1.0839999999999997e-6
2025-06-14T21:21:08Z,40.08006260415865,-75.26003189322661,-330.4469049957899,184.02575133572063,-338.01000964520796,-60.426822077197706,0.8038753349986282,-0.9927191086094843,-0.7267538880174719,0.0,0.0,0.0,0.0,0.0,0.0,1.7087774341905102e-8,1.7120809526700965e-8,0.32528773284119755,0.13663747008123825,0.043923094422044076,0.0031994994122716224,1.842465987590066e-7,2.845187936321791e-7,5.835731236148028e-7,2.0780000000000807e-6,2.0780000000000807e-6,2.0780000000000807e-6,1.088e-6,1.088e-6,1.088e-6
2025-06-14T21:21:09Z,40.081578598964946,-75.26407333072311,-366.4892729360753,182.44574384177108,-331.4441478444887,-62.766717841241174,0.8000143567350257,-0.9770985782262841,-0.698051887133035,0.0,0.0,0.0,0.0,0.0,0.0,2.1054080400805797e-8,2.1118105393930223e-8,0.35556511511142735,0.14091811358956519,0.043683199904640875,0.003460246659012895,1.8557700649354526e-7,2.8850762743379564e-7,5.875404286205637e-7,2.082000000000081e-6,2.082000000000081e-6,2.082000000000081e-6,1.0920000000000003e-6,1.0920000000000003e-6,1.0920000000000003e-6
2025-06-14T21:21:10Z,40.07597920896772,-75.24778773601345,-266.7444689334539,163.96614220819967,-323.30339282671014,-55.32245620447823,0.8299961538070012,-0.9618133991755817,-0.6315879444423141,0.0,0.0,0.0,0.0,0.0,0.0,5.077399519423184e-9,5.077845442203414e-9,0.2688997486382806,0.13551335230631295,0.04089652149066059,0.003059312674837192,1.7302802913552657e-7,2.9250887660698933e-7,5.637294042980915e-7,2.0870000000000814e-6,2.0870000000000814e-6,2.0870000000000814e-6,1.0970000000000007e-6,1.0970000000000007e-6,1.0970000000000007e-6
2025-06-14T21:21:11Z,40.07740864324464,-75.25157755279409,-305.38174952690986,161.76860850478593,-316.77431770591346,-57.94707295925555,0.8168876595130034,-0.9521264366164067,-0.6084386807911042,0.0,0.0,0.0,0.0,0.0,0.0,9.073443595178583e-9,9.077518239718856e-9,0.29896766919322687,0.1394826527584594,0.040543672401371494,0.0033443591865034827,1.7496508516247441e-7,2.9643339098235724e-7,5.676965228130345e-7,2.0910000000000817e-6,2.0910000000000817e-6,2.0910000000000817e-6,1.101000000000001e-6,1.101000000000001e-6,1.101000000000001e-6
2025-06-14T21:21:12Z,40.07879469734088,-75.25532354091439,-342.31129942331086,159.89527245337493,-311.0015057608354,-60.27867235964361,0.7716303211413407,-0.9570289000025628,-0.5737776078225761,0.0,0.0,0.0,0.0,0.0,0.0,1.3062853234572438e-8,1.3076693324628085e-8,0.33130076047974794,0.1432715686334211,0.04020949451848532,0.003599775254126915,1.763131396274905e-7,3.00259956673214e-7,5.716623243013703e-7,2.095000000000082e-6,2.095000000000082e-6,2.095000000000082e-6,1.1050000000000013e-6,1.1050000000000013e-6,1.1050000000000013e-6
2025-06-14T21:21:13Z,40.08014012553273,-75.25903850416937,-376.7171961635099,158.02582700307025,-305.30478131588427,-62.21618711662246,0.7710704818571115,-0.9395440213587861,-0.5817331771688081,0.0,0.0,0.0,0.0,0.0,0.0,1.7042333729031816e-8,1.7075069903155628e-8,0.3652877975656273,0.14727879430883248,0.03981693416256531,0.0038673132979239154,1.7702155405176216e-7,3.0393931279235787e-7,5.756262640965084e-7,2.0990000000000823e-6,2.0990000000000823e-6,2.0990000000000823e-6,1.1090000000000016e-6,1.1090000000000016e-6,1.1090000000000016e-6
2025-06-14T21:21:14Z,40.08144878737267,-75.26273205315442,-407.67854458596696,156.47386845563466,-299.9994640712186,-63.36404578457729,0.7717557400206149,-0.9345835522516684,-0.5737826660404901,0.0,0.0,0.0,0.0,0.0,0.0,2.100876160208654e-8,2.107237591451958e-8,0.40046584193814433,0.1513701151204555,0.03946270496959413,0.0041127708648102425,1.7706868631357698e-7,3.0742185774424184e-7,5.795879129153537e-7,2.1030000000000826e-6,2.1030000000000826e-6,2.1030000000000826e-6,1.1130000000000019e-6,1.1130000000000019e-6,1.1130000000000019e-6
2025-06-14T21:21:15Z,40.08272270419786,-75.2664157648382,-434.42002710381905,155.00009405619213,-295.1393980738328,-64.1099196167187,0.7864178379346997,-0.9134919834726275,-0.5746765192254489,0.0,0.0,0.0,0.0,0.0,0.0,2.4959113166212476e-8,2.506833804279664e-8,0.4361389923479958,0.15549930165483136,0.03905228557079085,0.004342837710583436,1.7645641301612083e-7,3.106585358869773e-7,5.835468392604435e-7,2.107000000000083e-6,2.107000000000083e-6,2.107000000000083e-6,1.1170000000000022e-6,1.1170000000000022e-6,1.1170000000000022e-6
2025-06-14T21:21:16Z,40.076550760379014,-75.24958567269097,-271.19213911353336,144.08224097210163,-295.19445255045395,-50.015300168880394,0.8624140820936379,-0.898516644151288,-0.5409845756689444,0.0,0.0,0.0,0.0,0.0,0.0,5.022912385461991e-9,5.023322599485294e-9,0.2942677124096035,0.1480208070064097,0.03623694202861439,0.0034108787043525633,1.5345661810021997e-7,3.091452540664574e-7,5.594342088646698e-7,2.1120000000000833e-6,2.1120000000000833e-6,2.1120000000000833e-6,1.1220000000000026e-6,1.1220000000000026e-6,1.1220000000000026e-6
2025-06-14T21:21:17Z,40.07780708512251,-75.25305537220623,-302.2022584213714,141.80922548837623,-289.8023343175804,-51.48351571956826,0.8887522099055823,-0.8818412261779108,-0.5651292266645789,0.0,0.0,0.0,0.0,0.0,0.0,9.019103491554922e-9,9.022993599772928e-9,0.32779431793222835,0.1517802304479275,0.03585232668246863,0.003662501582471759,1.5496364291483096e-7,3.1250926226318463e-7,5.633925521761842e-7,2.1160000000000836e-6,2.1160000000000836e-6,2.1160000000000836e-6,1.1260000000000029e-6,1.1260000000000029e-6,1.1260000000000029e-6
2025-06-14T21:21:18Z,40.07902410341958,-75.25649271350132,-330.4504017258093,139.64464153380297,-284.6199328274488,-52.594998320613655,0.9003794739078966,-0.8705934034984448,-0.5590136604219375,0.0,0.0,0.0,0.0,0.0,0.0,1.300865208154788e-8,1.3022174716346434e-8,0.3630675482031089,0.15563353522758908,0.03545481441150311,0.0039055702118773418,1.559185808430261e-7,3.1556801804163746e-7,5.673460159716741e-7,2.120000000000084e-6,2.120000000000084e-6,2.120000000000084e-6,1.1300000000000032e-6,1.1300000000000032e-6,1.1300000000000032e-6
2025-06-14T21:21:19Z,40.080207699385824,-75.25990949118811,-355.29261844639444,138.0760835638465,-280.09425038453236,-53.292838000897824,0.8964675259726829,-0.8675332772591674,-0.5504543664804445,0.0,0.0,0.0,0.0,0.0,0.0,1.6988328650691436e-8,1.702056007944947e-8,0.39943680199287346,0.15934453213380997,0.035102810310085795,0.004099895127513125,1.563159164761576e-7,3.182661077897861e-7,5.712940225767481e-7,2.124000000000084e-6,2.124000000000084e-6,2.124000000000084e-6,1.1340000000000035e-6,1.1340000000000035e-6,1.1340000000000035e-6
2025-06-14T21:21:20Z,40.081364053344274,-75.26331582329892,-376.06191580882967,136.75510158575733,-275.7333981969682,-53.35151917572844,0.927103627110453,-0.8624270988508324,-0.5579334448507257,0.0,0.0,0.0,0.0,0.0,0.0,2.0955003849709594e-8,2.1017878728298325e-8,0.43594216187557944,0.16323123903854678,0.03475319619763549,0.0042766930151041955,1.561747149337232e-7,3.2055893425652716e-7,5.752361773695054e-7,2.1280000000000845e-6,2.1280000000000845e-6,2.1280000000000845e-6,1.1380000000000038e-6,1.1380000000000038e-6,1.1380000000000038e-6
2025-06-14T21:21:21Z,40.08249586712924,-75.26672006400575,-392.22632240607464,135.5633507647152,-271.9197225935508,-52.89281801886148,0.9620598438879718,-0.8535739006944908,-0.5794025862707514,0.0,0.0,0.0,0.0,0.0,0.0,2.4905644118964296e-8,2.501385889442305e-8,0.4718326417443206,0.1670480413373377,0.034366522929740184,0.0044219688545576365,1.5554365268562647e-7,3.2242233629318897e-7,5.791724894465825e-7,2.132000000000085e-6,2.132000000000085e-6,2.132000000000085e-6,1.142000000000004e-6,1.142000000000004e-6,1.142000000000004e-6
2025-06-14T21:21:22Z,40.08360517385455,-75.27012996669426,-403.55896297518893,134.50251721726175,-268.5298294175541,-51.949923885732446,1.002113359636227,-0.8612660365122318,-0.603368078798896,0.0,0.0,0.0,0.0,0.0,0.0,2.883732100249232e-8,2.9008229077416936e-8,0.5062975108985996,0.17083224991118828,0.03396359924877521,0.0045326562972446294,1.5449103643719616e-7,3.2385078115726427e-7,5.831032922118286e-7,2.136000000000085e-6,2.136000000000085e-6,2.136000000000085e-6,1.1460000000000044e-6,1.1460000000000044e-6,1.1460000000000044e-6
2025-06-14T21:21:23Z,40.084691528498276,-75.27355050692245,-409.9625859582208,133.44387202702967,-265.44580687289874,-50.531593877656306,1.0583210690756415,-0.8508674571473712,-0.6307546381242156,0.0,0.0,0.0,0.0,0.0,0.0,3.2747220000336834e-8,3.3000719092592777e-8,0.5386198682966952,0.1746701811037592,0.03351651691514114,0.004624851179950541,1.531025982722186e-7,3.248551770191641e-7,5.870291614685101e-7,2.1400000000000854e-6,2.1400000000000854e-6,2.1400000000000854e-6,1.1500000000000047e-6,1.1500000000000047e-6,1.1500000000000047e-6
2025-06-14T21:21:24Z,40.085756974798954,-75.27698738826456,-411.9323227850844,133.11952929139008,-263.340574367801,-49.38540559210354,1.0748075221561852,-0.8225982616992984,-0.6695566074482536,0.0,0.0,0.0,0.0,0.0,0.0,3.663264823197279e-8,3.699106117249404e-8,0.5683434687482662,0.17800794578011528,0.03308314898037973,0.004637359340186298,1.5147426378614636e-7,3.2546197324930897e-7,5.909509138546455e-7,2.1440000000000857e-6,2.1440000000000857e-6,2.1440000000000857e-6,1.154000000000005e-6,1.154000000000005e-6,1.154000000000005e-6
2025-06-14T21:21:25Z,40.08679404068177,-75.28044458817058,-409.7212113717404,132.70048278218687,-261.05626495879187,-47.2337431690123,1.1340881464864858,-0.8245760734770082,-0.6981553810703773,0.0,0.0,0.0,0.0,0.0,0.0,4.049104167783443e-8,4.0978990904791366e-8,0.594679164099106,0.18167985620055063,0.03267353905663736,0.004640443063540111,1.4970254487022885e-7,3.257062151795546e-7,5.948693734471461e-7,2.148000000000086e-6,2.148000000000086e-6,2.148000000000086e-6,1.1580000000000053e-6,1.1580000000000053e-6,1.1580000000000053e-6
2025-06-14T21:21:26Z,40.08780157289976,-75.28391508828403,-403.7709968271193,132.0641889561008,-258.771121178156,-45.44771082291881,1.1681046620534543,-0.8101322967792659,-0.7022021838530533,0.0,0.0,0.0,0.0,0.0,0.0,4.431997132883221e-8,4.496424876595954e-8,0.6175918331645329,0.185364324826609,0.03218118468761489,0.004643939605593979,1.4788814708309132e-7,3.256387504982313e-7,5.987855930324503e-7,2.1520000000000863e-6,2.1520000000000863e-6,2.1520000000000863e-6,1.1620000000000056e-6,1.1620000000000056e-6,1.1620000000000056e-6
2025-06-14T21:21:27Z,40.08877260995327,-75.28739635839732,-394.9106388405622,131.72151858687977,-256.7896875897043,-43.56832510645323,1.1910769405626178,-0.8144701620836677,-0.7064990030887812,0.0,0.0,0.0,0.0,0.0,0.0,4.811714522056596e-8,4.894658081214426e-8,0.6372211207054405,0.1888953927091324,0.031720813435370435,0.004604910216705096,1.4611638975173157e-7,3.2531334994148725e-7,6.027006433929344e-7,2.1560000000000866e-6,2.1560000000000866e-6,2.1560000000000866e-6,1.1660000000000059e-6,1.1660000000000059e-6,1.1660000000000059e-6
2025-06-14T21:21:28Z,40.08970508756497,-75.29088410137038,-383.73764926231183,131.19967592953972,-254.81742351758146,-41.675048544897734,1.2150420640675417,-0.7990361602678514,-0.7049722091308402,0.0,0.0,0.0,0.0,0.0,0.0,5.1880412382319025e-8,5.29257403874836e-8,0.6534568518011821,0.1924700839589308,0.03122742198957707,0.00456513450073079,1.4445678775719928e-7,3.247757999032992e-7,6.066153474636619e-7,2.160000000000087e-6,2.160000000000087e-6,2.160000000000087e-6,1.1700000000000062e-6,1.1700000000000062e-6,1.1700000000000062e-6
2025-06-14T21:21:29Z,40.09059425738718,-75.29437355750221,-370.89674892873796,130.59749415301854,-253.00966115652287,-39.944093749968665,1.2282057998186846,-0.7904304439207279,-0.6933398776484176,0.0,0.0,0.0,0.0,0.0,0.0,5.560776457985163e-8,5.6901488653312057e-8,0.6666120752977289,0.19592202666762662,0.03072833960807359,0.004509371446153172,1.4296773217627883e-7,3.2407448498867584e-7,6.105305657192261e-7,2.164000000000087e-6,2.164000000000087e-6,2.164000000000087e-6,1.1740000000000065e-6,1.1740000000000065e-6,1.1740000000000065e-6
2025-06-14T21:21:30Z,40.09143825517487,-75.29786126725811,-356.8760582782775,130.0896437541285,-251.4169345817282,-38.10561960065571,1.2563171190488305,-0.7805888242958664,-0.7011146387578047,0.0,0.0,0.0,0.0,0.0,0.0,5.929733702909438e-8,6.087359597135541e-8,0.6768969016135936,0.19926751442412943,0.030260827905468586,0.004431828122479365,1.4169139528079603e-7,3.2324806455694386e-7,6.144469592244867e-7,2.1680000000000875e-6,2.1680000000000875e-6,2.1680000000000875e-6,1.1780000000000068e-6,1.1780000000000068e-6,1.1780000000000068e-6
2025-06-14T21:21:31Z,40.092233542578704,-75.3013451004771,-342.04508553373284,129.5411561303531,-249.98655285300728,-36.40701636773537,1.2655512846699963,-0.7736151077309344,-0.697652934993007,0.0,0.0,0.0,0.0,0.0,0.0,6.294740913153011e-8,6.484184252079679e-8,0.6844977129934685,0.2024578042926503,0.029803833175009405,0.00434190505660971,1.406581198644763e-7,3.2232877075091227e-7,6.183650342881455e-7,2.172000000000088e-6,2.172000000000088e-6,2.172000000000088e-6,1.182000000000007e-6,1.182000000000007e-6,1.182000000000007e-6
2025-06-14T21:21:32Z,40.07695225096257,-75.25160862212695,-201.32618396476647,121.43956942013706,-250.8054240344148,-26.481439268871476,1.3130019308414078,-0.7186635235869266,-0.6750956770381763,0.0,0.0,0.0,0.0,0.0,0.0,7.693503658120797e-9,7.69902314760539e-9,0.4464342240474643,0.1871514614167502,0.027690590260512116,0.003152310948742433,1.285509091042264e-7,3.07984356403466e-7,5.892164842140089e-7,2.177000000000088e-6,2.177000000000088e-6,2.177000000000088e-6,1.1870000000000074e-6,1.1870000000000074e-6,1.1870000000000074e-6
2025-06-14T21:21:33Z,40.07798855838777,-75.2545858794432,-205.25452660618012,118.6587449964975,-248.46777184447433,-26.686264035631023,1.3102707756693501,-0.7370291394264015,-0.673065984319606,0.0,0.0,0.0,0.0,0.0,0.0,1.1685622095437035e-8,1.1698408750031349e-8,0.46940125497283625,0.18981672508008962,0.02741515077890631,0.003215352463088502,1.3051677297020313e-7,3.096542243337333e-7,5.931500600208821e-7,2.1810000000000885e-6,2.1810000000000885e-6,2.1810000000000885e-6,1.1910000000000077e-6,1.1910000000000077e-6,1.1910000000000077e-6
2025-06-14T21:21:34Z,40.07898374370198,-75.25756188112845,-207.93391497299444,116.09474454725566,-246.48427084445117,-26.889085224859066,1.2937566607714566,-0.7247987515401002,-0.6601555540954361,0.0,0.0,0.0,0.0,0.0,0.0,1.5668912117202627e-8,1.5697090422178642e-8,0.49093175626753704,0.192345120060098,0.027149587494267654,0.003263745683956623,1.3238183801111794e-7,3.1096268970865464e-7,5.97079447222207e-7,2.1850000000000888e-6,2.1850000000000888e-6,2.1850000000000888e-6,1.195000000000008e-6,1.195000000000008e-6,1.195000000000008e-6
2025-06-14T21:21:35Z,40.07993961380988,-75.26053870230315,-209.39654108416752,113.48589163608665,-244.4371159820949,-26.824473428882385,1.2904437636479387,-0.716819917049552,-0.6541028154745143,0.0,0.0,0.0,0.0,0.0,0.0,1.964019648533199e-8,1.969480036388796e-8,0.5107970073018249,0.1949799702150061,0.026899940571190356,0.003310716907519563,1.3417745934635608e-7,3.119135397851634e-7,6.010052173222811e-7,2.189000000000089e-6,2.189000000000089e-6,2.189000000000089e-6,1.1990000000000083e-6,1.1990000000000083e-6,1.1990000000000083e-6
2025-06-14T21:21:36Z,40.080856742915074,-75.26351744342999,-209.67220855280186,111.29423094541215,-242.60419730901333,-26.693832867744618,1.2803989915361156,-0.699139786284288,-0.6443262808448069,0.0,0.0,0.0,0.0,0.0,0.0,2.359638446330253e-8,2.3691270676879626e-8,0.5289489526812279,0.197526022321774,0.026692418465383953,0.0033341414456137903,1.3593559949337687e-7,3.125170929166323e-7,6.049280403158902e-7,2.1930000000000894e-6,2.1930000000000894e-6,2.1930000000000894e-6,1.2030000000000086e-6,1.2030000000000086e-6,1.2030000000000086e-6
2025-06-14T21:21:37Z,40.08173774022291,-75.26649748004937,-208.93485431674338,109.26383578470823,-240.57521130093102,-26.580454751069354,1.2765603004342734,-0.7024649763398298,-0.6501665523313451,0.0,0.0,0.0,0.0,0.0,0.0,2.7534481391513856e-8,2.7686234597765473e-8,0.5452167800997261,0.20015947493741956,0.026515932480890233,0.0033473999706097827,1.3768550336017535e-7,3.127875949494876e-7,6.088485399689327e-7,2.1970000000000897e-6,2.1970000000000897e-6,2.1970000000000897e-6,1.207000000000009e-6,1.207000000000009e-6,1.207000000000009e-6
2025-06-14T21:21:38Z,40.08258381443206,-75.26947720537154,-207.3566688527839,107.43974074078592,-238.6863176751724,-26.35231249560051,1.268219293329028,-0.6895961619537291,-0.6446087238122855,0.0,0.0,0.0,0.0,0.0,0.0,3.1451597394438524e-8,3.167942759536011e-8,0.5595999222906279,0.20275354674069743,0.026369579820434468,0.003347915839462666,1.3945419351721818e-7,3.1274791751432535e-7,6.127674262921242e-7,2.20100000000009e-6,2.20100000000009e-6,2.20100000000009e-6,1.2110000000000092e-6,1.2110000000000092e-6,1.2110000000000092e-6
2025-06-14T21:21:39Z,40.083393209631254,-75.27245636564193,-204.96323500522408,105.78148066460969,-236.7652631579332,-25.865491655090327,1.2716067975767054,-0.6802449231863517,-0.6526285727802147,0.0,0.0,0.0,0.0,0.0,0.0,3.534495503438327e-8,3.5670588503020154e-8,0.5721020388234489,0.20540312852903722,0.02626525094579292,0.003337398698305879,1.412639410427041e-7,3.1242607483266097e-7,6.166854098896741e-7,2.2050000000000903e-6,2.2050000000000903e-6,2.2050000000000903e-6,1.2150000000000095e-6,1.2150000000000095e-6,1.2150000000000095e-6
2025-06-14T21:21:40Z,40.08416859793405,-75.27543286121393,-201.91233190117876,104.3973606406311,-234.92230753416683,-25.567948445750993,1.2651839919082273,-0.6621947701618877,-0.6450476761368139,0.0,0.0,0.0,0.0,0.0,0.0,3.921189644388916e-8,3.965946073272963e-8,0.5827800437529849,0.2079801466841848,0.026190738736182113,0.0033117839770300506,1.431333738334426e-7,3.118527002990966e-7,6.206031620988775e-7,2.2090000000000906e-6,2.2090000000000906e-6,2.2090000000000906e-6,1.2190000000000098e-6,1.2190000000000098e-6,1.2190000000000098e-6
2025-06-14T21:21:41Z,40.08490806295026,-75.27840417657534,-198.5781625339398,102.86592257505794,-232.88913828078364,-25.41111960530744,1.2386564268241684,-0.661884593963638,-0.6223772527999067,0.0,0.0,0.0,0.0,0.0,0.0,4.304988891102726e-8,4.364579309377999e-8,0.591673541357093,0.21058416823591503,0.026132050479481025,0.003289941241075994,1.4507671802912452e-7,3.1106065883817244e-7,6.245212955761281e-7,2.213000000000091e-6,2.213000000000091e-6,2.213000000000091e-6,1.2230000000000101e-6,1.2230000000000101e-6,1.2230000000000101e-6
2025-06-14T21:21:42Z,40.08561176145264,-75.28136820475389,-195.01205504733332,101.87344575962902,-230.99777565461503,-24.979601215182537,1.2346476651347376,-0.6594115830434859,-0.6277149208970705,0.0,0.0,0.0,0.0,0.0,0.0,4.685652977751679e-8,4.7629340975284984e-8,0.5989959411340935,0.21315174852766736,0.026140752958394946,0.003239753625234277,1.4710452431082648e-7,3.10084768937169e-7,6.284404329981072e-7,2.217000000000091e-6,2.217000000000091e-6,2.217000000000091e-6,1.2270000000000104e-6,1.2270000000000104e-6,1.2270000000000104e-6
2025-06-14T21:21:43Z,40.086275372848974,-75.28432530644457,-191.1012194724155,100.82724575946682,-229.11912694942993,-24.33770133993847,1.234778654020129,-0.6562573023627098,-0.6331446852542724,0.0,0.0,0.0,0.0,0.0,0.0,5.06295502762457e-8,5.16098672502405e-8,0.6046895119316883,0.2157338350635203,0.02618565611996689,0.0031894496489865212,1.4922353679529803e-7,3.0895461400129255e-7,6.32360966110152e-7,2.2210000000000915e-6,2.2210000000000915e-6,2.2210000000000915e-6,1.2310000000000107e-6,1.2310000000000107e-6,1.2310000000000107e-6
2025-06-14T21:21:44Z,40.086894556631215,-75.28727540607731,-186.9249931109009,99.64742754630116,-227.49927340564938,-23.742678957141926,1.248031669621383,-0.6455899264720846,-0.6576692664581066,0.0,0.0,0.0,0.0,0.0,0.0,5.436681946278902e-8,5.5587143604160546e-8,0.6089429244235762,0.2181599802322979,0.026255429591362275,0.0031399287639827848,1.5143754531059687e-7,3.077064994936316e-7,6.36283383529633e-7,2.2250000000000918e-6,2.2250000000000918e-6,2.2250000000000918e-6,1.235000000000011e-6,1.235000000000011e-6,1.235000000000011e-6
2025-06-14T21:21:45Z,40.08747101339105,-75.29021869715379,-182.5219256038881,98.50162785454125,-226.1636806932583,-22.965443292437786,1.2658369181114815,-0.6333493539059304,-0.692923241271002,0.0,0.0,0.0,0.0,0.0,0.0,5.8066346672674275e-8,5.956095164751291e-8,0.611931754795829,0.220431441903052,0.026371814046847575,0.003083497124976327,1.537478800481381e-7,3.0637129350226157e-7,6.402080809321175e-7,2.229000000000092e-6,2.229000000000092e-6,2.229000000000092e-6,1.2390000000000113e-6,1.2390000000000113e-6,1.2390000000000113e-6
2025-06-14T21:21:46Z,40.0880052291885,-75.29316006098509,-177.33358534799194,97.71086865772271,-225.23437806867267,-21.867404736834498,1.3060092102552574,-0.6207352875454003,-0.7532189120895398,0.0,0.0,0.0,0.0,0.0,0.0,6.172628450916259e-8,6.353108285638194e-8,0.6137539911195798,0.2225325352922861,0.02655380808592048,0.0030064638178880104,1.5615518303971802e-7,3.049722107521716e-7,6.441353137936996e-7,2.2330000000000924e-6,2.2330000000000924e-6,2.2330000000000924e-6,1.2430000000000116e-6,1.2430000000000116e-6,1.2430000000000116e-6
2025-06-14T21:21:47Z,40.08849628510421,-75.29609842798429,-171.49302108899963,96.96400711078704,-224.16893398785925,-20.784369200439627,1.3371411203979227,-0.6154728979724196,-0.7959129892638331,0.0,0.0,0.0,0.0,0.0,0.0,6.534492983648546e-8,6.74973397892151e-8,0.6143815089628726,0.2246736500442331,0.026776615820500144,0.0029302499521731457,1.5865966065120672e-7,3.035286043361529e-7,6.480652109537476e-7,2.2370000000000927e-6,2.2370000000000927e-6,2.2370000000000927e-6,1.247000000000012e-6,1.247000000000012e-6,1.247000000000012e-6
2025-06-14T21:21:48Z,40.08894127682526,-75.29902793818842,-165.65741093347313,96.12733122273474,-222.8650074212641,-20.118084423871395,1.3583126455589192,-0.602536245636413,-0.8321176632916624,0.0,0.0,0.0,0.0,0.0,0.0,6.892072199610592e-8,7.145953653395768e-8,0.6139924397340831,0.2268559074784719,0.027016587006038296,0.0028634096185332983,1.612609852049509e-7,3.020621147760287e-7,6.51997942274698e-7,2.241000000000093e-6,2.241000000000093e-6,2.241000000000093e-6,1.2510000000000122e-6,1.2510000000000122e-6,1.2510000000000122e-6
2025-06-14T21:21:49Z,40.08933960412215,-75.30194352982005,-159.98310074351602,95.33998816846957,-221.1026600826111,-19.4274380532539,1.372329392697675,-0.5948423700276755,-0.8487861765659004,0.0,0.0,0.0,0.0,0.0,0.0,7.245224077015292e-8,7.541749950306498e-8,0.6128231484881793,0.2292808404904065,0.027302482088578803,0.0028004754684779116,1.6395667624062894e-7,3.0059127865395824e-7,6.559336457614128e-7,2.2450000000000933e-6,2.2450000000000933e-6,2.2450000000000933e-6,1.2550000000000125e-6,1.2550000000000125e-6,1.2550000000000125e-6
2025-06-14T21:21:50Z,40.08968694017307,-75.30466726732921,-154.55302958360915,94.13267160876015,-219.62261550243156,-18.9252102498063,1.38040974512288,-0.5869278714751661,-0.8551834281837802,0.0,0.0,0.0,0.0,0.0,0.0,7.592519237486887e-8,7.941711892691312e-8,0.6110426291586635,0.2314861864143501,0.027615415701117568,0.0027510081606656215,1.6674234445495405e-7,2.9912923639852036e-7,6.598723497362552e-7,2.2490000000000936e-6,2.2490000000000936e-6,2.2490000000000936e-6,1.2590000000000128e-6,1.2590000000000128e-6,1.2590000000000128e-6
2025-06-14T21:21:51Z,40.08996305447436,-75.30736798880542,-149.43482895997,92.80365077528222,-218.145514357448,-18.494213381233166,1.3817714004987758,-0.5742265609929312,-0.8548937878290825,0.0,0.0,0.0,0.0,0.0,0.0,7.933785408988991e-8,8.34166753649043e-8,0.6088490608515419,0.23365798117430997,0.02796893747722938,0.002708206851057958,1.6961100673005242e-7,2.976892213245182e-7,6.638141496523027e-7,2.253000000000094e-6,2.253000000000094e-6,2.253000000000094e-6,1.2630000000000131e-6,1.2630000000000131e-6,1.2630000000000131e-6
2025-06-14T21:21:52Z,40.09017487647041,-75.31004658887416,-144.47573529926282,91.20546735232988,-216.77797454468197,-17.835085734131898,1.4061200478317333,-0.5758599755461062,-0.8704321515562162,0.0,0.0,0.0,0.0,0.0,0.0,8.268715647130597e-8,8.741617118030598e-8,0.6063709955743444,0.235790084321336,0.028386540874943536,0.0026715207205817736,1.7255777858150243e-7,2.962735770527306e-7,6.6775901133981e-7,2.257000000000094e-6,2.257000000000094e-6,2.257000000000094e-6,1.2670000000000134e-6,1.2670000000000134e-6,1.2670000000000134e-6
2025-06-14T21:21:53Z,40.09032134178437,-75.31270396629786,-139.53360134634073,89.52175321602996,-215.52452455718924,-17.12578675738625,1.4214648004508152,-0.5668546889692038,-0.8603537421472821,0.0,0.0,0.0,0.0,0.0,0.0,8.597014577324029e-8,9.141561011774076e-8,0.6037109326384926,0.23787126504594333,0.02885770710815771,0.0026400765375918433,1.7557793473392185e-7,2.9488125771474605e-7,6.717068762131507e-7,2.2610000000000945e-6,2.2610000000000945e-6,2.2610000000000945e-6,1.2710000000000138e-6,1.2710000000000138e-6,1.2710000000000138e-6
2025-06-14T21:21:54Z,40.090394199081885,-75.3153396494691,-134.82235996946167,87.53102507865827,-214.4008796295258,-16.47965403116045,1.438624239906428,-0.5582063488033123,-0.8506505593999711,0.0,0.0,0.0,0.0,0.0,0.0,8.91840029349695e-8,9.541499810047685e-8,0.6009522873883477,0.2398458062592564,0.029381610443906383,0.0026193403599109335,1.7866750332258873e-7,2.935078586086442e-7,6.756576574998999e-7,2.2650000000000948e-6,2.2650000000000948e-6,2.2650000000000948e-6,1.275000000000014e-6,1.275000000000014e-6,1.275000000000014e-6
2025-06-14T21:21:55Z,40.09040033006359,-75.31795191286652,-130.85696209278436,85.6699203446316,-213.33067658728024,-15.926604016676421,1.4593000505460092,-0.548832237923446,-0.8663466477444108,0.0,0.0,0.0,0.0,0.0,0.0,9.232606602498712e-8,9.941434424909989e-8,0.5982127705908371,0.2417207438790251,0.02995699375459668,0.0025915223109205443,1.8182292994120947e-7,2.921470977333955e-7,6.796112871012e-7,2.269000000000095e-6,2.269000000000095e-6,2.269000000000095e-6,1.2790000000000144e-6,1.2790000000000144e-6,1.2790000000000144e-6
2025-06-14T21:21:56Z,40.09034199371192,-75.32054507103804,-127.13385766041858,83.60763310928218,-212.29572134268253,-15.583417370419957,1.4721563273489902,-0.5463296609549573,-0.8652909631107512,0.0,0.0,0.0,0.0,0.0,0.0,9.539381188081301e-8,1.0341365953234309e-7,0.5954383748973975,0.2435043838780033,0.030577464743257315,0.0025717702545243527,1.8504158163776267e-7,2.9078820203151785e-7,6.835675935569997e-7,2.2730000000000954e-6,2.2730000000000954e-6,2.2730000000000954e-6,1.2830000000000147e-6,1.2830000000000147e-6,1.2830000000000147e-6
2025-06-14T21:21:57Z,40.09022383754388,-75.3231211295888,-123.66096948691583,81.30345830971525,-211.4211123534793,-15.3613308954013,1.4729738749658163,-0.5437828957689287,-0.860585373722106,0.0,0.0,0.0,0.0,0.0,0.0,9.838488061946095e-8,1.0741295632632852e-7,0.5927167880155908,0.2451219798757412,0.03125205768027264,0.0025630051759169513,1.8832086113139785e-7,2.894248144935141e-7,6.875265005694994e-7,2.2770000000000957e-6,2.2770000000000957e-6,2.2770000000000957e-6,1.287000000000015e-6,1.287000000000015e-6,1.287000000000015e-6
2025-06-14T21:21:58Z,40.09002616890151,-75.32568289259068,-120.09289479186481,79.48827582418389,-210.64012087452264,-15.08580343997093,1.4839403719009732,-0.5384045453181052,-0.8857059672896549,0.0,0.0,0.0,0.0,0.0,0.0,1.0129707422163604e-7,1.1141224826091011e-7,0.5901440282168036,0.24665907642457596,0.03197712493080027,0.002537243986159637,1.9165849820355315e-7,2.8804811153042544e-7,6.914879412018464e-7,2.281000000000096e-6,2.281000000000096e-6,2.281000000000096e-6,1.2910000000000153e-6,1.2910000000000153e-6,1.2910000000000153e-6
2025-06-14T21:21:59Z,40.0897611579192,-75.32822893126705,-116.65224131495968,77.56877536217236,-209.77019500675848,-14.838594308740195,1.4915099890322843,-0.5202585478414399,-0.8839647077836686,0.0,0.0,0.0,0.0,0.0,0.0,1.0412838767592229e-7,1.1541155318193955e-7,0.5875629678077787,0.24826317432768627,0.03275921047929196,0.0025199977241894436,1.9505315891203313e-7,2.8664497044504943e-7,6.954517007505924e-7,2.2850000000000963e-6,2.2850000000000963e-6,2.2850000000000963e-6,1.2950000000000156e-6,1.2950000000000156e-6,1.2950000000000156e-6
2025-06-14T21:22:00Z,40.0894431905289,-75.33075683104754,-113.47945571160156,75.40738637275109,-208.627937465923,-14.676934915009875,1.5060459514852038,-0.5313871929061381,-0.8782982592603664,0.0,0.0,0.0,0.0,0.0,0.0,1.0687701558578032e-7,1.1941088761925125e-7,0.5850698650477011,0.2499555090288363,0.03360337961918376,0.002510379625962815,1.9850284521238195e-7,2.8521171231957776e-7,6.994177241664458e-7,2.2890000000000966e-6,2.2890000000000966e-6,2.2890000000000966e-6,1.2990000000000159e-6,1.2990000000000159e-6,1.2990000000000159e-6
2025-06-14T21:22:01Z,40.08905930584823,-75.33326733895545,-110.53158810312864,73.13217665092702,-207.939932011637,-14.413718970656982,1.5188085044375417,-0.5145893380953439,-0.875910642171193,0.0,0.0,0.0,0.0,0.0,0.0,1.0954136970758679e-7,1.2341026563078575e-7,0.5827418416042244,0.25139659555364363,0.03452199927557766,0.002507828396714802,2.0200482365982046e-7,2.8374361575075416e-7,7.033859519033767e-7,2.293000000000097e-6,2.293000000000097e-6,2.293000000000097e-6,1.3030000000000162e-6,1.3030000000000162e-6,1.3030000000000162e-6
2025-06-14T21:22:02Z,40.08861537614351,-75.3357632916234,-107.73515419769414,70.89798850635468,-207.26957426101168,-14.123469822278345,1.5371857712428068,-0.504411528694154,-0.8801103822923352,0.0,0.0,0.0,0.0,0.0,0.0,1.1212006971151656e-7,1.2740970346849528e-7,0.5806148217886271,0.2527882680142865,0.03550519690978319,0.00250329548864639,2.055557152109246e-7,2.822357177432533e-7,7.073563371474976e-7,2.297000000000097e-6,2.297000000000097e-6,2.297000000000097e-6,1.3070000000000165e-6,1.3070000000000165e-6,1.3070000000000165e-6
2025-06-14T21:22:03Z,40.088099379475324,-75.33824578662015,-105.08412690038928,68.4371545860354,-206.83480646884405,-13.874513476178153,1.5554869936268256,-0.4945601783868026,-0.8861591235740722,0.0,0.0,0.0,0.0,0.0,0.0,1.1461192862725479e-7,1.3140921490429694e-7,0.5786574349305289,0.2539857672259873,0.03656262937645777,0.002507990349997361,2.0915371095943822e-7,2.806790538917326e-7,7.113287722257836e-7,2.3010000000000975e-6,2.3010000000000975e-6,2.3010000000000975e-6,1.3110000000000168e-6,1.3110000000000168e-6,1.3110000000000168e-6
2025-06-14T21:22:04Z,40.0875288492236,-75.34071801154279,-102.63676545546565,66.26749847105131,-206.61406417609206,-13.853009058151347,1.5616996321894459,-0.5026357526359592,-0.9024581723593519,0.0,0.0,0.0,0.0,0.0,0.0,1.1701596436179794e-7,1.3540881410555794e-7,0.5769294996709372,0.2548926882742789,0.03764806968158354,0.0025009565537110127,2.1279673261741463e-7,2.790675819129245e-7,7.1530322145793e-7,2.3050000000000978e-6,2.3050000000000978e-6,2.3050000000000978e-6,1.315000000000017e-6,1.315000000000017e-6,1.315000000000017e-6
2025-06-14T21:22:05Z,40.086906004861724,-75.34318008965829,-100.4776150860268,63.95797921069361,-206.22852708478285,-13.838697734544864,1.5659123691801498,-0.4916811399217311,-0.903955020400183,0.0,0.0,0.0,0.0,0.0,0.0,1.1933138403261992e-7,1.394085087665206e-7,0.5752958477412775,0.2559059495688764,0.03880730574041699,0.0025042856157951846,2.1648344618490557e-7,2.773916797701238e-7,7.192795427909635e-7,2.309000000000098e-6,2.309000000000098e-6,2.309000000000098e-6,1.3190000000000174e-6,1.3190000000000174e-6,1.3190000000000174e-6
2025-06-14T21:22:06Z,40.0862270523506,-75.34563062919469,-98.5534156100164,61.818149206837674,-205.80598251523293,-13.810794482316384,1.5651273792458085,-0.4901553510247719,-0.9083467294840669,0.0,0.0,0.0,0.0,0.0,0.0,1.2155760709411024e-7,1.4340830245460623e-7,0.57385951176418,0.2568631420961656,0.04002235921326159,0.002501644387447707,2.2021266824904765e-7,2.7564695449975047e-7,7.232577130498022e-7,2.3130000000000984e-6,2.3130000000000984e-6,2.3130000000000984e-6,1.3230000000000177e-6,1.3230000000000177e-6,1.3230000000000177e-6
2025-06-14T21:22:07Z,40.085520802621545,-75.34806773629154,-96.86913628431988,59.948005125472115,-205.08429077942964,-13.839030839284222,1.557383026927294,-0.4800851356999518,-0.9023802359687473,0.0,0.0,0.0,0.0,0.0,0.0,1.2369428004818766e-7,1.4740819456869952e-7,0.5725542196563814,0.2579600969050882,0.04127653050923388,0.002491024775079978,2.2398205794704734e-7,2.7382806322153996e-7,7.272376373520322e-7,2.3170000000000987e-6,2.3170000000000987e-6,2.3170000000000987e-6,1.327000000000018e-6,1.327000000000018e-6,1.327000000000018e-6
2025-06-14T21:22:08Z,40.0816624981651,-75.25583437480991,-66.6890076823894,57.76240306288259,-201.61811178517192,-12.205882109320473,1.552653869817549,-0.46633773782636423,-0.8969405402427546,0.0,0.0,0.0,0.0,0.0,0.0,5.978074713720798e-9,5.9801680884819635e-9,0.4347153995433352,0.23047703500846928,0.04149595326693079,0.002078483935142919,2.2639537861304788e-7,2.577852025910917e-7,6.926576319215128e-7,2.322000000000099e-6,2.322000000000099e-6,2.322000000000099e-6,1.3320000000000183e-6,1.3320000000000183e-6,1.3320000000000183e-6
2025-06-14T21:22:09Z,40.08213325978129,-75.2582121790033,-69.47733855260853,55.725658171763435,-200.3708544710583,-12.26410238639415,1.5530598301707375,-0.4669295395632052,-0.906208930585957,0.0,0.0,0.0,0.0,0.0,0.0,9.973034791115834e-9,9.97976411434496e-9,0.4450267281039721,0.23201861695449233,0.042789341349326784,0.0020934820069146696,2.3029129130777295e-7,2.5817744208679434e-7,6.966137465838314e-7,2.3260000000000994e-6,2.3260000000000994e-6,2.3260000000000994e-6,1.3360000000000186e-6,1.3360000000000186e-6,1.3360000000000186e-6
2025-06-14T21:22:10Z,40.08256652932974,-75.26058325684426,-71.80335858271185,54.14022486101805,-198.76619030474725,-12.195541880046036,1.5521024792468705,-0.46007084711581225,-0.9163532709298976,0.0,0.0,0.0,0.0,0.0,0.0,1.3960606057924772e-8,1.3978758549184351e-8,0.4547744222895406,0.23373466547247407,0.04411932487393162,0.0020914220080946334,2.3420265993851373e-7,2.582409335059445e-7,7.005680884142894e-7,2.3300000000000997e-6,2.3300000000000997e-6,2.3300000000000997e-6,1.340000000000019e-6,1.340000000000019e-6,1.340000000000019e-6
2025-06-14T21:22:11Z,40.08296857382376,-75.26294263932326,-73.59117919448735,53.13980365404884,-196.80121513947114,-12.035958005640426,1.5505695200412555,-0.46281684654993954,-0.9370831507095064,0.0,0.0,0.0,0.0,0.0,0.0,1.7937583826867314e-8,1.7976882100290734e-8,0.4638017598911168,0.2355868693193395,0.045466729973158454,0.002066369498032999,2.3812742048551938e-7,2.580005638232651e-7,7.045210527026037e-7,2.3340000000001e-6,2.3340000000001e-6,2.3340000000001e-6,1.3440000000000192e-6,1.3440000000000192e-6,1.3440000000000192e-6
2025-06-14T21:22:12Z,40.08334403462289,-75.2652874288707,-74.84879719362927,52.28745592743233,-194.83056727240393,-11.96629679942486,1.5327815598609371,-0.4692531061511639,-0.9498135818696898,0.0,0.0,0.0,0.0,0.0,0.0,2.190083528611157e-8,2.1973867195202584e-8,0.4719011162863953,0.23734399620563087,0.0468491093204828,0.0020370422790509267,2.4206290212263955e-7,2.5749111206129265e-7,7.084730726366994e-7,2.3380000000001003e-6,2.3380000000001003e-6,2.3380000000001003e-6,1.3480000000000195e-6,1.3480000000000195e-6,1.3480000000000195e-6
2025-06-14T21:22:13Z,40.08369170805626,-75.26761693857685,-75.68458285480445,51.47531101746375,-192.74253344940294,-11.835186607794167,1.521552900939255,-0.444001034029777,-0.9539547137834744,0.0,0.0,0.0,0.0,0.0,0.0,2.5847308990236237e-8,2.5969449066416604e-8,0.47903446680685086,0.23920561435439391,0.04828970325815638,0.002007984580635281,2.460061951708893e-7,2.567581916324666e-7,7.124247413198556e-7,2.3420000000001006e-6,2.3420000000001006e-6,2.3420000000001006e-6,1.3520000000000198e-6,1.3520000000000198e-6,1.3520000000000198e-6
2025-06-14T21:22:14Z,40.08401558026464,-75.26992894003426,-76.14669834319513,50.65234926124237,-190.6797585774497,-11.7434281368829,1.5105559744953154,-0.4635177309226674,-0.9573001504070339,0.0,0.0,0.0,0.0,0.0,0.0,2.9774043877388364e-8,2.996336691353804e-8,0.48523274460376953,0.24091516135231825,0.04977836155814099,0.0019746253506528547,2.499549997029782e-7,2.5584723090427127e-7,7.163766276615548e-7,2.346000000000101e-6,2.346000000000101e-6,2.346000000000101e-6,1.3560000000000201e-6,1.3560000000000201e-6,1.3560000000000201e-6
2025-06-14T21:22:15Z,40.08431227562654,-75.27222507135443,-76.35527403002166,49.51604087799437,-188.87709434167752,-11.745329668770434,1.4902961050664048,-0.45283925369115596,-0.9412895410414746,0.0,0.0,0.0,0.0,0.0,0.0,3.367817717549832e-8,3.395536478778581e-8,0.4904868313023749,0.24247712109147268,0.051344157813740035,0.0019547390131048137,2.5390716343194504e-7,2.5480213194670483e-7,7.203292275422362e-7,2.350000000000101e-6,2.350000000000101e-6,2.350000000000101e-6,1.3600000000000204e-6,1.3600000000000204e-6,1.3600000000000204e-6
2025-06-14T21:22:16Z,40.08457579803877,-75.27450847040376,-76.47504373054937,48.47857487176649,-187.2127154810336,-11.839961095020808,1.4645891529819972,-0.4295196763335772,-0.9291854859008726,0.0,0.0,0.0,0.0,0.0,0.0,3.75569523324364e-8,3.794519285759779e-8,0.49498169440156575,0.2439202410763007,0.05294566034573511,0.0019326269687448933,2.5786114962304736e-7,2.5366391398614055e-7,7.242830665073479e-7,2.3540000000001015e-6,2.3540000000001015e-6,2.3540000000001015e-6,1.3640000000000207e-6,1.3640000000000207e-6,1.3640000000000207e-6
2025-06-14T21:22:17Z,40.08481227336616,-75.27677932161612,-76.54882405151224,47.54750249009189,-185.8195085479405,-11.788767819666262,1.455737608120272,-0.43747799858579056,-0.9452271014073288,0.0,0.0,0.0,0.0,0.0,0.0,4.140772633768049e-8,4.193260866835066e-8,0.4987465806548764,0.24514631831731593,0.05460682789229333,0.0019013875937893621,2.618160012769703e-7,2.524624904504644e-7,7.282384547924317e-7,2.3580000000001018e-6,2.3580000000001018e-6,2.3580000000001018e-6,1.368000000000021e-6,1.368000000000021e-6,1.368000000000021e-6
2025-06-14T21:22:18Z,40.08501577224239,-75.27903969265826,-76.46520538472564,46.5671660115265,-184.30511077089002,-11.635328459965983,1.4533967686196299,-0.44054320364242167,-0.952095337963883,0.0,0.0,0.0,0.0,0.0,0.0,4.5227975409559636e-8,4.591737739309706e-8,0.5017432340916175,0.24646124917634094,0.05634409191790045,0.0018713618204041014,2.6577097910428493e-7,2.512244009572429e-7,7.321956052735669e-7,2.362000000000102e-6,2.362000000000102e-6,2.362000000000102e-6,1.3720000000000213e-6,1.3720000000000213e-6,1.3720000000000213e-6
2025-06-14T21:22:19Z,40.08518780421585,-75.28128688983435,-76.22395622726947,45.33183166573636,-182.71916110285008,-11.484679018927498,1.4523321325495304,-0.41446952406980175,-0.948886610185427,0.0,0.0,0.0,0.0,0.0,0.0,4.901530093944663e-8,4.989927350850825e-8,0.504049379932723,0.24786589568399858,0.05817062285722852,0.0018519446721050818,2.6972577601753024e-7,2.4997429942456456e-7,7.361547346610195e-7,2.3660000000001024e-6,2.3660000000001024e-6,2.3660000000001024e-6,1.3760000000000216e-6,1.3760000000000216e-6,1.3760000000000216e-6
2025-06-14T21:22:20Z,40.08531795322916,-75.28352233927045,-75.93665705392095,44.167453842013195,-181.096354162455,-11.380676728594597,1.4544447756088306,-0.4175671500107676,-0.9556795226248381,0.0,0.0,0.0,0.0,0.0,0.0,5.27674324563716e-8,5.387808113917336e-8,0.5058390701253089,0.24920889789108905,0.060038059717606965,0.0018269516479652139,2.736799332596556e-7,2.487336133783184e-7,7.40116074399119e-7,2.3700000000001027e-6,2.3700000000001027e-6,2.3700000000001027e-6,1.380000000000022e-6,1.380000000000022e-6,1.380000000000022e-6
2025-06-14T21:22:21Z,40.085411009808,-75.28574422521278,-75.6233732794062,42.94104624487315,-179.52690430073952,-11.304990708971259,1.4529260864059892,-0.4220271711650681,-0.9437704116496876,0.0,0.0,0.0,0.0,0.0,0.0,5.648223227370259e-8,5.78535960983058e-8,0.5071026587897115,0.25051049777077966,0.06196765428957089,0.0018035110214035138,2.77632893006541e-7,2.475167763470908e-7,7.440796978963497e-7,2.374000000000103e-6,2.374000000000103e-6,2.374000000000103e-6,1.3840000000000222e-6,1.3840000000000222e-6,1.3840000000000222e-6
2025-06-14T21:22:22Z,40.08546930803073,-75.28795157600156,-75.30512897043621,41.74955360426873,-177.95063038344108,-11.273794172521377,1.449489026835135,-0.4182048943805087,-0.9376387140225344,0.0,0.0,0.0,0.0,0.0,0.0,6.015769699667026e-8,6.18256251243426e-8,0.5079091718437696,0.2518094497751278,0.06394763891695125,0.001780198022346878,2.815841534963644e-7,2.46337772858457e-7,7.480456991529514e-7,2.3780000000001033e-6,2.3780000000001033e-6,2.3780000000001033e-6,1.3880000000000225e-6,1.3880000000000225e-6,1.3880000000000225e-6
2025-06-14T21:22:23Z,40.08548055432565,-75.29014891102806,-74.8864871039497,40.467832266053016,-176.64386908831594,-10.964585893923397,1.4622109915449566,-0.4194936427922544,-0.94657042307294,0.0,0.0,0.0,0.0,0.0,0.0,6.379195949629785e-8,6.579398654853616e-8,0.5083068377691699,0.2529938674691521,0.06604482427134398,0.0017568987804164804,2.8553329496633645e-7,2.45207063941723e-7,7.520141231080321e-7,2.3820000000001036e-6,2.3820000000001036e-6,2.3820000000001036e-6,1.3920000000000228e-6,1.3920000000000228e-6,1.3920000000000228e-6
2025-06-14T21:22:24Z,40.085450786767105,-75.2923359169529,-74.48376485881651,39.10346091168965,-175.45175296893257,-10.944990072847347,1.4584150139643839,-0.4164165443053561,-0.9489706312666744,0.0,0.0,0.0,0.0,0.0,0.0,6.738329318285916e-8,6.975851362461615e-8,0.5083416370304354,0.25404624795075487,0.06816970764148089,0.0017374806366130089,2.894798268903128e-7,2.4413313931604664e-7,7.559849946957517e-7,2.386000000000104e-6,2.386000000000104e-6,2.386000000000104e-6,1.3960000000000231e-6,1.3960000000000231e-6,1.3960000000000231e-6
2025-06-14T21:22:25Z,40.085374903468185,-75.29451471515053,-74.1984080280462,37.58619186064234,-174.38375626216913,-10.743696860391893,1.4639202072498043,-0.42042453659354256,-0.9501335970125545,0.0,0.0,0.0,0.0,0.0,0.0,7.093011016818319e-8,7.371905171002612e-8,0.5080970311893238,0.2550579188806777,0.07040797602557093,0.001720166619052307,2.934236765584248e-7,2.431209524804427e-7,7.599583257923445e-7,2.390000000000104e-6,2.390000000000104e-6,2.390000000000104e-6,1.4000000000000234e-6,1.4000000000000234e-6,1.4000000000000234e-6
2025-06-14T21:22:26Z,40.08524682702461,-75.29668409270387,-73.84562661864882,35.90779020891217,-172.83119815563464,-10.457669433715619,1.4695301016814457,-0.3959380975606187,-0.9214184761683415,0.0,0.0,0.0,0.0,0.0,0.0,7.443096260453131e-8,7.767546084846263e-8,0.5076285082284493,0.2564660451783427,0.07275201662956353,0.001711351847644418,2.973649783253479e-7,2.4217134120460414e-7,7.639340816364773e-7,2.3940000000001045e-6,2.3940000000001045e-6,2.3940000000001045e-6,1.4040000000000237e-6,1.4040000000000237e-6,1.4040000000000237e-6
2025-06-14T21:22:27Z,40.085072900278234,-75.29883798080749,-73.32886279155167,33.82065552498985,-171.27459126984485,-10.150649980368735,1.4681648053524858,-0.3888207044883613,-0.8706571567256197,0.0,0.0,0.0,0.0,0.0,0.0,7.788453963251935e-8,8.162761664242051e-8,0.507050200875801,0.2578606857096659,0.07523097799701416,0.0017134941186900377,3.013040777194261e-7,2.4128268806886765e-7,7.679122368642406e-7,2.3980000000001048e-6,2.3980000000001048e-6,2.3980000000001048e-6,1.408000000000024e-6,1.408000000000024e-6,1.408000000000024e-6
2025-06-14T21:22:28Z,40.08484685617777,-75.30097855082067,-72.67823800371654,31.799693356375528,-169.91381716170716,-9.92007816050193,1.4716269562315696,-0.3857935662803274,-0.8330709930496776,0.0,0.0,0.0,0.0,0.0,0.0,8.128966089502858e-8,8.557540793086288e-8,0.5064969687593538,0.2591180174541431,0.07775682497154225,0.0017124761364949149,3.052403740096496e-7,2.4045369775870115e-7,7.718928180069714e-7,2.402000000000105e-6,2.402000000000105e-6,2.402000000000105e-6,1.4120000000000243e-6,1.4120000000000243e-6,1.4120000000000243e-6
2025-06-14T21:22:29Z,40.0845753906499,-75.30292594807966,-72.05843072230223,29.517527513197358,-168.21160859841277,-9.95277051467394,1.4678663980977698,-0.3959846473357837,-0.774982600821234,0.0,0.0,0.0,0.0,0.0,0.0,8.463345996881639e-8,8.957533712243512e-8,0.5059372974921931,0.2605355370026797,0.08033992107456328,0.0017192446493484704,3.0917350466549644e-7,2.39677845112371e-7,7.75875740052836e-7,2.4060000000001054e-6,2.4060000000001054e-6,2.4060000000001054e-6,1.4160000000000246e-6,1.4160000000000246e-6,1.4160000000000246e-6
2025-06-14T21:22:30Z,40.08424242236155,-75.30485241318097,-71.54234437713498,27.201553047508057,-166.5903752078271,-9.83412257095044,1.4639359472577087,-0.38932281596789237,-0.7102219027362597,0.0,0.0,0.0,0.0,0.0,0.0,8.791475773085114e-8,9.35752953908828e-8,0.5054565030482036,0.26197201463533615,0.08303587206115577,0.0017284342519693066,3.13103436201897e-7,2.389494090288846e-7,7.798609580061051e-7,2.4100000000001057e-6,2.4100000000001057e-6,2.4100000000001057e-6,1.420000000000025e-6,1.420000000000025e-6,1.420000000000025e-6
2025-06-14T21:22:31Z,40.08383989709806,-75.30675993408282,-71.14209434914346,24.76599211829218,-165.2084944865945,-9.953697716981376,1.4474871936170188,-0.3994085812926666,-0.6401521540045193,0.0,0.0,0.0,0.0,0.0,0.0,9.113125742568106e-8,9.757528953628128e-8,0.5050761133137863,0.26318278669201783,0.0857773883804256,0.0017392651870846367,3.1702962799853866e-7,2.382621447674589e-7,7.838484153295294e-7,2.414000000000106e-6,2.414000000000106e-6,2.414000000000106e-6,1.4240000000000252e-6,1.4240000000000252e-6,1.4240000000000252e-6
2025-06-14T21:22:32Z,40.0833798272373,-75.30865242334517,-70.86546022416421,22.94513101942032,-164.2054986373845,-9.99594076572192,1.428396005981086,-0.4000144255970359,-0.5906118022028828,0.0,0.0,0.0,0.0,0.0,0.0,9.428079544375457e-8,1.0157532620819028e-7,0.5048110586634625,0.2641516708460206,0.0885063896888531,0.0017319770643502504,3.2095161233330137e-7,2.3760973054427274e-7,7.878380612496344e-7,2.4180000000001063e-6,2.4180000000001063e-6,2.4180000000001063e-6,1.4280000000000255e-6,1.4280000000000255e-6,1.4280000000000255e-6
2025-06-14T21:22:33Z,40.082861792404515,-75.31053204275976,-70.55327349752503,21.082068837725764,-163.1806519467121,-9.805669352229744,1.426338091777313,-0.4027479477240554,-0.5555151422910741,0.0,0.0,0.0,0.0,0.0,0.0,9.73613347296312e-8,1.0557540957716556e-7,0.5044640687588807,0.2652013789819298,0.09136386678942311,0.0017248754812486272,3.248695540914872e-7,2.3698383829551663e-7,7.918296902821808e-7,2.4220000000001066e-6,2.4220000000001066e-6,2.4220000000001066e-6,1.4320000000000258e-6,1.4320000000000258e-6,1.4320000000000258e-6
2025-06-14T21:22:34Z,40.08229254008111,-75.31240045453765,-70.09636317498597,19.27968971680327,-162.44893585028808,-9.668569769229933,1.4230447640681574,-0.4034870104415737,-0.5260029049204473,0.0,0.0,0.0,0.0,0.0,0.0,1.0037097903038708e-7,1.0957554166071368e-7,0.5040475629327565,0.2660587771669604,0.09427467903666747,0.0017155804732565038,3.2878411454874966e-7,2.363823314493083e-7,7.958232312056357e-7,2.426000000000107e-6,2.426000000000107e-6,2.426000000000107e-6,1.4360000000000261e-6,1.4360000000000261e-6,1.4360000000000261e-6
2025-06-14T21:22:35Z,40.08167811492744,-75.31425996881035,-69.46336019757041,17.956857120304278,-161.79485268446538,-9.388788695207515,1.4215803345905869,-0.4005447899984291,-0.525889697790697,0.0,0.0,0.0,0.0,0.0,0.0,1.0330797719199797e-7,1.1357572133500073e-7,0.5035493460496903,0.2668733179124337,0.09720423384228276,0.001692665925536541,3.3269581146947246e-7,2.3580364630851558e-7,7.998186121630034e-7,2.430000000000107e-6,2.430000000000107e-6,2.430000000000107e-6,1.4400000000000264e-6,1.4400000000000264e-6,1.4400000000000264e-6
2025-06-14T21:22:36Z,40.08100830658085,-75.31611103978345,-68.62552865859625,16.309517221506276,-161.17464039334627,-9.201015303201743,1.4225206703303883,-0.4013581610907006,-0.5196682505209149,0.0,0.0,0.0,0.0,0.0,0.0,1.0617072473338005e-7,1.1757594372727384e-7,0.5028337969500408,0.2676631827339779,0.10024682736174428,0.0016790764360449064,3.3660571659149244e-7,2.3524515448351416e-7,8.038156614331967e-7,2.4340000000001075e-6,2.4340000000001075e-6,2.4340000000001075e-6,1.4440000000000267e-6,1.4440000000000267e-6,1.4440000000000267e-6
2025-06-14T21:22:37Z,40.08030087325765,-75.31795478613687,-67.69317074235659,14.97906064942578,-160.638706434299,-8.9696837095321,1.4268005140575268,-0.4058841747518721,-0.5210027733414657,0.0,0.0,0.0,0.0,0.0,0.0,1.089577752266155e-7,1.2157620036242262e-7,0.502022552286097,0.26840762743466134,0.10330701972573776,0.0016555334332194198,3.40514798820536e-7,2.3470965193156574e-7,8.078143924020202e-7,2.4380000000001078e-6,2.4380000000001078e-6,2.4380000000001078e-6,1.448000000000027e-6,1.448000000000027e-6,1.448000000000027e-6
2025-06-14T21:22:38Z,40.07954602639322,-75.31978984697851,-66.67886802238982,13.856643957729526,-159.80189917313308,-8.770064633796547,1.429758776441295,-0.4138516888221334,-0.5273721718771713,0.0,0.0,0.0,0.0,0.0,0.0,1.116678414307438e-7,1.25576477562207e-7,0.5010189226152443,0.2693251676551113,0.10638670534468851,0.00162673822442449,3.444241272943948e-7,2.3419514948574774e-7,8.118146617722842e-7,2.442000000000108e-6,2.442000000000108e-6,2.442000000000108e-6,1.4520000000000273e-6,1.4520000000000273e-6,1.4520000000000273e-6
2025-06-14T21:22:39Z,40.0787330811886,-75.32161466266376,-65.5296123697417,12.558874032835122,-159.02414803756798,-8.490327769543708,1.4325254038712623,-0.40752393180430757,-0.5272820906307527,0.0,0.0,0.0,0.0,0.0,0.0,1.1429981771716684e-7,1.2957675638783752e-7,0.49978710936705945,0.2702436024118103,0.1096054931965482,0.001605049399228669,3.4833461226831235e-7,2.3370356701924075e-7,8.158163677515925e-7,2.4460000000001084e-6,2.4460000000001084e-6,2.4460000000001084e-6,1.4560000000000276e-6,1.4560000000000276e-6,1.4560000000000276e-6
2025-06-14T21:22:40Z,40.077874952675046,-75.32342984928599,-64.23307891196687,11.242914662702432,-158.2890253696189,-8.341569440414416,1.4319804126226967,-0.4097409093007894,-0.5283161707132104,0.0,0.0,0.0,0.0,0.0,0.0,1.1685278300870357e-7,1.335770112049153e-7,0.49842675353888605,0.2710968582149494,0.11286443563207753,0.0015835209140274602,3.522462699938416e-7,2.3324057411966882e-7,8.198195289683804e-7,2.4500000000001087e-6,2.4500000000001087e-6,2.4500000000001087e-6,1.460000000000028e-6,1.460000000000028e-6,1.460000000000028e-6
2025-06-14T21:22:41Z,40.076968626616434,-75.32523607994787,-62.92605567212623,9.903519820362852,-157.54260463863824,-8.20481849838824,1.4295352953182607,-0.4062604047263592,-0.5223157067859245,0.0,0.0,0.0,0.0,0.0,0.0,1.1932598016371318e-7,1.375772091983599e-7,0.4969524115101826,0.27196739560106414,0.11620240228471676,0.001563829769989404,3.5615926714693446e-7,2.3280771771277148e-7,8.238241002529316e-7,2.454000000000109e-6,2.454000000000109e-6,2.454000000000109e-6,1.4640000000000283e-6,1.4640000000000283e-6,1.4640000000000283e-6
2025-06-14T21:22:42Z,40.07603034148151,-75.32703359418139,-61.51842673576384,8.737386627297838,-156.88457448379071,-7.923787608561508,1.4330109281615102,-0.4017718300245801,-0.5275003632194647,0.0,0.0,0.0,0.0,0.0,0.0,1.2171882483216578e-7,1.415773090024701e-7,0.4953960994158125,0.27281659102929334,0.11961757818855367,0.0015394668118152378,3.600738628241326e-7,2.3240564485612053e-7,8.278300435748216e-7,2.4580000000001093e-6,2.4580000000001093e-6,2.4580000000001093e-6,1.4680000000000286e-6,1.4680000000000286e-6,1.4680000000000286e-6
2025-06-14T21:22:43Z,40.0750463490097,-75.32882435204247,-59.94649317340221,7.273032761918211,-156.40981781273723,-7.603203499194898,1.4436386325162012,-0.41523180272356613,-0.5359809981697545,0.0,0.0,0.0,0.0,0.0,0.0,1.2403089822751613e-7,1.4557726278616418e-7,0.49371433250997837,0.2735533330675738,0.12317674017049723,0.001521006503761162,3.6399018428447543e-7,2.320341831216642e-7,8.318372711333524e-7,2.4620000000001096e-6,2.4620000000001096e-6,2.4620000000001096e-6,1.4720000000000289e-6,1.4720000000000289e-6,1.4720000000000289e-6
2025-06-14T21:22:44Z,40.08553021312806,-75.25978169807313,-38.693103626216555,13.038449512618744,-148.2395440415431,-6.746401777075641,1.4207488991425858,-0.372278670486237,-0.5263678989121217,0.0,0.0,0.0,0.0,0.0,0.0,5.978101876561981e-9,5.980087976535693e-9,0.3905340388982358,0.24001562953850708,0.11689995973243589,0.0012974321187823835,3.572307833374031e-7,2.2038349667985482e-7,7.926805799797174e-7,2.46700000000011e-6,2.46700000000011e-6,2.46700000000011e-6,1.4770000000000292e-6,1.4770000000000292e-6,1.4770000000000292e-6
2025-06-14T21:22:45Z,40.0855906728033,-75.26153516695803,-39.58078986499679,11.237607532830049,-147.7151321387457,-6.749340610344774,1.4239418027953035,-0.38425140237664984,-0.5310957605498353,0.0,0.0,0.0,0.0,0.0,0.0,9.973093076412676e-9,9.979686037950232e-9,0.3966719400533238,0.24095872379130268,0.12022289488034463,0.0013014994769986864,3.6115969035001294e-7,2.2160533454981343e-7,7.966591136735861e-7,2.4710000000001103e-6,2.4710000000001103e-6,2.4710000000001103e-6,1.4810000000000295e-6,1.4810000000000295e-6,1.4810000000000295e-6
2025-06-14T21:22:46Z,40.08560936889814,-75.26329033672002,-40.203611199703666,9.37991965120828,-147.0283470606656,-6.618596083233442,1.4302570221719149,-0.38300905457757506,-0.5416125823054074,0.0,0.0,0.0,0.0,0.0,0.0,1.3960728280620743e-8,1.3978678737159442e-8,0.40240198608496813,0.2420133061186363,0.12368235541394859,0.001307924995551013,3.650892239041532e-7,2.226850512371565e-7,8.006373852026859e-7,2.4750000000001106e-6,2.4750000000001106e-6,2.4750000000001106e-6,1.4850000000000298e-6,1.4850000000000298e-6,1.4850000000000298e-6
2025-06-14T21:22:47Z,40.08558594106482,-75.26504648136165,-40.615490440289165,7.655958415385712,-146.38013176276502,-6.546087336563727,1.4271352185802715,-0.3873113347324946,-0.5436694115269882,0.0,0.0,0.0,0.0,0.0,0.0,1.7937802056066128e-8,1.7976795307885607e-8,0.4077588573198489,0.24300067999863081,0.1271761222750267,0.0013100659727900445,3.6901974002154816e-7,2.2363224471310228e-7,8.046155943446494e-7,2.479000000000111e-6,2.479000000000111e-6,2.479000000000111e-6,1.4890000000000301e-6,1.4890000000000301e-6,1.4890000000000301e-6
2025-06-14T21:22:48Z,40.08552307252269,-75.26680314180335,-40.838182257430624,5.930890101268832,-145.75787508584062,-6.43078059797929,1.4283461056838116,-0.36732294506950347,-0.5373980762681541,0.0,0.0,0.0,0.0,0.0,0.0,2.190117215537724e-8,2.197376868501967e-8,0.4127068864936194,0.2440111277292739,0.1307726276271042,0.0013138130723456087,3.7295125638443455e-7,2.2445627117936072e-7,8.085938948504654e-7,2.483000000000111e-6,2.483000000000111e-6,2.483000000000111e-6,1.4930000000000304e-6,1.4930000000000304e-6,1.4930000000000304e-6
2025-06-14T21:22:49Z,40.087043683568105,-75.26675701758849,-26.8811068003086,10.35643373916969,-137.5590187124405,-5.470400458277117,1.422418328743747,-0.35578390455957093,-0.5388275687595832,0.0,0.0,0.0,0.0,0.0,0.0,1.76108180171401e-8,1.7654998184702712e-8,0.3452728364912914,0.2172731671528381,0.12415285245168106,0.001163290292605468,3.6581555541760376e-7,2.1652320304738716e-7,7.77819028737764e-7,2.4880000000001115e-6,2.4880000000001115e-6,2.4880000000001115e-6,1.4980000000000308e-6,1.4980000000000308e-6,1.4980000000000308e-6
2025-06-14T21:22:50Z,40.086995089646834,-75.2684130349101,-27.810723413316033,8.60602177106516,-137.20008420181355,-5.468998566855204,1.412233449755271,-0.3529459158666761,-0.5201204288405182,0.0,0.0,0.0,0.0,0.0,0.0,2.1575529057262497e-8,2.1652050724945986e-8,0.3535420224959733,0.21813114748085335,0.127548071210198,0.0011728979836716925,3.6975433211007874e-7,2.181577765448549e-7,7.817740043079789e-7,2.492000000000112e-6,2.492000000000112e-6,2.492000000000112e-6,1.502000000000031e-6,1.502000000000031e-6,1.502000000000031e-6
2025-06-14T21:22:51Z,40.08690263136531,-75.27007280736436,-28.630999530589555,6.795981169788368,-136.7122291512668,-5.659453028998953,1.397335334366015,-0.3528437214798626,-0.513667151632925,0.0,0.0,0.0,0.0,0.0,0.0,2.552375528867601e-8,2.564770806136262e-8,0.36143542688117314,0.21899962345713492,0.130972116976188,0.0011831122543810545,3.7369308348318224e-7,2.196205693090026e-7,7.857269721364192e-7,2.496000000000112e-6,2.496000000000112e-6,2.496000000000112e-6,1.5060000000000314e-6,1.5060000000000314e-6,1.5060000000000314e-6
2025-06-14T21:22:52Z,40.08676932356102,-75.27173427688936,-29.474613608982093,5.170357781113667,-136.1743134132336,-5.856284395986655,1.381827672983088,-0.3810875401104857,-0.5116081753874459,0.0,0.0,0.0,0.0,0.0,0.0,2.9452506590171282e-8,2.9641711514811368e-8,0.3689441774885679,0.21984579572986512,0.13441961440818537,0.0011852094585507995,3.7763222933439226e-7,2.20919415376875e-7,7.896782510757359e-7,2.5000000000001124e-6,2.5000000000001124e-6,2.5000000000001124e-6,1.5100000000000317e-6,1.5100000000000317e-6,1.5100000000000317e-6
2025-06-14T21:22:53Z,40.086596297539415,-75.2733991630879,-30.32247525162026,3.855478959485411,-135.9875143539536,-5.89617163062184,1.368892597833077,-0.36005127357253397,-0.515794769185633,0.0,0.0,0.0,0.0,0.0,0.0,3.335888271720557e-8,3.363380956732599e-8,0.37597346984587937,0.2205742958349775,0.1379538743171112,0.0011834550657933457,3.8157198960297757e-7,2.2206271794798212e-7,7.936280948528133e-7,2.5040000000001127e-6,2.5040000000001127e-6,2.5040000000001127e-6,1.514000000000032e-6,1.514000000000032e-6,1.514000000000032e-6
2025-06-14T21:22:54Z,40.08290090591821,-75.26200660610439,-20.029713409964643,7.695594024024309,-127.79499227011799,-5.232693912425663,1.359303798616712,-0.3477837752305993,-0.5147838080804816,0.0,0.0,0.0,0.0,0.0,0.0,1.7475181691830072e-8,1.753344881771507e-8,0.32386013257803503,0.19846520238648507,0.13082402539638566,0.001064088914641018,3.739370640473412e-7,2.154812515499796e-7,7.693148720900728e-7,2.509000000000113e-6,2.509000000000113e-6,2.509000000000113e-6,1.5190000000000324e-6,1.5190000000000324e-6,1.5190000000000324e-6
2025-06-14T21:22:55Z,40.08282547530977,-75.26354548064818,-21.468259244470588,6.092431335210293,-127.2751555155522,-5.243781913704117,1.354407149807663,-0.33611617595127036,-0.506298710699284,0.0,0.0,0.0,0.0,0.0,0.0,2.144015253908694e-8,2.1530611165816703e-8,0.332677362756926,0.19937142686433976,0.13426582900040845,0.0010723402853412428,3.7788225172678996e-7,2.172013715056151e-7,7.732455685254296e-7,2.5130000000001134e-6,2.5130000000001134e-6,2.5130000000001134e-6,1.5230000000000327e-6,1.5230000000000327e-6,1.5230000000000327e-6
2025-06-14T21:22:56Z,40.082706972883095,-75.2650864075339,-22.709893784734287,4.286031880678184,-126.75424787891025,-5.155425925045658,1.3538921420399948,-0.34059281939996133,-0.5002815156715497,0.0,0.0,0.0,0.0,0.0,0.0,2.5388615898822993e-8,2.552641896297171e-8,0.3411185853246905,0.2002732397993491,0.13784419051104618,0.0010823753011158536,3.818276026121695e-7,2.1874843795795082e-7,7.771728133658347e-7,2.5170000000001137e-6,2.5170000000001137e-6,2.5170000000001137e-6,1.527000000000033e-6,1.527000000000033e-6,1.527000000000033e-6
2025-06-14T21:22:57Z,40.08254295028984,-75.26662903970602,-23.687294121396633,2.536031472927967,-126.1246860297542,-4.965961269248416,1.3521820063072036,-0.3395870223736648,-0.4788172392817186,0.0,0.0,0.0,0.0,0.0,0.0,2.9317550578554013e-8,2.9520619510490367e-8,0.34917890144643104,0.201238009313441,0.14152578479704164,0.0010906032708303953,3.857729999105561e-7,2.2013143986945063e-7,7.810971908085796e-7,2.521000000000114e-6,2.521000000000114e-6,2.521000000000114e-6,1.5310000000000333e-6,1.5310000000000333e-6,1.5310000000000333e-6
2025-06-14T21:22:58Z,40.08233871328599,-75.26817164175108,-24.463690848795668,0.8440591398301311,-125.58325642658097,-5.012633735623999,1.3441714203375421,-0.3206036078817559,-0.4499088113620122,0.0,0.0,0.0,0.0,0.0,0.0,3.322402438393502e-8,3.3512967434424885e-8,0.35682456671814267,0.20213448739709908,0.14520472482618327,0.0010985633574495009,3.8971838403187643e-7,2.2135910101220094e-7,7.850192122458842e-7,2.5250000000001143e-6,2.5250000000001143e-6,2.5250000000001143e-6,1.5350000000000336e-6,1.5350000000000336e-6,1.5350000000000336e-6
2025-06-14T21:22:59Z,40.08126041021064,-75.25995640436629,-15.747456659247934,3.876620093019675,-117.26171221911372,-4.3128172092454475,1.3387834757528254,-0.30521886778940194,-0.419026610450398,0.0,0.0,0.0,0.0,0.0,0.0,1.7456198056674923e-8,1.7516645120941422e-8,0.3117134914837494,0.18346748514750738,0.13765119501568374,0.0010029738341056985,3.8148111079096535e-7,2.1531445306525232e-7,7.654929265519325e-7,2.5300000000001147e-6,2.5300000000001147e-6,2.5300000000001147e-6,1.540000000000034e-6,1.540000000000034e-6,1.540000000000034e-6
2025-06-14T21:23:00Z,40.08115181610928,-75.26136912869251,-16.869254649102018,2.115939271211554,-116.62295994684678,-4.492278591936773,1.323256072696959,-0.2981571446448048,-0.3659752390291781,0.0,0.0,0.0,0.0,0.0,0.0,2.1421128596031318e-8,2.1513840498227137e-8,0.32076649639239624,0.1843607262854203,0.14114585626340717,0.0010150967638142023,3.8542916317556056e-7,2.1704613914670433e-7,7.694012908106543e-7,2.534000000000115e-6,2.534000000000115e-6,2.534000000000115e-6,1.5440000000000343e-6,1.5440000000000343e-6,1.5440000000000343e-6
2025-06-14T21:23:01Z,40.081001441200236,-75.26278204158785,-17.94977872553633,0.2408821124101519,-116.03196960337915,-4.491927201539086,1.3079000662556082,-0.2821625461871591,-0.299928628287573,0.0,0.0,0.0,0.0,0.0,0.0,2.5369504633954384e-8,2.5509695722735432e-8,0.32949060457639157,0.1852594485082949,0.1447959326421307,0.0010294807297203663,3.8937625371278783e-7,2.186078044562038e-7,7.733058178749538e-7,2.5380000000001153e-6,2.5380000000001153e-6,2.5380000000001153e-6,1.5480000000000346e-6,1.5480000000000346e-6,1.5480000000000346e-6
2025-06-14T21:23:02Z,40.0808064104577,-75.26419607014442,-18.98151537899759,-1.3321051796493775,-115.39225616513951,-4.647245861105021,1.2902090511258417,-0.2961999093978451,-0.265004627577384,0.0,0.0,0.0,0.0,0.0,0.0,2.9298287723668006e-8,2.9503960831642843e-8,0.3378842329579059,0.18612056375456343,0.14840791738605674,0.0010332344156370019,3.933222391905324e-7,2.2000729041030005e-7,7.77207262206609e-7,2.5420000000001156e-6,2.5420000000001156e-6,2.5420000000001156e-6,1.5520000000000349e-6,1.5520000000000349e-6,1.5520000000000349e-6
2025-06-14T21:23:03Z,40.08056817307044,-75.26560894505663,-20.012473493204258,-3.048763963831274,-114.4791226670799,-4.701309165306682,1.2817700134322798,-0.29549769037932494,-0.21939049803478541,0.0,0.0,0.0,0.0,0.0,0.0,3.3204527083100136e-8,3.349639320979963e-8,0.3458107650516684,0.18713099438733483,0.15215730915912404,0.0010405291574170292,3.9726705583787225e-7,2.2125207274455424e-7,7.811062061753695e-7,2.546000000000116e-6,2.546000000000116e-6,2.546000000000116e-6,1.5560000000000352e-6,1.5560000000000352e-6,1.5560000000000352e-6
2025-06-14T21:23:04Z,40.078366374868736,-75.25347575109106,-13.17477035901128,-0.4554578574715873,-106.29972741941326,-4.323009577286262,1.2629049438522102,-0.2889104611667745,-0.18531413496796242,0.0,0.0,0.0,0.0,0.0,0.0,1.1998581779756547e-8,1.2019297922000644e-8,0.30562895837947207,0.17096481751357537,0.14398167397792586,0.000957691902589666,3.8840326840273283e-7,2.1561865360532593e-7,7.652097573295513e-7,2.5510000000001163e-6,2.5510000000001163e-6,2.5510000000001163e-6,1.5610000000000355e-6,1.5610000000000355e-6,1.5610000000000355e-6
2025-06-14T21:23:05Z,40.07826157426821,-75.25474672865431,-14.550503398006356,-1.8569009475293747,-105.51811127419934,-4.232487001381533,1.2627048739694087,-0.28718445107629664,-0.1581028179491719,0.0,0.0,0.0,0.0,0.0,0.0,1.5981004860703934e-8,1.601793926111176e-8,0.31464829586699006,0.17191453446851399,0.1475822285233152,0.0009617998593060029,3.923486480765912e-7,2.173250684561902e-7,7.6910079490141e-7,2.5550000000001166e-6,2.5550000000001166e-6,2.5550000000001166e-6,1.5650000000000358e-6,1.5650000000000358e-6,1.5650000000000358e-6
2025-06-14T21:23:06Z,40.07811800731392,-75.2560170463597,-15.793524263762798,-2.7999088673385915,-104.74583476182109,-4.248103416480296,1.2502831157407444,-0.28811397579540354,-0.16025771502853883,0.0,0.0,0.0,0.0,0.0,0.0,1.995107175643896e-8,2.0015610270732883e-8,0.3232503069482453,0.1728187685017036,0.1511539502502965,0.0009551343127060271,3.962916247432687e-7,2.188693935163088e-7,7.729885715811151e-7,2.559000000000117e-6,2.559000000000117e-6,2.559000000000117e-6,1.5690000000000361e-6,1.5690000000000361e-6,1.5690000000000361e-6
2025-06-14T21:23:07Z,40.07793582291093,-75.25728576237518,-16.88222897646856,-4.12265605081529,-103.79529990585735,-4.118989955531157,1.2447640519348016,-0.27745175472558226,-0.14103412002110777,0.0,0.0,0.0,0.0,0.0,0.0,2.3905611407112504e-8,2.4012057623094005e-8,0.33128758209363324,0.17382756382860423,0.1549126304147669,0.0009569880360912428,4.0023171722884195e-7,2.2026381848191267e-7,7.768740865958311e-7,2.563000000000117e-6,2.563000000000117e-6,2.563000000000117e-6,1.5730000000000364e-6,1.5730000000000364e-6,1.5730000000000364e-6
2025-06-14T21:23:08Z,40.07771793846246,-75.25855115088518,-17.827903606086906,-5.127555322119683,-102.88691271942318,-4.133554405718459,1.2461494410677625,-0.2891268035123538,-0.13376939971980473,0.0,0.0,0.0,0.0,0.0,0.0,2.7841525786005437e-8,2.8007033803332696e-8,0.33884028982788605,0.17481079101854216,0.15863610744597034,0.0009491159499509205,4.041683822616631e-7,2.215254192192356e-7,7.807585973576414e-7,2.5670000000001175e-6,2.5670000000001175e-6,2.5670000000001175e-6,1.5770000000000367e-6,1.5770000000000367e-6,1.5770000000000367e-6
2025-06-14T21:23:09Z,40.07774489678059,-75.2521831051489,-12.05219004056849,-2.0870662980737764,-95.42345361454225,-3.6564978207105465,1.2355272483163369,-0.2815309561252202,-0.1381501011890967,0.0,0.0,0.0,0.0,0.0,0.0,1.1725372247102703e-8,1.1742368986192491e-8,0.30164966549949496,0.16055457719305927,0.1498630418013753,0.0008596688944268014,3.945856182972872e-7,2.163186958339588e-7,7.678138594489133e-7,2.572000000000118e-6,2.572000000000118e-6,2.572000000000118e-6,1.5820000000000371e-6,1.5820000000000371e-6,1.5820000000000371e-6
2025-06-14T21:23:10Z,40.07762824829513,-75.2533266632867,-12.997486612517967,-3.167507091697134,-94.66098867559386,-3.354119546911846,1.2435655232306144,-0.2786057467647697,-0.1364357070268471,0.0,0.0,0.0,0.0,0.0,0.0,1.5708491069295886e-8,1.574107358625066e-8,0.30980532232359115,0.16150499644764363,0.15357353863228335,0.000858601667267032,3.985187191052143e-7,2.1804403839717912e-7,7.716979123873842e-7,2.576000000000118e-6,2.576000000000118e-6,2.576000000000118e-6,1.5860000000000374e-6,1.5860000000000374e-6,1.5860000000000374e-6
2025-06-14T21:23:11Z,40.077472681275076,-75.25447170451496,-13.522472143323455,-4.24633683015419,-94.14963462156341,-2.8411629100472817,1.2556191208605056,-0.2723666703187958,-0.13632811998878305,0.0,0.0,0.0,0.0,0.0,0.0,1.9679444942199444e-8,1.9738829291568504e-8,0.31749200507097636,0.16240194993261425,0.1574396788620103,0.0008559096163503148,4.0244568499846933e-7,2.1964256281305377e-7,7.755812058303715e-7,2.5800000000001184e-6,2.5800000000001184e-6,2.5800000000001184e-6,1.5900000000000377e-6,1.5900000000000377e-6,1.5900000000000377e-6
2025-06-14T21:23:12Z,40.07727795525795,-75.25562004478329,-13.67363264927452,-5.1277227687036575,-93.62901349309311,-2.7009818888760804,1.2498002632767913,-0.26057799073770543,-0.1393147986208745,0.0,0.0,0.0,0.0,0.0,0.0,2.3635046729586907e-8,2.373538351707591e-8,0.32468131157149593,0.16324263478071238,0.16122857614424324,0.0008490429186326521,4.06365356411711e-7,2.2112753185682077e-7,7.794648539685623e-7,2.5840000000001187e-6,2.5840000000001187e-6,2.5840000000001187e-6,1.594000000000038e-6,1.594000000000038e-6,1.594000000000038e-6
2025-06-14T21:23:13Z,40.07704778072832,-75.25677102398099,-13.618642322910535,-6.1389798721173285,-93.162942084399,-2.5310102362229676,1.2498150015713667,-0.26688846591178994,-0.13997754001634488,0.0,0.0,0.0,0.0,0.0,0.0,2.7572180476931865e-8,2.7730489388332966e-8,0.3313168718264203,0.16408105266878434,0.16511493379424164,0.0008419859970135187,4.102770067209189e-7,2.2251174193405133e-7,7.83349676409311e-7,2.588000000000119e-6,2.588000000000119e-6,2.588000000000119e-6,1.5980000000000383e-6,1.5980000000000383e-6,1.5980000000000383e-6
2025-06-14T21:23:14Z,40.07756236289798,-75.25166833300123,-8.388919209640083,-3.608918520579505,-86.21817242977313,-2.1673376462425678,1.2438755231841587,-0.2668210948383096,-0.1410346881262583,0.0,0.0,0.0,0.0,0.0,0.0,1.170952557268283e-8,1.1726221977210117e-8,0.29664474950590797,0.1514891814674025,0.15575845645734332,0.0007649759458158499,3.998321972136502e-7,2.1795845708700856e-7,7.730441986811672e-7,2.5930000000001194e-6,2.5930000000001194e-6,2.5930000000001194e-6,1.6030000000000387e-6,1.6030000000000387e-6,1.6030000000000387e-6
2025-06-14T21:23:15Z,40.07743077869292,-75.25270648783992,-8.478872512325061,-4.548644692702102,-85.75393768328266,-2.0544159670278344,1.2471562800364993,-0.2672664193984736,-0.14806634075160566,0.0,0.0,0.0,0.0,0.0,0.0,1.5692671824059665e-8,1.5724932650648238e-8,0.3038746824116428,0.15231590470704212,0.15946600462662233,0.0007607255444202823,4.037389736456354e-7,2.1979131486229776e-7,7.769336499063369e-7,2.5970000000001197e-6,2.5970000000001197e-6,2.5970000000001197e-6,1.607000000000039e-6,1.607000000000039e-6,1.607000000000039e-6
2025-06-14T21:23:16Z,40.07726327292962,-75.2537474669264,-8.538574795615189,-5.453596587685361,-85.23806740922078,-2.041610100161253,1.2421875396960131,-0.2756514426256783,-0.14705564299690368,0.0,0.0,0.0,0.0,0.0,0.0,1.966365146447202e-8,1.9722697031580436e-8,0.31063081508274715,0.1531475086580861,0.16320524748288895,0.0007545102180873596,4.076357417632902e-7,2.2152361690342883e-7,7.808239376101688e-7,2.60100000000012e-6,2.60100000000012e-6,2.60100000000012e-6,1.6110000000000393e-6,1.6110000000000393e-6,1.6110000000000393e-6
2025-06-14T21:23:17Z,40.07705809563982,-75.25479174468056,-8.526440613585425,-6.557103426130685,-84.79259488577593,-1.9405675853361568,1.2434107533633627,-0.2872187832370161,-0.15428707395600746,0.0,0.0,0.0,0.0,0.0,0.0,2.3619269897547148e-8,2.3719262863029627e-8,0.316881429395139,0.15398192898268337,0.16707394864032254,0.0007505332881550484,4.115217619641489e-7,2.2316661037371826e-7,7.847157788764235e-7,2.6050000000001203e-6,2.6050000000001203e-6,2.6050000000001203e-6,1.6150000000000396e-6,1.6150000000000396e-6,1.6150000000000396e-6
2025-06-14T21:23:18Z,40.07681346220298,-75.25584000222399,-8.35803035029538,-7.729772038570839,-84.36933507058704,-1.7235592831824018,1.244823931311405,-0.28268685790172793,-0.15160937013896242,0.0,0.0,0.0,0.0,0.0,0.0,2.7556402270699155e-8,2.7714383691483104e-8,0.32265882513626915,0.15483669378116247,0.17107622679253526,0.0007484655098653185,4.1539623663591706e-7,2.2473226823159966e-7,7.886099104449389e-7,2.6090000000001206e-6,2.6090000000001206e-6,2.6090000000001206e-6,1.61900000000004e-6,1.61900000000004e-6,1.61900000000004e-6
2025-06-14T21:23:19Z,40.07747987744255,-75.25135216433146,-4.519261019803681,-5.863304243207928,-77.86607710061381,-1.518248775465731,1.23734654765921,-0.285527742594293,-0.15006677079513614,0.0,0.0,0.0,0.0,0.0,0.0,1.1708587017758633e-8,1.1725275066639608e-8,0.2906527754379607,0.14363011921016164,0.16113598363626505,0.0006871585016059752,4.0413219873870086e-7,2.2089406773896808e-7,7.805315709298991e-7,2.614000000000121e-6,2.614000000000121e-6,2.614000000000121e-6,1.6240000000000403e-6,1.6240000000000403e-6,1.6240000000000403e-6
2025-06-14T21:23:20Z,40.07732577215558,-75.25229172625019,-4.485459942337213,-7.199123219564266,-77.28301845410797,-1.4294792371227016,1.24127491493103,-0.2857200555600927,-0.15276127150740682,0.0,0.0,0.0,0.0,0.0,0.0,1.56917264779383e-8,1.5723987872981737e-8,0.29711414800113506,0.14451258227865363,0.16494056124709197,0.0006912876372052083,4.0800529190879364e-7,2.2286407028806417e-7,7.84432030764694e-7,2.6180000000001213e-6,2.6180000000001213e-6,2.6180000000001213e-6,1.6280000000000406e-6,1.6280000000000406e-6,1.6280000000000406e-6
2025-06-14T21:23:21Z,40.07713255420942,-75.25323228239255,-4.352259307221919,-8.38665757036158,-76.5700171381755,-1.283143701916613,1.2454167830128096,-0.28408524624017645,-0.16278565879189208,0.0,0.0,0.0,0.0,0.0,0.0,1.9662689579798826e-8,1.9721755580747673e-8,0.3032418347797228,0.1454530158768458,0.16882600197132308,0.0006933994419410137,4.1186544114154363e-7,2.2474771705309187e-7,7.88334177140425e-7,2.6220000000001216e-6,2.6220000000001216e-6,2.6220000000001216e-6,1.6320000000000409e-6,1.6320000000000409e-6,1.6320000000000409e-6
2025-06-14T21:23:22Z,40.07689833939519,-75.2541743055074,-4.07860594966702,-9.759697166261615,-75.98254345909197,-1.1282855040311457,1.2457811650144026,-0.2835010201451484,-0.17380482913259798,0.0,0.0,0.0,0.0,0.0,0.0,2.361827553045805e-8,2.371832640415197e-8,0.3090027730476482,0.14636213467082612,0.17280883432092045,0.0006972231792397407,4.1571165917540866e-7,2.2655104162040702e-7,7.922385253321611e-7,2.626000000000122e-6,2.626000000000122e-6,2.626000000000122e-6,1.6360000000000412e-6,1.6360000000000412e-6,1.6360000000000412e-6
2025-06-14T21:23:23Z,40.07662250157403,-75.25511766749096,-3.587459857555798,-11.181122855543725,-75.27933706727211,-0.7862773984275915,1.2542702976688842,-0.29557845215958184,-0.1821507116292843,0.0,0.0,0.0,0.0,0.0,0.0,2.7555351786987318e-8,2.771345451465121e-8,0.3144264133517979,0.14735036831645154,0.17694221019570452,0.0007011721839315013,4.1954240218341073e-7,2.2828181020238844e-7,7.961457723066939e-7,2.630000000000122e-6,2.630000000000122e-6,2.630000000000122e-6,1.6400000000000415e-6,1.6400000000000415e-6,1.6400000000000415e-6
2025-06-14T21:23:24Z,40.07739676176552,-75.25108100941175,-0.48702981460290595,-9.657194756340257,-69.04249246374546,-0.5678062583951863,1.2499620943228953,-0.30774021204156765,-0.17426072585903568,0.0,0.0,0.0,0.0,0.0,0.0,1.170852210507529e-8,1.172522133277351e-8,0.2851248028831209,0.13728945315514898,0.16638250540714863,0.0006497630765605776,4.0751007157727706e-7,2.2498616590777348e-7,7.897896227951212e-7,2.6350000000001226e-6,2.6350000000001226e-6,2.6350000000001226e-6,1.6450000000000418e-6,1.6450000000000418e-6,1.6450000000000418e-6
2025-06-14T21:23:25Z,40.077206553527006,-75.251917044318,0.0099196466812288,-11.23297103757165,-68.47703240185793,-0.5213956426308684,1.249903045789466,-0.2865104387644272,-0.168846283318407,0.0,0.0,0.0,0.0,0.0,0.0,1.569165381531304e-8,1.572393602879526e-8,0.2912485668732111,0.13818633430065028,0.17024172622277656,0.0006604818963704521,4.1134194866614176e-7,2.2705908498079081e-7,7.937034188323281e-7,2.639000000000123e-6,2.639000000000123e-6,2.639000000000123e-6,1.6490000000000421e-6,1.6490000000000421e-6,1.6490000000000421e-6
2025-06-14T21:23:26Z,40.07697305988857,-75.25276005582529,0.55533853089836,-12.676080142764118,-68.69471638465436,-0.42644836020581633,1.2512865896874106,-0.2824859128323949,-0.17318279801902392,0.0,0.0,0.0,0.0,0.0,0.0,1.9662599371956043e-8,1.9721706910539287e-8,0.2971545727419009,0.1388712517010427,0.17417796262730245,0.0006621457246920218,4.1515509484798444e-7,2.2904796530441123e-7,7.976198602297134e-7,2.643000000000123e-6,2.643000000000123e-6,2.643000000000123e-6,1.6530000000000424e-6,1.6530000000000424e-6,1.6530000000000424e-6
2025-06-14T21:23:27Z,40.07669860146312,-75.25361540040637,1.169222171099718,-14.101066025318339,-69.15129795216926,-0.24268544866188446,1.2490758249173868,-0.27854051707365424,-0.17833897981205446,0.0,0.0,0.0,0.0,0.0,0.0,2.361815223885961e-8,2.3718282854838506e-8,0.3027401904394218,0.13950455435684367,0.17821961924079693,0.0006617340733805591,4.1894862340958126e-7,2.3095474449332638e-7,8.015391465126328e-7,2.6470000000001235e-6,2.6470000000001235e-6,2.6470000000001235e-6,1.6570000000000427e-6,1.6570000000000427e-6,1.6570000000000427e-6
2025-06-14T21:23:28Z,40.07638292796365,-75.2544860578947,1.8729535587044475,-15.39138652702256,-69.86827500406147,-0.06508194747604065,1.2498407688819955,-0.27546778960013313,-0.1811873924734514,0.0,0.0,0.0,0.0,0.0,0.0,2.7555173695698788e-8,2.771341883619569e-8,0.30797491291522805,0.14008050727169868,0.18232124417009157,0.0006576895193596317,4.2272530387547185e-7,2.3278126026997769e-7,8.054608798710837e-7,2.6510000000001238e-6,2.6510000000001238e-6,2.6510000000001238e-6,1.661000000000043e-6,1.661000000000043e-6,1.661000000000043e-6
2025-06-14T21:23:29Z,40.07729685914896,-75.25087706645407,4.059448164826856,-14.223983046594745,-65.31575691394328,0.2724633636836934,1.243880163954746,-0.27134663145952803,-0.17884463855761157,0.0,0.0,0.0,0.0,0.0,0.0,1.1708509169439134e-8,1.1725220184342076e-8,0.2808511183514799,0.1306136673429601,0.1711993023345966,0.0006114394735200476,4.100197618440493e-7,2.2975819610758656e-7,8.008433997049104e-7,2.656000000000124e-6,2.656000000000124e-6,2.656000000000124e-6,1.6660000000000434e-6,1.6660000000000434e-6,1.6660000000000434e-6
2025-06-14T21:23:30Z,40.077063838637216,-75.25167923633441,5.004542070395592,-15.945349081344126,-66.5278263262584,0.5549944609957846,1.2481383418950263,-0.27505384479047207,-0.1773107831436573,0.0,0.0,0.0,0.0,0.0,0.0,1.569163470990865e-8,1.5723936797729848e-8,0.28661457110578986,0.13108335277280184,0.17519562264249758,0.0006175263500945551,4.1382283430909836e-7,2.3186162322782682e-7,8.047668363136183e-7,2.6600000000001245e-6,2.6600000000001245e-6,2.6600000000001245e-6,1.6700000000000437e-6,1.6700000000000437e-6,1.6700000000000437e-6
2025-06-14T21:23:31Z,40.07678603770661,-75.25250248524357,6.082783956163519,-17.63553465135164,-67.49081764668026,0.7405145568297055,1.245876405107564,-0.2786837380919726,-0.16467374514897326,0.0,0.0,0.0,0.0,0.0,0.0,1.9662568461618448e-8,1.9721711070114026e-8,0.2920938157702509,0.13161786870566503,0.17922865148669181,0.0006249560452028988,4.1762350707896064e-7,2.3386246599072298e-7,8.086891282990208e-7,2.6640000000001248e-6,2.6640000000001248e-6,2.6640000000001248e-6,1.674000000000044e-6,1.674000000000044e-6,1.674000000000044e-6
2025-06-14T21:23:32Z,40.076464421200306,-75.25334476109121,7.2654058910371315,-19.09639988085962,-68.38092319382665,0.985793731201104,1.2485903201423085,-0.2798175359117191,-0.1694957863570031,0.0,0.0,0.0,0.0,0.0,0.0,2.3618102275272377e-8,2.3718292623936623e-8,0.2972967196008737,0.13219369809209933,0.18334806943787682,0.0006292139152282841,4.214287560386069e-7,2.3575714557942804e-7,8.126091086175983e-7,2.668000000000125e-6,2.668000000000125e-6,2.668000000000125e-6,1.6780000000000443e-6,1.6780000000000443e-6,1.6780000000000443e-6
2025-06-14T21:23:33Z,40.07610253566848,-75.25420295560302,8.587135620681739,-20.534260884568877,-68.95931894075885,1.2414603688908559,1.254568136073793,-0.2843860518345544,-0.174353768361877,0.0,0.0,0.0,0.0,0.0,0.0,2.7555095839294598e-8,2.7713437425214998e-8,0.3021815182788594,0.13286598000787614,0.18755269018925053,0.0006329728734756014,4.252438395161565e-7,2.3754317432034632e-7,8.165257938211356e-7,2.6720000000001254e-6,2.6720000000001254e-6,2.6720000000001254e-6,1.6820000000000446e-6,1.6820000000000446e-6,1.6820000000000446e-6
2025-06-14T21:23:34Z,40.07847620270073,-75.25422032326843,10.407754526317866,-19.35288980315082,-64.2474814928909,1.5008928188250852,1.2478029932768047,-0.28013594473803627,-0.18234697807019232,0.0,0.0,0.0,0.0,0.0,0.0,1.6563685132659657e-8,1.6609286619824934e-8,0.27694941823556163,0.12430066037012484,0.1758136845643939,0.0005984843902067334,4.121732833005515e-7,2.343575330673408e-7,8.136689239798339e-7,2.6770000000001257e-6,2.6770000000001257e-6,2.6770000000001257e-6,1.687000000000045e-6,1.687000000000045e-6,1.687000000000045e-6
2025-06-14T21:23:35Z,40.078157982770186,-75.25501984489364,12.00869404148151,-20.986469255872148,-65.44546161077895,1.7448960467153327,1.248004857202948,-0.2801251567533495,-0.18572320765031755,0.0,0.0,0.0,0.0,0.0,0.0,2.0531629439588827e-8,2.0606799431700065e-8,0.2824430655360944,0.1248175603481954,0.1798465697004212,0.0006116590030170656,4.1604409678152897e-7,2.3636202700248787e-7,8.175764175443709e-7,2.681000000000126e-6,2.681000000000126e-6,2.681000000000126e-6,1.6910000000000453e-6,1.6910000000000453e-6,1.6910000000000453e-6
2025-06-14T21:23:36Z,40.077794919250806,-75.25583884365507,13.72423527167119,-22.582622514093185,-66.17350079353453,1.950701058797476,1.2489742673550315,-0.27869983253417846,-0.18545360620329743,0.0,0.0,0.0,0.0,0.0,0.0,2.4483534068291168e-8,2.4603055954325965e-8,0.2877279945117199,0.12545525792865,0.18394601436996705,0.000623526667311234,4.199283678689472e-7,2.382386160908979e-7,8.214767458495889e-7,2.6850000000001263e-6,2.6850000000001263e-6,2.6850000000001263e-6,1.6950000000000456e-6,1.6950000000000456e-6,1.6950000000000456e-6
2025-06-14T21:23:37Z,40.07738820127509,-75.25667171480866,15.513507323329593,-24.134767601530985,-66.45973215444653,2.0954829885852635,1.2499816806053679,-0.2763057009002308,-0.1857385449424067,0.0,0.0,0.0,0.0,0.0,0.0,2.8416284273395493e-8,2.8597812234045833e-8,0.29282013485897956,0.12619776182503017,0.18810253978175834,0.0006327549806311413,4.2382754830257367e-7,2.3998450524143837e-7,8.253686495023056e-7,2.6890000000001266e-6,2.6890000000001266e-6,2.6890000000001266e-6,1.699000000000046e-6,1.699000000000046e-6,1.699000000000046e-6
2025-06-14T21:23:38Z,40.076940111068346,-75.25750966402659,17.282141678098167,-25.544245823077695,-65.7599590164952,2.123628534137926,1.2544228713012955,-0.2763461193789263,-0.18587460227192742,0.0,0.0,0.0,0.0,0.0,0.0,3.2326844818186524e-8,3.259083219091425e-8,0.2977225143285472,0.12716690901553163,0.19228509428321358,0.0006339420228128578,4.2774045669339637e-7,2.4159910831682625e-7,8.292514065035538e-7,2.693000000000127e-6,2.693000000000127e-6,2.693000000000127e-6,1.7030000000000462e-6,1.7030000000000462e-6,1.7030000000000462e-6
2025-06-14T21:23:39Z,40.078917651228174,-75.25538160105397,18.76516489819434,-24.243944758341602,-59.299422519125514,2.1944690305637695,1.248994226346837,-0.27478522572018377,-0.1877622019528562,0.0,0.0,0.0,0.0,0.0,0.0,1.732773159480152e-8,1.7385785460987694e-8,0.2743238606988187,0.1196647332872747,0.17995860917449216,0.0005944306827136237,4.1443459627390407e-7,2.3799106207312236e-7,8.27587633883392e-7,2.6980000000001273e-6,2.6980000000001273e-6,2.6980000000001273e-6,1.7080000000000466e-6,1.7080000000000466e-6,1.7080000000000466e-6
2025-06-14T21:23:40Z,40.078549650098616,-75.25611276505386,20.486363212507328,-25.65503099582361,-58.53615142159674,2.228092411705007,1.2493182865759749,-0.27456289036568726,-0.18722179857680912,0.0,0.0,0.0,0.0,0.0,0.0,2.129289181613803e-8,2.1383069540788174e-8,0.2798553371191016,0.12062551427243168,0.18395458735406528,0.0005977970736942582,4.1837172356940187e-7,2.3981281152629175e-7,8.314546502209547e-7,2.7020000000001276e-6,2.7020000000001276e-6,2.7020000000001276e-6,1.7120000000000469e-6,1.7120000000000469e-6,1.7120000000000469e-6
2025-06-14T21:23:41Z,40.078139098054514,-75.25684313669065,22.133117063278057,-27.05729055597238,-57.770862877957875,2.252833477065388,1.2500199397416951,-0.2755261391749281,-0.1878877834975436,0.0,0.0,0.0,0.0,0.0,0.0,2.524142767570048e-8,2.5379047453647815e-8,0.2851836134000073,0.12159033436047287,0.18802629157007866,0.0006003681065861176,4.2231142267662977e-7,2.4149900363810213e-7,8.353125528771365e-7,2.706000000000128e-6,2.706000000000128e-6,2.706000000000128e-6,1.7160000000000472e-6,1.7160000000000472e-6,1.7160000000000472e-6
2025-06-14T21:23:42Z,40.07768677979023,-75.25757240332479,23.698568592977164,-28.495836835696664,-56.994346448319824,2.276027378781138,1.2501252958197226,-0.2770062029612324,-0.1889147727816701,0.0,0.0,0.0,0.0,0.0,0.0,2.9170237123592783e-8,2.9373476584573764e-8,0.29028343495687015,0.12256016092898049,0.19217949023936243,0.0006030583301829106,4.2625181986354387e-7,2.430555127239988e-7,8.391627135164879e-7,2.7100000000001282e-6,2.7100000000001282e-6,2.7100000000001282e-6,1.7200000000000475e-6,1.7200000000000475e-6,1.7200000000000475e-6
2025-06-14T21:23:43Z,40.077193308958286,-75.2583005136962,25.187091020521805,-29.998058948652236,-56.26254584759277,2.2919344499755203,1.251024812770133,-0.27786420039306653,-0.18940602434861809,0.0,0.0,0.0,0.0,0.0,0.0,3.307629706246976e-8,3.3366122524141356e-8,0.295145196665227,0.123522361087834,0.19641329111104472,0.0006065876918070878,4.301917163381116e-7,2.444891994677643e-7,8.430066116010728e-7,2.7140000000001285e-6,2.7140000000001285e-6,2.7140000000001285e-6,1.7240000000000478e-6,1.7240000000000478e-6,1.7240000000000478e-6
2025-06-14T21:23:44Z,40.07898640760076,-75.25556776565438,25.93821794117569,-28.93654938434804,-50.361559233418745,2.3085300227452823,1.2462080222602587,-0.27774106758059947,-0.19248947319174048,0.0,0.0,0.0,0.0,0.0,0.0,1.7435239129404774e-8,1.749613443204963e-8,0.27301154453336807,0.11646487616836847,0.18360711009704495,0.000571940247874332,4.165344537885856e-7,2.4060514571686786e-7,8.418294922779174e-7,2.719000000000129e-6,2.719000000000129e-6,2.719000000000129e-6,1.7290000000000482e-6,1.7290000000000482e-6,1.7290000000000482e-6
2025-06-14T21:23:45Z,40.07857448752123,-75.25619429124168,27.382098182781974,-30.375140303192275,-49.58809469525123,2.3252039181932407,1.2469533190137467,-0.2764360936711669,-0.1914103710390033,0.0,0.0,0.0,0.0,0.0,0.0,2.1399999688714366e-8,2.1493386336622292e-8,0.27840832125348736,0.11742450104411219,0.18763571931175696,0.0005769054460553547,4.2047690374040347e-7,2.4228936300502407e-7,8.456686416750719e-7,2.723000000000129e-6,2.723000000000129e-6,2.723000000000129e-6,1.7330000000000485e-6,1.7330000000000485e-6,1.7330000000000485e-6
2025-06-14T21:23:46Z,40.07811899926604,-75.25681997746729,28.74249108989603,-31.88333614644021,-48.8062829986495,2.325733765988457,1.2480157461875052,-0.2762207890709337,-0.19110431935542377,0.0,0.0,0.0,0.0,0.0,0.0,2.5348046877053374e-8,2.548932604055088e-8,0.2835904018401488,0.11838785308743614,0.1917394123380563,0.0005826329167495477,4.2441798110698976e-7,2.4384921511193203e-7,8.495035406254298e-7,2.7270000000001295e-6,2.7270000000001295e-6,2.7270000000001295e-6,1.7370000000000488e-6,1.7370000000000488e-6,1.7370000000000488e-6
2025-06-14T21:23:47Z,40.07762089643467,-75.25744458450704,30.01631185208808,-33.38867485487126,-48.0539891751642,2.333859028830284,1.2481597783255851,-0.27910014449187526,-0.1933267783636892,0.0,0.0,0.0,0.0,0.0,0.0,2.9276275128500925e-8,2.9483711765344347e-8,0.2885598212032419,0.1193465223584215,0.19592566437924924,0.0005876739000304363,4.2835775104147624e-7,2.4529094200477877e-7,8.533357453969557e-7,2.73100000000013e-6,2.73100000000013e-6,2.73100000000013e-6,1.741000000000049e-6,1.741000000000049e-6,1.741000000000049e-6
2025-06-14T21:23:48Z,40.07708070795614,-75.25806788239233,31.203715387119153,-34.92977947822173,-47.26716542309064,2.3284304864557144,1.2480945442082467,-0.27642993330473975,-0.19027875459770227,0.0,0.0,0.0,0.0,0.0,0.0,3.318165666118014e-8,3.347631016153898e-8,0.29330285601679457,0.12031379116577094,0.2001870722921353,0.0005934888052456141,4.3229629501323603e-7,2.4662077750280255e-7,8.571667495884233e-7,2.73500000000013e-6,2.73500000000013e-6,2.73500000000013e-6,1.7450000000000494e-6,1.7450000000000494e-6,1.7450000000000494e-6
2025-06-14T21:23:49Z,40.0788989436808,-75.25539716714827,31.301016735507563,-34.031816351794575,-41.91602094076023,2.2989225923919694,1.2440595562782912,-0.2763883304369699,-0.19280466835718146,0.0,0.0,0.0,0.0,0.0,0.0,1.7450105482534908e-8,1.751155894737859e-8,0.2722033246501662,0.11366169524544156,0.1869192642004358,0.0005636082110147787,4.182995311627254e-7,2.4266281707780546e-7,8.564145125881064e-7,2.7400000000001305e-6,2.7400000000001305e-6,2.7400000000001305e-6,1.7500000000000497e-6,1.7500000000000497e-6,1.7500000000000497e-6
2025-06-14T21:23:50Z,40.0784382127766,-75.2559246783793,32.44624850779471,-35.58176338041267,-41.11532700108774,2.2935978613572012,1.2446837999084965,-0.2775135890289669,-0.1933169878351204,0.0,0.0,0.0,0.0,0.0,0.0,2.1414799568223826e-8,2.1508808745375315e-8,0.27747712481472736,0.11462281986436564,0.1909720379660439,0.0005718104495952709,4.2224072424234897e-7,2.4426443718352477e-7,8.602501722919764e-7,2.7440000000001308e-6,2.7440000000001308e-6,2.7440000000001308e-6,1.75400000000005e-6,1.75400000000005e-6,1.75400000000005e-6
2025-06-14T21:23:51Z,40.0779341055339,-75.256450628417,33.50288307786607,-37.152523979493104,-40.326511144520914,2.285705769213108,1.2452771792470185,-0.28005398452847174,-0.19548466177335633,0.0,0.0,0.0,0.0,0.0,0.0,2.5362756206103612e-8,2.5504747338491562e-8,0.28257159985929275,0.11558306038373697,0.1951029991921271,0.0005798855234501976,4.261802257974126e-7,2.4575024482049575e-7,8.640864588708757e-7,2.748000000000131e-6,2.748000000000131e-6,2.748000000000131e-6,1.7580000000000503e-6,1.7580000000000503e-6,1.7580000000000503e-6
2025-06-14T21:23:52Z,40.0773865262154,-75.25697498320329,34.471745879750294,-38.697999501548274,-39.528585837131246,2.2787445960917023,1.245108675848879,-0.2758007508017814,-0.19133637922350538,0.0,0.0,0.0,0.0,0.0,0.0,2.9290863284170154e-8,2.9499133894263985e-8,0.28748111178438457,0.11654740259733354,0.1993113967988373,0.0005877581109633251,4.301174445430959e-7,2.471257694512816e-7,8.679247086911503e-7,2.7520000000001314e-6,2.7520000000001314e-6,2.7520000000001314e-6,1.7620000000000506e-6,1.7620000000000506e-6,1.7620000000000506e-6
2025-06-14T21:23:53Z,40.076796283536815,-75.25749741625815,35.35528445267673,-40.279233491314166,-38.73946169393583,2.26550899914383,1.246031746443144,-0.27418444136061787,-0.1900274121999624,0.0,0.0,0.0,0.0,0.0,0.0,3.3196085166430465e-8,3.349173623386868e-8,0.29220015059206556,0.11750952331686097,0.20359805489795318,0.0005956631748156055,4.3405151731101265e-7,2.4839693615084363e-7,8.71766140843395e-7,2.7560000000001317e-6,2.7560000000001317e-6,2.7560000000001317e-6,1.766000000000051e-6,1.766000000000051e-6,1.766000000000051e-6
2025-06-14T21:23:54Z,40.07874343946028,-75.25510786643491,34.96915308014067,-39.461070095654314,-33.934960864206055,2.2187241426001196,1.2426163412710327,-0.2744830990217864,-0.1928896201477151,0.0,0.0,0.0,0.0,0.0,0.0,1.745213039295474e-8,1.7513714799040923e-8,0.2720220518209116,0.11120642162598866,0.18990066395331098,0.0005690820555989976,4.197498157139653e-7,2.444512178831004e-7,8.713994591969972e-7,2.761000000000132e-6,2.761000000000132e-6,2.761000000000132e-6,1.7710000000000513e-6,1.7710000000000513e-6,1.7710000000000513e-6
2025-06-14T21:23:55Z,40.078233743026594,-75.25554041392378,35.835964864649554,-41.04269573789527,-33.09861441294657,2.206122038734637,1.2427586424713,-0.2732417487043599,-0.1911509594720888,0.0,0.0,0.0,0.0,0.0,0.0,2.1416800635858725e-8,2.151096729326533e-8,0.27729049486671836,0.11217066952907186,0.1939700206602094,0.0005795017244629449,4.236805931032643e-7,2.46001125292486e-7,8.752513777298741e-7,2.7650000000001323e-6,2.7650000000001323e-6,2.7650000000001323e-6,1.7750000000000516e-6,1.7750000000000516e-6,1.7750000000000516e-6
2025-06-14T21:23:56Z,40.07767951127882,-75.25597080026728,36.62619296376915,-42.558656313025004,-32.25709125733527,2.2033085961977603,1.242752875477855,-0.27227588141601367,-0.18956708613919315,0.0,0.0,0.0,0.0,0.0,0.0,2.5364716846187653e-8,2.5506910845154843e-8,0.28241120839171063,0.11313771045628503,0.198118366851844,0.0005884032916245619,4.276042124130237e-7,2.4744111624005234e-7,8.791076423228478e-7,2.7690000000001326e-6,2.7690000000001326e-6,2.7690000000001326e-6,1.779000000000052e-6,1.779000000000052e-6,1.779000000000052e-6
2025-06-14T21:23:57Z,40.077081708142714,-75.25639847191668,37.33256815823656,-44.21635033523775,-31.417880187008898,2.1812150212067896,1.2430978205816394,-0.276042500714344,-0.1920940005743278,0.0,0.0,0.0,0.0,0.0,0.0,2.9292759838969527e-8,2.950130567872087e-8,0.2873597602943546,0.11410073837567485,0.20234045126245856,0.0005989528853757836,4.3151853597974974e-7,2.487766142853901e-7,8.829692161445981e-7,2.773000000000133e-6,2.773000000000133e-6,2.773000000000133e-6,1.7830000000000522e-6,1.7830000000000522e-6,1.7830000000000522e-6
2025-06-14T21:23:58Z,40.0764403122527,-75.25682292579654,37.95174453026857,-45.908339396446024,-30.552846357039677,2.1545930361775016,1.243450217842118,-0.2821620542063805,-0.19652142196709793,0.0,0.0,0.0,0.0,0.0,0.0,3.319788554261145e-8,3.3493920846355383e-8,0.2921581426581651,0.11506661567003423,0.20663869943843743,0.000609664758177841,4.3542107859695093e-7,2.500143470303549e-7,8.868370258498912e-7,2.7770000000001332e-6,2.7770000000001332e-6,2.7770000000001332e-6,1.7870000000000525e-6,1.7870000000000525e-6,1.7870000000000525e-6
2025-06-14T21:23:59Z,40.07856056443029,-75.2547824946563,37.25929817514364,-45.0612309810376,-26.234423420720606,2.105645225378085,1.2401170358731006,-0.2791775303385085,-0.19629902339607894,0.0,0.0,0.0,0.0,0.0,0.0,1.7452375831343187e-8,1.7514021624868458e-8,0.27280965554831593,0.1090663168411173,0.1925208920558063,0.00058448984417569,4.207918215517552e-7,2.4611782809954987e-7,8.868218804676111e-7,2.7820000000001336e-6,2.7820000000001336e-6,2.7820000000001336e-6,1.7920000000000529e-6,1.7920000000000529e-6,1.7920000000000529e-6
2025-06-14T21:24:00Z,40.07799983950564,-75.25512276977172,37.88534142727644,-46.65687546490838,-25.331658381180674,2.0875170919895543,1.240372296383445,-0.2809467840659508,-0.19739483251083875,0.0,0.0,0.0,0.0,0.0,0.0,2.141702711439332e-8,2.15112776393584e-8,0.2781784474561409,0.11003584753694277,0.196590728117547,0.0005962838499463663,4.2467940032772415e-7,2.4763484413155724e-7,8.907022084936317e-7,2.786000000000134e-6,2.786000000000134e-6,2.786000000000134e-6,1.7960000000000532e-6,1.7960000000000532e-6,1.7960000000000532e-6
2025-06-14T21:24:01Z,40.07739384294451,-75.25545954017566,38.42880544561179,-48.32118619750159,-24.425301287190944,2.0671776234499877,1.2405150411383694,-0.28314278310018437,-0.19865386588789036,0.0,0.0,0.0,0.0,0.0,0.0,2.536490847922886e-8,2.5507227284568346e-8,0.28341947499481823,0.111004851219209,0.20073376849392424,0.0006087874783691367,4.28547748609039e-7,2.4904740991117933e-7,8.945891840064517e-7,2.7900000000001342e-6,2.7900000000001342e-6,2.7900000000001342e-6,1.8000000000000535e-6,1.8000000000000535e-6,1.8000000000000535e-6
2025-06-14T21:24:02Z,40.07674271688167,-75.25579218246867,38.88498327311019,-50.09341273437755,-23.496154662336735,2.0263118150565,1.2417356032952234,-0.2833085075452767,-0.19835366634910082,0.0,0.0,0.0,0.0,0.0,0.0,2.9292893539667268e-8,2.950163188714474e-8,0.28853888786956494,0.11197547539324802,0.20494142592934683,0.0006231153771904398,4.323931925082219e-7,2.503614049623057e-7,8.984834122595894e-7,2.7940000000001345e-6,2.7940000000001345e-6,2.7940000000001345e-6,1.8040000000000538e-6,1.8040000000000538e-6,1.8040000000000538e-6
2025-06-14T21:24:03Z,40.07604792818245,-75.25611848493828,39.2330421654576,-51.736395626362864,-22.311607672423744,1.9524602310199421,1.2441374532059324,-0.28283903351270756,-0.1981472915694276,0.0,0.0,0.0,0.0,0.0,0.0,3.3197929686485784e-8,3.349426184548475e-8,0.2935577167831359,0.11299239697778442,0.2092017337647079,0.000637205386588014,4.362118689219691e-7,2.515825319380636e-7,9.023853526475302e-7,2.798000000000135e-6,2.798000000000135e-6,2.798000000000135e-6,1.808000000000054e-6,1.808000000000054e-6,1.808000000000054e-6
2025-06-14T21:24:04Z,40.07836337116375,-75.25444014061924,38.27404333075082,-50.76545817955145,-17.530472192106245,1.7708966454566393,1.2457720712381435,-0.28396276743383875,-0.20078581363326523,0.0,0.0,0.0,0.0,0.0,0.0,1.745237373346938e-8,1.7514071092065437e-8,0.2748556141843802,0.10741127916117997,0.19461232385333266,0.0006200631583219638,4.212187212376624e-7,2.4773711107819255e-7,9.026566832288747e-7,2.803000000000135e-6,2.803000000000135e-6,2.803000000000135e-6,1.8130000000000545e-6,1.8130000000000545e-6,1.8130000000000545e-6
2025-06-14T21:24:05Z,40.077753575531986,-75.25466514309421,38.39278366457709,-52.07823378597698,-14.784017297767326,1.533616204951689,1.24596878114761,-0.2784823162435471,-0.20140545064279705,0.0,0.0,0.0,0.0,0.0,0.0,2.1417006149999444e-8,2.151133071846834e-8,0.2804879041738511,0.10871559059920997,0.19855771777537964,0.000650355619632382,4.250116471479439e-7,2.4923514397406077e-7,9.065705275481388e-7,2.8070000000001355e-6,2.8070000000001355e-6,2.8070000000001355e-6,1.8170000000000548e-6,1.8170000000000548e-6,1.8170000000000548e-6
2025-06-14T21:24:06Z,40.07710206951906,-75.25486578212309,38.25829308157495,-53.397948455829145,-12.297829461417415,1.3281850793362742,1.2472569845653687,-0.27432115224496717,-0.21010839446535157,0.0,0.0,0.0,0.0,0.0,0.0,2.5364850764926746e-8,2.550728649330097e-8,0.2860849786165624,0.1099769954078009,0.20257661874345662,0.0006811053331206152,4.287621400164635e-7,2.5063742340844505e-7,9.104930898366752e-7,2.811000000000136e-6,2.811000000000136e-6,2.811000000000136e-6,1.821000000000055e-6,1.821000000000055e-6,1.821000000000055e-6
2025-06-14T21:24:07Z,40.07640906880915,-75.25504416030992,37.9112474935352,-54.947984516098366,-10.022416892444053,1.1458672482134518,1.2547771285553722,-0.27843087196696464,-0.2130793208627306,0.0,0.0,0.0,0.0,0.0,0.0,2.9292770396396023e-8,2.9501700636540785e-8,0.2916554591867611,0.11120688721173042,0.20666363616906352,0.0007146132549333008,4.3245422260063773e-7,2.5195712978492135e-7,9.144261327255581e-7,2.815000000000136e-6,2.815000000000136e-6,2.815000000000136e-6,1.8250000000000554e-6,1.8250000000000554e-6,1.8250000000000554e-6
2025-06-14T21:24:08Z,40.075674252876745,-75.2552019655135,37.41229950816933,-56.22169588812357,-7.845448774026131,1.0368041165680661,1.2592317921226617,-0.28715556341259046,-0.2177717689905806,0.0,0.0,0.0,0.0,0.0,0.0,3.319769836681961e-8,3.3494344495946287e-8,0.29724993054106663,0.11242529257641293,0.21083054906436388,0.000743265076348471,4.3607045446784496e-7,2.5320731890418717e-7,9.183705925472903e-7,2.8190000000001364e-6,2.8190000000001364e-6,2.8190000000001364e-6,1.8290000000000557e-6,1.8290000000000557e-6,1.8290000000000557e-6
2025-06-14T21:24:09Z,40.078182415873336,-75.25397368219733,35.94720979720656,-55.27469405751475,-3.7695542093167624,0.7416533140042754,1.254800086040537,-0.2781699825713969,-0.21159076826478393,0.0,0.0,0.0,0.0,0.0,0.0,1.7452331015628608e-8,1.7514084221192547e-8,0.27912797539184436,0.1070115011687401,0.1957829138234694,0.0007364714755936704,4.2052463538240895e-7,2.4955175165714945e-7,9.18407902869843e-7,2.8240000000001368e-6,2.8240000000001368e-6,2.8240000000001368e-6,1.834000000000056e-6,1.834000000000056e-6,1.834000000000056e-6
2025-06-14T21:24:10Z,40.07753149159003,-75.25404071855434,35.263327919273976,-56.65326411103698,-2.005602828446447,0.7219391513932243,1.2588298664108626,-0.24146410062026916,-0.18257429221019708,0.0,0.0,0.0,0.0,0.0,0.0,2.141693824853204e-8,2.151134678910652e-8,0.28553308034182345,0.10816210609600284,0.19970343876460167,0.0007678729587723084,4.2404288176268154e-7,2.511181511705107e-7,9.223684557982469e-7,2.828000000000137e-6,2.828000000000137e-6,2.828000000000137e-6,1.8380000000000563e-6,1.8380000000000563e-6,1.8380000000000563e-6
2025-06-14T21:24:11Z,40.07683668129068,-75.25409354987445,34.490751844762805,-57.77115909646575,-0.24379966440965606,0.5593762198618647,1.2490605035294895,-0.2499395051402575,-0.17004557192736533,0.0,0.0,0.0,0.0,0.0,0.0,2.5364733277232014e-8,2.5507307604575034e-8,0.2920082665472088,0.10927703420191251,0.20361016788092678,0.0007899810977420251,4.2743740136454606e-7,2.526219778066775e-7,9.26339726622444e-7,2.8320000000001374e-6,2.8320000000001374e-6,2.8320000000001374e-6,1.8420000000000566e-6,1.8420000000000566e-6,1.8420000000000566e-6
2025-06-14T21:24:12Z,40.076102541777935,-75.25413169333221,33.618709146515656,-59.05841388462031,1.4285296793459623,0.4285762486233633,1.2501461950554693,-0.25309120028516163,-0.1698102173568336,0.0,0.0,0.0,0.0,0.0,0.0,2.9292568405510996e-8,2.9501729783735636e-8,0.298425801211249,0.11039001406325868,0.20754877609731098,0.0008141387280618049,4.306891054383484e-7,2.5407227248406893e-7,9.303201993797707e-7,2.8360000000001377e-6,2.8360000000001377e-6,2.8360000000001377e-6,1.846000000000057e-6,1.846000000000057e-6,1.846000000000057e-6
2025-06-14T21:24:13Z,40.07533059726791,-75.25415427805339,32.694307109458585,-60.230721268026166,3.1857518309989095,0.42114013289564917,1.2558871429483822,-0.2620174041208562,-0.1757457284738301,0.0,0.0,0.0,0.0,0.0,0.0,3.319736506911741e-8,3.349438561722975e-8,0.30481838590148636,0.11154516827397495,0.21155344679992671,0.0008379378087132999,4.337796090079738e-7,2.554830370456338e-7,9.343082437546446e-7,2.840000000000138e-6,2.840000000000138e-6,2.840000000000138e-6,1.8500000000000572e-6,1.8500000000000572e-6,1.8500000000000572e-6
2025-06-14T21:24:14Z,40.08810227783157,-75.26545196578185,31.635452722198913,-58.91852078865347,5.657062261761773,0.48905987017353136,1.2546736566591838,-0.2609312148037715,-0.18902228143393232,0.0,0.0,0.0,0.0,0.0,0.0,5.244367430565746e-9,5.2448617734547755e-9,0.2866479780489913,0.10614005462935079,0.1961098431509427,0.0008049683699103856,4.172219316782586e-7,2.522160417951726e-7,9.343262177626327e-7,2.8450000000001384e-6,2.8450000000001384e-6,2.8450000000001384e-6,1.8550000000000576e-6,1.8550000000000576e-6,1.8550000000000576e-6
2025-06-14T21:24:15Z,40.08750888284927,-75.26538955005094,30.910945169169274,-60.26889837052277,7.037586981744842,0.45461843876392005,1.2541330162519941,-0.265040429560276,-0.18761268534275752,0.0,0.0,0.0,0.0,0.0,0.0,9.240382262712119e-9,9.244547610800635e-9,0.29365865027035165,0.10721294856622006,0.19980930944032682,0.0008243058876107832,4.2019334010966954e-7,2.5395894002306995e-7,9.383199628854868e-7,2.8490000000001387e-6,2.8490000000001387e-6,2.8490000000001387e-6,1.859000000000058e-6,1.859000000000058e-6,1.859000000000058e-6
2025-06-14T21:24:16Z,40.08686892950312,-75.26531812056317,30.176865087109462,-61.7183727801974,8.406865835914541,0.4624856770979579,1.259523986676028,-0.26744437051804104,-0.18474922381079784,0.0,0.0,0.0,0.0,0.0,0.0,1.3229660420146241e-8,1.3243679941410878e-8,0.30062884833331227,0.10830260045912456,0.20352108617461093,0.0008442629510582455,4.229722113852046e-7,2.5566840988501635e-7,9.423166674413283e-7,2.853000000000139e-6,2.853000000000139e-6,2.853000000000139e-6,1.8630000000000582e-6,1.8630000000000582e-6,1.8630000000000582e-6
2025-06-14T21:24:17Z,40.08618270219527,-75.26523822234904,29.458051248727386,-62.99734197408959,9.694306495633718,0.4278738790160387,1.2568215090315287,-0.26537795475144454,-0.18239107978620983,0.0,0.0,0.0,0.0,0.0,0.0,1.7208959612942378e-8,1.7241989325565828e-8,0.30755140333411546,0.10937128402903064,0.2072031925342082,0.0008583712884685825,4.2554730950141076e-7,2.573532279917248e-7,9.463140835816178e-7,2.8570000000001393e-6,2.8570000000001393e-6,2.8570000000001393e-6,1.8670000000000585e-6,1.8670000000000585e-6,1.8670000000000585e-6
2025-06-14T21:24:18Z,40.085454467746395,-75.26514831744998,28.718382251276964,-64.27368089015864,11.153995146379199,0.35400852332174065,1.2585661429353296,-0.26339370791388944,-0.18460762933116368,0.0,0.0,0.0,0.0,0.0,0.0,2.117507128247895e-8,2.123921260902201e-8,0.3143405832153362,0.11048567497331466,0.21084668161699005,0.0008756998528659942,4.279097266694032e-7,2.590211704574564e-7,9.503099590199726e-7,2.8610000000001396e-6,2.8610000000001396e-6,2.8610000000001396e-6,1.8710000000000588e-6,1.8710000000000588e-6,1.8710000000000588e-6
2025-06-14T21:24:19Z,40.088127589812935,-75.26544347086426,28.354385937361826,-62.84309801400966,13.105091017039783,0.36336770362505416,1.2583114183321273,-0.2738313075609883,-0.1908537175085759,0.0,0.0,0.0,0.0,0.0,0.0,5.243346646298381e-9,5.24383294299563e-9,0.295339775774404,0.10522706855466775,0.19487968937887565,0.000835098379396766,4.1043501747409677e-7,2.561999089786518e-7,9.504642949745258e-7,2.86600000000014e-6,2.86600000000014e-6,2.86600000000014e-6,1.8760000000000592e-6,1.8760000000000592e-6,1.8760000000000592e-6
2025-06-14T21:24:20Z,40.08750082590035,-75.265291999503,27.620054715130266,-63.85992925188987,14.678543114158341,0.2928797273118951,1.256182310180662,-0.2652875682747985,-0.2008070872320897,0.0,0.0,0.0,0.0,0.0,0.0,9.23936265614131e-9,9.24351867062204e-9,0.3026415594142221,0.10637326841975817,0.1982476362134081,0.000852805747861638,4.127812926109768e-7,2.5818146923600284e-7,9.544561008173196e-7,2.8700000000001402e-6,2.8700000000001402e-6,2.8700000000001402e-6,1.8800000000000595e-6,1.8800000000000595e-6,1.8800000000000595e-6
2025-06-14T21:24:21Z,40.08683100491816,-75.26512931821976,26.874267493573036,-64.9191375602688,16.235171666696274,0.27941551190234987,1.2589037225019029,-0.26375393901698213,-0.20556153888978532,0.0,0.0,0.0,0.0,0.0,0.0,1.3228641227224961e-8,1.3242650811798717e-8,0.3098134020502867,0.10754314767245085,0.20160948926451916,0.0008695813976608694,4.1490968998081353e-7,2.6014540390776887e-7,9.58442323311831e-7,2.8740000000001405e-6,2.8740000000001405e-6,2.8740000000001405e-6,1.8840000000000598e-6,1.8840000000000598e-6,1.8840000000000598e-6
2025-06-14T21:24:22Z,40.08611852291891,-75.2649557013637,26.173402205062125,-66.01768369437376,17.70621278339304,0.3461075643512304,1.2637910733782847,-0.2604477503519129,-0.21384964450271585,0.0,0.0,0.0,0.0,0.0,0.0,1.720793723999864e-8,1.7240960053483234e-8,0.31682877470586224,0.1087254408592472,0.2049661787019788,0.0008839889338792327,4.1681325556531957e-7,2.621020495929827e-7,9.62420925776519e-7,2.878000000000141e-6,2.878000000000141e-6,2.878000000000141e-6,1.88800000000006e-6,1.88800000000006e-6,1.88800000000006e-6
2025-06-14T21:24:23Z,40.085363779126496,-75.2647706647671,25.527704055247604,-67.33635974907644,19.23375232683673,0.38128874215028985,1.260399233943723,-0.2476763797345749,-0.20388985902402895,0.0,0.0,0.0,0.0,0.0,0.0,2.1174037859185253e-8,2.1238183445218216e-8,0.3236542491501787,0.10992963232912834,0.20826229890185965,0.0009012007935497141,4.1848713363530956e-7,2.6406135725541796e-7,9.663899843009572e-7,2.882000000000141e-6,2.882000000000141e-6,2.882000000000141e-6,1.8920000000000604e-6,1.8920000000000604e-6,1.8920000000000604e-6
2025-06-14T21:24:24Z,40.082670796388726,-75.25938334483591,25.826624632435315,-65.81340227769444,20.2818092194533,0.48500854404577876,1.261716234576151,-0.2458618096236386,-0.20203700549908116,0.0,0.0,0.0,0.0,0.0,0.0,1.637586738980989e-8,1.6411443036756395e-8,0.3036380978652752,0.10472995181882197,0.1920805152649733,0.0008466626377256315,4.006535183184559e-7,2.6164093420860855e-7,9.66586927821638e-7,2.8870000000001415e-6,2.8870000000001415e-6,2.8870000000001415e-6,1.8970000000000608e-6,1.8970000000000608e-6,1.8970000000000608e-6
2025-06-14T21:24:25Z,40.08192948354351,-75.25916854899526,25.44926876183522,-66.96189136055958,21.367431165304136,0.6933294994910669,1.2695598600090303,-0.24480304371158282,-0.20188400153497893,0.0,0.0,0.0,0.0,0.0,0.0,2.0344730275068207e-8,2.0408957641749818e-8,0.31089043827943896,0.10589147234575627,0.19520614551793927,0.000852219361912142,4.024383714022174e-7,2.638914962327128e-7,9.70549035910453e-7,2.891000000000142e-6,2.891000000000142e-6,2.891000000000142e-6,1.901000000000061e-6,1.901000000000061e-6,1.901000000000061e-6
2025-06-14T21:24:26Z,40.08114554255982,-75.25894699999067,25.242983551680567,-68.04768429461035,22.442700157761056,0.9002327318463028,1.2785520744104464,-0.23434632646915715,-0.20929010623074806,0.0,0.0,0.0,0.0,0.0,0.0,2.4297751996401484e-8,2.4405207576139842e-8,0.31786659442563986,0.10707398286518183,0.19828572411285428,0.0008558632961230747,4.040022451608576e-7,2.6613920520308197e-7,9.74499056801072e-7,2.895000000000142e-6,2.895000000000142e-6,2.895000000000142e-6,1.9050000000000614e-6,1.9050000000000614e-6,1.9050000000000614e-6
2025-06-14T21:24:27Z,40.08032238417206,-75.25871848511154,25.279273399355937,-69.24166647446918,23.393193576878936,1.2149244914878896,1.2871571745666517,-0.24478318784177025,-0.21180630564196357,0.0,0.0,0.0,0.0,0.0,0.0,2.8231777131956572e-8,2.8399949143217843e-8,0.3245262311822545,0.10826871613061163,0.20136605604732982,0.0008544706468512794,4.053525726157038e-7,2.683902029287622e-7,9.78435914911841e-7,2.8990000000001424e-6,2.8990000000001424e-6,2.8990000000001424e-6,1.9090000000000617e-6,1.9090000000000617e-6,1.9090000000000617e-6
2025-06-14T21:24:28Z,40.07946006105077,-75.25848387219443,25.64220501326541,-70.4471398251949,24.33558732911876,1.5482265978998049,1.3029410168264624,-0.2574799525715031,-0.211405792473234,0.0,0.0,0.0,0.0,0.0,0.0,3.214371277450777e-8,3.2392948083373176e-8,0.3308024120827711,0.10949932735422471,0.2044043683566638,0.0008522275654562904,4.064992244657453e-7,2.706503278820301e-7,9.82358853970003e-7,2.9030000000001427e-6,2.9030000000001427e-6,2.9030000000001427e-6,1.913000000000062e-6,1.913000000000062e-6,1.913000000000062e-6
2025-06-14T21:24:29Z,40.0796146968979,-75.25544599006845,27.07217195685055,-69.09392403518319,25.007915812688985,1.3552420678066404,1.2732586169866797,-0.24362774255799333,-0.20285800767000953,0.0,0.0,0.0,0.0,0.0,0.0,1.8931232281083695e-8,1.9002354008751333e-8,0.30945674827435815,0.10430870085442515,0.1881275932552121,0.0007941930686458452,3.889591486568468e-7,2.684710335032723e-7,9.828013433030047e-7,2.908000000000143e-6,2.908000000000143e-6,2.908000000000143e-6,1.9180000000000624e-6,1.9180000000000624e-6,1.9180000000000624e-6
2025-06-14T21:24:30Z,40.07882772030229,-75.25517787767185,27.296153466785363,-70.17802705896884,25.904665472804574,1.2397591239844064,1.270803057693791,-0.2583214065313896,-0.22681500913307945,0.0,0.0,0.0,0.0,0.0,0.0,2.2890036283556505e-8,2.2999125933447275e-8,0.31597419890068584,0.10546007548648523,0.19082044140002966,0.0007893190583460589,3.9039955321576997e-7,2.7097323806965934e-7,9.867237343632354e-7,2.9120000000001434e-6,2.9120000000001434e-6,2.9120000000001434e-6,1.9220000000000627e-6,1.9220000000000627e-6,1.9220000000000627e-6
2025-06-14T21:24:31Z,40.07799731806509,-75.25490287930218,27.446319592730674,-71.74315738278126,27.064909975212448,1.2771077808255056,1.2805027359450432,-0.2662581185058216,-0.22662725492087604,0.0,0.0,0.0,0.0,0.0,0.0,2.683085671107465e-8,2.6994495165767583e-8,0.3220659732952848,0.1067250338310395,0.19352183154953168,0.0007957935974900901,3.916703597289185e-7,2.734720837008561e-7,9.906329045517105e-7,2.9160000000001437e-6,2.9160000000001437e-6,2.9160000000001437e-6,1.926000000000063e-6,1.926000000000063e-6,1.926000000000063e-6
2025-06-14T21:24:32Z,40.07712526238743,-75.254621725297,27.735813370061013,-72.99696785733752,27.719496278427084,1.5615565082941947,1.2985238321728598,-0.24166830256016197,-0.217067962938967,0.0,0.0,0.0,0.0,0.0,0.0,3.0750556936967054e-8,3.0988227783841704e-8,0.3278818678849975,0.10797196297459503,0.19627343753692034,0.0007901710701740353,3.927871930905799e-7,2.7597222924831987e-7,9.945291722986847e-7,2.920000000000144e-6,2.920000000000144e-6,2.920000000000144e-6,1.9300000000000633e-6,1.9300000000000633e-6,1.9300000000000633e-6
2025-06-14T21:24:33Z,40.076214935429554,-75.25433393360514,28.212185044298174,-74.19478818048442,28.748773103514225,1.754518256425444,1.3092030269186115,-0.24135957876247469,-0.21881992624596072,0.0,0.0,0.0,0.0,0.0,0.0,3.4646069359861495e-8,3.498010008759881e-8,0.3332643935164804,0.10929657273027038,0.1989616289268302,0.0007879212457297722,3.9376258286333605e-7,2.784744221131728e-7,9.984127540161548e-7,2.9240000000001443e-6,2.9240000000001443e-6,2.9240000000001443e-6,1.9340000000000636e-6,1.9340000000000636e-6,1.9340000000000636e-6
2025-06-14T21:24:34Z,40.083540208053606,-75.26600313540122,30.00942551088642,-72.54357813935003,29.039294136896387,1.988109168047992,1.3102968067915672,-0.23565082210819271,-0.20979025735832701,0.0,0.0,0.0,0.0,0.0,0.0,1.938207700234073e-8,1.94647628867852e-8,0.3114078087136994,0.1042194769444871,0.18331427925815205,0.0007284448097080504,3.774226230964386e-7,2.763195996593183e-7,9.99194836112978e-7,2.9290000000001447e-6,2.9290000000001447e-6,2.9290000000001447e-6,1.939000000000064e-6,1.939000000000064e-6,1.939000000000064e-6
2025-06-14T21:24:35Z,40.082717779550826,-75.2656888572759,30.832992264121636,-73.49093921565142,29.828682907926616,2.0361334383009537,1.3143070542703794,-0.2305656386930797,-0.215093074395866,0.0,0.0,0.0,0.0,0.0,0.0,2.333968747360789e-8,2.346130972656156e-8,0.31702926749181976,0.10548337208098289,0.1858463395714607,0.000721079767583828,3.788209061527036e-7,2.790007800350542e-7,1.0030886793943875e-6,2.933000000000145e-6,2.933000000000145e-6,2.933000000000145e-6,1.9430000000000642e-6,1.9430000000000642e-6,1.9430000000000642e-6
2025-06-14T21:24:36Z,40.08185869794513,-75.26536893554176,31.630770103179028,-74.5050352546755,30.691042939757377,2.00569625121487,1.3128790294983146,-0.22817653416019415,-0.2151608634058955,0.0,0.0,0.0,0.0,0.0,0.0,2.7279240145199062e-8,2.7456395225806025e-8,0.32219662989960673,0.10677464614938148,0.18832630753168525,0.000714259917864114,3.8010608079770466e-7,2.8167166042636223e-7,1.0069718376342922e-6,2.9370000000001453e-6,2.9370000000001453e-6,2.9370000000001453e-6,1.9470000000000645e-6,1.9470000000000645e-6,1.9470000000000645e-6
2025-06-14T21:24:37Z,40.080961502781676,-75.26504341250165,32.442132752354944,-75.32362900768051,31.538733026756123,2.1350583854961016,1.3189119888300243,-0.22657544261486284,-0.22050902535320296,0.0,0.0,0.0,0.0,0.0,0.0,3.119764996186884e-8,3.144978143899434e-8,0.3269232682985988,0.10812689456146682,0.19084620022781754,0.0007047294052307273,3.812935299912761e-7,2.8433609568113634e-7,1.0108450779171866e-6,2.9410000000001456e-6,2.9410000000001456e-6,2.9410000000001456e-6,1.951000000000065e-6,1.951000000000065e-6,1.951000000000065e-6
2025-06-14T21:24:38Z,40.080028993623515,-75.26471053196316,33.265847469787154,-76.42260673563102,32.39405514506787,2.170277908720529,1.3171647384831635,-0.2211768201446019,-0.2204373981144918,0.0,0.0,0.0,0.0,0.0,0.0,3.509189938425845e-8,3.544124091363613e-8,0.3311767756209354,0.10949210091877573,0.1933094845307498,0.0006970433081853655,3.8239816182123236e-7,2.8699716056455427e-7,1.014709182683921e-6,2.945000000000146e-6,2.945000000000146e-6,2.945000000000146e-6,1.955000000000065e-6,1.955000000000065e-6,1.955000000000065e-6
2025-06-14T21:24:39Z,40.085131315697325,-75.2702846724039,35.21674929137728,-74.84979089362515,32.47408483867729,2.2697026970717267,1.3195410453637095,-0.21955205195909824,-0.21549353388341083,0.0,0.0,0.0,0.0,0.0,0.0,1.945854491795173e-8,1.9542989579463592e-8,0.30932815373781314,0.10440292046008313,0.17830290600918317,0.0006439831862276419,3.676168561038167e-7,2.846487493106787e-7,1.0159127984182159e-6,2.9500000000001462e-6,2.9500000000001462e-6,2.9500000000001462e-6,1.9600000000000655e-6,1.9600000000000655e-6,1.9600000000000655e-6
2025-06-14T21:24:40Z,40.08428763547561,-75.26992862817104,36.11527330970624,-75.82857346979492,33.285037437579255,2.2184337607527738,1.311665241938415,-0.22388714974440233,-0.22170071043932205,0.0,0.0,0.0,0.0,0.0,0.0,2.341611669295391e-8,2.3539478209741124e-8,0.3138605139709767,0.10574697255130532,0.1806797949975619,0.0006362710134554667,3.6918360053539604e-7,2.8745625060178547e-7,1.01979534425921e-6,2.9540000000001465e-6,2.9540000000001465e-6,2.9540000000001465e-6,1.964000000000066e-6,1.964000000000066e-6,1.964000000000066e-6
2025-06-14T21:24:41Z,40.083405980337886,-75.26956556614898,36.80204986973466,-76.9061087317295,34.34107239645546,1.9318368429833501,1.268455360364242,-0.20648998032182836,-0.19364451471985708,0.0,0.0,0.0,0.0,0.0,0.0,2.7355683716412938e-8,2.7534488078793126e-8,0.3179706192513096,0.10710461497317597,0.1829632887248796,0.0006322311283207079,3.706838245697903e-7,2.902508561274575e-7,1.0236708265392418e-6,2.958000000000147e-6,2.958000000000147e-6,2.958000000000147e-6,1.968000000000066e-6,1.968000000000066e-6,1.968000000000066e-6
2025-06-14T21:24:42Z,40.08248663882941,-75.26919124402652,37.34136548741612,-77.80723392398563,35.90476020219384,1.9708770995605207,1.263674324578273,-0.20330157862391865,-0.18069014412267204,0.0,0.0,0.0,0.0,0.0,0.0,3.1274178271522165e-8,3.152777964225445e-8,0.321724364436644,0.10866567444068351,0.18536231293524064,0.0006356301654766253,3.721302924132536e-7,2.9303503848881227e-7,1.0275402344908685e-6,2.962000000000147e-6,2.962000000000147e-6,2.962000000000147e-6,1.9720000000000664e-6,1.9720000000000664e-6,1.9720000000000664e-6
2025-06-14T21:24:43Z,40.081532030646784,-75.26880306827422,37.86125587214662,-78.61842697598047,37.31275187317195,1.9515890149258697,1.2598286380142678,-0.20635477502603125,-0.18197722890109688,0.0,0.0,0.0,0.0,0.0,0.0,3.516859823046781e-8,3.5519123960448017e-8,0.3252369806846516,0.11022550392669239,0.187744701909438,0.0006347475380820073,3.735343967229227e-7,2.958093412195986e-7,1.0314044504037252e-6,2.9660000000001474e-6,2.9660000000001474e-6,2.9660000000001474e-6,1.9760000000000667e-6,1.9760000000000667e-6,1.9760000000000667e-6
2025-06-14T21:24:44Z,40.085735013707186,-75.271912584133,39.58402238256743,-76.68600868894734,37.98305197772398,2.172543008757979,1.253731442591993,-0.20206717081216222,-0.17055323379643741,0.0,0.0,0.0,0.0,0.0,0.0,1.947162556249373e-8,1.955607763670699e-8,0.3044050263981135,0.1052524184469849,0.17357598233422386,0.0005970154909382542,3.603728544115348e-7,2.9315366148968266e-7,1.0329628111610423e-6,2.971000000000148e-6,2.971000000000148e-6,2.971000000000148e-6,1.981000000000067e-6,1.981000000000067e-6,1.981000000000067e-6
2025-06-14T21:24:45Z,40.08487643714245,-75.27148819420145,40.390178076950306,-77.40830763465081,39.296255101890296,2.31771333332722,1.2625964564632108,-0.19977862380542422,-0.16472107530046143,0.0,0.0,0.0,0.0,0.0,0.0,2.3429249333607908e-8,2.3552548495288104e-8,0.30843707087216105,0.10683127139251525,0.17596606564545067,0.0005974524393252417,3.6219216430311736e-7,2.960469584228984e-7,1.0368478405354314e-6,2.975000000000148e-6,2.975000000000148e-6,2.975000000000148e-6,1.9850000000000674e-6,1.9850000000000674e-6,1.9850000000000674e-6
2025-06-14T21:24:46Z,40.083982704514014,-75.27105042745197,41.305951534917675,-77.89925139141371,41.030335113825856,2.4222060107089076,1.2684558503488281,-0.19899195038340392,-0.16677688919237618,0.0,0.0,0.0,0.0,0.0,0.0,2.7368896247757503e-8,2.754753491580582e-8,0.3121866800862742,0.1085094660889764,0.17834932366988823,0.0006021263138568573,3.639458895674131e-7,2.9893109152253476e-7,1.0407265122762982e-6,2.9790000000001484e-6,2.9790000000001484e-6,2.9790000000001484e-6,1.9890000000000677e-6,1.9890000000000677e-6,1.9890000000000677e-6
2025-06-14T21:24:47Z,40.08305415075723,-75.27059679576202,42.276916015302305,-78.8194401981829,42.60520077923029,2.5180153973741475,1.2720540111825245,-0.17904282333083685,-0.15877366904454132,0.0,0.0,0.0,0.0,0.0,0.0,3.128750077405896e-8,3.154079672323785e-8,0.31571216828775167,0.11019960966467739,0.18071704814903053,0.0006087041272875641,3.6563525948551054e-7,3.018111589868153e-7,1.0445987698955944e-6,2.9830000000001487e-6,2.9830000000001487e-6,2.9830000000001487e-6,1.993000000000068e-6,1.993000000000068e-6,1.993000000000068e-6
2025-06-14T21:24:48Z,40.08209215062403,-75.27012822878815,43.24100586861985,-79.39499705384142,44.15266751475724,2.440702979767133,1.2692971653259262,-0.1781945049063641,-0.15434915443184796,0.0,0.0,0.0,0.0,0.0,0.0,3.5182061440912644e-8,3.553210427885304e-8,0.3190624922087966,0.11188999221858247,0.18303714194358042,0.0006099313947545797,3.6725460996275544e-7,3.0469496855655187e-7,1.0484641405263759e-6,2.987000000000149e-6,2.987000000000149e-6,2.987000000000149e-6,1.9970000000000683e-6,1.9970000000000683e-6,1.9970000000000683e-6
2025-06-14T21:24:49Z,40.08595626301505,-75.27239102484091,45.42148424577492,-77.53537606316786,44.49755411294313,2.7512683957878936,1.284110474620413,-0.18510421011948458,-0.16324800644067183,0.0,0.0,0.0,0.0,0.0,0.0,1.9473929348842115e-8,1.9558253285469145e-8,0.29957239345547837,0.10684645390419617,0.16951593980500212,0.0005772224174294585,3.5516592460503273e-7,3.0172943396406066e-7,1.050164857468895e-6,2.9920000000001494e-6,2.9920000000001494e-6,2.9920000000001494e-6,2.0020000000000687e-6,2.0020000000000687e-6,2.0020000000000687e-6
2025-06-14T21:24:50Z,40.085091490522295,-75.27188703555008,46.52186464774951,-78.16005684300862,46.055680228793165,2.588526697044342,1.2816414564365646,-0.18219703032800144,-0.16184814412272241,0.0,0.0,0.0,0.0,0.0,0.0,2.3431574934146875e-8,2.3554717466427375e-8,0.30343188358897477,0.10851459587415219,0.17174682214260933,0.0005812903618235117,3.570937167393887e-7,3.0473569635212676e-7,1.054046622308313e-6,2.9960000000001497e-6,2.9960000000001497e-6,2.9960000000001497e-6,2.006000000000069e-6,2.006000000000069e-6,2.006000000000069e-6
2025-06-14T21:24:51Z,40.084191547486114,-75.271369339139,47.51710444499182,-78.80149058407359,47.520980740883175,2.574002527517083,1.275510109655664,-0.19527319186576944,-0.1660915929857081,0.0,0.0,0.0,0.0,0.0,0.0,2.7371247521006383e-8,2.754969501126003e-8,0.30707366937932457,0.11023374542746384,0.1740232076293423,0.0005825245031040488,3.58931017553939e-7,3.077455522168064e-7,1.057920171309635e-6,3.00000000000015e-6,3.00000000000015e-6,3.00000000000015e-6,2.0100000000000693e-6,2.0100000000000693e-6,2.0100000000000693e-6
2025-06-14T21:24:52Z,40.08325367930052,-75.27083952085916,48.55703102058695,-79.48426728409494,48.94612445384847,2.6893717062721154,1.2729230416827841,-0.19839531148543332,-0.1709907373606906,0.0,0.0,0.0,0.0,0.0,0.0,3.1289878631605653e-8,3.154294553528249e-8,0.3104662963149146,0.11202007028185106,0.17633164849019012,0.0005838744034272543,3.606764929814238e-7,3.1076365966029977e-7,1.0617852537426776e-6,3.0040000000001503e-6,3.0040000000001503e-6,3.0040000000001503e-6,2.0140000000000696e-6,2.0140000000000696e-6,2.0140000000000696e-6
2025-06-14T21:24:53Z,40.0822875396498,-75.27029452289396,49.56613860250738,-80.03500257216601,50.31433591311976,2.6143724808287523,1.279912235494072,-0.18905384750976142,-0.16885829301718727,0.0,0.0,0.0,0.0,0.0,0.0,3.51844631389168e-8,3.553423937536691e-8,0.31362471479769355,0.11381456056824697,0.1785692543951471,0.0005841479839255996,3.6233069335507326e-7,3.1379438385866263e-7,1.0656418141047683e-6,3.0080000000001506e-6,3.0080000000001506e-6,3.0080000000001506e-6,2.01800000000007e-6,2.01800000000007e-6,2.01800000000007e-6
2025-06-14T21:24:54Z,40.08602966746884,-75.27240059982948,51.729942589715314,-78.04010985890451,50.14600414712765,2.6655304530827144,1.2813258107142524,-0.1794412135166575,-0.17075917851608502,0.0,0.0,0.0,0.0,0.0,0.0,1.9474339550513482e-8,1.9558609752724002e-8,0.2952063431567325,0.10857432597768349,0.1654720748938868,0.0005492060376007013,3.5088152973359757e-7,3.105682820427224e-7,1.0674915971631915e-6,3.013000000000151e-6,3.013000000000151e-6,3.013000000000151e-6,2.0230000000000702e-6,2.0230000000000702e-6,2.0230000000000702e-6
2025-06-14T21:24:55Z,40.08516181621118,-75.27182932817227,52.737660552140305,-78.33764840420815,51.663955370849365,2.662252450130808,1.2753400900803364,-0.15497754462845537,-0.17082982237556932,0.0,0.0,0.0,0.0,0.0,0.0,2.3431984330894135e-8,2.3555070703910492e-8,0.29877211006738597,0.11038768586363637,0.1676692125886076,0.0005521305771591355,3.527917415505717e-7,3.1371559707369874e-7,1.0713625070184326e-6,3.0170000000001513e-6,3.0170000000001513e-6,3.0170000000001513e-6,2.0270000000000705e-6,2.0270000000000705e-6,2.0270000000000705e-6
2025-06-14T21:24:56Z,40.08426001941601,-75.27124196871432,53.63025878632447,-78.90622791172586,53.55523804559347,2.465039563395278,1.2664329795333802,-0.14049361121868215,-0.16121117773816654,0.0,0.0,0.0,0.0,0.0,0.0,2.737164985221876e-8,2.755004406772042e-8,0.3021236427571343,0.11226721734421675,0.1697908888675199,0.0005625494647756366,3.546019225843586e-7,3.1687427914050674e-7,1.0752242455094753e-6,3.0210000000001516e-6,3.0210000000001516e-6,3.0210000000001516e-6,2.031000000000071e-6,2.031000000000071e-6,2.031000000000071e-6
2025-06-14T21:24:57Z,40.083324688449366,-75.27063579748265,54.40069108194058,-79.73656793676369,55.368981599897424,2.454279564571142,1.2657323110829486,-0.14047796975673316,-0.14276194788494387,0.0,0.0,0.0,0.0,0.0,0.0,3.129026304612023e-8,3.1543289299682284e-8,0.30537318025765486,0.11422649796227623,0.17195416869482666,0.0005731517410077406,3.563106355896277e-7,3.200489550332786e-7,1.079076595962172e-6,3.025000000000152e-6,3.025000000000152e-6,3.025000000000152e-6,2.035000000000071e-6,2.035000000000071e-6,2.035000000000071e-6
2025-06-14T21:24:58Z,40.082354026594544,-75.27001240005035,55.11854971298692,-80.24930385646014,57.12752755543935,2.363241130062969,1.2565060669130592,-0.16479966595559392,-0.13143726132133945,0.0,0.0,0.0,0.0,0.0,0.0,3.5184812535161034e-8,3.5534576420438367e-8,0.3085368187036367,0.1162059224267391,0.17409373412127,0.0005791006348397171,3.5791243546188e-7,3.232429304618409e-7,1.082919111841467e-6,3.029000000000152e-6,3.029000000000152e-6,3.029000000000152e-6,2.0390000000000714e-6,2.0390000000000714e-6,2.0390000000000714e-6
2025-06-14T21:24:59Z,40.08605237571037,-75.27221828408334,57.11249378230091,-78.31740724527134,57.13428822498299,2.2331337712142796,1.2514832991794407,-0.17598616787567314,-0.15061863333038494,0.0,0.0,0.0,0.0,0.0,0.0,1.9474394690367146e-8,1.9558665023565157e-8,0.291315876785386,0.11087157793531467,0.16139862395465782,0.0005546217486485416,3.4690942231525316e-7,3.197661487384478e-7,1.0848453759718078e-6,3.0340000000001526e-6,3.0340000000001526e-6,3.0340000000001526e-6,2.044000000000072e-6,2.044000000000072e-6,2.044000000000072e-6
2025-06-14T21:25:00Z,40.085183303554395,-75.27156380447167,57.672725627877774,-78.56074362493989,58.825439531281205,2.114028364954154,1.2434811309378557,-0.18518489022457618,-0.15996717405271077,0.0,0.0,0.0,0.0,0.0,0.0,2.3432027836167344e-8,2.35551237643824e-8,0.29500542769373056,0.1128207698835274,0.16345650541551754,0.0005611561238308137,3.4872147109045036e-7,3.2306471473207314e-7,1.0886999547419065e-6,3.038000000000153e-6,3.038000000000153e-6,3.038000000000153e-6,2.048000000000072e-6,2.048000000000072e-6,2.048000000000072e-6
2025-06-14T21:25:01Z,40.084282213648216,-75.27089259038523,58.13690458663348,-78.91308342905383,60.73576114825935,1.976564903987917,1.2393802165330299,-0.1885924136422494,-0.17425571958702643,0.0,0.0,0.0,0.0,0.0,0.0,2.737166917560341e-8,2.7550094272094652e-8,0.29852858661682036,0.11485759703838049,0.1654830369019074,0.0005731950363007592,3.504051649122295e-7,3.263822938299236e-7,1.092542686418251e-6,3.042000000000153e-6,3.042000000000153e-6,3.042000000000153e-6,2.0520000000000724e-6,2.0520000000000724e-6,2.0520000000000724e-6
2025-06-14T21:25:02Z,40.08335047259333,-75.27020234873883,58.49314056006718,-79.35440411023413,62.60098694714665,1.915297012960299,1.2384181393567675,-0.18776568954551093,-0.17695444346732342,0.0,0.0,0.0,0.0,0.0,0.0,3.12902394310994e-8,3.1543335880617404e-8,0.3019655119629201,0.11696217472844132,0.16750505206393243,0.0005852018636709865,3.5195693259788125e-7,3.2972351294946803e-7,1.0963730129842656e-6,3.0460000000001535e-6,3.0460000000001535e-6,3.0460000000001535e-6,2.0560000000000727e-6,2.0560000000000727e-6,2.0560000000000727e-6
2025-06-14T21:25:03Z,40.08238723810272,-75.26949271247705,58.77073588220096,-79.94543788749966,64.44458769773837,1.893374873601339,1.2302832471397667,-0.1909169403463663,-0.17214266265263983,0.0,0.0,0.0,0.0,0.0,0.0,3.518471985520422e-8,3.553461836264436e-8,0.3053262734168771,0.11912557822018204,0.16950879266311844,0.0005962676566127355,3.5337050835623843e-7,3.3309189640146717e-7,1.1001902305032284e-6,3.0500000000001538e-6,3.0500000000001538e-6,3.0500000000001538e-6,2.060000000000073e-6,2.060000000000073e-6,2.060000000000073e-6
2025-06-14T21:25:04Z,40.088282466311334,-75.27397061401024,60.69141973479961,-78.59076596343256,63.84966173803527,1.9540169592295464,1.2300636206328652,-0.18491342155151091,-0.16091561879238153,0.0,0.0,0.0,0.0,0.0,0.0,7.086827819433511e-9,7.089598168064783e-9,0.2891154613057776,0.1136628154391775,0.15722809347566208,0.0005739135745066985,3.425490847344035e-7,3.293658943906267e-7,1.1021012410111107e-6,3.055000000000154e-6,3.055000000000154e-6,3.055000000000154e-6,2.0650000000000734e-6,2.0650000000000734e-6,2.0650000000000734e-6
2025-06-14T21:25:05Z,40.08750423251955,-75.27322014481226,61.00455703027079,-79.1236727612116,65.62194163604234,1.9437685390290422,1.2296365044980948,-0.18785056545823692,-0.1617597803276546,0.0,0.0,0.0,0.0,0.0,0.0,1.108022977658985e-8,1.1089053796704813e-8,0.2930789084033855,0.11580087874185252,0.15914903900696142,0.0005853580895427551,3.4413464548729627e-7,3.328304212871519e-7,1.1059275112830992e-6,3.0590000000001544e-6,3.0590000000001544e-6,3.0590000000001544e-6,2.0690000000000737e-6,2.0690000000000737e-6,2.0690000000000737e-6
2025-06-14T21:25:06Z,40.086689301528054,-75.27245331056531,61.22369186227995,-79.61223103761797,67.28876500804665,1.8787867443897306,1.2257090075182924,-0.1833769690185464,-0.1656855224221514,0.0,0.0,0.0,0.0,0.0,0.0,1.506548888364964e-8,1.5087826411563287e-8,0.29696330175794367,0.11796802374046826,0.16102289836441278,0.0005937779899240954,3.455649857247268e-7,3.3631690066198586e-7,1.1097393090781357e-6,3.0630000000001547e-6,3.0630000000001547e-6,3.0630000000001547e-6,2.073000000000074e-6,2.073000000000074e-6,2.073000000000074e-6
2025-06-14T21:25:07Z,40.08583804081377,-75.27167089661663,61.457953919143115,-80.1405507178768,68.93311513693246,1.9919326208171282,1.2303409115812354,-0.1821652154956054,-0.16776549397955628,0.0,0.0,0.0,0.0,0.0,0.0,1.9039394252612164e-8,1.9085649735976013e-8,0.30073360797592325,0.1202383688104355,0.16291295461746017,0.0006021304569559659,3.4683770090241304e-7,3.3982655897754627e-7,1.1135363735165708e-6,3.067000000000155e-6,3.067000000000155e-6,3.067000000000155e-6,2.0770000000000743e-6,2.0770000000000743e-6,2.0770000000000743e-6
2025-06-14T21:25:08Z,40.08495052899742,-75.27087252846181,61.67391930537345,-80.79533089460655,70.52393685761683,1.9217516752712696,1.2266739207328525,-0.1853341560999831,-0.16269351281212438,0.0,0.0,0.0,0.0,0.0,0.0,2.299876243046041e-8,2.3082264828119846e-8,0.3043918492044815,0.12251630646379638,0.1647072692505146,0.0006080520380790668,3.47953163584042e-7,3.433600850520605e-7,1.1173187309699396e-6,3.0710000000001553e-6,3.0710000000001553e-6,3.0710000000001553e-6,2.0810000000000746e-6,2.0810000000000746e-6,2.0810000000000746e-6
2025-06-14T21:25:09Z,40.088206304532974,-75.27392054675032,63.57964442286725,-79.3079118187331,69.50554992360216,1.9682863849734258,1.222304498664983,-0.18070712441008097,-0.15911271184479184,0.0,0.0,0.0,0.0,0.0,0.0,7.0231976047559225e-9,7.025343543745677e-9,0.28885084870568534,0.11680173701026057,0.15276948826498105,0.0005786639956700888,3.372097533123938e-7,3.3928825881641514e-7,1.1192849915472713e-6,3.0760000000001557e-6,3.0760000000001557e-6,3.0760000000001557e-6,2.086000000000075e-6,2.086000000000075e-6,2.086000000000075e-6
2025-06-14T21:25:10Z,40.0874203492177,-75.2731039872279,63.643877103140554,-79.88692336470042,71.03383513264924,1.7371699586859972,1.215987094090358,-0.18438279236522878,-0.1591902933512465,0.0,0.0,0.0,0.0,0.0,0.0,1.1016702770775664e-8,1.1024807530298484e-8,0.2929223450467092,0.1190013054553044,0.1544446034371178,0.0005836373199799033,3.3851460554917414e-7,3.4288903537057026e-7,1.12307858491454e-6,3.080000000000156e-6,3.080000000000156e-6,3.080000000000156e-6,2.0900000000000753e-6,2.0900000000000753e-6,2.0900000000000753e-6
2025-06-14T21:25:11Z,40.08659681107849,-75.27227535588179,63.57223985653993,-80.4032856212987,72.22643567053362,1.688418635646534,1.2144164302965286,-0.188311854448563,-0.1703800459630538,0.0,0.0,0.0,0.0,0.0,0.0,1.5002114213553276e-8,1.5023592716991445e-8,0.2968432220256865,0.1212584869272922,0.15613538900691837,0.0005813588464037866,3.3966197657782976e-7,3.4650725698139693e-7,1.126857712718273e-6,3.0840000000001563e-6,3.0840000000001563e-6,3.0840000000001563e-6,2.0940000000000756e-6,2.0940000000000756e-6,2.0940000000000756e-6
2025-06-14T21:25:12Z,40.08573626951469,-75.2714386662834,63.286528345053995,-81.048193616679,72.96633903188547,1.3533970543288234,1.3058596176896131,-0.1989316363590951,-0.1926021973461357,0.0,0.0,0.0,0.0,0.0,0.0,1.8976218243808088e-8,1.9021432900749842e-8,0.30052059188743774,0.12349968427070064,0.15769549960702184,0.0005778016794742347,3.406562851333444e-7,3.5014280576551364e-7,1.130622860956883e-6,3.0880000000001566e-6,3.0880000000001566e-6,3.0880000000001566e-6,2.098000000000076e-6,2.098000000000076e-6,2.098000000000076e-6
2025-06-14T21:25:13Z,40.084842531562934,-75.27059142869571,62.957441636758006,-81.56378187582033,74.28060297948149,1.710940508326566,1.280711978445993,-0.22557681299452131,-0.19016462577337825,0.0,0.0,0.0,0.0,0.0,0.0,2.2935827946950726e-8,2.3018069212332036e-8,0.3039407753697629,0.12598396831638117,0.15943408023509528,0.0005734337216737042,3.4150757281971065e-7,3.5379532864263807e-7,1.134375034182112e-6,3.092000000000157e-6,3.092000000000157e-6,3.092000000000157e-6,2.102000000000076e-6,2.102000000000076e-6,2.102000000000076e-6
2025-06-14T21:25:14Z,40.08774316284026,-75.2736290329775,64.48388394570084,-80.55579836005819,72.87169151737594,1.840950607677832,1.2884535232652408,-0.22517027878556262,-0.1921211712331636,0.0,0.0,0.0,0.0,0.0,0.0,8.364741644268443e-9,8.369176024519673e-9,0.2884365087285152,0.120021127844255,0.14792564660862562,0.0005396366732530293,3.3103133487799993e-7,3.49236744373548e-7,1.1365647628759118e-6,3.0970000000001573e-6,3.0970000000001573e-6,3.0970000000001573e-6,2.1070000000000766e-6,2.1070000000000766e-6,2.1070000000000766e-6
2025-06-14T21:25:15Z,40.086934538189894,-75.27277512843494,64.40890037542373,-81.55475502002545,74.00342482637257,1.8702902762058267,1.2961256433408403,-0.2156855115118149,-0.20362192028990206,0.0,0.0,0.0,0.0,0.0,0.0,1.2355888907466992e-8,1.2368441702105061e-8,0.292083620945773,0.12238498558416729,0.14948739169005676,0.0005384155069389629,3.3214731577720325e-7,3.5293083607441215e-7,1.1403356167998171e-6,3.1010000000001576e-6,3.1010000000001576e-6,3.1010000000001576e-6,2.111000000000077e-6,2.111000000000077e-6,2.111000000000077e-6
2025-06-14T21:25:16Z,40.08608539376014,-75.27191097013144,64.29170234327864,-82.46870232657584,75.06410425305714,1.861552015658672,1.2800161171307858,-0.2045983535252587,-0.1846423550233237,0.0,0.0,0.0,0.0,0.0,0.0,1.6337860123043178e-8,1.636693888868504e-8,0.2955230900656903,0.12478192987066335,0.15101278526616285,0.0005331638630985681,3.331400305858977e-7,3.56633959705322e-7,1.1440962176042116e-6,3.105000000000158e-6,3.105000000000158e-6,3.105000000000158e-6,2.115000000000077e-6,2.115000000000077e-6,2.115000000000077e-6
2025-06-14T21:25:17Z,40.08519725311969,-75.2710345524582,64.20250907671164,-83.3395111743073,76.39017254082535,2.069580453979694,1.2800528629386672,-0.203958941177736,-0.17599873795425086,0.0,0.0,0.0,0.0,0.0,0.0,2.0307447996699207e-8,2.0364404136104575e-8,0.2986954682520782,0.12734294694681716,0.1525756499462837,0.000533041058292217,3.3402180421900995e-7,3.6034341029743916e-7,1.1478483760312091e-6,3.109000000000158e-6,3.109000000000158e-6,3.109000000000158e-6,2.1190000000000775e-6,2.1190000000000775e-6,2.1190000000000775e-6
2025-06-14T21:25:18Z,40.08427163087981,-75.27014417992773,64.17647061951105,-84.13626444667293,77.70964438615259,2.0689148920926006,1.2787977949435119,-0.20430053838143547,-0.17701871570204494,0.0,0.0,0.0,0.0,0.0,0.0,2.4261474934866664e-8,2.4360581840120762e-8,0.3016717344217016,0.12991490120075802,0.1540585460187608,0.000531773233270493,3.3480787808572497e-7,3.640566857934594e-7,1.1515940935972181e-6,3.1130000000001585e-6,3.1130000000001585e-6,3.1130000000001585e-6,2.1230000000000778e-6,2.1230000000000778e-6,2.1230000000000778e-6
2025-06-14T21:25:19Z,40.0875704732875,-75.2735548766891,65.82093065811792,-82.68432878116752,76.53277302459885,2.1219453307114895,1.277298516545373,-0.20666817375393792,-0.18220399085823766,0.0,0.0,0.0,0.0,0.0,0.0,8.391948263321106e-9,8.396575454570813e-9,0.28647835627873286,0.12365048984943425,0.14307679039429777,0.0005023518325006486,3.249914816750971e-7,3.588457976779011e-7,1.1541413792660572e-6,3.118000000000159e-6,3.118000000000159e-6,3.118000000000159e-6,2.128000000000078e-6,2.128000000000078e-6,2.128000000000078e-6
2025-06-14T21:25:20Z,40.08674341678637,-75.27265141585538,65.79586543201496,-83.44989364888634,78.56378405826041,2.0660466988560926,1.2679541117977549,-0.20482958121100664,-0.18182587080303106,0.0,0.0,0.0,0.0,0.0,0.0,1.2383043387873643e-8,1.2395836522087724e-8,0.28974197611668634,0.12624180683550085,0.14453041149524445,0.000514541975662171,3.2611391429515563e-7,3.6256904846807314e-7,1.1579159066153227e-6,3.122000000000159e-6,3.122000000000159e-6,3.122000000000159e-6,2.1320000000000784e-6,2.1320000000000784e-6,2.1320000000000784e-6
2025-06-14T21:25:21Z,40.085877045098414,-75.27172883433632,65.74010301860875,-84.32800319520075,80.18970121513918,2.1159068919603534,1.2650830916966507,-0.21177772930736974,-0.16776134579784668,0.0,0.0,0.0,0.0,0.0,0.0,1.6364938386752337e-8,1.6394327686435007e-8,0.2929834785457118,0.1288773916434787,0.14599204392025417,0.0005198715344789499,3.271496836717805e-7,3.662900332450928e-7,1.1616861013692635e-6,3.1260000000001595e-6,3.1260000000001595e-6,3.1260000000001595e-6,2.1360000000000787e-6,2.1360000000000787e-6,2.1360000000000787e-6
2025-06-14T21:25:22Z,40.08497228615851,-75.270788459078,65.63432204088822,-85.2119272296933,81.83688861981972,2.072941111623229,1.2168822133346149,-0.20982929742539244,-0.1478295257477876,0.0,0.0,0.0,0.0,0.0,0.0,2.0334423502929106e-8,2.039178595657678e-8,0.2961045252103835,0.13153288064280325,0.14741043038097323,0.0005216224379273445,3.2809664162490313e-7,3.700088441297337e-7,1.1654522749649736e-6,3.1300000000001598e-6,3.1300000000001598e-6,3.1300000000001598e-6,2.140000000000079e-6,2.140000000000079e-6,2.140000000000079e-6
2025-06-14T21:25:23Z,40.08402974749318,-75.26982853280371,65.50946554274108,-86.14252292830058,83.82617647729323,2.0756391243202956,1.219333157607358,-0.20335314136864774,-0.14315838711622386,0.0,0.0,0.0,0.0,0.0,0.0,2.428831765826774e-8,2.4387956225261817e-8,0.2990566317446538,0.13433519962644183,0.14881523846330183,0.0005338914525155582,3.2895932728329054e-7,3.737248185826832e-7,1.1692153706895494e-6,3.13400000000016e-6,3.13400000000016e-6,3.13400000000016e-6,2.1440000000000793e-6,2.1440000000000793e-6,2.1440000000000793e-6
2025-06-14T21:25:24Z,40.087482516735264,-75.27342815315902,67.07899395930917,-84.60530392791831,83.14618383204004,2.14569387677188,1.226948494907815,-0.19947687830750332,-0.141387888009832,0.0,0.0,0.0,0.0,0.0,0.0,8.392472772287944e-9,8.397106753918749e-9,0.28475027837503303,0.12777563460955413,0.13842441979609463,0.0005169334523920997,3.199287675651981e-7,3.677846645237791e-7,1.171991297631825e-6,3.1390000000001604e-6,3.1390000000001604e-6,3.1390000000001604e-6,2.1490000000000797e-6,2.1490000000000797e-6,2.1490000000000797e-6
2025-06-14T21:25:25Z,40.08663719043804,-75.27244660039513,66.96563976597017,-85.57499238986291,85.12066342343698,2.1156021848438273,1.2216493525358632,-0.1933463987735632,-0.12898042760629091,0.0,0.0,0.0,0.0,0.0,0.0,1.238356560570974e-8,1.2396367200990493e-8,0.28829751504320383,0.13049573442456472,0.13981287693620684,0.0005296824849489204,3.211072260214412e-7,3.714986795607099e-7,1.1757842640943314e-6,3.1430000000001607e-6,3.1430000000001607e-6,3.1430000000001607e-6,2.15300000000008e-6,2.15300000000008e-6,2.15300000000008e-6
2025-06-14T21:25:26Z,40.08575117704897,-75.27144336464295,66.66924318852642,-86.61558825864222,87.15161856878848,1.8574369330108167,1.214667985502047,-0.21002952287460713,-0.12922919551197737,0.0,0.0,0.0,0.0,0.0,0.0,1.6365454121748817e-8,1.639485780949637e-8,0.2918211398196772,0.133224237130031,0.14113117349484428,0.0005424785870795224,3.221911366899885e-7,3.752050404220936e-7,1.1795747880540038e-6,3.147000000000161e-6,3.147000000000161e-6,3.147000000000161e-6,2.1570000000000803e-6,2.1570000000000803e-6,2.1570000000000803e-6
2025-06-14T21:25:27Z,40.084826217593196,-75.27041633922421,66.08582405513486,-87.6146899178037,89.2941588381234,1.6767624855430925,1.2056730894726515,-0.2145004595756075,-0.10504112724671745,0.0,0.0,0.0,0.0,0.0,0.0,2.0334924846301004e-8,2.0392315898928766e-8,0.29531907176926786,0.1360501401384862,0.14245117003685193,0.0005569818261728477,3.231808793831522e-7,3.7890290638118663e-7,1.183363548397158e-6,3.1510000000001613e-6,3.1510000000001613e-6,3.1510000000001613e-6,2.1610000000000806e-6,2.1610000000000806e-6,2.1610000000000806e-6
2025-06-14T21:25:28Z,40.08386026127363,-75.26936439949368,65.2835353263635,-88.58260202090446,91.74452964377086,1.434762706759058,1.1864324077895587,-0.20652359505848294,-0.08026145731970112,0.0,0.0,0.0,0.0,0.0,0.0,2.428879146048488e-8,2.4388486767375645e-8,0.2988127062011112,0.13895736486139193,0.14373713296452134,0.0005765726028676199,3.2407686468683676e-7,3.8259161060687375e-7,1.18715116889705e-6,3.1550000000001616e-6,3.1550000000001616e-6,3.1550000000001616e-6,2.165000000000081e-6,2.165000000000081e-6,2.165000000000081e-6
2025-06-14T21:25:29Z,40.087434451470756,-75.27326013699607,66.32101300400502,-87.1022744502333,91.53970790679183,1.50495019580657,1.1839413351820265,-0.20469360225230984,-0.06510462013025532,0.0,0.0,0.0,0.0,0.0,0.0,8.392481942335064e-9,8.397116626060677e-9,0.2855367747071533,0.132048931197379,0.13390051172071918,0.0005715354791905024,3.15655168304096e-7,3.759204111745533e-7,1.1900480505452273e-6,3.160000000000162e-6,3.160000000000162e-6,3.160000000000162e-6,2.1700000000000813e-6,2.1700000000000813e-6,2.1700000000000813e-6
2025-06-14T21:25:30Z,40.086566882503725,-75.27217672926253,65.41818554122479,-88.14629266260344,93.95464332709521,1.3748499523996682,1.182368234713286,-0.19943790414073773,-0.0515713530149672,0.0,0.0,0.0,0.0,0.0,0.0,1.2383572918493029e-8,1.2396376399542375e-8,0.2897984264812543,0.1349104028061159,0.1351984385745722,0.0005940431424400352,3.168100179038383e-7,3.795999113931838e-7,1.1938631754763854e-6,3.1640000000001623e-6,3.1640000000001623e-6,3.1640000000001623e-6,2.1740000000000816e-6,2.1740000000000816e-6,2.1740000000000816e-6
2025-06-14T21:25:31Z,40.085657388538614,-75.2710638854142,64.4058197547186,-89.32625574757537,96.94691388712181,1.2438889186431847,1.210436694744586,-0.21579261394543264,-0.06671893316111788,0.0,0.0,0.0,0.0,0.0,0.0,1.636545458377033e-8,1.639486629667506e-8,0.29413747778413074,0.13791851993682055,0.13646859350101673,0.000631191361828633,3.178444367399152e-7,3.8326675250262023e-7,1.1976765952129762e-6,3.1680000000001626e-6,3.1680000000001626e-6,3.1680000000001626e-6,2.178000000000082e-6,2.178000000000082e-6,2.178000000000082e-6
2025-06-14T21:25:32Z,40.08470821322999,-75.26992271749408,63.36262331697959,-90.1523694076395,99.06323373839214,1.3415546954374407,1.2180571836647651,-0.20334386083137876,-0.06577383976244436,0.0,0.0,0.0,0.0,0.0,0.0,2.0334908461044232e-8,2.039232393711094e-8,0.2987335346549434,0.14094565126390576,0.13778323779674817,0.000647622960686252,3.187546581261738e-7,3.8692049659670086e-7,1.201488717703254e-6,3.172000000000163e-6,3.172000000000163e-6,3.172000000000163e-6,2.182000000000082e-6,2.182000000000082e-6,2.182000000000082e-6
2025-06-14T21:25:33Z,40.08372257814618,-75.2687589967626,62.45944936335104,-90.91278126487987,101.06298102251777,1.509120584806346,1.2287747255026698,-0.20767376267967774,-0.07085217490324758,0.0,0.0,0.0,0.0,0.0,0.0,2.4288741428184833e-8,2.4388495028410513e-8,0.3033042202243744,0.14405098845679087,0.13909424982433508,0.0006604260091901608,3.195272037884173e-7,3.905614285569717e-7,1.2052991654935354e-6,3.1760000000001632e-6,3.1760000000001632e-6,3.1760000000001632e-6,2.1860000000000825e-6,2.1860000000000825e-6,2.1860000000000825e-6
2025-06-14T21:25:34Z,40.088738675861094,-75.28314985743029,64.13368875540183,-89.04630185534847,100.09107247760947,1.7739030947093044,1.236453484162557,-0.20206234946905563,-0.07742011419622065,0.0,0.0,0.0,0.0,0.0,0.0,9.913816763512057e-9,9.922241681599517e-9,0.29085098288762024,0.13663611490612163,0.12973856040016057,0.0006429269294987045,3.1133845764253685e-7,3.831243997324692e-7,1.208198362414934e-6,3.1810000000001636e-6,3.1810000000001636e-6,3.1810000000001636e-6,2.191000000000083e-6,2.191000000000083e-6,2.191000000000083e-6
2025-06-14T21:25:35Z,40.08784429658584,-75.28197106308095,63.59336744096635,-89.91286008086865,101.7962814859952,1.8656084488125555,1.2435152939899754,-0.1950927238804926,-0.0741630038919402,0.0,0.0,0.0,0.0,0.0,0.0,1.3901970360973215e-8,1.3921229381343052e-8,0.29585566245766315,0.13958995390769657,0.13099967494766002,0.0006510316397969372,3.1230539360931e-7,3.867564439697884e-7,1.2120321057298933e-6,3.185000000000164e-6,3.185000000000164e-6,3.185000000000164e-6,2.195000000000083e-6,2.195000000000083e-6,2.195000000000083e-6
2025-06-14T21:25:36Z,40.08691209625911,-75.28077376251693,63.08251186844102,-90.6279824320601,103.52986937744083,1.8796664624029518,1.2508233777766344,-0.19214952067744825,-0.0759713147267822,0.0,0.0,0.0,0.0,0.0,0.0,1.7879847036407054e-8,1.7919338392874628e-8,0.30071812490230854,0.14259139269577786,0.13222123554386286,0.0006577185693302746,3.13128122175538e-7,3.903749202474664e-7,1.2158642231929672e-6,3.189000000000164e-6,3.189000000000164e-6,3.189000000000164e-6,2.1990000000000835e-6,2.1990000000000835e-6,2.1990000000000835e-6
2025-06-14T21:25:37Z,40.0859427128432,-75.27955744513959,62.687883427004905,-91.5621077554463,105.29514277121122,2.119862078042216,1.2601571152361777,-0.198427857504186,-0.0751202289737267,0.0,0.0,0.0,0.0,0.0,0.0,2.1844282943377245e-8,2.1916306971986047e-8,0.305414676013824,0.1457354888013621,0.1334680467770389,0.000665564637703949,3.1381530705666625e-7,3.939796546422516e-7,1.2196955590269838e-6,3.1930000000001645e-6,3.1930000000001645e-6,3.1930000000001645e-6,2.2030000000000838e-6,2.2030000000000838e-6,2.2030000000000838e-6
2025-06-14T21:25:38Z,40.08493506396586,-75.27832249419501,62.43415504962232,-92.4264959586418,106.94993611424954,2.213178444150235,1.2651238197473267,-0.19401250178404447,-0.07521000672081232,0.0,0.0,0.0,0.0,0.0,0.0,2.5792141789149577e-8,2.591188190191131e-8,0.30995819935589825,0.14888783406938697,0.13465502606370747,0.0006697857691040646,3.1437521429013233e-7,3.975715689009775e-7,1.2235267961706323e-6,3.197000000000165e-6,3.197000000000165e-6,3.197000000000165e-6,2.207000000000084e-6,2.207000000000084e-6,2.207000000000084e-6
2025-06-14T21:25:39Z,40.08902820675418,-75.28511007903137,64.92889467812343,-90.60273872049653,105.53497422268866,2.3925695316912154,1.2755972384832461,-0.20151904408431906,-0.08348868326658046,0.0,0.0,0.0,0.0,0.0,0.0,9.972502034908641e-9,9.981349458784069e-9,0.2971070357911595,0.1409084732795158,0.12565972495630123,0.0006438872426286728,3.0632663680142826e-7,3.892951796938104e-7,1.2266413340203178e-6,3.202000000000165e-6,3.202000000000165e-6,3.202000000000165e-6,2.2120000000000844e-6,2.2120000000000844e-6,2.2120000000000844e-6
2025-06-14T21:25:40Z,40.08812046198521,-75.28386823264258,64.94178315958652,-91.39960200028172,107.01554561927354,2.522128698603728,1.2783736807444936,-0.179191341432775,-0.07958896742847743,0.0,0.0,0.0,0.0,0.0,0.0,1.3960564812544373e-8,1.398032355206411e-8,0.3018942448340427,0.14394748976767807,0.1268388193085331,0.0006456833984739722,3.0713452379404317e-7,3.928809894774203e-7,1.2304967843022007e-6,3.2060000000001655e-6,3.2060000000001655e-6,3.2060000000001655e-6,2.2160000000000847e-6,2.2160000000000847e-6,2.2160000000000847e-6
2025-06-14T21:25:41Z,40.08717460360316,-75.28261046420012,64.9295879737535,-92.25344799549826,108.588465686158,2.3173503707714533,1.2735114911842804,-0.20483804979042974,-0.07784192705468355,0.0,0.0,0.0,0.0,0.0,0.0,1.793833346302485e-8,1.7978413378555157e-8,0.3064444905066312,0.1469602507847562,0.12792948870009224,0.0006463279997837564,3.0782576265311815e-7,3.9645059606082985e-7,1.2343531816990619e-6,3.2100000000001658e-6,3.2100000000001658e-6,3.2100000000001658e-6,2.220000000000085e-6,2.220000000000085e-6,2.220000000000085e-6
2025-06-14T21:25:42Z,40.086190803641095,-75.28133581326121,64.83470976824091,-93.21931261834551,110.08167860807356,2.4488302639732566,1.2758259386723114,-0.20560448689003424,-0.07689631633242507,0.0,0.0,0.0,0.0,0.0,0.0,2.1902651369190397e-8,2.197535700862421e-8,0.31074231955798237,0.1501369779419446,0.12907216884708145,0.0006470539556993531,3.0841330546845455e-7,4.0000358683461197e-7,1.2382113857177757e-6,3.214000000000166e-6,3.214000000000166e-6,3.214000000000166e-6,2.2240000000000853e-6,2.2240000000000853e-6,2.2240000000000853e-6
2025-06-14T21:25:43Z,40.0851709956201,-75.28004572790108,64.80837285305195,-94.02131746232791,111.4383012636566,2.4496606845718056,1.2716041847619883,-0.2117036834369694,-0.0843576036090187,0.0,0.0,0.0,0.0,0.0,0.0,2.5850388731827044e-8,2.597090114083766e-8,0.31478950597229793,0.15332220374995442,0.13017277004276545,0.0006424746617164992,3.089088134258056e-7,4.0354075109676393e-7,1.2420720404134094e-6,3.2180000000001664e-6,3.2180000000001664e-6,3.2180000000001664e-6,2.2280000000000856e-6,2.2280000000000856e-6,2.2280000000000856e-6
2025-06-14T21:25:44Z,40.08411451390372,-75.27873957815768,64.73881984938168,-95.01317553781038,112.92800696230074,2.4627139394893094,1.2623671993180279,-0.21524704248318796,-0.08654487211807124,0.0,0.0,0.0,0.0,0.0,0.0,2.9778452801366095e-8,2.9964802129594705e-8,0.3185161995372431,0.15659173631850748,0.13125895987351735,0.0006408426244569414,3.093257015565311e-7,4.070612715925094e-7,1.245935929139902e-6,3.2220000000001667e-6,3.2220000000001667e-6,3.2220000000001667e-6,2.232000000000086e-6,2.232000000000086e-6,2.232000000000086e-6
2025-06-14T21:25:45Z,40.092835659993504,-75.282282479647,58.179287478828925,-93.77719271417591,113.13319115944489,2.316321648059563,1.2539646860561413,-0.21073911914607782,-0.08692113465467932,0.0,0.0,0.0,0.0,0.0,0.0,5.018592399293625e-9,5.018963400928712e-9,0.23745192925061853,0.14725835161729459,0.11856273334649346,0.0005197231089056633,2.8999261047073603e-7,3.958381237375837e-7,1.2490116914827783e-6,3.227000000000167e-6,3.227000000000167e-6,3.227000000000167e-6,2.2370000000000863e-6,2.2370000000000863e-6,2.2370000000000863e-6
2025-06-14T21:25:46Z,40.0919324779093,-75.28095917156679,58.94174919392585,-94.78139380028821,113.57999655914803,2.433175371057969,1.2499536962067763,-0.21927962108807933,-0.08727336571610748,0.0,0.0,0.0,0.0,0.0,0.0,9.014988145267141e-9,9.018654814843014e-9,0.24365854564285336,0.15037148524627755,0.11995808095400738,0.0005141324225964443,2.919579050911435e-7,3.9951303291026226e-7,1.2529396077427089e-6,3.2310000000001674e-6,3.2310000000001674e-6,3.2310000000001674e-6,2.2410000000000866e-6,2.2410000000000866e-6,2.2410000000000866e-6
2025-06-14T21:25:47Z,40.09098777703932,-75.27963558398851,59.773304617621285,-95.79023411819851,113.89781353825018,2.6152665935020107,1.245440337298822,-0.20966240482836293,-0.0844773640650374,0.0,0.0,0.0,0.0,0.0,0.0,1.3004980737418291e-8,1.3017788660269784e-8,0.24958491430580645,0.15356045308859095,0.12135712879886745,0.0005069704522682599,2.9379907548511316e-7,4.0315875900244757e-7,1.2568686080147352e-6,3.2350000000001677e-6,3.2350000000001677e-6,3.2350000000001677e-6,2.245000000000087e-6,2.245000000000087e-6,2.245000000000087e-6
2025-06-14T21:25:48Z,40.08999505109463,-75.2783163173849,60.67727983410669,-97.70564529381438,113.57423742946877,2.775956428029284,1.2404120928191038,-0.19855045279909492,-0.026950329596092608,0.0,0.0,0.0,0.0,0.0,0.0,1.698537129092427e-8,1.7016090536427968e-8,0.25517922684423716,0.15675482836818994,0.12273512023944509,0.0004999386093020288,2.955328086781928e-7,4.0677211386953403e-7,1.2607997350978089e-6,3.239000000000168e-6,3.239000000000168e-6,3.239000000000168e-6,2.2490000000000872e-6,2.2490000000000872e-6,2.2490000000000872e-6
2025-06-14T21:25:49Z,40.09240942634211,-75.28161064417729,57.12216998564293,-97.9730705297875,112.48333042201233,2.7668132821378326,1.222929133231767,-0.16612000399541296,0.17229554705064368,0.0,0.0,0.0,0.0,0.0,0.0,5.023602039362017e-9,5.023975123471628e-9,0.20292251513617757,0.14746656846846476,0.11281147260359604,0.00044112953205856177,2.827878586904751e-7,3.9571551703018687e-7,1.2646258738428675e-6,3.2440000000001683e-6,3.2440000000001683e-6,3.2440000000001683e-6,2.2540000000000876e-6,2.2540000000000876e-6,2.2540000000000876e-6
2025-06-14T21:25:50Z,40.09146054866813,-75.28029747829098,58.479943037383,-100.70730127794627,112.67394492648658,2.754473146613791,1.210446564851805,-0.1234652441771478,0.4606358970178195,0.0,0.0,0.0,0.0,0.0,0.0,9.01998803215086e-9,9.023666035583898e-9,0.20915050037348779,0.15055954755396594,0.11425792091751358,0.00046802077672161686,2.853190261347721e-7,3.993909083535921e-7,1.268587853676687e-6,3.2480000000001686e-6,3.2480000000001686e-6,3.2480000000001686e-6,2.258000000000088e-6,2.258000000000088e-6,2.258000000000088e-6
2025-06-14T21:25:51Z,40.090455331896166,-75.27898828320826,59.71707006568097,-103.19688148875561,112.63027733142198,2.7428180666190305,1.2003534614896305,-0.07439573953703879,0.8048682454073712,0.0,0.0,0.0,0.0,0.0,0.0,1.3009960411311555e-8,1.302280008420141e-8,0.215456341776011,0.15369268670638614,0.11573174591903974,0.000493338344741764,2.877817047281222e-7,4.030027356195566e-7,1.272555241104127e-6,3.252000000000169e-6,3.252000000000169e-6,3.252000000000169e-6,2.262000000000088e-6,2.262000000000088e-6,2.262000000000088e-6
2025-06-14T21:25:52Z,40.08940262180596,-75.27768596861414,60.911383389666966,-104.65349212159742,112.10780751120357,2.8577803019260215,1.2046871661811402,-0.013084961502045737,1.158556529744847,0.0,0.0,0.0,0.0,0.0,0.0,1.699031748224067e-8,1.7021104077426293e-8,0.22178692856424126,0.1568723516791529,0.11725138110021838,0.0005013394608461919,2.90191954064235e-7,4.0653041073443917e-7,1.2765289592979058e-6,3.2560000000001692e-6,3.2560000000001692e-6,3.2560000000001692e-6,2.2660000000000885e-6,2.2660000000000885e-6,2.2660000000000885e-6
2025-06-14T21:25:53Z,40.088312959381575,-75.27638474299087,62.199042583155084,-104.79763609169663,112.97947554158148,3.135047457943531,1.2359889807312874,0.01575173776440527,1.3897929103131776,0.0,0.0,0.0,0.0,0.0,0.0,2.095787189488064e-8,2.1018312653061734e-8,0.22792924379392662,0.160271098919855,0.11883093189260335,0.0004957337078925894,2.9256844520241637e-7,4.0995110363507224e-7,1.2805090009349896e-6,3.2600000000001695e-6,3.2600000000001695e-6,3.2600000000001695e-6,2.270000000000089e-6,2.270000000000089e-6,2.270000000000089e-6
2025-06-14T21:25:54Z,40.09192430552939,-75.28098560868146,59.51872137308942,-101.8601851335149,114.35429526605974,3.051371483133112,1.2218306668253964,0.007541736880705146,1.3828516319983883,0.0,0.0,0.0,0.0,0.0,0.0,6.273664655535302e-9,6.274863839731763e-9,0.1912687018883019,0.15044810912496692,0.11055813127253343,0.00043968412506888345,2.841282457400097e-7,3.970587584004748e-7,1.2849654862252885e-6,3.26500000000017e-6,3.26500000000017e-6,3.26500000000017e-6,2.275000000000089e-6,2.275000000000089e-6,2.275000000000089e-6
2025-06-14T21:25:55Z,40.09094492507977,-75.27963605087582,61.07816830521161,-101.8760056506164,117.21720289700266,2.971920542736436,1.1896397993426842,-0.03312876220024258,1.2209720961024655,0.0,0.0,0.0,0.0,0.0,0.0,1.0268388013712935e-8,1.027441031911623e-8,0.19784325649929269,0.15370530481719855,0.11211346537043639,0.0004545837299049811,2.8703408996474994e-7,4.004640850139667e-7,1.2889557854693423e-6,3.26900000000017e-6,3.26900000000017e-6,3.26900000000017e-6,2.2790000000000895e-6,2.2790000000000895e-6,2.2790000000000895e-6
2025-06-14T21:25:56Z,40.08993430266074,-75.2782581222019,62.46856362722242,-101.61416708152302,119.9856426416969,2.972655896874987,1.1588625152120244,-0.0872792142607889,0.9500255708660276,0.0,0.0,0.0,0.0,0.0,0.0,1.4255692773346299e-8,1.4273314314102899e-8,0.20466298060430746,0.15703071969341548,0.11371409973588138,0.0004691001379353576,2.8989946974075154e-7,4.03758553053892e-7,1.2929473006996894e-6,3.2730000000001705e-6,3.2730000000001705e-6,3.2730000000001705e-6,2.2830000000000898e-6,2.2830000000000898e-6,2.2830000000000898e-6
2025-06-14T21:25:57Z,40.08889429077284,-75.27685412391715,63.80012375315279,-101.05875072244739,122.4062110548648,3.094655360426631,1.1674502397607012,-0.16981508026806907,0.629836757515181,0.0,0.0,0.0,0.0,0.0,0.0,1.8232377045706862e-8,1.8271305123049128e-8,0.21164792619056041,0.16041964307521842,0.11536010538419345,0.0004817021699546805,2.9270728150742654e-7,4.0694842167245995e-7,1.2969389843297459e-6,3.277000000000171e-6,3.277000000000171e-6,3.277000000000171e-6,2.28700000000009e-6,2.28700000000009e-6,2.28700000000009e-6
2025-06-14T21:25:58Z,40.087827697847196,-75.275429131318,65.1923880147382,-100.05210523367757,124.23829800058185,3.340377997186541,1.2002196450071139,-0.2598861986554893,0.17199461425065424,0.0,0.0,0.0,0.0,0.0,0.0,2.2195254208251675e-8,2.226811995089044e-8,0.21869724648789968,0.16386300045827853,0.11705969632091283,0.0004868298437273571,2.9544000031816956e-7,4.1004551085928005e-7,1.300930192343841e-6,3.281000000000171e-6,3.281000000000171e-6,3.281000000000171e-6,2.2910000000000904e-6,2.2910000000000904e-6,2.2910000000000904e-6
2025-06-14T21:25:59Z,40.08673075868509,-75.27399118348838,66.72597504819754,-100.0064639984656,125.25577241068189,3.631744865564117,1.2783384377774305,-0.335425544102665,-0.3192099464190274,0.0,0.0,0.0,0.0,0.0,0.0,2.614116364477456e-8,2.6263504950656344e-8,0.2256353343762982,0.16731434589386007,0.11879901002082721,0.0004869769382921422,2.980801129563766e-7,4.1306735061191185e-7,1.3049205542703132e-6,3.2850000000001714e-6,3.2850000000001714e-6,3.2850000000001714e-6,2.2950000000000907e-6,2.2950000000000907e-6,2.2950000000000907e-6
2025-06-14T21:26:00Z,40.0926036130185,-75.28329569976778,60.39167726161068,-99.05556619439287,124.57293477460661,3.690915131049152,1.384920860800585,-0.37380352586789634,-0.8237728783621475,0.0,0.0,0.0,0.0,0.0,0.0,5.0142698058708964e-9,5.014637937281219e-9,0.17069648977797994,0.15575167236435436,0.11005447019275011,0.0004042010098054903,2.8736058936887186e-7,3.960406183262965e-7,1.3091982672188401e-6,3.2900000000001718e-6,3.2900000000001718e-6,3.2900000000001718e-6,2.300000000000091e-6,2.300000000000091e-6,2.300000000000091e-6
2025-06-14T21:26:01Z,40.091650472960666,-75.28183528537636,62.72945366419893,-100.32252538466142,125.8152778599323,3.7205239521417917,1.4803100195589867,-0.36455142567634874,-1.1978998395640095,0.0,0.0,0.0,0.0,0.0,0.0,9.010677015641641e-9,9.014329183782234e-9,0.1776287616202905,0.15900197006318015,0.1117526008203893,0.0004187513444623343,2.9047674048327997e-7,3.9943747835645385e-7,1.313187146695896e-6,3.294000000000172e-6,3.294000000000172e-6,3.294000000000172e-6,2.3040000000000914e-6,2.3040000000000914e-6,2.3040000000000914e-6
2025-06-14T21:26:02Z,40.09064991565219,-75.28035972610795,64.84254845137356,-101.9964896837401,128.0655150790181,3.506328825726385,1.489915769870803,-0.3526494993583446,-1.24233509997127,0.0,0.0,0.0,0.0,0.0,0.0,1.300069283659939e-8,1.3013463506204261e-8,0.18471569362073892,0.16229237921386733,0.11340803218825694,0.0004499388487597405,2.9347950923124515e-7,4.0280016367673596e-7,1.3171762014951598e-6,3.2980000000001724e-6,3.2980000000001724e-6,3.2980000000001724e-6,2.3080000000000917e-6,2.3080000000000917e-6,2.3080000000000917e-6
2025-06-14T21:26:03Z,40.089600512780976,-75.2788590903618,66.52742069686863,-103.70714820655394,130.83670855292374,3.1330595706975473,1.4295284705125124,-0.35979512794384977,-1.0314533165301254,0.0,0.0,0.0,0.0,0.0,0.0,1.6981118811538587e-8,1.701176738021723e-8,0.19213632710403336,0.16562632761062862,0.1150479710721388,0.0004889548274754742,2.9636449264686893e-7,4.06126972556782e-7,1.3211656636813415e-6,3.3020000000001727e-6,3.3020000000001727e-6,3.3020000000001727e-6,2.312000000000092e-6,2.312000000000092e-6,2.312000000000092e-6
2025-06-14T21:26:04Z,40.08849949027639,-75.27732981197501,67.69951161174882,-105.9227522547162,133.62664065246537,2.714599593950945,1.3281767976240497,-0.3557261169169968,-0.6444774595676306,0.0,0.0,0.0,0.0,0.0,0.0,2.0948766754816493e-8,2.100897507214494e-8,0.19995464338616342,0.16900796802959925,0.1166874023702249,0.0005339225562714881,2.991220942387642e-7,4.094131448348817e-7,1.3251555158550786e-6,3.306000000000173e-6,3.306000000000173e-6,3.306000000000173e-6,2.3160000000000923e-6,2.3160000000000923e-6,2.3160000000000923e-6
2025-06-14T21:26:05Z,40.087346402797934,-75.27577584525528,68.44795836235302,-107.87974161086093,135.60834771114972,2.508851334518553,1.2612383635061095,-0.32918597386882154,-0.34669341807183035,0.0,0.0,0.0,0.0,0.0,0.0,2.490046892399191e-8,2.5004829981254125e-8,0.20822239108192842,0.1724436886540266,0.11837910890169326,0.000565397239273483,3.0173895550251407e-7,4.126550415853716e-7,1.329145895513652e-6,3.3100000000001733e-6,3.3100000000001733e-6,3.3100000000001733e-6,2.3200000000000926e-6,2.3200000000000926e-6,2.3200000000000926e-6
2025-06-14T21:26:06Z,40.086145862938615,-75.27420335040537,68.93866277435666,-109.54771411620358,137.17924037580218,2.4113880439423276,1.2240525549991883,-0.30165817636125214,-0.1419047079438522,0.0,0.0,0.0,0.0,0.0,0.0,2.883308865735911e-8,2.8999085916624547e-8,0.21675683505411483,0.1759341107818955,0.12010238216870806,0.000586726005085028,3.0420286972522867e-7,4.1584544597043903e-7,1.333136632715839e-6,3.3140000000001736e-6,3.3140000000001736e-6,3.3140000000001736e-6,2.324000000000093e-6,2.324000000000093e-6,2.324000000000093e-6
2025-06-14T21:26:07Z,40.084897376524566,-75.27261276618641,69.20782791374987,-111.3723432255133,139.10110989995235,2.2670366871618968,1.1958287760253061,-0.265554563587127,0.04379244216371389,0.0,0.0,0.0,0.0,0.0,0.0,3.274353120660064e-8,3.299150808343495e-8,0.22540176434837306,0.179489560661488,0.12181947040276381,0.0006150344871437245,3.065107522684996e-7,4.1897662614372725e-7,1.3371274724168393e-6,3.318000000000174e-6,3.318000000000174e-6,3.318000000000174e-6,2.328000000000093e-6,2.328000000000093e-6,2.328000000000093e-6
2025-06-14T21:26:08Z,40.08360537763305,-75.27100009065408,69.24097595086243,-112.89780751365372,141.15971674106265,2.122745680808647,1.1729919046467265,-0.23743519631387172,0.22569314169119603,0.0,0.0,0.0,0.0,0.0,0.0,3.662875352609773e-8,3.698187422002667e-8,0.23420257988048981,0.18310947243311015,0.12354318765338111,0.0006400735172241064,3.086653226769035e-7,4.220426382661093e-7,1.3411183284210577e-6,3.322000000000174e-6,3.322000000000174e-6,3.322000000000174e-6,2.3320000000000935e-6,2.3320000000000935e-6,2.3320000000000935e-6
2025-06-14T21:26:09Z,40.0822807448372,-75.26936208670668,69.10687513493423,-113.40744483970941,143.39333797389236,2.1036645667001594,1.1706852455434542,-0.2567537473038274,0.1738192065646431,0.0,0.0,0.0,0.0,0.0,0.0,4.048577302501248e-8,4.0969975323493553e-8,0.24308343188100118,0.18684267188722367,0.12529356252361548,0.0006553276755370117,3.106678125489741e-7,4.2503719884501976e-7,1.3451088870151384e-6,3.3260000000001745e-6,3.3260000000001745e-6,3.3260000000001745e-6,2.3360000000000938e-6,2.3360000000000938e-6,2.3360000000000938e-6
2025-06-14T21:26:10Z,40.092750509227365,-75.28345012875363,62.578090516766295,-110.91293069782932,143.6545361185386,2.1948439256532795,1.2112818373731173,-0.3228904654692946,-0.1316302663999868,0.0,0.0,0.0,0.0,0.0,0.0,5.021111046185013e-9,5.02148129408025e-9,0.1929643137973331,0.17238696428583308,0.1152342731138148,0.0005554196718965472,2.9642000124306257e-7,4.059738296756918e-7,1.3491987109008078e-6,3.331000000000175e-6,3.331000000000175e-6,3.331000000000175e-6,2.341000000000094e-6,2.341000000000094e-6,2.341000000000094e-6
2025-06-14T21:26:11Z,40.091688359247975,-75.28176865461901,63.263308755564275,-112.04068725457824,144.28366822760503,2.415593756636649,1.3080266799213376,-0.37377611361596835,-0.5679075693488286,0.0,0.0,0.0,0.0,0.0,0.0,9.017512157774516e-9,9.021172198199614e-9,0.20181788636127265,0.17590962453148212,0.1170309614566673,0.000558369637919103,2.9903098439864634e-7,4.092739018965257e-7,1.3531874022218994e-6,3.335000000000175e-6,3.335000000000175e-6,3.335000000000175e-6,2.3450000000000944e-6,2.3450000000000944e-6,2.3450000000000944e-6
2025-06-14T21:26:12Z,40.09057873151929,-75.28008040193622,63.94089581284159,-113.74234216644363,145.6524616471768,2.3744821608329163,1.394495263441927,-0.37859908955154914,-0.8835477139063979,0.0,0.0,0.0,0.0,0.0,0.0,1.3007515339231614e-8,1.3020306154385714e-8,0.2106225075079876,0.17944395038794533,0.11877281971131759,0.0005766385887126547,3.0147755376521e-7,4.125244477854861e-7,1.3571758581743511e-6,3.3390000000001755e-6,3.3390000000001755e-6,3.3390000000001755e-6,2.3490000000000947e-6,2.3490000000000947e-6,2.3490000000000947e-6
2025-06-14T21:26:13Z,40.0894191536673,-75.27837761655238,64.4349381093258,-115.51964275359977,147.49082807378286,2.2430714360924338,1.4503129770261884,-0.3746158775898194,-1.1018304720325587,0.0,0.0,0.0,0.0,0.0,0.0,1.6987916599955388e-8,1.7018610352591106e-8,0.2195188184363854,0.1830317692256835,0.12049790576863523,0.0006018721120919824,3.0376378729658535e-7,4.1572653358484565e-7,1.3611643519775596e-6,3.3430000000001758e-6,3.3430000000001758e-6,3.3430000000001758e-6,2.353000000000095e-6,2.353000000000095e-6,2.353000000000095e-6
2025-06-14T21:26:14Z,40.088210253042675,-75.27665591345158,64.68137633596527,-117.12052690329853,149.5257912543831,2.071362697740859,1.4833023590602623,-0.36572996645872735,-1.2393775129834552,0.0,0.0,0.0,0.0,0.0,0.0,2.0955519616258862e-8,2.1015820252634525e-8,0.22854933196611443,0.18667165509485792,0.12221439628610352,0.0006283192335797987,3.058927044789473e-7,4.1887570775496215e-7,1.3651527885576892e-6,3.347000000000176e-6,3.347000000000176e-6,3.347000000000176e-6,2.3570000000000953e-6,2.3570000000000953e-6,2.3570000000000953e-6
2025-06-14T21:26:15Z,40.09241765396903,-75.28309350056978,56.60446448409529,-117.33888672148483,150.75653713749634,1.6165524781949094,1.493540016538081,-0.3575762957365046,-1.3083154200827045,0.0,0.0,0.0,0.0,0.0,0.0,5.015517895539967e-9,5.0158860993184165e-9,0.17103635586742685,0.17197182508065037,0.11193615017727257,0.0005416214406447083,2.898697432772749e-7,4.0003662321491863e-7,1.3693023247899174e-6,3.3520000000001764e-6,3.3520000000001764e-6,3.3520000000001764e-6,2.3620000000000957e-6,2.3620000000000957e-6,2.3620000000000957e-6
2025-06-14T21:26:16Z,40.09129806896794,-75.28132179836646,56.919961550984425,-118.63932514400196,152.7608829761277,1.48429340994131,1.4949116080339742,-0.3581897240978404,-1.309861283310977,0.0,0.0,0.0,0.0,0.0,0.0,9.011923691737886e-9,9.015577745750028e-9,0.18014809065274678,0.17544566586359184,0.11365314740436516,0.0005704015013829213,2.926982929367885e-7,4.034967617443566e-7,1.373291408412785e-6,3.3560000000001767e-6,3.3560000000001767e-6,3.3560000000001767e-6,2.366000000000096e-6,2.366000000000096e-6,2.366000000000096e-6
2025-06-14T21:26:17Z,40.09013488369134,-75.27953241810897,57.09182000170043,-119.28215284303337,154.83735225577237,1.4770444742921522,1.5224383601071785,-0.35653325943141545,-1.3532760333158238,0.0,0.0,0.0,0.0,0.0,0.0,1.300193110057289e-8,1.3014713798539183e-8,0.18960585444076042,0.1790256750303375,0.11540508169975122,0.0005928469211287915,2.953773612495482e-7,4.0689229272039577e-7,1.3772797792705823e-6,3.360000000000177e-6,3.360000000000177e-6,3.360000000000177e-6,2.3700000000000963e-6,2.3700000000000963e-6,2.3700000000000963e-6
2025-06-14T21:26:18Z,40.08893013769437,-75.27772352198323,57.1286141117945,-120.17393595195145,157.08646644570453,1.351688615024121,1.5172278881874597,-0.349797591314666,-1.4057535910821939,0.0,0.0,0.0,0.0,0.0,0.0,1.6982331414513836e-8,1.701302237964189e-8,0.1992965500203942,0.18262676260516195,0.11713910607829721,0.0006214665686105927,2.9789904262804857e-7,4.1022027024851264e-7,1.3812670576762515e-6,3.3640000000001773e-6,3.3640000000001773e-6,3.3640000000001773e-6,2.3740000000000966e-6,2.3740000000000966e-6,2.3740000000000966e-6
2025-06-14T21:26:19Z,40.087679359905884,-75.27589506806446,56.93681321348646,-122.1690219677995,159.0338413289253,1.154122320004337,1.529655787667584,-0.34256124181617115,-1.4620494579552246,0.0,0.0,0.0,0.0,0.0,0.0,2.09499219563608e-8,2.1010239964165664e-8,0.2092433859033585,0.18622897621774348,0.11886547452147261,0.0006543627543193192,3.002529946108066e-7,4.134855594389007e-7,1.3852536246877499e-6,3.3680000000001776e-6,3.3680000000001776e-6,3.3680000000001776e-6,2.378000000000097e-6,2.378000000000097e-6,2.378000000000097e-6
2025-06-14T21:26:20Z,40.092692679377,-75.28315964459271,53.32669600881296,-120.69649096853354,159.1727463956142,0.9302697381709283,1.5373776696769599,-0.3378166635369148,-1.4869429315691065,0.0,0.0,0.0,0.0,0.0,0.0,5.022466084132391e-9,5.02283661543889e-9,0.17243117996726545,0.1719364919858719,0.10981418374037395,0.0005925637749599466,2.876485468537104e-7,3.9666330426058034e-7,1.3893177365531554e-6,3.373000000000178e-6,3.373000000000178e-6,3.373000000000178e-6,2.3830000000000973e-6,2.3830000000000973e-6,2.3830000000000973e-6
2025-06-14T21:26:21Z,40.091540607977386,-75.28128986369221,53.02966906855344,-122.28708197199737,161.17325687641554,0.736857706252023,1.5419738177139488,-0.33565690441495943,-1.4968087467444449,0.0,0.0,0.0,0.0,0.0,0.0,9.018863927878211e-9,9.022526799877642e-9,0.18236688353860098,0.17535108170596844,0.11148594035340985,0.0006254568518026745,2.903839935918063e-7,4.0010331669611476e-7,1.3933048401635744e-6,3.3770000000001783e-6,3.3770000000001783e-6,3.3770000000001783e-6,2.3870000000000976e-6,2.3870000000000976e-6,2.3870000000000976e-6
2025-06-14T21:26:22Z,40.09034101203431,-75.27940299149215,52.51779111499742,-123.61143278705963,163.21539702365905,0.603713121823967,1.543152455675589,-0.3352580846221836,-1.500514644383668,0.0,0.0,0.0,0.0,0.0,0.0,1.3008856971854139e-8,1.3021660045749702e-8,0.1926995609515167,0.17884179117053128,0.11317639064031125,0.0006557356698081324,2.929536060188543e-7,4.0347647071528557e-7,1.3972911307508042e-6,3.3810000000001786e-6,3.3810000000001786e-6,3.3810000000001786e-6,2.391000000000098e-6,2.391000000000098e-6,2.391000000000098e-6
2025-06-14T21:26:23Z,40.089096396028374,-75.27749808232562,51.82429463513166,-124.9603339249947,165.27071440334853,0.46614542245863,1.5458999956994415,-0.33428754947299927,-1.5092415726358788,0.0,0.0,0.0,0.0,0.0,0.0,1.6989233968443552e-8,1.7019964382815794e-8,0.20335359028838781,0.18238305481442543,0.114870935630611,0.0006857288239660994,2.9535095150141763e-7,4.067777381061752e-7,1.401276328715613e-6,3.385000000000179e-6,3.385000000000179e-6,3.385000000000179e-6,2.395000000000098e-6,2.395000000000098e-6,2.395000000000098e-6
2025-06-14T21:26:24Z,40.0878057954404,-75.2755750480068,50.940138057315124,-126.48959276337824,167.32107805804299,0.2931743035337212,1.546296927611946,-0.3341812263736865,-1.5136046135171883,0.0,0.0,0.0,0.0,0.0,0.0,2.0956788391563637e-8,2.1017176404034976e-8,0.21427258287733145,0.18596022115429658,0.1165613895811478,0.0007168532383775755,2.9757024782311235e-7,4.100050833765907e-7,1.4052603886225449e-6,3.3890000000001792e-6,3.3890000000001792e-6,3.3890000000001792e-6,2.3990000000000985e-6,2.3990000000000985e-6,2.3990000000000985e-6
2025-06-14T21:26:25Z,40.092362060389526,-75.28293650522009,45.80963996660055,-125.43438190498082,167.31800894358662,0.05210070305116628,1.5441057781989176,-0.3322256716613442,-1.512645764349228,0.0,0.0,0.0,0.0,0.0,0.0,5.023366678944893e-9,5.023737579242218e-9,0.16273096418172137,0.17137856236188223,0.10706382748949395,0.0006109307372570105,2.816318599439662e-7,3.922586661629869e-7,1.409196453777751e-6,3.3940000000001796e-6,3.3940000000001796e-6,3.3940000000001796e-6,2.404000000000099e-6,2.404000000000099e-6,2.404000000000099e-6
2025-06-14T21:26:26Z,40.091169409153615,-75.28097240010686,44.97098285134952,-126.75947838010435,169.27495624240177,-0.07819255119177593,1.5437961819783124,-0.33184806540868167,-1.5121999609160204,0.0,0.0,0.0,0.0,0.0,0.0,9.01976215823339e-9,9.0234278790762e-9,0.1731056622951935,0.17477568699712193,0.1087235175690746,0.0006421850259862713,2.8447034678094536e-7,3.957370188431151e-7,1.4131825027276815e-6,3.39800000000018e-6,3.39800000000018e-6,3.39800000000018e-6,2.408000000000099e-6,2.408000000000099e-6,2.408000000000099e-6
2025-06-14T21:26:27Z,40.08993030280503,-75.27899317291332,43.970888827310006,-128.07521275419796,171.22287039859225,-0.22551717069417,1.5434686019722796,-0.33244187072901693,-1.5106677258606713,0.0,0.0,0.0,0.0,0.0,0.0,1.3009748438067473e-8,1.3022562101089214e-8,0.1839191934928135,0.17821771143607743,0.11038997436851634,0.0006725931448459723,2.871439516585966e-7,3.9914588790364533e-7,1.4171673151984876e-6,3.40200000000018e-6,3.40200000000018e-6,3.40200000000018e-6,2.4120000000000995e-6,2.4120000000000995e-6,2.4120000000000995e-6
2025-06-14T21:26:28Z,40.08864579034451,-75.27699848124453,42.812689564316955,-129.38681620823894,173.1844790457006,-0.37069032647975886,1.5440390334500742,-0.3329037375173725,-1.5123621480871587,0.0,0.0,0.0,0.0,0.0,0.0,1.6990110471723697e-8,1.7020869079276055e-8,0.19510901160026245,0.18171253244631747,0.11206357300199407,0.0007024695248644971,2.8964465581096633e-7,4.0248171893911223e-7,1.4211508007250012e-6,3.4060000000001805e-6,3.4060000000001805e-6,3.4060000000001805e-6,2.4160000000000998e-6,2.4160000000000998e-6,2.4160000000000998e-6
2025-06-14T21:26:29Z,40.08731525975469,-75.27498841058507,41.50439675385034,-130.6957574442476,175.1488218291812,-0.5080555668235542,1.5434783373637024,-0.3329470902977542,-1.5118732470414442,0.0,0.0,0.0,0.0,0.0,0.0,2.0957636740794754e-8,2.1018086371775543e-8,0.2066093985043561,0.18526024892708176,0.11374230798114966,0.0007315740702367799,2.9196648441815056e-7,4.0574183462516263e-7,1.4251328981974877e-6,3.410000000000181e-6,3.410000000000181e-6,3.410000000000181e-6,2.4200000000001e-6,2.4200000000001e-6,2.4200000000001e-6
2025-06-14T21:26:30Z,40.092619955890434,-75.28295093923062,40.00263507595353,-128.3846777844353,174.37524563618635,-0.5271446277588234,1.5442457845869006,-0.33021662187618533,-1.5140744922761262,0.0,0.0,0.0,0.0,0.0,0.0,5.0195895631634085e-9,5.019958872297875e-9,0.16928967870024458,0.1709957247787672,0.10516730576610188,0.0006464635986430224,2.788339204267386e-7,3.8944071059216725e-7,1.4289826656576104e-6,3.415000000000181e-6,3.415000000000181e-6,3.415000000000181e-6,2.4250000000001004e-6,2.4250000000001004e-6,2.4250000000001004e-6
2025-06-14T21:26:31Z,40.09140124403769,-75.28090499340335,38.7521562276381,-129.67823599704388,176.2626773567427,-0.6455553108331542,1.5429504950024135,-0.329365493708139,-1.5110332239118267,0.0,0.0,0.0,0.0,0.0,0.0,9.015989622427419e-9,9.019648895006307e-9,0.18032215263989812,0.17434700331836075,0.10678904419150093,0.0006761116474843973,2.8156950791925173e-7,3.928722402741261e-7,1.4329661770538507e-6,3.4190000000001815e-6,3.4190000000001815e-6,3.4190000000001815e-6,2.4290000000001007e-6,2.4290000000001007e-6,2.4290000000001007e-6
2025-06-14T21:26:32Z,40.09013721198889,-75.27884520225992,37.38537438824611,-130.94576166275954,178.14216634530027,-0.7681707297901132,1.543414324195791,-0.33015428016348036,-1.5125519869766726,0.0,0.0,0.0,0.0,0.0,0.0,1.300598236008262e-8,1.3018782286178383e-8,0.19174117126529466,0.1777468918615449,0.10841862374586919,0.0007044413263471178,2.8413632947989485e-7,3.9623276394692493e-7,1.4369482952019986e-6,3.4230000000001818e-6,3.4230000000001818e-6,3.4230000000001818e-6,2.433000000000101e-6,2.433000000000101e-6,2.433000000000101e-6
2025-06-14T21:26:33Z,40.08882844607117,-75.27677151848093,35.909466264516524,-132.2120152056688,180.0238875180975,-0.8834794516657941,1.5430576909976592,-0.3298051171576069,-1.5120292498563908,0.0,0.0,0.0,0.0,0.0,0.0,1.698635042312882e-8,1.7017087701955017e-8,0.20346872554845188,0.1811998053729461,0.11005499267204677,0.000732055693793795,2.865286024132209e-7,3.9951962388576615e-7,1.4409289648627527e-6,3.427000000000182e-6,3.427000000000182e-6,3.427000000000182e-6,2.4370000000001014e-6,2.4370000000001014e-6,2.4370000000001014e-6
2025-06-14T21:26:34Z,40.08747019541449,-75.27468542369674,34.24227819969309,-135.36306105797448,181.49432355872892,-1.195934535636489,1.7304187974911815,-0.2889488934206042,-1.290563724696973,0.0,0.0,0.0,0.0,0.0,0.0,2.0953878894600615e-8,2.1014302621917778e-8,0.2154279821095771,0.18468690864179768,0.11168593087714607,0.0007713799786718245,2.887427895708381e-7,4.027313028080392e-7,1.4449081848079697e-6,3.4310000000001824e-6,3.4310000000001824e-6,3.4310000000001824e-6,2.4410000000001017e-6,2.4410000000001017e-6,2.4410000000001017e-6
2025-06-14T21:26:35Z,40.09226529941372,-75.28279422976286,33.112168144329615,-136.57285731061904,182.29525804369828,-1.0344962752092846,1.1081293698642691,0.451973571560691,-1.0906020014374107,0.0,0.0,0.0,0.0,0.0,0.0,5.016376325624143e-9,5.016744468417802e-9,0.16500883500827618,0.16885186867046867,0.10191288365983071,0.000774562322896074,2.732092812861295e-7,3.8577820191144286e-7,1.4486257534128645e-6,3.4360000000001828e-6,3.4360000000001828e-6,3.4360000000001828e-6,2.446000000000102e-6,2.446000000000102e-6,2.446000000000102e-6
2025-06-14T21:26:36Z,40.090956507104394,-75.28064954070825,30.985008500638124,-140.58696853131576,185.53599925804727,-2.3825670288547953,1.2844138847454614,0.26634642392031227,-1.0710143426810161,0.0,0.0,0.0,0.0,0.0,0.0,9.01277923659599e-9,9.016435052251822e-9,0.17743191442959866,0.17199293972741234,0.10341030312537525,0.0008476276610062419,2.7604153273872224e-7,3.892423826395499e-7,1.4526114862205335e-6,3.440000000000183e-6,3.440000000000183e-6,3.440000000000183e-6,2.4500000000001023e-6,2.4500000000001023e-6,2.4500000000001023e-6
2025-06-14T21:26:37Z,40.089594444183774,-75.27846810447716,27.36585750821278,-144.90867798184107,189.19191409930718,-4.0786148234750375,1.3387996324688982,0.10818208675016752,-1.2207633342324875,0.0,0.0,0.0,0.0,0.0,0.0,1.3002774204856397e-8,1.3015570390651068e-8,0.19075347561359074,0.17504204958892758,0.10489765798254277,0.000940662626396108,2.786952816392266e-7,3.926086299215019e-7,1.4565952418711426e-6,3.4440000000001834e-6,3.4440000000001834e-6,3.4440000000001834e-6,2.4540000000001026e-6,2.4540000000001026e-6,2.4540000000001026e-6
2025-06-14T21:26:38Z,40.08814924496446,-75.27624619160862,21.4370861208764,-153.0585379612939,193.77474142138954,-7.2177770465864555,1.77932222433655,-0.414283929583703,-0.846657800788411,0.0,0.0,0.0,0.0,0.0,0.0,1.6983139484708303e-8,1.7013880459233468e-8,0.2050840719090912,0.17836468804283725,0.10640646063320511,0.001054526818847955,2.811626252848599e-7,3.9585879809290377e-7,1.4605765131001592e-6,3.4480000000001837e-6,3.4480000000001837e-6,3.4480000000001837e-6,2.458000000000103e-6,2.458000000000103e-6,2.458000000000103e-6
2025-06-14T21:26:39Z,40.086625340165355,-75.27400514071904,13.59616536424445,-156.33216001968376,194.09869149110483,-8.345897239360056,1.4959879992316925,-0.5786680693267852,-0.0008161677809710938,0.0,0.0,0.0,0.0,0.0,0.0,2.0950652879505678e-8,2.101110499136937e-8,0.22060469510717817,0.18120304235999116,0.10794148963307154,0.0010854309862338635,2.8344287764132264e-7,3.989635994972045e-7,1.4645533755532123e-6,3.452000000000184e-6,3.452000000000184e-6,3.452000000000184e-6,2.4620000000001032e-6,2.4620000000001032e-6,2.4620000000001032e-6
2025-06-14T21:26:40Z,40.09244749506545,-75.2827277154008,11.91301468019513,-153.9883608021388,192.7718749568636,-8.352342615922893,1.8082514433745598,-0.23773521362020134,-0.3844326098031246,0.0,0.0,0.0,0.0,0.0,0.0,5.061166516310381e-9,5.061551525818717e-9,0.1830975893315241,0.1668994907716586,0.10010606445008143,0.0010374519019618975,2.710833626968709e-7,3.831486625266962e-7,1.467284841212049e-6,3.4570000000001843e-6,3.4570000000001843e-6,3.4570000000001843e-6,2.4670000000001036e-6,2.4670000000001036e-6,2.4670000000001036e-6
2025-06-14T21:26:41Z,40.09099155810796,-75.28045718589053,3.5575009829685875,-158.8893991109231,196.2376196492673,-8.983520788157826,1.0191725735632688,-0.3432363469549491,-0.7022437927965309,0.0,0.0,0.0,0.0,0.0,0.0,9.05751504382632e-9,9.061236806686717e-9,0.1983273361956593,0.1686691320656341,0.10148643572201127,0.0011151755041811215,2.7379006334898486e-7,3.863505356332637e-7,1.4712600122295436e-6,3.4610000000001846e-6,3.4610000000001846e-6,3.4610000000001846e-6,2.471000000000104e-6,2.471000000000104e-6,2.471000000000104e-6
2025-06-14T21:26:42Z,40.08946661589078,-75.27819387559728,-5.432135272497037,-164.32628702242758,193.11467953990424,-10.305093542906196,0.8538170713279051,-0.11102432381593935,-0.813752349548911,0.0,0.0,0.0,0.0,0.0,0.0,1.3047417034582755e-8,1.3060363679675642e-8,0.21411169950014497,0.17057991124124566,0.10314935028247711,0.001230614210408775,2.763481263523941e-7,3.893506131916685e-7,1.4752254071250985e-6,3.465000000000185e-6,3.465000000000185e-6,3.465000000000185e-6,2.475000000000104e-6,2.475000000000104e-6,2.475000000000104e-6
2025-06-14T21:26:43Z,40.087855769365234,-75.27597512583685,-15.52813775778236,-169.67522648126862,191.2561645062337,-12.035202061820577,1.039291807011052,0.2027437606494415,-1.394781849069537,0.0,0.0,0.0,0.0,0.0,0.0,1.702764808732506e-8,1.705866338429317e-8,0.2303663342757259,0.17296957154366846,0.10490291183869209,0.001345949106260839,2.788135819891819e-7,3.9207234072437475e-7,1.4791721756897134e-6,3.4690000000001852e-6,3.4690000000001852e-6,3.4690000000001852e-6,2.4790000000001045e-6,2.4790000000001045e-6,2.4790000000001045e-6
2025-06-14T21:26:44Z,40.08616907151276,-75.27379543758587,-27.114776676265492,-176.21265100782244,188.65388879562622,-14.366128115132526,0.8717837271246831,0.017449861528282543,-1.4264117747022598,0.0,0.0,0.0,0.0,0.0,0.0,2.0994986377190153e-8,2.1055877659432223e-8,0.24721640034830641,0.17456526699726507,0.10670474743848749,0.001565055479536154,2.8126204919634365e-7,3.944100054862127e-7,1.4830857426419927e-6,3.4730000000001855e-6,3.4730000000001855e-6,3.4730000000001855e-6,2.483000000000105e-6,2.483000000000105e-6,2.483000000000105e-6
2025-06-14T21:26:45Z,40.09224334270771,-75.28288396731116,-21.08860290760877,-172.41380295686932,181.37543491065358,-14.700971092213146,0.9205566897691692,0.21866625106404955,-1.625804054349881,0.0,0.0,0.0,0.0,0.0,0.0,5.053396617179483e-9,5.0537787366952605e-9,0.18971154381752312,0.15937158468963494,0.09972474537059446,0.0014356237748459001,2.704896575196236e-7,3.719709980217545e-7,1.4846722397457394e-6,3.478000000000186e-6,3.478000000000186e-6,3.478000000000186e-6,2.488000000000105e-6,2.488000000000105e-6,2.488000000000105e-6
2025-06-14T21:26:46Z,40.090621614007866,-75.28078312089129,-34.939969661131535,-177.8020332938303,179.11549599413,-16.096686311008693,1.0155777210825585,0.30834581360526586,-1.7585115845590082,0.0,0.0,0.0,0.0,0.0,0.0,9.049754839710674e-9,9.053465145711231e-9,0.20622805518694137,0.16160609002727364,0.10173063505298945,0.0016248884275293937,2.7376126777523094e-7,3.744314536673104e-7,1.4885524865097582e-6,3.4820000000001862e-6,3.4820000000001862e-6,3.4820000000001862e-6,2.4920000000001055e-6,2.4920000000001055e-6,2.4920000000001055e-6
2025-06-14T21:26:47Z,40.088931673123675,-75.27872248434997,-49.6542850014991,-183.03300494116618,176.39113602575313,-17.821649464512223,1.0276549336271423,0.31477636452239427,-1.7769196610372715,0.0,0.0,0.0,0.0,0.0,0.0,1.303967659218019e-8,1.305259514693745e-8,0.22430280302861078,0.16354655838638021,0.10382034297425173,0.0018622133631474946,2.771172821451664e-7,3.7630131638648145e-7,1.492350266766087e-6,3.4860000000001865e-6,3.4860000000001865e-6,3.4860000000001865e-6,2.4960000000001058e-6,2.4960000000001058e-6,2.4960000000001058e-6
2025-06-14T21:26:48Z,40.08885134972143,-75.27875946685232,-46.66381030090011,-182.31539010430302,176.15091577906531,-17.62881551195049,1.0283518396295561,0.316389413201378,4.506820746113712,0.0,0.0,0.0,0.0,0.0,0.0,1.501991613168799e-8,1.5050872258324557e-8,0.21467247739436238,0.16299198961423306,0.10375820706345597,0.0018221721079760464,2.7859428308428495e-7,3.7549936409543776e-7,1.494018450944316e-6,3.4880000000001867e-6,3.4880000000001867e-6,3.4880000000001867e-6,2.498000000000106e-6,2.498000000000106e-6,2.498000000000106e-6
