timestamp,latitude,longitude,altitude,velocity_north,velocity_east,velocity_vertical,roll,pitch,yaw,acc_bias_x,acc_bias_y,acc_bias_z,gyro_bias_x,gyro_bias_y,gyro_bias_z,latitude_cov,longitude_cov,altitude_cov,velocity_n_cov,velocity_e_cov,velocity_v_cov,roll_cov,pitch_cov,yaw_cov,acc_bias_x_cov,acc_bias_y_cov,acc_bias_z_cov,gyro_bias_x_cov,gyro_bias_y_cov,gyro_bias_z_cov
2025-06-11T20:34:28Z,39.98157891887189,-75.15362059326823,12.647726940390088,-16.41853565720151,-8.205637576016331,-14.078933214812436,0.8608111710245622,-1.1325017150152425,0.6071602369876835,0.0,0.0,0.0,0.0,0.0,0.0,1.0127333767350078e-6,1.0127333945193407e-6,5.994946086045747,1.036668305930489,1.0372518010695904,1.0424235807227848,0.00002000517625409916,0.000020005768480759258,0.000020003498912262416,0.0010020049999999994,0.0010020049999999994,0.0010020049999999994,0.0010000249999999994,0.0010000249999999994,0.0010000249999999994
2025-06-11T20:34:29Z,39.981391641190264,-75.15373684585714,1.9879324253257664,-25.00132821691504,-11.613084689027964,-19.6149465377281,1.3148354091462078,-1.173749190018556,0.14198788134296766,0.0,0.0,0.0,0.0,0.0,0.0,2.015733454495462e-6,2.0157335252182783e-6,4.619681909542049,1.0384946480128434,1.0415311074435147,0.9475790534514158,0.00002999643921381036,0.00003000776818972715,0.00002999653002553297,0.001003007999999999,0.001003007999999999,0.001003007999999999,0.001000037999999999,0.001000037999999999,0.001000037999999999
2025-06-11T20:34:30Z,39.98112634595393,-75.15389513262674,-7.928548943566762,-33.67567366331345,-15.309372105555456,-23.37128906215158,0.18596930030376518,-1.284327963576454,1.3620711826297658,0.0,0.0,0.0,0.0,0.0,0.0,3.018733583965639e-6,3.0187337430260294e-6,4.614724076612456,1.0417500951988268,1.0499691322560447,0.7463864482993132,0.0000399719959576686,0.00004000984576887497,0.00003997715920415819,0.0010040109999999987,0.0010040109999999987,0.0010040109999999987,0.0010000509999999988,0.0010000509999999988,0.0010000509999999988
2025-06-11T20:34:31Z,39.98077470869258,-75.15409915125058,-15.240009614163181,-42.01677737058978,-19.316896256655344,-25.37457603052775,0.9026866651848182,-1.2194691771977448,0.6524168131694977,0.0,0.0,0.0,0.0,0.0,0.0,4.021733765025601e-6,4.021734048701555e-6,4.456817101185715,1.0462281037532724,1.0636399728646115,0.5326963874423708,0.00004993558256186967,0.00005000086587722621,0.00004994049045073393,0.0010050139999999983,0.0010050139999999983,0.0010050139999999983,0.0010000639999999984,0.0010000639999999984,0.0010000639999999984
2025-06-11T20:34:32Z,39.980318312496586,-75.15435427140649,-20.786837859492746,-50.15257766173572,-23.767304929703688,-26.809306349290548,0.6472100164917826,-1.3122779872783483,0.9342077277494628,0.0,0.0,0.0,0.0,0.0,0.0,5.024733995351067e-6,5.024734443607196e-6,4.080497241820725,1.0540970128855727,1.0842241115876512,0.3746596828127433,0.000059861670020441,0.000059959997917991845,0.00005988174303993139,0.001006016999999998,0.001006016999999998,0.001006016999999998,0.001000076999999998,0.001000076999999998,0.001000076999999998
2025-06-11T20:34:33Z,39.97972911447119,-75.15466468188696,-26.377207800286882,-58.035666133966785,-28.462078925589473,-28.46627387004368,0.9071274285952327,-1.2365317870451575,0.6778593738480299,0.0,0.0,0.0,0.0,0.0,0.0,6.027734266827505e-6,6.027734929904838e-6,3.6563840349180707,1.064762634765326,1.1122637400295423,0.2797592026843492,0.00006975159878545091,0.00006984307657609417,0.00006979614709889179,0.0010070199999999976,0.0010070199999999976,0.0010070199999999976,0.0010000899999999978,0.0010000899999999978,0.0010000899999999978
2025-06-11T20:34:34Z,39.978963224985065,-75.15503465429389,-32.774980274997404,-65.80283817170361,-33.48052115246831,-30.346013212051524,0.5470351513657109,-1.2658196298186097,1.073993995912295,0.0,0.0,0.0,0.0,0.0,0.0,7.030734560120995e-6,7.030735510650897e-6,3.2875245402356366,1.0807243212112108,1.1499679977659214,0.2307041544621987,0.00007955915792081553,0.0000795576501704276,0.00007967918208768897,0.0010080229999999972,0.0010080229999999972,0.0010080229999999972,0.0010001029999999974,0.0010001029999999974,0.0010001029999999974
2025-06-11T20:34:35Z,39.97795455325448,-75.15546517738223,-39.868077574991894,-73.27749768002676,-38.564952806843884,-32.25856759576126,1.0273260052073367,-1.2300973804713546,0.5880971710213494,0.0,0.0,0.0,0.0,0.0,0.0,8.033734837620882e-6,8.033736190083318e-6,3.0085730269138584,1.1008649711181657,1.1975460595490786,0.21315426502075785,0.0000892637095627418,0.00008895292225974501,0.00008952623287763837,0.0010090259999999969,0.0010090259999999969,0.0010090259999999969,0.001000115999999997,0.001000115999999997,0.001000115999999997
2025-06-11T20:34:36Z,39.97661544128069,-75.15596051501943,-47.29171485342519,-80.32702346142806,-43.99056491836622,-34.06760072022912,0.44406143265988296,-1.270150718472941,1.2028794119512654,0.0,0.0,0.0,0.0,0.0,0.0,9.036735035805421e-6,9.036736973592009e-6,2.8273305735317265,1.129102632880131,1.2555373790588897,0.2140190167646539,0.00009873815504381024,0.00009781078696080949,0.00009933317038854926,0.0010100289999999965,0.0010100289999999965,0.0010100289999999965,0.0010001289999999967,0.0010001289999999967,0.0010001289999999967
2025-06-11T20:34:37Z,39.97484115152534,-75.1565137310075,-53.991484228855434,-86.9169879097434,-49.066296596017054,-34.88591918924271,0.8526353640265965,-1.1399736116888861,0.8018645207379725,0.0,0.0,0.0,0.0,0.0,0.0,0.00001003973506393044,0.000010039737867807212,2.7361016736927053,1.1613119647664754,1.3265774655253693,0.2290960631047225,0.00010794026071273074,0.00010580089728045275,0.00010909533315615014,0.0010110319999999961,0.0010110319999999961,0.0010110319999999961,0.0010001419999999964,0.0010001419999999964,0.0010001419999999964
2025-06-11T20:34:38Z,39.972560716588795,-75.15712525947214,-59.405519010912776,-92.81958257378314,-54.14144513597083,-34.80138811220659,0.8432734981718604,-1.1731941940369228,0.813218753751675,0.0,0.0,0.0,0.0,0.0,0.0,0.000011042734812415683,0.000011042738880932996,2.7271127310773156,1.2040927376753818,1.4112251931349966,0.24602447076319525,0.00011663734853413889,0.00011261871678684075,0.00011880940223141175,0.0010120349999999958,0.0010120349999999958,0.0010120349999999958,0.001000154999999996,0.001000154999999996,0.001000154999999996
2025-06-11T20:34:39Z,39.96972531001849,-75.15778970786371,-61.978479580016455,-97.85924598918196,-59.05864983274095,-33.85080374787245,0.6482291031526778,-1.1308871121072,1.0166427966799234,0.0,0.0,0.0,0.0,0.0,0.0,0.000012045734186372073,0.000012045740022583508,2.7729931137594797,1.2542231133405284,1.5082480647160532,0.26290770322501333,0.00012474437985947527,0.00011802983471837152,0.00012847060043835108,0.0010130379999999954,0.0010130379999999954,0.0010130379999999954,0.0010001679999999957,0.0010001679999999957,0.0010001679999999957
2025-06-11T20:34:40Z,39.96640524478382,-75.15849536520454,-61.34672727840491,-102.14812441757039,-63.1253166545875,-31.28806285703614,0.6100195845172126,-0.946478259123945,1.0607963366795181,0.0,0.0,0.0,0.0,0.0,0.0,0.000013048733137327327,0.000013048741303607777,2.848431256431997,1.3101603079106252,1.624385918969987,0.2759450907840354,0.0001322828494592575,0.00012199726375276621,0.00013807398592975632,0.001014040999999995,0.001014040999999995,0.001014040999999995,0.0010001809999999954,0.0010001809999999954,0.0010001809999999954
2025-06-11T20:34:41Z,39.9627331688935,-75.15923544691076,-57.987059084048894,-106.19587760521408,-66.91633699306098,-28.832281417488637,0.7018295905710862,-1.0282837368234006,0.9412103641399608,0.0,0.0,0.0,0.0,0.0,0.0,0.00001405173169024568,0.000014051742737492791,2.9279608397648333,1.3694221938522573,1.7598477097536964,0.2803589430292627,0.0001393216602973091,0.00012472097981138392,0.00014761471385893555,0.0010150439999999947,0.0010150439999999947,0.0010150439999999947,0.001000193999999995,0.001000193999999995,0.001000193999999995
2025-06-11T20:34:42Z,39.958904877457435,-75.16002185822435,-52.414660325517616,-109.16037701252874,-70.2440117313329,-25.465436594878234,0.6631761090489244,-0.8694428403284906,0.9968842061974138,0.0,0.0,0.0,0.0,0.0,0.0,0.000015054729946586928,0.000015054744339373451,2.9878915924545044,1.4340501105426522,1.9112121876817916,0.2773626183372557,0.00014584829567796845,0.00012671231372165758,0.00015708985052523714,0.0010160469999999943,0.0010160469999999943,0.0010160469999999943,0.0010002069999999947,0.0010002069999999947,0.0010002069999999947
2025-06-11T20:34:43Z,39.9550395551427,-75.1608410485909,-45.63513144407381,-111.97439455496746,-73.11752722864203,-22.148801621090534,0.6030153533281342,-0.8093633259421716,1.0384082690868186,0.0,0.0,0.0,0.0,0.0,0.0,0.00001605772802813121,0.000016057746126662484,3.015800477546109,1.5045720182161335,2.0839221326982393,0.26597761698112266,0.0001523687287961511,0.00012817037164293443,0.00016649335097314704,0.001017049999999994,0.001017049999999994,0.001017049999999994,0.0010002199999999944,0.0010002199999999944,0.0010002199999999944
2025-06-11T20:34:44Z,39.95130653053008,-75.16170252333656,-38.41490281452981,-114.60154448328555,-75.38405803506882,-19.216542988962317,0.6973484552843101,-0.7408157099785269,0.8664160300618465,0.0,0.0,0.0,0.0,0.0,0.0,0.00001706072606483531,0.00001706074811895948,3.0076737908941245,1.5730592003487078,2.2802348665506895,0.2520836293062412,0.00015899505995170424,0.00012960142224996809,0.00017582032617173725,0.0010180529999999936,0.0010180529999999936,0.0010180529999999936,0.001000232999999994,0.001000232999999994,0.001000232999999994
2025-06-11T20:34:45Z,39.947669969667295,-75.16261288896462,-31.71091427416463,-117.23267396834697,-77.9406997046286,-16.91693729780839,0.5081348971362446,-0.7078346125300826,1.176216689266351,0.0,0.0,0.0,0.0,0.0,0.0,0.00001806372410772251,0.000018063750339407035,2.972337190878405,1.6446765384832696,2.4994940275809796,0.23430540155607674,0.000165865991556436,0.0001311489924558589,0.00018507019420585378,0.0010190559999999932,0.0010190559999999932,0.0010190559999999932,0.0010002459999999937,0.0010002459999999937,0.0010002459999999937
2025-06-11T20:34:46Z,39.94424529547116,-75.1635700914568,-25.84208819247754,-119.71594595699392,-80.20148803077831,-14.942044349995834,0.5477272934333018,-0.5742112945907939,1.106901307210863,0.0,0.0,0.0,0.0,0.0,0.0,0.000019066722203456353,0.000019066752813936918,2.9140684001649135,1.7216996005195881,2.746178333198264,0.2219419178826073,0.00017320938360044076,0.00013288246225774642,0.0001942341243389066,0.0010200589999999929,0.0010200589999999929,0.0010200589999999929,0.0010002589999999934,0.0010002589999999934,0.0010002589999999934
2025-06-11T20:34:47Z,39.940944443107206,-75.16457774759687,-21.0355099235619,-122.46847188729495,-82.88312755127336,-13.756129239827034,0.5717488609033055,-0.6552573193591101,1.0690736406462753,0.0,0.0,0.0,0.0,0.0,0.0,0.000020069720299087334,0.000020069755573519824,2.8548158605732277,1.799126954590477,3.0220804552067833,0.21005948716172626,0.00018111709067670457,0.0001346987976076376,0.00020330889074612093,0.0010210619999999925,0.0010210619999999925,0.0010210619999999925,0.001000271999999993,0.001000271999999993,0.001000271999999993
2025-06-11T20:34:48Z,39.937712173885274,-75.16567993479163,-17.555227119416692,-124.97170069705047,-86.74735822867383,-13.020390077237492,0.30492727641775624,-0.485571098128747,1.7243052078531402,0.0,0.0,0.0,0.0,0.0,0.0,0.000021072718375292514,0.00002107275864766189,2.795202538659487,1.8829419938086003,3.3228163896645078,0.19896453770293762,0.00018930748739272118,0.0001365365874233583,0.0002123024337571736,0.0010220649999999921,0.0010220649999999921,0.0010220649999999921,0.0010002849999999927,0.0010002849999999927,0.0010002849999999927
2025-06-11T20:34:49Z,39.93464760688591,-75.16681060045097,-14.527122321256309,-127.07269787718893,-90.12279031538948,-11.9433547631824,0.3965069747263892,-0.06072796196321133,2.1368532246107055,0.0,0.0,0.0,0.0,0.0,0.0,0.00002207571641349125,0.000022075762079101926,2.737538105394965,1.9818934106317179,3.658090362044241,0.19389528962192887,0.0001981306598564349,0.00013819233550175846,0.00022118827392587584,0.0010230679999999918,0.0010230679999999918,0.0010230679999999918,0.0010002979999999924,0.0010002979999999924,0.0010002979999999924
2025-06-11T20:34:50Z,39.931780645035865,-75.16797950685414,-11.626558090102407,-129.1639912570364,-93.34973795876822,-11.176531922354004,0.42198717158407467,0.027173695397328647,2.1656095908229895,0.0,0.0,0.0,0.0,0.0,0.0,0.000023078714329804074,0.00002307876590873184,2.695411522132357,2.0863515538662467,4.019107880854418,0.18755386852910363,0.00020728479889528333,0.00013966925127398478,0.00022996528453192005,0.0010240709999999914,0.0010240709999999914,0.0010240709999999914,0.001000310999999992,0.001000310999999992,0.001000310999999992
2025-06-11T20:34:51Z,39.928976338417435,-75.16920063628338,-9.37746815601271,-131.47438282370433,-96.09533044891035,-10.581482018683326,0.5147649869923142,0.2788723073367257,2.4393816628790694,0.0,0.0,0.0,0.0,0.0,0.0,0.000024081712167533193,0.000024081770176818987,2.6580217589708393,2.1870193976406296,4.423765764192522,0.18270415099670903,0.0002165518218403285,0.00014093916813375873,0.000238642337654217,0.001025073999999991,0.001025073999999991,0.001025073999999991,0.0010003239999999917,0.0010003239999999917,0.0010003239999999917
2025-06-11T20:34:52Z,39.92622245577458,-75.17045416525487,-7.6491071501971195,-134.20533626907397,-98.6475411064892,-10.538165189087287,0.4752660544672279,0.3982110249378144,2.422567727313921,0.0,0.0,0.0,0.0,0.0,0.0,0.000025084709910608237,0.00002508477493517195,2.626288703023724,2.2872331089679623,4.863256720884512,0.17903169391020826,0.0002257525316927832,0.00014214598040274032,0.00024721580321288635,0.0010260769999999907,0.0010260769999999907,0.0010260769999999907,0.0010003369999999913,0.0010003369999999913,0.0010003369999999913
2025-06-11T20:34:53Z,39.923510416704005,-75.17174684242983,-7.0390416801927564,-137.43917504292403,-101.167841364939,-10.931114142757874,0.37278803186359305,0.30085857909279584,2.218914231228915,0.0,0.0,0.0,0.0,0.0,0.0,0.00002608770756571762,0.000026087780236935352,2.600423853664971,2.3812080959208783,5.3563915064078795,0.18078833692358065,0.00023487191517939895,0.0001432699918944242,0.0002556876345392198,0.0010270799999999903,0.0010270799999999903,0.0010270799999999903,0.001000349999999991,0.001000349999999991,0.001000349999999991
2025-06-11T20:34:54Z,39.920664016453664,-75.17309149811219,-6.901444893040221,-140.5184021330467,-104.15106381994053,-11.447092527275672,0.4255981082543067,0.31760036301143735,2.455489371655078,0.0,0.0,0.0,0.0,0.0,0.0,0.00002709070517037158,0.000027090786147382035,2.5906628014588535,2.4673270595107826,5.893907152018247,0.18619035586836874,0.0002439654331538893,0.00014427228860805402,0.0002640590340411341,0.00102808299999999,0.00102808299999999,0.00102808299999999,0.0010003629999999907,0.0010003629999999907,0.0010003629999999907
2025-06-11T20:34:55Z,39.91778615167934,-75.17449517710499,-7.544681046349012,-143.7616909404048,-107.34102160349221,-12.1155097573858,0.4318876337950986,0.476312563060423,2.4997623498481123,0.0,0.0,0.0,0.0,0.0,0.0,0.000028093702913206004,0.00002809379273203934,2.5986998908228665,2.5765949101987844,6.4630766634227435,0.18968471778624113,0.00025314305797916324,0.00014497633983152596,0.000272328837223057,0.0010290859999999896,0.0010290859999999896,0.0010290859999999896,0.0010003759999999903,0.0010003759999999903,0.0010003759999999903
2025-06-11T20:34:56Z,39.91490184862998,-75.17596660654905,-8.430045690360162,-146.85074809141187,-110.59968074314061,-12.298425290840953,0.4820706385253307,0.4656911805780559,2.530754114833922,0.0,0.0,0.0,0.0,0.0,0.0,0.000029096701129757443,0.000029096800054036957,2.6133091733473535,2.6800003287321137,7.105381167842704,0.19665250546724908,0.00026244707697024416,0.0001451672996399353,0.00028049461321152176,0.0010300889999999892,0.0010300889999999892,0.0010300889999999892,0.00100038899999999,0.00100038899999999,0.00100038899999999
2025-06-11T20:34:57Z,39.91194645525312,-75.1775053806907,-9.150938277225535,-149.77586224778844,-114.09892932073629,-12.758648517238045,0.4916503512893857,0.5254719821683866,2.6126252311906506,0.0,0.0,0.0,0.0,0.0,0.0,0.000030099700099253697,0.00003009980820243005,2.6393198988567685,2.779362603363433,7.780503473672127,0.20145968918747958,0.00027177394835962445,0.000145016383296004,0.0002885543082504651,0.0010310919999999889,0.0010310919999999889,0.0010310919999999889,0.0010004019999999897,0.0010004019999999897,0.0010004019999999897
2025-06-11T20:34:58Z,39.90901491139276,-75.17912337928995,-10.13674491847173,-152.8201397473799,-117.98159228115681,-13.486704541683956,0.5644831094179633,0.6107246257702413,2.7646274879152464,0.0,0.0,0.0,0.0,0.0,0.0,0.00003110270016926628,0.000031102817248497216,2.666549282945685,2.8769464476468625,8.500359610787376,0.20789080436346674,0.00028118692456016427,0.0001445265243165757,0.00029650491474957205,0.0010320949999999885,0.0010320949999999885,0.0010320949999999885,0.0010004149999999893,0.0010004149999999893,0.0010004149999999893
2025-06-11T20:34:59Z,39.90606573259597,-75.18078262191278,-11.282091338388877,-155.9061256159483,-121.73883136393809,-14.02025928688482,0.42580881294052175,0.5951992324066682,2.5548468257927373,0.0,0.0,0.0,0.0,0.0,0.0,0.00003210570154576277,0.00003210582729699446,2.6977223351380775,2.986172488221785,9.275224151940936,0.2115647174317685,0.0002904672037891396,0.0001437867446837074,0.00030434828763210864,0.0010330979999999882,0.0010330979999999882,0.0010330979999999882,0.001000427999999989,0.001000427999999989,0.001000427999999989
2025-06-11T20:35:00Z,39.903169327388575,-75.18251140834636,-12.612078539306632,-159.0132351078315,-125.75617625015381,-14.997523170773725,0.5160060644995075,0.6246691765591963,2.7741432882809707,0.0,0.0,0.0,0.0,0.0,0.0,0.00003310870446141677,0.00003310883844122485,2.724175609790201,3.0752068686752,10.086773836348206,0.2184913277901994,0.0002996501993545343,0.0001428778518913964,0.0003120843764300335,0.0010341009999999878,0.0010341009999999878,0.0010341009999999878,0.0010004409999999886,0.0010004409999999886,0.0010004409999999886
2025-06-11T20:35:01Z,39.900298717756485,-75.18431023526668,-14.1134641426028,-161.9846392449572,-130.34959703987016,-15.814370231925936,0.36155805734947505,0.6487370694276113,2.549473081692742,0.0,0.0,0.0,0.0,0.0,0.0,0.00003411170889887892,0.00003411185077404844,2.754952309951227,3.2076671262510064,10.932749259543483,0.22009227894313582,0.00030881350526175866,0.00014200490032681954,0.0003197098423805477,0.0010351039999999874,0.0010351039999999874,0.0010351039999999874,0.0010004539999999883,0.0010004539999999883,0.0010004539999999883
2025-06-11T20:35:02Z,39.89756019248642,-75.18621364651592,-15.717430442572079,-164.9652831558721,-135.18230175240424,-16.87136354897342,0.5115948410314053,0.7130644077937476,2.8082911541640394,0.0,0.0,0.0,0.0,0.0,0.0,0.000035114714979530147,0.000035114864386191045,2.774951037464701,3.3172115421087525,11.825404209054284,0.22685734509900068,0.0003180224011089449,0.00014111343844967495,0.0003272216649834116,0.001036106999999987,0.001036106999999987,0.001036106999999987,0.001000466999999988,0.001000466999999988,0.001000466999999988
2025-06-11T20:35:03Z,39.894932040794366,-75.18820274868777,-17.77628668886836,-168.33938682425992,-140.2639615504651,-17.99592756183369,0.3579817421868896,0.7974469769909592,2.651952230380798,0.0,0.0,0.0,0.0,0.0,0.0,0.00003611772245605677,0.00003611787937908691,2.8009076509284356,3.4563294829248745,12.784665506051558,0.2319309272412504,0.00032720430697056176,0.0001405897813630898,0.00033461232817214086,0.0010371099999999867,0.0010371099999999867,0.0010371099999999867,0.0010004799999999876,0.0010004799999999876,0.0010004799999999876
2025-06-11T20:35:04Z,39.892347488521196,-75.190321454292,-20.13923230730984,-171.46536422893345,-146.0380108901848,-19.464221261792286,0.4091771285533663,0.7846393348819254,2.751731115072819,0.0,0.0,0.0,0.0,0.0,0.0,0.000037120731420890214,0.0000371208958116844,2.8258649766505344,3.586516455024117,13.733124750110743,0.24040069085665508,0.0003364235738024477,0.00014033567675167483,0.00034186163599584003,0.0010381129999999864,0.0010381129999999864,0.0010381129999999864,0.0010004929999999873,0.0010004929999999873,0.0010004929999999873
2025-06-11T20:35:05Z,39.88966027326035,-75.19276745835867,-23.16720836766966,-174.12643103084642,-153.55406607509937,-21.03356675840339,0.3665455188739587,0.864476805941174,2.740517585000841,0.0,0.0,0.0,0.0,0.0,0.0,0.00003812374179659122,0.00003812391337537239,2.8579753680103672,3.721676962456109,14.654089280407796,0.24662507218127022,0.00034413778655642134,0.00014032477694567757,0.0003489160048745766,0.001039115999999986,0.001039115999999986,0.001039115999999986,0.001000505999999987,0.001000505999999987,0.001000505999999987
2025-06-11T20:35:06Z,39.885538821902124,-75.19373998714205,-26.866336879770934,-181.30811974096503,-150.7404104849166,-22.607100272003233,0.389840562935929,0.8819325015521654,2.7698497832204767,0.0,0.0,0.0,0.0,0.0,0.0,0.00003912675051699297,0.000039126932239399545,2.8856445658658876,3.855031617338911,15.55748548893054,0.2527617971642567,0.00035104311468483926,0.00013945623508802109,0.0003558989583730005,0.0010401189999999856,0.0010401189999999856,0.0010401189999999856,0.0010005189999999866,0.0010005189999999866,0.0010005189999999866
2025-06-11T20:35:07Z,39.88208810539881,-75.19495503599748,-30.191871540667996,-188.06371652935096,-149.61474638694347,-24.188413515718928,0.3062794460187324,0.976546226561352,2.661616816174299,0.0,0.0,0.0,0.0,0.0,0.0,0.00004012976241736423,0.00004012995354395859,2.9157714503135486,4.019553026955061,16.637862497866667,0.2588186105991632,0.0003591759295086111,0.00014027905868103214,0.0003627972638799364,0.0010411219999999853,0.0010411219999999853,0.0010411219999999853,0.0010005319999999863,0.0010005319999999863,0.0010005319999999863
2025-06-11T20:35:08Z,39.880197984789405,-75.19700073809508,-32.767322185579744,-192.01701506620424,-154.42996167697456,-25.556356283901515,0.2571801818831867,0.9907374845080417,2.71385808737188,0.0,0.0,0.0,0.0,0.0,0.0,0.00004113277527209625,0.0000411329768493413,2.944655246588963,4.197698194675291,17.708597555581402,0.2643044373645734,0.00036670983913162107,0.0001414395855191318,0.0003695829574535064,0.001042124999999985,0.001042124999999985,0.001042124999999985,0.001000544999999986,0.001000544999999986,0.001000544999999986
2025-06-11T20:35:09Z,39.87826209114644,-75.19900208590921,-35.5254120151628,-196.23972856094932,-159.3887313215471,-27.075836688037395,0.505452451544897,1.091941174361762,3.057874460369054,0.0,0.0,0.0,0.0,0.0,0.0,0.000042135789105248046,0.000042136002232245114,2.9714224302179777,4.4195033806086865,18.76861178185833,0.27131296230687757,0.0003738041784494444,0.00014281726128727,0.00037625324833827296,0.0010431279999999845,0.0010431279999999845,0.0010431279999999845,0.0010005579999999856,0.0010005579999999856,0.0010005579999999856
2025-06-11T20:35:10Z,39.87522630690334,-75.20021329532585,-39.53033879896817,-203.4614517526468,-158.8235083173473,-29.116994731723533,0.21387926590385065,1.1471472091091184,2.7260201781601783,0.0,0.0,0.0,0.0,0.0,0.0,0.000043138803750832796,0.00004313902981433789,2.9993103151785663,4.658127684168004,19.90451660298141,0.27715504463455576,0.0003801082587571023,0.00014435987458191082,0.0003828248508939067,0.0010441309999999842,0.0010441309999999842,0.0010441309999999842,0.0010005709999999853,0.0010005709999999853,0.0010005709999999853
2025-06-11T20:35:11Z,39.8720119639356,-75.20127030302513,-43.86348264797097,-211.28417742842257,-157.27931925060568,-31.40336508636881,0.09196833074420031,1.2059930567036292,2.576305395009732,0.0,0.0,0.0,0.0,0.0,0.0,0.00004414181856647306,0.000044142059588381855,3.0247040898775404,4.886663704683889,21.03395335606471,0.2817033516330367,0.0003860164132096277,0.00014633915162937238,0.000389297291111278,0.0010451339999999838,0.0010451339999999838,0.0010451339999999838,0.001000583999999985,0.001000583999999985,0.001000583999999985
2025-06-11T20:35:12Z,39.86840405731619,-75.2020736159546,-48.50021076246355,-219.96952904162822,-154.53424890597282,-33.21116345969494,0.21385123660515876,1.209217612058601,2.731765413712483,0.0,0.0,0.0,0.0,0.0,0.0,0.00004514483245731734,0.000045145091494421274,3.04533162529308,5.09983583591692,22.204746165493155,0.2848905428436036,0.0003917550181209493,0.0001487292283789393,0.0003956622004015675,0.0010461369999999835,0.0010461369999999835,0.0010461369999999835,0.0010005969999999846,0.0010005969999999846,0.0010005969999999846
2025-06-11T20:35:13Z,39.864759256084554,-75.20269251095858,-52.62805414161426,-229.07764485741018,-151.08224231801222,-35.06386017833271,0.17424750486515,1.3434718108971806,2.733979025144175,0.0,0.0,0.0,0.0,0.0,0.0,0.00004614784707639314,0.000046148125826418864,3.0628287593849297,5.323397613137432,23.410604720261563,0.2856746717974691,0.000396810593220869,0.00015156236833960466,0.0004019234075379062,0.001047139999999983,0.001047139999999983,0.001047139999999983,0.0010006099999999843,0.0010006099999999843,0.0010006099999999843
2025-06-11T20:35:14Z,39.86096519383529,-75.20318794727545,-56.82185069767504,-238.5493702931058,-147.5476931993208,-37.08799223597801,-0.12183627367172184,1.3535766222772212,2.440298513955493,0.0,0.0,0.0,0.0,0.0,0.0,0.000047150862166973544,0.00004715116278349012,3.072641645392742,5.567195863412987,24.601856690539588,0.2870450989287713,0.0004015021263685869,0.00015451668716692408,0.00040809540765474734,0.0010481429999999827,0.0010481429999999827,0.0010481429999999827,0.001000622999999984,0.001000622999999984,0.001000622999999984
2025-06-11T20:35:15Z,39.856723369534514,-75.20352572766555,-61.22667304096052,-248.44834601393623,-143.76516650588815,-38.97121705999512,0.6450086082827128,1.4585973228135518,-3.048603836465417,0.0,0.0,0.0,0.0,0.0,0.0,0.00004815387569334797,0.000048154202199116486,3.0775559343302463,5.807637153381767,25.785212607402833,0.2873110418465745,0.0004071134284979681,0.00015724313842480553,0.00041415819256815747,0.0010491459999999824,0.0010491459999999824,0.0010491459999999824,0.0010006359999999836,0.0010006359999999836,0.0010006359999999836
2025-06-11T20:35:16Z,39.85282095671811,-75.2039298836138,-65.56812317540808,-258.81132042537337,-139.9914117793846,-41.17519948760434,-3.116383294584787,1.5446715799488888,-0.5447370217289418,0.0,0.0,0.0,0.0,0.0,0.0,0.000049156892644942726,0.000049157244851197576,3.08391644744512,6.0516625666201564,27.052958002279976,0.2886554683343637,0.00041127570799007386,0.00015991374501849403,0.000420146344750959,0.001050148999999982,0.001050148999999982,0.001050148999999982,0.0010006489999999832,0.0010006489999999832,0.0010006489999999832
2025-06-11T20:35:17Z,39.849532321837366,-75.20478770096689,-69.26708133366284,-267.4346423289336,-140.5381818682334,-42.44221020574031,-0.665656507577654,1.3890830184003229,1.951552320825511,0.0,0.0,0.0,0.0,0.0,0.0,0.00005015990722190539,0.00005016029007106398,3.0861363498969605,6.341087719669058,28.2991102521599,0.2881105297866638,0.000417401867435145,0.0001625073121026337,0.0004259998914013664,0.0010511519999999816,0.0010511519999999816,0.0010511519999999816,0.001000661999999983,0.001000661999999983,0.001000661999999983
2025-06-11T20:35:18Z,39.84403353825396,-75.20496517083131,-73.61533870127809,-278.03574547175015,-137.64618753785868,-43.46529230158057,1.4721102486938815,1.4524922135694263,-2.169002064078388,0.0,0.0,0.0,0.0,0.0,0.0,0.000051162912638761576,0.00005116333716359989,3.075277655775959,6.627426571694137,29.47164461663467,0.2856704974575827,0.0004248188063802836,0.00016329142228427518,0.0004317481604055688,0.0010521549999999813,0.0010521549999999813,0.0010521549999999813,0.0010006749999999826,0.0010006749999999826,0.0010006749999999826
2025-06-11T20:35:19Z,39.839237217612016,-75.20534533989144,-76.96929558873268,-289.0288485771965,-134.84953213470718,-45.12381385965964,-2.2744560731622134,1.486246915887165,0.3274474163545392,0.0,0.0,0.0,0.0,0.0,0.0,0.00005216593016905557,0.00005216638905564689,3.0781808698841875,6.969279197253714,30.799737812054822,0.28722503005406363,0.0004288479327384499,0.0001655557706438865,0.00043742784711451834,0.001053157999999981,0.001053157999999981,0.001053157999999981,0.0010006879999999822,0.0010006879999999822,0.0010006879999999822
2025-06-11T20:35:20Z,39.83406860286929,-75.20625593486285,-79.57382838534835,-295.7501942334435,-141.0296449666405,-45.43454799831106,-0.17669985696132456,1.5196601229924052,2.5952664509483285,0.0,0.0,0.0,0.0,0.0,0.0,0.000053168947891151445,0.000053169444497497036,3.08257036373965,7.4282725830168514,32.054099461780595,0.290835880761552,0.00043123876936470955,0.00016731016456639127,0.0004431168742657836,0.0010541609999999806,0.0010541609999999806,0.0010541609999999806,0.001000700999999982,0.001000700999999982,0.001000700999999982
2025-06-11T20:35:21Z,39.829950892474244,-75.20724143704044,-81.2750349374015,-305.7496783189784,-141.85235956766115,-45.98935315213303,2.557505928044641,1.276298895585475,-0.9876414553397544,0.0,0.0,0.0,0.0,0.0,0.0,0.000054171962246570124,0.00005417250308219245,3.088124883415471,7.881051120149929,33.401509708477334,0.2965076158917011,0.00042653533653624014,0.00016573756138856148,0.0004491154342101511,0.0010551639999999802,0.0010551639999999802,0.0010551639999999802,0.0010007139999999816,0.0010007139999999816,0.0010007139999999816
2025-06-11T20:35:22Z,39.82652146841223,-75.20804408495793,-82.43366495412378,-317.4710624048897,-140.1730338452527,-46.35176713462714,-3.031177821429618,1.4539207387410087,-0.3570085474013712,0.0,0.0,0.0,0.0,0.0,0.0,0.00005517497606773222,0.000055175565197882595,3.102300904154245,8.329051214640621,34.88088299555362,0.30052430914786,0.00042189687273418044,0.00016541041405654781,0.00045524708315207484,0.0010561669999999798,0.0010561669999999798,0.0010561669999999798,0.0010007269999999812,0.0010007269999999812,0.0010007269999999812
2025-06-11T20:35:23Z,39.82122570148888,-75.20793096945937,-83.71468102678173,-331.40819453180694,-134.31060499705936,-46.33889401840532,-0.7764903843437898,1.3962781619060733,1.8615125439041105,0.0,0.0,0.0,0.0,0.0,0.0,0.000056177992483787145,0.000056178630963611386,3.1202929572495277,8.727326097209668,36.49439780692206,0.2987463843113707,0.00041746007804674824,0.0001680524644149494,0.00046133937263830314,0.0010571699999999795,0.0010571699999999795,0.0010571699999999795,0.0010007399999999809,0.0010007399999999809,0.0010007399999999809
2025-06-11T20:35:24Z,39.81283821636845,-75.20640364907992,-84.57631408671183,-345.2656888360562,-127.86148875505936,-45.957400156865276,-0.18846371992559052,1.4492445345749032,2.5154598703713726,0.0,0.0,0.0,0.0,0.0,0.0,0.00005718100426093914,0.00005718169865772136,3.122179187006795,9.17810793658206,37.89744515476233,0.2990630928032833,0.0004183973470170828,0.00017366867546654742,0.00046641195601711483,0.0010581729999999791,0.0010581729999999791,0.0010581729999999791,0.0010007529999999805,0.0010007529999999805,0.0010007529999999805
2025-06-11T20:35:25Z,39.80374338174076,-75.20443166258993,-84.77130387164485,-359.54419449314014,-120.55613064856092,-45.57990750556742,1.4668742370638885,1.516790535198559,-2.0433379179671682,0.0,0.0,0.0,0.0,0.0,0.0,0.00005818401606786268,0.00005818476988835457,3.1245499690584397,9.685323384075712,39.28282114482956,0.30033704904745084,0.0004190244676511714,0.00017955962255456463,0.0004714023102053637,0.0010591759999999787,0.0010591759999999787,0.0010591759999999787,0.0010007659999999802,0.0010007659999999802,0.0010007659999999802
2025-06-11T20:35:26Z,39.794111827167775,-75.20200557442352,-85.34335448912206,-375.05679144539425,-111.05203416298731,-46.450258370252534,-1.1687726089186672,1.2911743921875072,1.6153528524146339,0.0,0.0,0.0,0.0,0.0,0.0,0.000059187030747870715,0.00005918784589797047,3.1304545692951367,10.249302731865804,40.68405774890562,0.3028930515953752,0.0004180270985714087,0.00018562874806801654,0.0004766193891799204,0.0010601789999999784,0.0010601789999999784,0.0010601789999999784,0.0010007789999999799,0.0010007789999999799,0.0010007789999999799
2025-06-11T20:35:27Z,39.97791506065749,-75.15371694840395,-71.51567491795441,-349.81460740578876,-148.157241812163,-43.029517560013886,1.7504458444865771,1.3817211363827069,-1.5402205469718668,0.0,0.0,0.0,0.0,0.0,0.0,1.0045217098577993e-6,1.004522196999427e-6,2.5923487822991222,4.397499524667705,14.50174095569288,0.28322076286341563,0.00038176251591974677,0.00018184111524703432,0.00029707452335404514,0.001061182999999978,0.001061182999999978,0.001061182999999978,0.0010007929999999794,0.0010007929999999794,0.0010007929999999794
2025-06-11T20:35:28Z,39.97466945840849,-75.15539102115163,-79.83351211115802,-359.63746492011546,-150.7589928585361,-44.63104757090826,2.3200255580701725,0.777707249133634,-1.041218761457494,0.0,0.0,0.0,0.0,0.0,0.0,2.0075220300348418e-6,2.0075239980728434e-6,2.834347471838121,4.712761666927394,14.988076908386148,0.3133051378849473,0.00037979478496370957,0.0001873524045418586,0.00030432786227887733,0.0010621859999999776,0.0010621859999999776,0.0010621859999999776,0.001000805999999979,0.001000805999999979,0.001000805999999979
2025-06-11T20:35:29Z,39.971283235954246,-75.15697051081904,-83.18836651739444,-370.6825057172588,-151.1951791963397,-45.20575324339654,2.595755413395375,0.3382169895878052,-0.9019694078758866,0.0,0.0,0.0,0.0,0.0,0.0,3.0105225891856784e-6,3.010527063883292e-6,3.028694214604932,5.062803502283392,15.509289649412679,0.3368224391230682,0.00037779225034311744,0.00019406061883979996,0.00031175143170749335,0.0010631889999999772,0.0010631889999999772,0.0010631889999999772,0.0010008189999999788,0.0010008189999999788,0.0010008189999999788
2025-06-11T20:35:30Z,39.9677036861862,-75.15839883903834,-82.37731707016468,-381.8672278499215,-150.0149672363436,-43.72217746139482,2.559860705620207,0.4748331446185672,-0.7449218376025393,0.0,0.0,0.0,0.0,0.0,0.0,4.01352340839065e-6,4.0135314452191e-6,3.173709719854847,5.408447080331256,16.064686499229182,0.3437571794538389,0.000372976708172056,0.00020204350193357698,0.0003192649817600945,0.0010641919999999768,0.0010641919999999768,0.0010641919999999768,0.0010008319999999784,0.0010008319999999784,0.0010008319999999784
2025-06-11T20:35:31Z,39.96389170036959,-75.15971695444023,-79.50092644508821,-392.48119102052425,-149.13523136804378,-41.819914487664136,2.5780301400892007,1.1264088026853762,-0.6177323549949411,0.0,0.0,0.0,0.0,0.0,0.0,5.016524504342878e-6,5.0165372165789534e-6,3.2590930537251297,5.820519115454641,16.60728458913438,0.349494836189543,0.00036331667977089536,0.00021011236439458735,0.0003264631821642747,0.0010651949999999765,0.0010651949999999765,0.0010651949999999765,0.001000844999999978,0.001000844999999978,0.001000844999999978
2025-06-11T20:35:32Z,39.95980052785447,-75.1609679952141,-76.83344558703467,-403.34190252054134,-148.4914465276122,-40.52082187342129,2.242231069538942,0.9995078084235115,-0.9597593583853486,0.0,0.0,0.0,0.0,0.0,0.0,6.019525892117807e-6,6.019544446666445e-6,3.3041644766839107,6.306960590294381,17.08933605349833,0.3588061462568451,0.00034767019784493424,0.0002171494356854799,0.0003333319492500013,0.0010661979999999761,0.0010661979999999761,0.0010661979999999761,0.0010008579999999778,0.0010008579999999778,0.0010008579999999778
2025-06-11T20:35:33Z,39.95539191847145,-75.16209699885945,-72.8561773126055,-413.6677894056666,-147.47334066362455,-38.254168800212454,1.9824749097508139,1.0259714116816292,-1.1320827618121347,0.0,0.0,0.0,0.0,0.0,0.0,7.022527574483382e-6,7.0225531571676665e-6,3.3414912577256954,6.819855851385481,17.600081159890898,0.3610186774254472,0.00033308245227331885,0.00022499120412667483,0.0003402533505841334,0.0010672009999999758,0.0010672009999999758,0.0010672009999999758,0.0010008709999999774,0.0010008709999999774,0.0010008709999999774
2025-06-11T20:35:34Z,39.950653818443904,-75.16310652003533,-67.8956310156938,-422.51454252867785,-147.01672148409028,-35.14191480673257,2.2020600409263187,0.5477811783143857,-0.8922208171664524,0.0,0.0,0.0,0.0,0.0,0.0,8.025529541679446e-6,8.025563401531065e-6,3.361642030228659,7.4707885899072215,17.936932873817568,0.38204427758079806,0.00031781869732040426,0.00023340176590519175,0.00034715323191738943,0.0010682039999999754,0.0010682039999999754,0.0010682039999999754,0.001000883999999977,0.001000883999999977,0.001000883999999977
2025-06-11T20:35:35Z,39.94559807288599,-75.1639433191846,-62.026253412315086,-432.05696671228134,-145.16439832729952,-32.32782608597276,2.192476918805262,0.8175453561087835,-0.8189703201641887,0.0,0.0,0.0,0.0,0.0,0.0,9.028531795160184e-6,9.028575142353657e-6,3.408524757692554,8.070325718285574,18.41517313041509,0.3767990188896676,0.00030350297365242435,0.0002428088712329206,0.00035406515655364237,0.001069206999999975,0.001069206999999975,0.001069206999999975,0.0010008969999999767,0.0010008969999999767,0.0010008969999999767
2025-06-11T20:35:36Z,39.94020976991684,-75.16465720879498,-55.74279943891221,-440.65875318973565,-143.26554665171133,-29.857913399979736,2.0796933015670382,0.8870183272428419,-0.8653552914821167,0.0,0.0,0.0,0.0,0.0,0.0,0.000010031534309711385,0.000010031588493549306,3.420683897306671,8.786797311478889,18.738093935526862,0.38392790822983475,0.0002854761160013643,0.0002514131514338251,0.0003608403407368369,0.0010702099999999747,0.0010702099999999747,0.0010702099999999747,0.0010009099999999764,0.0010009099999999764,0.0010009099999999764
2025-06-11T20:35:37Z,39.934553443649705,-75.16524636639465,-50.00452523934747,-448.82570018234094,-141.18741800193624,-27.76215902570033,2.060446090786548,0.742363393778226,-0.7956286254223087,0.0,0.0,0.0,0.0,0.0,0.0,0.00001103453708858062,0.000011034603408497837,3.4382097051399843,9.573614284792287,18.96648234516214,0.39524269590661837,0.00026705140228352195,0.00025993607128622904,0.0003675548146069254,0.0010712129999999743,0.0010712129999999743,0.0010712129999999743,0.001000922999999976,0.001000922999999976,0.001000922999999976
2025-06-11T20:35:38Z,39.928673179719596,-75.16568193247578,-44.34703266773222,-457.4944511780119,-138.15415997410923,-25.240770710026844,1.9271978424367109,0.7453484956985237,-0.8732200066226329,0.0,0.0,0.0,0.0,0.0,0.0,0.000012037540144552666,0.000012037619839139501,3.4679907129669583,10.37042105367469,19.211285549677374,0.3922038945341445,0.0002484864177748573,0.0002682441640984068,0.00037419943975394043,0.001072215999999974,0.001072215999999974,0.001072215999999974,0.0010009359999999757,0.0010009359999999757,0.0010009359999999757
2025-06-11T20:35:39Z,39.922595489194336,-75.16596554862774,-38.83604372619821,-466.04754701949577,-134.93575067719448,-22.857746777311167,1.8164584959390735,0.8056415278174117,-0.9401896427536558,0.0,0.0,0.0,0.0,0.0,0.0,0.000013040543486490017,0.000013040637782389181,3.477434192541559,11.228087298952975,19.392003224444565,0.38651939131481494,0.0002293318672239098,0.0002759331687604116,0.0003807545192675677,0.0010732189999999736,0.0010732189999999736,0.0010732189999999736,0.0010009489999999754,0.0010009489999999754,0.0010009489999999754
2025-06-11T20:35:40Z,39.91634145713023,-75.16612583030067,-33.566959019092906,-474.9868735753538,-131.31089981832332,-20.87738812652575,1.6839322099168859,0.8025809723760017,-1.0589420467858501,0.0,0.0,0.0,0.0,0.0,0.0,0.000014043547147243382,0.000014043657223438143,3.471356981566306,12.119098979522649,19.52214455649878,0.37521369717119585,0.00021059766060741927,0.0002827776198109778,0.00038721061349505275,0.0010742219999999732,0.0010742219999999732,0.0010742219999999732,0.001000961999999975,0.001000961999999975,0.001000961999999975
2025-06-11T20:35:41Z,39.90996063914687,-75.16618123602696,-29.00217253478202,-484.2446327421616,-127.48008471977539,-19.022646557468338,1.626608908281289,0.7056164533032839,-1.0595922841589813,0.0,0.0,0.0,0.0,0.0,0.0,0.000015046551160050284,0.000015046678127469442,3.447677364800018,13.037455191406101,19.630313278878894,0.3572226388221172,0.0001930774018803052,0.000288866636235495,0.0003935569987599722,0.0010752249999999729,0.0010752249999999729,0.0010752249999999729,0.0010009749999999747,0.0010009749999999747,0.0010009749999999747
2025-06-11T20:35:42Z,39.90347477935461,-75.1661441840535,-24.540880961110553,-493.53989496856605,-123.25804891924034,-17.1166627290673,1.5380042712949118,0.6961384509251914,-1.1270456943406022,0.0,0.0,0.0,0.0,0.0,0.0,0.00001604955557273728,0.000016049700483737202,3.402890238864925,13.9306403546186,19.707060120482225,0.32919223148217336,0.00017735156618317902,0.000294305177658786,0.00039978027244653926,0.0010762279999999725,0.0010762279999999725,0.0010762279999999725,0.0010009879999999744,0.0010009879999999744,0.0010009879999999744
2025-06-11T20:35:43Z,39.8968870343699,-75.16603868654578,-20.700415610513136,-502.9465684215518,-119.19272167135833,-15.557391217934388,1.5301258491742418,0.6550621788348319,-1.0945853392864198,0.0,0.0,0.0,0.0,0.0,0.0,0.000017052560383082272,0.00001705272429762927,3.326128178722212,14.84295486347208,19.754123247221784,0.300621713581648,0.00016374386375199603,0.0002993797456515595,0.0004058811740000778,0.0010772309999999721,0.0010772309999999721,0.0010772309999999721,0.001001000999999974,0.001001000999999974,0.001001000999999974
2025-06-11T20:35:44Z,39.890145971175215,-75.1658312546889,-17.316584348125204,-513.0591773531463,-114.97621452459745,-14.243176247961848,1.4449904719368543,0.5978682438250661,-1.1712478681323661,0.0,0.0,0.0,0.0,0.0,0.0,0.000018055565578015247,0.000018055749573632035,3.2313838724714223,15.780961787506364,19.81742169794067,0.27269271432990577,0.00015260036716518776,0.0003044366235475035,0.00041185533739554226,0.0010782339999999718,0.0010782339999999718,0.0010782339999999718,0.0010010139999999737,0.0010010139999999737,0.0010010139999999737
2025-06-11T20:35:45Z,39.88327718784341,-75.16556777321372,-14.787248759470831,-523.1335773652133,-111.02388517832222,-13.31351279257309,1.375205965350124,0.6688255402263132,-1.2212660065780503,0.0,0.0,0.0,0.0,0.0,0.0,0.000019058571096818517,0.00001905877632662387,3.126854521419995,16.691875336316482,19.881609152473324,0.24337107459480903,0.000143818904329744,0.0003097477558554275,0.0004177015861720966,0.0010792369999999714,0.0010792369999999714,0.0010792369999999714,0.0010010269999999734,0.0010010269999999734,0.0010010269999999734
2025-06-11T20:35:46Z,39.87624576311134,-75.16528177300202,-13.334859571725096,-532.9607277962908,-107.80991954763047,-13.022294876454811,1.3649506832056355,0.629136225933744,-1.2387766588946476,0.0,0.0,0.0,0.0,0.0,0.0,0.000020061576837126977,0.00002006180461260873,3.010778444756392,17.697572264861297,19.889804731618806,0.22635725383504518,0.00013711990310534374,0.00031556636462593267,0.00042343283223066465,0.001080239999999971,0.001080239999999971,0.001080239999999971,0.001001039999999973,0.001001039999999973,0.001001039999999973
2025-06-11T20:35:47Z,39.86899718261447,-75.16493536247373,-12.422516816576943,-543.5798881234297,-104.4423885138738,-12.625838893041657,1.2982242867553768,0.6051698164646062,-1.3318182579487434,0.0,0.0,0.0,0.0,0.0,0.0,0.000021064582737027595,0.000021064834404939566,2.9143809513082184,18.71090355277234,19.98336218777713,0.20837411896675537,0.00013235978535218923,0.00032212515142504165,0.00042904035827442505,0.0010812429999999707,0.0010812429999999707,0.0010812429999999707,0.0010010529999999727,0.0010010529999999727,0.0010010529999999727
2025-06-11T20:35:48Z,39.86146890145231,-75.16449454299087,-11.800656259942766,-554.6539195825353,-101.00638734701509,-12.168320185929733,1.2748327659822594,0.5640553476150477,-1.3446237533658765,0.0,0.0,0.0,0.0,0.0,0.0,0.000022067588682413726,0.00002206786573948577,2.8224984464638965,19.76204778710438,20.09560298981417,0.19418565881484687,0.00012893695222968406,0.000329285986570773,0.00043452759470467335,0.0010822459999999703,0.0010822459999999703,0.0010822459999999703,0.0010010659999999724,0.0010010659999999724,0.0010010659999999724
2025-06-11T20:35:49Z,39.85367991371065,-75.16398542555896,-11.329586766066729,-565.5040271593948,-97.46565312439768,-11.851125486380527,1.232784615028141,0.5773635497191728,-1.4178737016637473,0.0,0.0,0.0,0.0,0.0,0.0,0.00002307059462754968,0.0000230708986731494,2.739658385673906,20.816626657333394,20.178330627018642,0.18215716441225835,0.00012665307094544896,0.0003372212571886073,0.000439894476429885,0.00108324899999997,0.00108324899999997,0.00108324899999997,0.001001078999999972,0.001001078999999972,0.001001078999999972
2025-06-11T20:35:50Z,39.84560314509093,-75.16342483433574,-11.209672821680027,-576.8135325015049,-93.97354650864283,-11.576358462749402,1.1950320836845627,0.5381580062844227,-1.467077253537443,0.0,0.0,0.0,0.0,0.0,0.0,0.000024073600416361437,0.000024073933199894033,2.6660769989203703,21.92305190160913,20.32307175197403,0.17371714287790044,0.00012528084936031515,0.000345952005659843,0.0004451506343726403,0.0010842519999999696,0.0010842519999999696,0.0010842519999999696,0.0010010919999999717,0.0010010919999999717,0.0010010919999999717
2025-06-11T20:35:51Z,39.837226100634226,-75.16281292558806,-11.068749278257476,-587.9416259948896,-90.29667564673328,-11.192984350798064,1.1986507747608628,0.48582706767024314,-1.4460622424850877,0.0,0.0,0.0,0.0,0.0,0.0,0.000025076605990720716,0.000025076969385363896,2.6039840148785216,23.049826155717582,20.47134088503627,0.16675086687766263,0.00012466762304835574,0.00035529041700038276,0.00045029331784125364,0.0010852549999999692,0.0010852549999999692,0.0010852549999999692,0.0010011049999999713,0.0010011049999999713,0.0010011049999999713
2025-06-11T20:35:52Z,39.82856033331873,-75.1621441373678,-10.868901091947388,-598.8331661707355,-86.78947223428683,-10.870888407250703,1.1451121108270215,0.5508740289306291,-1.552621610941818,0.0,0.0,0.0,0.0,0.0,0.0,0.000026079611348726812,0.000026080007250348394,2.551912140973469,24.205436581567675,20.62497526894721,0.16057114127185287,0.00012470894592343272,0.000365082367171725,0.0004553202111050663,0.0010862579999999689,0.0010862579999999689,0.0010862579999999689,0.001001117999999971,0.001001117999999971,0.001001117999999971
2025-06-11T20:35:53Z,39.8195654252811,-75.16145910681688,-10.500001167674597,-608.9449313198207,-83.54416347252781,-10.591753051351901,1.1427154412849359,0.508778815065184,-1.5559598317934324,0.0,0.0,0.0,0.0,0.0,0.0,0.000027082616393955946,0.00002708304685416664,2.507484851592035,25.473379122285664,20.766811149137425,0.15844628400878535,0.00012530789917665196,0.0003750715221023067,0.00046024085237976686,0.0010872609999999685,0.0010872609999999685,0.0010872609999999685,0.0010011309999999707,0.0010011309999999707,0.0010011309999999707
2025-06-11T20:35:54Z,39.81030520783456,-75.16073300046786,-10.05453318018082,-618.6333593743639,-80.36464056916739,-10.259175290653497,1.1218845956391985,0.5133543084572255,-1.5871849140773289,0.0,0.0,0.0,0.0,0.0,0.0,0.000028085621260489294,0.00002808608816981041,2.4786034974166125,26.77994601153881,20.92087270016726,0.15599747685579318,0.00012647256956546224,0.000384906683218724,0.00046504512017138286,0.0010882639999999682,0.0010882639999999682,0.0010882639999999682,0.0010011439999999703,0.0010011439999999703,0.0010011439999999703
2025-06-11T20:35:55Z,39.800761133354975,-75.15993906900647,-9.740879188464817,-628.2686884642236,-77.27766337308928,-10.034488206113005,1.088927655191545,0.5212748624942974,-1.646596559513815,0.0,0.0,0.0,0.0,0.0,0.0,0.000029088626049123993,0.00002908913118290187,2.4575101960991064,28.13956439874479,21.09103792354948,0.15458695818069998,0.00012800823508145827,0.0003943173632589891,0.0004697421651479474,0.0010892669999999678,0.0010892669999999678,0.0010892669999999678,0.00100115699999997,0.00100115699999997,0.00100115699999997
2025-06-11T20:35:56Z,39.790986648559674,-75.15913555940467,-9.483360834673052,-637.4129667632824,-74.57133740176997,-9.939456501623688,1.01547002853767,0.5610089207354172,-1.7822047842051159,0.0,0.0,0.0,0.0,0.0,0.0,0.000030091631005412036,0.00003009217594933192,2.443255565731545,29.558396148956543,21.27846483901684,0.15399700905583683,0.00012983314795676597,0.00040320350312437943,0.0004743330281486456,0.0010902699999999674,0.0010902699999999674,0.0010902699999999674,0.0010011699999999697,0.0010011699999999697,0.0010011699999999697
2025-06-11T20:35:57Z,39.7809706571901,-75.15832781932583,-9.382329488737284,-644.9930575582913,-72.53800552497115,-10.04482478924045,1.0212317110811433,0.5573154462274943,-1.8291388815210503,0.0,0.0,0.0,0.0,0.0,0.0,0.00003109463635298931,0.00003109522249589841,2.43474847173306,31.106052515566294,21.350379261608605,0.15313961057126732,0.00013186799625494912,0.00041150357316695186,0.0004788238870859638,0.001091272999999967,0.001091272999999967,0.001091272999999967,0.0010011829999999693,0.0010011829999999693,0.0010011829999999693
2025-06-11T20:35:58Z,39.770740117598585,-75.15749222565218,-9.375314581545034,-651.2160861558207,-70.96656152074145,-10.145535052236355,1.0758719970863946,0.5275243579675775,-1.7386235448244591,0.0,0.0,0.0,0.0,0.0,0.0,0.000032097642619206635,0.000032098270697407344,2.4296337031286903,32.771505959538565,21.342870321161104,0.15487859453380437,0.00013408459415593504,0.00041921156614382356,0.0004832087752683808,0.0010922759999999667,0.0010922759999999667,0.0010922759999999667,0.001001195999999969,0.001001195999999969,0.001001195999999969
2025-06-11T20:35:59Z,39.76026325897112,-75.15655998384324,-9.552843918490149,-658.8501778235076,-69.39173075578239,-10.4569704818415,0.9816946946123655,0.6510852979588057,-1.920826510592385,0.0,0.0,0.0,0.0,0.0,0.0,0.000033100650213702865,0.00003310132039828582,2.428748075258458,34.41338210337053,21.4270751469018,0.15599326275606898,0.00013614899534797835,0.0004269516451845726,0.00048748655563442137,0.0010932789999999663,0.0010932789999999663,0.0010932789999999663,0.0010012089999999686,0.0010012089999999686,0.0010012089999999686
2025-06-11T20:36:00Z,39.74951662951961,-75.15558319801247,-10.153453568826961,-667.3876330455906,-67.62161767188965,-10.69489141427309,0.993924247143799,0.5447269520951058,-1.91243099518382,0.0,0.0,0.0,0.0,0.0,0.0,0.00003410365887907653,0.00003410437172271224,2.430526637403898,36.17674196249494,21.59771784040017,0.16231892707357004,0.0001374902753049784,0.00043554424105930067,0.0004916807548127303,0.001094281999999966,0.001094281999999966,0.001094281999999966,0.0010012219999999683,0.0010012219999999683,0.0010012219999999683
2025-06-11T20:36:01Z,39.738595409151785,-75.15447898053394,-10.835242039069911,-676.7055289456093,-65.34276304256986,-10.781208185733755,0.9783620622862491,0.5804908387819389,-1.9464095842596476,0.0,0.0,0.0,0.0,0.0,0.0,0.0000351066692099806,0.000035107424681895215,2.4501013052547673,37.945554684925135,21.732571349705214,0.16301999906150336,0.00013818466709613158,0.00044486287865942866,0.0004957626128367926,0.0010952849999999656,0.0010952849999999656,0.0010952849999999656,0.001001234999999968,0.001001234999999968,0.001001234999999968
2025-06-11T20:36:02Z,39.727425821188454,-75.15325186088381,-11.133648712504062,-686.2104066285638,-63.09496514788847,-10.9190282982063,0.9640597045756825,0.561980741499996,-1.9848379380246122,0.0,0.0,0.0,0.0,0.0,0.0,0.00003610968185147369,0.00003611047927982533,2.465231372389338,39.84945561343078,21.81500580121907,0.16710534046286266,0.00013822314557150454,0.00045454292959378807,0.0004997390201416886,0.0010962879999999653,0.0010962879999999653,0.0010962879999999653,0.0010012479999999676,0.0010012479999999676,0.0010012479999999676
2025-06-11T20:36:03Z,39.71606801659435,-75.15188655935384,-11.491794867553455,-697.1372177511515,-60.73311084995706,-11.083243058154688,0.9529977528044142,0.6086047086760701,-2.035865287190164,0.0,0.0,0.0,0.0,0.0,0.0,0.000037112696882536107,0.000037113535417148147,2.484684606507332,41.813870039943154,21.927581117331602,0.16986099342982056,0.00013785754414717534,0.0004643861551157278,0.0005036109169963545,0.001097290999999965,0.001097290999999965,0.001097290999999965,0.0010012609999999673,0.0010012609999999673,0.0010012609999999673
2025-06-11T20:36:04Z,39.70454394927259,-75.15046098024226,-11.89820441193232,-708.7053449190906,-58.37397531440619,-11.378880489643082,0.9138507601694711,0.6274319097953746,-2.1439640325990297,0.0,0.0,0.0,0.0,0.0,0.0,0.000038115714385657926,0.00003811659320449027,2.5038064456570654,43.840349800268676,22.061661845534463,0.17239613817632282,0.00013702111784669798,0.0004743563015095789,0.0005073914840362986,0.0010982939999999645,0.0010982939999999645,0.0010982939999999645,0.001001273999999967,0.001001273999999967,0.001001273999999967
2025-06-11T20:36:05Z,39.692945285566445,-75.14895988348393,-12.311904237968857,-720.7435847699861,-55.86224260911437,-11.603071254750022,0.8616659745180503,0.5893629881044588,-2.2157362102248817,0.0,0.0,0.0,0.0,0.0,0.0,0.0000391187351037425,0.00003911965268587112,2.522062094099161,45.928200807484224,22.230147083466093,0.17477672078169165,0.00013590115285755275,0.0004843542192969214,0.0005110690261213879,0.0010992969999999642,0.0010992969999999642,0.0010992969999999642,0.0010012869999999666,0.0010012869999999666,0.0010012869999999666
2025-06-11T20:36:06Z,39.681208065619046,-75.14738527842869,-12.67097222043682,-733.0099133056041,-53.137550450732434,-11.839834013318107,0.8608833380713808,0.5890871016443116,-2.213947469665591,0.0,0.0,0.0,0.0,0.0,0.0,0.00004012175907432012,0.000040122713903898243,2.5382436229899814,48.042042110025946,22.373544884076782,0.1755311489527178,0.0001346706597036937,0.0004943441741175516,0.0005146548862668603,0.0011002999999999638,0.0011002999999999638,0.0011002999999999638,0.0010012999999999663,0.0010012999999999663,0.0010012999999999663
2025-06-11T20:36:07Z,39.66940924221771,-75.1457293825569,-13.224434985025542,-745.7678106061026,-50.51002951607613,-12.0214286617986,0.8009807230954721,0.6030478462605436,-2.325331245911638,0.0,0.0,0.0,0.0,0.0,0.0,0.00004112478695910367,0.000041125776874890376,2.5488955137054794,50.25027301408996,22.5363332916692,0.17638902324970543,0.0001335766715741109,0.0005043337378266081,0.0005181458874191915,0.0011013029999999634,0.0011013029999999634,0.0011013029999999634,0.001001312999999966,0.001001312999999966,0.001001312999999966
2025-06-11T20:36:08Z,39.657443557372815,-75.1440634165968,-13.76289707490024,-758.088189315484,-47.98824029724188,-12.227617651772098,0.7802452860183806,0.5651855053574021,-2.3483856212323246,0.0,0.0,0.0,0.0,0.0,0.0,0.00004212781817124694,0.00004212884172323214,2.555887188085165,52.51745611965282,22.718149933661195,0.17836287619094943,0.00013272569932483268,0.0005142762515634142,0.0005215634151566051,0.001102305999999963,0.001102305999999963,0.001102305999999963,0.0010013259999999656,0.0010013259999999656,0.0010013259999999656
2025-06-11T20:36:09Z,39.645431610937955,-75.14236269647756,-13.961063283036545,-770.1316979468894,-45.359300933431264,-12.107589500015727,0.8029916654897558,0.5494670732115732,-2.3155525483357153,0.0,0.0,0.0,0.0,0.0,0.0,0.00004313085364155714,0.00004313190849458762,2.563745300087425,54.88016145915855,22.916860391491543,0.17959910086685585,0.0001323032355788791,0.0005240412936771018,0.000524888489699584,0.0011033089999999627,0.0011033089999999627,0.0011033089999999627,0.0010013389999999653,0.0010013389999999653,0.0010013389999999653
2025-06-11T20:36:10Z,39.63354807072212,-75.14066132068614,-14.097502813772856,-781.5300037455999,-43.06377630993174,-12.260799414199088,0.741189314708639,0.5944750430103463,-2.406860329621602,0.0,0.0,0.0,0.0,0.0,0.0,0.00004413389411870739,0.00004413497726954307,2.570841774756837,57.2857610576553,23.112374050989853,0.17918133136174386,0.00013238155728483226,0.0005334174461448404,0.0005281127479516288,0.0011043119999999624,0.0011043119999999624,0.0011043119999999624,0.001001351999999965,0.001001351999999965,0.001001351999999965
2025-06-11T20:36:11Z,39.62172114901511,-75.13903358583292,-14.42464956423816,-792.1535124138674,-41.56331410452198,-12.628912553897617,0.7328952546118731,0.6288062655995044,-2.4463579750458098,0.0,0.0,0.0,0.0,0.0,0.0,0.00004513693897161429,0.000045138048147793526,2.5739163413338035,59.82387041982449,23.368419907902428,0.18385587239533135,0.00013294443084187093,0.0005421464859198353,0.0005312579289937683,0.001105314999999962,0.001105314999999962,0.001105314999999962,0.0010013649999999646,0.0010013649999999646,0.0010013649999999646
2025-06-11T20:36:12Z,39.60992445205973,-75.13739862580405,-15.026257600641829,-802.6482133695489,-40.173774038472416,-13.17814813116678,0.6581959887061272,0.6570542988640611,-2.5847403639020707,0.0,0.0,0.0,0.0,0.0,0.0,0.00004613998869548038,0.000046141121126765096,2.5865414783514065,62.370197168659914,23.68233998767721,0.1905983394444797,0.00013406428460401268,0.0005500927338959759,0.0005343115175755941,0.0011063179999999616,0.0011063179999999616,0.0011063179999999616,0.0010013779999999643,0.0010013779999999643,0.0010013779999999643
2025-06-11T20:36:13Z,39.5981569524154,-75.13587163660074,-16.038043217154947,-812.1387024919347,-39.30755404717733,-13.985814776518485,0.5996580470036126,0.6729823236710816,-2.672396592853945,0.0,0.0,0.0,0.0,0.0,0.0,0.000047143042742575706,0.0000471441964140372,2.6086903675661866,64.91812353016175,24.070275758943502,0.20209774433794936,0.00013559597519377365,0.0005569585080685082,0.0005373008745238769,0.0011073209999999613,0.0011073209999999613,0.0011073209999999613,0.001001390999999964,0.001001390999999964,0.001001390999999964
2025-06-11T20:36:14Z,39.5864696015356,-75.13442020382728,-17.252492681296385,-820.5606808181886,-38.91245677328447,-14.847331161563718,0.6309154594678839,0.6824922562784571,-2.6431151996297917,0.0,0.0,0.0,0.0,0.0,0.0,0.000048146101836367914,0.000048147274071510866,2.6468667127726113,67.47541072660472,24.514802008552728,0.21906627580934,0.00013765379029534173,0.0005622385097641749,0.0005402181653108606,0.001108323999999961,0.001108323999999961,0.001108323999999961,0.0010014039999999636,0.0010014039999999636,0.0010014039999999636
2025-06-11T20:36:15Z,39.575063838587766,-75.13310337138826,-18.515780406150835,-827.6007520583365,-38.94439809673966,-15.482338847935397,0.6011712285567212,0.7366733868366167,-2.7170036273853952,0.0,0.0,0.0,0.0,0.0,0.0,0.000049149166706740026,0.00004915035420001204,2.7071963697326136,70.05538793243697,25.015991299787284,0.23698089759970722,0.00014037877055092705,0.000565036132825491,0.0005430637840818175,0.0011093269999999605,0.0011093269999999605,0.0011093269999999605,0.0010014169999999632,0.0010014169999999632,0.0010014169999999632
2025-06-11T20:36:16Z,39.56411749899652,-75.13196793342235,-19.890560430486953,-832.9071525843054,-39.56935216473801,-16.531360475051,0.5607315943715779,0.782556986754472,-2.78334011008228,0.0,0.0,0.0,0.0,0.0,0.0,0.000050152237629619084,0.00005015343683714929,2.782437367912622,72.41353423347864,25.596324612838316,0.25930350747731845,0.00014385712600146323,0.0005643862678719563,0.0005458445083374052,0.0011103299999999602,0.0011103299999999602,0.0011103299999999602,0.001001429999999963,0.001001429999999963,0.001001429999999963
2025-06-11T20:36:17Z,39.553549055275845,-75.13103277828309,-21.536619261694902,-836.4399022546745,-40.919790248639494,-17.706447385103534,0.576914004948997,0.8571598466209444,-2.777725786456566,0.0,0.0,0.0,0.0,0.0,0.0,0.0000511553132232336,0.00005115652201661127,2.873631205591833,74.57570829895825,26.256913898048268,0.28544957109366426,0.00014813609802754346,0.0005596284285744777,0.0005485861336350699,0.0011113329999999598,0.0011113329999999598,0.0011113329999999598,0.0010014429999999626,0.0010014429999999626,0.0010014429999999626
2025-06-11T20:36:18Z,39.543532068756285,-75.13035071003482,-23.317453288796834,-837.857840352652,-42.987773940466994,-18.943984418986762,0.5048457289464628,0.8907928567628861,-2.8992872120758317,0.0,0.0,0.0,0.0,0.0,0.0,0.000052158393051380395,0.00005215960974668455,2.9801301527041435,76.45043499311227,26.99108553715415,0.31311690278848714,0.00015334743956232715,0.0005499665889661693,0.000551295710889099,0.0011123359999999595,0.0011123359999999595,0.0011123359999999595,0.0010014559999999622,0.0010014559999999622,0.0010014559999999622
2025-06-11T20:36:19Z,39.53956670712928,-75.13323103586701,-24.3424352125854,-822.527172580038,-53.68887292442173,-19.76415639489688,0.5808626291822688,0.9651954925018629,-2.7160034535666764,0.0,0.0,0.0,0.0,0.0,0.0,0.00005316147605630864,0.00005316270003416423,3.095604505450368,78.00362683838226,27.791252499738633,0.3382023099247789,0.00015954171924625077,0.0005349118232339842,0.0005539839389836112,0.001113338999999959,0.001113338999999959,0.001113338999999959,0.001001468999999962,0.001001468999999962,0.001001468999999962
2025-06-11T20:36:20Z,39.53101837843508,-75.1331946643544,-25.97856985013149,-820.1163950297449,-57.36363520197922,-21.29878718158007,0.29951689243072016,1.0700817061251897,-3.066383663444464,0.0,0.0,0.0,0.0,0.0,0.0,0.00005416456112872398,0.00005416579274334209,3.2073625378870596,79.19236247981395,28.677038811307593,0.36369593563778513,0.0001667064826020064,0.0005145762457202653,0.0005566513539079391,0.0011143419999999587,0.0011143419999999587,0.0011143419999999587,0.0010014819999999616,0.0010014819999999616,0.0010014819999999616
2025-06-11T20:36:21Z,39.52867274752606,-75.13688767680132,-27.491340825059368,-800.9838454524308,-70.68529987100962,-22.681863665366457,0.649928275248013,1.1322913831112236,-2.617078124703617,0.0,0.0,0.0,0.0,0.0,0.0,0.00005516764671679785,0.00005516888797244338,3.3145883423571783,79.96199290546745,29.61285977236513,0.38717088825117174,0.00017468057346125225,0.0004897851606843025,0.0005593134696034626,0.0011153449999999584,0.0011153449999999584,0.0011153449999999584,0.0010014949999999612,0.0010014949999999612,0.0010014949999999612
2025-06-11T20:36:22Z,39.52162383402775,-75.13758548539984,-29.97532389340335,-794.9963989512033,-76.2855451495813,-25.122581021500462,1.0670587154655216,1.3214553322534104,-2.2469224469119946,0.0,0.0,0.0,0.0,0.0,0.0,0.000056170733419901545,0.00005617198585597321,3.4132833570926837,80.41334860924923,30.57544878010935,0.4015035524621384,0.00018327006140672652,0.00046138966465016285,0.0005619901930167581,0.001116347999999958,0.001116347999999958,0.001116347999999958,0.0010015079999999609,0.0010015079999999609,0.0010015079999999609
2025-06-11T20:36:23Z,39.51975340523129,-75.14150576348177,-33.81183902695505,-775.8568079568767,-90.86055281108995,-28.26075009296858,0.12831161796463603,1.4066470050448237,3.139025297079772,0.0,0.0,0.0,0.0,0.0,0.0,0.000057173822104326044,0.000057175087206713605,3.4870444286060605,80.81222631319892,31.489652310317297,0.39734215434912756,0.00019179754582056714,0.00042996672568570743,0.0005648581978814754,0.0011173509999999577,0.0011173509999999577,0.0011173509999999577,0.0010015209999999605,0.0010015209999999605,0.0010015209999999605
2025-06-11T20:36:24Z,39.514198689015046,-75.14316605042646,-38.48402323453723,-766.118572883541,-99.20619985568709,-31.114561674907108,2.115877110407819,1.0157540392464999,-1.210826780714795,0.0,0.0,0.0,0.0,0.0,0.0,0.000058176906515455766,0.00005817819018249287,3.512864339489006,80.79119386198533,32.330870233670666,0.3850579134361497,0.0002010304854007665,0.0004000537444054047,0.0005674699014491286,0.0011183539999999573,0.0011183539999999573,0.0011183539999999573,0.0010015339999999602,0.0010015339999999602,0.0010015339999999602
2025-06-11T20:36:25Z,39.50936434148697,-75.14480733755836,-43.8158922739822,-755.3661406393281,-106.65099757598203,-35.862784732918854,2.6364745257318454,1.484135533896921,-0.8196531902226304,0.0,0.0,0.0,0.0,0.0,0.0,0.00005917999958376768,0.000059181298068097244,3.497171359180783,80.92363214879455,33.299746781852335,0.3740702802968244,0.000209356588095706,0.0003706179315374589,0.0005705224097341721,0.001119356999999957,0.001119356999999957,0.001119356999999957,0.0010015469999999599,0.0010015469999999599,0.0010015469999999599
2025-06-11T20:36:26Z,39.50849805610115,-75.14916070357448,-51.51161873488986,-735.8674897670669,-122.2208885070629,-39.116226125730975,-0.8432950271386066,0.9964156523744749,1.9920724935966518,0.0,0.0,0.0,0.0,0.0,0.0,0.00006018308630366109,0.00006018440744225752,3.4673407607448707,81.49040176887198,34.20491873643274,0.3531543013651835,0.00021882082712415099,0.0003481954673902487,0.0005729322826123092,0.0011203599999999566,0.0011203599999999566,0.0011203599999999566,0.0010015599999999595,0.0010015599999999595,0.0010015599999999595
2025-06-11T20:36:27Z,39.98024725589887,-75.15460716850257,-38.99004856736058,-397.388142123774,-284.53705921924035,-34.68284680766129,1.8829372924117924,1.3073109395320088,-1.294759818479808,0.0,0.0,0.0,0.0,0.0,0.0,1.0042839218453718e-6,1.0042837971132556e-6,2.7623575013583954,29.882711420339618,14.457927366515944,0.27401797059305455,0.00020972239430074008,0.0002903007450242156,0.00040802172233409803,0.0011213639999999561,0.0011213639999999561,0.0011213639999999561,0.001001573999999959,0.001001573999999959,0.001001573999999959
2025-06-11T20:36:28Z,39.97671884921238,-75.15792783204067,-51.447441972095675,-397.99108292646036,-289.93993261251717,-38.752988126510445,0.5178056582489634,1.5303478898195984,-2.745172480837325,0.0,0.0,0.0,0.0,0.0,0.0,2.0072861200264366e-6,2.0072856038194097e-6,2.9123027447721648,30.728600225243202,14.781021370402815,0.2800745111563101,0.00021667253591749154,0.00028096308959166315,0.000412412594442866,0.0011223669999999557,0.0011223669999999557,0.0011223669999999557,0.0010015869999999588,0.0010015869999999588,0.0010015869999999588
2025-06-11T20:36:29Z,39.973333027796926,-75.16143702875247,-62.374176061699664,-394.6359628741948,-299.76911198192954,-42.375690037154875,2.952062556013872,1.487121668780142,-0.2614209299212411,0.0,0.0,0.0,0.0,0.0,0.0,3.0102898509781787e-6,3.0102886617238486e-6,2.995174392698638,31.545435444386687,15.12828204358634,0.2848910238418134,0.00022434818210165217,0.0002775854389894179,0.00041755614634689193,0.0011233699999999554,0.0011233699999999554,0.0011233699999999554,0.0010015999999999584,0.0010015999999999584,0.0010015999999999584
2025-06-11T20:36:30Z,39.969661304045026,-75.16479414211567,-72.14168991874035,-403.101870667535,-302.3617076755458,-44.83159572902879,-0.3239831248943157,1.4515852210796325,2.682363070774013,0.0,0.0,0.0,0.0,0.0,0.0,4.013295178642749e-6,4.0132930149677636e-6,3.0415454618539646,32.39454856174995,15.553219973494729,0.2877180855262566,0.00023091273376215098,0.00027787165269016836,0.0004227948980406238,0.001124372999999955,0.001124372999999955,0.001124372999999955,0.001001612999999958,0.001001612999999958,0.001001612999999958
2025-06-11T20:36:31Z,39.965869481739304,-75.16825446303145,-79.26179654658766,-409.6192637759425,-307.28671869392593,-46.41867384386268,2.734331379649445,1.5316453578979188,-0.5418030410326143,0.0,0.0,0.0,0.0,0.0,0.0,5.016302164837206e-6,5.016298720810094e-6,3.0701912566393235,33.30182494410707,15.963153437787657,0.28729277139669324,0.0002358595486708921,0.000281111452313504,0.0004280201944037542,0.0011253759999999547,0.0011253759999999547,0.0011253759999999547,0.0010016259999999578,0.0010016259999999578,0.0010016259999999578
2025-06-11T20:36:32Z,39.96157027999038,-75.17157533186308,-85.08516768232845,-422.5192806193532,-309.2451835279509,-47.93414986493673,-1.0328284775258,1.4806767229859754,1.9491259469342914,0.0,0.0,0.0,0.0,0.0,0.0,6.019310852866949e-6,6.019305825792002e-6,3.080994617516646,34.24238319700133,16.42985239151646,0.28797215542376425,0.00023941842852627109,0.0002861168204242823,0.0004331902988169221,0.0011263789999999543,0.0011263789999999543,0.0011263789999999543,0.0010016389999999574,0.0010016389999999574,0.0010016389999999574
2025-06-11T20:36:33Z,39.95700679487787,-75.17508755343046,-88.1511607109321,-431.6895465802066,-315.00681735123646,-47.500396362321126,-0.09257472026221092,1.4449968219346077,2.937055927150062,0.0,0.0,0.0,0.0,0.0,0.0,7.022321248921372e-6,7.022314390671816e-6,3.0862736611460164,35.31604309422034,16.840553741035183,0.28962987864041073,0.000241975997920642,0.0002924806622817719,0.0004383430481070876,0.001127381999999954,0.001127381999999954,0.001127381999999954,0.001001651999999957,0.001001651999999957,0.001001651999999957
2025-06-11T20:36:34Z,39.95187077909079,-75.17856849875281,-89.78848966543208,-442.4916576743168,-320.1481834013739,-47.64692595970998,2.799336053282697,1.5359635790947714,-0.4279752989988231,0.0,0.0,0.0,0.0,0.0,0.0,8.025333377110677e-6,8.025324457662194e-6,3.0900262827819125,36.48802717372782,17.16980620330273,0.29411985093304316,0.0002435694369047946,0.0002992454921811466,0.0004433502218699233,0.0011283849999999536,0.0011283849999999536,0.0011283849999999536,0.0010016649999999567,0.0010016649999999567,0.0010016649999999567
2025-06-11T20:36:35Z,39.94581235071769,-75.18180323340908,-91.40549381576648,-460.4691584084111,-321.83567822968894,-47.45488120251113,0.7646626269637715,1.4863301698964202,-2.436152866703493,0.0,0.0,0.0,0.0,0.0,0.0,9.028347184347136e-6,9.028336042038879e-6,3.0969613842431154,37.641950735748665,17.608846072444518,0.2990119634630429,0.0002444875111658159,0.00030694428140828016,0.0004483532632204312,0.0011293879999999532,0.0011293879999999532,0.0011293879999999532,0.0010016779999999564,0.0010016779999999564,0.0010016779999999564
2025-06-11T20:36:36Z,39.93928117412628,-75.18517151023383,-91.54874619159143,-476.29236124611265,-325.3923058509289,-46.95749094548617,2.3969801915915414,1.3011102610056937,-0.7831855422249935,0.0,0.0,0.0,0.0,0.0,0.0,0.000010031362651663632,0.000010031349234760127,3.112297974371501,38.8711745778407,18.042851241519713,0.30344423488004824,0.00024294761852412106,0.00031447180558928384,0.00045310717434524837,0.0011303909999999529,0.0011303909999999529,0.0011303909999999529,0.001001690999999956,0.001001690999999956,0.001001690999999956
2025-06-11T20:36:37Z,39.93198130876711,-75.18837176895083,-90.64858749228219,-494.51144542780696,-327.0583751950197,-45.800564815187656,2.2650078852107622,1.12089247819892,-0.9791918696779413,0.0,0.0,0.0,0.0,0.0,0.0,0.00001103437975942931,0.000011034364088324412,3.130159613086545,40.18925664402912,18.455866420328697,0.306995146008506,0.00023901873662952465,0.0003206111771062543,0.00045769774732849273,0.0011313939999999525,0.0011313939999999525,0.0011313939999999525,0.0010017039999999557,0.0010017039999999557,0.0010017039999999557
2025-06-11T20:36:38Z,39.92402797789615,-75.19152891407968,-88.30263730114882,-514.086018694825,-328.6579613834779,-43.83716286269069,2.3740932304916655,0.7209321766152929,-0.9554366452050115,0.0,0.0,0.0,0.0,0.0,0.0,0.000012037398479311624,0.000012037380634913364,3.147195155592709,41.615187897250244,18.943877373038152,0.31082541339730546,0.00023415331471679418,0.0003265317507806079,0.00046229232954883917,0.0011323969999999521,0.0011323969999999521,0.0011323969999999521,0.0010017169999999554,0.0010017169999999554,0.0010017169999999554
2025-06-11T20:36:39Z,39.91535106310303,-75.19459299894191,-84.83736483843677,-536.1401304726758,-330.0119649243466,-42.505174987717645,2.60961274331534,0.5162102187139916,-0.7003644975984564,0.0,0.0,0.0,0.0,0.0,0.0,0.000013040418773476471,0.00001304039892359429,3.165687273505893,43.02455579688726,19.6066724467999,0.30996299001097694,0.00022986382677857398,0.0003343435037816277,0.00046692759998856985,0.0011333999999999518,0.0011333999999999518,0.0011333999999999518,0.001001729999999955,0.001001729999999955,0.001001729999999955
2025-06-11T20:36:40Z,39.906056374474566,-75.1975416414055,-80.60321264240118,-558.1754391651436,-329.58738061886686,-40.53238755430026,2.5288572289459723,0.39671027289094035,-0.7874640070896134,0.0,0.0,0.0,0.0,0.0,0.0,0.000014043440748341152,0.000014043419081246862,3.1735904914246755,44.35371044558296,20.13741045209022,0.30266958631185015,0.00022563104979901537,0.00034296696483851653,0.000471523464954036,0.0011344029999999514,0.0011344029999999514,0.0011344029999999514,0.0010017429999999547,0.0010017429999999547,0.0010017429999999547
2025-06-11T20:36:41Z,39.89635227638908,-75.20037960166943,-77.09257328503737,-580.1718310113234,-329.21405774896186,-39.066402208359584,2.5674819568796177,0.47232896720658457,-0.6009624414203966,0.0,0.0,0.0,0.0,0.0,0.0,0.000015046464589344785,0.000015046441094605656,3.1622055908792785,45.68204421199894,20.753816638975263,0.29474926403605395,0.0002226722524417681,0.00035233803321228996,0.0004760482304138124,0.001135405999999951,0.001135405999999951,0.001135405999999951,0.0010017559999999544,0.0010017559999999544,0.0010017559999999544
2025-06-11T20:36:42Z,39.88628823358182,-75.20312659372888,-73.82181809434559,-601.3803070696505,-328.58712748574953,-37.845432569580524,2.438438453768965,0.5117548518423096,-0.7327267154627021,0.0,0.0,0.0,0.0,0.0,0.0,0.000016049490542476944,0.000016049465079752154,3.138141745290625,47.233131390106834,21.249465757038646,0.2926915074198905,0.00022083534574934494,0.0003615515236879444,0.00048048687325963157,0.0011364089999999507,0.0011364089999999507,0.0011364089999999507,0.001001768999999954,0.001001768999999954,0.001001768999999954
2025-06-11T20:36:43Z,39.87592347883664,-75.2057974936878,-70.5671137872265,-622.2944895458778,-326.9136226915105,-36.09217176455123,2.3226772529487,0.5095812695309753,-0.8390210459650391,0.0,0.0,0.0,0.0,0.0,0.0,0.00001705251882351498,0.0000170524910207784,3.1230447272109503,48.689710923009024,21.820379239251626,0.28594879028927195,0.00022067301558783954,0.00037048181903633174,0.0004848289237819085,0.0011374119999999503,0.0011374119999999503,0.0011374119999999503,0.0010017819999999537,0.0010017819999999537,0.0010017819999999537
2025-06-11T20:36:44Z,39.86527910955703,-75.20838224994225,-66.91292241673379,-642.8036085282235,-325.24364244859936,-34.40699330209383,2.289666098520734,0.5319023872735932,-0.814475668419192,0.0,0.0,0.0,0.0,0.0,0.0,0.000018055549474862216,0.000018055518998650963,3.100784162849257,50.19643110591796,22.463624998104514,0.28153646119006503,0.0002213078063485616,0.000379196109858314,0.0004890693923773746,0.00113841499999995,0.00113841499999995,0.00113841499999995,0.0010017949999999534,0.0010017949999999534,0.0010017949999999534
2025-06-11T20:36:45Z,39.85439756978232,-75.21086386046733,-63.31491291795194,-662.6775300182238,-322.8490739373749,-32.62684586331516,2.1751092778821595,0.6064213760977823,-0.930692587764788,0.0,0.0,0.0,0.0,0.0,0.0,0.000019058582637884878,0.000019058549102272392,3.0792523803130916,51.73371888508749,23.073171838660823,0.2762303474363386,0.00022274960332347829,0.00038757677513081575,0.0004932089792437181,0.0011394179999999496,0.0011394179999999496,0.0011394179999999496,0.001001807999999953,0.001001807999999953,0.001001807999999953
2025-06-11T20:36:46Z,39.84331525120655,-75.21326386340692,-59.68873499460947,-681.5782349379836,-320.47456223213726,-30.942665795675282,2.077969581277218,0.6429185773685625,-1.0358022571139058,0.0,0.0,0.0,0.0,0.0,0.0,0.000020061618434799912,0.000020061581366156625,3.0568937481717047,53.3649155809863,23.664309778492182,0.27187333702530375,0.0002250898629406586,0.0003953783362073713,0.0004972529873826929,0.0011404209999999492,0.0011404209999999492,0.0011404209999999492,0.0010018209999999527,0.0010018209999999527,0.0010018209999999527
2025-06-11T20:36:47Z,39.83217024541194,-75.21560746670083,-56.323101140881036,-699.3107604318337,-317.86052431150233,-29.48927701289125,2.032481790083705,0.6877306151023941,-1.0537227673676717,0.0,0.0,0.0,0.0,0.0,0.0,0.000021064657163927737,0.000021064615865256162,3.0367389568561554,54.968245349559595,24.29776802416322,0.2662750952630762,0.0002280938302595811,0.00040258138653042616,0.0005012136150979381,0.0011414239999999489,0.0011414239999999489,0.0011414239999999489,0.0010018339999999524,0.0010018339999999524,0.0010018339999999524
2025-06-11T20:36:48Z,39.82079673572142,-75.21786247546349,-52.861667129016425,-716.5802827051158,-315.30391422377045,-28.20556623811301,1.9839096104681513,0.7680308840437298,-1.1208284479841932,0.0,0.0,0.0,0.0,0.0,0.0,0.000022067698636192278,0.00002206765263702589,3.014266946241334,56.67354115161774,24.926704574391543,0.2624937914191841,0.0002315201024971443,0.0004094320708928163,0.0005050826507059394,0.0011424269999999485,0.0011424269999999485,0.0011424269999999485,0.001001846999999952,0.001001846999999952,0.001001846999999952
2025-06-11T20:36:49Z,39.8092409511624,-75.22000957386464,-50.354998177203825,-733.6476106048859,-312.4673524882811,-27.50201861273716,1.9610912916687815,0.7697891992877588,-1.14668830412783,0.0,0.0,0.0,0.0,0.0,0.0,0.000023070742985078993,0.00002307069174007371,2.994656543313838,58.39513795582585,25.564016491487756,0.25980419078989375,0.000235313608749028,0.00041592275871513574,0.0005088655444045988,0.0011434299999999481,0.0011434299999999481,0.0011434299999999481,0.0010018599999999517,0.0010018599999999517,0.0010018599999999517
2025-06-11T20:36:50Z,39.797495211669734,-75.22205532147296,-48.33607571823664,-750.6211532167291,-309.4539025305116,-27.084538981664757,1.9091859663012085,0.8384294566567482,-1.211032378803933,0.0,0.0,0.0,0.0,0.0,0.0,0.000024073790380405196,0.000024073733244352854,2.978990857809252,60.13739901435626,26.25181398385177,0.2586035918000063,0.0002392301563538721,0.0004222565734587922,0.0005125629549059437,0.0011444329999999478,0.0011444329999999478,0.0011444329999999478,0.0010018729999999513,0.0010018729999999513,0.0010018729999999513
2025-06-11T20:36:51Z,39.78548824407488,-75.2239900226164,-46.80809382941041,-767.5687295986717,-306.20357705951443,-26.801136777316426,1.8273963345982036,0.8609189604479687,-1.315076711266171,0.0,0.0,0.0,0.0,0.0,0.0,0.000025076840758748997,0.000025076777227984177,2.9683759650108725,61.92956500912363,26.953964194645238,0.25871332752976156,0.00024309443316240881,0.00042858512603005254,0.0005161801338116895,0.0011454359999999474,0.0011454359999999474,0.0011454359999999474,0.001001885999999951,0.001001885999999951,0.001001885999999951
2025-06-11T20:36:52Z,39.77328224389281,-75.22583340387207,-45.87976128312559,-784.3845501501369,-303.10396301669147,-26.94782215676603,1.8213715218017164,0.9573829743091847,-1.3445365507444373,0.0,0.0,0.0,0.0,0.0,0.0,0.00002607989433477201,0.000026079823769156484,2.9634354352497128,63.77332900023447,27.69861483596465,0.2599538292903232,0.00024689426291389015,0.0004348516331600536,0.0005197193377336554,0.001146438999999947,0.001146438999999947,0.001146438999999947,0.0010018989999999507,0.0010018989999999507,0.0010018989999999507
2025-06-11T20:36:53Z,39.76081075834429,-75.22756769322575,-45.50669975953309,-800.9601687438538,-299.92369129566504,-27.513753677839297,1.7441637713455915,1.0255739456089126,-1.4395068492346064,0.0,0.0,0.0,0.0,0.0,0.0,0.000027082951214463373,0.00002708287295925017,2.963890651696774,65.65554428819024,28.43214956716641,0.2620093941529155,0.00025057877367329893,0.0004410510592787024,0.0005231861885681968,0.0011474419999999467,0.0011474419999999467,0.0011474419999999467,0.0010019119999999503,0.0010019119999999503,0.0010019119999999503
2025-06-11T20:36:54Z,39.74804766932069,-75.22917793606149,-45.88964607303018,-817.9032566925545,-296.2142412856613,-27.95878214338207,1.6823070896097103,0.9942702595015361,-1.5273877642941072,0.0,0.0,0.0,0.0,0.0,0.0,0.000028086011360475605,0.0000280859248202292,2.9688455633027813,67.51634147464492,29.198533191699273,0.2635669394579547,0.00025426627733345726,0.0004471427874936692,0.0005265732342803196,0.0011484449999999463,0.0011484449999999463,0.0011484449999999463,0.00100192499999995,0.00100192499999995,0.00100192499999995
2025-06-11T20:36:55Z,39.735048905768394,-75.23067526042607,-46.53964906491988,-835.238748601803,-292.46575354475897,-28.436701383009904,1.6478592758611343,1.1014814141868128,-1.5891656878692444,0.0,0.0,0.0,0.0,0.0,0.0,0.000029089075082165984,0.000029088979454300424,2.975334932165424,69.41775044949635,30.06285413803129,0.2659156826186236,0.00025784061239025814,0.00045319180565139546,0.0005298817901997969,0.001149447999999946,0.001149447999999946,0.001149447999999946,0.0010019379999999497,0.0010019379999999497,0.0010019379999999497
2025-06-11T20:36:56Z,39.721746146851835,-75.23203198269591,-46.98777493594543,-852.6171548742225,-288.6350358349646,-29.189457400562397,1.6929474228709598,1.0908689087926329,-1.5772291981713147,0.0,0.0,0.0,0.0,0.0,0.0,0.000030092142669931403,0.00003009203701449876,2.98407260493161,71.39455871450542,30.916237372380145,0.2703792089247375,0.0002613417398643958,0.00045909925753892045,0.0005331199838321743,0.0011504509999999456,0.0011504509999999456,0.0011504509999999456,0.0010019509999999493,0.0010019509999999493,0.0010019509999999493
2025-06-11T20:36:57Z,39.708493106701056,-75.23337899597074,-48.282293579458035,-869.0494325571827,-285.12948693854395,-30.353590774414815,1.6182067940347433,1.2147016224287035,-1.668480541825893,0.0,0.0,0.0,0.0,0.0,0.0,0.000031095214793179885,0.00003109509765153975,2.998770927571915,73.33503282205851,31.81675551569923,0.2731431654094913,0.0002649232225392639,0.0004643604411683947,0.0005363130606593605,0.0011514539999999452,0.0011514539999999452,0.0011514539999999452,0.001001963999999949,0.001001963999999949,0.001001963999999949
2025-06-11T20:36:58Z,39.69506982644218,-75.23464559439051,-50.335346282482746,-885.6740494488429,-281.8934040087357,-32.121893702077934,1.4865254313230085,1.3130428673278165,-1.8253168738413057,0.0,0.0,0.0,0.0,0.0,0.0,0.00003209829118232784,0.00003209816140160721,3.0124016591632587,75.30521059014168,32.77832245999631,0.27981105413437457,0.000268711757909917,0.00046911188002500613,0.0005394509990638717,0.0011524569999999449,0.0011524569999999449,0.0011524569999999449,0.0010019769999999486,0.0010019769999999486,0.0010019769999999486
2025-06-11T20:36:59Z,39.681660406640184,-75.23591424348017,-53.224313134914894,-901.6132300039646,-278.8733839845706,-33.88633869366687,1.4521515604406237,1.3205460740061843,-1.8840404617524082,0.0,0.0,0.0,0.0,0.0,0.0,0.00003310137239888603,0.00003310122846803372,3.033733916162332,77.21755732615638,33.77733753009357,0.2865348331055685,0.00027275151578187696,0.00047299842703055347,0.0005425583454015191,0.0011534599999999445,0.0011534599999999445,0.0011534599999999445,0.0010019899999999483,0.0010019899999999483,0.0010019899999999483
2025-06-11T20:37:00Z,39.66811041999211,-75.23711657274589,-56.22330854662355,-917.3648311564355,-275.8876674914886,-35.75024975774129,1.5700205133199048,1.398944142016302,-1.7933730808297457,0.0,0.0,0.0,0.0,0.0,0.0,0.00003410445836629695,0.000034104298903018836,3.058849334586099,79.1157944056828,34.80632280828315,0.2924144564800051,0.00027726711643701117,0.0004759502735654363,0.0005456220808298739,0.0011544629999999442,0.0011544629999999442,0.0011544629999999442,0.001002002999999948,0.001002002999999948,0.001002002999999948
2025-06-11T20:37:01Z,39.654547033905935,-75.23827911854745,-59.79360232759028,-933.0080241656398,-272.967260227219,-38.19121759587413,1.7505237744121551,1.5204698360268438,-1.6436958992522273,0.0,0.0,0.0,0.0,0.0,0.0,0.00003510754952162534,0.00003510737285992158,3.084258718735538,80.90633617198378,35.902022319404814,0.29994302756672675,0.0002823033709298284,0.000477572831029825,0.0005486629794226949,0.0011554659999999438,0.0011554659999999438,0.0011554659999999438,0.0010020159999999476,0.0010020159999999476,0.0010020159999999476
2025-06-11T20:37:02Z,39.64144221200661,-75.23955134354048,-63.9980822900084,-947.1270149792912,-270.39857563607075,-41.04235237093537,-1.2388586269868396,1.4738937886343806,1.6061054204417489,0.0,0.0,0.0,0.0,0.0,0.0,0.0000361106476532444,0.00003611045093581142,3.1130461652142163,82.52686448378616,37.0890208454228,0.3091392648644903,0.0002869614823834104,0.00047616279019831046,0.0005518818060490215,0.0011564689999999434,0.0011564689999999434,0.0011564689999999434,0.0010020289999999473,0.0010020289999999473,0.0010020289999999473
2025-06-11T20:37:03Z,39.630020769372635,-75.24217594590925,-68.01280520578962,-953.3638506494676,-273.86785319409665,-42.647153119463034,0.7470302276959327,1.543902367402835,-2.6644434847873764,0.0,0.0,0.0,0.0,0.0,0.0,0.000037113748805738846,0.00003711353237545893,3.1446030778788825,84.14017075151772,38.28349743210913,0.31702671535060806,0.00029334370127259143,0.0004746953559870192,0.0005548887265647102,0.001157471999999943,0.001157471999999943,0.001157471999999943,0.001002041999999947,0.001002041999999947,0.001002041999999947
2025-06-11T20:37:04Z,39.61778057441208,-75.24413497726466,-72.0151071573429,-963.7521877213849,-274.23380253318174,-44.92331924228131,-2.490813348157915,1.4529465619547555,0.33270671269011154,0.0,0.0,0.0,0.0,0.0,0.0,0.000038116856391664295,0.000038116618049952544,3.176994654414393,85.64366707469108,39.5698806123496,0.32855315388682105,0.0003000252314589023,0.00046981060060307577,0.0005580342721831974,0.0011584749999999427,0.0011584749999999427,0.0011584749999999427,0.0010020549999999466,0.0010020549999999466,0.0010020549999999466
2025-06-11T20:37:05Z,39.60805530357692,-75.24794470181466,-75.24550037177019,-963.4963580486117,-282.4271030251546,-45.48452268646748,-0.868106808233104,1.5466344827571137,1.9780617353683985,0.0,0.0,0.0,0.0,0.0,0.0,0.00003911996925744414,0.00003911970798102264,3.2162038347842556,87.30382177189317,40.88902263694379,0.3340212706593763,0.00030716578844465774,0.00046193593174741903,0.0005612491549792966,0.0011594779999999423,0.0011594779999999423,0.0011594779999999423,0.0010020679999999463,0.0010020679999999463,0.0010020679999999463
2025-06-11T20:37:06Z,39.59771447183857,-75.25134474837436,-76.72395349807576,-966.3498648766163,-288.2766452397943,-44.99991608104548,2.023201903197585,1.4275536487946028,-1.4294984813664462,0.0,0.0,0.0,0.0,0.0,0.0,0.00004012308499767071,0.000040122801519948645,3.2474814718112146,88.87161113969562,42.264560429549,0.33874350587900426,0.0003156452017923354,0.0004521100345083233,0.0005642162718960047,0.001160480999999942,0.001160480999999942,0.001160480999999942,0.001002080999999946,0.001002080999999946,0.001002080999999946
2025-06-11T20:37:07Z,39.58656138006784,-75.25386588165559,-76.69571688637009,-974.3330252947053,-289.2564836826467,-44.94191403142039,-0.9539349202300862,1.5078757612587912,1.7943936007721184,0.0,0.0,0.0,0.0,0.0,0.0,0.00004112620882554602,0.000041125900231476065,3.2731544392698835,90.25777160692536,43.77557085040829,0.34665939923740974,0.00032287915467152167,0.00043806232570661144,0.0005676136217583919,0.0011614839999999416,0.0011614839999999416,0.0011614839999999416,0.0010020939999999456,0.0010020939999999456,0.0010020939999999456
2025-06-11T20:37:08Z,39.57726107139712,-75.25799752635665,-76.22500740041826,-974.8503659358679,-296.503731077139,-44.3519535919301,2.5152616593193775,1.436578835516091,-1.052553254019733,0.0,0.0,0.0,0.0,0.0,0.0,0.00004212933470787548,0.00004212900272167298,3.3008149458698406,91.54931116849535,45.374885474545245,0.3564263487145133,0.00033136071438927755,0.0004240383482013091,0.0005706658670177516,0.0011624869999999413,0.0011624869999999413,0.0011624869999999413,0.0010021069999999453,0.0010021069999999453,0.0010021069999999453
2025-06-11T20:37:09Z,39.56656532308359,-75.26083313141969,-74.59695092298311,-983.0666565505854,-296.4086292294012,-43.490297352279576,-0.3221725205557203,1.4751396351600807,2.290016499676657,0.0,0.0,0.0,0.0,0.0,0.0,0.00004313246763662415,0.00004313211050162019,3.333018514207549,92.4661976840576,47.20515609143323,0.3796392911880452,0.0003386760140086812,0.00040684413760868016,0.0005740562703027446,0.001163489999999941,0.001163489999999941,0.001163489999999941,0.001002119999999945,0.001002119999999945,0.001002119999999945
2025-06-11T20:37:10Z,39.56252180668671,-75.26894220614041,-72.89452046111649,-965.0690608391857,-318.2491804977645,-43.02708445711307,2.713489457112684,1.4806324557223483,-0.8988431886364773,0.0,0.0,0.0,0.0,0.0,0.0,0.000044135602119361955,0.000044135222589318806,3.3911834703672703,93.41241988227604,48.96347462574178,0.3939907221196429,0.00034687595504735914,0.0003889946060218452,0.0005770553441012485,0.0011644929999999405,0.0011644929999999405,0.0011644929999999405,0.0010021329999999446,0.0010021329999999446,0.0010021329999999446
2025-06-11T20:37:11Z,39.553085253975915,-75.27269981540806,-69.93373008126437,-970.4475122664752,-319.0786393659208,-41.54824646938237,-0.5188659599998222,1.3048865862197745,2.0259930444534553,0.0,0.0,0.0,0.0,0.0,0.0,0.00004513874327739487,0.000045138340132328824,3.4475063894839706,93.98559114725299,50.98373855991626,0.42161642996648807,0.0003531704838587731,0.0003664556011700105,0.0005804077231914234,0.0011654959999999402,0.0011654959999999402,0.0011654959999999402,0.0010021459999999443,0.0010021459999999443,0.0010021459999999443
2025-06-11T20:37:12Z,39.54936720637013,-75.28135228261452,-67.73494898916078,-953.0248530055374,-340.4800973679211,-41.064796589220066,0.0390225818753221,1.5378892995021782,2.612582032968197,0.0,0.0,0.0,0.0,0.0,0.0,0.000046141888026982655,0.000046141463001895725,3.5245365789704928,94.67087962928038,52.93801540989728,0.4314515378433409,0.0003583180743539254,0.00034159553181727445,0.0005837477544906064,0.0011664989999999398,0.0011664989999999398,0.0011664989999999398,0.001002158999999944,0.001002158999999944,0.001002158999999944
2025-06-11T20:37:13Z,39.541529221040115,-75.28725166384221,-66.1549398306995,-950.4126132648438,-348.6352040820082,-41.533497849752486,-1.6614473871636588,1.4411438491298225,0.8581714070774777,0.0,0.0,0.0,0.0,0.0,0.0,0.00004714501077299405,0.00004714458452202585,3.5702363899765497,94.44517864701415,54.65821114114217,0.43717053051675264,0.0003646597811407809,0.00031365303845607524,0.0005846247500215298,0.0011675019999999395,0.0011675019999999395,0.0011675019999999395,0.0010021719999999436,0.0010021719999999436,0.0010021719999999436
2025-06-11T20:37:14Z,39.54019613045522,-75.29819532118091,-64.85745804133543,-925.7411945665792,-377.3815716866648,-40.66382314718839,2.1264383264748368,1.2022752382457955,-1.600656673479171,0.0,0.0,0.0,0.0,0.0,0.0,0.00004814816112211575,0.000048147717482979684,3.613224474177062,95.15003489578872,56.586216366414966,0.4177657751573822,0.00036711194257109,0.00028627407186742005,0.0005876766942567324,0.001168504999999939,0.001168504999999939,0.001168504999999939,0.0010021849999999432,0.0010021849999999432,0.0010021849999999432
2025-06-11T20:37:15Z,39.536866484707694,-75.30741758321028,-62.84214444358469,-910.5781592545806,-397.17199390536115,-40.63248055798772,2.2077973675107554,1.4237769140604861,-1.5479904968202578,0.0,0.0,0.0,0.0,0.0,0.0,0.000049151314014043444,0.000049150855704177765,3.598235182868145,95.80531754197615,58.50737172127782,0.3912408100744877,0.00036872481578872484,0.00025979483361533294,0.000590483938470207,0.0011695079999999387,0.0011695079999999387,0.0011695079999999387,0.001002197999999943,0.001002197999999943,0.001002197999999943
2025-06-11T20:37:16Z,39.53365817488094,-75.3168852061038,-62.554071195647616,-896.3055928532672,-416.45506682938793,-41.82929370387599,-0.7675694912458837,1.5522348157247914,1.733425405738159,0.0,0.0,0.0,0.0,0.0,0.0,0.00005015447051538642,0.00005015400012425579,3.5403819237043037,96.28936896360112,60.44338475105125,0.368044577904003,0.00037056066039758636,0.0002365695392764761,0.000593165406027609,0.0011705109999999384,0.0011705109999999384,0.0011705109999999384,0.0010022109999999426,0.0010022109999999426,0.0010022109999999426
2025-06-11T20:37:17Z,39.53241439611931,-75.32850965894251,-64.62093983333553,-875.0867218098218,-443.9655928276831,-43.23357318780589,2.409657105675255,1.443718605283686,-1.3317198305946099,0.0,0.0,0.0,0.0,0.0,0.0,0.00005115763364319661,0.0000511571522364275,3.4677105656885305,97.05750915428293,62.40844385009603,0.3421114378313558,0.0003729949699916608,0.00021729137800997807,0.0005960084955503314,0.001171513999999938,0.001171513999999938,0.001171513999999938,0.0010022239999999422,0.0010022239999999422,0.0010022239999999422
2025-06-11T20:37:18Z,39.52869620814937,-75.33815479155882,-67.49556290556403,-864.095534763944,-461.8021823999229,-44.91309381668859,-0.8044626540471682,1.5475540389187195,1.7187138503430799,0.0,0.0,0.0,0.0,0.0,0.0,0.00005216080103312574,0.000052160311564627514,3.3813272082720665,97.75692200241761,64.43856825636357,0.32373234752592767,0.00037696790008344763,0.00020216439458914734,0.0005987466375269257,0.0011725169999999376,0.0011725169999999376,0.0011725169999999376,0.001002236999999942,0.001002236999999942,0.001002236999999942
2025-06-11T20:37:19Z,39.52696761434966,-75.35018494037985,-71.47708663582215,-845.3875805100344,-488.9835589700775,-46.28527573519534,2.453757659758486,1.4696578355072802,-1.2491644086383644,0.0,0.0,0.0,0.0,0.0,0.0,0.00005316397563033083,0.000053163479597426516,3.3027425434043867,98.79169785431567,66.48155991470111,0.3066902220698097,0.00038204915517394685,0.00019068328183267336,0.0006016808545397175,0.0011735199999999373,0.0011735199999999373,0.0011735199999999373,0.0010022499999999416,0.0010022499999999416,0.0010022499999999416
2025-06-11T20:37:20Z,39.52223159836901,-75.35986138984873,-75.50787511266543,-837.7059491846237,-505.6076379624916,-47.71247335326113,-0.5541159213421926,1.5350269818182278,2.0275150415262573,0.0,0.0,0.0,0.0,0.0,0.0,0.00005416715525802092,0.00005416665581681552,3.227766071044219,99.82874489315185,68.57081881196962,0.29641939146042184,0.0003884622515690261,0.00018242217540091055,0.0006046010431535424,0.001174522999999937,0.001174522999999937,0.001174522999999937,0.0010022629999999412,0.0010022629999999412,0.0010022629999999412
2025-06-11T20:37:21Z,39.518991052358004,-75.37167696414154,-79.77224355782386,-823.3013371241931,-530.9169894736914,-48.94154899140167,2.6032584974626207,1.4848347434538978,-1.0213618710664507,0.0,0.0,0.0,0.0,0.0,0.0,0.00005517034186500792,0.000055169841407364674,3.1688354230971987,101.20480241118915,70.58476363218702,0.2897289494421359,0.0003955166784761282,0.0001769128514151835,0.0006077188884424519,0.0011755259999999366,0.0011755259999999366,0.0011755259999999366,0.0010022759999999409,0.0010022759999999409,0.0010022759999999409
2025-06-11T20:37:22Z,39.5068135945058,-75.37560510271659,-84.14873923973997,-839.7637140005393,-524.2354197535411,-50.29364841494835,-0.5253440519231173,1.513285539082163,2.0307111988761735,0.0,0.0,0.0,0.0,0.0,0.0,0.00005617353323925079,0.000056173035043853885,3.1220172317950277,102.29133241805945,72.83520699227647,0.28907235696184974,0.00040311844262243187,0.00017386435898037632,0.0006108391268559731,0.0011765289999999362,0.0011765289999999362,0.0011765289999999362,0.0010022889999999405,0.0010022889999999405,0.0010022889999999405
2025-06-11T20:37:23Z,39.50096018339649,-75.3864323607738,-87.65249987802036,-831.555085060707,-546.1737220420187,-50.83127314647042,2.5959806328467776,1.5153233154918437,-1.0196335043249698,0.0,0.0,0.0,0.0,0.0,0.0,0.00005717673028998379,0.0000571762384339558,3.1007617178975644,103.7912743452676,74.9464887549577,0.29127663941333115,0.00041018203083477027,0.00017305531309299432,0.0006141217532233229,0.0011775319999999358,0.0011775319999999358,0.0011775319999999358,0.0010023019999999402,0.0010023019999999402,0.0010023019999999402
2025-06-11T20:37:24Z,39.48572438273293,-75.38879793355153,-90.97356841861206,-854.384426972952,-535.4488253699917,-51.521382411045785,-0.3070856311967669,1.517916323801184,2.292202881491266,0.0,0.0,0.0,0.0,0.0,0.0,0.0000581799308751635,0.000058179449789204586,3.0931642819482557,105.12291451005345,77.20228704819841,0.2945169572487223,0.00041660783566024206,0.00017387205361638303,0.000617349859621828,0.0011785349999999355,0.0011785349999999355,0.0011785349999999355,0.0010023149999999399,0.0010023149999999399,0.0010023149999999399
2025-06-11T20:37:25Z,39.47131467603633,-75.39260372670982,-93.30482903466336,-871.2037051757668,-533.2467307802787,-51.90345611551463,3.01657760983962,1.491170338173564,-0.662478859429898,0.0,0.0,0.0,0.0,0.0,0.0,0.000059183135641073276,0.00005918266984888904,3.098889642409325,107.00613178499866,79.16668809427483,0.3049592895393321,0.00042135924265269937,0.0001761477437906895,0.0006206476063876941,0.001179537999999935,0.001179537999999935,0.001179537999999935,0.0010023279999999395,0.0010023279999999395,0.0010023279999999395
2025-06-11T20:37:26Z,39.452184376342224,-75.39244945740467,-94.89993802232078,-902.0129249740487,-516.890858518995,-51.78820345052838,-2.4504777047921196,1.5430109303563913,0.09168528822985905,0.0,0.0,0.0,0.0,0.0,0.0,0.00006018634292016532,0.00006018589720420532,3.1196162739937736,108.61879655490522,81.41128995638368,0.3128864359676521,0.0004246833725763779,0.00017960869626010056,0.0006238121019468335,0.0011805409999999347,0.0011805409999999347,0.0011805409999999347,0.0010023409999999392,0.0010023409999999392,0.0010023409999999392
2025-06-11T20:37:27Z,39.97893467276043,-75.1615215570711,-42.82806797005982,-619.1786698134263,-612.3069741580236,-38.665830283611555,0.5088071235832289,1.3108051806924248,-3.1109876501967033,0.0,0.0,0.0,0.0,0.0,0.0,1.0040367105347575e-6,1.004036912606784e-6,1.1437095761924605,23.99083220390251,19.536334182717706,0.2158848110500339,0.0003975731966458058,0.0001744355637818275,0.0003540233393597916,0.0011815449999999343,0.0011815449999999343,0.0011815449999999343,0.0010023549999999388,0.0010023549999999388,0.0010023549999999388
2025-06-11T20:37:28Z,39.973255915848036,-75.16865644513746,-70.1192330415258,-629.0299582547561,-615.0594549684785,-43.925414425723716,0.12877646608734686,1.292782356558068,2.773936607319953,0.0,0.0,0.0,0.0,0.0,0.0,2.0070384925938975e-6,2.007039342116241e-6,1.7181915231178153,24.393791557390777,20.2079788835768,0.27646969243018665,0.0003998655164586771,0.0001827674127748434,0.00036150477368702543,0.001182547999999934,0.001182547999999934,0.001182547999999934,0.0010023679999999384,0.0010023679999999384,0.0010023679999999384
2025-06-11T20:37:29Z,39.9674157121354,-75.1757704330881,-87.3081419332506,-640.6580392532703,-617.366757238471,-45.77811488171562,0.36665332815447105,1.416910813565785,3.0793643172686114,0.0,0.0,0.0,0.0,0.0,0.0,3.0100414959199674e-6,3.010043509902238e-6,2.348078554627255,24.8134105844605,20.89807603776655,0.3193230919065212,0.00039563440558241614,0.00019042749472833646,0.00036889573590695375,0.0011835509999999336,0.0011835509999999336,0.0011835509999999336,0.001002380999999938,0.001002380999999938,0.001002380999999938
2025-06-11T20:37:30Z,39.96132003520102,-75.18281231267633,-91.92465430012864,-653.9670941499517,-618.8196278576464,-44.62836588075521,-0.11884395031239676,1.4694621285653027,2.683975711892405,0.0,0.0,0.0,0.0,0.0,0.0,4.013045743103422e-6,4.013049514279175e-6,2.853103438002546,25.301330948420183,21.56914426065346,0.34267068283812735,0.0003857751085817852,0.0001981282867875711,0.0003761010405965229,0.0011845539999999332,0.0011845539999999332,0.0011845539999999332,0.0010023939999999378,0.0010023939999999378,0.0010023939999999378
2025-06-11T20:37:31Z,39.954917612267614,-75.18980997106246,-87.29251955879718,-666.912771854584,-620.5607361042315,-42.50747604607587,-0.8396915779483414,1.535735505731543,2.0862590412372692,0.0,0.0,0.0,0.0,0.0,0.0,5.016051254313267e-6,5.016057448075395e-6,3.16001595440185,25.844197927542414,22.148938470970442,0.3494336390342232,0.0003728091751005397,0.00020592841602009264,0.00038316575908323657,0.0011855569999999328,0.0011855569999999328,0.0011855569999999328,0.0010024069999999374,0.0010024069999999374,0.0010024069999999374
2025-06-11T20:37:32Z,39.94819982056842,-75.19680543654586,-79.58070012368188,-678.8185541822388,-623.5926650305131,-40.41609178888606,-0.30270773473536483,1.505187616552116,2.761256153571186,0.0,0.0,0.0,0.0,0.0,0.0,6.019058037816207e-6,6.019067380481342e-6,3.2994038271785517,26.479657746584458,22.649383587363328,0.35674802956885476,0.0003597194417067413,0.0002145171590531441,0.00038998662906296935,0.0011865599999999325,0.0011865599999999325,0.0011865599999999325,0.001002419999999937,0.001002419999999937,0.001002419999999937
2025-06-11T20:37:33Z,39.94113989993548,-75.20373161706968,-72.62958046709679,-689.9473990821067,-626.4331439915169,-39.25217821394446,1.6935153283610227,1.5045057366040235,-1.412127433075182,0.0,0.0,0.0,0.0,0.0,0.0,7.022066099989263e-6,7.022079380028564e-6,3.355951714486924,27.202845402076093,23.04257080543709,0.37297587552393496,0.00034528238844283994,0.0002230866440726719,0.0003967948728707621,0.0011875629999999321,0.0011875629999999321,0.0011875629999999321,0.0010024329999999367,0.0010024329999999367,0.0010024329999999367
2025-06-11T20:37:34Z,39.93362305236166,-75.21040393940821,-68.21781580319383,-702.3338672274823,-626.7561701206223,-39.091419318902155,2.9439184835097656,1.565576516607654,-0.07800390464417044,0.0,0.0,0.0,0.0,0.0,0.0,8.025075418559763e-6,8.02509347167625e-6,3.3949136516410583,27.99713523318975,23.35682097494066,0.3979847873601466,0.0003302204353722591,0.00023261294936192215,0.00040330068606838265,0.0011885659999999318,0.0011885659999999318,0.0011885659999999318,0.0010024459999999364,0.0010024459999999364,0.0010024459999999364
2025-06-11T20:37:35Z,39.925601555384056,-75.21680745412586,-66.03119489165358,-716.1250812283355,-625.3150146063233,-39.516732707796194,1.8982368547387733,1.533235216193055,-1.060715316778336,0.0,0.0,0.0,0.0,0.0,0.0,9.02808595773577e-6,9.028109682197651e-6,3.4502354121282983,28.85402901567577,23.600702750425263,0.4300384544199485,0.00031240239618113324,0.0002423027969001261,0.00040956773914533034,0.0011895689999999314,0.0011895689999999314,0.0011895689999999314,0.001002458999999936,0.001002458999999936,0.001002458999999936
2025-06-11T20:37:36Z,39.917152822330024,-75.22315929169713,-64.19652194907553,-729.4847805573913,-624.8305361797953,-39.46744808972224,1.5531482499362679,1.533057779032586,-1.3266771938339612,0.0,0.0,0.0,0.0,0.0,0.0,0.000010031097671463037,0.000010031128025753921,3.533114214814871,29.780687851164284,23.77345499765656,0.4632145664919385,0.00029101285371958976,0.0002515043188487771,0.00041557552018337517,0.001190571999999931,0.001190571999999931,0.001190571999999931,0.0010024719999999357,0.0010024719999999357,0.0010024719999999357
2025-06-11T20:37:37Z,39.908257964164754,-75.22938124790237,-62.165648546879424,-742.376163929309,-624.0597341419895,-38.932644557540364,1.7878053558827323,1.4975465547767788,-0.9870739746880505,0.0,0.0,0.0,0.0,0.0,0.0,0.000011034110532702308,0.000011034148499815644,3.634169412101157,30.737623206761253,23.79991300296382,0.491207618048832,0.00026638708929968433,0.000259597783938555,0.00042128048823964376,0.0011915749999999307,0.0011915749999999307,0.0011915749999999307,0.0010024849999999354,0.0010024849999999354,0.0010024849999999354
2025-06-11T20:37:38Z,39.8989251484623,-75.23543072510624,-59.05985853485872,-755.7668473537627,-623.4051859616436,-37.74701047541306,0.8111295031327023,1.5074994624836702,-1.8811851046021917,0.0,0.0,0.0,0.0,0.0,0.0,0.00001203712456077993,0.00001203717106585771,3.7324429334926092,31.817758888553197,23.753652278925646,0.520806107465118,0.00023964640911159455,0.00026598519863555873,0.0004267309539675683,0.0011925779999999303,0.0011925779999999303,0.0011925779999999303,0.001002497999999935,0.001002497999999935,0.001002497999999935
2025-06-11T20:37:39Z,39.88939718069933,-75.24153280424284,-54.9893685481952,-767.2441537919163,-623.6785109648775,-36.06160712058491,0.7978327723541909,1.406282849826487,-1.7817896368995898,0.0,0.0,0.0,0.0,0.0,0.0,0.00001304013984970591,0.000013040195722440703,3.829257038330683,32.914348451102114,23.588659042812687,0.5363733343787654,0.00021225327071472218,0.00027006760232928663,0.00043207343654576416,0.00119358099999993,0.00119358099999993,0.00119358099999993,0.0010025109999999347,0.0010025109999999347,0.0010025109999999347
2025-06-11T20:37:40Z,39.879678555150626,-75.24755505168903,-50.43253841659137,-777.9724569417734,-623.8834395738844,-34.009554716292534,0.5989222968889578,1.3339814818955453,-1.8959015295268726,0.0,0.0,0.0,0.0,0.0,0.0,0.000014043156501836732,0.000014043222398287558,3.899105753519152,34.04552952774485,23.308354747149412,0.5417146203821822,0.00018614556498760583,0.00027213782266369735,0.0004372054085950565,0.0011945839999999296,0.0011945839999999296,0.0011945839999999296,0.0010025239999999344,0.0010025239999999344,0.0010025239999999344
2025-06-11T20:37:41Z,39.869895455682006,-75.25357318582948,-45.76728752945722,-787.7879128251978,-624.4979646866333,-31.971929018084268,0.5727608264570938,1.2790857881113953,-1.841616445346849,0.0,0.0,0.0,0.0,0.0,0.0,0.00001504617465926451,0.00001504625103582747,3.9366646336143845,35.216189653835094,22.97302683031156,0.5356178527531464,0.00016276835708002818,0.0002722240347957942,0.00044220820469250354,0.0011955869999999292,0.0011955869999999292,0.0011955869999999292,0.001002536999999934,0.001002536999999934,0.001002536999999934
2025-06-11T20:37:42Z,39.860035530840385,-75.25955330058413,-41.23944829293965,-796.951268695422,-625.0247129146818,-30.162206640243525,0.44479064175735666,1.204618697833717,-1.9068826801071852,0.0,0.0,0.0,0.0,0.0,0.0,0.000016049194432293065,0.00001604928158502154,3.940477452970448,36.389332856583714,22.576814770710154,0.5195312486048035,0.00014307657504215938,0.00027065245833338646,0.0004470900958408262,0.0011965899999999289,0.0011965899999999289,0.0011965899999999289,0.0010025499999999337,0.0010025499999999337,0.0010025499999999337
2025-06-11T20:37:43Z,39.85020077602735,-75.2655910019448,-36.888309129695585,-805.1167010620321,-626.0098358471874,-28.602069460930874,0.3812156289341563,1.1405433589765828,-1.9107215345431416,0.0,0.0,0.0,0.0,0.0,0.0,0.000017052215937799504,0.000017052313995473786,3.9124481608482795,37.56991114670704,22.16051355533779,0.49495678086570893,0.00012750763108568969,0.00026763439403586356,0.00045189998022062143,0.0011975929999999285,0.0011975929999999285,0.0011975929999999285,0.0010025629999999334,0.0010025629999999334,0.0010025629999999334
2025-06-11T20:37:44Z,39.84034187802183,-75.27163560829437,-33.745855429027095,-812.4831123490424,-627.2827394823397,-27.616814266390747,0.22795992961293376,1.0612699494040938,-2.0337097914904443,0.0,0.0,0.0,0.0,0.0,0.0,0.000018055239206234362,0.00001805534822421252,3.8561315740599436,38.766611463304656,21.699278072154915,0.4710081869573466,0.00011600072302821564,0.00026374055393999966,0.0004566354725638218,0.0011985959999999281,0.0011985959999999281,0.0011985959999999281,0.001002575999999933,0.001002575999999933,0.001002575999999933
2025-06-11T20:37:45Z,39.83050857954657,-75.27776434108566,-31.935502406684034,-818.8409858997459,-629.0303399118687,-27.432813096769905,0.15574434717718963,1.022197703618965,-2.0725554071942325,0.0,0.0,0.0,0.0,0.0,0.0,0.000019058264287779,0.00001905838422198783,3.787960279224348,39.9603073594332,21.230221484791205,0.44576596534866186,0.00010824741651491839,0.0002591285768798053,0.00046134589002417285,0.0011995989999999278,0.0011995989999999278,0.0011995989999999278,0.0010025889999999327,0.0010025889999999327,0.0010025889999999327
2025-06-11T20:37:46Z,39.820606171412,-75.28391062137581,-31.300892797400294,-825.0221493567116,-631.1393599435913,-27.528340461825884,0.06987288407543352,0.9448836469502624,-2.1373396433297485,0.0,0.0,0.0,0.0,0.0,0.0,0.0000200612912077529,0.00002006142191968731,3.7139995873827063,41.18621738850699,20.775437027271316,0.42164269193478404,0.0001037412798041675,0.0002545268902167769,0.00046593754431253193,0.0012006019999999274,0.0012006019999999274,0.0012006019999999274,0.0010026019999999324,0.0010026019999999324,0.0010026019999999324
2025-06-11T20:37:47Z,39.81062191706295,-75.29010616690982,-31.595011395046974,-830.4770306768501,-633.3491316835158,-27.721358917170946,0.05070866591594021,0.8093395373589309,-2.123285091129726,0.0,0.0,0.0,0.0,0.0,0.0,0.000021064319972975738,0.000021064461310526396,3.637454585005815,42.413539989967326,20.31700713083536,0.4002939929544098,0.00010189249147670624,0.0002497657493070794,0.00047047475723791085,0.001201604999999927,0.001201604999999927,0.001201604999999927,0.001002614999999932,0.001002614999999932,0.001002614999999932
2025-06-11T20:37:48Z,39.80047668915704,-75.29633056896002,-32.61309495204447,-835.4779883366991,-635.7273674995695,-28.657620767866305,-0.04147641652199694,0.7997631616367004,-2.2243753409645315,0.0,0.0,0.0,0.0,0.0,0.0,0.000022067350548581154,0.000022067502359206633,3.562694500133545,43.57899249729771,19.837611071023527,0.3831121569030144,0.00010215813944462796,0.0002449353989227345,0.00047498801446254333,0.0012026079999999267,0.0012026079999999267,0.0012026079999999267,0.0010026279999999317,0.0010026279999999317,0.0010026279999999317
2025-06-11T20:37:49Z,39.790209913203455,-75.30258481463416,-34.44038458703322,-840.6551533196116,-638.7911745139346,-29.841589854752808,-0.17480161982220324,0.6276265980430139,-2.3866653270588496,0.0,0.0,0.0,0.0,0.0,0.0,0.000023070383102399038,0.000023070544949320916,3.499142075401662,44.823704417329594,19.400341021736207,0.3694767080484522,0.00010413178233079944,0.00024098273330807804,0.00047932005730979107,0.0012036109999999263,0.0012036109999999263,0.0012036109999999263,0.0010026409999999313,0.0010026409999999313,0.0010026409999999313
2025-06-11T20:37:50Z,39.77985734512796,-75.30894607449767,-36.811909292936846,-844.9980121403921,-642.2243297397066,-31.168786068751853,-0.10727431984838409,0.6143503765315281,-2.2388817771681517,0.0,0.0,0.0,0.0,0.0,0.0,0.000024073417735340874,0.000024073589123426334,3.4448072937224543,46.15312759812366,19.006075502224363,0.3570208426596064,0.00010753413373716258,0.00023674439925006624,0.00048360480618455715,0.001204613999999926,0.001204613999999926,0.001204613999999926,0.001002653999999931,0.001002653999999931,0.001002653999999931
2025-06-11T20:37:51Z,39.76915165480134,-75.31524311924703,-39.7022905129598,-850.2935346252655,-645.6432563307116,-32.34522962833441,-0.18714464066354058,0.560986455778693,-2.3549898598526635,0.0,0.0,0.0,0.0,0.0,0.0,0.00002507645429742298,0.000025076634859777293,3.3975071240130035,47.38304966088333,18.615698474851726,0.34722669525154787,0.00011188949614633395,0.00023335473087831738,0.0004877301975659153,0.0012056169999999256,0.0012056169999999256,0.0012056169999999256,0.0010026669999999307,0.0010026669999999307,0.0010026669999999307
2025-06-11T20:37:52Z,39.75830231948255,-75.32162817639554,-42.56725199446369,-855.819219900675,-650.1930720499751,-33.37719988428528,-0.2497951160462239,0.4185834059127887,-2.475216383080068,0.0,0.0,0.0,0.0,0.0,0.0,0.000026079493104276817,0.000026079682126254606,3.3572774900841864,48.78338660974861,18.28629371248848,0.33861072721708185,0.00011696408597661694,0.0002305331084132895,0.0004917491229146871,0.0012066199999999252,0.0012066199999999252,0.0012066199999999252,0.0010026799999999303,0.0010026799999999303,0.0010026799999999303
2025-06-11T20:37:53Z,39.747315687459476,-75.32812743025225,-45.50748281572548,-861.0960735835833,-654.5623387170924,-34.79651394870603,-0.2904864125516388,0.3352305812972302,-2.4267803976129554,0.0,0.0,0.0,0.0,0.0,0.0,0.000027082534315353368,0.000027082730995224383,3.3218768423256972,50.16524843772183,18.023367274550626,0.3231791969675022,0.00012262546996244088,0.0002278619627220061,0.0004957258086654077,0.0012076229999999249,0.0012076229999999249,0.0012076229999999249,0.00100269299999993,0.00100269299999993,0.00100269299999993
2025-06-11T20:37:54Z,39.736106676253996,-75.33466922783515,-48.59066571262221,-865.9918436373441,-658.8389152804004,-36.247749804080186,-0.34259398058901247,0.29515737575845186,-2.3613671416177486,0.0,0.0,0.0,0.0,0.0,0.0,0.000028085578023836263,0.00002808578152525327,3.2745171423270305,51.50128756773264,17.76899783536552,0.31206392949746165,0.0001285885127682867,0.00022613692376105047,0.0004995865883045816,0.0012086259999999245,0.0012086259999999245,0.0012086259999999245,0.0010027059999999297,0.0010027059999999297,0.0010027059999999297
2025-06-11T20:37:55Z,39.724695415231295,-75.341287564317,-51.742226247922424,-870.684206848782,-664.1618457371027,-37.815828638217965,-0.37575430748917193,0.2648939739457645,-2.4705275204532717,0.0,0.0,0.0,0.0,0.0,0.0,0.000029088624380334328,0.000029088833686684398,3.229690569453052,52.88806904072519,17.520834992963735,0.3106752696027799,0.0001346424298507692,0.00022582258875084244,0.0005033100710313529,0.0012096289999999241,0.0012096289999999241,0.0012096289999999241,0.0010027189999999293,0.0010027189999999293,0.0010027189999999293
2025-06-11T20:37:56Z,39.7131246446596,-75.34801720564165,-55.59311909620733,-875.5769310893721,-669.8679651248211,-39.27875959002536,-0.40711890634337483,0.22399052514359644,-2.478839208102305,0.0,0.0,0.0,0.0,0.0,0.0,0.00003009167344861432,0.00003009188745480931,3.205508261661149,54.356580911226274,17.344478890217243,0.3049270244901307,0.00014071321837613675,0.00022662087478847863,0.0005069296770646776,0.0012106319999999238,0.0012106319999999238,0.0012106319999999238,0.001002731999999929,0.001002731999999929,0.001002731999999929
2025-06-11T20:37:57Z,39.70134107723481,-75.3548628597265,-59.5108715640618,-880.5199261513937,-676.1140009053709,-41.185195750626555,-0.47193265041583377,0.12765488256227148,-2.555443957662684,0.0,0.0,0.0,0.0,0.0,0.0,0.00003109472530557108,0.000031094942973449715,3.1815059643519423,55.855295633479756,17.20290103424222,0.2996729862342592,0.00014679034759357688,0.00022795947319568217,0.0005105121942492226,0.0012116349999999234,0.0012116349999999234,0.0012116349999999234,0.0010027449999999286,0.0010027449999999286,0.0010027449999999286
2025-06-11T20:37:58Z,39.68939318772973,-75.36185199993777,-63.39465026717999,-885.0653673150053,-682.7910634923848,-43.02359905068831,-0.5387119950483014,0.08274980536387122,-2.5526875397869198,0.0,0.0,0.0,0.0,0.0,0.0,0.000032097780275019856,0.00003209800029957119,3.158524041405125,57.44354484824206,17.100706611672095,0.29449448516040705,0.00015270144288279537,0.0002300874061071055,0.0005140325712025464,0.001212637999999923,0.001212637999999923,0.001212637999999923,0.0010027579999999283,0.0010027579999999283,0.0010027579999999283
2025-06-11T20:37:59Z,39.67730906099066,-75.36899616637996,-67.74833953398223,-889.2980965019105,-690.2525507854057,-45.1747252160742,-0.5971339845999795,-0.009101520426361379,-2.636757518437212,0.0,0.0,0.0,0.0,0.0,0.0,0.00003310083846374935,0.000033101059534550535,3.1354387199289295,59.09893043609927,17.023453700575494,0.29292647495710794,0.0001583204926174768,0.0002331576449319483,0.0005174719709174522,0.0012136409999999227,0.0012136409999999227,0.0012136409999999227,0.001002770999999928,0.001002770999999928,0.001002770999999928
2025-06-11T20:38:00Z,39.66504709301461,-75.37628794896119,-72.51081111459166,-893.4405296964103,-698.088788645263,-47.6468990823253,-0.6760976750331346,-0.1271624553847146,-2.6519578557928205,0.0,0.0,0.0,0.0,0.0,0.0,0.00003410390005542012,0.00003410412074959648,3.1199281848537557,60.824960046196125,16.97727131779541,0.2908320046426464,0.0001634152619271472,0.00023732656131130275,0.0005208552593295924,0.0012146439999999223,0.0012146439999999223,0.0012146439999999223,0.0010027839999999276,0.0010027839999999276,0.0010027839999999276
2025-06-11T20:38:01Z,39.65264734190418,-75.38374208761576,-77.69947719006404,-897.1724478980515,-706.3929232736292,-50.25410820277965,-0.7659595446333783,-0.20129008876014537,-2.6512024967176475,0.0,0.0,0.0,0.0,0.0,0.0,0.00003510696535445289,0.000035107184092040976,3.1060148644024403,62.61060781192681,16.95099702339701,0.2908548783863287,0.00016780925319805,0.00024262691984044377,0.0005241596905054362,0.001215646999999922,0.001215646999999922,0.001215646999999922,0.0010027969999999273,0.0010027969999999273,0.0010027969999999273
2025-06-11T20:38:02Z,39.64006715031834,-75.39134848515849,-83.52441377801728,-900.6153176263617,-715.0738996453861,-53.23292291717807,-0.8718060120053327,-0.2418337986739272,-2.658902543914472,0.0,0.0,0.0,0.0,0.0,0.0,0.00003611003441955058,0.00003611024968919385,3.0970990837829384,64.41642388265045,16.93932279952717,0.29262717692095996,0.00017120718173731765,0.00024918787081591254,0.0005273932188840153,0.0012166499999999216,0.0012166499999999216,0.0012166499999999216,0.001002809999999927,0.001002809999999927,0.001002809999999927
2025-06-11T20:38:03Z,39.62731115651806,-75.39914353517942,-89.90070593825064,-903.4725735584168,-724.0660356543432,-56.29119310187994,-0.9969595518187461,-0.30577823047380737,-2.6871233548586204,0.0,0.0,0.0,0.0,0.0,0.0,0.00003711310733890939,0.000037113317669385434,3.0947758292941008,66.18525166546485,16.938885851914623,0.2943715528327951,0.00017330799702203341,0.0002569981630684341,0.0005305309510335546,0.0012176529999999213,0.0012176529999999213,0.0012176529999999213,0.0010028229999999266,0.0010028229999999266,0.0010028229999999266
2025-06-11T20:38:04Z,39.61427940952304,-75.40706718201773,-96.69234648867635,-906.8603474389471,-733.8030671794336,-59.2636427529079,-1.085759766671815,-0.3345432797575637,-2.7798091302694763,0.0,0.0,0.0,0.0,0.0,0.0,0.00003811618438432391,0.00003811638816239599,3.096697704480318,67.9808087741462,16.94474576559873,0.298808089028476,0.0001738373255791676,0.00026582438051407165,0.0005335726839335753,0.0012186559999999209,0.0012186559999999209,0.0012186559999999209,0.0010028359999999263,0.0010028359999999263,0.0010028359999999263
2025-06-11T20:38:05Z,39.6009471825231,-75.41519227987355,-104.01662889829194,-910.1176230055397,-743.5910119991972,-62.830147012256624,-1.2153885347653932,-0.35074084508711995,-2.780063995616994,0.0,0.0,0.0,0.0,0.0,0.0,0.00003911926543636155,0.0000391194613570743,3.105420846569724,69.62819672365171,16.953225866979405,0.30226540838920324,0.00017269628159272487,0.00027528038641217264,0.0005365213180957563,0.0012196589999999205,0.0012196589999999205,0.0012196589999999205,0.001002848999999926,0.001002848999999926,0.001002848999999926
2025-06-11T20:38:06Z,39.58714770802654,-75.42353955917957,-111.25683498057435,-912.7077176815618,-753.9636598995291,-66.56646928527621,-1.4281651187354256,-0.399311512824929,-2.7363170746274754,0.0,0.0,0.0,0.0,0.0,0.0,0.000040122350394086196,0.00004012253746062744,3.1146378873288443,71.20130752307348,16.969591663350233,0.30568089254431297,0.00016970292417277675,0.0002847758066427971,0.0005393677906968624,0.0012206619999999202,0.0012206619999999202,0.0012206619999999202,0.0010028619999999256,0.0010028619999999256,0.0010028619999999256
2025-06-11T20:38:07Z,39.57274196386172,-75.43209916091845,-119.55692794721233,-916.0479365570415,-764.4395496127869,-70.65542732197491,-1.5871026867675921,-0.40749860092396933,-2.8055896241817715,0.0,0.0,0.0,0.0,0.0,0.0,0.00004112543936962804,0.000041125616615240486,3.12660137870161,72.437208491259,16.994139246316276,0.3006614550651454,0.00016474106112010763,0.0002927637178375852,0.0005421204570987889,0.0012216649999999198,0.0012216649999999198,0.0012216649999999198,0.0010028749999999253,0.0010028749999999253,0.0010028749999999253
2025-06-11T20:38:08Z,39.55735906317164,-75.44092343924234,-128.49833866159707,-919.7033735698269,-774.9562929575449,-75.03938516977107,-1.8338683293428346,-0.4240814097134623,-2.714861299829629,0.0,0.0,0.0,0.0,0.0,0.0,0.000042128531239600176,0.00004212869902737634,3.1206565845714733,73.30541236219347,17.029722245847317,0.2851724570501334,0.00015780935251482098,0.0002971429428246054,0.0005448738319689719,0.0012226679999999194,0.0012226679999999194,0.0012226679999999194,0.001002887999999925,0.001002887999999925,0.001002887999999925
2025-06-11T20:38:09Z,39.54049119931525,-75.44980916820118,-138.0353057299002,-926.5611947565733,-784.7536057767186,-79.68714338137734,-2.018914090644481,-0.27224367993640164,-2.8189849743325768,0.0,0.0,0.0,0.0,0.0,0.0,0.00004313162716957477,0.00004313178490500378,3.0849602593211563,73.52188866383949,17.07887112454535,0.25373426360851775,0.0001504889307722224,0.00029868094889786437,0.0005478802470106005,0.001223670999999919,0.001223670999999919,0.001223670999999919,0.0010029009999999246,0.0010029009999999246,0.0010029009999999246
2025-06-11T20:38:10Z,39.52162868050936,-75.45902656512278,-150.44313712027446,-932.0832300153404,-796.3802145126479,-85.39445533925115,-2.31762730339396,-0.1966106183937419,-2.7057515070274474,0.0,0.0,0.0,0.0,0.0,0.0,0.00004413472501069411,0.00004413487460173204,2.964996480784131,74.10429548284966,17.12876294201527,0.20623433144635844,0.00014019484635664227,0.0002584944170280879,0.0005526405717730376,0.0012246739999999187,0.0012246739999999187,0.0012246739999999187,0.0010029139999999243,0.0010029139999999243,0.0010029139999999243
2025-06-11T20:38:11Z,39.49967079565306,-75.46872639494434,-164.26232131901781,-938.3869297752815,-806.3819843142599,-90.0168125033774,-2.5255950797071636,0.03997206478173057,-2.5537243439694866,0.0,0.0,0.0,0.0,0.0,0.0,0.00004513775692704875,0.00004513796731792402,2.816798957562086,72.81065995210146,17.168434999789103,0.14801082343665967,0.00013108153335598773,0.0002574567990757642,0.0005541040521938186,0.0012256769999999184,0.0012256769999999184,0.0012256769999999184,0.001002926999999924,0.001002926999999924,0.001002926999999924
2025-06-11T20:38:12Z,39.47071188015386,-75.47840543187132,-179.7050490114161,-952.9620494847954,-815.1233749885683,-93.78919974205543,-2.7347438563984756,0.08521151420321386,-2.8001539604543355,0.0,0.0,0.0,0.0,0.0,0.0,0.000046140818866950574,0.0000461410638214143,2.6068371366656717,70.83562360108506,17.206745247583257,0.11175396872005841,0.00012828588351164447,0.00025740440487789475,0.0005563081835693621,0.001226679999999918,0.001226679999999918,0.001226679999999918,0.0010029399999999236,0.0010029399999999236,0.0010029399999999236
2025-06-11T20:38:13Z,39.433578470196814,-75.48834261545608,-197.62979400689022,-968.8437488772192,-822.7281958835013,-97.13215021392422,-2.965079409372984,0.23942899499765155,-2.765160665908236,0.0,0.0,0.0,0.0,0.0,0.0,0.000047143874632295496,0.000047144164083892206,2.3732542469604017,68.31206334343375,17.219076731027663,0.08369628539483136,0.00012884488139280838,0.00025638810701630123,0.0005584290039416108,0.0012276829999999176,0.0012276829999999176,0.0012276829999999176,0.0010029529999999232,0.0010029529999999232,0.0010029529999999232
2025-06-11T20:38:14Z,39.383568575320766,-75.49844137397203,-218.40444065212057,-988.7669376062606,-829.2690948159985,-100.52978459271998,3.1041518838206197,0.509807681721495,-2.8722624022225256,0.0,0.0,0.0,0.0,0.0,0.0,0.00004814690075328818,0.00004814726790217346,2.1246715006810786,65.77599767114214,17.232281053455676,0.09103827700955666,0.00013246570679112147,0.00025591540241800637,0.0005607375271677087,0.0012286859999999173,0.0012286859999999173,0.0012286859999999173,0.001002965999999923,0.001002965999999923,0.001002965999999923
2025-06-11T20:38:15Z,39.31409067432396,-75.50870598517838,-241.64392953635053,-1010.7029220246282,-833.7360846732856,-102.78896714587489,2.9343298561226026,0.8644472365261889,-2.8864687216653273,0.0,0.0,0.0,0.0,0.0,0.0,0.0000491498696750292,0.000049150375187198355,1.9492375905432944,63.252724389926335,17.227406142699824,0.12098663963260817,0.00013926999395480103,0.00025539351022003536,0.0005630863054734987,0.001229688999999917,0.001229688999999917,0.001229688999999917,0.0010029789999999226,0.0010029789999999226,0.0010029789999999226
2025-06-11T20:38:16Z,39.21722112804265,-75.51898326383187,-264.1180453495934,-1035.3384114006371,-834.6886289296232,-103.89963687406501,2.8585907506186627,1.1977651418920874,-2.890996318046555,0.0,0.0,0.0,0.0,0.0,0.0,0.000050152743365889464,0.0000501534856261321,1.8862558341653364,60.88829488122982,17.230749958605493,0.17684323783048497,0.00014831373729877524,0.0002546589397218637,0.0005654936835526494,0.0012306919999999165,0.0012306919999999165,0.0012306919999999165,0.0010029919999999222,0.0010029919999999222,0.0010029919999999222
2025-06-11T20:38:17Z,39.087095531465756,-75.52914691077476,-280.0760437297074,-1059.5856551734505,-830.4270629362879,-101.68148910851598,-2.7445192347811656,1.472955853921253,-2.273872590071707,0.0,0.0,0.0,0.0,0.0,0.0,0.00005115547928026929,0.00005115659885168637,1.990903142956215,58.7051964354475,17.229782235475536,0.24938105491297144,0.000157700552513018,0.0002543350390652374,0.000567955598411228,0.0012316949999999162,0.0012316949999999162,0.0012316949999999162,0.001003004999999922,0.001003004999999922,0.001003004999999922
2025-06-11T20:38:18Z,38.92494012954776,-75.53876081291105,-278.6143734206564,-1080.8020469390783,-819.3112975224826,-90.63690643091486,0.5441247949860061,1.2939868658726268,0.8221735833795311,0.0,0.0,0.0,0.0,0.0,0.0,0.00005215806053375,0.0000521597142903114,2.270125070905691,56.66074249469509,17.17561256770936,0.32550555724245134,0.00016446745514044468,0.000255601959468336,0.0005704155503868259,0.0012326979999999158,0.0012326979999999158,0.0012326979999999158,0.0010030179999999216,0.0010030179999999216,0.0010030179999999216
2025-06-11T20:38:19Z,38.75322979105289,-75.54868188501972,-254.11939583606232,-1085.5537765653849,-803.7833505307989,-76.02277616494581,1.343565945608203,1.501697792253663,1.3535173707936972,0.0,0.0,0.0,0.0,0.0,0.0,0.00005316052620704865,0.00005316283137636042,2.6551961788560487,54.98764900533272,17.12359632765568,0.3984012090426607,0.00016541335050380008,0.0002595524907588099,0.0005728092690360806,0.0012337009999999155,0.0012337009999999155,0.0012337009999999155,0.0010030309999999212,0.0010030309999999212,0.0010030309999999212
2025-06-11T20:38:20Z,38.59484298981003,-75.55792628531174,-210.6724294133723,-1079.550174554843,-786.1005242210925,-59.830201370080374,-1.5786245444021234,1.4083017814778327,-1.917505098068076,0.0,0.0,0.0,0.0,0.0,0.0,0.000054162971883099214,0.000054165949627557654,3.0479694580790455,53.84891369889599,17.098193098780985,0.45982577526544943,0.00015897028954838508,0.0002672306807273951,0.0005750473360193586,0.001234703999999915,0.001234703999999915,0.001234703999999915,0.0010030439999999209,0.0010030439999999209,0.0010030439999999209
2025-06-11T20:38:21Z,38.46758095975359,-75.56599132532061,-158.6058485924553,-1068.8477324385037,-770.1180260980394,-44.013409938286784,-0.6745013674860584,1.4059199907118969,-1.3777951028088575,0.0,0.0,0.0,0.0,0.0,0.0,0.00005516549517683512,0.00005516906885961054,3.365699788193357,53.323866302643516,17.152160188696946,0.5081954397918447,0.0001466085241568459,0.00027719108599579684,0.0005770665977550678,0.0012357069999999147,0.0012357069999999147,0.0012357069999999147,0.0010030569999999205,0.0010030569999999205,0.0010030569999999205
2025-06-11T20:38:22Z,38.37724408503573,-75.57372210843948,-110.14683655515108,-1053.8118544476663,-758.8476346920985,-32.033558142671225,-0.5815406907052056,1.3292171963645893,-1.611551090805942,0.0,0.0,0.0,0.0,0.0,0.0,0.00005616814246633318,0.000056172189286048705,3.589717470500838,53.16929573462644,17.2913487933349,0.5463467780989143,0.00013232442998646783,0.00028483471813864114,0.0005788710427385043,0.0012367099999999144,0.0012367099999999144,0.0012367099999999144,0.0010030699999999202,0.0010030699999999202,0.0010030699999999202
2025-06-11T20:38:23Z,38.31609172230135,-75.58148097670295,-71.59235541512659,-1037.4994931348438,-753.9427102909735,-24.03394919073007,-0.30683707955470557,1.2077432927020237,-1.5516199028055297,0.0,0.0,0.0,0.0,0.0,0.0,0.00005717090513118254,0.000057175311365698247,3.7519781028344323,53.41853764057019,17.514977345779915,0.5654084531373856,0.00012069636663630832,0.00028431927658655845,0.0005805739416893413,0.001237712999999914,0.001237712999999914,0.001237712999999914,0.0010030829999999199,0.0010030829999999199,0.0010030829999999199
2025-06-11T20:38:24Z,38.27460070505169,-75.58928739497493,-44.76899415784958,-1023.3573673703924,-752.8635422042663,-19.835370641338088,-0.21919730451945513,0.9264663286649454,-1.6315388474016999,0.0,0.0,0.0,0.0,0.0,0.0,0.00005817375721016952,0.000058178435617810064,3.8537094141720467,53.666999383292094,17.820749856178338,0.5870633382059842,0.00011474380966123774,0.000272348726632021,0.0005823418326057992,0.0012387159999999136,0.0012387159999999136,0.0012387159999999136,0.0010030959999999195,0.0010030959999999195,0.0010030959999999195
2025-06-11T20:38:25Z,38.24401988348915,-75.59720863922159,-27.160076827230114,-1011.9858424139605,-754.4503587304533,-17.61945114094971,-0.05216470966903475,0.77614409845141,-1.5025156108013773,0.0,0.0,0.0,0.0,0.0,0.0,0.000059176667548296795,0.000059181562356149204,3.9429747785704206,53.9885160110596,18.189344801042722,0.5920838861318213,0.00011536851925266193,0.00024983961003033605,0.0005842737888171473,0.0012397189999999133,0.0012397189999999133,0.0012397189999999133,0.0010031089999999192,0.0010031089999999192,0.0010031089999999192
2025-06-11T20:38:26Z,38.21978479613911,-75.6052472977342,-16.879368733018087,-1002.762200510063,-757.9872525854369,-17.15244943963515,0.1749250964780459,0.8975390370882094,-1.38288468885947,0.0,0.0,0.0,0.0,0.0,0.0,0.00006017961726149635,0.000060184691855899175,3.998274044638079,54.26346552787417,18.660568856552718,0.5920727002792786,0.00012108453487365479,0.00022084523663001474,0.000586420948540142,0.001240721999999913,0.001240721999999913,0.001240721999999913,0.0010031219999999189,0.0010031219999999189,0.0010031219999999189
2025-06-11T20:38:27Z,39.979100202924585,-75.16742484262687,-4.440422732591369,-680.6094171929994,-699.9496273331193,-15.949389203992466,0.16133768141851149,0.8311710864569222,-0.6909197585460274,0.0,0.0,0.0,0.0,0.0,0.0,1.0042450156280427e-6,1.004244806744628e-6,3.2762209371183793,32.8035192149027,15.277589132908737,0.48655293613987777,0.00012929263989889763,0.0001819291359757422,0.0005335553383529031,0.0012417259999999125,0.0012417259999999125,0.0012417259999999125,0.0010031359999999184,0.0010031359999999184,0.0010031359999999184
2025-06-11T20:38:28Z,39.97294245791615,-75.17565097806478,-6.308473971323149,-674.9072151618,-698.304929309928,-16.85316528787527,0.38961967738875253,0.6739182893023404,-0.3965491153233052,0.0,0.0,0.0,0.0,0.0,0.0,2.007247470691661e-6,2.0072467131469526e-6,3.6042393311418612,32.47450043909381,15.856900692168539,0.4623178087027079,0.00013878453679640675,0.0001629220565665535,0.0005370758222921644,0.001242728999999912,0.001242728999999912,0.001242728999999912,0.001003148999999918,0.001003148999999918,0.001003148999999918
2025-06-11T20:38:29Z,39.96681235883436,-75.18390439339915,-8.161978705898685,-668.3491425679383,-698.9780303177905,-18.323046261150125,0.0642214239432377,0.7644100172393664,-1.113776195135442,0.0,0.0,0.0,0.0,0.0,0.0,3.010251526651081e-6,3.010250001032496e-6,3.7017694917509925,32.13838712512105,16.398554918386676,0.3996674283169191,0.00014740351333452463,0.00014379097074326117,0.000540775656200013,0.0012437319999999117,0.0012437319999999117,0.0012437319999999117,0.0010031619999999178,0.0010031619999999178,0.0010031619999999178
2025-06-11T20:38:30Z,39.96071770408105,-75.19218163331422,-9.686832476508522,-662.3862829828021,-699.5513271556312,-18.711025985113373,0.2980651381173966,0.45396818410515183,-0.8076482031946874,0.0,0.0,0.0,0.0,0.0,0.0,4.013257152771533e-6,4.013254753335382e-6,3.61518070376493,32.06595547118257,17.13536506232003,0.36114985279702444,0.00015692028660297392,0.00012901449211993337,0.0005439531958268114,0.0012447349999999114,0.0012447349999999114,0.0012447349999999114,0.0010031749999999174,0.0010031749999999174,0.0010031749999999174
2025-06-11T20:38:31Z,39.95459574381977,-75.20052797640886,-11.408186164803556,-658.1440440375269,-701.9019437346562,-17.826496899352396,0.33300990296616206,0.5014462293217665,-0.7985769766665176,0.0,0.0,0.0,0.0,0.0,0.0,5.01626435520243e-6,5.016261091905733e-6,3.4851810214108103,31.982593376318864,17.732500700524863,0.30635358946160607,0.00016434059232336675,0.00011809622706351132,0.0005479963602026352,0.001245737999999911,0.001245737999999911,0.001245737999999911,0.001003187999999917,0.001003187999999917,0.001003187999999917
2025-06-11T20:38:32Z,39.94845243322893,-75.20889277890304,-12.617453079588644,-653.7652926942164,-703.8087475249987,-17.154463643796085,0.3016532781371676,0.45820486137044614,-0.8888931345127605,0.0,0.0,0.0,0.0,0.0,0.0,6.019273096277914e-6,6.019269095318555e-6,3.248183092968985,31.953800187592673,18.365050158958482,0.25200438673015185,0.00017425695202705365,0.00010515291687606553,0.0005521031149138446,0.0012467409999999107,0.0012467409999999107,0.0012467409999999107,0.0010032009999999167,0.0010032009999999167,0.0010032009999999167
2025-06-11T20:38:33Z,39.94218806308436,-75.21737988391514,-12.257922584503902,-650.6766799634036,-707.4264960708572,-16.21121291509723,0.3066628883588448,0.43551674259355816,-0.9620937423975741,0.0,0.0,0.0,0.0,0.0,0.0,7.022283331179528e-6,7.022278839394473e-6,3.084694795344119,31.94477570813832,19.002956386308345,0.22161313873781807,0.00018354762289372103,0.00010292094546704447,0.0005554550005546825,0.0012477439999999103,0.0012477439999999103,0.0012477439999999103,0.0010032139999999164,0.0010032139999999164,0.0010032139999999164
2025-06-11T20:38:34Z,39.93579886210474,-75.22596514479964,-11.63826859719269,-647.9980326046567,-711.6169005712082,-15.360680362941677,0.2753765283717379,0.3710006303777773,-1.0450906024133932,0.0,0.0,0.0,0.0,0.0,0.0,8.025294992320681e-6,8.025290422814653e-6,2.9348507745637678,31.97274777443096,19.659335048017443,0.199548929631191,0.00019263523095821027,0.00010238899798782208,0.0005588328437934163,0.00124874699999991,0.00124874699999991,0.00124874699999991,0.001003226999999916,0.001003226999999916,0.001003226999999916
2025-06-11T20:38:35Z,39.929254317658405,-75.23466505026936,-11.069693385982244,-645.6371128946317,-716.2992740844301,-14.72241256872513,0.32989529829425485,0.3793023860636019,-1.0395677372642735,0.0,0.0,0.0,0.0,0.0,0.0,9.028307984045306e-6,9.028303940151365e-6,2.8057617124785508,31.982241878683688,20.347353214383507,0.184981569885787,0.0002008985397495323,0.0001028507064736714,0.0005624872250323496,0.0012497499999999096,0.0012497499999999096,0.0012497499999999096,0.0010032399999999157,0.0010032399999999157,0.0010032399999999157
2025-06-11T20:38:36Z,39.92253628105221,-75.24348255108355,-11.108360979421565,-642.8904841496482,-720.780584636026,-14.993074252902918,0.3325790034974616,0.37935620130032766,-1.1317801859830698,0.0,0.0,0.0,0.0,0.0,0.0,0.000010031322162334627,0.000010031319492862245,2.701466857818134,31.918726691785626,21.088308580799843,0.1778629670689379,0.0002075329520258417,0.00010376165241784781,0.0005666311286852197,0.0012507529999999092,0.0012507529999999092,0.0012507529999999092,0.0010032529999999154,0.0010032529999999154,0.0010032529999999154
2025-06-11T20:38:37Z,39.915616321213065,-75.25238417828058,-11.851981380058053,-640.2245698478031,-725.4568012473197,-15.259688586935674,0.3509600977334672,0.35546695442751913,-1.1662938370892357,0.0,0.0,0.0,0.0,0.0,0.0,0.000011034337306464338,0.000011034337197947046,2.624676529173725,31.898674932303933,21.873527219270894,0.17462378377836987,0.0002151883993101616,0.00010453422721793675,0.0005707344837626116,0.0012517559999999088,0.0012517559999999088,0.0012517559999999088,0.001003265999999915,0.001003265999999915,0.001003265999999915
2025-06-11T20:38:38Z,39.908453154098225,-75.26138453769666,-13.056968190048783,-637.7582250029924,-730.4188715328453,-15.476369940314523,0.36832748060344656,0.329841710866594,-1.1987181479825832,0.0,0.0,0.0,0.0,0.0,0.0,0.000012037353202381424,0.00001203735717259597,2.5708480218445358,31.894835999581858,22.67773967286532,0.17237164405585317,0.00022315477573009822,0.00010476126657965761,0.0005749641838144969,0.0012527589999999085,0.0012527589999999085,0.0012527589999999085,0.0010032789999999147,0.0010032789999999147,0.0010032789999999147
2025-06-11T20:38:39Z,39.90099104174042,-75.27050295730042,-14.210357003517537,-635.6739215285694,-735.7466390406571,-15.526367941909033,0.38574756971810104,0.30428904133840756,-1.231873232012403,0.0,0.0,0.0,0.0,0.0,0.0,0.000013040369606151746,0.000013040379525961525,2.5334267036371165,31.896525357867247,23.494034752731473,0.16998521270307299,0.00023133059897815765,0.00010452515866508447,0.0005792665522866889,0.0012537619999999081,0.0012537619999999081,0.0012537619999999081,0.0010032919999999144,0.0010032919999999144,0.0010032919999999144
2025-06-11T20:38:40Z,39.893195050010576,-75.27974143668055,-15.145661666319834,-633.9572830027142,-741.4033231508697,-15.439246740774426,0.4009353670726964,0.2805491301013303,-1.2673179779040329,0.0,0.0,0.0,0.0,0.0,0.0,0.000014043386235925334,0.000014043404373704337,2.5036641120333174,31.90505831536001,24.328880725205263,0.16659803448980778,0.00024002162587809415,0.00010359493463361102,0.0005835477019454327,0.0012547649999999078,0.0012547649999999078,0.0012547649999999078,0.001003304999999914,0.001003304999999914,0.001003304999999914
2025-06-11T20:38:41Z,39.88504808412958,-75.28910903070285,-15.817603600509026,-632.6188967093641,-747.3853509983845,-15.2471852079062,0.4232781779085632,0.2713229731761597,-1.2873359030131022,0.0,0.0,0.0,0.0,0.0,0.0,0.00001504640280244511,0.00001504643183266395,2.47605549717424,31.91612795678125,25.185015271056123,0.16210207056196652,0.0002491509471454027,0.00010213946279146908,0.0005877484272546798,0.0012557679999999074,0.0012557679999999074,0.0012557679999999074,0.0010033179999999137,0.0010033179999999137,0.0010033179999999137
2025-06-11T20:38:42Z,39.87653732477739,-75.29860633130995,-16.717642307079526,-630.2445086019069,-753.205748302099,-16.011005812228902,0.457940021350715,0.2464258151521892,-1.2520599146182092,0.0,0.0,0.0,0.0,0.0,0.0,0.000016049418975626086,0.000016049462030164922,2.445852574469992,31.90410280671439,26.262290183336972,0.16532715134972883,0.00025868960171029134,0.00010016085285686418,0.0005918223800568302,0.001256770999999907,0.001256770999999907,0.001256770999999907,0.0010033309999999134,0.0010033309999999134,0.0010033309999999134
2025-06-11T20:38:43Z,39.86766362165415,-75.30825584862848,-17.56907233419379,-628.667544344446,-759.1858177525803,-16.336230955150313,0.46433696002377733,0.18984128670150419,-1.3002517378023433,0.0,0.0,0.0,0.0,0.0,0.0,0.00001705243463083282,0.000017052495149639703,2.443107885220301,31.86737941005784,27.347992632913016,0.16827242250216554,0.00026854670708554846,0.00009977946714979042,0.0005948155630721644,0.0012577739999999067,0.0012577739999999067,0.0012577739999999067,0.001003343999999913,0.001003343999999913,0.001003343999999913
2025-06-11T20:38:44Z,39.85843702677879,-75.31800996920178,-18.4796086760052,-627.697498593623,-764.8555553959627,-16.31611735094758,0.49505601458072873,0.11796592292797949,-1.2283936889233475,0.0,0.0,0.0,0.0,0.0,0.0,0.000018055449278730503,0.000018055531403882716,2.4433557429483908,31.850280051383866,28.46964817020299,0.1678121084362715,0.0002775635798248438,0.00009851928196963769,0.0005970900141536969,0.0012587769999999063,0.0012587769999999063,0.0012587769999999063,0.0010033569999999127,0.0010033569999999127,0.0010033569999999127
2025-06-11T20:38:45Z,39.84874742492845,-75.32793568289785,-18.65245260943719,-627.8018511690818,-771.701052346209,-15.591851079002964,0.48578413764818645,0.1717679625189611,-1.3818813394149496,0.0,0.0,0.0,0.0,0.0,0.0,0.000019058462784766546,0.000019058570918403,2.436727232367282,31.809818437405784,29.47363897231662,0.1585499066847543,0.0002869642559573447,0.0000962466058904498,0.000599762096049847,0.001259779999999906,0.001259779999999906,0.001259779999999906,0.0010033699999999124,0.0010033699999999124,0.0010033699999999124
2025-06-11T20:38:46Z,39.83890306257989,-75.33808372879162,-17.83766235494859,-628.4928928680024,-778.9020699834117,-14.634328513185892,0.47425572766430973,0.0443055630858675,-1.4386061937466517,0.0,0.0,0.0,0.0,0.0,0.0,0.000020061476157772858,0.000020061613566794275,2.4288088203294165,31.804967064280298,30.469819445101653,0.15158949000363478,0.00029687390439141274,0.00009681711296326555,0.000601561339448873,0.0012607829999999056,0.0012607829999999056,0.0012607829999999056,0.001003382999999912,0.001003382999999912,0.001003382999999912
2025-06-11T20:38:47Z,39.82911341698338,-75.34817846892113,-16.02911659047495,-628.8006065666085,-784.624387663969,-14.046041060117982,0.4644953783129554,0.10447182344775591,-1.3773528897662337,0.0,0.0,0.0,0.0,0.0,0.0,0.00002106448897946146,0.00002106465986218091,2.4162810053115042,31.761004620962968,31.683694060778965,0.15011050490865518,0.00029584464679030667,0.00009912257011811494,0.0005996459222317945,0.0012617859999999052,0.0012617859999999052,0.0012617859999999052,0.0010033959999999117,0.0010033959999999117,0.0010033959999999117
2025-06-11T20:38:48Z,39.81910768941791,-75.3586430975014,-14.663489336139339,-629.4311379508315,-792.6405747473668,-13.326435558443093,0.47070861536510816,0.05647921070621626,-1.5096893812830046,0.0,0.0,0.0,0.0,0.0,0.0,0.00002206750159036628,0.00002206770940616876,2.403372775380891,31.733308027913736,32.75310034870366,0.14633601611944597,0.0003058285755808164,0.00010080526346739126,0.0006006340732460366,0.0012627889999999049,0.0012627889999999049,0.0012627889999999049,0.0010034089999999113,0.0010034089999999113,0.0010034089999999113
2025-06-11T20:38:49Z,39.80932254166356,-75.36889856304359,-12.308627240365844,-630.9627878375,-798.0273379971264,-11.896344298566856,0.45088857360264045,-0.001635845509999942,-1.6171383383931208,0.0,0.0,0.0,0.0,0.0,0.0,0.0000230705138558821,0.000023070763244321163,2.3912085086436012,31.712597055326178,33.853818270963664,0.1383407121157614,0.0003062201179893168,0.00010343370667694931,0.0005987688356818465,0.0012637919999999045,0.0012637919999999045,0.0012637919999999045,0.001003421999999911,0.001003421999999911,0.001003421999999911
2025-06-11T20:38:50Z,39.79971453945355,-75.37915971608294,-9.9559338731317,-631.4342881817453,-802.2329927411417,-11.158094448699783,0.4316119388341817,-0.10134724580246841,-1.5816799474338221,0.0,0.0,0.0,0.0,0.0,0.0,0.000024073526064611064,0.00002407382111196997,2.364631850584366,31.680560742822347,35.12543118515072,0.1352854221645822,0.00030757433333367893,0.00010604001355265792,0.0005973290061699332,0.0012647949999999041,0.0012647949999999041,0.0012647949999999041,0.0010034349999999107,0.0010034349999999107,0.0010034349999999107
2025-06-11T20:38:51Z,39.790228618560036,-75.38936973126121,-7.630711329045108,-631.1457233548946,-805.8836490942247,-10.636552825935436,0.43010460925646177,-0.06765105739381091,-1.6757813773067847,0.0,0.0,0.0,0.0,0.0,0.0,0.0000250765381090786,0.000025076883434324127,2.3414761561621074,31.602032272911167,36.5776322783614,0.13591139078616907,0.0003068045881693795,0.00010879259347135718,0.0005961498515653398,0.0012657979999999038,0.0012657979999999038,0.0012657979999999038,0.0010034479999999103,0.0010034479999999103,0.0010034479999999103
2025-06-11T20:38:52Z,39.780732920348214,-75.39965561374278,-6.176447596539539,-630.4739122800091,-809.234463084328,-10.56415403816383,0.4033371605103342,-0.13494779432421164,-1.6684939998665576,0.0,0.0,0.0,0.0,0.0,0.0,0.000026079549111203392,0.000026079950243315084,2.327657278790493,31.563061580105053,38.07881443646686,0.137751682823118,0.0003107523599377425,0.00011097656717668255,0.0005961162433820616,0.0012668009999999034,0.0012668009999999034,0.0012668009999999034,0.00100346099999991,0.00100346099999991,0.00100346099999991
2025-06-11T20:38:53Z,39.77140614336572,-75.4098622143556,-4.772446960822466,-630.0173336772614,-811.8047126261092,-10.010932774649435,0.4266631315421359,-0.21955985407973405,-1.9295196310041465,0.0,0.0,0.0,0.0,0.0,0.0,0.000027082560278284314,0.000027083022082771123,2.3254810606283614,31.490590820230494,39.636655934704365,0.137664919410125,0.00031221422852641194,0.00011323960042217447,0.0005962856532658495,0.001267803999999903,0.001267803999999903,0.001267803999999903,0.0010034739999999097,0.0010034739999999097,0.0010034739999999097
2025-06-11T20:38:54Z,39.76231537757843,-75.41994743754412,-3.618982538342193,-628.4284508553374,-812.5762917398976,-10.106491579418815,0.32606349970260384,-0.22583730545797234,-1.4707067506909215,0.0,0.0,0.0,0.0,0.0,0.0,0.00002808557193214896,0.0000280860993129859,2.325021809500064,31.444390248568034,41.34624339101823,0.1409298598887454,0.00030978727122016846,0.00011532051420136581,0.0005969922255892663,0.0012688069999999027,0.0012688069999999027,0.0012688069999999027,0.0010034869999999093,0.0010034869999999093,0.0010034869999999093
2025-06-11T20:38:55Z,39.75329005097175,-75.42997788774447,-3.088776951706514,-626.3761619938771,-814.6202820830732,-10.575372287936215,0.4796922278818574,-0.3041347783731458,-1.9862651244936391,0.0,0.0,0.0,0.0,0.0,0.0,0.000029088583677719424,0.000029089182237728555,2.3338260754442133,31.348448427355642,43.262817375159685,0.15081604991089292,0.00030366856841021857,0.00011697875744713503,0.0005988118058417056,0.0012698099999999023,0.0012698099999999023,0.0012698099999999023,0.001003499999999909,0.001003499999999909,0.001003499999999909
2025-06-11T20:38:56Z,39.744352250668726,-75.44005175886772,-3.435665371407498,-623.3344203944847,-816.3945243642885,-11.689474757985732,0.4138782361617368,-0.32087283249011334,-1.8346659125875966,0.0,0.0,0.0,0.0,0.0,0.0,0.00003009159630403682,0.00003009227065411718,2.3645947093250412,31.325114971505144,45.320950983323925,0.16367599183017997,0.0003046935547691673,0.0001182888337267081,0.0006008045773729486,0.001270812999999902,0.001270812999999902,0.001270812999999902,0.0010035129999999086,0.0010035129999999086,0.0010035129999999086
2025-06-11T20:38:57Z,39.735569659881925,-75.4501412795052,-4.312468834053664,-621.019725042991,-817.4167399833605,-12.085242737364695,0.347312912881997,-0.3043932472056935,-1.6777222735771462,0.0,0.0,0.0,0.0,0.0,0.0,0.00003109461092977327,0.00003109536453182188,2.4172519913620465,31.238234646001388,47.30701047059757,0.16976259907931618,0.000310477292105947,0.00011907802661683489,0.0006024899298918565,0.0012718159999999016,0.0012718159999999016,0.0012718159999999016,0.0010035259999999083,0.0010035259999999083,0.0010035259999999083
2025-06-11T20:38:58Z,39.72684657813583,-75.46033138460609,-5.3247591667495495,-618.6039882284049,-818.7589452569085,-12.593182420330633,0.3517989344085732,-0.2919637950280352,-1.6618756715946297,0.0,0.0,0.0,0.0,0.0,0.0,0.00003209762811072054,0.000032098464312869115,2.4654429480794637,31.137139867586026,49.42537543293543,0.17781126889471915,0.0003175559288303475,0.00011910040265265754,0.0006042942267873398,0.0012728189999999012,0.0012728189999999012,0.0012728189999999012,0.001003538999999908,0.001003538999999908,0.001003538999999908
2025-06-11T20:38:59Z,39.71814425147757,-75.47059324364486,-6.19263758443452,-616.327737237071,-820.3925829597921,-12.894629813832543,0.4083953739177792,-0.3435581697888017,-1.8969868167242214,0.0,0.0,0.0,0.0,0.0,0.0,0.00003310064799873753,0.00003310157060544329,2.513709898560545,31.02141927000702,51.623825821391705,0.18460702389256212,0.00032463008156490095,0.00011857657450679867,0.0006063580694409949,0.0012738219999999009,0.0012738219999999009,0.0012738219999999009,0.0010035519999999076,0.0010035519999999076,0.0010035519999999076
2025-06-11T20:39:00Z,39.70963082910843,-75.48087678613079,-6.7984687872886775,-613.976248629281,-821.5453012267943,-13.280422940045087,0.4224747188735889,-0.4881247449766103,-1.942769096538646,0.0,0.0,0.0,0.0,0.0,0.0,0.00003410367128434823,0.000034104683646698026,2.557972655875768,30.924120278644864,53.89073564972154,0.18917430204596017,0.0003317670136783146,0.00011777906917369725,0.0006085496523669186,0.0012748249999999005,0.0012748249999999005,0.0012748249999999005,0.0010035649999999073,0.0010035649999999073,0.0010035649999999073
2025-06-11T20:39:01Z,39.7014725602526,-75.49106615700104,-7.361252111299339,-611.4459170002197,-822.7269570275291,-13.402258882679524,0.31470165915573256,-0.356006425708567,-1.639257154833423,0.0,0.0,0.0,0.0,0.0,0.0,0.00003510669812861875,0.000035107804283650714,2.5948848861541616,30.83717107586941,56.27689557794405,0.19147342815261706,0.00033704784468704046,0.00011691531147194248,0.0006112848384754611,0.0012758279999999002,0.0012758279999999002,0.0012758279999999002,0.001003577999999907,0.001003577999999907,0.001003577999999907
2025-06-11T20:39:02Z,39.693230861104546,-75.50159359639635,-7.881975721005,-609.0146264346893,-824.8768529518541,-13.62523842727019,0.592998953873489,-0.522882446446596,-2.2687671193508554,0.0,0.0,0.0,0.0,0.0,0.0,0.00003610972670883318,0.00003611093173530926,2.6193171506546027,30.69393326485493,58.69152375518741,0.19760033439233218,0.00034376406652384685,0.00011587818632808864,0.0006138149050127161,0.0012768309999998998,0.0012768309999998998,0.0012768309999998998,0.0010035909999999066,0.0010035909999999066,0.0010035909999999066
2025-06-11T20:39:03Z,39.68553924227237,-75.51192030916027,-8.039999513494747,-606.4495084951975,-826.6982393357061,-13.508928885299436,0.5672280116742912,-0.5350992959069023,-2.191739653466656,0.0,0.0,0.0,0.0,0.0,0.0,0.00003711275919027813,0.000037114067176418295,2.646741855067168,30.612912222438947,61.18112093365151,0.19735968274503798,0.0003493346466777683,0.00011531484258984971,0.0006166276800206796,0.0012778339999998994,0.0012778339999998994,0.0012778339999998994,0.0010036039999999063,0.0010036039999999063,0.0010036039999999063
2025-06-11T20:39:04Z,39.67807415025849,-75.5223683348311,-8.506044580912683,-603.06439307282,-827.1679762286152,-14.584268290376919,0.6172329287073186,-0.6589289067401658,-2.2168002921430037,0.0,0.0,0.0,0.0,0.0,0.0,0.00003811579398658998,0.00003811721049421734,2.662510607505072,30.46687177901487,63.743822359888426,0.2082235638157685,0.0003540382935688134,0.0001150413521782066,0.0006196007889117866,0.001278836999999899,0.001278836999999899,0.001278836999999899,0.001003616999999906,0.001003616999999906,0.001003616999999906
2025-06-11T20:39:05Z,39.67077996507481,-75.53286444342919,-9.002910277334507,-600.41690315382,-830.0116940398882,-13.97504616656662,0.9476423869064622,-0.5532917615904146,-2.7594558467039487,0.0,0.0,0.0,0.0,0.0,0.0,0.00003911883070459246,0.00003912036103162515,2.69319854780726,30.37688536848379,66.29819857880828,0.2121881672120418,0.0003598513698523988,0.00011514361481353982,0.0006221337410737765,0.0012798399999998987,0.0012798399999998987,0.0012798399999998987,0.0010036299999999056,0.0010036299999999056,0.0010036299999999056
2025-06-11T20:39:06Z,39.66361188148476,-75.54351716157058,-9.56880912591716,-595.7045419362611,-832.3588422678209,-15.441495512308352,1.321787904270285,-0.6434809169405817,-3.108781718604324,0.0,0.0,0.0,0.0,0.0,0.0,0.000040121869032301576,0.0000401235197149789,2.7204515872168895,30.286443966927305,69.02535705428319,0.22343219498493824,0.00036409228084216457,0.00011560040659173126,0.0006248039564116281,0.0012808429999998983,0.0012808429999998983,0.0012808429999998983,0.0010036429999999053,0.0010036429999999053,0.0010036429999999053
2025-06-11T20:39:07Z,39.6566122764335,-75.55387326446969,-11.166685355601235,-590.136727059918,-832.9750357664891,-16.698879126148388,1.058416843578377,-1.0902785812263462,-2.6146428043743635,0.0,0.0,0.0,0.0,0.0,0.0,0.00004112490909742678,0.00004112668411610555,2.762393715078965,30.216390408113124,71.5587969252156,0.23021383670500983,0.0003692894190964333,0.00011663622219868802,0.0006263418738640379,0.001281845999999898,0.001281845999999898,0.001281845999999898,0.001003655999999905,0.001003655999999905,0.001003655999999905
2025-06-11T20:39:08Z,39.64970056941195,-75.56482118874908,-13.566640021375928,-585.7905378987175,-834.9378209371482,-18.75748175490958,0.3926229119204132,-1.0440839155088069,-1.7189879895318674,0.0,0.0,0.0,0.0,0.0,0.0,0.00004212795066579589,0.00004212985867555181,2.800806608481493,30.12200206207449,73.93397278671617,0.2493695983957112,0.00037143824643493916,0.00011789902834789207,0.0006288015809194566,0.0012828489999998976,0.0012828489999998976,0.0012828489999998976,0.0010036689999999046,0.0010036689999999046,0.0010036689999999046
2025-06-11T20:39:09Z,39.64294418563164,-75.57654705950115,-16.819341897997493,-581.2031070545254,-839.7557660758847,-20.306268047529375,0.173151918851478,-0.7983700647740826,-1.3248393210510334,0.0,0.0,0.0,0.0,0.0,0.0,0.00004313099384401538,0.00004313304207753063,2.8599283100153383,30.0663766941273,76.4625304312532,0.2714955065560834,0.0003712690255048595,0.00011973432440674097,0.0006315267681009982,0.0012838519999998973,0.0012838519999998973,0.0012838519999998973,0.0010036819999999043,0.0010036819999999043,0.0010036819999999043
2025-06-11T20:39:10Z,39.63599257739453,-75.58917472696352,-19.629133609487987,-577.2747411693882,-847.4734048774123,-21.159748858753318,0.3838251074745453,-0.7265142197555768,-1.553769496177906,0.0,0.0,0.0,0.0,0.0,0.0,0.000044134037403296404,0.0000441362327893332,2.9368236977480966,30.047414422950784,78.59597215408535,0.2964130799389962,0.00036951199832763605,0.00012224948925671617,0.0006338551501101176,0.001284854999999897,0.001284854999999897,0.001284854999999897,0.001003694999999904,0.001003694999999904,0.001003694999999904
2025-06-11T20:39:11Z,39.62929457374055,-75.60235592529234,-21.166596028756185,-573.8754858024387,-856.7252743771517,-20.437998330559516,0.5893060198739692,-0.7854085353880501,-1.7804430520051244,0.0,0.0,0.0,0.0,0.0,0.0,0.000045137083089706324,0.00004513943013042723,3.030364205880075,30.098194209777926,80.54448387112545,0.3137093964496948,0.0003658398376786396,0.0001255286414039397,0.0006358039807519725,0.0012858579999998965,0.0012858579999998965,0.0012858579999998965,0.0010037079999999036,0.0010037079999999036,0.0010037079999999036
2025-06-11T20:39:12Z,39.62278612271072,-75.61604146411234,-20.726435412165934,-570.5069709218051,-867.5208225185074,-19.793634946325135,0.616573583702799,-0.8790673118902939,-1.75225005500244,0.0,0.0,0.0,0.0,0.0,0.0,0.000046140130266644506,0.000046142633523658724,3.1149967737299993,30.204904809780963,82.05511496526972,0.3206603549649777,0.00035883139817677486,0.00012977912712748733,0.0006375035767146025,0.0012868609999998962,0.0012868609999998962,0.0012868609999998962,0.0010037209999999032,0.0010037209999999032,0.0010037209999999032
2025-06-11T20:39:13Z,39.61630913063275,-75.63035738726214,-19.562249261766,-566.945030656349,-878.7478431955608,-19.411420031085935,0.4835887747405689,-0.9619443687168722,-1.505265091399092,0.0,0.0,0.0,0.0,0.0,0.0,0.00004714317826938721,0.000047145841549811076,3.171956078300832,30.394428654244706,83.13340552633936,0.33922241733415737,0.00034856060450229586,0.00013529480167564706,0.0006387337484527086,0.0012878639999998958,0.0012878639999998958,0.0012878639999998958,0.001003733999999903,0.001003733999999903,0.001003733999999903
2025-06-11T20:39:14Z,39.60972916029836,-75.64524140028423,-18.128530584876184,-563.4204972925462,-891.4562666821471,-18.69066473235982,0.43005918474689653,-0.7781756945079615,-1.3270111035178327,0.0,0.0,0.0,0.0,0.0,0.0,0.00004814622661804951,0.00004814905443381057,3.233779277132677,30.669206734052093,83.67025392999012,0.3615571463948484,0.000335035905135317,0.00014209160959391447,0.0006397500123075191,0.0012888669999998954,0.0012888669999998954,0.0012888669999998954,0.0010037469999999026,0.0010037469999999026,0.0010037469999999026
2025-06-11T20:39:15Z,39.60290898150891,-75.66086095026508,-16.295846816070565,-559.2560997396104,-906.1525762915832,-17.54366855074459,0.5435562969332314,-0.7580923433525544,-1.3172172225993126,0.0,0.0,0.0,0.0,0.0,0.0,0.0000491492747328866,0.00004915226928245472,3.306034162579086,31.01049009566659,83.97058257804724,0.3677395590978587,0.0003187948270530174,0.00015018730659782298,0.0006399960463306417,0.001289869999999895,0.001289869999999895,0.001289869999999895,0.0010037599999999022,0.0010037599999999022,0.0010037599999999022
2025-06-11T20:39:16Z,39.595901463625516,-75.67698427548149,-13.877452663502545,-553.7727236435906,-922.32823404248,-16.282230391576118,0.812821621596949,-0.7077270945211519,-1.6475862894097746,0.0,0.0,0.0,0.0,0.0,0.0,0.00005015232242867312,0.00005015548550324695,3.355404791403894,31.409180795569995,83.9090212154488,0.3631227892951351,0.00029933799833910463,0.00015931719211973033,0.0006396205325163608,0.0012908729999998947,0.0012908729999998947,0.0012908729999998947,0.001003772999999902,0.001003772999999902,0.001003772999999902
2025-06-11T20:39:17Z,39.58876621077475,-75.69297796492114,-11.187798139268972,-549.168054020618,-936.2422577224262,-15.334190207679248,1.2231268551235965,-0.813657297275081,-2.1017633412494825,0.0,0.0,0.0,0.0,0.0,0.0,0.00005115536838642022,0.00005115871061017615,3.3513555819035465,31.878218130030024,83.52275430042447,0.34485468393225527,0.00027291137766835316,0.00016864507245032873,0.0006409104448137347,0.0012918759999998944,0.0012918759999998944,0.0012918759999998944,0.0010037859999999016,0.0010037859999999016,0.0010037859999999016
2025-06-11T20:39:18Z,39.58178558106058,-75.70815813580214,-8.921283513781049,-545.6427247508279,-946.4664031825392,-14.44069169398111,1.2393026417571915,-0.838682838317418,-2.0543920153262203,0.0,0.0,0.0,0.0,0.0,0.0,0.00005215841555502005,0.000052161931474903615,3.3372067495249067,32.42496524511269,82.2354456252516,0.3386570550434548,0.00025381712087740155,0.0001785913731640316,0.0006390990145331413,0.001292878999999894,0.001292878999999894,0.001292878999999894,0.0010037989999999012,0.0010037989999999012,0.0010037989999999012
2025-06-11T20:39:19Z,39.574677218366645,-75.7236133737332,-7.227557805993142,-541.7262264088425,-956.0333941497677,-14.72286276848044,1.2915701134539845,-0.9779526054472363,-2.0475979857939914,0.0,0.0,0.0,0.0,0.0,0.0,0.00005316146212461528,0.000053165160669116185,3.314030321190793,33.04663969395732,80.89414208814276,0.3367647210516573,0.00023503433187919924,0.00018841965784214504,0.0006379801844303518,0.0012938819999998936,0.0012938819999998936,0.0012938819999998936,0.0010038119999999009,0.0010038119999999009,0.0010038119999999009
2025-06-11T20:39:20Z,39.56740974650988,-75.73873409073396,-6.420101912177186,-538.3397356339602,-963.8049488400841,-14.921218081174668,1.3072558934561482,-0.8593300856338051,-1.9818304878583035,0.0,0.0,0.0,0.0,0.0,0.0,0.00005416450732505376,0.0000541683952597914,3.2980388210366516,33.76718386121184,79.3720347964563,0.34571989706436007,0.00021712215310320396,0.00019802403593842605,0.0006368792669776636,0.0012948849999998933,0.0012948849999998933,0.0012948849999998933,0.0010038249999999005,0.0010038249999999005,0.0010038249999999005
2025-06-11T20:39:21Z,39.559954691460796,-75.75385433519054,-6.26424733399735,-535.3484678382456,-971.0097189908498,-15.09654114008377,1.3903826767904297,-0.8596201029117589,-2.014299477243478,0.0,0.0,0.0,0.0,0.0,0.0,0.00005516755097096739,0.00005517163486787365,3.308433278966312,34.52317574249828,77.60377201561377,0.3493586530778607,0.00020004800635999023,0.0002072033289872283,0.0006357456450929072,0.001295887999999893,0.001295887999999893,0.001295887999999893,0.0010038379999999002,0.0010038379999999002,0.0010038379999999002
2025-06-11T20:39:22Z,39.55225876966367,-75.76900664120276,-6.2657894305184545,-532.3135577862278,-977.5591736045859,-15.727424860086757,1.552215253670335,-0.870591115669531,-2.162629665021218,0.0,0.0,0.0,0.0,0.0,0.0,0.000056170593579532924,0.000056174880620998446,3.3195598466125653,35.336434407857844,75.6960184818178,0.3541744678334894,0.00018335065194836114,0.000215481696680334,0.0006348625487124552,0.0012968909999998925,0.0012968909999998925,0.0012968909999998925,0.0010038509999998999,0.0010038509999998999,0.0010038509999998999
2025-06-11T20:39:23Z,39.544461749351306,-75.7838058637191,-6.959597247031488,-530.3332145816493,-982.6733017419455,-16.277669526012176,1.5075921241952128,-0.8779421818944269,-2.0061209179854615,0.0,0.0,0.0,0.0,0.0,0.0,0.00005717363534768063,0.000057178128345616463,3.3371334983876992,36.18859186268687,73.4784849194826,0.36320689429423847,0.00016809297818869183,0.0002232732929163051,0.0006333917521396142,0.0012978939999998922,0.0012978939999998922,0.0012978939999998922,0.0010038639999998995,0.0010038639999998995,0.0010038639999998995
2025-06-11T20:39:24Z,39.53646846356046,-75.79892950734411,-7.915753083948571,-528.1771241934681,-988.3524386572603,-16.823489683291868,1.6270279006222133,-0.7543454160080991,-2.1183199972560627,0.0,0.0,0.0,0.0,0.0,0.0,0.00005817667692672706,0.000058181382118079384,3.3631174189055533,37.05980919697055,71.18997206121246,0.3701706779101142,0.00015396559249713045,0.00022992261340568584,0.0006321097553901775,0.0012988969999998918,0.0012988969999998918,0.0012988969999998918,0.0010038769999998992,0.0010038769999998992,0.0010038769999998992
2025-06-11T20:39:25Z,39.528286271716354,-75.81370342945637,-8.984907226259516,-526.4116454048149,-992.8029926691281,-17.244688650759258,1.7016859525454842,-0.7465178286804758,-2.12689183987406,0.0,0.0,0.0,0.0,0.0,0.0,0.000059179719133778246,0.000059184642311517783,3.3895586622255296,37.940281053221284,68.92080278837301,0.3715411945784695,0.00014130407588368828,0.0002351220813575105,0.0006310209584311853,0.0012998999999998915,0.0012998999999998915,0.0012998999999998915,0.0010038899999998989,0.0010038899999998989,0.0010038899999998989
2025-06-11T20:39:26Z,39.52000899318022,-75.8284800378108,-10.054994451393146,-524.9703728630795,-996.9377542803205,-17.800709385164467,1.7990540301897517,-0.6536565060705845,-2.2012769271221937,0.0,0.0,0.0,0.0,0.0,0.0,0.000060182762649288435,0.00006018790493361081,3.4070206938022713,38.79239042024013,66.52416361201894,0.3730698017039494,0.00013061461499392688,0.00023909266565446947,0.0006294653637009132,0.001300902999999891,0.001300902999999891,0.001300902999999891,0.0010039029999998985,0.0010039029999998985,0.0010039029999998985
2025-06-11T20:39:27Z,39.98228992788636,-75.16559076170121,-28.069552801611213,-363.2459724331672,-380.67032409959086,-23.947470401359976,1.730190326364832,-0.9049973457737552,-1.16265960357391,0.0,0.0,0.0,0.0,0.0,0.0,1.0043254633429677e-6,1.0043258490663984e-6,2.7435245882758483,14.584557480902761,17.36450891961373,0.31431791465317394,0.00011589875111683483,0.0002304943760425923,0.00044689402945955554,0.0013019069999998906,0.0013019069999998906,0.0013019069999998906,0.001003916999999898,0.001003916999999898,0.001003916999999898
2025-06-11T20:39:28Z,39.97899599602578,-75.17014110218742,-29.868830717375825,-369.98838920287847,-383.9706510742947,-23.792743291510895,1.8022955385528736,-0.7357867497950042,-1.1511667194155857,0.0,0.0,0.0,0.0,0.0,0.0,2.0073265488655605e-6,2.007328040076238e-6,2.9754903574066653,14.667870101412039,16.86415196011687,0.3481854942008157,0.00011352895491345758,0.00023450225830495464,0.00045189899305576533,0.0013029099999998903,0.0013029099999998903,0.0013029099999998903,0.0010039299999998978,0.0010039299999998978,0.0010039299999998978
2025-06-11T20:39:29Z,39.975669879465144,-75.17478797056219,-29.74070479116792,-376.3841620268471,-388.83848646441703,-23.670734607601783,1.917218839926554,-0.6407689086943887,-1.2097703284431263,0.0,0.0,0.0,0.0,0.0,0.0,3.0103283628468275e-6,3.0103316090350612e-6,3.1483570062855404,14.697843358494044,16.421465955903358,0.382409572526825,0.00011179904171696966,0.0002343454909191405,0.000456790787457279,0.00130391299999989,0.00130391299999989,0.00130391299999989,0.0010039429999998974,0.0010039429999998974,0.0010039429999998974
2025-06-11T20:39:30Z,39.97231143651611,-75.17953808010625,-28.188534462029757,-381.2244323902328,-393.49929708297304,-22.5379684726951,1.969449740251157,-0.5728806369184845,-1.1689379740856431,0.0,0.0,0.0,0.0,0.0,0.0,4.013330904177931e-6,4.013336498549765e-6,3.2900017177433463,14.74192702611215,16.076704316102578,0.4123059484952666,0.00011243177709711656,0.000228693449877975,0.0004616198372913928,0.0013049159999998896,0.0013049159999998896,0.0013049159999998896,0.001003955999999897,0.001003955999999897,0.001003955999999897
2025-06-11T20:39:31Z,39.96890731985484,-75.18437700724897,-25.16634850521389,-385.34800593274434,-398.97561654972304,-21.278265089665464,2.0262379048811656,-0.5158310137049578,-1.18180197268268,0.0,0.0,0.0,0.0,0.0,0.0,5.016334178525694e-6,5.016342675307626e-6,3.4187335965336674,14.732043598081445,15.805792361438725,0.43164625494535785,0.00011619160497650438,0.0002171226804703939,0.000466324415678016,0.0013059189999998892,0.0013059189999998892,0.0013059189999998892,0.0010039689999998967,0.0010039689999998967,0.0010039689999998967
2025-06-11T20:39:32Z,39.965431957990205,-75.18927763401675,-21.87888289356716,-389.07667913946693,-404.27445183923,-20.260056863033753,2.0560657500701476,-0.4028854422648838,-1.1656929634054412,0.0,0.0,0.0,0.0,0.0,0.0,6.019338185644382e-6,6.01935011884503e-6,3.5182069981503967,14.691873552846534,15.612629524110247,0.44301997786643593,0.00012276546852676228,0.0002010520847519836,0.00047092267960954364,0.0013069219999998888,0.0013069219999998888,0.0013069219999998888,0.0010039819999998964,0.0010039819999998964,0.0010039819999998964
2025-06-11T20:39:33Z,39.961867755259355,-75.19421957827684,-18.868813509753366,-392.59748688801153,-409.3140504574148,-19.4980513073736,2.07578765350975,-0.31626046843482575,-1.1571199623909674,0.0,0.0,0.0,0.0,0.0,0.0,7.022342924113015e-6,7.022358823753182e-6,3.589049076418156,14.620953014091958,15.504558853204136,0.44244971489600576,0.00013142842844212512,0.00018269576406599545,0.0004754120553304701,0.0013079249999998885,0.0013079249999998885,0.0013079249999998885,0.001003994999999896,0.001003994999999896,0.001003994999999896
2025-06-11T20:39:34Z,39.95820314857102,-75.19918846556317,-16.442812767731414,-396.03819162665366,-414.09000553719795,-19.017789136028682,2.083578325087977,-0.23571321171200882,-1.1500442085195486,0.0,0.0,0.0,0.0,0.0,0.0,8.02534838478696e-6,8.025368799030203e-6,3.622541421591668,14.529669294229208,15.478217139170058,0.4321395367060799,0.000141185690690785,0.00016429605564585283,0.00047980071877954804,0.0013089279999998881,0.0013089279999998881,0.0013089279999998881,0.0010040079999998957,0.0010040079999998957,0.0010040079999998957
2025-06-11T20:39:35Z,39.95442969336337,-75.20417305573527,-14.804745336571063,-399.54449351263884,-418.4790100707374,-18.818034210817125,2.0819373809472212,-0.16392729577892337,-1.1423241353292886,0.0,0.0,0.0,0.0,0.0,0.0,9.028354551146792e-6,9.028380062669381e-6,3.6195730843778535,14.4321885951064,15.52751399400583,0.4154015292336603,0.00015113763227693364,0.00014765500372646272,0.0004840911258616666,0.0013099309999998877,0.0013099309999998877,0.0013099309999998877,0.0010040209999998954,0.0010040209999998954,0.0010040209999998954
2025-06-11T20:39:36Z,39.95053899045753,-75.20916776664006,-13.848884478027387,-403.07150935737815,-422.6023705992806,-18.784993159847136,2.071673837720608,-0.09001404782135727,-1.1284401712476952,0.0,0.0,0.0,0.0,0.0,0.0,0.000010031361400302569,0.000010031392637871478,3.5877152650181974,14.338008907134217,15.644989228950143,0.394965101177742,0.00016062516647580145,0.0001338376569455433,0.000488286845862186,0.0013109339999998874,0.0013109339999998874,0.0013109339999998874,0.001004033999999895,0.001004033999999895,0.001004033999999895
2025-06-11T20:39:37Z,39.94652335642492,-75.21416899045549,-13.475270703953285,-406.5788649566237,-426.51334949663186,-18.833646604770717,2.056266286162444,-0.025696004490316535,-1.1184611358747463,0.0,0.0,0.0,0.0,0.0,0.0,0.000011034368903897643,0.000011034406552589669,3.535168196831498,14.254610091411866,15.821187584322118,0.3731189196685569,0.0001692576986492301,0.00012322332450483186,0.0004923902803436423,0.001311936999999887,0.001311936999999887,0.001311936999999887,0.0010040469999998947,0.0010040469999998947,0.0010040469999998947
2025-06-11T20:39:38Z,39.942374989399774,-75.21917456554684,-13.500439429674607,-410.00176861564825,-430.2103813436094,-18.797502708999488,2.036710999956307,0.027498111929023437,-1.0988663487513173,0.0,0.0,0.0,0.0,0.0,0.0,0.000012037377028929261,0.00001203742183965474,3.4694241385318922,14.190151528551235,16.047477116694626,0.3512650135641531,0.00017686758296251817,0.00011573278493783029,0.0004964043060998718,0.0013129399999998867,0.0013129399999998867,0.0013129399999998867,0.0010040599999998944,0.0010040599999998944,0.0010040599999998944
2025-06-11T20:39:39Z,39.93808541150925,-75.22417901279479,-13.212685359296945,-413.02216284995677,-433.06892832712276,-17.816651828146277,2.026042399246673,-0.1342383995764424,-1.0533426844359584,0.0,0.0,0.0,0.0,0.0,0.0,0.000013040385740385763,0.000013040438536289929,3.3965431501856105,14.154499646733148,16.305503413777423,0.3247783262378097,0.00018341514254573078,0.00011105054513401981,0.0005003326778550964,0.0013139429999998863,0.0013139429999998863,0.0013139429999998863,0.001004072999999894,0.001004072999999894,0.001004072999999894
2025-06-11T20:39:40Z,39.933649584061875,-75.22917550079848,-12.1358376143399,-415.89892380144505,-435.5351550410702,-16.725710865076877,1.9918887708590756,0.07610257211649757,-1.1364057162832433,0.0,0.0,0.0,0.0,0.0,0.0,0.00001404339500719481,0.000014043456688926516,3.309171317346452,14.142650117412206,16.60794531818624,0.2980994089310378,0.0001888516599145402,0.00010877485939854475,0.0005042010585930852,0.001314945999999886,0.001314945999999886,0.001314945999999886,0.0010040859999998937,0.0010040859999998937,0.0010040859999998937
2025-06-11T20:39:41Z,39.92901516910768,-75.2342763981738,-12.058496879823668,-419.04808932498656,-435.79680371166734,-16.31117222969901,2.0038326927191026,0.11527775158952361,-1.1268781239239047,0.0,0.0,0.0,0.0,0.0,0.0,0.00001504640478833439,0.000015046476326036446,3.2119116867151978,14.152422493227423,16.934112014046786,0.274995770120291,0.00019349653271043252,0.00010839718101018227,0.0005079301405239628,0.0013159489999998856,0.0013159489999998856,0.0013159489999998856,0.0010040989999998934,0.0010040989999998934,0.0010040989999998934
2025-06-11T20:39:42Z,39.92437361206454,-75.23930043378658,-11.07278044700358,-422.6735434004066,-435.0525971147982,-15.685513199912227,1.999832070882809,0.14757652431550577,-1.1883809443855096,0.0,0.0,0.0,0.0,0.0,0.0,0.000016049415021897323,0.00001604949749851488,3.1187642612887005,14.186078126450115,17.302721427483828,0.25861954009477833,0.000197579260070614,0.00010996441655762045,0.0005115610180485413,0.0013169519999998852,0.0013169519999998852,0.0013169519999998852,0.001004111999999893,0.001004111999999893,0.001004111999999893
2025-06-11T20:39:43Z,39.919556955397574,-75.2442522669185,-10.921915441351823,-426.8819027821002,-433.319452315378,-15.663518942014926,1.9411627162850549,0.1472248125551764,-1.279985259580732,0.0,0.0,0.0,0.0,0.0,0.0,0.000017052425650705047,0.000017052520246587477,3.038086517371613,14.237504011279375,17.69964927623067,0.2453663777150925,0.0002012070798726774,0.00011282434065023206,0.000515115999717227,0.0013179549999998849,0.0013179549999998849,0.0013179549999998849,0.0010041249999998927,0.0010041249999998927,0.0010041249999998927
2025-06-11T20:39:44Z,39.914526510577446,-75.24913622812892,-10.47832225926652,-430.4521838162282,-435.20747152032556,-15.374364273566393,1.932573188629311,0.1320613966347956,-1.1984641782848164,0.0,0.0,0.0,0.0,0.0,0.0,0.000018055436619672775,0.000018055544628862445,2.969386817323867,14.311036804004688,18.135440541592438,0.23398603968509457,0.00020447824589492821,0.00011662543248492801,0.0005185931083024436,0.0013189579999998845,0.0013189579999998845,0.0013189579999998845,0.0010041379999998924,0.0010041379999998924,0.0010041379999998924
2025-06-11T20:39:45Z,39.90931724125012,-75.25395894785821,-11.0750728799077,-435.42498184281493,-432.64369382635033,-15.401345952486178,1.8958707190692863,0.25312393632407415,-1.2633415005015687,0.0,0.0,0.0,0.0,0.0,0.0,0.0000190584479004416,0.000019058570686148463,2.909705380595668,14.401675688578827,18.608512605807185,0.22399630769164153,0.00020756306969777657,0.00012105360726396612,0.0005219917989845114,0.0013199609999998841,0.0013199609999998841,0.0013199609999998841,0.001004150999999892,0.001004150999999892,0.001004150999999892
2025-06-11T20:39:46Z,39.903971574989235,-75.25881122383204,-11.000985032671146,-438.911027841844,-434.4770487752222,-15.286403658891768,1.8575762375150406,0.23076086747003657,-1.2780149811525434,0.0,0.0,0.0,0.0,0.0,0.0,0.00002006145947485958,0.000020061598495234695,2.8569048323425306,14.526638052064927,19.080728326893347,0.21908489968673445,0.00021068045042212224,0.00012583341735688476,0.0005253299602673247,0.0013209639999998838,0.0013209639999998838,0.0013209639999998838,0.0010041639999998917,0.0010041639999998917,0.0010041639999998917
2025-06-11T20:39:47Z,39.89849735814746,-75.26368953178486,-11.09363810933303,-442.36528550195294,-436.67213964117497,-15.18357447231146,1.8159399757394696,0.2908848486793064,-1.2652303176874862,0.0,0.0,0.0,0.0,0.0,0.0,0.000021064471334087293,0.00002106462812545464,2.818433019118151,14.672552639064213,19.601213175407555,0.21559102268846173,0.00021404014473394735,0.0001308221038329242,0.0005285723801390328,0.0013219669999998834,0.0013219669999998834,0.0013219669999998834,0.0010041769999998913,0.0010041769999998913,0.0010041769999998913
2025-06-11T20:39:48Z,39.89258074500215,-75.26833040024071,-12.09952852383538,-447.86404190546875,-433.43461898288,-15.562257979347507,1.7896452794055089,0.37215823836411155,-1.3174983452294469,0.0,0.0,0.0,0.0,0.0,0.0,0.000022067483491823706,0.0000220676596142831,2.7904191293960277,14.844019527995377,20.127257230764666,0.21240123440592465,0.00021749817020723486,0.0001358994563259006,0.0005317546102368872,0.001322969999999883,0.001322969999999883,0.001322969999999883,0.001004189999999891,0.001004189999999891,0.001004189999999891
2025-06-11T20:39:49Z,39.886402889669895,-75.27288609504699,-13.263839758280149,-453.78869033886184,-429.6571744587022,-15.812801915549487,1.7506593150233039,0.3439011365331966,-1.4106101680563041,0.0,0.0,0.0,0.0,0.0,0.0,0.00002307049600873121,0.000023070693028304145,2.768661691842428,15.037886067119064,20.70264191040416,0.21088632871936036,0.000220999851128671,0.00014107340562106305,0.0005348485950832782,0.0013239729999998827,0.0013239729999998827,0.0013239729999998827,0.0010042029999998907,0.0010042029999998907,0.0010042029999998907
2025-06-11T20:39:50Z,39.88048250642177,-75.27771177596564,-13.24078953839631,-456.666954314106,-431.89598657644035,-15.358144837371178,1.7247261235268305,0.36439805204124465,-1.3704345634242119,0.0,0.0,0.0,0.0,0.0,0.0,0.00002407350895182124,0.000024073728465056883,2.7543182019482595,15.260957898133315,21.28815838981793,0.2080467651376108,0.0002245920804383811,0.0001462909941720283,0.0005378802156063487,0.0013249759999998823,0.0013249759999998823,0.0013249759999998823,0.0010042159999998903,0.0010042159999998903,0.0010042159999998903
2025-06-11T20:39:51Z,39.8738867807246,-75.28210261173322,-13.785992854086384,-462.8611080350843,-427.1113528920985,-15.33321935581177,1.6807037841933186,0.38880100501814385,-1.4691356938555749,0.0,0.0,0.0,0.0,0.0,0.0,0.000025076522436280308,0.000025076765957362493,2.7406723764569514,15.492047774950045,21.911662492387762,0.2039404409396713,0.0002282271876749652,0.00015154114897092828,0.0005408354156388574,0.001325978999999882,0.001325978999999882,0.001325978999999882,0.00100422899999989,0.00100422899999989,0.00100422899999989
2025-06-11T20:39:52Z,39.867808630434325,-75.286929935395,-13.335484843530658,-465.13767016077486,-429.9670126514392,-14.936179529985793,1.66303690716192,0.46142356389120337,-1.4066514230067604,0.0,0.0,0.0,0.0,0.0,0.0,0.000026079536503191566,0.0000260798056219745,2.7240728977905837,15.776160347951569,22.5189436862967,0.20106520899769476,0.0002319108428691884,0.0001568121970992081,0.0005437329204212464,0.0013269819999998816,0.0013269819999998816,0.0013269819999998816,0.0010042419999998897,0.0010042419999998897,0.0010042419999998897
2025-06-11T20:39:53Z,39.86076198137605,-75.291216160778,-13.481195825570442,-470.97891172093847,-425.77528176572025,-14.842419154238367,1.632142925949342,0.46467707730694136,-1.488089872062015,0.0,0.0,0.0,0.0,0.0,0.0,0.000027082551187897173,0.00002708284749869093,2.7082252771777595,16.09155549510562,23.1495278758745,0.19869540659877374,0.00023567273635450553,0.0001621339015163738,0.0005465497200517096,0.0013279849999998812,0.0013279849999998812,0.0013279849999998812,0.0010042549999998893,0.0010042549999998893,0.0010042549999998893
2025-06-11T20:39:54Z,39.85360722377194,-75.29537715752961,-14.162188455950227,-477.6838992843576,-420.9005976819716,-14.927841721781592,1.6053831937933574,0.4769651113790686,-1.5810028238930327,0.0,0.0,0.0,0.0,0.0,0.0,0.000028085566570401668,0.00002808589162491429,2.6941422606530003,16.415311799558644,23.845053765422264,0.19662078856252627,0.0002394543507222937,0.00016757956773150252,0.0005493009725844707,0.0013289879999998809,0.0013289879999998809,0.0013289879999998809,0.001004267999999889,0.001004267999999889,0.001004267999999889
2025-06-11T20:39:55Z,39.84732473361421,-75.30017752397283,-13.259575917367679,-479.71260531754314,-423.9386181134894,-14.352027508489986,1.5624557686880371,0.5121681595380403,-1.561363839083602,0.0,0.0,0.0,0.0,0.0,0.0,0.00002908858268851539,0.000029088938154006137,2.6818239334652527,16.804529820259493,24.531736532457597,0.19672363056067263,0.0002430126448527878,0.0001732793469848271,0.0005519782253320942,0.0013299909999998805,0.0013299909999998805,0.0013299909999998805,0.0010042809999998886,0.0010042809999998886,0.0010042809999998886
2025-06-11T20:39:56Z,39.83978293878767,-75.30421414341687,-13.804332684917977,-486.60649559498574,-419.2983409138769,-14.36878976257955,1.5607731959016093,0.5579987424560366,-1.6076236100198587,0.0,0.0,0.0,0.0,0.0,0.0,0.000030091599483483837,0.000030091987099222036,2.6745917900741154,17.20662626774437,25.26862117943105,0.19545688081932525,0.00024639295301818207,0.00017910740102301882,0.0005546084069862538,0.0013309939999998801,0.0013309939999998801,0.0013309939999998801,0.0010042939999998883,0.0010042939999998883,0.0010042939999998883
2025-06-11T20:39:57Z,39.83207083390111,-75.3081284409356,-14.062945315038958,-493.7856725397802,-414.33954799917325,-14.485505051433131,1.483665541744594,0.6087556827672611,-1.773433525025419,0.0,0.0,0.0,0.0,0.0,0.0,0.0000310946172130022,0.00003109503853244829,2.6680725304697095,17.6404508509702,26.041759156529434,0.19574299080162444,0.0002494007261625771,0.00018522689546751183,0.0005571529645840501,0.0013319969999998798,0.0013319969999998798,0.0013319969999998798,0.001004306999999888,0.001004306999999888,0.001004306999999888
2025-06-11T20:39:58Z,39.8257065299695,-75.31287469405957,-12.826089741437455,-495.9766467751141,-416.84857943861147,-13.927588218309102,1.531542849388663,0.4467812795866616,-1.6383716995711601,0.0,0.0,0.0,0.0,0.0,0.0,0.000032097635898671435,0.000032098092631953476,2.6654309807640124,18.13071287316959,26.812029252143052,0.19791464997023822,0.00025209107375394286,0.000191569919613831,0.0005596200819897153,0.0013329999999998794,0.0013329999999998794,0.0013329999999998794,0.0010043199999998876,0.0010043199999998876,0.0010043199999998876
2025-06-11T20:39:59Z,39.81783047741023,-75.31671017555554,-12.87458555726998,-503.2326538055835,-412.4624991817731,-13.992349262996186,1.5953724299163496,0.6783947571311367,-1.593395984360146,0.0,0.0,0.0,0.0,0.0,0.0,0.00003310065561371219,0.000033101149399966,2.669020943181712,18.60479410359336,27.655091949507316,0.1926086472148884,0.00025448754114848027,0.0001980460848965712,0.0005620192130782241,0.001334002999999879,0.001334002999999879,0.001334002999999879,0.0010043329999998873,0.0010043329999998873,0.0010043329999998873
2025-06-11T20:40:00Z,39.80988526363964,-75.32043205379179,-13.213846728907038,-510.81576627310756,-408.16722881603107,-14.784716003813525,1.4715943476884963,0.670658141398337,-1.8196146931418664,0.0,0.0,0.0,0.0,0.0,0.0,0.000034103676714870144,0.00003410420893895372,2.659339352127972,19.182507685304042,28.50527310279531,0.19922770359733888,0.00025649989282890335,0.000204683452575238,0.0005643294152830216,0.0013350059999998787,0.0013350059999998787,0.0013350059999998787,0.001004345999999887,0.001004345999999887,0.001004345999999887
2025-06-11T20:40:01Z,39.80365641524264,-75.325169468148,-12.834048052098188,-512.8757764584049,-411.4783138648985,-14.674341966862297,1.4646713705678198,0.6623303158830699,-1.765003652719062,0.0,0.0,0.0,0.0,0.0,0.0,0.0000351066973972311,0.00003510727108664632,2.667683042281581,19.746698034506387,29.312315395440656,0.20192187088125793,0.000259303234443898,0.0002103223432191554,0.0005667844428421424,0.0013360089999998783,0.0013360089999998783,0.0013360089999998783,0.0010043589999998866,0.0010043589999998866,0.0010043589999998866
2025-06-11T20:40:02Z,39.795263133373524,-75.32869426510719,-14.08786330079845,-521.1233379963319,-406.34604245429665,-15.319114840484318,1.4299356730591686,0.7119886251255862,-1.8485030996380458,0.0,0.0,0.0,0.0,0.0,0.0,0.00003610972044818183,0.00003611033639939268,2.679961525818681,20.360539000290174,30.206051249392946,0.20323384718216692,0.00026142394496158017,0.0002169898690540532,0.0005690202930015435,0.001337011999999878,0.001337011999999878,0.001337011999999878,0.0010043719999998863,0.0010043719999998863,0.0010043719999998863
2025-06-11T20:40:03Z,39.78667125757486,-75.33209586722957,-15.394307481333923,-529.6690539800638,-400.9979945204809,-15.946568444621395,1.4178621894355656,0.7049345076869142,-1.8934405919368176,0.0,0.0,0.0,0.0,0.0,0.0,0.00003711274494897818,0.00003711340472647689,2.690045450603064,21.009488616071685,31.155045865012582,0.20556559610714883,0.0002632916830603994,0.0002237119752095517,0.0005711980949648114,0.0013380149999998776,0.0013380149999998776,0.0013380149999998776,0.001004384999999886,0.001004384999999886,0.001004384999999886
2025-06-11T20:40:04Z,39.77794576866936,-75.33536479626868,-16.569567634936565,-538.396543422128,-395.3989299576379,-16.325911988015392,1.4070258736225079,0.7709431960509222,-1.9486704367498175,0.0,0.0,0.0,0.0,0.0,0.0,0.00003811577106263859,0.000038116476170570393,2.701299531430187,21.68786261356756,32.152994612944255,0.20576589088736047,0.0002651130517951361,0.00023043853891457878,0.0005733084905744901,0.0013390179999998772,0.0013390179999998772,0.0013390179999998772,0.0010043979999998856,0.0010043979999998856,0.0010043979999998856
2025-06-11T20:40:05Z,39.76907024626955,-75.33851014132031,-17.19620243404111,-547.5293346545095,-389.94822769505896,-16.93923650792835,1.3846312298242052,0.7987515678882843,-2.02498099290777,0.0,0.0,0.0,0.0,0.0,0.0,0.00003911879899187796,0.00003911955087084564,2.7080750937848235,22.4268350686022,33.22955151552356,0.21098709510892458,0.00026700259173707765,0.0002370565809411428,0.0005753525300202461,0.0013400209999998769,0.0013400209999998769,0.0013400209999998769,0.0010044109999998853,0.0010044109999998853,0.0010044109999998853
2025-06-11T20:40:06Z,39.76019021211764,-75.34157159096388,-18.242660721515833,-556.5157533021371,-384.3778908037571,-17.605166228660927,1.3803779349687009,0.8047641447147605,-2.0632986389966788,0.0,0.0,0.0,0.0,0.0,0.0,0.00004012182880034635,0.00004012262899315191,2.723803918059686,23.17072647649453,34.33581178705367,0.214436962245181,0.0002692150279259177,0.0002434355628932985,0.0005773338092716428,0.0013410239999998765,0.0013410239999998765,0.0013410239999998765,0.001004423999999885,0.001004423999999885,0.001004423999999885
2025-06-11T20:40:07Z,39.75389881119801,-75.34606040818385,-18.00192330457805,-559.0167536164826,-387.91289713732175,-17.760901187956353,1.3016995770258264,0.8809720081985799,-2.085593267247306,0.0,0.0,0.0,0.0,0.0,0.0,0.000041124860219169464,0.00004112571071866954,2.7398043223577977,23.977694938648625,35.44730762926263,0.2176018004588344,0.0002720726188679147,0.0002494405850562531,0.0005792893505612987,0.0013420269999998762,0.0013420269999998762,0.0013420269999998762,0.0010044369999998846,0.0010044369999998846,0.0010044369999998846
2025-06-11T20:40:08Z,39.745059579745565,-75.34908942380369,-19.612663686829606,-568.1324556742663,-383.3965282141268,-19.021134472443485,1.2856482013826735,0.9061292864917743,-2.1473413534486543,0.0,0.0,0.0,0.0,0.0,0.0,0.000042127894141953544,0.00004212879625170106,2.756538997210672,24.82816470125084,36.65437935962369,0.22476765178750097,0.0002751967320011604,0.0002549157033354332,0.0005811840128266153,0.0013430299999998758,0.0013430299999998758,0.0013430299999998758,0.0010044499999998843,0.0010044499999998843,0.0010044499999998843
2025-06-11T20:40:09Z,39.736287760526295,-75.35210208835636,-21.73561605207882,-577.1610769881321,-378.887862114257,-19.96453666749894,1.3033167666968557,0.9132700117436106,-2.178341568985244,0.0,0.0,0.0,0.0,0.0,0.0,0.00004313093032468254,0.000043131885709931976,2.782124053815791,25.686066468099117,37.96046672207835,0.23076259815736266,0.0002786230785503272,0.00025990453838959146,0.0005830491396286271,0.0013440329999998754,0.0013440329999998754,0.0013440329999998754,0.001004462999999884,0.001004462999999884,0.001004462999999884
2025-06-11T20:40:10Z,39.72767280611563,-75.35503566413189,-23.69601801009975,-586.2722222525508,-374.12860056374194,-20.834669737234535,1.2982783240401876,0.9365331975508967,-2.227490812316758,0.0,0.0,0.0,0.0,0.0,0.0,0.00004413396922925095,0.00004413497920818277,2.809913969586104,26.53604106050094,39.344618227486336,0.23606355183980302,0.0002824862806258601,0.00026437442692009823,0.000584862364792103,0.001345035999999875,0.001345035999999875,0.001345035999999875,0.0010044759999998836,0.0010044759999998836,0.0010044759999998836
2025-06-11T20:40:11Z,39.72162556448983,-75.35964301233123,-24.280287023317456,-588.6356371106176,-379.0022333352318,-21.309718427107494,1.0549455693599625,1.017691273188441,-2.4426545291321067,0.0,0.0,0.0,0.0,0.0,0.0,0.00004513701029939279,0.00004513807711304042,2.836145008753086,27.464314806061015,40.755833259807815,0.24122650647545912,0.00028688555512114834,0.0002682408399967472,0.0005866729730529182,0.0013460389999998747,0.0013460389999998747,0.0013460389999998747,0.0010044889999998832,0.0010044889999998832,0.0010044889999998832
2025-06-11T20:40:12Z,39.713426909910936,-75.36285314835601,-25.8837638879603,-596.8818163541849,-376.3031997216908,-22.352967327577822,1.3189194815839553,0.9840443971722845,-2.211104325319542,0.0,0.0,0.0,0.0,0.0,0.0,0.00004614005423966779,0.0000461411797366352,2.862508149499,28.405303186903105,42.31663959269266,0.2506904407711222,0.0002913495501692995,0.00027094371962877866,0.0005885423707379438,0.0013470419999998744,0.0013470419999998744,0.0013470419999998744,0.001004501999999883,0.001004501999999883,0.001004501999999883
2025-06-11T20:40:13Z,39.70545414067451,-75.36599259527729,-28.09805397894909,-605.691295439531,-373.20774446667247,-23.96293150425278,1.2394076640154894,1.1578162447252267,-2.368443082746568,0.0,0.0,0.0,0.0,0.0,0.0,0.0000471431008456636,0.00004714428692747528,2.8975562830049486,29.298013255043152,43.95799042772853,0.2585210489514109,0.00029676048385966194,0.0002729251862486211,0.0005903737875480258,0.001348044999999874,0.001348044999999874,0.001348044999999874,0.0010045149999998826,0.0010045149999998826,0.0010045149999998826
2025-06-11T20:40:14Z,39.69754736711222,-75.36918353712386,-31.315951843724992,-614.6599805135494,-370.35115879248184,-25.926824569316196,1.2793836176300524,1.1504653328699055,-2.372464915646306,0.0,0.0,0.0,0.0,0.0,0.0,0.0000481461496033321,0.00004814739897666834,2.9324568042715367,30.110964275514124,45.70798803412626,0.2722377629531657,0.00030264291406740775,0.0002740280662248876,0.0005922534208061621,0.0013490479999998736,0.0013490479999998736,0.0013490479999998736,0.0010045279999998822,0.0010045279999998822,0.0010045279999998822
2025-06-11T20:40:15Z,39.68984487625997,-75.3725104478395,-34.09017340202989,-623.32288420834,-367.99164215449395,-28.08655288005268,1.3069859074521915,1.3091593089924805,-2.4048389558462113,0.0,0.0,0.0,0.0,0.0,0.0,0.000049149200722991694,0.000049150516118825306,2.9791700683004767,30.886723653394668,47.573806398154744,0.2877534819347187,0.0003091011339972321,0.0002739093714517064,0.0005941789411633718,0.0013500509999998733,0.0013500509999998733,0.0013500509999998733,0.001004540999999882,0.001004540999999882,0.001004540999999882
2025-06-11T20:40:16Z,39.684411531887704,-75.3780001581797,-37.598573476063365,-624.3236512121088,-377.13152670543707,-30.821178726375482,1.1089030744615083,1.4091029515917495,-2.5388897832784365,0.0,0.0,0.0,0.0,0.0,0.0,0.00005015225420782783,0.00005015363879016079,3.0354198300105883,31.65927576598856,49.368270582259626,0.30096236306096147,0.00031626090445358143,0.00027203737886189236,0.0005961572114129935,0.001351053999999873,0.001351053999999873,0.001351053999999873,0.0010045539999998816,0.0010045539999998816,0.0010045539999998816
2025-06-11T20:40:17Z,39.67762308047789,-75.38213317427706,-42.41390903413014,-631.0526630096479,-377.65789538413077,-33.577950272012515,0.9920151534593278,1.3850459961074928,-2.7355402692147517,0.0,0.0,0.0,0.0,0.0,0.0,0.000051155309827473126,0.00005115676680858219,3.0936052354378796,32.25523202061075,51.220709028269766,0.3161824079574829,0.00032387546239006276,0.0002679046561138605,0.0005982423322058904,0.0013520569999998725,0.0013520569999998725,0.0013520569999998725,0.0010045669999998812,0.0010045669999998812,0.0010045669999998812
2025-06-11T20:40:18Z,39.67290984552488,-75.38867906259708,-48.002913628592836,-629.8972893749583,-391.03697297884366,-36.08372984748245,1.376740298697317,1.4818136337717673,-2.2942815865474526,0.0,0.0,0.0,0.0,0.0,0.0,0.00005215836704822084,0.00005215990048149069,3.1541891080200033,32.9990493715544,53.114613925891156,0.32409957663051436,0.00033174813001143845,0.0002620215616825011,0.0006004126230308011,0.0013530599999998722,0.0013530599999998722,0.0013530599999998722,0.0010045799999998809,0.0010045799999998809,0.0010045799999998809
2025-06-11T20:40:19Z,39.668418335848415,-75.39584958710384,-52.689939844207316,-627.1265304061559,-406.55229394842286,-38.96768663231235,-1.631334807384715,1.5249602895263044,1.0310705889085934,0.0,0.0,0.0,0.0,0.0,0.0,0.000053161426197438806,0.00005316304006651149,3.2024127267596154,33.75551591852564,54.82616175584003,0.3209113749005589,0.00033943814687352345,0.00025409921906127,0.0006027335140260252,0.0013540629999998718,0.0013540629999998718,0.0013540629999998718,0.0010045929999998805,0.0010045929999998805,0.0010045929999998805
2025-06-11T20:40:20Z,39.663548093331606,-75.40265454661791,-56.5828652790354,-627.0402630949483,-418.0214136168474,-40.109489490133726,1.677711728919624,1.435375667213224,-1.9514422553031843,0.0,0.0,0.0,0.0,0.0,0.0,0.00005416448631909335,0.00005416618505259565,3.2202455093197195,34.49741119019648,56.63725454610284,0.3154731766409086,0.000347491924445664,0.0002456969146075479,0.0006049939506794685,0.0013550659999998715,0.0013550659999998715,0.0013550659999998715,0.0010046059999998802,0.0010046059999998802,0.0010046059999998802
2025-06-11T20:40:21Z,39.65793309475964,-75.40861106299057,-60.099907617271754,-631.3050346913188,-423.2044614990569,-42.22117655772453,-2.0321166863396836,1.4788408458684794,0.5068597474628906,0.0,0.0,0.0,0.0,0.0,0.0,0.00005516754818318384,0.00005516933624960024,3.216613023268012,35.14419371638446,58.48804714578581,0.31090021300554993,0.00035539948135061974,0.0002378344629598278,0.0006073211130805356,0.001356068999999871,0.001356068999999871,0.001356068999999871,0.0010046189999998799,0.0010046189999998799,0.0010046189999998799
2025-06-11T20:40:22Z,39.65338359884328,-75.41612877445986,-63.25854178488157,-631.9831812625918,-435.45506909283876,-42.808498546051005,0.22053159659589813,1.4721240594477571,2.7487622818381032,0.0,0.0,0.0,0.0,0.0,0.0,0.00005617061190395226,0.00005617249439255369,3.204258728439672,35.76348492640285,60.654977274588816,0.31336617841069364,0.0003631441854863834,0.00023108322665749693,0.0006097279040042714,0.0013570719999998707,0.0013570719999998707,0.0013570719999998707,0.0010046319999998795,0.0010046319999998795,0.0010046319999998795
2025-06-11T20:40:23Z,39.64984021057578,-75.42534955989696,-66.32167575112497,-627.5308579395052,-456.244663449406,-44.00950392009078,2.4751519839895173,1.5517709129027935,-1.2038477632605011,0.0,0.0,0.0,0.0,0.0,0.0,0.00005717367731138971,0.00005717565996821326,3.202218138867821,36.48640922450104,62.603752143074836,0.30821754452002853,0.0003711115697894156,0.00022551582808025633,0.000612083114748946,0.0013580749999998704,0.0013580749999998704,0.0013580749999998704,0.0010046449999998792,0.0010046449999998792,0.0010046449999998792
2025-06-11T20:40:24Z,39.64411805262673,-75.4318260249648,-68.80920375644206,-634.1364175554788,-459.86203737554774,-44.794279280947634,-0.6251651679362837,1.493775357269946,1.8608760639030322,0.0,0.0,0.0,0.0,0.0,0.0,0.000058176745340842525,0.00005817883307431539,3.189735786314323,37.11204806185419,64.78186260307578,0.30721798284368895,0.00037825134015877953,0.00021983030501020458,0.0006147354954310763,0.00135907799999987,0.00135907799999987,0.00135907799999987,0.0010046579999998789,0.0010046579999998789,0.0010046579999998789
2025-06-11T20:40:25Z,39.64050822182074,-75.44209907569297,-70.84675514190374,-628.862245854398,-483.60625021721336,-44.82903097268724,1.2663299024414676,1.5424023880505864,-2.4267189127956703,0.0,0.0,0.0,0.0,0.0,0.0,0.000059179814597717334,0.00005918201382130369,3.1808092536264225,37.8769322910954,66.93604842056611,0.30284851450612527,0.00038612556679520844,0.00021528296325231416,0.0006171575326677163,0.0013600809999998696,0.0013600809999998696,0.0013600809999998696,0.0010046709999998785,0.0010046709999998785,0.0010046709999998785
2025-06-11T20:40:26Z,39.63583231311063,-75.45186447381732,-72.94440104073556,-626.7520772890671,-503.2081060659945,-46.01229362958015,-2.2917376658099724,1.5016052344500657,0.3204000431991108,0.0,0.0,0.0,0.0,0.0,0.0,0.0000601828864438721,0.000060185203258826,3.16687132049095,38.66526614135738,69.04826966109486,0.29945624411735056,0.0003935417059122862,0.00021080596023595284,0.0006197684331933511,0.0013610839999998693,0.0013610839999998693,0.0013610839999998693,0.0010046839999998782,0.0010046839999998782,0.0010046839999998782
2025-06-11T20:40:27Z,39.9815064166038,-75.17069537145669,-61.989892071905764,-517.7170630533263,-398.9575155792252,-43.25703141125628,0.8330328313831799,1.480706743320994,-2.820929519823863,0.0,0.0,0.0,0.0,0.0,0.0,1.0042085068380576e-6,1.0042091650597437e-6,2.6062066292081782,18.056210093670494,27.109350290987916,0.26432130740537363,0.00036613753790328473,0.00019192541012832224,0.000405929084590469,0.0013620879999998688,0.0013620879999998688,0.0013620879999998688,0.0010046979999998778,0.0010046979999998778,0.0010046979999998778
2025-06-11T20:40:28Z,39.976789338770374,-75.17538640279116,-71.9101398395978,-526.0645796990327,-402.9407452294361,-46.33158303610468,-2.194890296546835,1.469430628256753,0.3662165449418118,0.0,0.0,0.0,0.0,0.0,0.0,2.0072098457063836e-6,2.0072125316002595e-6,2.8066141770854554,18.389882067467823,28.022140782278584,0.2787543999097255,0.00037251071701530406,0.00019168217006860878,0.0004116582844817356,0.0013630909999998685,0.0013630909999998685,0.0013630909999998685,0.0010047109999998774,0.0010047109999998774,0.0010047109999998774
2025-06-11T20:40:29Z,39.972111402554354,-75.1804064927232,-77.66529916849096,-529.4326336127114,-416.61502759426753,-47.021280561075216,-0.258185679690936,1.539706103951717,2.433333193558343,0.0,0.0,0.0,0.0,0.0,0.0,3.0102121063180385e-6,3.0102182820082976e-6,2.9448230321568434,18.82201611130075,28.91986741055879,0.28533856486133147,0.0003786872589514668,0.0001910621250422932,0.0004173576107800899,0.001364093999999868,0.001364093999999868,0.001364093999999868,0.001004723999999877,0.001004723999999877,0.001004723999999877
2025-06-11T20:40:30Z,39.96723771890537,-75.18530044333765,-80.94623953678507,-537.9972509795357,-421.18172372492035,-47.68641646978176,2.9250373037238115,1.4382734929252432,-0.6882183739468347,0.0,0.0,0.0,0.0,0.0,0.0,4.0132153207830765e-6,4.013226527738635e-6,3.024299568474423,19.241060988154647,29.865150163999356,0.288307572562644,0.00038476826413146037,0.00019070337612557943,0.00042302393491580376,0.0013650969999998677,0.0013650969999998677,0.0013650969999998677,0.0010047369999998767,0.0010047369999998767,0.0010047369999998767
2025-06-11T20:40:31Z,39.96206397034019,-75.1900050365214,-82.56032349166144,-550.0347991003048,-420.460632107476,-47.90453398164229,-0.8592484769081503,1.3736959977712282,1.7297113054608715,0.0,0.0,0.0,0.0,0.0,0.0,5.0162195127521415e-6,5.016237388770713e-6,3.065854268421567,19.634698372199463,30.928039640283096,0.2889039027655157,0.0003901028071204596,0.00019134974194353913,0.00042864662188799165,0.0013660999999998674,0.0013660999999998674,0.0013660999999998674,0.0010047499999998764,0.0010047499999998764,0.0010047499999998764
2025-06-11T20:40:32Z,39.95665651764689,-75.19484763647864,-82.47792149241607,-560.8048353733135,-422.60898632619035,-47.10601684502823,1.9690791995718058,1.425007654238985,-1.7350173517736465,0.0,0.0,0.0,0.0,0.0,0.0,6.019224692918053e-6,6.019251016828251e-6,3.0861424333124865,19.988122956234083,32.09861324888581,0.28861708052750884,0.0003933539009996586,0.00019252951219891798,0.0004342364032266358,0.001367102999999867,0.001367102999999867,0.001367102999999867,0.001004762999999876,0.001004762999999876,0.001004762999999876
2025-06-11T20:40:33Z,39.95076624848566,-75.19940042709653,-82.52449361566467,-573.8955059659326,-420.64992170611583,-47.31371371236031,-1.9522537721759095,1.4879211879369447,0.5975529323760421,0.0,0.0,0.0,0.0,0.0,0.0,7.022230842751394e-6,7.0222675430165165e-6,3.093315459120287,20.37908192062772,33.27812233960519,0.28778449461069866,0.00039685182422142287,0.00019490188601458322,0.00043978595695000675,0.0013681059999998667,0.0013681059999998667,0.0013681059999998667,0.0010047759999998757,0.0010047759999998757,0.0010047759999998757
2025-06-11T20:40:34Z,39.944591515821294,-75.20422568680321,-81.44242556114634,-583.9237820441342,-424.00656103610345,-46.24789860565143,1.1694649845444596,1.5043853368573763,-2.5125127991483867,0.0,0.0,0.0,0.0,0.0,0.0,8.025237949699051e-6,8.02528711191561e-6,3.0928750358294894,20.841146255824864,34.45538631107659,0.28659397529677366,0.00040043845393674304,0.00019734131916843427,0.00044529291207597054,0.0013691089999998663,0.0013691089999998663,0.0013691089999998663,0.0010047889999998754,0.0010047889999998754,0.0010047889999998754
2025-06-11T20:40:35Z,39.93784882674293,-75.20873437310406,-80.69020871234056,-596.563039478896,-422.53429016001644,-46.68533801990775,-1.8647392486957366,1.4702402744117176,0.7135557750226366,0.0,0.0,0.0,0.0,0.0,0.0,9.02824600302364e-6,9.028309863664933e-6,3.08907478794263,21.25651576276703,35.695070545695,0.28622763895524805,0.000404017209642929,0.0001994199597634691,0.0004507742129513584,0.001370111999999866,0.001370111999999866,0.001370111999999866,0.001004801999999875,0.001004801999999875,0.001004801999999875
2025-06-11T20:40:36Z,39.93078746054264,-75.2135314416003,-80.10791563502065,-606.8428740166163,-425.7472507139292,-46.2784545441842,-0.36922788752151203,1.4936940369887344,2.2660549214006287,0.0,0.0,0.0,0.0,0.0,0.0,0.000010031254949975105,0.000010031335935865064,3.0853645140467516,21.750505696963135,36.98873390421997,0.28787252374178296,0.00040799677671093324,0.00020162484421258823,0.0004562014140327438,0.0013711149999998656,0.0013711149999998656,0.0013711149999998656,0.0010048149999998747,0.0010048149999998747,0.0010048149999998747
2025-06-11T20:40:37Z,39.92316065063894,-75.2181256942245,-79.18741159370506,-618.3446827741146,-426.4957465155497,-45.56723886836494,2.199105186201858,1.3069564299754555,-1.4838979346881818,0.0,0.0,0.0,0.0,0.0,0.0,0.00001103426477644796,0.000011034365476055293,3.0864253750706068,22.27450523113768,38.27531254455782,0.28882034291170905,0.00041260329738182326,0.0002037679414853527,0.00046155727036185966,0.0013721179999998652,0.0013721179999998652,0.0013721179999998652,0.0010048279999998744,0.0010048279999998744,0.0010048279999998744
2025-06-11T20:40:38Z,39.91487296960434,-75.22228699438791,-77.93180312848925,-632.5797575093608,-422.1000537136588,-45.31589005922337,-1.5972166700673398,1.5096649945574179,0.9807614241490873,0.0,0.0,0.0,0.0,0.0,0.0,0.000012037275480534551,0.00001203739864813761,3.089116513873526,22.68442172163984,39.75786348816636,0.2890971212024593,0.00041683680753640923,0.00020558643909546746,0.0004669047670143195,0.0013731209999998648,0.0013731209999998648,0.0013731209999998648,0.001004840999999874,0.001004840999999874,0.001004840999999874
2025-06-11T20:40:39Z,39.90643408910655,-75.22694131639003,-76.88538298548353,-643.7328276070782,-423.2310561869831,-44.81698820216049,0.49239064993489534,1.5157483972914314,3.098989241114854,0.0,0.0,0.0,0.0,0.0,0.0,0.00001304028699880379,0.000013040435638607511,3.0906241593531916,23.092436896422175,41.318629174394346,0.29240175169548444,0.00042128885415153907,0.00020772016009676944,0.00047217419423363597,0.0013741239999998645,0.0013741239999998645,0.0013741239999998645,0.0010048539999998737,0.0010048539999998737,0.0010048539999998737
2025-06-11T20:40:40Z,39.89803425460768,-75.23242118171414,-75.4844293958063,-650.1392361966368,-432.6373845166797,-44.60944872583907,1.8561083430446885,1.5003374916470449,-1.7106860221895772,0.0,0.0,0.0,0.0,0.0,0.0,0.000014043299415867845,0.000014043476707526258,3.097652883833416,23.614729310989883,42.80013574536116,0.2940045935835434,0.00042572535614832893,0.0002091589735228374,0.00047745099206342883,0.0013751269999998641,0.0013751269999998641,0.0013751269999998641,0.0010048669999998734,0.0010048669999998734,0.0010048669999998734
2025-06-11T20:40:41Z,39.8886549965403,-75.23659680722584,-74.78496555808552,-663.290794261405,-429.1350605617987,-44.91780393543273,-1.1355398067150642,1.5020317118333832,1.5298405327989364,0.0,0.0,0.0,0.0,0.0,0.0,0.000015046312849752412,0.000015046521946077907,3.1059100197478466,24.11375195705215,44.32981068311498,0.29408453667747964,0.00043062879739315445,0.00020959139050154619,0.00048272530779130366,0.0013761299999998638,0.0013761299999998638,0.0013761299999998638,0.001004879999999873,0.001004879999999873,0.001004879999999873
2025-06-11T20:40:42Z,39.879285145774325,-75.24137465954192,-74.45831018243652,-673.6466957067283,-430.9846768534538,-45.06398637431616,2.5207488200346893,1.4147325552495633,-1.1031749377570645,0.0,0.0,0.0,0.0,0.0,0.0,0.000016049327301462295,0.000016049571473398004,3.1104261426317836,24.614063470797838,45.97534715543422,0.29583170961988264,0.0004363825432717546,0.00020977065481422543,0.00048789948782911285,0.0013771329999998634,0.0013771329999998634,0.0013771329999998634,0.0010048929999998727,0.0010048929999998727,0.0010048929999998727
2025-06-11T20:40:43Z,39.86920885714036,-75.24531339063492,-74.38416760605674,-687.9141209631678,-425.0647722971725,-45.40199527924784,-1.3680760477056007,1.4633880642567765,1.226452829242184,0.0,0.0,0.0,0.0,0.0,0.0,0.000017052342879790125,0.000017052625554132673,3.116490399240049,24.987502101769646,47.75080638736161,0.29902732508597674,0.00044207373350421214,0.00020952947529266134,0.0004930725585701912,0.001378135999999863,0.001378135999999863,0.001378135999999863,0.0010049059999998724,0.0010049059999998724,0.0010049059999998724
2025-06-11T20:40:44Z,39.86034630997172,-75.25185538302722,-74.22743827071363,-691.2015430439739,-439.60708683502435,-45.172694829321784,-0.7573452180554784,1.4800536845695553,1.9501249364683912,0.0,0.0,0.0,0.0,0.0,0.0,0.00001805535957900442,0.000018055684405644116,3.1247866538474027,25.42560417107098,49.59480160412864,0.30412665738548,0.00044836293286393866,0.00020915879254844303,0.0004981419872739556,0.0013791389999998627,0.0013791389999998627,0.0013791389999998627,0.001004918999999872,0.001004918999999872,0.001004918999999872
2025-06-11T20:40:45Z,39.85139088280438,-75.25861145492568,-73.3851416818951,-692.5157213744383,-456.4576221874654,-43.99875779004255,-1.9125116337092103,1.529820655224397,0.8991538719421007,0.0,0.0,0.0,0.0,0.0,0.0,0.000019058377627903898,0.00001905874830763377,3.1394864603303305,26.27029134310733,51.07781036515417,0.291364241842089,0.0004549304943987555,0.00020785119454574196,0.0005031880436143703,0.0013801419999998623,0.0013801419999998623,0.0013801419999998623,0.0010049319999998717,0.0010049319999998717,0.0010049319999998717
2025-06-11T20:40:46Z,39.841657845584415,-75.26422700906882,-71.15481624543288,-698.9535587864536,-463.1184408106286,-42.12440995255676,1.4644735496942525,1.401242700060854,-2.017428661394912,0.0,0.0,0.0,0.0,0.0,0.0,0.00002006139730545273,0.000020061817225307757,3.1196557266661653,27.14019706976214,52.63745014700448,0.2872863378153213,0.0004615773569679326,0.0002055480249569917,0.0005082185006611498,0.001381144999999862,0.001381144999999862,0.001381144999999862,0.0010049449999998713,0.0010049449999998713,0.0010049449999998713
2025-06-11T20:40:47Z,39.8312088972204,-75.26864720395146,-70.13261885607994,-710.3659699332139,-461.4757064421335,-42.7671373035471,1.4701933224763555,1.492903086749835,-2.0770558130786707,0.0,0.0,0.0,0.0,0.0,0.0,0.000021064418365307513,0.000021064891365658615,3.093627347658741,27.948177249846697,54.23369425821081,0.29181833183374284,0.00046800652807957077,0.00020456756759298916,0.0005132021028256045,0.0013821479999998616,0.0013821479999998616,0.0013821479999998616,0.001004957999999871,0.001004957999999871,0.001004957999999871
2025-06-11T20:40:48Z,39.820529367159054,-75.27272642478955,-70.57793290417503,-723.0758845463725,-458.1099636218509,-44.08666645077832,-1.8816288542588864,1.540000220904351,0.8062329074229374,0.0,0.0,0.0,0.0,0.0,0.0,0.000022067440699924593,0.00002206797111285157,3.087910708726844,28.717163641488956,55.92291335495481,0.29776761004226,0.0004721571263864726,0.00020538470791693059,0.0005183414803972957,0.0013831509999998612,0.0013831509999998612,0.0013831509999998612,0.0010049709999998707,0.0010049709999998707,0.0010049709999998707
2025-06-11T20:40:49Z,39.8098619860756,-75.27734996654038,-71.38523316376364,-733.2688931841925,-459.88290833385156,-44.18426487157483,1.170416683735756,1.5051049957634934,-2.379471930321534,0.0,0.0,0.0,0.0,0.0,0.0,0.000023070463917143613,0.000023071056285348642,3.0997878328416806,29.583551810429075,57.633194391505334,0.30585728698506404,0.0004747580680657548,0.00020860105049831258,0.0005232890782841867,0.0013841539999998609,0.0013841539999998609,0.0013841539999998609,0.0010049839999998703,0.0010049839999998703,0.0010049839999998703
2025-06-11T20:40:50Z,39.79824841641057,-75.28043867848147,-72.76849101734709,-748.5737103671615,-453.20636617343723,-45.36806106519767,-1.861100863740976,1.5269280968428693,0.872942168192875,0.0,0.0,0.0,0.0,0.0,0.0,0.000024073488313984996,0.000024074147166902505,3.1241849617434116,30.447994508687984,59.30552586813371,0.31275442717979274,0.0004742462744093981,0.00021307113963855246,0.0005282497462984762,0.0013851569999998605,0.0013851569999998605,0.0013851569999998605,0.00100499699999987,0.00100499699999987,0.00100499699999987
2025-06-11T20:40:51Z,39.786694876708026,-75.28404150645933,-73.44832297853533,-761.068450093199,-451.8185194168143,-45.25664016608733,-0.06269427808056766,1.5538493895356287,2.7531787284071045,0.0,0.0,0.0,0.0,0.0,0.0,0.000025076513685576872,0.00002507724353425876,3.152593332504205,31.44927442012609,60.91451445830711,0.3229359058358469,0.0004714094733923934,0.00021897451803947068,0.0005329803157273612,0.0013861599999998601,0.0013861599999998601,0.0013861599999998601,0.0010050099999998697,0.0010050099999998697,0.0010050099999998697
2025-06-11T20:40:52Z,39.77433592161486,-75.28640007903016,-73.80346547306974,-776.9593416930948,-444.93518010957564,-45.303168037552254,2.9447579139677407,1.5221489856115116,-0.46577389431083144,0.0,0.0,0.0,0.0,0.0,0.0,0.000026079540255082206,0.000026080345432268833,3.187551403113403,32.53075118944399,62.39655126005276,0.3356333814971928,0.000466161306320763,0.0002258137708096202,0.0005375282374766876,0.0013871629999998598,0.0013871629999998598,0.0013871629999998598,0.0010050229999998693,0.0010050229999998693,0.0010050229999998693
2025-06-11T20:40:53Z,39.76102573445056,-75.28697765803517,-74.18313405604879,-798.19264002639,-429.86865661491015,-45.273825816541695,-0.29791372243185466,1.546148707052379,2.578240396079402,0.0,0.0,0.0,0.0,0.0,0.0,0.000027082568314850237,0.000027083453065865554,3.230366512754222,33.655420239973395,63.918824360518755,0.346094354332538,0.0004570492084338291,0.00023299720467257184,0.0005421474522867099,0.0013881659999998594,0.0013881659999998594,0.0013881659999998594,0.001005035999999869,0.001005035999999869,0.001005035999999869
2025-06-11T20:40:54Z,39.74780560861916,-75.28803720399715,-73.104548603759,-816.0555833358242,-420.4418683062398,-44.68850389397692,2.1948585893353063,1.5429549358106052,-1.1262733898549324,0.0,0.0,0.0,0.0,0.0,0.0,0.000028085597252271876,0.00002808656561296897,3.2730637117931947,34.88238288536157,65.20922668318764,0.36044887470759834,0.00044589006733916967,0.00024152183615091128,0.0005462368220577083,0.001389168999999859,0.001389168999999859,0.001389168999999859,0.0010050489999998686,0.0010050489999998686,0.0010050489999998686
2025-06-11T20:40:55Z,39.73343747361067,-75.28717169952849,-72.3224549418069,-839.0407840322431,-403.42757529118256,-44.54633454235931,-0.8936628891255859,1.5650776359655953,2.1154178253247635,0.0,0.0,0.0,0.0,0.0,0.0,0.00002908862743164784,0.00002908968314428434,3.321708566741647,36.1738388724099,66.36688515846787,0.37557433802268264,0.00043190231968053195,0.00025062885291416174,0.0005500478392741221,0.0013901719999998587,0.0013901719999998587,0.0013901719999998587,0.0010050619999998683,0.0010050619999998683,0.0010050619999998683
2025-06-11T20:40:56Z,39.719663232058394,-75.28715358137846,-70.24159684258906,-857.2718044925595,-393.42853078218883,-43.719019098565596,2.1941867697852335,1.5558276880568591,-0.9658589216988618,0.0,0.0,0.0,0.0,0.0,0.0,0.00003009165885766137,0.000030092805498884464,3.374676198577982,37.609743161646826,67.24339650246831,0.39831457512072976,0.00041474040794078784,0.00026011684469356527,0.0005535741393151887,0.0013911749999998583,0.0013911749999998583,0.0013911749999998583,0.001005074999999868,0.001005074999999868,0.001005074999999868
2025-06-11T20:40:57Z,39.704466052224255,-75.28474682352817,-68.76489314303355,-881.8730762311684,-374.3271658795985,-43.3268077792256,-2.510587678301024,1.5654622815423176,0.6741169436961648,0.0,0.0,0.0,0.0,0.0,0.0,0.00003109469154935788,0.000031095932150782404,3.442076351906548,39.120193962918,67.93053182946187,0.4232296629362522,0.00039455630315219644,0.000269772720461153,0.0005567677516427568,0.001392177999999858,0.001392177999999858,0.001392177999999858,0.0010050879999998676,0.0010050879999998676,0.0010050879999998676
2025-06-11T20:40:58Z,39.6906526375624,-75.28432970591304,-65.35620240223732,-897.5339342927107,-367.0500222921443,-42.14714024646887,-2.778419669943716,1.5468278503814774,0.5609434260972245,0.0,0.0,0.0,0.0,0.0,0.0,0.00003209772562805585,0.00003209906303015478,3.5202950477093853,40.76957280990109,68.18133842002766,0.45974225572836624,0.0003704791501964456,0.0002790284010304594,0.0005597270222554349,0.0013931809999998576,0.0013931809999998576,0.0013931809999998576,0.0010051009999998673,0.0010051009999998673,0.0010051009999998673
2025-06-11T20:40:59Z,39.67680269397897,-75.2836223917845,-61.594406464202194,-911.9199291628807,-360.1517466504882,-41.05443168987962,-2.947362163168675,1.5165671779634413,0.551590323012795,0.0,0.0,0.0,0.0,0.0,0.0,0.00003310076081066016,0.00003310219711044191,3.6219528538657997,42.49772750764114,67.9260838853711,0.508532604779594,0.0003432272525642724,0.0002877144884422169,0.0005622244682310233,0.0013941839999998572,0.0013941839999998572,0.0013941839999998572,0.001005113999999867,0.001005113999999867,0.001005113999999867
2025-06-11T20:41:00Z,39.662905752624305,-75.28261377234492,-57.636760234977686,-925.0240903890577,-353.3500036614459,-40.00568213111742,3.123806266207238,1.4680275658342101,0.5011041778066841,0.0,0.0,0.0,0.0,0.0,0.0,0.000034103796953974095,0.000034105333524785534,3.7533359164283406,44.241792226176294,67.16448580549954,0.5662115787322362,0.00031244669954051197,0.0002950053118408353,0.0005642443664159327,0.0013951869999998569,0.0013951869999998569,0.0013951869999998569,0.0010051269999998666,0.0010051269999998666,0.0010051269999998666
2025-06-11T20:41:01Z,39.64899614933418,-75.28139306918726,-53.237852353023186,-935.8478396107432,-346.66249745098156,-38.59699977510337,2.7823243430939923,1.4149933118480282,0.32138371289054374,0.0,0.0,0.0,0.0,0.0,0.0,0.000035106833784579735,0.00003510847127641707,3.9104449780047417,45.91376562300713,65.74119185992032,0.6336852670083232,0.00027830962817005565,0.0002997755618731282,0.0005657437180908804,0.0013961899999998565,0.0013961899999998565,0.0013961899999998565,0.0010051399999998663,0.0010051399999998663,0.0010051399999998663
2025-06-11T20:41:02Z,39.6352056793309,-75.28020427745712,-48.46634060912212,-943.8421294597352,-340.3926690860321,-37.720600926596816,-2.7776659024612025,1.3759212668952783,1.2094462347775152,0.0,0.0,0.0,0.0,0.0,0.0,0.00003610987096259471,0.00003611160925972495,4.089559084166965,47.408798606174045,63.7854584278107,0.7000166073013584,0.0002421663630267959,0.00030084609195988677,0.0005666681666436522,0.0013971929999998562,0.0013971929999998562,0.0013971929999998562,0.001005152999999866,0.001005152999999866,0.001005152999999866
2025-06-11T20:41:03Z,39.62108487995677,-75.27848609876312,-43.901893934347754,-952.8327693655413,-333.14455079077055,-36.03139975553927,2.5517525542219746,1.1716958328378857,0.3150698872930898,0.0,0.0,0.0,0.0,0.0,0.0,0.00003711290848674219,0.000037114747466147324,4.2685747210910066,48.72999151453581,61.68911536196636,0.7389492267843053,0.00020582230606320195,0.0002966266981168789,0.0005673087080231119,0.0013981959999998558,0.0013981959999998558,0.0013981959999998558,0.0010051659999998656,0.0010051659999998656,0.0010051659999998656
2025-06-11T20:41:04Z,39.607472741549635,-75.27764446812193,-38.65507023098766,-958.2965623548985,-329.275270501859,-33.62443949119738,2.6266161403859374,1.1367861596640578,0.4820364445359189,0.0,0.0,0.0,0.0,0.0,0.0,0.00003811594596287886,0.00003811788550921988,4.403889321732923,50.10572334372258,59.742597815837804,0.7410020805394048,0.00017262819486401514,0.00028669131170367795,0.0005675306088102239,0.0013991989999998554,0.0013991989999998554,0.0013991989999998554,0.0010051789999998653,0.0010051789999998653,0.0010051789999998653
2025-06-11T20:41:05Z,39.5941642178185,-75.2773677776041,-33.38088630401376,-960.9917040634019,-326.2360662228137,-31.678782798134066,2.5843024290628107,0.8727264078548883,0.5704045182341578,0.0,0.0,0.0,0.0,0.0,0.0,0.00003911898415469363,0.00003912102524937757,4.460489370008184,51.26343437286216,57.639769304109,0.7154639134995108,0.00014551585784587434,0.00027209099147865184,0.0005677465582845252,0.001400201999999855,0.001400201999999855,0.001400201999999855,0.001005191999999865,0.001005191999999865,0.001005191999999865
2025-06-11T20:41:06Z,39.581368884561265,-75.27795283234424,-28.89136564598502,-961.2266483134334,-325.7740677897587,-29.813775157291083,2.4688256911782536,0.828524712771908,0.5486349477677582,0.0,0.0,0.0,0.0,0.0,0.0,0.000040122024815514464,0.000040124167875877124,4.439715717181143,52.48067985052693,55.66782326435295,0.6715883524795441,0.00012608710323117268,0.00025540004860558725,0.0005682007312059165,0.0014012049999998547,0.0014012049999998547,0.0014012049999998547,0.0010052049999998646,0.0010052049999998646,0.0010052049999998646
2025-06-11T20:41:07Z,39.56901737605686,-75.27923907993888,-25.785582100773546,-959.3008676373414,-326.56028705181666,-28.73859712318321,2.4498722307274994,0.7943009353872968,0.6226725794057189,0.0,0.0,0.0,0.0,0.0,0.0,0.00004112506791683072,0.000041127313812821365,4.362107250233422,53.6389960352948,53.78055854186121,0.6174304017466512,0.00011416025672448114,0.00023853587585554226,0.0005689214006098179,0.0014022079999998543,0.0014022079999998543,0.0014022079999998543,0.0010052179999998643,0.0010052179999998643,0.0010052179999998643
2025-06-11T20:41:08Z,39.55700040261556,-75.28109812837404,-23.75381625491137,-956.7531882758284,-328.7002260554951,-27.653039503806284,2.2658631621059184,0.6125607773518116,0.4473223728769416,0.0,0.0,0.0,0.0,0.0,0.0,0.000042128114173403405,0.000042130463263120503,4.244351423789121,54.73542146576492,52.03112980922537,0.5583101052081857,0.00010845559999053275,0.00022287053991989505,0.0005699515390437609,0.001403210999999854,0.001403210999999854,0.001403210999999854,0.001005230999999864,0.001005230999999864,0.001005230999999864
2025-06-11T20:41:09Z,39.5453817116306,-75.28368618341443,-22.724850283483516,-952.536044755564,-332.2971403948627,-27.041032777359092,2.285881677439097,0.5945525062704012,0.5842280888429925,0.0,0.0,0.0,0.0,0.0,0.0,0.00004313116431370864,0.00004313361631962353,4.099759430580587,56.00989915451808,50.61136315723457,0.49155029860275895,0.00010750234264039761,0.00020918374310328078,0.0005712933165071321,0.0014042139999998536,0.0014042139999998536,0.0014042139999998536,0.0010052439999998636,0.0010052439999998636,0.0010052439999998636
2025-06-11T20:41:10Z,39.534028907154735,-75.28680684695755,-22.65025277072215,-947.2706109526688,-336.77855413680516,-26.966276222723465,2.214738681931533,0.5617815638639695,0.5406082120348105,0.0,0.0,0.0,0.0,0.0,0.0,0.000044134217886831713,0.000044136772872981806,3.927597642958855,57.215958927456704,49.20986503238609,0.4382745378356447,0.00010994842506563246,0.00019771075019108252,0.0005728622831388058,0.0014052169999998533,0.0014052169999998533,0.0014052169999998533,0.0010052569999998632,0.0010052569999998632,0.0010052569999998632
2025-06-11T20:41:11Z,39.5226961677526,-75.29017110208271,-23.06305317654283,-942.2073359924148,-341.7409188927102,-26.816843792063658,2.157178314301868,0.4367086537182516,0.5118008201939402,0.0,0.0,0.0,0.0,0.0,0.0,0.000045137275391725054,0.000045139932258420054,3.7615325203792294,58.48300546046931,47.96789355778415,0.3921675242113164,0.0001145955849430782,0.00018887726819343786,0.0005745622236006707,0.0014062199999998529,0.0014062199999998529,0.0014062199999998529,0.001005269999999863,0.001005269999999863,0.001005269999999863
2025-06-11T20:41:12Z,39.51162062726391,-75.29413351586575,-23.914436711171376,-935.9788169034873,-347.63613555658833,-26.635657534824805,2.135280822106162,0.35322852251721887,0.5591397172559888,0.0,0.0,0.0,0.0,0.0,0.0,0.00004614033669118811,0.00004614309433229119,3.6053285027898805,59.8210714485359,46.8903719796981,0.3521881500016474,0.00012066181438733275,0.00018237778531741408,0.0005763450028281536,0.0014072229999998525,0.0014072229999998525,0.0014072229999998525,0.0010052829999998626,0.0010052829999998626,0.0010052829999998626
2025-06-11T20:41:13Z,39.50062361621913,-75.2984609297763,-24.702552626233754,-929.328432319117,-353.72002291577013,-26.27580925836121,2.1067669172949963,0.26514872479122203,0.5833882085057676,0.0,0.0,0.0,0.0,0.0,0.0,0.00004714340183522122,0.00004714625888444779,3.45925438141928,61.10291191293844,45.90398298611035,0.3201733162086724,0.00012758222173447624,0.00017792078001754413,0.0005781543372496248,0.0014082259999998522,0.0014082259999998522,0.0014082259999998522,0.0010052959999998622,0.0010052959999998622,0.0010052959999998622
2025-06-11T20:41:14Z,39.48973414866562,-75.3031404537851,-25.745427610157602,-921.9986009120494,-360.1580030478504,-26.21497160801183,2.084001824548326,0.38507410558111965,0.5996036286366834,0.0,0.0,0.0,0.0,0.0,0.0,0.00004814647090930735,0.000048149425699369773,3.328507977232151,62.46727809011743,45.02396111131935,0.2960112892078571,0.0001349342453395592,0.00017532471598636417,0.0005799660032425481,0.0014092289999998518,0.0014092289999998518,0.0014092289999998518,0.001005308999999862,0.001005308999999862,0.001005308999999862
2025-06-11T20:41:15Z,39.478855016251316,-75.30793687525615,-26.012925670049057,-915.2521213005017,-365.9030864676206,-24.981839613119647,2.0415119837897615,0.18569114321010188,0.5074327967973751,0.0,0.0,0.0,0.0,0.0,0.0,0.000049149542319881406,0.00004915259471227577,3.2172836762046764,63.48126970922604,44.15009121304584,0.27769256035576856,0.0001424570967693828,0.00017440444044526538,0.0005817295856256872,0.0014102319999998514,0.0014102319999998514,0.0014102319999998514,0.0010053219999998616,0.0010053219999998616,0.0010053219999998616
2025-06-11T20:41:16Z,39.4679558867279,-75.31298791685752,-25.32599386201751,-909.5506490937314,-371.9145110332453,-23.25235451952323,2.0049656318833,-0.024075208022715126,0.5653324429519309,0.0,0.0,0.0,0.0,0.0,0.0,0.00005015261846360621,0.000050155765583953475,3.1257566567288797,64.66075398095977,43.54846046516358,0.2552932582723949,0.00014995266230627538,0.0001748293135043979,0.0005834709549370973,0.001411234999999851,0.001411234999999851,0.001411234999999851,0.0010053349999998612,0.0010053349999998612,0.0010053349999998612
2025-06-11T20:41:17Z,39.98645688647307,-75.16953722643761,3.3146294519918498,-452.2290477607875,-369.89737053593893,-16.54639673507941,1.8971924091938188,6.245861626693513,1.7955729882436484,0.0,0.0,0.0,0.0,0.0,0.0,1.0520166868957138e-9,1.0520166868970613e-9,1.2985072522570196,20.044985853615955,16.2739098347001,0.15011307623628256,0.00014576908560243995,0.0001613405206733104,0.00037332145845785916,0.0014112379999998508,0.0014112379999998508,0.0014112379999998508,0.001005337999999861,0.001005337999999861,0.001005337999999861
2025-06-11T20:41:27Z,39.98713110288881,-75.1737699281817,5.1890504802260455,-326.20112834378324,-297.0453059231608,-16.132770322845946,1.8611233670984284,6.270909900721247,2.192183632158363,0.0,0.0,0.0,0.0,0.0,0.0,1.2231345656258859e-9,1.223134565625928e-9,1.134747023220107,12.315343721641693,10.679403877723914,0.14069081009149445,0.00014524406754730745,0.00016001680011921328,0.0003310571645078533,0.0014112389999998507,0.0014112389999998507,0.0014112389999998507,0.0010053389999998608,0.0010053389999998608,0.0010053389999998608
2025-06-11T20:42:27Z,39.98780752371523,-75.17921900342306,7.826159192967625,-298.26308063420913,-276.5242451495947,-15.508086297409138,1.8490021158539192,6.271293484452324,2.2843094112227273,0.0,0.0,0.0,0.0,0.0,0.0,1.2035520624951522e-9,1.2035520624951532e-9,1.007688799906997,10.884887669484172,9.573573807131565,0.13338276927686077,0.00014493540893512844,0.00015907058763856485,0.0003226474944957842,0.0014112399999998506,0.0014112399999998506,0.0014112399999998506,0.0010053399999998608,0.0010053399999998608,0.0010053399999998608
2025-06-11T20:43:27Z,39.98914296639879,-75.18285996364753,13.69645696367601,-188.61375167945775,-189.5156712243478,-14.130289836128659,1.8065674203481308,0.002751426944501034,2.6503120365932724,0.0,0.0,0.0,0.0,0.0,0.0,1.0858759764399485e-9,1.0858759764399485e-9,0.8049022714608302,6.068892694238968,5.625439525220893,0.12171839126819042,0.00014433116405410923,0.00015747139347576956,0.00029246741460456154,0.0014112409999998505,0.0014112409999998505,0.0014112409999998505,0.0010053409999998607,0.0010053409999998607,0.0010053409999998607
2025-06-11T20:44:27Z,39.99161736651628,-75.18529101657619,14.714037243819487,-169.79813575037923,-173.18437236039918,-13.89133047838077,1.798979346357931,0.005485567289418427,2.7143032197829977,0.0,0.0,0.0,0.0,0.0,0.0,1.0664668373605656e-9,1.0664668373605656e-9,0.6700664113770248,5.346956760274638,4.998573352373526,0.11396367228066574,0.00014401786636924813,0.00015647995705400834,0.00028764858760240407,0.0014112419999998504,0.0014112419999998504,0.0014112419999998504,0.0010053419999998606,0.0010053419999998606,0.0010053419999998606
2025-06-11T20:45:27Z,39.99348445342614,-75.18729069218033,14.791589222687106,-146.52218851850563,-152.44277608141175,-13.878971862827179,1.7911901802680974,0.012124916178674741,2.793647070060702,0.0,0.0,0.0,0.0,0.0,0.0,1.325336571687684e-9,1.325336571687684e-9,0.643131296083186,4.470719266866936,4.223653322127061,0.11241436234607735,0.00014392129944935372,0.00015625497796632827,0.00028168821580638415,0.0014112429999998503,0.0014112429999998503,0.0014112429999998503,0.0010053429999998605,0.0010053429999998605,0.0010053429999998605
2025-06-11T20:46:27Z,39.9943824846346,-75.19062374862604,14.657473052188227,-142.49257795584631,-148.82873217204832,-13.91221318510684,1.790050433371261,0.013673324807070416,2.8073689591661912,0.0,0.0,0.0,0.0,0.0,0.0,1.3742993975990821e-9,1.3742993975990821e-9,0.6002386180797957,4.316933171207625,4.08600385674469,0.10994755399759504,0.0001438250779930192,0.00015594258589127558,0.0002806275976365861,0.0014112439999998502,0.0014112439999998502,0.0014112439999998502,0.0010053439999998604,0.0010053439999998604,0.0010053439999998604
2025-06-11T20:47:27Z,39.99668432150553,-75.19477843583695,15.251907203899606,-138.64146471162098,-145.3872719228855,-13.770693640516711,1.7879178041834884,0.01321702510263545,2.820638870329491,0.0,0.0,0.0,0.0,0.0,0.0,1.1807080265883557e-9,1.1807080265883557e-9,0.5627095748584359,4.187181241044675,3.9694750106128045,0.10778921923533767,0.00014374118509541007,0.00015566953454319212,0.0002797295602447147,0.0014112449999998502,0.0014112449999998502,0.0014112449999998502,0.0010053449999998603,0.0010053449999998603,0.0010053449999998603
2025-06-11T20:48:27Z,39.99953705752656,-75.19334230173455,14.19092937915873,-127.34124896327626,-135.35688188981115,-14.02815798402403,1.7857347078201784,0.019373582239757048,2.8588731237454925,0.0,0.0,0.0,0.0,0.0,0.0,1.2023420703612886e-9,1.2023420703612886e-9,0.5295970430558083,3.8176083475701654,3.6355721061124995,0.10588481838086922,0.00014365447110231233,0.00015541856320427323,0.00027715648659435555,0.00141124599999985,0.00141124599999985,0.00141124599999985,0.0010053459999998602,0.0010053459999998602,0.0010053459999998602
2025-06-11T20:49:27Z,40.00527269363061,-75.19331302189853,11.297414265257986,-125.17593695387828,-133.5122211007387,-14.722637108749332,1.7892265386664876,0.027739292889826662,2.8655145927610914,0.0,0.0,0.0,0.0,0.0,0.0,1.1066556655935784e-9,1.1066556655935784e-9,0.4676769093359992,3.750914379912415,3.575000627296711,0.10232377683797869,0.00014352251702224277,0.00015497311376521148,0.0002766878216323397,0.00141124699999985,0.00141124699999985,0.00141124699999985,0.00100534699999986,0.00100534699999986,0.00100534699999986
2025-06-11T20:50:27Z,40.00701112876177,-75.19697104700927,10.142328606833882,-123.55791196756795,-132.03707801779234,-15.000070279078631,1.7903579240727459,0.03131249237856305,2.8707910556314684,0.0,0.0,0.0,0.0,0.0,0.0,1.277232552632836e-9,1.277232552632836e-9,0.4445749355438277,3.6986927179410216,3.5275033995890412,0.10099517160358294,0.00014347251859974278,0.00015480644508932275,0.0002763216308727818,0.0014112479999998499,0.0014112479999998499,0.0014112479999998499,0.00100534799999986,0.00100534799999986,0.00100534799999986
2025-06-11T20:51:27Z,40.00894934343202,-75.19689577214297,8.424475537689705,-117.40796636544447,-125.97156618816429,-15.413646219881409,1.7906943256123764,0.03782295967175746,2.891849282911227,0.0,0.0,0.0,0.0,0.0,0.0,1.1072133150200419e-9,1.1072133150200419e-9,0.4001055845923199,3.5002203680188435,3.346434067072828,0.09843769784512671,0.00014337029113878791,0.00015448070476383046,0.00027492443784337284,0.0014112489999998498,0.0014112489999998498,0.0014112489999998498,0.00100534899999986,0.00100534899999986,0.00100534899999986
2025-06-11T20:52:27Z,40.010580075484704,-75.20200381458963,8.752198716390625,-109.30097720424985,-119.16368101676298,-15.337250100521729,1.7876327472845144,0.03925669008156546,2.9192021253691594,0.0,0.0,0.0,0.0,0.0,0.0,1.0853461174932789e-9,1.0853461174932789e-9,0.383075389643669,3.2593579798249195,3.125508555732552,0.09745824151092028,0.0001433231422463404,0.00015434977007475797,0.00027322044455226215,0.0014112499999998497,0.0014112499999998497,0.0014112499999998497,0.0010053499999998598,0.0010053499999998598,0.0010053499999998598
2025-06-11T20:53:27Z,40.01368936640779,-75.2067050441748,11.445432858773803,-97.2872629988926,-108.66772858444713,-14.69461673815413,1.7798155743011892,0.03554559578145697,2.960588745684116,0.0,0.0,0.0,0.0,0.0,0.0,1.0852137787017945e-9,1.0852137787017945e-9,0.3495949330577407,2.9303837345559405,2.8216418530493588,0.09553271885614698,0.00014323667180165712,0.00015409710471039475,0.00027087459816930304,0.0014112509999998496,0.0014112509999998496,0.0014112509999998496,0.0010053509999998597,0.0010053509999998597,0.0010053509999998597
2025-06-11T20:54:27Z,40.014447224294926,-75.20698016614703,11.70403964177498,-39.0925144444453,-53.068241293144396,-14.648000527113394,1.7594687675564882,0.052636693228118855,3.1621406440994484,0.0,0.0,0.0,0.0,0.0,0.0,1.199336053291993e-9,1.199336053291993e-9,0.3365224170783093,1.2714943413805955,1.2505141202098713,0.09478058779263603,0.0001431169723706972,0.00015393075762826916,0.0002587258202863615,0.0014112519999998495,0.0014112519999998495,0.0014112519999998495,0.0010053519999998596,0.0010053519999998596,0.0010053519999998596
2025-06-11T20:55:27Z,40.014447224294926,-75.20698016614703,12.222000626650095,-39.093741254384014,-53.06817236399763,-14.523787853682618,1.7587191874736021,0.05125033388327454,3.1622567253590383,0.0,0.0,0.0,0.0,0.0,0.0,2.199336053291993e-9,2.199336053291993e-9,0.31530123163040735,1.2714942233303936,1.25051412083405,0.09356017422360996,0.00014307352852390085,0.0001537797283641337,0.00025872575442728216,0.0014112529999998494,0.0014112529999998494,0.0014112529999998494,0.0010053529999998595,0.0010053529999998595,0.0010053529999998595
2025-06-11T20:56:26Z,40.015850029823696,-75.20965069709897,12.272661619259926,-34.36527930661213,-49.585671741516684,-14.534951905133603,1.7563312317239814,0.05459743828230885,3.185494615713113,0.0,0.0,0.0,0.0,0.0,0.0,1.1382473122656736e-9,1.1382473122656736e-9,0.29226025660659777,1.157576007731588,1.1403712729949254,0.09222065199103106,0.00014300078894869403,0.00015348881413085766,0.00025634566353537454,0.0014112549999998492,0.0014112549999998492,0.0014112549999998492,0.0010053549999998594,0.0010053549999998594,0.0010053549999998594
2025-06-11T20:56:27Z,40.015850029823696,-75.20965069709897,13.139668013296426,-34.259459933240805,-49.55100960672004,-14.348061207575507,1.753922848207578,0.054683575015762174,3.1941819724674483,0.0,0.0,0.0,0.0,0.0,0.0,4.138247312265674e-9,4.138247312265674e-9,0.26166782150486373,1.1573341168424593,1.140346384924142,0.09045026797008267,0.0001429126043981656,0.00015314956793683227,0.0002548448601372909,0.001411257999999849,0.001411257999999849,0.001411257999999849,0.001005357999999859,0.001005357999999859,0.001005357999999859
2025-06-11T20:56:28Z,40.01553383289911,-75.2101888569834,-2.012564003089013,-35.77273352485691,-42.245669277895544,-15.914133303786667,1.7604728220344006,0.0029051523798170813,3.1327861274438598,0.0,0.0,0.0,0.0,0.0,0.0,1.006138276140158e-6,1.0061382951020134e-6,0.47767733321187866,1.1430587549977744,1.1528067498325791,0.07212457555666159,0.00015289799252766375,0.00016302807140910453,0.0002633640562480219,0.0014122599999998487,0.0014122599999998487,0.0014122599999998487,0.0010053699999998588,0.0010053699999998588,0.0010053699999998588
2025-06-11T20:56:29Z,40.015208906814465,-75.21064565959945,-16.396334367225457,-36.23046691459812,-35.77918836045839,-17.417435311431152,1.7335862904579047,-0.08384847626311713,-3.0778913222108817,0.0,0.0,0.0,0.0,0.0,0.0,2.0091383612478297e-6,2.009138439049663e-6,0.7537546118397271,1.176340223674502,1.1847035399889032,0.06898986756853291,0.0001623920987032899,0.00017199592593842623,0.0002717400855713587,0.0014132629999998483,0.0014132629999998483,0.0014132629999998483,0.0010053829999998585,0.0010053829999998585,0.0010053829999998585
2025-06-11T20:56:30Z,40.014880833188236,-75.21102856958834,-28.61465892132189,-35.69385151612297,-29.981425169077866,-18.144609317512554,1.7286518538977333,-0.2055528315919544,3.0978366187044406,0.0,0.0,0.0,0.0,0.0,0.0,3.012138503423899e-6,3.012138682075609e-6,1.029249480445336,1.2514552930052383,1.2370766848367662,0.07761864107368072,0.00017176791880736865,0.0001794198244129909,0.00027998980337852095,0.001414265999999848,0.001414265999999848,0.001414265999999848,0.0010053959999998582,0.0010053959999998582,0.0010053959999998582
2025-06-11T20:56:31Z,40.014516325347465,-75.21134572857527,-37.2618405159148,-36.044263399056454,-24.53251196651486,-17.995603137211653,1.723960091411015,-0.1335362907600048,-3.0758051369834014,0.0,0.0,0.0,0.0,0.0,0.0,4.015138705405271e-6,4.0151390295563794e-6,1.2790270557979626,1.36265480113493,1.3120419059698458,0.10062208610684592,0.00018158161530924845,0.00018481136118991354,0.0002880651059415825,0.0014152689999998476,0.0014152689999998476,0.0014152689999998476,0.0010054089999998578,0.0010054089999998578,0.0010054089999998578
2025-06-11T20:56:32Z,40.01403490833053,-75.21160898747699,-41.33629327260975,-37.43159086024054,-18.977592408183153,-17.154157815217715,1.749943205860573,-0.19570382805667433,-3.1221063331012235,0.0,0.0,0.0,0.0,0.0,0.0,5.018138963097359e-6,5.018139489534725e-6,1.525034822584755,1.5133366831386612,1.4113197493472052,0.13083928381437077,0.00019149518677861817,0.0001879092516218707,0.000296000447156406,0.0014162719999998472,0.0014162719999998472,0.0014162719999998472,0.0010054219999998575,0.0010054219999998575,0.0010054219999998575
2025-06-11T20:56:33Z,40.01334798121841,-75.21184573207857,-41.324022319014475,-39.32299368657351,-14.216673951553705,-16.292759127814065,1.7921075200353236,-0.33443831426580395,-3.121279749821236,0.0,0.0,0.0,0.0,0.0,0.0,6.021139248714762e-6,6.021140071814536e-6,1.7772185219556245,1.6859273240880788,1.5219467450220467,0.1747457528172809,0.00019991702519673161,0.0001886289257468246,0.0003036969343392094,0.0014172749999998469,0.0014172749999998469,0.0014172749999998469,0.0010054349999998572,0.0010054349999998572,0.0010054349999998572
2025-06-11T20:56:34Z,40.01239761495447,-75.2120916016522,-38.01048328354209,-41.8629303404165,-10.297807980128187,-15.201861838652166,1.846351493280044,-0.38460563508629864,-3.081458931812362,0.0,0.0,0.0,0.0,0.0,0.0,7.024139494555627e-6,7.02414078358218e-6,2.0661232364782345,1.8791276892384947,1.6321315965102932,0.23428382865417535,0.00020460880778167703,0.0001874924467779607,0.0003111958456881493,0.0014182779999998465,0.0014182779999998465,0.0014182779999998465,0.0010054479999998568,0.0010054479999998568,0.0010054479999998568
2025-06-11T20:56:35Z,40.01117844359461,-75.21237482466721,-31.975599436195807,-44.79702993095187,-7.21737562332101,-14.210279048421224,1.9341930903010078,-0.5204280056595206,-3.1086597155147797,0.0,0.0,0.0,0.0,0.0,0.0,8.027139596883005e-6,8.027141624042739e-6,2.4091233492436803,2.0914170601883035,1.7209816030441576,0.29519897643784626,0.0002035629269378621,0.00018532157981262254,0.0003185288665740082,0.0014192809999998461,0.0014192809999998461,0.0014192809999998461,0.0010054609999998565,0.0010054609999998565,0.0010054609999998565
2025-06-11T20:56:36Z,40.0097814908209,-75.21269648750274,-24.733878859639702,-47.745439721576524,-4.461898263008282,-13.51496390891906,2.000123848432731,-0.6418908405497666,-3.0175466928891184,0.0,0.0,0.0,0.0,0.0,0.0,9.030139455438198e-6,9.030142579736881e-6,2.767076734463058,2.325592806628452,1.7723138093747182,0.3509931232138481,0.00019585831163413523,0.00018304516719693187,0.0003257261465097559,0.0014202839999998458,0.0014202839999998458,0.0014202839999998458,0.0010054739999998561,0.0010054739999998561,0.0010054739999998561
2025-06-11T20:56:37Z,40.00830757372769,-75.21303459108783,-17.48275434491372,-50.622292489748084,-1.4577047261594576,-13.352120498077715,2.1004816555398036,-0.6108259667811925,-2.9948270621409767,0.0,0.0,0.0,0.0,0.0,0.0,0.00001003313903817963,0.00001003314362918299,3.0939505980144975,2.5969661912612225,1.7782937042999616,0.38798001934579524,0.0001827946158943627,0.00018200911931384517,0.000332867377612122,0.0014212869999998454,0.0014212869999998454,0.0014212869999998454,0.0010054869999998558,0.0010054869999998558,0.0010054869999998558
2025-06-11T20:56:38Z,40.006848230514684,-75.21334924478285,-11.557192101049676,-53.77777101928286,2.3815581139194757,-13.745575570047524,2.1577272655942012,-0.6929637522700685,-2.91760262869956,0.0,0.0,0.0,0.0,0.0,0.0,0.000011036138414626441,0.000011036144753949274,3.3374634217981085,2.9309052076222226,1.7475180863955042,0.39897466204204707,0.00016725113181370162,0.0001830708760459502,0.0003399679072661289,0.001422289999999845,0.001422289999999845,0.001422289999999845,0.0010054999999998555,0.0010054999999998555,0.0010054999999998555
2025-06-11T20:56:39Z,40.00544491053158,-75.21360972024358,-8.021087407746684,-56.51223780376557,6.991318857248515,-15.30568381796667,2.2440643215134823,-0.7178330186125986,-2.9249542026821933,0.0,0.0,0.0,0.0,0.0,0.0,0.000012039137724105662,0.000012039145948105477,3.4683340375661835,3.3230391185144628,1.689363704954651,0.3915140315914984,0.00015203393677833406,0.00018658271044190897,0.00034704138120718856,0.0014232929999998447,0.0014232929999998447,0.0014232929999998447,0.0010055129999998551,0.0010055129999998551,0.0010055129999998551
2025-06-11T20:56:40Z,40.004099978599854,-75.21379464724599,-7.873021987830252,-59.19739064252171,12.500184875727312,-17.923214551104977,2.3090541727808653,-0.7530057096140769,-2.9103521437184368,0.0,0.0,0.0,0.0,0.0,0.0,0.000013042137109594143,0.000013042147215469763,3.5043101468871214,3.7848432486906045,1.6183913616358654,0.376594654339327,0.00013895004161992494,0.0001925347001364953,0.0003540517930428344,0.0014242959999998443,0.0014242959999998443,0.0014242959999998443,0.0010055259999998548,0.0010055259999998548,0.0010055259999998548
2025-06-11T20:56:41Z,40.00273998164147,-75.21391409967612,-10.49861862302884,-61.79246639370635,18.30403217452727,-21.04064246768642,2.3762548006608486,-0.773402931897654,-2.91607838431504,0.0,0.0,0.0,0.0,0.0,0.0,0.00001404513668109392,0.000014045148564501633,3.482128913649818,4.307793665704336,1.5481941698820818,0.3590393074691695,0.00012855982897475195,0.00020043556770878154,0.0003609791485377391,0.001425298999999844,0.001425298999999844,0.001425298999999844,0.0010055389999998545,0.0010055389999998545,0.0010055389999998545
2025-06-11T20:56:42Z,40.001298310311725,-75.21398130088028,-14.873907229770573,-64.7471865236514,24.221972176839472,-24.07764234250716,2.383500804515332,-0.7523079196636473,-2.8173559666517205,0.0,0.0,0.0,0.0,0.0,0.0,0.00001504813651621973,0.000015048150003910156,3.4297305285817585,4.895365042447171,1.4833000030189372,0.34516399085696436,0.00012063047377157109,0.00020963711094346748,0.0003677917662961279,0.0014263019999998436,0.0014263019999998436,0.0014263019999998436,0.0010055519999998541,0.0010055519999998541,0.0010055519999998541
2025-06-11T20:56:43Z,39.99971469053745,-75.21400519091617,-20.082301673568328,-68.07391676272007,29.987885964775693,-27.093177694820486,2.4588830319738784,-0.7477032131163994,-2.8267904982058654,0.0,0.0,0.0,0.0,0.0,0.0,0.000016051136670514484,0.000016051151540624612,3.3724436631420667,5.5281251460694465,1.4210315510131653,0.3362967631387054,0.00011470488216131103,0.00021950248651477286,0.0003744791998873308,0.0014273049999998432,0.0014273049999998432,0.0014273049999998432,0.0010055649999998538,0.0010055649999998538,0.0010055649999998538
2025-06-11T20:56:44Z,39.997988923851395,-75.2139743653256,-26.410098896375857,-71.55279894630347,35.756132441341585,-30.452319970584163,2.5232368498044453,-0.7660836432890931,-2.8129680897146323,0.0,0.0,0.0,0.0,0.0,0.0,0.000017054137191627158,0.000017054153176941478,3.3217845044886256,6.194180884550092,1.3649083685563554,0.3354148738622886,0.00011026688599512174,0.00022944544753673285,0.0003810241741829308,0.0014283079999998429,0.0014283079999998429,0.0014283079999998429,0.0010055779999998534,0.0010055779999998534,0.0010055779999998534
2025-06-11T20:56:45Z,39.99606812360115,-75.21389282701567,-32.943190314234904,-75.4620524281405,41.31363248404617,-33.376568839730794,2.5403062667945573,-0.5528457082855897,-2.6898864503432116,0.0,0.0,0.0,0.0,0.0,0.0,0.00001805713812151955,0.000018057154913315916,3.2919244069342075,6.889099117494535,1.3202793796606593,0.34225120580364976,0.00010688884055318348,0.00023887132317015382,0.0003874210251679688,0.0014293109999998425,0.0014293109999998425,0.0014293109999998425,0.001005590999999853,0.001005590999999853,0.001005590999999853
2025-06-11T20:56:46Z,39.99391350436064,-75.2137503244143,-39.90855216097279,-78.24923782357435,46.91889967795674,-36.713845844794264,2.7129613226090155,-0.5177456435192196,-2.858695881168357,0.0,0.0,0.0,0.0,0.0,0.0,0.000019060139501006877,0.000019060156749379593,3.290063850067941,7.559985204055394,1.292061411132974,0.35429070041642713,0.0001043611068805927,0.000246726741318275,0.0003936242125000277,0.0014303139999998422,0.0014303139999998422,0.0014303139999998422,0.0010056039999998528,0.0010056039999998528,0.0010056039999998528
2025-06-11T20:56:47Z,39.99155678980632,-75.2135295332107,-46.70698038389395,-80.92081991954623,52.55288778127193,-39.40078997158987,2.724783035594255,-0.3245722271188833,-2.678738487748867,0.0,0.0,0.0,0.0,0.0,0.0,0.000020063141390828113,0.000020063158686000664,3.311638346652461,8.276788983518804,1.2824799503533184,0.36494161383025236,0.00010243772318633637,0.00025306698830949135,0.0003997365565127766,0.0014313169999998418,0.0014313169999998418,0.0014313169999998418,0.0010056169999998524,0.0010056169999998524,0.0010056169999998524
2025-06-11T20:56:48Z,39.98894736496972,-75.21322120520301,-52.519794429108856,-82.79035916898793,58.31011573904391,-41.982990532990065,2.8253698422806957,-0.14648969878941134,-2.7269738966206987,0.0,0.0,0.0,0.0,0.0,0.0,0.00002106614382445329,0.000021066160728796854,3.3471539131837607,8.964290978272116,1.297910934899298,0.3764464045317568,0.00010124520276411456,0.000257196130335561,0.00040574338121771887,0.0014323199999998414,0.0014323199999998414,0.0014323199999998414,0.001005629999999852,0.001005629999999852,0.001005629999999852
2025-06-11T20:56:49Z,39.98615929043797,-75.21279360983962,-58.25888417335437,-84.5259999233611,64.31477534661371,-44.97960843083554,2.930649125654255,0.06375125147352195,-2.587143117036852,0.0,0.0,0.0,0.0,0.0,0.0,0.00002206914687465768,0.000022069162879280476,3.388091236871395,9.67145800970723,1.3319834083289717,0.37802815351809416,0.0001008386222593958,0.000258428526868105,0.00041168427618515683,0.001433322999999841,0.001433322999999841,0.001433322999999841,0.0010056429999998518,0.0010056429999998518,0.0010056429999998518
2025-06-11T20:56:50Z,39.98312211955322,-75.21224262119718,-64.05101265901233,-85.35379712016297,70.73796779437879,-48.39069041405579,3.0409092337381995,0.29530633296458275,-2.5595818437522575,0.0,0.0,0.0,0.0,0.0,0.0,0.000023072150455923313,0.000023072165146137822,3.412493028811179,10.353256654988206,1.391120565167707,0.37147759584441603,0.00010145927697978449,0.0002571033344777256,0.0004175640523372166,0.0014343259999998407,0.0014343259999998407,0.0014343259999998407,0.0010056559999998514,0.0010056559999998514,0.0010056559999998514
2025-06-11T20:56:51Z,39.979947934901034,-75.21153084606155,-70.91732535996616,-86.54474480577379,77.85053001686057,-52.15166991016506,-3.1013962715353127,0.483458166302155,-2.4991488003369957,0.0,0.0,0.0,0.0,0.0,0.0,0.000024075154786840404,0.000024075167534803778,3.410538793785665,11.075643669899886,1.4610444310023047,0.3521933773696144,0.00010281753710114659,0.00024965471389128813,0.00042365536295422353,0.0014353289999998404,0.0014353289999998404,0.0014353289999998404,0.001005668999999851,0.001005668999999851,0.001005668999999851
2025-06-11T20:56:52Z,39.97714129220915,-75.21067102059116,-77.40024172857537,-83.39752566753194,86.45990645583066,-55.312604811760465,-2.959275490630135,0.7269520908647132,-2.4475994106703,0.0,0.0,0.0,0.0,0.0,0.0,0.00002507814342891607,0.000025078170039368324,3.3164916507029125,11.958271171314497,1.4957811662790041,0.30594493882069745,0.0000769873097440838,0.0002263856566263369,0.00042945540972448825,0.00143633199999984,0.00143633199999984,0.00143633199999984,0.0010056819999998507,0.0010056819999998507,0.0010056819999998507
2025-06-11T20:56:53Z,40.01891695992012,-75.21097751023531,-18.497515025417705,-75.28882249446451,87.03543377653573,-40.15062769908599,3.431629544000636,0.9207777030474753,3.8263537951887234,0.0,0.0,0.0,0.0,0.0,0.0,1.174832841709037e-9,1.1748328417105967e-9,1.6320442148988963,11.373469067140656,1.479258108235692,0.1943473255302023,0.0000710894021761322,0.00020796915767553364,0.0004122839036049172,0.0014363349999998397,0.0014363349999998397,0.0014363349999998397,0.0010056849999998505,0.0010056849999998505,0.0010056849999998505
2025-06-11T20:57:27Z,40.02097906645103,-75.21151037981987,-3.647663349648848,-66.22973838500887,86.82204688317934,-36.34735002270453,3.4565331107425403,0.9722142961506669,3.7911214281742587,0.0,0.0,0.0,0.0,0.0,0.0,1.1521862881571904e-9,1.1521862881572202e-9,1.3814172107597353,10.038011328557204,1.4403194244627529,0.1777456173253331,0.0000702283479006249,0.0002051649750449748,0.00037751940129201686,0.0014363359999998396,0.0014363359999998396,0.0014363359999998396,0.0010056859999998504,0.0010056859999998504,0.0010056859999998504
2025-06-11T20:58:27Z,40.0247880625846,-75.21422227518079,21.65714055007946,-44.18715608123584,83.4147066006234,-29.935119711484166,3.494953335807356,1.0637144533047669,3.70551509620274,0.0,0.0,0.0,0.0,0.0,0.0,1.1283900751617137e-9,1.1283900751617143e-9,1.0266398963121597,6.203359906938952,1.2896460583494538,0.15421207320382502,0.00006892855029845158,0.00020106780007840083,0.00027751051380661137,0.0014363369999998395,0.0014363369999998395,0.0014363369999998395,0.0010056869999998503,0.0010056869999998503,0.0010056869999998503
2025-06-11T20:59:27Z,40.0279125410881,-75.216917615119,29.595370709612087,-32.49671685935334,78.99225824365513,-27.996167901257277,3.5031565376270253,1.095935668666359,3.6626316834287365,0.0,0.0,0.0,0.0,0.0,0.0,1.226384493325794e-9,1.226384493325794e-9,0.9214507152709942,4.183926841021185,1.1577680252476905,0.14720239601896212,0.00006847554982008932,0.0001997771275142429,0.00022470910454593535,0.0014363379999998394,0.0014363379999998394,0.0014363379999998394,0.0010056879999998502,0.0010056879999998502,0.0010056879999998502
2025-06-11T21:00:27Z,40.0305576893572,-75.2198838705389,33.499025393693,-30.50654105804515,77.54508432750525,-27.023530654708328,3.5086523381320744,1.1102290742811773,3.6582330044275477,0.0,0.0,0.0,0.0,0.0,0.0,1.3115107382785122e-9,1.3115107382785122e-9,0.8358612126089886,3.8295976113618497,1.1265333823180852,0.1415287228591072,0.00006816709378544043,0.00019882461194793398,0.00021541571746363426,0.0014363389999998393,0.0014363389999998393,0.0014363389999998393,0.00100568899999985,0.00100568899999985,0.00100568899999985
2025-06-11T21:01:27Z,40.0305576893548,-75.21988387053894,38.91410809749349,-30.374287267340893,77.56109354379323,-25.630818742350993,3.518540458728585,1.1280076710337288,3.6605745280868693,0.0,0.0,0.0,0.0,0.0,0.0,2.3115107382785122e-9,2.3115107382785122e-9,0.7161421282348142,3.829526200647358,1.126532336928649,0.13360962466434875,0.0000677689028129546,0.00019753514120896115,0.00021539433281389937,0.0014363399999998392,0.0014363399999998392,0.0014363399999998392,0.00100568999999985,0.00100568999999985,0.00100568999999985
2025-06-11T21:01:46Z,40.03030097838331,-75.21891379117673,9.342479796040315,-26.453341615439243,87.79656802327096,-33.54405350501346,-1.4140991627228987,0.8007044840434758,-1.13465162427259,0.0,0.0,0.0,0.0,0.0,0.0,1.0043116059424738e-6,1.004311557936365e-6,1.2169938894592869,4.163430209591356,1.0824273336244374,0.1416435609455231,0.00007725527802492182,0.00020753405658498675,0.00022434396710456955,0.001437341999999839,0.001437341999999839,0.001437341999999839,0.0010057019999998498,0.0010057019999998498,0.0010057019999998498
2025-06-11T21:01:47Z,40.0300942660253,-75.2178192766992,-15.191702701208854,-22.350448595631107,97.41753983399992,-42.566255009951675,-1.4998809632823291,1.1052453385825767,-1.3196368071879958,0.0,0.0,0.0,0.0,0.0,0.0,2.0073119073902983e-6,2.0073116956222723e-6,1.6027210983253475,4.541654825501261,1.0752089640247877,0.1672162055231002,0.0000858296913312464,0.00021104191665937213,0.00023293236612526721,0.0014383449999998386,0.0014383449999998386,0.0014383449999998386,0.0010057149999998494,0.0010057149999998494,0.0010057149999998494
2025-06-11T21:01:48Z,40.03010803773811,-75.21779101328943,18.602528969750225,-21.906328051735258,98.89201440578225,-34.01351457146966,4.879599392168711,1.197917872907532,4.9725579378569345,0.0,0.0,0.0,0.0,0.0,0.0,2.010311906682936e-6,2.010311695411197e-6,0.976537586346644,4.531118551226173,1.073795505156739,0.12790893401117123,0.00008072864911724016,0.00020185087340477548,0.0002314144275930479,0.0014383479999998383,0.0014383479999998383,0.0014383479999998383,0.0010057179999998491,0.0010057179999998491,0.0010057179999998491
2025-06-11T21:01:49Z,40.02994453376528,-75.21657581403889,-21.71637872590119,-17.223689313556577,107.44440906298368,-46.554037383398935,-1.3778694804548397,1.1940305079426583,-1.297566394159069,0.0,0.0,0.0,0.0,0.0,0.0,3.012312439594199e-6,3.012311922797663e-6,1.5926091610716262,4.9145164718089225,1.0687215318437258,0.17968433364324385,0.0000903460478983795,0.0002084218847307379,0.00024009776896087944,0.001439349999999838,0.001439349999999838,0.001439349999999838,0.001005729999999849,0.001005729999999849,0.001005729999999849
2025-06-11T21:01:50Z,40.02977951829276,-75.21520948715929,-45.938158445406565,-12.489337986762216,117.1495402147395,-52.866896824035244,-1.3213133717730159,1.2126038009798126,-1.3162272222188642,0.0,0.0,0.0,0.0,0.0,0.0,4.015313229634529e-6,4.015312238789353e-6,1.973586100461723,5.319503866732276,1.0697222270962181,0.22396172411776702,0.00009612184163711351,0.00021358872559052691,0.0002486598297505291,0.0014403529999998377,0.0014403529999998377,0.0014403529999998377,0.0010057429999998486,0.0010057429999998486,0.0010057429999998486
2025-06-11T21:01:51Z,40.02949870484257,-75.21367417215924,-62.72305634310888,-7.375896042029564,127.38342270967948,-56.018733807690765,-1.2214688075803946,1.215916076170829,-1.3278834464040203,0.0,0.0,0.0,0.0,0.0,0.0,5.01831429731323e-6,5.018312642972046e-6,2.3309311270237925,5.722793808511629,1.0816251177516394,0.27224968618218304,0.000099531630417499,0.0002197636140687018,0.00025714804207212634,0.0014413559999998373,0.0014413559999998373,0.0014413559999998373,0.0010057559999998482,0.0010057559999998482,0.0010057559999998482
2025-06-11T21:01:52Z,40.02897307997106,-75.21195618077707,-70.01900021098135,-1.454908940238341,137.73079033731483,-56.06160050108372,-1.1166947046516735,1.1429109538369338,-1.3636813994236692,0.0,0.0,0.0,0.0,0.0,0.0,6.0213156461006e-6,6.021313135908697e-6,2.650411940924362,6.102123188837856,1.1125861584542556,0.3237374904300388,0.00010099709078181064,0.0002263850380952462,0.00026553874583157787,0.001442358999999837,0.001442358999999837,0.001442358999999837,0.0010057689999998479,0.0010057689999998479,0.0010057689999998479
2025-06-11T21:01:53Z,40.028133622828314,-75.21006899415929,-68.6862326918123,5.551780779162366,147.42080900271472,-53.805741383222696,-0.9488894490089864,1.0513014799881863,-1.3508020772574447,0.0,0.0,0.0,0.0,0.0,0.0,7.024317257547813e-6,7.02431372044861e-6,2.933398161704867,6.425651575000064,1.1750619924870185,0.375621579988658,0.00010145184418768158,0.0002318705914614039,0.0002737964311181827,0.0014433619999998366,0.0014433619999998366,0.0014433619999998366,0.0010057819999998475,0.0010057819999998475,0.0010057819999998475
2025-06-11T21:01:54Z,40.02692221103801,-75.20985164913725,-16.563156456653235,5.305861264735331,151.402229047528,-38.767278826412216,5.489535614958943,0.9108465309275189,4.935650330097157,0.0,0.0,0.0,0.0,0.0,0.0,7.026317030547094e-6,7.0263137148414226e-6,1.8478307295737684,6.400312154552356,1.1674475082352092,0.28718685632768,0.00009198615354325067,0.00022417676303428292,0.0002718985656773799,0.0014433639999998364,0.0014433639999998364,0.0014433639999998364,0.0010057839999998474,0.0010057839999998474,0.0010057839999998474
