timestamp,latitude,longitude,altitude,latitude_ins,longitude_ins,altitude_ins,latitude_cov,longitude_cov,altitude_cov,effective_sample_size,horizontal_error_m,vertical_error_m,error_3d_m
2023-08-09 16:37:46+00:00,40.18215391471785,-75.08335483517129,49.76251612135621,40.182173189731365,-75.08334653154219,51.87386469869732,1.0284010297340756e-06,1.0444660690941672e-06,128.54474354597906,5000.0,16.82743391875582,20.88843010304477,26.82329294586853
2023-08-09 16:37:47+00:00,40.18220730709875,-75.08369025607564,21.50500651834743,40.182219553151455,-75.08362722452769,35.28178987521291,1.043165958151889e-06,1.054221659414876e-06,152.9322792202791,4999.999999999998,46.29934457055407,49.58488572187147,67.8401813066117
2023-08-09 16:37:48+00:00,40.18227695969517,-75.08413929763603,-12.802467712658691,40.18227869872645,-75.08402071517928,18.945027327051363,1.0520634458680636e-06,1.0628109566872594e-06,179.8339536596309,4999.999999999997,84.33339653286335,83.54100570512927,118.70645056185282
2023-08-09 16:37:49+00:00,40.182346036711365,-75.08470663395904,-50.95650736518796,40.182317391174,-75.08452960227648,6.115366375150479,1.0664715322285665e-06,1.0755360502126976e-06,204.39352377527396,4999.999999999994,133.0383684057412,121.03490815355131,179.857322508149
2023-08-09 16:37:50+00:00,40.182410998938735,-75.08539246039032,-91.77746392885028,40.18228194574378,-75.08515645951994,-3.220094943987462,1.0801351707844325e-06,1.0786658407213323e-06,228.24419845262665,4999.999999999991,192.08727215328796,161.31794498237997,250.8405858242033
2023-08-09 16:37:51+00:00,40.18247642711657,-75.08619917887198,-135.32386298217898,40.182117769791546,-75.08590110980147,-12.05489525938114,1.0918358828464966e-06,1.084550422155075e-06,250.0317361532047,4999.999999999987,260.548545309694,204.0189320761033,330.9218474330024
2023-08-09 16:37:52+00:00,40.18253917221814,-75.087116744518,-181.61512869870657,40.18174828553183,-75.08676322828646,-21.496221138510204,1.1017856694891029e-06,1.0929175100521914e-06,274.19761969443647,4999.999999999982,337.12384525006934,249.8693979160277,419.6274574561475
2023-08-09 16:37:53+00:00,40.18260177022767,-75.08815277949998,-230.19127880844343,40.18106277703683,-75.08774239540607,-31.242140783940933,1.1117397159087106e-06,1.103086627542016e-06,303.6995834270201,4999.999999999977,422.6778929372587,298.6784184622712,517.5571454757477
2023-08-09 16:37:54+00:00,40.1826605837387,-75.08930557121104,-280.9335794966375,40.17993487363183,-75.08883813746158,-40.93464064502662,1.1230494774629288e-06,1.112493004769403e-06,331.5607292507932,4999.999999999969,517.542896213029,350.12350552174985,624.8496767538645
2023-08-09 16:37:55+00:00,40.182714347469286,-75.09057137729128,-332.8488343007885,40.1782243347504,-75.09005024200982,-49.40776214058563,1.1301332092824466e-06,1.118433719603971e-06,355.48778535353006,4999.999999999964,620.737927371429,400.9131119192864,738.9498614832969
2023-08-09 16:37:56+00:00,40.18275161618131,-75.09195076497687,-384.79793652713886,40.17583939058042,-75.09137798247114,-55.27828824932993,1.1374959344606288e-06,1.1262676147706684e-06,382.5872659843689,4999.999999999955,732.6038062391062,452.4462440811883,861.0551322065272
2023-08-09 16:37:57+00:00,40.18275714647597,-75.09344170916026,-435.4853211398463,40.17278046170482,-75.09281887531459,-57.0780001501589,1.1475388652727388e-06,1.1324340901252706e-06,406.6855617973376,4999.999999999946,852.4915895619375,502.4736638028559,989.5563112270592
2023-08-09 16:37:58+00:00,40.18272244918607,-75.09503612841763,-483.93443954761847,40.16918790270211,-75.09436770246629,-55.12051921207215,1.1527636852240198e-06,1.1395428242831531e-06,435.34771622097895,4999.999999999936,979.4160481715307,550.4046050753345,1123.477202574255
2023-08-09 16:37:59+00:00,40.1826317032817,-75.0967288023211,-529.5940834873709,40.165270306992966,-75.09601712679769,-50.01486589879886,1.155498909175054e-06,1.1467102266496218e-06,459.0063721588574,4999.999999999926,1113.4693290358357,595.781474542495,1262.8418397058051
2023-08-09 16:38:00+00:00,40.18247882350451,-75.09850658376101,-572.2269135875616,40.161269478463694,-75.09775509766591,-43.23374249564071,1.163545301545962e-06,1.150505422154216e-06,479.3645565248833,4999.9999999999145,1253.6054968270444,638.0591359312984,1406.6435947390426
2023-08-09 16:38:01+00:00,40.18224941337843,-75.10035406343891,-612.3282747421183,40.15733557914352,-75.09956576925573,-36.00868961259468,1.1724081063285988e-06,1.1569535429151582e-06,511.8669680368975,4999.999999999902,1399.3750564493268,678.2073318611056,1555.0613279233448
2023-08-09 16:38:02+00:00,40.18193718889861,-75.1022575104962,-649.8822838829085,40.15351920972035,-75.101432238659,-29.03024013555539,1.1831749245993311e-06,1.1663848871877788e-06,540.5751453314012,4999.999999999886,1549.5431290029558,715.644752288493,1706.8190648449909
2023-08-09 16:38:03+00:00,40.18153485719684,-75.10419749306391,-685.0562595727931,40.149826229275234,-75.10333538206795,-22.70504194515751,1.1941339850265071e-06,1.1781643033404253e-06,573.2620076059335,4999.999999999871,1703.5215127024371,750.4872240469294,1861.509231161013
2023-08-09 16:38:04+00:00,40.1810410820707,-75.10616276642406,-717.9026582024613,40.146224669088376,-75.10525587566549,-16.915142386086508,1.2056375763453392e-06,1.1878844010147434e-06,598.3658645294055,4999.999999999854,1860.90297375088,783.0337730122405,2018.9358007110216
2023-08-09 16:38:05+00:00,40.18048105323504,-75.10815554689361,-748.337129961634,40.1425055035489,-75.10723279558134,-12.01671973641947,1.2186887703237042e-06,1.1984697674957597e-06,626.3578287042084,4999.999999999835,2021.7582973913563,813.3977474823681,2179.248152157112
2023-08-09 16:38:06+00:00,40.1798590606939,-75.11017498050788,-775.8153347970701,40.138860738254586,-75.10923604602172,-6.2896675003544935,1.2286463153011718e-06,1.2105816967997e-06,656.7069663329643,4999.999999999816,2186.724376231424,840.6549882126512,2342.7471709110064
2023-08-09 16:38:07+00:00,40.17918206937361,-75.11222186354077,-800.0016967085865,40.13536176861876,-75.11126594128076,0.1866456678038055,1.2340143669914012e-06,1.2208193254524252e-06,681.5802662142956,4999.999999999794,2355.456506443969,864.6501283438562,2509.142323224068
2023-08-09 16:38:08+00:00,40.17845562469533,-75.11429534883737,-821.2519961831282,40.13206498543523,-75.11332535453404,7.00096967499751,1.2454899194669567e-06,1.2230818088582604e-06,706.4484921336393,4999.999999999773,2528.6755574171166,885.3532147967691,2679.1883826319004
2023-08-09 16:38:09+00:00,40.17768701073562,-75.11640173095866,-839.8930676369116,40.12901283754159,-75.11541800149266,13.426717701064742,1.257618884356941e-06,1.2367386883745437e-06,735.8788263875678,4999.999999999751,2706.4199722387257,904.2504599613416,2853.485230463435
2023-08-09 16:38:10+00:00,40.17687975270061,-75.11854426988339,-856.4527599758982,40.12618880788064,-75.11754924984824,18.993951142136524,1.2639021003409715e-06,1.2485716207640298e-06,761.6281014797548,4999.999999999725,2889.510248716913,920.8597393008998,3032.6971719750386
2023-08-09 16:38:11+00:00,40.17603996580304,-75.12072474299171,-871.2318629218586,40.12354094556084,-75.11972330601027,23.73631335940333,1.2717483816114251e-06,1.2605850949271737e-06,786.4167915414221,4999.999999999701,3078.0941448447256,935.5779527222696,3217.1368746367284
2023-08-09 16:38:12+00:00,40.17516971534917,-75.12294633009769,-884.8365681911113,40.12103507123822,-75.12194118595325,27.46938797181665,1.2857966226082004e-06,1.275869780744724e-06,809.7901484050192,4999.999999999676,3272.293282174208,948.8037683340008,3407.070870317677
2023-08-09 16:38:13+00:00,40.17427257211367,-75.12520715028722,-897.4824155438239,40.1186268865048,-75.12420287700576,30.02383941741753,1.2993425268682436e-06,1.281858455538879e-06,833.4104512374657,4999.999999999648,3471.978213407765,961.3695773046252,3602.619072084232
2023-08-09 16:38:14+00:00,40.17334997226922,-75.12751168113184,-909.611620726196,40.11624807068618,-75.12650872260834,31.60330575084728,1.3062464119671473e-06,1.2870676335610663e-06,865.3735597780351,4999.999999999623,3677.2456599316256,973.342052346349,3803.883593691029
2023-08-09 16:38:15+00:00,40.17240252514034,-75.12986105374007,-921.1528880099294,40.11380975140659,-75.12885416547068,32.77942624336751,1.3200929879660296e-06,1.2998406712911242e-06,887.7735878964,4999.999999999593,3888.0937971510207,984.8378783727428,4010.882573963238
2023-08-09 16:38:16+00:00,40.171434832525975,-75.13224691959925,-932.0889407486889,40.11127456080477,-75.13123275797889,33.829363005802215,1.3273471003071798e-06,1.3086386127827397e-06,917.4198707468508,4999.9999999995625,4103.834524642887,995.8154153628906,4222.926254047693
2023-08-09 16:38:17+00:00,40.1704525375558,-75.13467354867171,-942.437166910539,40.108626907504686,-75.13364180297032,34.82454167557804,1.3321560110015729e-06,1.3198862461965522e-06,947.3269929658592,4999.999999999534,4324.029693870684,1006.1213189079256,4439.539717339673
2023-08-09 16:38:18+00:00,40.16946939638471,-75.13713962796498,-951.8492910283038,40.10587556293967,-75.13608181087693,35.976745597001965,1.3460861736530766e-06,1.3281920280853273e-06,977.822103908177,4999.999999999505,4548.377988750157,1015.5191713977256,4660.367100993573
2023-08-09 16:38:19+00:00,40.16849165486971,-75.13965746183572,-960.4147693517392,40.10300400405341,-75.13855657909498,37.584288149076514,1.3555141169852462e-06,1.3419519683654065e-06,997.7255358684198,4999.999999999472,4777.441883319782,1024.0479562179012,4885.962051135081
2023-08-09 16:38:20+00:00,40.1675202713322,-75.14223008981638,-968.5278712162176,40.10001378483148,-75.1410664006346,39.064476008599584,1.3576202366860982e-06,1.3530292778206775e-06,1020.8982591913853,4999.9999999994425,5010.742038386064,1032.0293804845603,5115.918335688391
2023-08-09 16:38:21+00:00,40.16654373045411,-75.14484771657673,-976.575373585914,40.09686121803554,-75.14359886092099,40.23568695231162,1.3670076759366196e-06,1.3566847853587246e-06,1046.6874820274163,4999.999999999407,5247.677589621862,1039.968192448637,5349.734005156182
2023-08-09 16:38:22+00:00,40.165566634459424,-75.14749506554767,-984.3006251728696,40.0935310961927,-75.14613109166096,41.38694990604233,1.3709692438761074e-06,1.3679207462868862e-06,1078.2064178468872,4999.999999999374,5486.612443554478,1047.468397232367,5585.705519356296
2023-08-09 16:38:23+00:00,40.16458562846779,-75.15016484530113,-991.255776281906,40.09008985800303,-75.14864426518176,42.816665488996456,1.3825107595448229e-06,1.3800112002021642e-06,1105.2412761552716,4999.999999999336,5727.7960162860045,1054.3791273839024,5824.033185726595
2023-08-09 16:38:24+00:00,40.16359637857445,-75.15284751356465,-997.7904449612562,40.086638155867774,-75.1511347397867,44.47631577002829,1.391230362734581e-06,1.389854187676401e-06,1125.337048105506,4999.999999999293,5971.4771482719125,1059.767655293252,6064.787450153502
2023-08-09 16:38:25+00:00,40.16260277893852,-75.15554374876217,-1003.9058773091996,40.08329386557234,-75.15361573845838,45.972265591237694,1.3965052011245795e-06,1.4016821180116393e-06,1150.96001736732,4999.999999999247,6217.964577611051,1064.7589370127355,6308.470106323265
2023-08-09 16:38:26+00:00,40.16160533142368,-75.15825644204637,-1009.738989485022,40.0800511285816,-75.15609714605434,47.44665103792758,1.4085536203024052e-06,1.4191920657241598e-06,1177.0888454676458,4999.999999999199,6465.6946498920815,1069.7368114553915,6553.590172678319
2023-08-09 16:38:27+00:00,40.16060266587726,-75.16098414347441,-1015.1937265488718,40.07690077340828,-75.15858620774415,48.84931405891396,1.4233395996230685e-06,1.4288034685403186e-06,1206.3852623918897,4999.999999999147,6714.7854693766685,1075.3151955072528,6800.341658287533
2023-08-09 16:38:28+00:00,40.15959174668476,-75.16372787907581,-1020.5165346363638,40.07393412178455,-75.16110273219319,49.6865773790496,1.4377712455992877e-06,1.435184114230284e-06,1235.008544357871,4999.999999999094,6965.506323783269,1080.7998431986225,7048.858535090832
2023-08-09 16:38:29+00:00,40.15857699229471,-75.16649487896007,-1025.8219974000906,40.0710270322106,-75.16363495118276,50.33850758984713,1.4465035669399574e-06,1.4422066050204517e-06,1254.3921544165892,4999.9999999990405,7218.05510908038,1085.6240863936582,7299.239632638419
2023-08-09 16:38:30+00:00,40.157562415691245,-75.16928268009116,-1031.020141101299,40.068145266366095,-75.16618445915542,50.92355073779715,1.4599750136661051e-06,1.4556753501213208e-06,1274.6127706965235,4999.999999998984,7472.175990321087,1090.3592213799316,7551.31096313608
2023-08-09 16:38:31+00:00,40.15655284095281,-75.17209479980583,-1036.39838468035,40.06526206869113,-75.16874730592593,51.42958196989169,1.4662493568297638e-06,1.4692688604772734e-06,1305.4743634378,4999.999999998927,7727.927623078073,1095.837287082706,7805.2370051968255
2023-08-09 16:38:32+00:00,40.15553975384859,-75.17492563200673,-1041.7700117495838,40.06237724366351,-75.17133126054047,51.81558686097061,1.4771908500616863e-06,1.4804504387468197e-06,1334.7014118713844,4999.999999998866,7985.068084618723,1101.0156894338322,8060.61708955189
2023-08-09 16:38:33+00:00,40.15452439574732,-75.17777979649051,-1047.2583819900628,40.059497901905935,-75.1739341879529,52.01449514717095,1.4897107203049884e-06,1.4922160709882055e-06,1358.9665943376742,4999.999999998804,8243.91879302452,1106.7688293180777,8317.88039752514
2023-08-09 16:38:34+00:00,40.15351138211785,-75.18065732038453,-1052.7423066094889,40.05661377790764,-75.17655938613231,52.07274793040985,1.497579853673067e-06,1.5039917224934127e-06,1383.9837264617788,4999.999999998739,8504.390577624905,1111.9291515741922,8576.773608701338
2023-08-09 16:38:35+00:00,40.15250444943766,-75.18355593318844,-1058.223855235405,40.05367834115439,-75.17920360072398,52.21117557529332,1.506420860647788e-06,1.5105909955645426e-06,1420.620530725396,4999.9999999986685,8766.168210643007,1117.5058556911983,8837.110638369995
2023-08-09 16:38:36+00:00,40.15149885228831,-75.18647542782497,-1063.8442271005138,40.05073309736545,-75.18187615325182,52.27412908849792,1.5185000948462588e-06,1.5239916635616043e-06,1443.364551431377,4999.999999998576,9029.548259485107,1123.4487922395,9099.169135649416
2023-08-09 16:38:37+00:00,40.15049223069965,-75.1894161491872,-1069.388752169713,40.04772824502046,-75.18456556783659,52.402256080628405,1.529050078241842e-06,1.5290275237160864e-06,1462.6587902356944,4999.999999998421,9294.45924733837,1129.1321624261736,9362.794034937377
2023-08-09 16:38:38+00:00,40.149485350739184,-75.19237783214747,-1075.061070274136,40.0446324540009,-75.18726861599738,52.7074259802981,1.5396670570145898e-06,1.5413361129406876e-06,1483.839399604413,4999.999999998172,9560.872139103702,1134.7149227790012,9627.972476916764
2023-08-09 16:38:39+00:00,40.14848143801642,-75.19535639346745,-1080.5561390272665,40.041500475719005,-75.18999661774359,53.04250828483461,1.5459125003166115e-06,1.5512986644109788e-06,1512.9236671722815,4999.999999997831,9828.51208798876,1139.7514346805417,9894.376341973128
2023-08-09 16:38:40+00:00,40.14747595861376,-75.19835178808336,-1086.0731844764057,40.038378695129765,-75.19275352866055,53.279086878940745,1.5532476618234969e-06,1.5608572053518677e-06,1528.570015110665,4999.999999997412,10097.730579897385,1145.081147974571,10162.449197887365
2023-08-09 16:38:41+00:00,40.14646986014537,-75.20136711862143,-1091.7147746507285,40.03523705043205,-75.1955360648513,53.47377507514879,1.5627510911069697e-06,1.5665016032394555e-06,1544.0298286719403,4999.999999996888,10368.573588128736,1151.0379331792078,10432.267566356715
2023-08-09 16:38:42+00:00,40.1454666057753,-75.20440215032977,-1097.347841751778,40.03205251012994,-75.19834470719694,53.67895679759288,1.5727833085059773e-06,1.5696564185098034e-06,1565.785550851133,4999.999999996286,10641.073168944327,1156.819414664352,10703.768931781517
2023-08-09 16:38:43+00:00,40.14446863913615,-75.20745360472704,-1102.839834225872,40.02885261005723,-75.20117772235749,53.87274999009699,1.5879037335280803e-06,1.57995864685058e-06,1590.3086853113805,4999.999999995604,10914.822463306497,1162.3160645729636,10976.535338596805
2023-08-09 16:38:44+00:00,40.14346905134576,-75.21052034310645,-1108.2636341850855,40.02557077091837,-75.20403371689592,54.16183067514594,1.602633584421107e-06,1.5936609857726202e-06,1616.6910777176622,4999.999999994841,11189.78887812164,1167.7860433636808,11250.559958509166
2023-08-09 16:38:45+00:00,40.14259757390689,-75.2134453872653,-1113.233891697264,40.180171234191214,-75.09234625745178,58.6692213172121,1.6066703633607858e-06,1.6024763561576471e-06,1640.3269055486248,4999.999999993996,11448.405850698497,1173.064144988539,11508.34810085988
2023-08-09 16:38:46+00:00,40.141744096358735,-75.21640442628629,-1118.9939177252854,40.17928505948736,-75.09527125537494,57.14929347150591,1.617722717375187e-06,1.6136102585826698e-06,1672.1550380616643,4999.999999993064,11708.956449989808,1179.3704177629547,11768.201890265662
2023-08-09 16:38:47+00:00,40.1409109686872,-75.2193860403731,-1125.29932642539,40.17840009032366,-75.09820932234479,55.85944866138284,1.6257940076262453e-06,1.619491620328085e-06,1696.0652267391592,4999.999999992041,11970.348855536924,1186.2459798839104,12028.982968150089
2023-08-09 16:38:48+00:00,40.140088657459344,-75.22239670325939,-1131.863966255902,40.17750401239925,-75.10115815191644,54.74951998692055,1.632283192872499e-06,1.633661971332089e-06,1715.3412845800096,4999.999999990923,12233.778736852424,1193.2829263295675,12291.837386027044
2023-08-09 16:38:49+00:00,40.13927906745575,-75.22542791779279,-1138.7004727941976,40.176577040270764,-75.10411673946194,53.85718558700509,1.6389941086472805e-06,1.6448183386115645e-06,1743.102662222092,4999.9999999897145,12498.443459230655,1200.6287188177046,12555.978584882796
2023-08-09 16:38:50+00:00,40.13848124899398,-75.22848061554882,-1145.472231018212,40.17559753535276,-75.107085786098,53.310133975229306,1.6497435469080732e-06,1.6529718482399336e-06,1756.6882479989806,4999.999999988402,12764.543604125323,1208.0118484095894,12821.578141848013
2023-08-09 16:38:51+00:00,40.13768784414992,-75.23155135186659,-1152.433924718419,40.17454292168007,-75.11006795457183,53.06644552892339,1.6580854780088929e-06,1.6617247429572443e-06,1773.2501262950138,4999.999999986979,13031.960081478384,1215.6033736212048,13088.532199112524
2023-08-09 16:38:52+00:00,40.13690044033936,-75.23463725302096,-1159.5110753294853,40.17339748008849,-75.11306425853185,52.94458588127314,1.6700349729046366e-06,1.6741118328938386e-06,1794.6906539892825,4999.999999985448,13300.300397284622,1223.4251809381738,13356.450120872802
2023-08-09 16:38:53+00:00,40.1361216004142,-75.23773438012226,-1166.627034949875,40.17214096623659,-75.11607475313872,53.02133581292578,1.6721302549992777e-06,1.6763777303581646e-06,1823.7289774326864,4999.999999983808,13569.32994430616,1230.8948025535758,13625.043748641589
2023-08-09 16:38:54+00:00,40.13534368363378,-75.2408443924786,-1173.8624247431571,40.17076995283917,-75.11910642228902,53.10653792857648,1.674018827655563e-06,1.6838569112938903e-06,1851.205304927187,4999.999999982046,13838.999430985454,1240.8797666229527,13894.520065336188
2023-08-09 16:38:55+00:00,40.1345677772389,-75.24396664954932,-1181.076783068777,40.1692780502212,-75.12216204794966,53.25376246701108,1.6878604995346376e-06,1.692918892004288e-06,1868.156214253028,4999.9999999801685,14109.76939362294,1248.086906324004,14164.86192191636
2023-08-09 16:38:56+00:00,40.1337881384961,-75.24709517441369,-1188.120330727873,40.16766271192032,-75.12524627485664,53.49371960462463,1.697985278171515e-06,1.7062407508520896e-06,1886.512665368321,4999.999999978158,14381.040840536436,1255.0061582669468,14435.69797808422
2023-08-09 16:38:57+00:00,40.13300109411486,-75.25023449294844,-1194.8755269638891,40.16593718745487,-75.12836262559658,53.81746882885528,1.7066323944550425e-06,1.7150815307711246e-06,1919.67567039602,4999.999999976124,14653.377243559613,1261.3201174090211,14707.56244524059
2023-08-09 16:38:58+00:00,40.13221023055553,-75.25338632942811,-1201.3696460134097,40.16411742941487,-75.13151298040047,54.175000626329336,1.712984105016462e-06,1.7258750252010996e-06,1947.7188525978831,4999.999999974031,14926.89390437328,1267.4798547078492,14980.609694351777
2023-08-09 16:38:59+00:00,40.13141900461778,-75.25655183049713,-1207.8350833673285,40.16221882718537,-75.13469737624366,54.40609160820441,1.7212884923985753e-06,1.7361444406539751e-06,1963.5037265368512,4999.999999971818,15201.582640368037,1273.622235209039,15254.84278417702
2023-08-09 16:39:00+00:00,40.13062563639632,-75.25972900579248,-1214.617724191291,40.16022882290829,-75.13791770333545,54.42777677602808,1.728942116723285e-06,1.735976791728244e-06,1990.586787386419,4999.999999969473,15477.329527529471,1280.4173725297828,15530.20276595292
2023-08-09 16:39:01+00:00,40.129829722354856,-75.26291635435891,-1221.36855858667,40.158141219029126,-75.14117655341113,54.35808972349547,1.7448491316175607e-06,1.7447659856382651e-06,2012.5131537149337,4999.9999999669935,15753.93830721201,1286.8008587385289,15806.40467144544
2023-08-09 16:39:02+00:00,40.12902734296589,-75.26611691815461,-1227.9552202950283,40.156014803330166,-75.14447409872004,54.131716249431626,1.7556067065436426e-06,1.752109605542719e-06,2031.3620462517908,4999.999999964375,16031.46650053667,1293.005749439665,16083.525174100158
2023-08-09 16:39:03+00:00,40.128220963235776,-75.2693295548362,-1234.568411925612,40.15383822492794,-75.14781271131247,53.82508413265565,1.7644118687121574e-06,1.7592491566394455e-06,2050.402216601264,4999.999999961602,16310.132794181049,1299.2028845739544,16361.795741883145
2023-08-09 16:39:04+00:00,40.12740877581483,-75.27255766705295,-1240.958040002864,40.1515744737809,-75.15119743697223,53.629784061207125,1.7694174856634012e-06,1.7699016031529451e-06,2074.161098404936,4999.99999995868,16590.150638195577,1305.0068695513107,16641.398412621376
2023-08-09 16:39:05+00:00,40.12659629967655,-75.27580426587454,-1247.2687867522309,40.14925838242078,-75.15462658710543,53.47965031764343,1.7840333440473293e-06,1.782480038070193e-06,2103.0819699335584,4999.999999955612,16871.431418886612,1310.7822193821237,16922.273728693868
2023-08-09 16:39:06+00:00,40.12578126872312,-75.2790620278984,-1253.619492210239,40.14694071714521,-75.15809441164089,53.178652535415175,1.8022166320103625e-06,1.790857811252488e-06,2131.2831010439995,4999.99999995239,17154.11081952094,1316.700462020298,17204.569687007282
2023-08-09 16:39:07+00:00,40.12496375187264,-75.28233630309624,-1259.9395173454018,40.14460090627659,-75.16160468113705,52.84737356660711,1.81377468563268e-06,1.7981368122508157e-06,2163.936932012941,4999.999999948998,17437.540772325527,1322.363067067661,17487.609106669206
2023-08-09 16:39:08+00:00,40.12414597548792,-75.28562310846684,-1266.1393753344742,40.14221836876984,-75.16516224322446,52.64308933464282,1.8329361660817069e-06,1.812052554705084e-06,2198.977941260166,4999.999999945426,17721.993397571277,1328.1165995447705,17771.68938749342
2023-08-09 16:39:09+00:00,40.12332176026537,-75.28892748399288,-1272.2015495651258,40.13981747498875,-75.16876435892385,52.546438629052126,1.8466834392201508e-06,1.824453168814544e-06,2227.628656195835,4999.999999941673,18008.77148494198,1333.6668886423536,18058.08732304505
2023-08-09 16:39:10+00:00,40.1224922458684,-75.29225122423705,-1277.8860588051248,40.13740234810712,-75.172407637111,52.62681225084261,1.8554378705376728e-06,1.827871072169989e-06,2248.467488597986,4999.999999937736,18296.201648814374,1339.0466773447783,18345.136706445828
2023-08-09 16:39:11+00:00,40.121660227248654,-75.29559039255308,-1283.3196488548365,40.13500219126881,-75.17608360608054,52.744915521450565,1.8672026312678585e-06,1.8387046002134447e-06,2271.9664308404413,4999.999999933601,18585.393896067653,1344.2535329223076,18633.94439813436
2023-08-09 16:39:12+00:00,40.12082736388234,-75.29894506849911,-1288.6812902232082,40.13261512971573,-75.17978870550972,52.797741109540574,1.8781829390862395e-06,1.8461510494083097e-06,2295.8096706283823,4999.999999929376,18876.54112549889,1349.3213826700437,18924.70536247213
2023-08-09 16:39:13+00:00,40.11999096376896,-75.30231151791145,-1293.9600817604005,40.1302611080932,-75.18351408330838,52.71318960779631,1.8919588123044545e-06,1.853096013203308e-06,2313.473802791016,4999.999999925277,19168.085244448048,1354.114112067453,19215.85587391119
2023-08-09 16:39:14+00:00,40.11915353148935,-75.30568800537591,-1298.8772025629291,40.12790256359368,-75.18726598532594,52.674862770202814,1.9034459930671648e-06,1.8661751314526069e-06,2345.083558275997,4999.999999921037,19460.999528120024,1358.399058640446,19508.350792314635
2023-08-09 16:39:15+00:00,40.11831875122626,-75.30907556553049,-1303.698775878443,40.12556637459295,-75.19103551849655,52.55430044426969,1.9116599083637643e-06,1.878007287229198e-06,2362.830658055027,4999.9999999166575,19755.35171182021,1362.7810279081446,19802.30020446474
2023-08-09 16:39:16+00:00,40.11748926181885,-75.31247051991944,-1308.5509978331595,40.12318917942393,-75.1948374668635,52.36233298077596,1.9162291105803064e-06,1.881253509566193e-06,2384.9194497133567,4999.999999912112,20050.13232663385,1367.1738715595432,20096.690541245916
2023-08-09 16:39:17+00:00,40.11666604877996,-75.31587924092287,-1313.7904685374813,40.12076342393443,-75.19867728407274,51.951420544922414,1.9239578061718085e-06,1.888255298719342e-06,2398.9425942060766,4999.999999907377,20346.024654048862,1372.2918728689808,20392.25108239663
2023-08-09 16:39:18+00:00,40.115850506780646,-75.31930206834625,-1319.2371559396847,40.118252456326665,-75.20257101481064,51.40487091928101,1.928019405825302e-06,1.9008077100873823e-06,2431.1132749951653,4999.999999902493,20642.69491922073,1377.7448227042353,20688.620889863825
2023-08-09 16:39:19+00:00,40.11504567445049,-75.32274207595628,-1324.7104775775574,40.115678828421615,-75.2065201949525,50.820282068615846,1.945995778591332e-06,1.9136238251038006e-06,2453.3942188499263,4999.999999897404,20940.276607315376,1383.2897405638194,20985.91610812425
2023-08-09 16:39:20+00:00,40.11424615458661,-75.32619464893969,-1330.1463500474383,40.11307928893099,-75.21051984815989,50.259538361503104,1.954779234547249e-06,1.9333388671253937e-06,2481.8384629900524,4999.999999892185,21238.72911839222,1388.7686975497431,21284.08544099877
2023-08-09 16:39:21+00:00,40.113451335500336,-75.32966388280019,-1335.6828429937543,40.11049329993936,-75.21455906140679,49.70790199175509,1.9570524990926464e-06,1.942224556336097e-06,2508.683116233992,4999.999999886803,21538.03481968089,1394.2667841830355,21583.116636835905
2023-08-09 16:39:22+00:00,40.11266513689037,-75.33315194251023,-1341.2262116721831,40.107857228477634,-75.2186603989175,49.40267146924841,1.9705042423917264e-06,1.9561220869983423e-06,2540.3564749557017,4999.999999881264,21838.33564804457,1399.577074922122,21883.13779752122
2023-08-09 16:39:23+00:00,40.11188255117053,-75.33665220692669,-1347.0116179748125,40.10526831616445,-75.22279253757388,49.00863205393621,1.985430060545909e-06,1.967201387519004e-06,2559.4728790606828,4999.9999998755575,22139.629070538813,1405.02102540523,22184.16686429486
2023-08-09 16:39:24+00:00,40.11111035314511,-75.34017024971831,-1352.5179520429986,40.10271790136723,-75.22695749917783,48.61131156550238,1.9916990606096857e-06,1.983248418206495e-06,2575.7017725339447,4999.999999869683,22441.74452246641,1410.121106257022,22486.00317410728
2023-08-09 16:39:25+00:00,40.1103489146328,-75.34370664176299,-1358.1252039992423,40.10019694871009,-75.23116532011555,48.309055427796125,1.999589027995972e-06,1.9917786323339323e-06,2591.747258658183,4999.999999863634,22744.77121702958,1415.1243511298298,22788.751493756256
2023-08-09 16:39:26+00:00,40.10959590880876,-75.34725916640255,-1363.8061961477251,40.09770392163101,-75.23541759263144,48.00049954677665,2.0004691812235465e-06,2.011969314328406e-06,2603.9514567604174,4999.9999998574485,23048.719725998584,1420.3691199774082,23092.443124204543
2023-08-09 16:39:27+00:00,40.10885228946936,-75.35082334493887,-1369.5599433088782,40.09523836309444,-75.23970980582045,47.67222196773521,2.005413472759967e-06,2.0268912973366767e-06,2611.563217026,4999.999999851084,23352.995428582944,1425.7382432330348,23396.476765223288
2023-08-09 16:39:28+00:00,40.1081187267028,-75.35440489956906,-1375.309577906598,40.09282292245397,-75.2440347735855,47.42122588796111,2.021183485282446e-06,2.036312854826075e-06,2640.559109221156,4999.999999844508,23658.05976256644,1430.8969446201563,23701.292323316226
2023-08-09 16:39:29+00:00,40.10739239290768,-75.35800198922253,-1380.955447319864,40.09048003049914,-75.24838419582757,47.20296902023816,2.032418219359472e-06,2.0475193152145943e-06,2657.84697114166,4999.999999837682,23963.656139407238,1436.0557847488442,24006.64640853988
2023-08-09 16:39:30+00:00,40.10666915967264,-75.36161122534716,-1386.5874790644325,40.088198227381454,-75.25276207811542,46.96484595091838,2.0441248572793653e-06,2.059280826697918e-06,2684.5691862716985,4999.99999983056,24269.88849862913,1441.300484913156,24312.647630887543
2023-08-09 16:39:31+00:00,40.10595533926778,-75.36522823370797,-1391.9994384707782,40.08595096123639,-75.25717775444518,46.798635262534,2.057088764095372e-06,2.0722675612687453e-06,2696.8206538878885,4999.999999823177,24576.14265075141,1446.3214035980463,24618.66432592533
2023-08-09 16:39:32+00:00,40.1052470630183,-75.36886108635652,-1397.3955288556035,40.08371019012492,-75.26164051652178,46.68822032036108,2.068841817763385e-06,2.078381507628764e-06,2709.9488351124664,4999.999999815515,24883.531687828683,1451.0700895563875,24925.80497524562
2023-08-09 16:39:33+00:00,40.10454638957767,-75.37250284999024,-1402.6344650740944,40.08142638995511,-75.26617792428188,46.696481067536695,2.08269806593419e-06,2.0875509515204604e-06,2733.6472508635447,4999.999999807573,25191.496905463395,1455.7176152376685,25233.52195222231
2023-08-09 16:39:34+00:00,40.10385422126735,-75.3761603893695,-1407.9622982473234,40.079182782409134,-75.27074644886147,46.52110563305538,2.099188496739451e-06,2.0957014362239265e-06,2763.5616293463386,4999.9999997992745,25500.18629833676,1460.4875825111442,25541.97575029291
2023-08-09 16:39:35+00:00,40.10317566138356,-75.37983172679449,-1413.1275633691616,40.07696318231805,-75.27536040118345,46.25953859188792,2.115669442390277e-06,2.1028805627604952e-06,2786.6526245423142,4999.999999790645,25809.545517297716,1465.1672872392676,25851.099686262063
2023-08-09 16:39:36+00:00,40.1025048378738,-75.38352002592538,-1418.4003941268088,40.07476226637709,-75.28002805080473,45.94862215753007,2.129562091512022e-06,2.108251561575968e-06,2808.144649169901,4999.999999781744,26119.823164373796,1470.0650031070136,26161.159248999607
2023-08-09 16:39:37+00:00,40.10184296480863,-75.38722405452114,-1423.3457321677147,40.07252985551414,-75.28477477157244,45.834271106896,2.1423681775601074e-06,2.123751702646099e-06,2832.0043670574387,4999.999999772619,26430.968040127915,1474.835117838742,26472.083600711783
2023-08-09 16:39:38+00:00,40.10119267231191,-75.39094342225154,-1428.2141105630126,40.07030646646,-75.28957033868829,45.925104421578126,2.150575381895685e-06,2.1347560630545924e-06,2855.8159372820755,4999.999999763339,26742.95644758112,1479.4918500306926,26783.849904215185
2023-08-09 16:39:39+00:00,40.100554492218976,-75.39468875532012,-1433.7752568664023,40.06807415191465,-75.29442574854396,45.76760116931011,2.160309343538288e-06,2.1422704447007323e-06,2878.8158584270677,4999.999999754077,27056.68588180006,1484.8164951042636,27097.397124641557
2023-08-09 16:39:40+00:00,40.09992781461375,-75.39844922241262,-1439.2323734961517,40.06585527686507,-75.29932499333015,45.28603016467477,2.177706857020738e-06,2.149141378175073e-06,2914.3966428770063,4999.999999745043,27371.1675765875,1490.0763769430696,27411.697176839647
2023-08-09 16:39:41+00:00,40.09931455522264,-75.40222856271176,-1444.6377274050565,40.063655498679005,-75.30423569274036,44.67922781785855,2.1894953133874305e-06,2.1622851548002604e-06,2924.301172592533,4999.999999736286,27686.95259400796,1494.9312727189986,27727.281934098726
2023-08-09 16:39:42+00:00,40.09871680384513,-75.40602524209487,-1450.2047334921326,40.06147665471325,-75.30916225770893,43.92208205614383,2.1962310726264223e-06,2.176359627681848e-06,2936.289490975073,4999.999999727683,28003.386084313697,1499.785432959938,28043.51954609216
2023-08-09 16:39:43+00:00,40.09813291402696,-75.40983515957575,-1455.197431485299,40.05929941018086,-75.31411774659918,43.43546770101523,2.2144566352497435e-06,2.179108811766279e-06,2961.122488092541,4999.999999719182,28319.84148628136,1504.091700459395,28359.75517615576
2023-08-09 16:39:44+00:00,40.09756255929332,-75.41365851937647,-1459.7795397936234,40.05716653405786,-75.3190566224061,43.34870077690476,2.2308824018718062e-06,2.1883701440682884e-06,2985.787304654799,4999.999999710654,28636.64434102695,1508.0323643644956,28676.32404487091
2023-08-09 16:39:45+00:00,40.09711480905645,-75.41496416031686,-1469.1166912699828,40.18649906859716,-75.09931007746017,29.893462578396456,2.23855217921494e-06,2.1985461603459e-06,3017.9592899651507,4999.999999701971,28747.81203589184,1516.8853488174268,28787.803633004456
2023-08-09 16:39:46+00:00,40.096651493025234,-75.41624486470971,-1478.429090227436,40.18604273932759,-75.10064058195358,28.144567534508155,2.2464137108602413e-06,2.19793638429694e-06,3038.490183884329,4999.999999693087,28857.538590120526,1526.1675091272273,28897.86706222816
2023-08-09 16:39:47+00:00,40.0961707109017,-75.41750652862554,-1487.5071479678884,40.18558072734752,-75.10197905354836,27.379566406271785,2.256423470598019e-06,2.2165784185134844e-06,3067.3034025982347,4999.999999684216,28966.711722703,1534.8856967307845,29007.34841601707
2023-08-09 16:39:48+00:00,40.09567104524798,-75.41875859205717,-1495.8835274332228,40.1851085118252,-75.10333625190627,27.758916492154032,2.2653168460056443e-06,2.23013758634107e-06,3088.728412512656,4999.99999967512,29076.003380000533,1542.9582439457556,29116.914202854023
2023-08-09 16:39:49+00:00,40.09516050573795,-75.42000454486154,-1503.6680364427475,40.18461361429736,-75.10471753113234,28.968528671168563,2.283365987829428e-06,2.2406166483024285e-06,3115.2730994215804,4999.999999665842,29185.300358663477,1550.5739616763703,29226.461240390207
2023-08-09 16:39:50+00:00,40.09463333348123,-75.42125582067237,-1510.6401534169215,40.18408439922209,-75.10612219789915,30.73483955766944,2.2980276760835563e-06,2.2466531791164523e-06,3134.542627434638,4999.999999656408,29296.033117828654,1557.5667636343196,29337.40906528884
2023-08-09 16:39:51+00:00,40.09409224112521,-75.42251108391602,-1517.1009657981492,40.18351286521024,-75.10754516643044,32.76456066586733,2.309874299321241e-06,2.256701181555137e-06,3147.081309744987,4999.999999646802,29408.08384575037,1564.1783135461635,29449.65278700671
2023-08-09 16:39:52+00:00,40.09353554898926,-75.42377365113249,-1523.072634815191,40.18289455872228,-75.10898037816364,34.81284671289559,2.312378233508269e-06,2.267870607953165e-06,3171.531233226653,4999.999999637008,29521.517058210266,1570.8431229442017,29563.2798845984
2023-08-09 16:39:53+00:00,40.09296552243718,-75.42504667456294,-1528.6948083289285,40.18222946615512,-75.11042250208078,36.7945709403737,2.327327335123288e-06,2.282353848457788e-06,3181.118417274842,4999.999999627135,29636.820892288422,1577.2183503678036,29678.75958200276
2023-08-09 16:39:54+00:00,40.09237784749242,-75.42632896467603,-1534.0754357029773,40.181520421431806,-75.11186168676153,38.40724091510047,2.3316652588511203e-06,2.2924967850235837e-06,3207.560737929755,4999.999999617153,29753.96435205239,1583.3219539426634,29796.06187188235
2023-08-09 16:39:55+00:00,40.091776651400856,-75.42762132593288,-1539.4352775199811,40.18077057893979,-75.11329248305161,39.55207756089995,2.342215306705339e-06,2.2992839839735625e-06,3228.260899814271,4999.999999607019,29872.846847641224,1589.1631513197613,29915.086800879264
2023-08-09 16:39:56+00:00,40.09116024463648,-75.4289173357061,-1544.576406597901,40.17998089238907,-75.11471496302813,40.45416606228179,2.351134433803878e-06,2.303819942383248e-06,3259.015453804558,4999.999999596739,29993.201928801474,1594.9534752224204,30035.579543767497
2023-08-09 16:39:57+00:00,40.09052923455288,-75.43022252234607,-1549.8481271975438,40.17914966575805,-75.1161283716573,41.27224644393176,2.361158508178264e-06,2.3107805453462874e-06,3281.3594358713062,4999.999999586306,30115.627653570464,1600.5758444780583,30158.131109245223
2023-08-09 16:39:58+00:00,40.08988275020316,-75.43153618216928,-1555.029160031694,40.17828116524579,-75.1175276477014,41.77564409136268,2.371399608818687e-06,2.319081867152348e-06,3304.691518656198,4999.999999575687,30239.63324996781,1606.217260496666,30282.261358433523
2023-08-09 16:39:59+00:00,40.08922123812262,-75.4328563145393,-1560.2024675247774,40.17737056415699,-75.1189131167124,42.140932079699645,2.3782800089481798e-06,2.331132529316857e-06,3317.643292397609,4999.999999564902,30365.34192470322,1611.994312680653,30408.099510956843
2023-08-09 16:40:00+00:00,40.0885484212056,-75.43418446132326,-1565.3266881068294,40.176420802388535,-75.12028219708927,42.42804528517341,2.391265761038226e-06,2.337570876379061e-06,3336.8562676459105,4999.999999553958,30493.0303203633,1617.7718860562218,30535.91465788948
2023-08-09 16:40:01+00:00,40.08786695238004,-75.43551750098774,-1570.3199550400532,40.17542995137365,-75.12163254057636,42.790150988837965,2.398990035262978e-06,2.3424861639981207e-06,3367.8777144659234,4999.999999542859,30622.06139629699,1623.127944469143,30665.04832024073
2023-08-09 16:40:02+00:00,40.08718391748313,-75.4368477062126,-1574.7363632711397,40.17439904226121,-75.12295988004493,43.453638623696776,2.41003198592776e-06,2.347812938134576e-06,3392.1534442446155,4999.999999531568,30751.600816504702,1627.904946764443,30794.65907090632
2023-08-09 16:40:03+00:00,40.08650037336355,-75.43817260890435,-1578.5552460708236,40.17332832446594,-75.12426061903828,44.56884224460386,2.4203014820688435e-06,2.352055925276797e-06,3421.6135858198354,4999.999999520068,30881.029490351822,1631.9595333757486,30924.12123735378
2023-08-09 16:40:04+00:00,40.08582324680029,-75.43949433957835,-1581.819423747191,40.17222433313239,-75.12553831943725,45.90198539003648,2.42444083528486e-06,2.363974289995971e-06,3438.761270905182,4999.999999508352,31009.71228495948,1635.4916680328731,31052.811289675075
2023-08-09 16:40:05+00:00,40.08514400325611,-75.44081007400715,-1584.6297727531378,40.17108949001993,-75.12680021689334,47.268430855222654,2.43902366959571e-06,2.373240078657522e-06,3472.291498482657,4999.999999496444,31138.120508391123,1638.6825526455057,31181.209554849414
2023-08-09 16:40:06+00:00,40.08446011124078,-75.44212470585236,-1587.1229737098606,40.16991128640031,-75.12805165355509,48.61976760197575,2.4485895017599047e-06,2.37843909537982e-06,3499.910276483952,4999.999999484332,31266.130899010423,1641.3933101529174,31309.18576700245
2023-08-09 16:40:07+00:00,40.08377161452344,-75.4434425064043,-1589.27137552995,40.168689170719546,-75.12929944735772,49.82501579602138,2.459211989004343e-06,2.3830917321537176e-06,3537.6716269990634,4999.999999472012,31393.97320240045,1644.070749337865,31436.992891526155
2023-08-09 16:40:08+00:00,40.08308055441475,-75.44476234511835,-1591.3809107393931,40.16741350513649,-75.13054562543843,50.90573435113102,2.460341634929228e-06,2.3883600554115825e-06,3550.6988119675125,5000.0,31522.282694694943,1646.7860649058075,31565.26905679456
2023-08-09 16:40:09+00:00,40.08238369259479,-75.44608397368715,-1593.2044005867788,40.166076835969776,-75.13178974576188,51.84471944006432,2.4713395641842973e-06,2.3962295444624275e-06,3580.27754576032,5000.0,31650.516809217374,1649.1281151795342,31693.45102431774
2023-08-09 16:40:10+00:00,40.08167873327135,-75.44740715081386,-1594.9900107294716,40.16468564264842,-75.13303450416657,52.613848676703526,2.487224792953986e-06,2.4108390640753903e-06,3614.629237088573,5000.0,31778.87618743838,1651.2273044315782,31821.746076345946
2023-08-09 16:40:11+00:00,40.08096556701479,-75.44873816569557,-1596.9347416536275,40.16321704955303,-75.13428045160703,53.26712460471168,2.4933407927263948e-06,2.4154368678342777e-06,3654.606082244457,5000.0,31908.15281254773,1653.3754736915216,31950.9603355815
2023-08-09 16:40:12+00:00,40.08023626670811,-75.45007790335703,-1598.9925902040236,40.1617061088291,-75.13553612201065,53.537671612127056,2.499372959295165e-06,2.427451213089428e-06,3677.881012970113,5000.0,32038.1419514975,1655.6054735863888,32080.891028593225
2023-08-09 16:40:13+00:00,40.079489264541095,-75.45142613584807,-1601.466691558642,40.16013431961225,-75.136800068919,53.46422028919661,2.5086902959134715e-06,2.446617348294929e-06,3690.6248616498046,5000.0,32169.60666466649,1658.359256993717,32212.32292748556
2023-08-09 16:40:14+00:00,40.07872996441688,-75.45278254899651,-1603.8820232699918,40.15848388922746,-75.1380650580107,53.20023747246345,2.5224242967004533e-06,2.4550669406302077e-06,3703.173901053329,5000.0,32302.20116559072,1661.1439939082115,32344.88521406109
2023-08-09 16:40:15+00:00,40.07795967172062,-75.45415212442765,-1606.537500200874,40.15676108994743,-75.13932643139972,52.82648018684307,2.533591103662098e-06,2.455353233074276e-06,3734.418074884785,5000.0,32436.63458258032,1664.2997646992085,32479.303513939816
2023-08-09 16:40:16+00:00,40.07717845989486,-75.4555299919464,-1609.5028399128098,40.154951152600574,-75.1405772604436,52.34187791749505,2.545867860556341e-06,2.4698322352602257e-06,3767.151234796128,5000.0,32572.55698326619,1667.3928608683673,32615.20607600997
2023-08-09 16:40:17+00:00,40.07638366446436,-75.45691367185324,-1612.6083717439938,40.15302844017882,-75.14180737050656,51.85195137471179,2.556555045224781e-06,2.471687791273855e-06,3800.383801291448,5000.0,32709.82693869097,1670.801421374827,32752.47098691611
2023-08-09 16:40:18+00:00,40.07556418532751,-75.45831125134522,-1616.2654090839385,40.15102853255256,-75.1430252735578,51.11608234635359,2.573111399937442e-06,2.481269003393527e-06,3813.817167020968,5000.0,32849.3514633996,1674.8607882300414,32892.021072380216
2023-08-09 16:40:19+00:00,40.074719543788405,-75.45972792843017,-1620.664504596789,40.14904769591456,-75.14425187469668,49.77541476758584,2.5884578315553977e-06,2.496001954417517e-06,3833.904172800446,5000.0,32992.15863983659,1679.2511756511208,33034.86667487959
2023-08-09 16:40:20+00:00,40.0738524789732,-75.46115809626,-1625.3744367828065,40.146967521069534,-75.14543915841355,48.45423124027055,2.6001502143495617e-06,2.504824778285997e-06,3844.998841495665,5000.0,33137.87771349357,1683.7323176255345,33180.62527849454
2023-08-09 16:40:21+00:00,40.0729698351896,-75.46259884826294,-1630.1696281111017,40.144857916301696,-75.14657498492777,47.4241812765598,2.612074315832673e-06,2.5030881051857803e-06,3850.1769076163664,5000.0,33286.037311600754,1688.6226431844889,33328.84225922576
2023-08-09 16:40:22+00:00,40.07207482575691,-75.46403993287512,-1634.891735465809,40.142860269413966,-75.14766542121666,46.83347344623812,2.6201396684089352e-06,2.5176307356889423e-06,3872.626775957157,5000.0,33435.99663647335,1693.205412143908,33478.84131271527
2023-08-09 16:40:23+00:00,40.07118541779304,-75.465472240502,-1638.991362616478,40.14106129282,-75.14872575525595,46.88675166521445,2.62666152326032e-06,2.5275241324974995e-06,3894.101864840517,5000.0,33586.17993847377,1697.4495927719315,33629.04723567915
2023-08-09 16:40:24+00:00,40.07030114884536,-75.46689655205603,-1642.6839820268235,40.139437350178376,-75.14975024416677,47.789951674103705,2.640262198982765e-06,2.5399752356954364e-06,3927.521635930103,5000.0,33736.38164768462,1701.5970402290998,33779.26700160244
2023-08-09 16:40:25+00:00,40.06942055182909,-75.46831350316457,-1645.9139504416455,40.13795645322395,-75.15080978575726,48.76340562906705,2.6499557416838973e-06,2.549824731647376e-06,3961.398181053395,5000.0,33886.14100610054,1705.368948338031,33929.02644543878
2023-08-09 16:40:26+00:00,40.0685482233355,-75.46972671037688,-1648.5170102315642,40.13650174249442,-75.15190020667265,49.76765015198201,2.663837794406401e-06,2.5556508987075024e-06,3975.795002968448,5000.0,34035.16013190494,1708.6374882134137,34078.021762868506
2023-08-09 16:40:27+00:00,40.06769506145329,-75.47112685828522,-1650.5941101350986,40.1350127848074,-75.15301786566299,50.84680433111451,2.67068427875617e-06,2.5693008747101864e-06,4002.097562165382,5000.0,34182.47059313179,1711.1949198665402,34225.27551246442
2023-08-09 16:40:28+00:00,40.06685844845502,-75.47251401255062,-1652.1250639513323,40.13338334981342,-75.15411752617277,52.3193536598125,2.682535312510687e-06,2.582147656250906e-06,4023.04761542887,5000.0,34327.94544739646,1712.9638459716618,34370.65730789903
2023-08-09 16:40:29+00:00,40.06603810418342,-75.47389567487275,-1653.220176602417,40.13166139418874,-75.15525624440568,53.59234045956589,2.689585625431447e-06,2.5945160046417824e-06,4046.6946050380334,5000.0,34471.30082259532,1714.303246604698,34513.901779184285
2023-08-09 16:40:30+00:00,40.06523292188895,-75.4752669320853,-1654.1327605893644,40.12980334604613,-75.1564169213099,54.74018173664112,2.7092727369443475e-06,2.6045929861548967e-06,4075.568292085772,5000.0,34612.306844806,1715.5082902169022,34654.794095663114
2023-08-09 16:40:31+00:00,40.06444084560769,-75.47664042093265,-1654.9080753787807,40.12777872504512,-75.15758385730618,55.71587801052356,2.716223976490651e-06,2.617258874956149e-06,4114.749297826358,5000.0,34751.88306290193,1716.4868534884629,34794.248138676725
2023-08-09 16:40:32+00:00,40.06365392508681,-75.47801485964368,-1655.7027219328145,40.12564812001871,-75.1587693403065,56.428472288416735,2.7233506802994235e-06,2.6294776702733702e-06,4138.8963827542375,5000.0,34889.88976600944,1716.7969531422189,34932.102708863786
2023-08-09 16:40:33+00:00,40.06287281371496,-75.47938813773374,-1656.3712696796592,40.123459488155625,-75.15997149428703,56.9893720687157,2.736857952540536e-06,2.64362800473047e-06,4165.357045503743,5000.0,35027.02924217471,1716.8503861246106,35069.07972531498
2023-08-09 16:40:34+00:00,40.06209593784976,-75.48076391260207,-1657.0994172728324,40.12119314747372,-75.16117900411837,57.44358158440152,2.7406859227578483e-06,2.663015435735703e-06,4178.913721080152,5000.0,35163.846204268666,1716.7305246795038,35205.7274256878
2023-08-09 16:40:35+00:00,40.06131054223491,-75.48215180677735,-1657.942911816063,40.11905067758072,-75.16242556535923,57.57158032024017,2.758147307488545e-06,2.6795040896460306e-06,4211.808099097849,5000.0,35301.87023731744,1716.37335749977,35343.5705575248
2023-08-09 16:40:36+00:00,40.0605105025264,-75.48356732309796,-1659.0451801521497,40.11715348729862,-75.16375334238782,57.2463932411132,2.7651847060999173e-06,2.686546379080857e-06,4232.456775533873,5000.0,35441.93393223874,1716.8021129750025,35483.49039133962
2023-08-09 16:40:37+00:00,40.059694359302064,-75.48501645474347,-1660.5138975003283,40.115454183672405,-75.16514659193709,56.42644601205371,2.7764608833206804e-06,2.699240149531366e-06,4272.909863947074,5000.0,35585.24939018322,1717.712250689638,35626.682550269885
2023-08-09 16:40:38+00:00,40.05885216033529,-75.48649654241852,-1662.2978259275012,40.1135683986418,-75.16654284612733,55.33924640842135,2.7829429617317128e-06,2.704490899028888e-06,4301.205139147784,5000.0,35733.207445536136,1719.1535699592312,35774.5384784042
2023-08-09 16:40:39+00:00,40.057989842919895,-75.48800489878641,-1664.3980212804968,40.11154988249934,-75.16794764568961,54.04967705438621,2.7953240585365424e-06,2.716266049618575e-06,4333.068673387832,5000.0,35885.7691441861,1721.3686311894612,35927.030729441896
2023-08-09 16:40:40+00:00,40.05711047570404,-75.4895305074667,-1666.5327740885537,40.109035780879104,-75.16927811321183,53.00994284219891,2.802277422835848e-06,2.72797941960258e-06,4361.954623524668,5000.0,36041.90105704689,1723.301809814535,36083.07637845847
2023-08-09 16:40:41+00:00,40.05622575243023,-75.49105781741031,-1668.7047798886636,40.10627274392054,-75.17054335882486,52.35223565471574,2.8143702181198144e-06,2.734457479309988e-06,4370.998118108279,5000.0,36200.10686636533,1725.4485017905238,36241.20458357588
2023-08-09 16:40:42+00:00,40.05534257288628,-75.49258012459595,-1670.6707409836265,40.10344296317527,-75.17175286811529,52.20633292937194,2.825922185189532e-06,2.746304368470349e-06,4401.929221244755,5000.0,36358.53984807232,1726.668012273295,36399.516512015245
2023-08-09 16:40:43+00:00,40.05445570567869,-75.49409759184005,-1672.455193679025,40.100844056271775,-75.17296846275853,52.329905461417525,2.8310221932359783e-06,2.757728837661579e-06,4427.410786456594,5000.0,36517.39416258739,1728.0688472597074,36558.258962464846
2023-08-09 16:40:44+00:00,40.05357610341693,-75.49560978740595,-1674.1762121591032,40.09851430417597,-75.17421604700087,52.55067738321242,2.845271173854295e-06,2.764644781232227e-06,4447.566577605013,5000.0,36675.22040948227,1728.8205122715956,36715.94493469773
2023-08-09 16:40:45+00:00,40.053119982908456,-75.49628461127256,-1673.7500060214038,40.18970901934639,-75.10371366508615,64.02100692351085,2.8597282059478973e-06,2.770857087427029e-06,4467.264473489447,5000.0,36748.44877856522,1727.6099202810658,36789.03537288639
2023-08-09 16:40:46+00:00,40.05267805742609,-75.49698912286738,-1673.8906046028342,40.18925987741783,-75.10441307822941,62.740851985569016,2.867711779151294e-06,2.772625832763735e-06,4478.67910156205,5000.0,36823.34811809131,1727.2215837716997,36863.834052165344
2023-08-09 16:40:47+00:00,40.05225043631732,-75.49772175020632,-1674.5832054563675,40.18882509607009,-75.1051436323178,61.23024829371991,2.880701878208298e-06,2.780419867576447e-06,4502.867964600621,5000.0,36899.92673346042,1727.6925694460488,36940.35076375516
2023-08-09 16:40:48+00:00,40.051838701512914,-75.49848163886512,-1675.8240378380465,40.18840673814754,-75.10590116982044,59.61080773909034,2.8882412976246507e-06,2.7962516632127454e-06,4515.947006827831,5000.0,36977.84865180352,1728.8053251191016,37018.23954171575
2023-08-09 16:40:49+00:00,40.05144010645421,-75.49926404478398,-1677.3102532987891,40.18800398719841,-75.10668036205136,57.9910592649731,2.900945183491424e-06,2.8090003470611213e-06,4539.73437492047,5000.0,37056.870584497214,1730.2064669528936,37097.240759043794
2023-08-09 16:40:50+00:00,40.0510602148122,-75.50007022794256,-1679.2849871136686,40.18761031154239,-75.1074755125432,56.43692407960674,2.906977021069652e-06,2.8160784639747854e-06,4555.463966418944,5000.0,37136.86122533767,1732.1338938955632,37177.23429057587
2023-08-09 16:40:51+00:00,40.05069057121244,-75.50089498671286,-1681.4201304727596,40.18721305412852,-75.10828106755802,54.99868437129693,2.9273620294231683e-06,2.8190728759785503e-06,4587.930032127474,5000.0,37217.81174241609,1733.770473867787,37258.17321004857
2023-08-09 16:40:52+00:00,40.05033454129632,-75.50173811922554,-1683.834341510763,40.186794264658616,-75.1090917220576,53.731581299783606,2.94160696506771e-06,2.830434517626797e-06,4617.608075221391,5000.0,37299.55681094511,1735.81580806651,37339.924943851394
2023-08-09 16:40:53+00:00,40.0499895984676,-75.50259670773312,-1686.2593259659736,40.18633087098052,-75.10990188284234,52.71258872697644,2.953539786234024e-06,2.8379982557726587e-06,4651.683978323221,5000.0,37381.98089283195,1737.9642302589757,37422.359828553206
2023-08-09 16:40:54+00:00,40.04965234706157,-75.50346392750873,-1688.9132244054315,40.18580612202837,-75.1107097234918,51.93489642096981,2.965732803229407e-06,2.852234812917312e-06,4690.199403215263,5000.0,37464.71192582758,1740.423608564508,37505.1158380093
2023-08-09 16:40:55+00:00,40.049320903980735,-75.50433911773456,-1691.5621012528622,40.18520552494687,-75.11151401592358,51.41556633609638,2.96939377864728e-06,2.860673882203858e-06,4702.017671636098,5000.0,37547.792007639655,1742.908656754402,37588.22176207273
2023-08-09 16:40:56+00:00,40.04899189801225,-75.50521962271353,-1694.0562225745148,40.18452455016918,-75.1123160770554,51.12555382263778,2.976772938420337e-06,2.8793691558057e-06,4743.345177580781,5000.0,37631.170498714266,1745.264754586003,37671.61985058385
2023-08-09 16:40:57+00:00,40.04866617171726,-75.50610277094773,-1696.3419604039736,40.18376247406365,-75.11311759712254,51.04212312943015,2.983282647074207e-06,2.880592152895976e-06,4784.693978376299,5000.0,37714.60311641479,1747.444401690678,37755.06390096148
2023-08-09 16:40:58+00:00,40.04834133949405,-75.50699099795852,-1698.4112271561687,40.18293437969923,-75.11392277564232,51.08046772862346,2.99175462172618e-06,2.900474582909829e-06,4812.4210394997945,5000.0,37798.38490954143,1749.400802827433,37838.84650645131
2023-08-09 16:40:59+00:00,40.04801756583055,-75.50787947499718,-1700.5485693185483,40.1820333187677,-75.11473146224914,51.27652770946271,3.005684040358956e-06,2.904660911579005e-06,4835.488109303521,5000.0,37882.138572175085,1751.4438616153416,37922.605110960736
2023-08-09 16:41:00+00:00,40.04769322388267,-75.50876933620765,-1702.6027037321728,40.18107888565019,-75.11554735111302,51.55133963857504,3.0096414928568747e-06,2.908074939611299e-06,4854.613570154272,5000.0,37966.02485269926,1753.443971845341,38006.49429871399
2023-08-09 16:41:01+00:00,40.04736543305808,-75.50966074405036,-1704.4558503603398,40.18008256335608,-75.11637250854784,51.8666808620118,3.0225724887110403e-06,2.9264690507184343e-06,4884.45045245777,5000.0,38050.19155221933,1755.2331337466358,38090.65397855995
2023-08-09 16:41:02+00:00,40.04703582535865,-75.51055424947634,-1706.1212871327452,40.179048883503874,-75.11720783097768,52.20896677444099,3.033993066896736e-06,2.929761957714849e-06,4899.873617872726,5000.0,38134.60608505073,1756.859892432151,38175.0538695576
2023-08-09 16:41:03+00:00,40.04670844546969,-75.51145327284783,-1707.7909165204956,40.17799042289141,-75.1180546149273,52.54189180915262,3.0474212667597548e-06,2.949556929169294e-06,4914.445557954399,5000.0,38219.34329362073,1758.4904459489017,38259.77640347792
2023-08-09 16:41:04+00:00,40.04637749638402,-75.51235185385556,-1709.2261797651895,40.1769031566834,-75.11891261891377,52.87952386413737,3.0607954411811247e-06,2.9624055364366565e-06,4944.790279604951,5000.0,38304.21419544968,1759.8999732260538,38344.62247886461
2023-08-09 16:41:05+00:00,40.04604464696818,-75.51325511983276,-1710.63517847923,40.17580027313229,-75.1197826158042,53.18818296649552,3.067521250777312e-06,2.9747139330318837e-06,4980.72503307694,5000.0,38389.535677865744,1761.2894295803644,38429.91790281211
2023-08-09 16:41:06+00:00,40.04571129353721,-75.51415864017167,-1711.936940346083,40.17467926301232,-75.12066453909087,53.47356269347757,3.0785680506013845e-06,2.9888794701884294e-06,4989.787118014445,5000.0,38474.90051799757,1762.5591242185285,38515.25132380907
2023-08-09 16:41:07+00:00,40.045377707144524,-75.5150677905163,-1713.0734477600067,40.1735431810133,-75.12155845421245,53.73033818788973,3.0921843888887547e-06,3.002653346327562e-06,5012.42917277676,5000.0,38560.71087441644,1763.6779215261013,38601.02308166478
2023-08-09 16:41:08+00:00,40.04504365413037,-75.51597599442911,-1714.3292596661154,40.172396681665376,-75.1224641310165,53.95161454329872,3.113292040045412e-06,3.016433955151233e-06,5038.616207184623,5000.0,38646.4717344953,1764.9041352835482,38686.75049848314
2023-08-09 16:41:09+00:00,40.04471011757093,-75.51688687109912,-1715.3968686214623,40.1712257932434,-75.12338138678167,54.16475922899527,3.120964172017945e-06,3.015987126612424e-06,5060.760208560714,5000.0,38732.41532829816,1765.948296663095,38772.65235382116
2023-08-09 16:41:10+00:00,40.044372883080754,-75.51780238154666,-1716.527784224821,40.17002724745974,-75.12431019459856,54.375885018573456,3.12484779647078e-06,3.026284729779263e-06,5069.806116890126,5000.0,38818.8891803264,1767.064453650998,38859.08740536528
2023-08-09 16:41:11+00:00,40.04403795604525,-75.51872303317958,-1717.5904019827824,40.16880117424872,-75.12525061079924,54.58503371520983,3.1346566621975323e-06,3.0384069827731663e-06,5101.51028584212,5000.0,38905.65276352548,1768.1211747854968,38945.80939516783
2023-08-09 16:41:12+00:00,40.04370289915637,-75.51964486783541,-1718.612107620158,40.16756864924657,-75.12620197716858,54.76619860727303,3.148667833074809e-06,3.0501691772856897e-06,5147.873937916114,5000.0,38992.51442375594,1769.1421475843304,39032.627954381634
2023-08-09 16:41:13+00:00,40.0433647212238,-75.52056650022757,-1719.6335611221757,40.16631897457896,-75.12716436125658,54.93477519432695,3.152356772967144e-06,3.0643611214061554e-06,5170.353162419842,5000.0,39079.50653940084,1770.162342249021,39119.57701817582
2023-08-09 16:41:14+00:00,40.043026846645176,-75.52149598630325,-1720.4611130904975,40.16506484983402,-75.12813675533964,55.07802114544514,3.154681444626237e-06,3.0712585473395634e-06,5190.984378400211,5000.0,39167.09293714281,1770.9913810403002,39207.11133988962
2023-08-09 16:41:15+00:00,40.04268757323858,-75.52242551269131,-1721.3200582213528,40.16378116446732,-75.12912011080034,55.22572028971474,3.165763716126792e-06,3.0826076134548257e-06,5216.470090930477,5000.0,39254.74740863707,1771.8528535579833,39294.715378159446
2023-08-09 16:41:16+00:00,40.042346800134816,-75.5233603111187,-1722.1508690203304,40.162494851362354,-75.13011281070666,55.35089694720949,3.1730424071417083e-06,3.093854290936389e-06,5232.6529080909495,5000.0,39342.87967719247,1772.6768985215667,39382.7952877979
2023-08-09 16:41:17+00:00,40.04200434484344,-75.52429712452857,-1722.8149021550234,40.161166110722135,-75.13111716546216,55.49655226953089,3.179678411282809e-06,3.109508590907406e-06,5276.032414923357,5000.0,39431.24579174944,1773.3394016621696,39471.10180021385
2023-08-09 16:41:18+00:00,40.041663462900935,-75.52524081214058,-1723.5589173066528,40.15984415835002,-75.13212962306586,55.6150791766233,3.190581710618139e-06,3.122390668197904e-06,5301.785998216032,5000.0,39520.07048988804,1774.0886773011568,39559.87060343661
2023-08-09 16:41:19+00:00,40.04132238470443,-75.5261870743793,-1724.2275826625237,40.15850715423824,-75.1331512315211,55.727026173427255,3.1893302812305943e-06,3.1288409021835e-06,5325.438923972626,5000.0,39609.104226715535,1774.75425442624,39648.844753743055
2023-08-09 16:41:20+00:00,40.04097779567239,-75.52713397850691,-1724.899224165838,40.1571444761636,-75.13418248622058,55.8424797794613,3.204299912546196e-06,3.1328626918553144e-06,5357.073264506452,5000.0,39698.35169518805,1775.4316418975889,39738.03322800326
2023-08-09 16:41:21+00:00,40.0406320724839,-75.52808522760029,-1725.579991435592,40.15577002172896,-75.135222198384,55.95064390828677,3.2135414888213987e-06,3.142666445579757e-06,5390.672526340306,5000.0,39787.987420050085,1776.1089837708992,39827.60984618956
2023-08-09 16:41:22+00:00,40.04028548193106,-75.52904257674632,-1726.288707399479,40.15438395308826,-75.1362700086672,56.0517035553932,3.232263838514287e-06,3.138277065603281e-06,5416.506130570954,5000.0,39878.13569473665,1776.8226541477711,39917.70040009973
2023-08-09 16:41:23+00:00,40.03993791107468,-75.52999805902289,-1726.9355681923764,40.15297575121715,-75.13732644964117,56.152093355236914,3.252071025586432e-06,3.1431026591687858e-06,5455.629093538132,5000.0,39968.18594399257,1777.4710593227774,40007.69039847583
2023-08-09 16:41:24+00:00,40.03958921219655,-75.53096134396728,-1727.5270723905687,40.15155540965,-75.13839041136703,56.24632291474593,3.273399312515286e-06,3.156323716081524e-06,5487.549871654539,5000.0,40058.89229359508,1778.0732161292322,40098.334082001056
2023-08-09 16:41:25+00:00,40.03924010412901,-75.53192926660361,-1728.1282701583204,40.15013771065125,-75.13946009702252,56.32390769558026,3.2789731713181808e-06,3.166840834123029e-06,5500.693997126899,5000.0,40149.97700420739,1778.6765393362086,40189.35609922069
2023-08-09 16:41:26+00:00,40.03889310291282,-75.53290097317516,-1728.6823738946591,40.14870025988828,-75.14053743023887,56.3969223110719,3.2876779503149863e-06,3.175070238362178e-06,5526.333637841517,5000.0,40241.25547034979,1779.2243289740795,40280.56952232392
2023-08-09 16:41:27+00:00,40.03854092820679,-75.53387597342785,-1729.1712347494429,40.147255710972416,-75.14162119405287,56.45950419256016,3.295687146858627e-06,3.1837945523077915e-06,5533.694925221884,5000.0,40333.02968411724,1779.7177675272944,40372.27611656215
2023-08-09 16:41:28+00:00,40.038190579909255,-75.53485490406962,-1729.5494019568891,40.145792383489606,-75.14271219644807,56.51728434450077,3.3066668212325917e-06,3.2011872408872245e-06,5568.561674262893,5000.0,40425.02389581713,1780.1001532896073,40464.1979227703
2023-08-09 16:41:29+00:00,40.03783738642845,-75.5358348223748,-1730.001161722484,40.14425948316053,-75.14381526404821,56.59683273750713,3.3134709517868744e-06,3.2133998344527345e-06,5597.475303677565,5000.0,40517.22718298326,1780.562082040718,40556.3324269525
2023-08-09 16:41:30+00:00,40.03748273850681,-75.53682083537089,-1730.5779629366143,40.14276829967511,-75.14491908009147,56.6412379887388,3.320957153257688e-06,3.2245261719866608e-06,5616.526481101053,5000.0,40609.96911671321,1781.1426561242808,40649.01057617352
2023-08-09 16:41:31+00:00,40.03712424196844,-75.53780975218854,-1730.9768480682278,40.141275138389695,-75.14602788380078,56.67045147790071,3.335539048353566e-06,3.2514036699416287e-06,5646.891981350864,5000.0,40703.11564014784,1781.5324571949768,40742.08488419913
2023-08-09 16:41:32+00:00,40.03676400111486,-75.53880229571476,-1731.5124222865943,40.13959977273981,-75.14715908131862,56.76635847524325,3.3469480010841163e-06,3.2595906546462403e-06,5660.883531638533,5000.0,40796.62459285044,1782.0795356698925,40835.52847265997
2023-08-09 16:41:33+00:00,40.03640458778825,-75.53979879927681,-1731.9882297007623,40.13799131133812,-75.14828967078785,56.81973900619908,3.3532750550287597e-06,3.276817396740311e-06,5670.4262475357455,5000.0,40890.40180462887,1782.581632203462,40929.23841240471
2023-08-09 16:41:34+00:00,40.03604349638087,-75.54079811749924,-1732.442243922591,40.13640097286277,-75.1494225777122,56.85114015013733,3.368941631861175e-06,3.285872919021933e-06,5688.7994772592265,5000.0,40984.47505664782,1783.029220266868,41023.24205702559
2023-08-09 16:41:35+00:00,40.03567972833357,-75.54180648082439,-1732.9634922471791,40.13476375852317,-75.15056482223854,56.886232575760886,3.3753871663396006e-06,3.295110814252672e-06,5721.160612365024,5000.0,41079.37256210099,1783.558665280031,41118.0730532012
2023-08-09 16:41:36+00:00,40.03531392559212,-75.54281500586737,-1733.561967530129,40.133106580109626,-75.15171369942917,56.91323680712163,3.382631075673054e-06,3.303282679451133e-06,5734.615513105517,5000.0,41174.377808125486,1784.1550585072491,41213.01490013869
2023-08-09 16:41:37+00:00,40.034948724548414,-75.54382912542403,-1733.8593589902794,40.13138826690222,-75.15287360170801,56.94684946091126,3.386355108342194e-06,3.312535997212971e-06,5767.824691380451,5000.0,41269.78801532419,1784.4600113868296,41308.34903941376
2023-08-09 16:41:38+00:00,40.03457784232042,-75.5448462247536,-1734.2975820613135,40.12967134623631,-75.15403801561385,56.96385907739184,3.4023368247296704e-06,3.329171282055018e-06,5783.513550997329,5000.0,41365.69422776052,1784.9001249532528,41404.18490201972
2023-08-09 16:41:39+00:00,40.03421046313882,-75.54586676806993,-1734.8447664806558,40.12786168339094,-75.15521578240904,56.98903936215631,3.4119158477543103e-06,3.332712780955993e-06,5804.768820301751,5000.0,41461.7033988101,1785.4530506026128,41500.128810966446
2023-08-09 16:41:40+00:00,40.033851679927416,-75.54687638433494,-1735.4058119116414,40.12592228574277,-75.15640415069653,56.97292807101295,3.413504172405686e-06,3.3479490772285e-06,5826.198349813206,5000.0,41557.62692255257,1786.4741006844192,41596.00756258324
2023-08-09 16:41:41+00:00,40.03350557183032,-75.54787981926802,-1736.1058214994896,40.123171066126304,-75.15767757343012,57.06079974961354,3.4310339376367448e-06,3.353543928222493e-06,5834.099892733301,5000.0,41650.66661488155,1787.2218325024428,41688.99364751543
2023-08-09 16:41:42+00:00,40.033165999910096,-75.54887830336678,-1736.8250675015497,40.1207534508894,-75.15894134082998,57.033199398635176,3.43974532151506e-06,3.368254921010646e-06,5860.877298053877,5000.0,41742.349677851016,1787.969658576237,41780.624601936936
2023-08-09 16:41:43+00:00,40.0328363448172,-75.54987544880291,-1737.533201111774,40.11851892797606,-75.16023296823907,57.04254991545418,3.4430758109465354e-06,3.379653518265799e-06,5877.698107886329,5000.0,41832.48624783719,1788.7260878838358,41870.71108415719
2023-08-09 16:41:44+00:00,40.03250740481022,-75.55087331834314,-1738.1098954777915,40.11646585504516,-75.16157492144876,57.10832439602938,3.45677257703476e-06,3.384322568771124e-06,5894.818830293099,5000.0,41921.47581212488,1789.2046726853569,41959.63998448187
2023-08-09 16:41:45+00:00,40.03230712642825,-75.55120479335287,-1739.520194574859,40.1899171673278,-75.1036393937695,56.072189497435424,3.4705067771932688e-06,3.392443345468965e-06,5922.688795679365,5000.0,41952.09852782342,1790.3202288221362,41990.28241641075
2023-08-09 16:41:46+00:00,40.03211901115681,-75.55151658840776,-1741.2950677902004,40.18971321276,-75.10396680678826,55.124078809195815,3.48095201720358e-06,3.403613119888987e-06,5941.055950969625,5000.0,41979.99725495401,1791.699415621914,42018.21457798851
2023-08-09 16:41:47+00:00,40.03194015119512,-75.55181070146995,-1743.0856342675472,40.18951129861146,-75.10428255436842,54.394373889321706,3.4869848622235377e-06,3.417590356038456e-06,5964.461364323535,5000.0,42005.34941446027,1793.2277539542565,42043.608850911565
2023-08-09 16:41:48+00:00,40.03176509554724,-75.55209218906035,-1744.792664901208,40.189304694107975,-75.10459367032134,53.94565232283038,3.495895951797407e-06,3.427599391035893e-06,5989.399478191718,5000.0,42029.25016270277,1794.8548706589754,42067.55725313486
2023-08-09 16:41:49+00:00,40.03159253835064,-75.55236367352221,-1746.456881437798,40.189089499693424,-75.10490230543544,53.64810052410604,3.505296400837394e-06,3.4411853247897404e-06,6015.992281676938,5000.0,42051.89605120173,1796.4221196643748,42090.24939262174
2023-08-09 16:41:50+00:00,40.03141781085512,-75.55262674590796,-1748.0843179208805,40.18886086299164,-75.10521020229838,53.4845986951217,3.5085702171907955e-06,3.4560767638511795e-06,6051.994533755988,5000.0,42073.33924158519,1798.0076314006772,42111.74071895019
2023-08-09 16:41:51+00:00,40.03124085806863,-75.55288583444236,-1749.5972101203502,40.18860815092707,-75.10552248974592,53.52924491641456,3.522819227374322e-06,3.456535125674458e-06,6079.281999098968,5000.0,42094.33250150115,1799.4633544100614,42132.77699263129
2023-08-09 16:41:52+00:00,40.03106167914709,-75.55314187186998,-1750.842289326983,40.18833315800119,-75.10583683666641,53.63146201085618,3.536972242351965e-06,3.456505920872467e-06,6098.485066533949,5000.0,42114.68584544963,1800.6137106733436,42153.16089685304
2023-08-09 16:41:53+00:00,40.0308785756134,-75.55339351542479,-1752.0899976523926,40.18803110032959,-75.10615507525598,53.86751533849472,3.5481683280280665e-06,3.4654759265221533e-06,6121.712033913535,5000.0,42134.59520278285,1801.587894780705,42173.09369544748
2023-08-09 16:41:54+00:00,40.03068813393266,-75.55364386930302,-1753.1490069972915,40.18770194609551,-75.10647457931356,54.138165149351,3.5606601545210216e-06,3.4783076526076665e-06,6145.322499336104,5000.0,42154.973652645946,1802.5256665450931,42193.493603088
2023-08-09 16:41:55+00:00,40.03049508705753,-75.55389238726312,-1754.2128729636158,40.18734093822446,-75.10679749047294,54.39864007656409,3.5687719577766266e-06,3.49411628030606e-06,6174.250524052295,5000.0,42175.49026235312,1803.3772952042352,42214.02786442796
2023-08-09 16:41:56+00:00,40.030296489010425,-75.55414442100061,-1755.0033727438008,40.18695827065307,-75.10712077478688,54.66476749321182,3.5719493596285747e-06,3.5006625849319493e-06,6201.315782869825,5000.0,42196.53435570487,1803.89174664314,42235.074725467086
2023-08-09 16:41:57+00:00,40.03008599155744,-75.55438278514526,-1755.9583374112062,40.18682891088498,-75.10733729776489,53.38581421031752,3.5787882963328952e-06,3.5075048569309757e-06,6237.744527123962,5000.0,42217.26263520926,1804.362097357604,42255.80418106626
2023-08-09 16:41:58+00:00,40.02985937642481,-75.55463645570697,-1756.6682598541563,40.18627743852233,-75.10770032381815,53.892333040440526,3.5811366692546425e-06,3.5138167913683045e-06,6267.100580291486,5000.0,42240.07603776587,1804.9111470039456,42278.62022257612
2023-08-09 16:41:59+00:00,40.0296144689399,-75.55490803142044,-1757.338431311267,40.1856349884757,-75.10809926066756,54.6137948641602,3.5904542510905084e-06,3.516865477200753e-06,6274.951062462517,5000.0,42265.542809015,1805.6342734516195,42304.094648983366
2023-08-09 16:42:00+00:00,40.029353485268246,-75.55518944559992,-1757.843394515206,40.18511365828655,-75.10846370532654,54.83489564153985,3.5922362186373897e-06,3.525990526584895e-06,6290.760982065167,5000.0,42293.34625863144,1806.0727967331345,42331.891485021
2023-08-09 16:42:01+00:00,40.02908305778068,-75.55548094381987,-1758.3238373970398,40.18461012691952,-75.10882614144919,54.9212545353685,3.596897009690612e-06,3.543704171383237e-06,6316.141152455277,5000.0,42323.18125876944,1806.5293771817903,42361.71880664516
2023-08-09 16:42:02+00:00,40.02880021190396,-75.55578401391661,-1758.617904132666,40.184138616035625,-75.10918444870023,54.91822935525481,3.6037175199311857e-06,3.551637471276685e-06,6330.553684923494,5000.0,42354.68443074261,1806.9193245964852,42393.20995953704
2023-08-09 16:42:03+00:00,40.02850957274022,-75.55609971012592,-1758.962799666453,40.183628804919714,-75.10955970646229,55.00507253788138,3.614060628814641e-06,3.557465211323184e-06,6348.8414605273065,5000.0,42388.64015850871,1807.2310696446625,42427.148132140894
2023-08-09 16:42:04+00:00,40.028203912331456,-75.55642038156306,-1759.2303314163069,40.18320308517621,-75.10991632416159,54.96363164668848,3.624718211513589e-06,3.5647341102375324e-06,6379.395284539179,5000.0,42425.14750079613,1807.51851545348,42463.634602422055
2023-08-09 16:42:05+00:00,40.02788229868483,-75.55673182403183,-1759.5234418852976,40.18346528616314,-75.11008568269416,53.84433694851602,3.646063654824114e-06,3.5699661046742886e-06,6408.013680349018,5000.0,42462.38005301354,1807.7286373254824,42500.84237509615
2023-08-09 16:42:06+00:00,40.02754656852419,-75.55703324865925,-1759.8418429578342,40.18345071144684,-75.11031609487449,53.06271257163427,3.658229872379209e-06,3.5743708746032285e-06,6425.704757800483,5000.0,42500.566272524055,1807.6926088214025,42538.99253688546
2023-08-09 16:42:07+00:00,40.02719613217765,-75.55732037035239,-1760.3456351858863,40.18361531037544,-75.11048242730027,51.87979696505725,3.664964303343749e-06,3.5845967946229537e-06,6444.3601511490815,5000.0,42539.10323345991,1807.9735620096728,42577.50664738231
2023-08-09 16:42:08+00:00,40.02683944331041,-75.55759633117455,-1760.8816749487455,40.18340093130937,-75.11072871947698,51.07338693806655,3.6746165273057385e-06,3.5958257182015797e-06,6453.428434970456,5000.0,42577.51110207911,1808.4099930731304,42615.89842242818
2023-08-09 16:42:09+00:00,40.02649369193685,-75.55787246841336,-1761.4836590762684,40.18218066207516,-75.11119720236712,51.616684808334576,3.686355401815679e-06,3.6066309197532735e-06,6495.432325171991,5000.0,42615.626476803634,1809.115262107212,42654.00940172021
2023-08-09 16:42:10+00:00,40.02616536147446,-75.55814771362942,-1761.9018244885344,40.18101269882171,-75.11165130438886,52.18872147401939,3.69271541435223e-06,3.61012663309226e-06,6510.293985823284,5000.0,42653.06035319639,1809.697139576731,42691.434284062256
2023-08-09 16:42:11+00:00,40.02584663608705,-75.558424056072,-1762.4428402425488,40.17988393988769,-75.11209406103588,52.79202581462452,3.707956794226297e-06,3.624999143034948e-06,6537.946137212589,5000.0,42689.99304455368,1810.335336027923,42728.360841166286
2023-08-09 16:42:12+00:00,40.025539752460816,-75.55869993320458,-1762.5358393034098,40.17887633874885,-75.11250922831942,53.3000570324156,3.7180472105825297e-06,3.629780635547536e-06,6551.145401695041,5000.0,42725.70797422416,1809.837214375823,42764.02264335316
2023-08-09 16:42:13+00:00,40.02524293545535,-75.55897751715429,-1762.8703235903283,40.17795256486643,-75.1129039532967,53.73179667738174,3.721075412178001e-06,3.638280699358798e-06,6573.179658204628,5000.0,42761.37939675621,1810.015674473372,42799.66967927633
2023-08-09 16:42:14+00:00,40.02495178026287,-75.55925244380151,-1763.0835042507206,40.17703883711315,-75.11329226344193,54.15795782697239,3.732735698660384e-06,3.647921769793189e-06,6595.7628651778505,5000.0,42796.5477282933,1810.175139975939,42834.813312275255
2023-08-09 16:42:15+00:00,40.02466730893569,-75.5595272390273,-1763.3002964471298,40.17625969185776,-75.11365254442234,54.429323108743525,3.745535352564606e-06,3.6539240688907864e-06,6621.803672500108,5000.0,42831.38047330091,1810.3832933586896,42869.6237552598
2023-08-09 16:42:16+00:00,40.02438971238566,-75.5597988227442,-1763.6728703633498,40.17553153146128,-75.11399936050981,54.627761430788,3.753984388484357e-06,3.66730030288628e-06,6647.660991980444,5000.0,42865.63953670702,1810.7713724888404,42903.86865836606
2023-08-09 16:42:17+00:00,40.0241133758796,-75.56006660338451,-1764.0993466485938,40.1747796258238,-75.11434579575871,54.82326833762185,3.768122135162976e-06,3.678708984695451e-06,6658.298887025463,5000.0,42900.01423544804,1811.6058638524207,42938.24795223472
2023-08-09 16:42:18+00:00,40.02384023318415,-75.56033115110198,-1764.4086620527091,40.17406308380036,-75.11468248234455,54.96034454286606,3.774766671676404e-06,3.691940710067653e-06,6676.09523961453,5000.0,42933.94859508226,1812.1633748963604,42972.17562635714
2023-08-09 16:42:19+00:00,40.023572791946464,-75.56059581480048,-1764.701100838235,40.17340704465129,-75.11500651782947,55.02017392519472,3.7906883578861942e-06,3.6992665107603143e-06,6701.242466898417,5000.0,42967.54826165176,1812.773748270267,43005.77115085592
2023-08-09 16:42:20+00:00,40.02330611183801,-75.56086115271971,-1764.8824802326287,40.17270526337772,-75.11533351236817,55.07969923099707,3.8003489581733455e-06,3.703789496560237e-06,6705.343254660757,5000.0,43000.78607882311,1812.616664057287,43038.97283355547
2023-08-09 16:42:21+00:00,40.02303721356356,-75.56112123984582,-1765.0487958038516,40.17203601034848,-75.11565256038,55.0901716564254,3.8091653576723103e-06,3.708901583621463e-06,6735.513914132484,5000.0,43033.77364865854,1812.65621305735,43071.932821626586
2023-08-09 16:42:22+00:00,40.02277503208624,-75.56137869640582,-1765.1921583376447,40.17131576973653,-75.11597364490235,55.10003737104081,3.819738357024729e-06,3.7142220433612896e-06,6784.414392325998,5000.0,43066.24482173245,1812.7562377691704,43104.379455259164
2023-08-09 16:42:23+00:00,40.022526464541215,-75.56161943161106,-1765.6529847830725,40.17055316358526,-75.11628960840012,55.06676845669182,3.822074099560192e-06,3.7262490429260753e-06,6826.176305660173,5000.0,43096.98800673604,1813.938915638187,43135.14517933626
2023-08-09 16:42:24+00:00,40.02229270053621,-75.56185034055414,-1765.9668444409317,40.16916250883517,-75.11667471863822,55.278075512879006,3.827482331784068e-06,3.737029210760992e-06,6858.709810638428,5000.0,43125.66843847376,1814.8673571809852,43163.83928462959
2023-08-09 16:42:25+00:00,40.02207198920368,-75.56206983261123,-1766.3673653117185,40.1680778344254,-75.1170161185199,55.28757496264836,3.840877934214015e-06,3.745805012276204e-06,6858.325119536523,5000.0,43152.00752816313,1815.6915271414828,43190.18973600811
2023-08-09 16:42:26+00:00,40.02186293539141,-75.56228367992117,-1766.8775552674551,40.16690265255146,-75.11736990898302,55.29304185643867,3.848484954116947e-06,3.7571098310178353e-06,6898.130903552004,5000.0,43176.97601657178,1816.444665340699,43215.16781360289
2023-08-09 16:42:27+00:00,40.02165902881946,-75.56248955982579,-1767.185761438343,40.16568907778157,-75.11773380724527,55.30732047491559,3.856876505612188e-06,3.759868805802785e-06,6924.186849475378,5000.0,43200.59683820102,1816.8974705441988,43238.7867960614
2023-08-09 16:42:28+00:00,40.02145257083656,-75.5626961053095,-1767.593959371418,40.1645141527524,-75.11810360984522,55.33751949486889,3.8818384043402606e-06,3.771222544303849e-06,6950.94322490019,5000.0,43223.534737255046,1817.6362411065304,43261.73547937805
2023-08-09 16:42:29+00:00,40.021248769118856,-75.56290512403854,-1768.0266765263814,40.16352671580502,-75.1184534124212,55.33831475788424,3.893859578611627e-06,3.778923755150459e-06,6980.2850638179325,5000.0,43245.94898121621,1818.363992057988,43284.16050813009
2023-08-09 16:42:30+00:00,40.021038151432336,-75.56311817896488,-1768.313710386567,40.16258669761564,-75.11880519685904,55.371475063521245,3.892093549022511e-06,3.794536172923929e-06,7003.315512757349,5000.0,43268.64736230912,1818.7621885931112,43306.85558271942
2023-08-09 16:42:31+00:00,40.02081409072159,-75.56334971361548,-1768.51340542294,40.16192862677723,-75.11911659753324,55.305292325601904,3.908588257272598e-06,3.803634051279588e-06,7038.895170001229,5000.0,43293.4372929404,1819.1207297368749,43331.63870507462
2023-08-09 16:42:32+00:00,40.02058205459791,-75.56358202481542,-1768.783496344804,40.16163825516399,-75.11936508630657,55.04683344000441,3.911174245247285e-06,3.815554717604041e-06,7064.770695266158,5000.0,43318.55847302243,1819.2645877232376,43356.74378710661
2023-08-09 16:42:33+00:00,40.02034104938873,-75.56381764481984,-1769.0309660541234,40.16106701373073,-75.11966739332772,54.897548553142286,3.910231316935771e-06,3.823045308350349e-06,7092.306869471623,5000.0,43344.508782035686,1818.8580977575505,43382.65421036093
2023-08-09 16:42:34+00:00,40.02008726357275,-75.56406057299827,-1769.3335300259364,40.16054123830483,-75.11996460227047,54.7119589949729,3.933621613751648e-06,3.8334497243184e-06,7101.119151356193,5000.0,43372.32143540467,1819.1402932353535,43410.45424897713
2023-08-09 16:42:35+00:00,40.01982151330276,-75.56431323524559,-1769.544736096371,40.15996668767541,-75.12027188712499,54.53081403081944,3.938949260255182e-06,3.851649240341424e-06,7101.224051484152,5000.0,43401.7384449483,1819.364302253045,43439.85481683861
2023-08-09 16:42:36+00:00,40.01954320050743,-75.56457366984033,-1769.8994787573802,40.15939975662554,-75.12057987508446,54.32492272580768,3.954772580455512e-06,3.8655148963738815e-06,7151.91443141618,5000.0,43432.90328545015,1819.8163915247744,43471.01125465255
2023-08-09 16:42:37+00:00,40.01925122411118,-75.56484457767763,-1770.2356815859384,40.15861855182465,-75.12091477948313,54.15336192426995,3.966038602432936e-06,3.874175483405175e-06,7170.394434945441,5000.0,43466.114877559085,1820.0371562871212,43504.20299004947
2023-08-09 16:42:38+00:00,40.01895286723168,-75.56512002626613,-1770.6090136178766,40.15778370858636,-75.12125324192468,53.9600191085754,3.975098866063136e-06,3.888263812677685e-06,7195.352081080079,5000.0,43500.49232695883,1820.149996437588,43538.55508279226
2023-08-09 16:42:39+00:00,40.018649401447234,-75.56539855583048,-1770.944202585346,40.15675400714843,-75.12160422158598,53.78968002854518,3.9827674266274375e-06,3.893723677565126e-06,7215.410826705745,5000.0,43535.9160154228,1820.2516616294388,43573.9520747615
2023-08-09 16:42:40+00:00,40.01834624229876,-75.56567369754656,-1771.3273118366058,40.15522521872364,-75.12198323387481,53.73241574993872,3.987890500290427e-06,3.908095087981853e-06,7232.044392888036,5000.0,43571.7656776171,1820.458087715383,43609.77908582317
2023-08-09 16:42:41+00:00,40.01804251229159,-75.56595288454109,-1771.7637760909274,40.15353984977771,-75.12235692157107,53.70675289701581,3.994349968345488e-06,3.90605179391036e-06,7251.044799733177,5000.0,43607.92627263851,1820.677180486991,43645.91732562648
2023-08-09 16:42:42+00:00,40.01774026653275,-75.56623211413927,-1772.1768632776088,40.15180454978353,-75.1227188297767,53.69559955287456,4.012737596907853e-06,3.918393503389231e-06,7268.935212471079,5000.0,43644.12477784549,1820.8621089443384,43682.09205663044
2023-08-09 16:42:43+00:00,40.01744536025208,-75.56650777122971,-1772.5223649368245,40.15018242006518,-75.12306296782876,53.67039986859872,4.015305566711122e-06,3.936930721598738e-06,7312.582789314994,5000.0,43679.71702194229,1821.132522674651,43717.664653799824
2023-08-09 16:42:44+00:00,40.01715379709263,-75.56678603610405,-1772.739488399924,40.14856468134407,-75.12339660397895,53.66059302350613,4.02770166025828e-06,3.949155718416009e-06,7344.340251071549,5000.0,43715.36615545912,1820.8943378171973,43753.27295523565
2023-08-09 16:42:45+00:00,40.016947361543714,-75.56691136860456,-1772.9115064784955,40.19189511860458,-75.10659550808656,54.50042063018309,4.032762481956448e-06,3.96257504222749e-06,7372.518150070851,5000.0,43735.15590236095,1820.804050956859,43773.04180880966
2023-08-09 16:42:46+00:00,40.01674605208881,-75.56703607135145,-1773.1317182856565,40.19168938071951,-75.10672297132768,54.40836648812345,4.040502667883824e-06,3.97467445112371e-06,7386.798656883451,5000.0,43754.65510855038,1820.8819570219505,43792.527385041416
2023-08-09 16:42:47+00:00,40.01654346923691,-75.567156756673,-1773.2642227029296,40.19148422883383,-75.10684708784926,54.3417344439556,4.049124184477727e-06,3.97500736167582e-06,7411.5786327827,5000.0,43773.92699428708,1820.9275976470265,43811.78450847498
2023-08-09 16:42:48+00:00,40.01634149758443,-75.56727512635106,-1773.6852706218317,40.19127968255856,-75.10696791910249,54.27873232505142,4.060825979494487e-06,3.982656962073339e-06,7462.94567126163,5000.0,43793.00211369246,1821.308976849308,43830.85899818785
2023-08-09 16:42:49+00:00,40.01614020443189,-75.56738978545899,-1774.0809840239876,40.19107492843365,-75.10708554273766,54.21803224848421,4.070149213465233e-06,3.984972774109809e-06,7497.497100890856,5000.0,43811.76748139445,1821.6633534653383,43849.622885688885
2023-08-09 16:42:50+00:00,40.01594074376673,-75.56750285929435,-1774.3030063498168,40.19086918263983,-75.10720009423746,54.1442243445753,4.064572875201265e-06,3.994208932127358e-06,7536.74591838927,5000.0,43830.32657259954,1821.8427974183835,43868.17341352647
2023-08-09 16:42:51+00:00,40.01574321768351,-75.56760981478291,-1774.56063826803,40.19065926781967,-75.10731198460311,54.09734116422049,4.072288175849397e-06,4.005837007011433e-06,7576.123980335998,5000.0,43848.32933399702,1822.0628136537512,43886.16978365238
2023-08-09 16:42:52+00:00,40.01554745123856,-75.5677153329326,-1774.758335664878,40.190445329908194,-75.10742109669827,54.03252920130341,4.079402373160025e-06,4.018401475294956e-06,7619.361257177292,5000.0,43866.14186057741,1822.217341004928,43903.973371098895
2023-08-09 16:42:53+00:00,40.01535240274569,-75.56781519506241,-1775.0083932918474,40.19022408307947,-75.10752775053227,53.964463914001065,4.081460458616803e-06,4.016689031499576e-06,7641.422321731232,5000.0,43883.493313341576,1822.431662888849,43921.31877059243
2023-08-09 16:42:54+00:00,40.01515951272192,-75.56791359261796,-1775.1794199982112,40.18998866311477,-75.10763286674126,53.919595751321786,4.087914579599013e-06,4.0298496453580895e-06,7642.428905634047,5000.0,43900.6284113532,1822.561363333701,43938.444497214834
2023-08-09 16:42:55+00:00,40.01496772453388,-75.56800991302157,-1775.4549163635998,40.18974175355222,-75.10773617042166,53.86192435434871,4.10079342357825e-06,4.034937661813966e-06,7661.101071905845,5000.0,43917.55720093342,1822.8034051252464,43955.36875912879
2023-08-09 16:42:56+00:00,40.01477930147615,-75.56810513985904,-1775.8596248177005,40.18947557331725,-75.10783847983343,53.80893366021483,4.110575082104513e-06,4.047797764462993e-06,7687.486854540121,5000.0,43934.24078558202,1823.171249586034,43972.0532476119
2023-08-09 16:42:57+00:00,40.01458712636904,-75.5681968082066,-1776.1047118904332,40.1891860326598,-75.10794039244807,53.76029398393242,4.118710945455311e-06,4.050793782569922e-06,7701.060372037843,5000.0,43950.84728011459,1823.3858301818675,43988.65436138806
2023-08-09 16:42:58+00:00,40.01439871712664,-75.56828244615402,-1776.3803103619998,40.18886140660486,-75.10804300681858,53.73403060340291,4.130712637441653e-06,4.0546211968088745e-06,7723.223468773072,5000.0,43966.81163240594,1823.634474488581,44004.61530130685
2023-08-09 16:42:59+00:00,40.014213330282,-75.56837294425407,-1776.5379079415102,40.18815399597619,-75.10817709575048,54.341566488871,4.145010989440596e-06,4.06103865195996e-06,7762.84835099577,5000.0,43983.26750248886,1824.2949877207068,44021.08440733503
2023-08-09 16:43:00+00:00,40.01402280195002,-75.56845849019928,-1776.806236395787,40.18824700633159,-75.10824303787626,53.68503738154997,4.15267170339458e-06,4.071482826193821e-06,7778.833927039824,5000.0,43999.5372924509,1825.0743375052728,44037.37251797838
2023-08-09 16:43:01+00:00,40.013832751663536,-75.56852912497024,-1777.250887701819,40.18931471411435,-75.10822103880774,51.80462908316486,4.156862837456371e-06,4.084545081618985e-06,7793.943453204652,5000.0,44014.689691548345,1825.4684287504413,44052.52823196027
2023-08-09 16:43:02+00:00,40.01364149999722,-75.5685902988388,-1777.8101152865238,40.18927130229948,-75.10827202068933,51.14693412580706,4.16234514964077e-06,4.090521792333443e-06,7844.124251667792,5000.0,44029.1121055708,1825.9878983064264,44066.95978405684
2023-08-09 16:43:03+00:00,40.01345524205371,-75.56864327849274,-1778.4436507386986,40.18917881486479,-75.10831909452162,50.50386277533214,4.1792987662391554e-06,4.100408650305018e-06,7867.13706985826,5000.0,44042.56129658522,1826.539447965729,44080.42027837804
2023-08-09 16:43:04+00:00,40.01327240865026,-75.56869425536388,-1779.0801034025649,40.18891056915512,-75.1083733259124,49.97243326441389,4.188374170121751e-06,4.116248926028514e-06,7913.407498913543,5000.0,44055.72545946287,1827.1250485766188,44093.59740033354
2023-08-09 16:43:05+00:00,40.013089560583445,-75.56873787527346,-1779.6673580986771,40.18841960637239,-75.10844018824426,49.56973980547165,4.189941700612884e-06,4.123435663028102e-06,7933.159865192336,5000.0,44068.3167807522,1827.731413688636,44106.2030332391
2023-08-09 16:43:06+00:00,40.01291030496736,-75.56877921567639,-1780.4081689400414,40.18776047930484,-75.1085180366094,49.243071986707534,4.201762019014221e-06,4.131950073481678e-06,7961.694481417049,5000.0,44080.506191652064,1827.966276591581,44118.39170709458
2023-08-09 16:43:07+00:00,40.01273334566289,-75.56881965117947,-1780.9411558343295,40.186905026771015,-75.10861203883897,49.00544636859389,4.203386945771186e-06,4.141834048535757e-06,7988.1074913813,5000.0,44092.51169112662,1828.185745555428,44130.395991339006
2023-08-09 16:43:08+00:00,40.01255597193383,-75.5688622092718,-1781.4535213341146,40.18586306320624,-75.10872392696028,48.84720744080067,4.214515940242961e-06,4.150011233245292e-06,8017.6820054805985,5000.0,44104.70191636022,1828.48609602387,44142.58819478466
2023-08-09 16:43:09+00:00,40.01237839331312,-75.56890595763446,-1782.152754774814,40.18466753939069,-75.10885473585675,48.752664820790976,4.221730740822323e-06,4.163721454914779e-06,8017.948243681666,5000.0,44117.00373111805,1829.030640346336,44154.90200753263
2023-08-09 16:43:10+00:00,40.01220163969003,-75.56895307280514,-1782.756902106204,40.18326120769294,-75.10901211515989,48.756696173609335,4.225681475104285e-06,4.181840909711777e-06,8050.567288022582,5000.0,44129.52571851972,1829.4741461108888,44167.43161870273
2023-08-09 16:43:11+00:00,40.01202068049266,-75.56900136687017,-1783.387296436637,40.18178443645561,-75.1091857576129,48.77592859075859,4.235062506758192e-06,4.194319163153381e-06,8076.345066854839,5000.0,44142.35608608014,1829.959049802997,44180.27106021705
2023-08-09 16:43:12+00:00,40.01184693795368,-75.56904856808907,-1783.9278044588818,40.18026529123101,-75.10936684867484,48.80101725731746,4.23929088959553e-06,4.1979442395032665e-06,8063.687361816674,5000.0,44154.93259455681,1830.9771817038395,44192.8789497785
2023-08-09 16:43:13+00:00,40.0116676760276,-75.56910034152195,-1784.4373209135842,40.1789700336011,-75.10949065171444,48.66016228489823,4.250029551049746e-06,4.219306944282039e-06,8107.801757539037,5000.0,44167.8183620242,1831.8172716775744,44205.78846008267
2023-08-09 16:43:14+00:00,40.011490031954224,-75.56916712871705,-1784.9067295205014,40.17804188487648,-75.10973430690942,48.5608086921767,4.260407606001045e-06,4.211791512801328e-06,8121.335182417657,5000.0,44181.522703021685,1830.5567824790933,44219.42883497593
2023-08-09 16:43:15+00:00,40.01131214398479,-75.56923257752483,-1785.3589477103346,40.179038625386,-75.1098408105044,47.78567560766973,4.264421037824026e-06,4.220941627256483e-06,8145.002049112383,5000.0,44195.51683454385,1830.9929930616,44233.42902842928
2023-08-09 16:43:16+00:00,40.01113536835056,-75.56928810244841,-1786.0101650860674,40.17913261160304,-75.10983923862291,47.09208890603819,4.271501383012e-06,4.234253325026436e-06,8185.2165021239325,5000.0,44208.70790761982,1831.5752624853403,44246.63289792112
2023-08-09 16:43:17+00:00,40.0109651323843,-75.56933808820631,-1786.6176894843586,40.1785858178231,-75.10988486311709,46.56814268322415,4.28143094994121e-06,4.237199271917396e-06,8214.179907873748,5000.0,44221.15210593952,1832.0661175651933,44259.086748777016
2023-08-09 16:43:18+00:00,40.01079688453039,-75.56938359022783,-1787.2789791783732,40.17739960979336,-75.10998920731232,46.22745432409912,4.2969726831361536e-06,4.25145861498383e-06,8258.802750185103,5000.0,44233.16062496156,1832.6262470204647,44271.10816136093
2023-08-09 16:43:19+00:00,40.01062902731573,-75.569426533693,-1787.9084227812966,40.175996756768136,-75.11011684716274,45.94887260754886,4.291350288622793e-06,4.264077010072778e-06,8294.081412127709,5000.0,44244.96056053666,1833.2222437110368,44282.92265420476
2023-08-09 16:43:20+00:00,40.01046197790849,-75.56948489888975,-1788.454057828816,40.17283653125265,-75.11047433509802,46.30801720716753,4.3083449971044734e-06,4.276204114358992e-06,8325.800307886013,5000.0,44257.89162529143,1833.722122499469,44295.863327613166
2023-08-09 16:43:21+00:00,40.01029434528749,-75.56955230727623,-1788.855379576504,40.17033121020149,-75.11079715332787,46.508776657487886,4.320954573690063e-06,4.288711004490177e-06,8375.362171434646,5000.0,44271.54140210202,1834.1562426212624,44309.51937496479
2023-08-09 16:43:22+00:00,40.01012322583529,-75.5696264411073,-1789.4761532912871,40.168519681988975,-75.11105978779291,46.5182010861121,4.329395027669125e-06,4.2968243741637465e-06,8401.652283301592,5000.0,44285.882436463246,1834.7866832901573,44323.87421412328
2023-08-09 16:43:23+00:00,40.00994976346978,-75.56970458139875,-1789.915469827018,40.16654666275505,-75.11135890237952,46.61018754384419,4.339012540300251e-06,4.312985519579909e-06,8429.261867401878,5000.0,44300.650683986336,1835.24314018816,44338.64869849088
2023-08-09 16:43:24+00:00,40.009776177825735,-75.5697968856145,-1790.44612038377,40.164414511381366,-75.11169917040895,46.79760667588115,4.352375464303085e-06,4.333963261970018e-06,8459.319045759055,5000.0,44316.50111015689,1835.7604785555147,44354.50695454931
2023-08-09 16:43:25+00:00,40.00959737083512,-75.56989762341259,-1790.7148597065525,40.16219602636828,-75.11207084257117,47.06157678714346,4.363086050379574e-06,4.344191974941521e-06,8476.49911733163,5000.0,44333.26050543653,1836.0017962543905,44371.261979334646
2023-08-09 16:43:26+00:00,40.0094111449544,-75.57000832387823,-1791.2333750942453,40.1602080431815,-75.11242927381323,47.29296103288842,4.372366705204861e-06,4.356657144182878e-06,8499.60525771508,5000.0,44351.15710180205,1836.4930758578864,44389.16357723358
2023-08-09 16:43:27+00:00,40.009217450851466,-75.57012526834286,-1791.6326111714206,40.15807174279889,-75.11282791208936,47.623196375014736,4.384028547321871e-06,4.371309083992752e-06,8507.759808734083,5000.0,44369.91260303155,1836.899117284504,44407.9198203174
2023-08-09 16:43:28+00:00,40.00901804047486,-75.57025085395838,-1792.036991125346,40.15624213597243,-75.1131957395962,47.88267580890981,4.393725972923283e-06,4.3783804726120895e-06,8529.006502472104,5000.0,44389.61894702872,1837.3049901546044,44427.62608883416
2023-08-09 16:43:29+00:00,40.00881594829698,-75.57038293566802,-1792.3250478877308,40.15441331103983,-75.11357704059637,48.17039565466567,4.400272552865994e-06,4.386342468482396e-06,8522.240351871404,5000.0,44409.95868422345,1837.6009680805453,44447.96066921771
2023-08-09 16:43:30+00:00,40.00860588246317,-75.57052458588107,-1792.5550884375698,40.15268280487698,-75.11395576634423,48.44805652164497,4.406225943500396e-06,4.395480853243524e-06,8550.520720729033,5000.0,44431.43543813832,1837.8431645628505,44469.42907876134
2023-08-09 16:43:31+00:00,40.00839011217612,-75.57067282768517,-1792.7755940854115,40.15101027830767,-75.1143330977645,48.71989438703538,4.4195727446669125e-06,4.398268637279016e-06,8588.047500821529,5000.0,44453.70823960831,1838.1147270869944,44491.69407880705
2023-08-09 16:43:32+00:00,40.00817144683863,-75.57082777320943,-1792.967991114068,40.14945154676576,-75.11470572336731,48.97106470510225,4.41940319531143e-06,4.413746954643176e-06,8613.74662542679,5000.0,44476.64156879479,1838.320348359352,44514.616329271405
2023-08-09 16:43:33+00:00,40.00794415007668,-75.57098370402662,-1793.131087656249,40.14801129790129,-75.11506534573108,49.18319670096768,4.431589441551611e-06,4.423690815140885e-06,8639.979113255267,5000.0,44500.098411653846,1838.5043511424087,44538.06076712419
2023-08-09 16:43:34+00:00,40.007713458440776,-75.57114633987624,-1793.4223266035074,40.14658850985452,-75.1154293520301,49.39225333498322,4.445940432813916e-06,4.438040998156703e-06,8636.055974797491,5000.0,44524.24219410309,1838.7933042346333,44562.19590386954
2023-08-09 16:43:35+00:00,40.007481810084414,-75.57131685610375,-1793.579551919899,40.14503816981789,-75.11582289370382,49.65057764203637,4.4498532405582576e-06,4.451607551436578e-06,8651.417632398672,5000.0,44549.03622335559,1838.9862954933208,44586.97678722859
2023-08-09 16:43:36+00:00,40.00724487331309,-75.57149111301052,-1793.7193788306645,40.14354440052809,-75.11621474608845,49.89251323070344,4.464192816859545e-06,4.461391358295472e-06,8681.35651914633,5000.0,44574.39090868146,1839.150677325153,44612.31668602125
2023-08-09 16:43:37+00:00,40.00701830820773,-75.57165793000655,-1793.924664061421,40.14231853899069,-75.116563769704,50.04328847133946,4.474522894134424e-06,4.4710905194870925e-06,8724.591107713442,5000.0,44598.65567428238,1839.3885390690016,44636.57063609232
2023-08-09 16:43:38+00:00,40.00680542117441,-75.57181611647516,-1794.2698180339437,40.14074672492984,-75.11697295790086,50.3145476943675,4.4825197677073615e-06,4.478852393141367e-06,8717.68376880805,5000.0,44621.56935502131,1839.760156144531,44659.480170923554
2023-08-09 16:43:39+00:00,40.00660461042556,-75.57197397200508,-1794.4514643151876,40.13910652710378,-75.11740391860863,50.657346516656354,4.49146277511235e-06,4.486665903030767e-06,8750.935904491113,5000.0,44643.71039980502,1839.9781028894613,44681.61140425412
2023-08-09 16:43:40+00:00,40.00641279938675,-75.5721288851316,-1794.4558113825728,40.13778635730399,-75.11779964280281,50.987106521758605,4.508728560540234e-06,4.501642258887072e-06,8776.491074559746,5000.0,44664.81521440461,1840.1084466354257,44702.70369040656
2023-08-09 16:43:41+00:00,40.00621812392038,-75.57228659671964,-1794.5462593984298,40.13685641715478,-75.11813688706876,51.214567561659365,4.513185951605001e-06,4.513006126876198e-06,8814.233404613595,5000.0,44684.9554920263,1840.318364078712,44722.83554299232
2023-08-09 16:43:42+00:00,40.006015423946494,-75.57244946282034,-1794.6309613395674,40.1361642897068,-75.11843766818306,51.38507261952087,4.52686822585174e-06,4.51698024648765e-06,8836.944212297469,5000.0,44704.963705371374,1839.961817449807,44742.81215333079
2023-08-09 16:43:43+00:00,40.00580737823756,-75.5726165721229,-1794.659012664771,40.13541650983187,-75.11877187926464,51.66035887230324,4.540418626482852e-06,4.524505628814309e-06,8865.190735790135,5000.0,44724.82332044007,1839.723028711728,44762.64516164066
2023-08-09 16:43:44+00:00,40.0055754272761,-75.57276890776679,-1794.9991542918588,40.13491350080668,-75.11902772697273,51.65441686623909,4.555550802310555e-06,4.527051835166688e-06,8875.354875838833,5000.0,44744.37879344659,1840.0286531028023,44782.19667519306
2023-08-09 16:43:45+00:00,40.005431333114174,-75.57294449472104,-1795.28043328055,40.191797529659546,-75.10697135277816,52.70001086242888,4.5642139058196325e-06,4.532326775020739e-06,8885.23886093637,5000.0,44761.78739950444,1840.614658477949,44799.61465815792
2023-08-09 16:43:46+00:00,40.00526751832463,-75.57311284453986,-1795.5734729758028,40.19164279960163,-75.10714530179771,52.36418546612416,4.578431739303513e-06,4.538704056259662e-06,8931.682586213245,5000.0,44779.02437549503,1840.3787292053112,44816.82739650465
2023-08-09 16:43:47+00:00,40.0050844090735,-75.57328089395106,-1796.000135198303,40.19146550410863,-75.1073200601706,52.0804454470249,4.590777217089713e-06,4.5419504175563125e-06,8944.114000875716,5000.0,44795.88594410043,1840.7586572174373,44833.69034499586
2023-08-09 16:43:48+00:00,40.00488787290156,-75.57344903001908,-1796.4508004883614,40.19127284527264,-75.1075005266162,51.85258863048492,4.601191477564448e-06,4.547514309260629e-06,8961.463729187559,5000.0,44812.46191651255,1841.2470669514785,44850.27239360364
2023-08-09 16:43:49+00:00,40.00468234932289,-75.57361149405686,-1796.9216309717808,40.19107306143768,-75.10768342461111,51.61457650544264,4.618345712481023e-06,4.546307664143649e-06,8991.402159793028,5000.0,44827.81884870298,1842.6475609379988,44865.6738806625
2023-08-09 16:43:50+00:00,40.00447348648997,-75.57376578465082,-1797.530491860647,40.19087677747791,-75.10786986821394,51.45151156118309,4.62673122629755e-06,4.545606954106212e-06,9034.829750297184,5000.0,44841.92272863121,1844.1273532482287,44879.82664511451
2023-08-09 16:43:51+00:00,40.00426243277205,-75.57390955161917,-1798.1784355729535,40.19068378769866,-75.10804481994754,51.23247467872415,4.633629946586346e-06,4.564324878761161e-06,9061.810714864128,5000.0,44855.25071605476,1845.3189179268809,44893.19234259232
2023-08-09 16:43:52+00:00,40.00404310920262,-75.57404218077849,-1798.6703970184376,40.19046445046079,-75.10817122135944,50.561272087830126,4.642251872602581e-06,4.577417860285305e-06,9097.389834893318,5000.0,44867.88300480875,1845.821985203636,44905.83463353361
2023-08-09 16:43:53+00:00,40.00384198823167,-75.57417751671574,-1798.9150162680305,40.19032688150527,-75.10841202039936,51.53534019236823,4.647787481840106e-06,4.58558787034002e-06,9107.868296865732,5000.0,44878.69960310221,1846.3506594329176,44916.66382115968
2023-08-09 16:43:54+00:00,40.00366400991997,-75.57431905590545,-1798.9611683531884,40.1902185458066,-75.10867163749298,52.96432725519144,4.665789827897848e-06,4.608819690419144e-06,9155.695017895923,5000.0,44888.11789829394,1846.892734516726,44926.09643875091
2023-08-09 16:43:55+00:00,40.00349659262675,-75.57446006248549,-1798.985796667969,40.19008024004248,-75.10886894559052,53.71525694978581,4.661722978449378e-06,4.628764167820877e-06,9184.457452999874,5000.0,44895.69730063466,1847.4118510123087,44933.69077493496
2023-08-09 16:43:56+00:00,40.00333732727698,-75.57459990258218,-1798.9597681214502,40.18993394597443,-75.10904958551308,54.36344103056113,4.6761520539309975e-06,4.643286046456749e-06,9203.919116644,5000.0,44902.79609640472,1847.1052736963115,44940.770967657154
2023-08-09 16:43:57+00:00,40.00318773683297,-75.57473521811593,-1798.8495190631957,40.1897810462932,-75.1092131258684,54.88997691084569,4.681072807288665e-06,4.660201373003687e-06,9233.719890417648,5000.0,44908.4191668712,1847.840138041162,44946.41949302704
2023-08-09 16:43:58+00:00,40.00304043449762,-75.5748632006518,-1798.9183374095337,40.1896229664324,-75.10935976922346,55.24525805738785,4.683999117757508e-06,4.666607397207255e-06,9241.97438336849,5000.0,44913.41800079832,1848.6997372098508,44951.44944529369
2023-08-09 16:43:59+00:00,40.00289571860192,-75.57498684404811,-1799.085829674666,40.18946214659076,-75.10949319946504,55.48698537208943,4.693074951298881e-06,4.673323400716982e-06,9244.061326924864,5000.0,44917.81443126993,1849.0000796720728,44955.85450835773
2023-08-09 16:44:00+00:00,40.00275090646984,-75.57510388249206,-1799.0461630437585,40.18930274459584,-75.10961436910266,55.61158459992675,4.698531071260996e-06,4.692186299383676e-06,9273.89357168275,5000.0,44921.531089803946,1849.063810427052,44959.57064327075
2023-08-09 16:44:01+00:00,40.002607123174734,-75.57521494504182,-1798.9743748786764,40.18912859318851,-75.10973053093863,55.7801388072698,4.716906363328388e-06,4.698781302138708e-06,9294.148112753724,5000.0,44924.51328721667,1848.878432139704,44962.542694448886
2023-08-09 16:44:02+00:00,40.00246510762464,-75.57532242740942,-1798.8880121011896,40.18895857886292,-75.1098387337297,55.93433096981504,4.730332636810413e-06,4.717560903936131e-06,9293.2316335074,5000.0,44926.62118163978,1848.941537630576,44964.651400940944
2023-08-09 16:44:03+00:00,40.00232416725652,-75.57542415408761,-1798.9919136191104,40.18880006336199,-75.10993870804982,56.01472503877169,4.750832600810703e-06,4.7289623180590745e-06,9340.505960957373,5000.0,44928.26019227568,1848.917905552588,44966.28805367746
2023-08-09 16:44:04+00:00,40.00218411880255,-75.57552125063725,-1798.9787213920265,40.18863810127211,-75.11003131644837,56.04707517779363,4.753298068750639e-06,4.741001228322386e-06,9358.315800556536,5000.0,44929.66146654851,1849.1572305602897,44967.69798379707
2023-08-09 16:44:05+00:00,40.00204655990022,-75.57561235933073,-1799.0012313299972,40.188455792348215,-75.11011888557069,56.08594066582169,4.765233216275732e-06,4.752434235215371e-06,9370.900503566128,5000.0,44930.45879821115,1849.8729115910005,44968.52407636688
2023-08-09 16:44:06+00:00,40.00191033444407,-75.57570013408271,-1798.974509809039,40.18827352587975,-75.11019911773259,56.111106215614384,4.774702665762208e-06,4.772192630215365e-06,9409.925865001953,5000.0,44931.61071544436,1849.6150949478413,44969.664413732215
2023-08-09 16:44:07+00:00,40.00177597328371,-75.57578313612647,-1799.1120653997314,40.1881163184732,-75.11027076519342,56.08352788400796,4.791676348931824e-06,4.789547398694478e-06,9428.395651796734,5000.0,44932.312021010286,1849.2306651082076,44970.34931603492
2023-08-09 16:44:08+00:00,40.00164377500069,-75.57586083745045,-1799.2061429272549,40.187929536896206,-75.11033953246383,56.08466950405057,4.793383048710393e-06,4.797624369893424e-06,9423.715740333702,5000.0,44932.60862895641,1848.772323478298,44970.62682804219
2023-08-09 16:44:09+00:00,40.00151186460842,-75.57593227605065,-1799.326321044642,40.18775166634524,-75.11040024567917,56.07828076253493,4.808793467233444e-06,4.8042075718124445e-06,9445.565862353793,5000.0,44932.37692071858,1848.7903958921768,44970.396058668055
2023-08-09 16:44:10+00:00,40.00137855807091,-75.57599496983363,-1799.605618502627,40.18751185263067,-75.11045752894144,56.0306922416223,4.820698683189608e-06,4.82019355934905e-06,9474.252664240335,5000.0,44931.90245818513,1849.4018317176049,44969.94713858383
2023-08-09 16:44:11+00:00,40.00124437275312,-75.57605165933302,-1799.8694081128183,40.1871311540596,-75.11051935641844,55.95613246464908,4.832419680133459e-06,4.8299830227843135e-06,9497.490762290876,5000.0,44930.99624038126,1849.8914514519363,44969.06182627463
2023-08-09 16:44:12+00:00,40.00110929911551,-75.57610254333267,-1800.1876331823132,40.18656954274988,-75.11059153391277,55.906925017889904,4.844769508807412e-06,4.825923529130583e-06,9517.94684790848,5000.0,44929.65652012215,1850.2452603484328,44967.737796553614
2023-08-09 16:44:13+00:00,40.000978574572926,-75.57614684268162,-1800.688476723354,40.18582528637479,-75.11067386213443,55.844136705284576,4.846250601380654e-06,4.832636614124642e-06,9555.0843228537,5000.0,44927.53669344757,1850.720379906885,44965.63931788005
2023-08-09 16:44:14+00:00,40.00084337594501,-75.57618381132764,-1801.151307530205,40.18496272352191,-75.110760428804,55.68297383648522,4.858495061272841e-06,4.85204819085309e-06,9586.903596068789,5000.0,44924.95062285951,1851.1518854435296,44963.07320201041
2023-08-09 16:44:15+00:00,40.00070777528545,-75.5762194261385,-1801.7405356915224,40.18397815902596,-75.11085630657517,55.462106554638034,4.868524897542331e-06,4.864673409471915e-06,9608.311892477568,5000.0,44922.03327147366,1851.4863891827597,44960.17209812164
2023-08-09 16:44:16+00:00,40.00057509710023,-75.57625365520012,-1802.3634022773767,40.182822576555,-75.11097050213883,55.24379128107467,4.874711672178443e-06,4.872159225548357e-06,9627.33214844724,5000.0,44918.348181663685,1851.6924207528616,44956.49862022445
2023-08-09 16:44:17+00:00,40.00043840181171,-75.57628421789397,-1803.08692812255,40.18156438525055,-75.11109133411786,55.01266533822547,4.888800259223318e-06,4.876337121887983e-06,9636.661359565273,5000.0,44914.4085218947,1852.221385710944,44952.5840962823
2023-08-09 16:44:18+00:00,40.00030043177931,-75.57631366208162,-1803.830244889561,40.18018690176353,-75.11123193987467,54.765763756168944,4.905876116244193e-06,4.891434971925484e-06,9667.172361388191,5000.0,44910.50370812699,1853.1683657570927,44948.72163153844
2023-08-09 16:44:19+00:00,40.00016517003319,-75.5763441374173,-1804.488684359756,40.17872852616711,-75.11138346214697,54.51645367993546,4.924967522787865e-06,4.901812504290258e-06,9688.218572502294,5000.0,44906.36821938978,1853.8422079909317,44944.61744845037
2023-08-09 16:44:20+00:00,40.00002661951438,-75.57637675792844,-1805.177861399456,40.17712260347638,-75.1115581017062,54.29978037403208,4.940464777176884e-06,4.9094757308566985e-06,9701.886977709324,5000.0,44902.585092479865,1854.3663583939665,44940.85916600325
2023-08-09 16:44:21+00:00,39.99988709675506,-75.5764084970015,-1805.7657971931444,40.17556171557871,-75.11173237520728,54.04370034619567,4.94286732663136e-06,4.912592368254304e-06,9746.314447818848,5000.0,44898.67267467171,1855.3145563572025,44936.98921879773
2023-08-09 16:44:22+00:00,39.99974372931427,-75.57644502795537,-1806.519908813079,40.17385745683693,-75.1119314183837,53.85313367514279,4.956789339539955e-06,4.929344854622298e-06,9772.927511995224,5000.0,44895.25997239101,1855.779215166311,44933.59861488971
2023-08-09 16:44:23+00:00,39.99959712279685,-75.5764855135898,-1807.235830973016,40.17210151909247,-75.11214359519892,53.66692949151391,4.97402670746138e-06,4.94166071386203e-06,9812.388911470152,5000.0,44891.92939594144,1856.290940204691,44930.29201935902
2023-08-09 16:44:24+00:00,39.999449786625306,-75.57652632772047,-1807.8321293062256,40.17038032867461,-75.11235858473044,53.45165834997903,4.986855410928662e-06,4.947129683035707e-06,9852.652334909611,5000.0,44888.42817780614,1856.986632711233,44926.822540973546
2023-08-09 16:44:25+00:00,39.99929923143516,-75.57657575118608,-1808.4115746951788,40.16865615520642,-75.11258164859287,53.29537856548831,5.003136531962248e-06,4.953876898482639e-06,9896.160551933272,5000.0,44885.48891993798,1857.296659838103,44923.898611591154
2023-08-09 16:44:26+00:00,39.99914732617098,-75.57663001639207,-1808.8817384725803,40.166940195711305,-75.1128123221693,53.21940285744677,5.00630504187353e-06,4.959061011509616e-06,9927.489309889055,5000.0,44882.43023930715,1857.320419995664,44920.84352868728
2023-08-09 16:44:27+00:00,39.998995623868986,-75.5766870018077,-1809.466060606666,40.16527158015856,-75.11304042674695,53.10960045937921,5.011400577335506e-06,4.970127454149439e-06,9954.673836936325,5000.0,44879.7453172972,1857.5558914394087,44918.17063990119
2023-08-09 16:44:28+00:00,39.99884226859509,-75.57675309351258,-1810.1123988965437,40.16360639822213,-75.11327017461451,52.963586282053626,5.015897451419538e-06,4.97666010852159e-06,9967.132934192376,5000.0,44878.2075838172,1857.7877981588704,44916.64381316992
2023-08-09 16:44:29+00:00,39.998689134670926,-75.5768270803141,-1810.6049891395976,40.161883290329065,-75.11351184530868,52.85973492653375,5.026013870994727e-06,4.982134892082593e-06,9997.869726460212,5000.0,44877.52672811975,1857.8968313483092,44915.96805000463
2023-08-09 16:44:30+00:00,39.99853740083091,-75.57690483685414,-1811.1010789524005,40.16017348706334,-75.1137497809445,52.78511524268061,5.032855409670121e-06,4.990367406766042e-06,10008.94564162268,5000.0,44877.11790147254,1858.2700520409192,44915.57501278348
2023-08-09 16:44:31+00:00,39.998379163802966,-75.57698706894124,-1811.4282281397343,40.158428871927455,-75.11399309721803,52.752605549490326,5.048120350786991e-06,5.002171682225099e-06,10022.890823627182,5000.0,44877.357762077765,1859.1234041593805,44915.84998124175
2023-08-09 16:44:32+00:00,39.99821966545091,-75.57707392598942,-1811.925495626078,40.15671856953293,-75.11422741232477,52.65501649071133,5.052107147966986e-06,5.014657652239743e-06,10048.813364396998,5000.0,44878.14480379564,1859.267758601501,44916.64232362682
2023-08-09 16:44:33+00:00,39.99806030600416,-75.57716477693874,-1812.7775168337475,40.15479093157105,-75.11447570659858,52.37777661842927,5.054740626877586e-06,5.032060414651578e-06,10051.375478793378,5000.0,44878.98413709732,1859.5360593536427,44917.49204412318
2023-08-09 16:44:34+00:00,39.99790176352242,-75.5772561334651,-1813.9355629990976,40.15285756676048,-75.1147163845527,51.7664295239752,5.068944726019876e-06,5.035394800001359e-06,10066.831179918014,5000.0,44879.81044567827,1860.5106444666949,44918.35800091301
2023-08-09 16:44:35+00:00,39.99773878516847,-75.5773522348176,-1814.9093770435288,40.15061450036636,-75.11497830279302,51.12827319464548,5.080844841637865e-06,5.051957575542014e-06,10079.189146359771,5000.0,44881.23680395302,1861.522989478624,44919.8250763832
2023-08-09 16:44:36+00:00,39.997577679878255,-75.57745331571158,-1815.6881588984488,40.14856746084359,-75.11521233042278,50.57669564353412,5.097342147986201e-06,5.057298345296712e-06,10114.415706267517,5000.0,44883.02077180937,1861.6702793851755,44921.61361562848
2023-08-09 16:44:37+00:00,39.99741684548103,-75.57755881792042,-1816.62760946954,40.14672904292989,-75.11542807696614,50.06006489312555,5.104527169633718e-06,5.064747208165095e-06,10135.439090836768,5000.0,44885.07784629283,1862.374193930214,44923.69809917684
2023-08-09 16:44:38+00:00,39.99725487661834,-75.577662098917,-1817.775919504756,40.14466249958856,-75.11565833665814,49.40536579721006,5.110759751833361e-06,5.065181985017894e-06,10172.486571449212,5000.0,44887.02983221531,1863.053197456406,44925.6765600112
2023-08-09 16:44:39+00:00,39.99709140422091,-75.57776750842098,-1818.734889162214,40.142206941640765,-75.1159057027719,48.787965750263616,5.11744470176353e-06,5.0667552630315405e-06,10208.162214918792,5000.0,44889.29412444865,1863.2296854705696,44927.94622339284
2023-08-09 16:44:40+00:00,39.996929210249306,-75.57787159365239,-1819.2454796673064,40.13985924388144,-75.11613533235587,48.48585213834739,5.122693039718879e-06,5.070819112026966e-06,10205.52869636279,5000.0,44891.44652698302,1862.8551727794045,44930.08124497136
2023-08-09 16:44:41+00:00,39.99676465574193,-75.57797086844673,-1819.8169587461643,40.137774968516304,-75.11634650522599,48.270776692318776,5.130188808363213e-06,5.0815394035881935e-06,10242.270407782831,5000.0,44890.89014142433,1857.3687763279693,44929.29819684152
2023-08-09 16:44:42+00:00,39.99660079893125,-75.57806977097715,-1820.3604153879412,40.13593293048434,-75.11653563255717,47.99779514109378,5.131496594594479e-06,5.08757624702383e-06,10253.845910474512,5000.0,44894.82541523761,1857.1559517522285,44933.22131000396
2023-08-09 16:44:43+00:00,39.9964376656152,-75.57816919690077,-1820.8059412543068,40.13402054178058,-75.11672718859836,47.8121116903273,5.137801537607294e-06,5.097742838808242e-06,10279.243636466936,5000.0,44896.35216821807,1857.198770891009,44934.74852814087
2023-08-09 16:44:44+00:00,39.99627416724893,-75.578268901173,-1821.0355104820965,40.13180657123054,-75.11694633064761,47.77043442304089,5.1585051710908376e-06,5.105435025741396e-06,10335.37161861386,5000.0,44896.38088105228,1857.10178531306,44934.77320803489
2023-08-09 16:44:45+00:00,39.99599264881975,-75.57848849679723,-1820.9362223058483,40.18595314232437,-75.1129611848474,49.21095885215658,5.1814789577789375e-06,5.108353013127704e-06,10355.899343801766,5000.0,44911.93246940263,1856.793228299705,44950.29876684739
2023-08-09 16:44:46+00:00,39.99570564249622,-75.5787091586418,-1820.8081467921888,40.18566728096669,-75.11318469450427,49.4156878350537,5.193315654808775e-06,5.120289063734859e-06,10375.316895282758,5000.0,44928.928470285806,1856.7118009408848,44967.27690443142
2023-08-09 16:44:47+00:00,39.99541989237599,-75.57893588247038,-1820.5334581501304,40.18538070916066,-75.11341033161783,49.67278722901112,5.204092927721614e-06,5.132326144289574e-06,10388.79294747,5000.0,44945.20109420064,1856.760268695931,44983.53765649765
2023-08-09 16:44:48+00:00,39.9951337605646,-75.57916710633539,-1820.217333651165,40.18509374342923,-75.11363885338197,50.031995826333805,5.216175913364892e-06,5.145697868514436e-06,10419.869383786969,5000.0,44962.359249215166,1856.6150033173783,45000.67520077924
2023-08-09 16:44:49+00:00,39.99485070278919,-75.57940153493979,-1819.8392510311012,40.18480493177573,-75.11387304955892,50.53844182871748,5.226227972655135e-06,5.163160474845557e-06,10455.342985131803,5000.0,44980.05515447601,1856.4744856722043,45018.35024982208
2023-08-09 16:44:50+00:00,39.99456615209896,-75.57964903021262,-1819.315975477276,40.18451657609824,-75.11411345738192,51.02742952123487,5.2447214478892045e-06,5.164438806485435e-06,10471.919638097852,5000.0,44999.274219605,1856.4078559336745,45037.55022665841
2023-08-09 16:44:51+00:00,39.99428113362654,-75.57990707552577,-1818.7599924994304,40.184230178082,-75.11436413028915,51.49994461551249,5.258999004631224e-06,5.177493920583709e-06,10512.018405456489,5000.0,45019.52453675715,1856.1774318636096,45057.773848407545
2023-08-09 16:44:52+00:00,39.99399242376603,-75.58016956234798,-1818.0512526573368,40.18394697059168,-75.11462158539308,52.047294171314086,5.260775709931157e-06,5.185347762203816e-06,10534.27851874202,5000.0,45041.46255854088,1855.9158865122847,45079.68248768228
2023-08-09 16:44:53+00:00,39.99370017521765,-75.58042454529615,-1817.359164732416,40.18364347009434,-75.11488112810667,52.779860574760335,5.281300921311224e-06,5.203915899991625e-06,10538.60391250478,5000.0,45064.24929645016,1855.883067165244,45102.44856558898
2023-08-09 16:44:54+00:00,39.9934045228404,-75.58067074367582,-1817.437417926213,40.18330872993803,-75.11513451808358,53.29901541128675,5.303462453083266e-06,5.206746879154358e-06,10539.707135976316,5000.0,45086.64301053352,1856.941007791972,45124.866845961005
2023-08-09 16:44:55+00:00,39.993106196975575,-75.58090549887459,-1817.1194219031308,40.18292100032542,-75.1153770604479,53.83928290026349,5.301939309291579e-06,5.226998985304678e-06,10578.518639703729,5000.0,45108.75419697181,1857.5046347332595,45146.98249795746
2023-08-09 16:44:56+00:00,39.9928015564805,-75.58113369841473,-1816.7363127695369,40.18251480970482,-75.11560972484055,54.49702797005832,5.31085435363293e-06,5.234882062787937e-06,10615.611055394716,5000.0,45129.44136533632,1857.861143831511,45167.66682016117
2023-08-09 16:44:57+00:00,39.99249642685575,-75.58136093197581,-1816.5406855920971,40.18212774256649,-75.1158353587525,54.98683976527835,5.311209277296972e-06,5.255857495290859e-06,10646.323317430664,5000.0,45149.87180165038,1858.305701766177,45188.09825370703
2023-08-09 16:44:58+00:00,39.99219311658712,-75.58158529757154,-1816.3515596814773,40.18171598392283,-75.1160593256716,55.38917252224248,5.322322190466113e-06,5.265504978915093e-06,10662.12650762314,5000.0,45169.34450347096,1858.710633102782,45207.571136822335
2023-08-09 16:44:59+00:00,39.99188290967327,-75.58180968319999,-1816.3359499651333,40.18123113250917,-75.11628332998961,55.75594834160814,5.3225931889092364e-06,5.275995639955479e-06,10664.294587113382,5000.0,45188.963841984376,1859.249819306192,45227.19605505919
2023-08-09 16:45:00+00:00,39.99157569971341,-75.58203233048317,-1816.3463443553,40.18069518669211,-75.11650357157498,56.04553903995282,5.3335865781822615e-06,5.286111783212907e-06,10688.16668770051,5000.0,45208.72042146641,1859.728612704951,45246.9556175797
2023-08-09 16:45:01+00:00,39.99126908967354,-75.58224811257276,-1816.3702057741789,40.1800552781313,-75.11672116322745,56.42719664650959,5.339415949470183e-06,5.283076453205442e-06,10712.514580904111,5000.0,45228.53300651604,1860.3756325105696,45266.77805428115
2023-08-09 16:45:02+00:00,39.99096584975295,-75.58246692938866,-1816.294104377468,40.17939588483484,-75.11693753707891,56.900571419446365,5.341133280060561e-06,5.294473827929575e-06,10723.257365195988,5000.0,45247.58532557841,1860.9917186437344,45285.83959663726
2023-08-09 16:45:03+00:00,39.99066296894463,-75.58269030416994,-1816.217912489979,40.17875350035612,-75.11715640776625,57.346175549095726,5.356030850806129e-06,5.303376255823339e-06,10740.992875392149,5000.0,45266.72229531293,1861.591924556094,45304.98506626564
2023-08-09 16:45:04+00:00,39.99036194998432,-75.58290912368955,-1816.3060732142897,40.1780733976847,-75.11737542766765,57.68977722366039,5.367189279220907e-06,5.316575487884899e-06,10751.445625102546,5000.0,45286.11218423592,1862.3325933342032,45324.38901354762
2023-08-09 16:45:05+00:00,39.99006501806159,-75.58312709316468,-1816.1368243398947,40.17733681382702,-75.11759143198458,58.050420528882256,5.374078230676502e-06,5.347748839981549e-06,10782.647351087748,5000.0,45305.41951820357,1862.978474067795,45343.70658112613
2023-08-09 16:45:06+00:00,39.98976970693826,-75.58334530412675,-1816.0971933270296,40.17669996038907,-75.11780106629612,58.34692812926853,5.3784840306194014e-06,5.362146611791432e-06,10835.792783936284,5000.0,45324.8496563211,1863.617168614343,45363.146554436295
2023-08-09 16:45:07+00:00,39.98947685356512,-75.58356466440458,-1816.136539347452,40.176075645033855,-75.11800965912522,58.56374227574572,5.39098529746806e-06,5.36201721646094e-06,10871.290133026694,5000.0,45344.57033141599,1864.3304824526329,45382.87988535471
2023-08-09 16:45:08+00:00,39.98918726771844,-75.58378563464908,-1816.126662589745,40.17546409670286,-75.1182177956517,58.72696106081211,5.402831323017354e-06,5.3734268249915495e-06,10913.003417877148,5000.0,45364.5287936257,1865.3418770587716,45402.86304833655
2023-08-09 16:45:09+00:00,39.98890385743546,-75.584011230752,-1816.1655931608184,40.17482724538298,-75.11842550384165,58.85811331414425,5.420135306583608e-06,5.397699998386855e-06,10922.631694127713,5000.0,45385.00375295689,1865.8231964266545,45423.3404964478
2023-08-09 16:45:10+00:00,39.98863059164712,-75.58424422758623,-1816.279463544327,40.174134867950215,-75.1186368923435,58.97651286173906,5.423682414946466e-06,5.409008929062552e-06,10963.282481302518,5000.0,45405.80230526299,1866.208573708178,45444.13732732977
2023-08-09 16:45:11+00:00,39.98835283694888,-75.58448805617886,-1816.2820866963173,40.17345779414171,-75.11885351878202,59.08425656580278,5.42571189276637e-06,5.409027965609416e-06,10987.230225714511,5000.0,45428.329784458416,1866.4772151951136,45466.6568399344
2023-08-09 16:45:12+00:00,39.98807683687065,-75.58474539205488,-1816.3892722826467,40.17277593437393,-75.11907765542381,59.18649784535989,5.439814303746936e-06,5.4138649466493165e-06,11007.49106065553,5000.0,45452.86314150355,1867.0119871200116,45491.19147175969
2023-08-09 16:45:13+00:00,39.98780150806128,-75.58502342035868,-1816.44247578239,40.17228326342057,-75.1193110996137,59.2146285411354,5.445961167355316e-06,5.427075256029757e-06,11036.938391456291,5000.0,45480.92274546119,1867.616697863337,45519.25225559781
2023-08-09 16:45:14+00:00,39.98752975997097,-75.58531327186236,-1816.4850115000115,40.171832147602,-75.11955463874499,59.23888751239985,5.453606003720719e-06,5.450034891216624e-06,11062.865989276515,5000.0,45511.35998773156,1868.0530498581927,45549.681778580816
2023-08-09 16:45:15+00:00,39.9872590264324,-75.58561828912136,-1816.4912829140817,40.171315145490645,-75.11979887475692,59.31058924965117,5.473546952573913e-06,5.459008203538572e-06,11082.677763214486,5000.0,45545.01567194158,1868.15631533213,45583.31340058464
2023-08-09 16:45:16+00:00,39.98698901041399,-75.58591686783055,-1816.4920666648025,40.17076251472181,-75.12003330684256,59.41071220316738,5.484852691468293e-06,5.476955285625848e-06,11111.421997299014,5000.0,45580.20620042424,1868.131411243731,45618.473365982645
2023-08-09 16:45:17+00:00,39.98671955750808,-75.58620181128558,-1816.616718661968,40.169814123279146,-75.1201976143764,59.650718074621686,5.494969657170469e-06,5.4878074926069295e-06,11142.82801351834,5000.0,45616.21660241422,1868.3244528681664,45654.461483841376
2023-08-09 16:45:18+00:00,39.98644913678099,-75.58647421999953,-1816.768091251528,40.169014136892855,-75.12034934496033,59.84853802027486,5.490537880659964e-06,5.510435482959005e-06,11164.823925822764,5000.0,45651.45511804016,1868.613995420296,45689.6823435917
2023-08-09 16:45:19+00:00,39.98617810131186,-75.58673396638747,-1816.841813468981,40.16837868035976,-75.12050228902473,59.9845913559713,5.502682883895968e-06,5.527323471923489e-06,11231.182191956615,5000.0,45685.75629782883,1868.6219869015167,45723.95517269409
2023-08-09 16:45:20+00:00,39.98590255450729,-75.5869760936752,-1816.760516319512,40.16782829983211,-75.12064959896001,60.07074275711248,5.510760612984038e-06,5.528972276496207e-06,11236.09252277932,5000.0,45719.00412223958,1868.5988826432656,45757.174297738005
2023-08-09 16:45:21+00:00,39.98562041001552,-75.58718178961033,-1817.015204559699,40.16727683478458,-75.1207699145899,60.08118745611176,5.529184490250901e-06,5.544074492836524e-06,11259.644383809124,5000.0,45749.92332021657,1869.01291808004,45788.084619185
2023-08-09 16:45:22+00:00,39.98533184579739,-75.5873481188618,-1817.2694304150368,40.16588538522196,-75.12071371643947,60.25917604218349,5.538600491984342e-06,5.558079481189702e-06,11286.48406908595,5000.0,45778.12796470034,1869.674382955613,45816.292759789714
2023-08-09 16:45:23+00:00,39.98504061395175,-75.5874778574349,-1817.7489351410072,40.164793828814325,-75.12069127871666,60.21189058610332,5.544324179838937e-06,5.574055228274935e-06,11322.300346290913,5000.0,45802.2196395886,1870.222349281703,45840.38672992265
2023-08-09 16:45:24+00:00,39.98474838550634,-75.58758311796177,-1818.2669312980847,40.16362105848631,-75.12066459793887,60.038570888997214,5.5527395454734685e-06,5.586538878991477e-06,11350.260849335318,5000.0,45822.70659481592,1870.7629117612344,45860.87868267035
2023-08-09 16:45:25+00:00,39.98445234208504,-75.58765925363163,-1818.982341326464,40.16249540578252,-75.12065597808177,59.67904424009848,5.562568793898632e-06,5.603470916821862e-06,11371.08282563056,5000.0,45839.99090024707,1871.7432588424665,45878.18859285702
2023-08-09 16:45:26+00:00,39.984157908041766,-75.58771288467386,-1819.6782540840195,40.16046144526154,-75.12064732080657,59.351575998500415,5.579633607103702e-06,5.611955803435605e-06,11375.845713417077,5000.0,45854.74274989312,1872.556816981412,45892.96135238714
2023-08-09 16:45:27+00:00,39.98386984887699,-75.58775163343017,-1820.5970112943155,40.15797670556824,-75.12070643793048,58.99114613450016,5.588102660588231e-06,5.6120347304934045e-06,11421.716982300071,5000.0,45866.77192888559,1873.909282546124,45905.03570607063
2023-08-09 16:45:28+00:00,39.983586329116335,-75.58777810682608,-1821.564593373622,40.15489220233029,-75.1208859041642,58.662176896061816,5.60358496745183e-06,5.617035715683948e-06,11459.366689615166,5000.0,45876.65410015412,1875.0918678020832,45914.95792155194
2023-08-09 16:45:29+00:00,39.98330585857506,-75.5879003331809,-1822.1758615632837,40.14976415713458,-75.12281977150813,59.61390463904391,5.613781897742023e-06,5.641614109933345e-06,11523.089571004584,5000.0,45892.83259711562,1875.7471479710605,45931.14968243229
2023-08-09 16:45:30+00:00,39.98303177519819,-75.58802674591722,-1822.6975846102528,40.14690986933973,-75.12329467748434,59.74863298140665,5.619132690941652e-06,5.651127538651588e-06,11529.401666401747,5000.0,45907.76221951052,1875.9556504944403,45946.07536673551
2023-08-09 16:45:31+00:00,39.982759745865565,-75.58816323302145,-1822.7774318011705,40.144253406527945,-75.12384411744591,60.12099804370283,5.6296282865515326e-06,5.658105281843526e-06,11553.248448249076,5000.0,45922.40590540362,1875.7708844834267,45960.69930442448
2023-08-09 16:45:32+00:00,39.98249792846472,-75.58830766805957,-1822.758826846653,40.14227295746106,-75.12434663938267,60.59222589457173,5.6354143548395296e-06,5.678680250481777e-06,11584.387089422646,5000.0,45936.24921080005,1875.438790334025,45974.5175310521
2023-08-09 16:45:33+00:00,39.98223958669762,-75.58846331984618,-1822.8819702091605,40.14030531986322,-75.12492913969034,61.23150264672629,5.656128221221998e-06,5.6882523797226525e-06,11608.30933519368,5000.0,45950.04237698621,1875.7725591884357,45988.31283207325
2023-08-09 16:45:34+00:00,39.981989097114514,-75.58862616372537,-1822.9937570700447,40.13879254685287,-75.12544968593501,61.76968932284036,5.683895521864148e-06,5.694520460990756e-06,11649.178698105252,5000.0,45963.01321520856,1875.9926874836435,46001.28185588885
2023-08-09 16:45:35+00:00,39.98173799212461,-75.58879795715009,-1823.153712841044,40.137722205171976,-75.12586980638959,62.12095830518951,5.69290691406221e-06,5.697976499937404e-06,11679.933704705983,5000.0,45976.31990880862,1876.6014798555896,46014.60230699933
2023-08-09 16:45:36+00:00,39.98149122705836,-75.58897151862107,-1823.3312551901008,40.13679460917345,-75.12626487402393,62.37746254873946,5.704952208462353e-06,5.704537490973688e-06,11712.807681608434,5000.0,45989.12919480824,1877.038814794635,46027.418771956014
2023-08-09 16:45:37+00:00,39.98125098734904,-75.58915356312761,-1823.695050389116,40.1358580358864,-75.12668216470091,62.563715719461385,5.708836224997274e-06,5.713707678021149e-06,11718.179271602916,5000.0,46001.90183908934,1877.137694306198,46040.1848251785
2023-08-09 16:45:38+00:00,39.98101148389742,-75.58934069380507,-1824.063659381364,40.135154573613406,-75.12700712200078,62.43429175255047,5.7249483667973125e-06,5.735077657389354e-06,11752.890909527005,5000.0,46014.89928795781,1877.131896203244,46053.171233223926
2023-08-09 16:45:39+00:00,39.98077223894265,-75.58952806498613,-1824.5173154564443,40.13448627526592,-75.12731157435157,62.138048466341786,5.739449551117684e-06,5.750809094558025e-06,11767.780300264923,5000.0,46027.68181490409,1877.234184760256,46065.94730859755
2023-08-09 16:45:40+00:00,39.98053507022406,-75.58971288255265,-1825.1450155667092,40.1336604869945,-75.12766200452003,61.81794792809775,5.757017553121747e-06,5.753585730350181e-06,11799.057306464274,5000.0,46040.418470329874,1877.4018277285468,46078.68021705755
2023-08-09 16:45:41+00:00,39.98030083430176,-75.58989945636807,-1825.9812175622465,40.1326516803284,-75.12805511987426,61.3906788183054,5.780945735037741e-06,5.765446410576388e-06,11799.152619782546,5000.0,46053.14327825862,1877.675559068001,46091.405612249866
2023-08-09 16:45:42+00:00,39.98006854166137,-75.59009101481163,-1826.908995861565,40.13169015140427,-75.12841438420676,60.69733955301182,5.7876480316400136e-06,5.778538589604487e-06,11822.248066246122,5000.0,46065.45274340575,1877.8302545173392,46103.71116211501
2023-08-09 16:45:43+00:00,39.97983700078064,-75.59028068885046,-1827.963952861357,40.13081152716837,-75.12873122473842,59.79440873084468,5.79207803724879e-06,5.791492064363028e-06,11845.60429029065,5000.0,46078.4772296799,1878.343975630627,46116.74576438495
2023-08-09 16:45:44+00:00,39.9796059451662,-75.59046660844368,-1829.2485172341103,40.12967886722544,-75.12909165870462,58.87472459621351,5.805125141354832e-06,5.797011592095767e-06,11873.47002099486,5000.0,46089.40559025584,1878.565777140952,46127.67409096356
2023-08-09 16:45:45+00:00,39.97925227089373,-75.5907639298645,-1830.3688144449893,40.1812873860633,-75.11771301883617,59.584050995384494,5.823910533243546e-06,5.81267339875397e-06,11906.902086900698,5000.0,46115.80433924176,1878.8858635148647,46154.06398079529
2023-08-09 16:45:46+00:00,39.97890077308914,-75.59105803857568,-1831.546871921705,40.180931660225085,-75.11800877560005,58.41803401125076,5.8405406481943325e-06,5.82892352084671e-06,11918.634044365668,5000.0,46141.422644807055,1879.131780878676,46179.67106786948
2023-08-09 16:45:47+00:00,39.978545810501984,-75.5913432915838,-1832.666459120576,40.18057408379519,-75.11829983401037,57.29222849884882,5.8423168222544176e-06,5.841452346388784e-06,11958.256513557306,5000.0,46167.07013657672,1879.3711319107333,46205.3070636594
2023-08-09 16:45:48+00:00,39.97818747406005,-75.59163061654804,-1833.7026308925224,40.18021558164124,-75.11858766904099,56.18828328439182,5.838806800509085e-06,5.847865644204672e-06,11984.614753351834,5000.0,46191.0283619895,1879.3649317870736,46229.24522080097
2023-08-09 16:45:49+00:00,39.977828810186,-75.59191820518758,-1834.584388561862,40.17985596872114,-75.11887469533606,55.18537788261242,5.844926036439451e-06,5.8665738849256575e-06,12037.892442339167,5000.0,46216.04347673825,1879.224292199868,46254.23395305725
2023-08-09 16:45:50+00:00,39.97747073416055,-75.59220363245181,-1835.4029303250825,40.17949360239342,-75.11916342132366,54.38689886853809,5.852360974370703e-06,5.870880848678889e-06,12053.941640291698,5000.0,46239.58443816742,1878.958851460405,46277.74470930812
2023-08-09 16:45:51+00:00,39.97711011398154,-75.59249480289054,-1835.8965054514229,40.17912719271482,-75.1194552426707,53.790948505593,5.874029852797845e-06,5.86394000060875e-06,12085.224131833547,5000.0,46263.22539452319,1878.6501697226893,46301.353655856044
2023-08-09 16:45:52+00:00,39.97674623362114,-75.59278960618266,-1836.2784685598688,40.17875787028089,-75.11974905700069,53.35348799309251,5.890509664134491e-06,5.880723443215029e-06,12107.259070846032,5000.0,46288.86317794515,1878.3409741227667,46326.95780128019
2023-08-09 16:45:53+00:00,39.976378636162536,-75.59308518611141,-1836.7495237103255,40.17838183169011,-75.12004573608938,52.97534800122427,5.889780826845691e-06,5.902223222895166e-06,12106.704030657806,5000.0,46313.94596279318,1878.3119258460592,46352.01879460378
2023-08-09 16:45:54+00:00,39.97601249671626,-75.59338611865934,-1837.1519880650103,40.178003222854926,-75.12034448939748,52.60332687584557,5.890547744897779e-06,5.911844769747362e-06,12127.225434152671,5000.0,46338.9295088248,1878.425387250636,46376.98642602063
2023-08-09 16:45:55+00:00,39.97564350588,-75.59369215826126,-1837.384808384644,40.17761687032812,-75.1206476007734,52.36532403650909,5.897342975607209e-06,5.927791692173073e-06,12123.207366446984,5000.0,46366.210102058576,1878.465620634754,46404.24627462605
2023-08-09 16:45:56+00:00,39.97527561392224,-75.59400215051252,-1837.3311074501985,40.17722986205863,-75.12095426648882,52.28840179300676,5.906517500612238e-06,5.942324404421094e-06,12151.300641982598,5000.0,46393.44988548615,1878.155746952444,46431.451208065046
2023-08-09 16:45:57+00:00,39.9749046918266,-75.5943101025546,-1837.548941760896,40.17685058734144,-75.12126026628499,52.2054492296326,5.906451870198039e-06,5.968982870549493e-06,12170.545828365312,5000.0,46420.568177239504,1878.503953458219,46458.56139616141
2023-08-09 16:45:58+00:00,39.97453147909795,-75.59461547056804,-1837.943293864816,40.17641101618605,-75.12156776856767,52.08197238943684,5.920354240568773e-06,5.974985883378468e-06,12193.43374807436,5000.0,46449.30606990573,1879.0154828186317,46487.29647506352
2023-08-09 16:45:59+00:00,39.97415879433011,-75.59492119854592,-1838.3742244699588,40.17589478770731,-75.12187694846644,51.92851420850776,5.936646194007921e-06,5.985891967085379e-06,12213.765148264813,5000.0,46477.32221069623,1879.522795517818,46515.31023024298
2023-08-09 16:46:00+00:00,39.97377992893627,-75.59522793061981,-1839.0795271648567,40.17539788491531,-75.12218320857134,51.55642500669492,5.94438775669275e-06,6.007999181749142e-06,12247.04203783606,5000.0,46505.197102047525,1880.152809733968,46543.18781613739
2023-08-09 16:46:01+00:00,39.9734026141262,-75.59553486266284,-1839.7146915025403,40.1748788874578,-75.12248681641358,51.01373409776863,5.94863510188682e-06,6.02146212867042e-06,12257.43872879189,5000.0,46534.34757124865,1880.536256949638,46572.32998783159
2023-08-09 16:46:02+00:00,39.97302471425564,-75.5958421137944,-1840.5243776758016,40.17427277656199,-75.12278720563242,50.405535001222745,5.95066791257038e-06,6.033436886459815e-06,12304.756956389932,5000.0,46562.95985811629,1881.1159526763104,46600.94235072895
2023-08-09 16:46:03+00:00,39.9726496578638,-75.59621122643546,-1841.333620631468,40.17368987477817,-75.12354603657856,49.759709505127695,5.962097186031441e-06,6.051305942422123e-06,12305.027646872317,5000.0,46595.403621795405,1881.6563753810487,46633.38149215684
2023-08-09 16:46:04+00:00,39.97227632721146,-75.59658693747416,-1842.2930957292529,40.17299631220215,-75.12390784807575,49.14300916564421,5.9799678055680825e-06,6.0502086542570215e-06,12320.493604332418,5000.0,46629.42824718156,1882.2889908711893,46667.40394005444
2023-08-09 16:46:05+00:00,39.97190366493643,-75.59696431338207,-1843.1097306651643,40.17221968775068,-75.12427172423233,48.55614431472924,5.993728878157568e-06,6.063181323712656e-06,12328.222153797278,5000.0,46662.95335698531,1882.6268170803576,46700.91540568104
2023-08-09 16:46:06+00:00,39.971531766239,-75.597348086218,-1844.0050815980112,40.17133783123336,-75.1246340451805,48.0248021719876,6.013832995013381e-06,6.070401996422742e-06,12357.16544536416,5000.0,46697.747038209214,1883.044067342688,46735.697634721706
2023-08-09 16:46:07+00:00,39.97116268269423,-75.59773512093815,-1844.9288204476447,40.17038064086805,-75.12499228543298,47.52205494086809,6.029326650640334e-06,6.090520502130527e-06,12394.055925104449,5000.0,46733.04239515744,1883.686215388028,46770.99021044589
2023-08-09 16:46:08+00:00,39.97079806720168,-75.59812152265313,-1845.5249339376453,40.16922193742739,-75.12533710029767,47.170248536176985,6.036191529892501e-06,6.111443963830523e-06,12439.261172278588,5000.0,46768.58472022284,1883.9988006842389,46806.51630076351
2023-08-09 16:46:09+00:00,39.97043279947069,-75.59850274409884,-1846.2733490170533,40.167978881003165,-75.12566649245747,46.90189622422571,6.046642810139342e-06,6.1238808388930684e-06,12474.734657660443,5000.0,46804.12437182617,1884.4062886462784,46842.04356423897
2023-08-09 16:46:10+00:00,39.97007229344226,-75.59887937345196,-1846.8741696770508,40.16651391080841,-75.12596613512103,46.72629623424245,6.058217502706462e-06,6.143487075062465e-06,12496.787010315727,5000.0,46839.3026823423,1884.8121604557464,46877.20973616369
2023-08-09 16:46:11+00:00,39.96971752663019,-75.59924483096528,-1847.6845094660648,40.16513610521548,-75.12625398632686,46.512286741978585,6.071582106924139e-06,6.158401022902879e-06,12517.258902849053,5000.0,46873.014095753446,1885.274051963676,46910.91246897366
2023-08-09 16:46:12+00:00,39.969363529585856,-75.59960442666821,-1848.396891874312,40.16369935977166,-75.12652026275121,46.327163294696426,6.070496851199007e-06,6.173473923722357e-06,12552.709372565349,5000.0,46906.29295176844,1885.6384491920307,46944.1790943051
2023-08-09 16:46:13+00:00,39.969007968495134,-75.59994918116408,-1849.041409552748,40.16222665850272,-75.12676652081348,46.16634805387895,6.082080042407536e-06,6.1752826856599e-06,12575.429719585509,5000.0,46938.43300278975,1886.1492894871544,46976.31373255691
2023-08-09 16:46:14+00:00,39.96865731586235,-75.60027830711749,-1849.576071360328,40.160555291398126,-75.12698186775442,46.09518137704193,6.091084784987351e-06,6.188083752227758e-06,12624.979272075025,5000.0,46968.84374330177,1886.6420484948871,47006.719740924775
2023-08-09 16:46:15+00:00,39.96830867338481,-75.60059620951326,-1850.2231849828304,40.15900431289237,-75.12719293001834,45.978030215359794,6.094454868146772e-06,6.204957620531321e-06,12664.788895394417,5000.0,46998.08354725636,1887.2628673677243,47035.96090488037
2023-08-09 16:46:16+00:00,39.9679644521184,-75.60090261918997,-1850.727814541312,40.15745816747694,-75.1273972574803,45.883035867575366,6.103954394459536e-06,6.220896164016525e-06,12698.929622283757,5000.0,47025.52386031946,1887.701790780861,47063.39673661892
2023-08-09 16:46:17+00:00,39.96761984472776,-75.60119869356595,-1851.1065266043245,40.156137908127945,-75.12761369395672,45.784827656708046,6.104897089566663e-06,6.218209249052486e-06,12727.475324606005,5000.0,47051.548733650285,1887.8902202203485,47089.40823283588
2023-08-09 16:46:18+00:00,39.967277433322366,-75.6014904631781,-1851.474795263995,40.15491444414471,-75.12783740526258,45.65280960623161,6.102770836712578e-06,6.23288844785719e-06,12740.35214678645,5000.0,47077.034204300326,1888.0039919596468,47114.8777834191
2023-08-09 16:46:19+00:00,39.96693848218414,-75.6017754064421,-1851.7792741500425,40.15364004798255,-75.12805600760205,45.49571201646134,6.101919668671869e-06,6.243534124514188e-06,12770.183776679612,5000.0,47102.14562649659,1888.3526378187776,47139.98301128724
2023-08-09 16:46:20+00:00,39.96659906306995,-75.60204683125318,-1852.3741973007152,40.151851069435686,-75.12825390033659,45.46415538634572,6.121599167027666e-06,6.257221265871663e-06,12816.207112023523,5000.0,47126.28554893756,1889.028057714318,47164.13061472492
2023-08-09 16:46:21+00:00,39.96626559728698,-75.60230642968585,-1852.944755052667,40.14995180806382,-75.12844727700217,45.34305751865741,6.12096964864062e-06,6.259664168236585e-06,12857.749890046383,5000.0,47149.15876596679,1889.681681823554,47187.01165783824
2023-08-09 16:46:22+00:00,39.965933552331535,-75.60255852745038,-1853.2582012859475,40.14794901907669,-75.12864545005327,45.326383497583805,6.132404236862378e-06,6.2658860755066655e-06,12894.628108128052,5000.0,47171.03909667399,1889.9611626776968,47208.88563243551
2023-08-09 16:46:23+00:00,39.965610531956045,-75.6028087809498,-1852.9568277349017,40.14571038286385,-75.12885934165895,45.78235403507495,6.144199332734968e-06,6.27166910477366e-06,12938.088882066188,5000.0,47191.94492248168,1889.2903769743607,47229.74786821408
2023-08-09 16:46:24+00:00,39.965293598109085,-75.60306713279041,-1852.4061229740469,40.143937636010165,-75.12909970895655,46.45094255768268,6.149542720203504e-06,6.278460847878294e-06,12950.389476622871,5000.0,47212.92596418429,1888.9546458329016,47250.69870122092
2023-08-09 16:46:25+00:00,39.96498274116858,-75.60333235202856,-1851.8918335787384,40.14245219172633,-75.1293561090853,47.22178725702474,6.167052246139811e-06,6.298559651619768e-06,12996.90421636344,5000.0,47234.41909766104,1888.7574027459768,47272.166779405336
2023-08-09 16:46:26+00:00,39.964670643429216,-75.60360773610176,-1851.2207497643044,40.14108023082564,-75.12962699016103,48.08504048762724,6.187437444817052e-06,6.309069331669566e-06,13043.950510514283,5000.0,47257.3360390859,1888.914432465498,47295.07170143908
2023-08-09 16:46:27+00:00,39.96436518812461,-75.60388817179589,-1850.55986443078,40.140072951078885,-75.1298968126501,48.8380094562993,6.192087777888447e-06,6.318801521587199e-06,13056.892336862344,5000.0,47281.51509272712,1889.3792632460884,47319.25003066053
2023-08-09 16:46:28+00:00,39.96406047296718,-75.60416453814456,-1850.215826827619,40.13855342334703,-75.13018275628724,49.55954960806587,6.198951765040434e-06,6.32790507409362e-06,13070.122028748909,5000.0,47306.43646988172,1890.0456682382887,47344.17814374838
2023-08-09 16:46:29+00:00,39.96375903546591,-75.60443932432952,-1849.938528493048,40.13663862700111,-75.13046864388583,50.206848700647576,6.20791568171427e-06,6.34532470316301e-06,13114.59246205478,5000.0,47331.64917449193,1890.6883659931295,47369.39640817143
2023-08-09 16:46:30+00:00,39.96346222953439,-75.60471549301712,-1849.710740641509,40.13465651352016,-75.1307427290117,50.75089034644652,6.216668537881816e-06,6.3510265078967525e-06,13159.556323805216,5000.0,47357.25160050608,1891.087412196044,47394.99436390094
2023-08-09 16:46:31+00:00,39.963167010626776,-75.6049827375062,-1849.5413429348648,40.13267567374567,-75.13100557062626,51.1992294302202,6.223929807290612e-06,6.361291328313418e-06,13211.797761366426,5000.0,47382.27475947599,1890.963112835112,47419.99264947833
2023-08-09 16:46:32+00:00,39.96287073521931,-75.60524187851993,-1849.587080613337,40.13063433766117,-75.13125815848937,51.523990723434245,6.23770723735699e-06,6.373076804671842e-06,13219.217580871516,5000.0,47406.605006729376,1891.243670711979,47444.31473723766
2023-08-09 16:46:33+00:00,39.9625745665625,-75.6054940335033,-1849.765686673434,40.128384409774654,-75.13150359821508,51.68725393800553,6.2358408636363295e-06,6.3758981166064686e-06,13234.540209765037,5000.0,47430.4239979213,1891.5818518385647,47468.12828124566
2023-08-09 16:46:34+00:00,39.9622821270308,-75.60573973979214,-1849.7091379392016,40.12597438662382,-75.13174729646497,51.85769000204768,6.242672547382956e-06,6.389778328410708e-06,13273.294276692715,5000.0,47453.37395603252,1891.6263123163485,47491.0617897359
2023-08-09 16:46:35+00:00,39.96200056425522,-75.60598010106912,-1849.7209160124007,40.12320674472812,-75.132011984702,52.179704268088,6.242315460233609e-06,6.409677366591388e-06,13269.600267216709,5000.0,47475.07410367915,1891.7553826585493,47512.749863354
2023-08-09 16:46:36+00:00,39.96172733560744,-75.60621117118058,-1849.7379139596155,40.12011147167836,-75.13229781175998,52.53208992232696,6.254614830191196e-06,6.415132711964295e-06,13284.632370584555,5000.0,47495.75783664699,1892.0845357413932,47533.430302975255
2023-08-09 16:46:37+00:00,39.96145862492705,-75.60643738922313,-1849.73050444166,40.11661116227921,-75.13262211101677,52.91919190654959,6.260892943211884e-06,6.4185790902148e-06,13315.432527977016,5000.0,47515.614814674256,1892.5412439286024,47553.2897240187
2023-08-09 16:46:38+00:00,39.96119605405747,-75.606659335685,-1849.7565292924453,40.11304130813097,-75.13298096261006,53.32683357380369,6.2701924962233046e-06,6.426050155722193e-06,13356.260262143836,5000.0,47534.314198412496,1893.079956443642,47571.995733150485
2023-08-09 16:46:39+00:00,39.96093632866852,-75.60687725463134,-1849.8302445240608,40.10950537964402,-75.13338173361632,53.69424654930582,6.277203388482157e-06,6.434906209555795e-06,13389.249329737086,5000.0,47552.04691171988,1893.768040404446,47589.74178208225
2023-08-09 16:46:40+00:00,39.96068205255592,-75.60710253385511,-1849.999609037981,40.10527906344626,-75.13390048291137,54.09203146573713,6.290578172427268e-06,6.456412574380477e-06,13423.072482019264,5000.0,47569.631393857904,1894.656525756784,47607.34769232691
2023-08-09 16:46:41+00:00,39.96042805665852,-75.60748405445342,-1849.8149786166373,40.105482587866405,-75.13734061835738,55.35746339510506,6.289675743265371e-06,6.463926223634344e-06,13445.060881440051,5000.0,47598.11568044604,1895.152441000889,47635.82915310444
2023-08-09 16:46:42+00:00,39.9601785483804,-75.60787956343259,-1849.785241060987,40.10137687190068,-75.13816873231896,55.99268688539117,6.298984091469781e-06,6.476375291804394e-06,13498.469594249058,5000.0,47627.142068658126,1895.731622919467,47664.85560677051
2023-08-09 16:46:43+00:00,39.95992701062197,-75.60829232518921,-1849.8838046601584,40.09806032395081,-75.13895819201264,56.39691886235791,6.3142306306499385e-06,6.49079363983876e-06,13540.56795652956,5000.0,47657.6597876503,1896.557965054202,47695.38204638087
2023-08-09 16:46:44+00:00,39.959680244270125,-75.60871593266029,-1849.9736542590203,40.09563606557997,-75.13965662440226,56.60744330055679,6.3193432863676185e-06,6.504696142692785e-06,13552.784499587153,5000.0,47688.213888454826,1897.023372304172,47725.930494292974
2023-08-09 16:46:45+00:00,39.95942427533863,-75.60902562292095,-1849.9443930600696,40.17466679067562,-75.12437040657792,59.08746778089639,6.3265547762721305e-06,6.516123699421667e-06,13597.126198240414,5000.0,47710.77963949982,1897.25603035114,47748.48766457022
2023-08-09 16:46:46+00:00,39.959167401955526,-75.60933510192469,-1849.8078956862223,40.17441089093778,-75.1246828783357,59.0975649636796,6.338781457421458e-06,6.529908794486818e-06,13626.88755909433,5000.0,47733.56227937836,1897.627446928425,47771.26707348914
2023-08-09 16:46:47+00:00,39.958912306300725,-75.6096484334432,-1849.6793383742129,40.17415508646574,-75.1249946424455,59.11192721567114,6.351296242097946e-06,6.540708054078808e-06,13686.891191403934,5000.0,47755.74606416381,1898.0193653073104,47793.44891986745
2023-08-09 16:46:48+00:00,39.95865581961522,-75.60996165248162,-1849.5948399582155,40.17390066068152,-75.12530650766621,59.05824056774983,6.365442806481379e-06,6.5550503964533085e-06,13703.994202730511,5000.0,47777.78280463419,1898.44718745326,47815.48526837669
2023-08-09 16:46:49+00:00,39.95840124654875,-75.61028153675508,-1849.793322157468,40.17364708775737,-75.12562151039043,58.88145524370714,6.382136937755107e-06,6.573621578547408e-06,13720.603027177023,5000.0,47800.51204497838,1898.9501710224265,47838.21655866938
2023-08-09 16:46:50+00:00,39.95815104730484,-75.61062170255596,-1849.9364623384072,40.173394787255376,-75.12595160084223,58.66829267638246,6.3939831415791535e-06,6.5749363429998185e-06,13720.508775715556,5000.0,47824.36353443863,1899.484344910796,47862.07045511826
2023-08-09 16:46:51+00:00,39.95790543985487,-75.6109917581938,-1850.1273579234728,40.17315879740234,-75.12630114377392,58.287783445593895,6.398320346839256e-06,6.58147877661536e-06,13724.55754743122,5000.0,47850.6062598768,1900.0209203483507,47888.31380342727
2023-08-09 16:46:52+00:00,39.95766691163247,-75.61138528038671,-1850.2487023135832,40.17293518414188,-75.12667471936352,57.894035712694894,6.401217590691979e-06,6.595684006272149e-06,13737.648089983037,5000.0,47880.44333454539,1900.196779577942,47918.13437221581
2023-08-09 16:46:53+00:00,39.95742979372685,-75.61180187071426,-1850.488426748013,40.17271890395048,-75.12707341793246,57.53372466464819,6.4212273667881015e-06,6.605216290180534e-06,13780.50114308208,5000.0,47914.01617533343,1900.4684454752576,47951.69159020733
2023-08-09 16:46:54+00:00,39.957201184008426,-75.61223952827609,-1850.7905296182776,40.17251842824917,-75.12749653233999,57.15641567842737,6.430176913771045e-06,6.621388888955286e-06,13806.22120513457,5000.0,47950.83060817233,1900.6689164616616,47988.48505989369
2023-08-09 16:46:55+00:00,39.95697315614061,-75.61269730420094,-1851.0834162528597,40.17230277655796,-75.12794088252174,56.87003330914518,6.43406276001432e-06,6.6231170248776575e-06,13850.448662158466,5000.0,47991.5347492891,1900.8254481261013,48029.16348403819
2023-08-09 16:46:56+00:00,39.95674852811722,-75.6131590660136,-1851.365676868323,40.172071252480855,-75.12839522516188,56.639060984616506,6.452115359345512e-06,6.634113926715601e-06,13901.415256034505,5000.0,48034.59909314823,1901.108590375579,48072.20531566944
2023-08-09 16:46:57+00:00,39.95652153731767,-75.61362545988948,-1851.568555088585,40.17178489615255,-75.12884551943812,56.55735128358712,6.461981196923689e-06,6.646483136332068e-06,13936.444020738363,5000.0,48079.74612468433,1901.1893737044452,48117.32025423677
2023-08-09 16:46:58+00:00,39.95629469748202,-75.61409840255419,-1851.7671694176925,40.17151114991112,-75.1293002731412,56.45724030380335,6.475516202225618e-06,6.645735334161409e-06,13975.746735569242,5000.0,48126.84692339917,1901.4373047686536,48164.39409576604
2023-08-09 16:46:59+00:00,39.956066909965976,-75.61456380384939,-1851.96832063604,40.17120684862781,-75.12974479451515,56.43066102494486,6.472668219854588e-06,6.6548228870471365e-06,14017.591226862542,5000.0,48173.78176994795,1901.6507237909052,48211.300806904845
2023-08-09 16:47:00+00:00,39.95583674129166,-75.61502362232407,-1852.1656824355543,40.17084907568281,-75.13016660708982,56.510309103198246,6.475476902811103e-06,6.684294418029925e-06,14028.235634782892,5000.0,48221.2842189279,1901.796689914362,48258.77207692291
2023-08-09 16:47:01+00:00,39.95560494156359,-75.61547651852513,-1852.2803286064864,40.17050540211691,-75.13058374402112,56.55262218224792,6.4818759289852895e-06,6.70144754922991e-06,14038.107209867503,5000.0,48268.27212156813,1901.819095855339,48305.72439654654
2023-08-09 16:47:02+00:00,39.95537189317071,-75.61591920763388,-1852.3369490566984,40.17014592922141,-75.1309870049737,56.6046348506296,6.48710174647661e-06,6.709259192424664e-06,14063.386560166857,5000.0,48314.45162086647,1901.7036389818877,48351.863585135616
2023-08-09 16:47:03+00:00,39.95513175885492,-75.61632528236092,-1852.7532077520573,40.16974707252206,-75.13135933218571,56.64613421557308,6.49016821530344e-06,6.712303359509122e-06,14084.301049348713,5000.0,48358.28560904468,1901.9762041524743,48395.67439892847
2023-08-09 16:47:04+00:00,39.95488771943338,-75.61670917051663,-1852.9071906737315,40.16907558331875,-75.13164453119003,56.98237904525461,6.49588736125891e-06,6.734342529791595e-06,14141.968591946952,5000.0,48400.123610428855,1902.0566046418817,48437.483262779606
2023-08-09 16:47:05+00:00,39.95464038211283,-75.6170858544707,-1853.2384116812764,40.16872680670713,-75.13199170796648,56.83673767603381,6.51283618282933e-06,6.744131058387715e-06,14183.016954977898,5000.0,48440.075771025535,1902.2700011377472,48477.41300708943
2023-08-09 16:47:06+00:00,39.95439014554422,-75.6174377155537,-1853.6700146455928,40.16836481057694,-75.13232619351768,56.61429868722471,6.530474081270241e-06,6.750479400213112e-06,14203.72497953347,5000.0,48477.118036750864,1902.9046253388524,48514.45165270048
2023-08-09 16:47:07+00:00,39.95413595624529,-75.61776997937193,-1854.1011869125068,40.16771028792447,-75.13260924580646,56.516464656220506,6.53338482430334e-06,6.765660781426095e-06,14245.30128752611,5000.0,48512.8783555218,1903.4239943045427,48550.20483210911
2023-08-09 16:47:08+00:00,39.95387964889862,-75.61809660989053,-1854.5887723679573,40.16704248040829,-75.13289128022879,56.31997219177296,6.530230260372583e-06,6.780312454740767e-06,14267.332853413707,5000.0,48546.58824785387,1903.9158802029012,48583.90809913867
2023-08-09 16:47:09+00:00,39.95361976488345,-75.618481340745,-1854.926441018352,40.16539196647821,-75.13361220213078,56.10421098633591,6.537668093046773e-06,6.782561513094005e-06,14300.25436120494,5000.0,48584.20397123082,1904.3254190362768,48621.51098865345
2023-08-09 16:47:10+00:00,39.95336331036864,-75.61888228370023,-1855.360337650096,40.16500881025416,-75.13399094687229,55.83851011421986,6.542583006405236e-06,6.798261101566868e-06,14312.507083979704,5000.0,48623.25511488362,1904.7779551142228,48660.54990467479
2023-08-09 16:47:11+00:00,39.95310773678435,-75.61929347005173,-1855.654233114168,40.164479395083,-75.13438035067523,55.63180171080634,6.5568987961075335e-06,6.80856785443304e-06,14330.413556158295,5000.0,48663.93334209184,1905.4038521794575,48701.22146479961
2023-08-09 16:47:12+00:00,39.95285142413171,-75.61971158844369,-1855.958385404754,40.16373541484199,-75.13477589598374,55.49271554084489,6.566164129144463e-06,6.831061190869201e-06,14325.47346634845,5000.0,48706.87784869637,1906.108320527788,48744.16066255951
2023-08-09 16:47:13+00:00,39.95259339457468,-75.62012909489184,-1856.1301736826783,40.162661090742056,-75.1351729742652,55.45504488545768,6.563367464599486e-06,6.844207144026472e-06,14341.147234416989,5000.0,48751.30356166029,1906.4613115079776,48788.56621887375
2023-08-09 16:47:14+00:00,39.95233224932261,-75.62054282204426,-1856.437571644684,40.16147114741614,-75.13556700538676,55.43700659839258,6.567829903389804e-06,6.847784657299708e-06,14352.806703376107,5000.0,48796.1422262752,1906.765296069874,48833.3825375754
2023-08-09 16:47:15+00:00,39.95207412790775,-75.62095314195652,-1856.73199193732,40.16009017786386,-75.13595362823509,55.4598631679354,6.5719891867648905e-06,6.861509072042059e-06,14364.56766037291,5000.0,48840.78278082315,1906.7096519512236,48877.986909654894
2023-08-09 16:47:16+00:00,39.95181380387625,-75.62135939617983,-1857.049488779293,40.15868463911511,-75.13633483159926,55.47108527252272,6.587800252263299e-06,6.869570099482914e-06,14349.973285198748,5000.0,48885.32432488527,1906.7365384655384,48922.49562906965
2023-08-09 16:47:17+00:00,39.95155273098223,-75.62176217127794,-1857.3157405959328,40.15722260390712,-75.13671022696167,55.47693406950723,6.593004586497162e-06,6.878538552838632e-06,14368.31212041205,5000.0,48929.59513115552,1906.816083178116,48966.7359262782
2023-08-09 16:47:18+00:00,39.95128979282104,-75.62216150906872,-1857.6415614266425,40.15565888438639,-75.1370800642025,55.48819010468129,6.606253367274596e-06,6.892010711076759e-06,14366.23739576845,5000.0,48973.52267766817,1906.88346644326,49010.63280569506
2023-08-09 16:47:19+00:00,39.95102921460467,-75.62255500592822,-1857.7712384616084,40.154046812504205,-75.13744519821155,55.49019817594065,6.605175100976011e-06,6.892421008409741e-06,14373.463180213845,5000.0,49016.970427097614,1906.81671971998,49054.04509164933
2023-08-09 16:47:20+00:00,39.95076658241162,-75.62294140437174,-1858.1071431347411,40.1523168268378,-75.1378059948396,55.49694280675121,6.615707897827649e-06,6.906489172077933e-06,14417.863845799007,5000.0,49060.07769251305,1907.0033304165415,49097.12705339933
2023-08-09 16:47:21+00:00,39.950506104888646,-75.62332161830385,-1858.44274383518,40.15053540156931,-75.13816391925158,55.49499580074359,6.621489734205095e-06,6.906222927124158e-06,14441.978902957548,5000.0,49102.673193876304,1907.2645374498768,49139.700577032745
2023-08-09 16:47:22+00:00,39.95024713117142,-75.623696031364,-1858.722673606884,40.14848146608347,-75.13852123912271,55.529941769083855,6.624774775987662e-06,6.92016854583613e-06,14473.474381468264,5000.0,49144.78157423664,1907.5049480502128,49181.78657904026
2023-08-09 16:47:23+00:00,39.94998863057647,-75.62406450873291,-1859.12572481544,40.14660260065072,-75.13887610790698,55.51018858046262,6.6458980130301184e-06,6.942060322589316e-06,14478.008375345416,5000.0,49186.43595420339,1907.894146259423,49223.42472797157
2023-08-09 16:47:24+00:00,39.949734959626895,-75.62442959971389,-1859.3567394059123,40.14459783043092,-75.13923182561818,55.497810874618,6.6554905865139605e-06,6.9633212137559545e-06,14518.853752288258,5000.0,49227.5730900577,1908.1188585067748,49264.53968033358
2023-08-09 16:47:25+00:00,39.94948187048996,-75.62478829449826,-1859.8356843543324,40.1424423434912,-75.13959116612735,55.500472795867466,6.670286786164144e-06,6.97850410440939e-06,14524.99813373318,5000.0,49268.21283795853,1908.5997784401884,49305.16757258456
2023-08-09 16:47:26+00:00,39.94923124221586,-75.62514325245084,-1860.1192256582683,40.14024043885158,-75.13995474075924,55.49976416189365,6.683754997203806e-06,7.005154519256999e-06,14537.81515276876,5000.0,49308.44071944538,1908.887589904396,49345.376460352905
2023-08-09 16:47:27+00:00,39.94898502570007,-75.62549040775278,-1860.50035834271,40.13791014991893,-75.14032716471209,55.51143953069782,6.688319139778631e-06,7.016285243149758e-06,14538.221111535724,5000.0,49347.8457331032,1909.269542732868,49384.76676754644
2023-08-09 16:47:28+00:00,39.94874411754252,-75.62583584943448,-1860.773859217072,40.13575442479618,-75.1407005510221,55.4816931781614,6.706383724662062e-06,7.036243613206825e-06,14548.201842064074,5000.0,49386.82704353758,1909.5488481167977,49423.72974828629
2023-08-09 16:47:29+00:00,39.94850693889571,-75.62617803813939,-1861.132702050308,40.13326133896428,-75.14109506128203,55.50203216667458,6.723598546385883e-06,7.0463827037678096e-06,14553.344694957215,5000.0,49425.35975158229,1909.910121496404,49462.24765662722
2023-08-09 16:47:30+00:00,39.948274172791166,-75.62651782264152,-1861.5228275271836,40.131031932996784,-75.14148877928704,55.47221160721756,6.745680884511591e-06,7.064204256611364e-06,14538.034107206246,5000.0,49463.46668114006,1910.3025776758109,49500.34133270727
2023-08-09 16:47:31+00:00,39.948051979266125,-75.62685422373619,-1861.7771345658332,40.12860916346162,-75.14190439472553,55.472518422285525,6.753023224249914e-06,7.079523494468618e-06,14583.567607385798,5000.0,49500.72755614925,1910.5625060123143,49537.5844957896
2023-08-09 16:47:32+00:00,39.94782882001102,-75.62718878386276,-1861.9936362527085,40.12624406089464,-75.14233027229173,55.46453108307237,6.76708136089932e-06,7.0904252798986975e-06,14627.040742498664,5000.0,49537.909577109465,1910.7811788387196,49574.74730125488
2023-08-09 16:47:33+00:00,39.94761348366671,-75.62752424295303,-1862.2516365420345,40.123893815540136,-75.14277100042011,55.45750420796691,6.767335906222461e-06,7.102762117892242e-06,14661.84570648878,5000.0,49574.7156498066,1911.0482988507156,49611.53633339447
2023-08-09 16:47:34+00:00,39.94740627476932,-75.62786021579902,-1862.5752509398208,40.12145115136303,-75.14323627087214,55.47124507997312,6.773742307321725e-06,7.119322037087321e-06,14690.40617202633,5000.0,49611.101066957206,1911.3750838361743,49647.907345495965
2023-08-09 16:47:35+00:00,39.94720242690504,-75.62819329538974,-1862.9468345737828,40.1191267035941,-75.14371000145158,55.46877024234403,6.779335483117624e-06,7.116603489946318e-06,14702.963677649868,5000.0,49647.08463434295,1911.753384727,49683.87881087413
2023-08-09 16:47:36+00:00,39.94700485487148,-75.6285291652529,-1863.3538005063945,40.116688675931925,-75.14421434861113,55.49371024212029,6.789144211689252e-06,7.121060650651649e-06,14740.782473644676,5000.0,49682.91889761622,1912.1642965675535,49719.70235715595
2023-08-09 16:47:37+00:00,39.94681426898537,-75.6288689637361,-1863.718102809535,40.11429936689719,-75.14473448562424,55.51848788205068,6.797955582990574e-06,7.136514167133783e-06,14743.755963928175,5000.0,49718.64488678373,1912.530818945914,49755.41602189177
2023-08-09 16:47:38+00:00,39.94663065446366,-75.62920961633615,-1864.1665964409044,40.11197603822799,-75.14526844088172,55.54023281012572,6.803249450913677e-06,7.155206039976041e-06,14746.847374491685,5000.0,49754.03789628706,1912.987834984187,49790.80044990205
2023-08-09 16:47:39+00:00,39.946451145343744,-75.62955508248191,-1864.609460447689,40.10953143871542,-75.14584041232965,55.59628659137263,6.808857135597565e-06,7.164202879056155e-06,14771.121362724503,5000.0,49789.55103484011,1913.4371133035304,49826.30463758591
2023-08-09 16:47:40+00:00,39.94627550870628,-75.62990472581748,-1865.0424210696133,40.107289455235865,-75.1464062839899,55.620726294399546,6.799162296723473e-06,7.175022585085246e-06,14779.80394959974,5000.0,49825.14952636652,1913.8800574819431,49861.893889013176
2023-08-09 16:47:41+00:00,39.94610457535238,-75.63025887870447,-1865.3915381575923,40.10490378436508,-75.14701423027894,55.68211186901688,6.7989768757372885e-06,7.196735080869085e-06,14809.456176195428,5000.0,49860.81198707868,1914.2359009726704,49897.54373809779
2023-08-09 16:47:42+00:00,39.94590457747376,-75.63072585120243,-1865.5523556716284,40.11017337248048,-75.14931900705189,56.46811111002923,6.799924933469348e-06,7.214830971195285e-06,14827.089294370648,5000.0,49906.39561240321,1914.4039095062765,49943.10027772036
2023-08-09 16:47:43+00:00,39.945707210587145,-75.63119906332614,-1865.67501527157,40.10875368952526,-75.14992909299909,56.511103260816085,6.805528676461078e-06,7.221922993281428e-06,14844.3361276533,5000.0,49952.28876280156,1914.5298900361088,49988.9645556112
2023-08-09 16:47:44+00:00,39.94551077242467,-75.63167490033621,-1865.7672836231573,40.10730659279547,-75.15055173613658,56.55036256710552,6.804069336016656e-06,7.231549361420684e-06,14889.10435753756,5000.0,49998.320866462665,1914.63072154472,50034.96677590222
2023-08-09 16:47:45+00:00,39.94533363575867,-75.63185670997898,-1866.02847424924,40.173283613489495,-75.12543390287865,56.56002589555299,6.8176152369962255e-06,7.248629029881785e-06,14921.065040589538,5000.0,50021.699691555565,1914.8946543594068,50058.33858179339
2023-08-09 16:47:46+00:00,39.945157035083,-75.63203538801051,-1866.2297034466733,40.17309757296778,-75.12561549835691,56.42379055951605,6.82601238888273e-06,7.26513474004474e-06,14910.81521738168,5000.0,50044.82015822119,1915.0972843678053,50081.44988194027
2023-08-09 16:47:47+00:00,39.94497747070422,-75.63220927600005,-1866.518634816001,40.172909734668806,-75.12579259217134,56.2961249046517,6.844821092324824e-06,7.282544880998133e-06,14922.825221254812,5000.0,50067.75946522541,1915.3924495834287,50104.38370146458
2023-08-09 16:47:48+00:00,39.94479863353671,-75.63237804747936,-1866.7757973646512,40.17272159616347,-75.125964970672,56.135017689994,6.851648792505032e-06,7.287890972441901e-06,14945.658496732423,5000.0,50090.28389855384,1915.6511770045452,50126.90156462576
2023-08-09 16:47:49+00:00,39.944617323601314,-75.63254050583635,-1867.0309429361987,40.17252952240735,-75.12613140789112,55.98249081469709,6.866474728753002e-06,7.300229641611794e-06,14950.350397320844,5000.0,50112.48825542225,1915.90262881185,50149.09931427404
2023-08-09 16:47:50+00:00,39.94443262009997,-75.63268852752441,-1867.5785372351295,40.17232615722729,-75.12628901283693,55.8968677342447,6.869358674209406e-06,7.305553443625658e-06,14985.28431406964,5000.0,50134.15558038485,1916.4953303808984,50170.77346533144
2023-08-09 16:47:51+00:00,39.94424857731775,-75.63281339770504,-1868.109014907948,40.17210965833139,-75.12642986963728,55.77813085644301,6.881080447014012e-06,7.3098523293016575e-06,15019.8957736147,5000.0,50153.8077247072,1916.947902977613,50190.42855515013
2023-08-09 16:47:52+00:00,39.94405930232145,-75.63292053874413,-1868.7124789498157,40.17186320895788,-75.12655296519156,55.70331962025608,6.888757822318781e-06,7.311227942612897e-06,15038.913104629795,5000.0,50171.91632687034,1917.5099869869823,50208.54541271509
2023-08-09 16:47:53+00:00,39.94386701471584,-75.63301167580141,-1869.274536992435,40.17160242332887,-75.1266593893237,55.54102710350967,6.899095537331232e-06,7.311925609203032e-06,15070.574293888689,5000.0,50187.459405260604,1917.9622585517625,50224.09442468734
2023-08-09 16:47:54+00:00,39.94367181141583,-75.63308754630728,-1869.908558173688,40.17132233859705,-75.12675288650374,55.32730212884376,6.9040204748370674e-06,7.325831740099249e-06,15099.170340650677,5000.0,50200.54458486421,1918.5758003204207,50237.193489669735
2023-08-09 16:47:55+00:00,39.94347543972833,-75.6331510411562,-1870.4132069658976,40.17100959721736,-75.12683853987086,55.14384940244256,6.924998784130259e-06,7.329080704050703e-06,15112.96807587122,5000.0,50211.53622754993,1919.0571172141836,50248.19549545724
2023-08-09 16:47:56+00:00,39.94327884737493,-75.63320617037968,-1871.078963996408,40.170654828547605,-75.1269224752414,55.04236207595416,6.932970425436996e-06,7.318088973410134e-06,15128.826170241238,5000.0,50221.13493063348,1919.764335458801,50257.81420659472
2023-08-09 16:47:57+00:00,39.94308230763303,-75.63325822492598,-1871.644191295948,40.17026039469812,-75.12700941114915,55.03013565811576,6.941786957410207e-06,7.319731190426711e-06,15133.552211662389,5000.0,50229.41712592287,1920.322396066789,50266.111674912645
2023-08-09 16:47:58+00:00,39.94288754908257,-75.63330912711704,-1872.2401091986997,40.169840592733856,-75.12710254202592,55.06061880097825,6.956453775979136e-06,7.327665039653181e-06,15164.028660953389,5000.0,50236.89443511503,1920.879293273402,50273.604801567766
2023-08-09 16:47:59+00:00,39.94269569045409,-75.63338360046023,-1872.68185061544,40.16945127502734,-75.12720106994873,55.02141895473657,6.964820532989169e-06,7.336267156079539e-06,15182.854547003835,5000.0,50245.40867319987,1921.338957481179,50282.13038571858
2023-08-09 16:48:00+00:00,39.9425072901592,-75.63347681824268,-1873.0401764912224,40.169124863156014,-75.12730518204745,54.89467751335268,6.976035962404759e-06,7.347509934629777e-06,15210.05658802194,5000.0,50255.171838128816,1921.7288813420887,50291.90131992665
2023-08-09 16:48:01+00:00,39.9423204706053,-75.6335901429682,-1873.389286157611,40.16874850314308,-75.12743650687754,54.90225961966328,6.975576203816338e-06,7.346607623663986e-06,15230.816754927167,5000.0,50267.85412991644,1922.2325080225255,50304.59359384047
2023-08-09 16:48:02+00:00,39.94213875390275,-75.63370920383298,-1873.6363733611447,40.1683521837865,-75.12758159441411,54.92447190980431,6.9960496547435055e-06,7.350861670550276e-06,15267.047500107594,5000.0,50282.33294823551,1922.5554991810657,50319.07418032094
2023-08-09 16:48:03+00:00,39.94195711296148,-75.63384020882867,-1873.9178949658603,40.16784790721552,-75.12774671717754,55.06459051518672,7.0054850780292205e-06,7.37289542019686e-06,15308.250957662836,5000.0,50299.27033982329,1922.8654035932705,50336.01104655556
2023-08-09 16:48:04+00:00,39.94177727102346,-75.63397936423155,-1874.157469535982,40.16731586971382,-75.12791632536437,55.18870946261236,7.008211329624582e-06,7.377468650177186e-06,15342.519993563828,5000.0,50317.86802877945,1923.162424349928,50354.606508959005
2023-08-09 16:48:05+00:00,39.941595660687256,-75.63411881510953,-1874.306822772296,40.16678542822424,-75.12808181942277,55.2561897942606,7.00154807645456e-06,7.404301281172575e-06,15369.86631808373,5000.0,50337.76185833709,1923.0748196134207,50374.48248536642
2023-08-09 16:48:06+00:00,39.9414149746484,-75.63425322285025,-1874.4779033062575,40.16610236855731,-75.12825107441739,55.39351622029978,6.999557070047373e-06,7.422466390518236e-06,15373.644152282066,5000.0,50357.752760806405,1923.1837873634652,50394.46297956238
2023-08-09 16:48:07+00:00,39.9412337237605,-75.63437785420396,-1874.672574590229,40.16535720888783,-75.12840939426867,55.513275156586005,7.00612183788712e-06,7.430346093316828e-06,15396.382876340514,5000.0,50377.30111359633,1923.4337696027496,50414.006634624886
2023-08-09 16:48:08+00:00,39.94105288929546,-75.63448178675722,-1874.9901071360005,40.16441265667695,-75.12855530689203,55.676980020342754,7.0115849128233925e-06,7.4328714317972865e-06,15397.157068089951,5000.0,50395.14772480043,1923.7504757387087,50431.85233656764
2023-08-09 16:48:09+00:00,39.9408667956514,-75.63457124001283,-1875.22967088014,40.163323522766014,-75.12868389193666,55.83675016194421,7.02776856226326e-06,7.425875432385795e-06,15424.747691517194,5000.0,50411.66410852714,1923.989954482211,50448.36583612904
2023-08-09 16:48:10+00:00,39.94068060011557,-75.63464239045422,-1875.493020137476,40.16226388644259,-75.12879266216727,55.9100708185235,7.031525928190278e-06,7.431816732977909e-06,15463.199211180505,5000.0,50425.41965820456,1924.319830764034,50462.123959630495
2023-08-09 16:48:11+00:00,39.94049075398053,-75.63471455037593,-1875.7710369501049,40.161174458668825,-75.12889628041773,55.96874443816738,7.043562979406416e-06,7.443981851583329e-06,15513.009551251089,5000.0,50438.13265436416,1924.792262388908,50474.84572450507
2023-08-09 16:48:12+00:00,39.94030314858031,-75.63478798697253,-1876.1238051431092,40.16044112817576,-75.1289839468509,55.87440737627968,7.060065245857669e-06,7.453083107932216e-06,15530.342641460666,5000.0,50449.53281586742,1925.2856210065768,50486.256407677305
2023-08-09 16:48:13+00:00,39.94011647575927,-75.63486094461138,-1876.502242504914,40.15952041344125,-75.1290844902226,55.84094553395258,7.075249315666453e-06,7.453890393049134e-06,15550.34293221234,5000.0,50460.72214261548,1925.6038095141132,50497.44972952059
2023-08-09 16:48:14+00:00,39.93992143809585,-75.63500714065033,-1876.6844510521337,40.16004128512263,-75.12984470038188,56.42775160883183,7.08816366922148e-06,7.459064771407815e-06,15564.180585402124,5000.0,50478.02598263147,1925.6525475574404,50514.74284639221
2023-08-09 16:48:15+00:00,39.9397304589146,-75.63516732013099,-1876.832441971596,40.15957054835433,-75.13000268118489,56.33406498648488,7.105664278123443e-06,7.464107890084297e-06,15586.555804557072,5000.0,50496.61545979045,1925.6407126875456,50533.31836569125
2023-08-09 16:48:16+00:00,39.93954001914295,-75.6353354498819,-1876.8805633537345,40.15893582337366,-75.13018078206457,56.28744342016032,7.122411626345408e-06,7.480104528083339e-06,15643.65260782879,5000.0,50516.68289968457,1925.355236919004,50553.36036284448
2023-08-09 16:48:17+00:00,39.9393520444777,-75.63550904546008,-1877.005018328714,40.15797969503321,-75.13038296652618,56.33003609919857,7.141366414086658e-06,7.489565746350065e-06,15659.886697296915,5000.0,50538.31046330509,1925.2813629465795,50574.96942966869
2023-08-09 16:48:18+00:00,39.9391659988983,-75.63569502159388,-1877.2375035224256,40.15714470404762,-75.13058142359363,56.305994333594256,7.158447034843078e-06,7.482830590333745e-06,15704.237637567472,5000.0,50561.1772146856,1925.1325162907904,50597.81395021057
2023-08-09 16:48:19+00:00,39.93897903476784,-75.63588354176444,-1877.366033756824,40.1562721475433,-75.1307826255412,56.26903056033529,7.173893795911628e-06,7.506945146711298e-06,15711.144441572696,5000.0,50584.94056677701,1924.815774573225,50621.548059205066
2023-08-09 16:48:20+00:00,39.93879154414563,-75.63607490269861,-1877.433401721076,40.15504650062478,-75.13099369116644,56.29544153573455,7.192216032459168e-06,7.5230878534301215e-06,15752.835130052068,5000.0,50609.558583237565,1924.6857909952,50646.14334166239
2023-08-09 16:48:21+00:00,39.93860409964762,-75.63626281247434,-1877.7756142854728,40.15381002402644,-75.13119608548895,56.30112056575553,7.201994600092232e-06,7.532071877456553e-06,15788.61891778329,5000.0,50634.36244154459,1925.001647057044,50670.94128988402
2023-08-09 16:48:22+00:00,39.93841390395937,-75.63645208875693,-1878.102238332459,40.15237495908762,-75.13139468986962,56.32905018546767,7.192790330509776e-06,7.53376734546173e-06,15816.631569706336,5000.0,50659.20417494587,1925.1891322331053,50695.77221853635
2023-08-09 16:48:23+00:00,39.938223280320784,-75.63663948582558,-1878.3710890810291,40.15108173554835,-75.13158112220418,56.31121250296301,7.201289899629223e-06,7.547307794816243e-06,15825.242922879974,5000.0,50683.898018264685,1925.391051929572,50720.45592291837
2023-08-09 16:48:24+00:00,39.93803533543874,-75.63682198058136,-1878.7534335775667,40.14979700451278,-75.13175905940331,56.27456482924464,7.203820139402161e-06,7.566123152047968e-06,15883.30244451001,5000.0,50707.36345206485,1925.1867022118888,50743.89669800867
2023-08-09 16:48:25+00:00,39.93784640249321,-75.63700738435787,-1879.0278319062963,40.14818100435549,-75.13193219795203,56.2753409744934,7.208699812895897e-06,7.58407092198461e-06,15912.493574172133,5000.0,50731.60895524533,1925.0831589101429,50768.120827509934
2023-08-09 16:48:26+00:00,39.93765561509834,-75.63718781459553,-1879.132704687472,40.14651096054705,-75.13209639904086,56.27042190806244,7.219200301112726e-06,7.606598970902413e-06,15935.222543454644,5000.0,50755.67001019888,1925.0022546897892,50792.161519911344
2023-08-09 16:48:27+00:00,39.937462244747024,-75.63736244705865,-1879.40629565191,40.14499344416095,-75.13225140135563,56.227925094109935,7.232169194641957e-06,7.6125925745741e-06,15971.479606006513,5000.0,50779.50754433021,1925.1950060105828,50815.98923819015
2023-08-09 16:48:28+00:00,39.9372702953666,-75.63753398491534,-1879.6838681124975,40.14309405825517,-75.13239895099542,56.22781185039438,7.240879460163727e-06,7.628811978373564e-06,15981.469837662637,5000.0,50803.06263282086,1925.451312862319,50839.53713039215
2023-08-09 16:48:29+00:00,39.93707659387136,-75.63770285689576,-1879.8019200033584,40.14116367156306,-75.13253760407162,56.220342117641614,7.253228055655711e-06,7.631242346511937e-06,16000.505378521724,5000.0,50826.53551443411,1925.5762191740737,50862.99790786894
2023-08-09 16:48:30+00:00,39.93688043563488,-75.63786772478805,-1880.048557888884,40.13920543556398,-75.13266935409618,56.204633478209416,7.259502479464049e-06,7.634986920839032e-06,16022.187333079326,5000.0,50849.863192591685,1925.843486547082,50886.31898496852
2023-08-09 16:48:31+00:00,39.93668377005396,-75.63802748379881,-1880.3225030573972,40.137134135404736,-75.1327929771982,56.190825987984105,7.2718855649090336e-06,7.658004340736827e-06,16040.138321585406,5000.0,50872.852868702896,1926.1494177012116,50909.3037722969
2023-08-09 16:48:32+00:00,39.93648776401476,-75.63818150886152,-1880.618162945628,40.13500103605016,-75.13291099709824,56.17183127778664,7.283064731186314e-06,7.667041404433579e-06,16057.912031289836,5000.0,50895.39163446022,1926.4836932493008,50931.839050297785
2023-08-09 16:48:33+00:00,39.93629246067788,-75.63833009838638,-1880.93585741346,40.13267160513836,-75.13302246073305,56.16630469032412,7.309415849440961e-06,7.681319528085922e-06,16053.804684200762,5000.0,50917.497668142256,1926.8462221551968,50953.942979411375
2023-08-09 16:48:34+00:00,39.93609491693572,-75.6384748001787,-1881.176148814585,40.13046797852764,-75.13312909098444,56.13455263968861,7.318012271414566e-06,7.691128248397966e-06,16042.91852089726,5000.0,50939.4520186212,1927.1337022252585,50975.89250090345
2023-08-09 16:48:35+00:00,39.93589513662308,-75.63860858896615,-1881.4162813916305,40.12819918014274,-75.13323278391802,56.09728650136714,7.32434237887908e-06,7.694998257030182e-06,16050.59310191148,5000.0,50960.744313118055,1927.420310767976,50997.18041226745
2023-08-09 16:48:36+00:00,39.935698460214695,-75.63873989999183,-1881.617397624826,40.125646895357896,-75.13333551394489,56.08045841557624,7.342227796859513e-06,7.70156547041192e-06,16083.46304447194,5000.0,50981.68122645759,1927.6727327364613,51018.11190979801
2023-08-09 16:48:37+00:00,39.935499896432624,-75.63886756015097,-1881.8606118053185,40.12325346068116,-75.13343787126477,56.03624101295253,7.350668860648768e-06,7.714109994076985e-06,16103.270283959511,5000.0,51002.46410194561,1927.96862116736,51038.89112700684
2023-08-09 16:48:38+00:00,39.93530496326649,-75.63899163486191,-1882.1962768778883,40.12039868626599,-75.13354769189796,56.04045797902981,7.359303340579962e-06,7.732307190368593e-06,16134.030688075947,5000.0,51022.77854819919,1928.3603611116887,51059.20587377836
2023-08-09 16:48:39+00:00,39.93511198977996,-75.63910708717736,-1882.605755254848,40.118061191775766,-75.13365159280478,55.97676864173222,7.361527696500477e-06,7.749895773830781e-06,16168.905716709744,5000.0,51042.35577905948,1928.8214690540092,51078.78655308455
2023-08-09 16:48:40+00:00,39.934920800351385,-75.63921844097214,-1882.8240355540856,40.11535008691713,-75.13376732092856,55.94430930731208,7.381121087806809e-06,7.759763822912327e-06,16195.229030285636,5000.0,51061.53419074733,1929.089925732992,51097.96142562268
2023-08-09 16:48:41+00:00,39.93473431819648,-75.6393155539883,-1883.2040031618465,40.11261588114758,-75.13388657394526,55.900976440461,7.3976543809640756e-06,7.79132275868796e-06,16214.257298115745,5000.0,51078.74732764336,1930.7682440489525,51115.225662941775
2023-08-09 16:48:42+00:00,39.93454382387642,-75.6394003596496,-1883.6258115698815,40.109303746103045,-75.13403089332965,55.90084020308812,7.405953417023281e-06,7.806932755756749e-06,16238.21083131696,5000.0,51095.73417854855,1931.797492972039,51132.23927033459
2023-08-09 16:48:43+00:00,39.93436208786554,-75.63948508707935,-1883.903171505165,40.105817693929744,-75.13420635394358,55.92099212649244,7.426692072911205e-06,7.822185953042062e-06,16266.288397662423,5000.0,51111.565051378086,1932.4794413369689,51148.08460531483
2023-08-09 16:48:44+00:00,39.934185164297446,-75.63956260005037,-1884.22818220522,40.10333406401628,-75.13436546015468,55.83587219400758,7.44663291771939e-06,7.830061936056557e-06,16323.498608868404,5000.0,51125.62917925058,1933.1258846380715,51162.16311552998
2023-08-09 16:48:45+00:00,39.93401769162929,-75.63973503880868,-1884.380847237808,40.17284620779666,-75.12633551357712,57.76505291818375,7.466907999430013e-06,7.852084983867408e-06,16345.96312986766,5000.0,51145.85678288259,1933.4818932823343,51182.38972817495
2023-08-09 16:48:46+00:00,39.93385059754835,-75.63993099969474,-1884.3974045579,40.17268147941779,-75.12654448540113,57.99058614785288,7.47663249414306e-06,7.875854648488871e-06,16340.905334818786,5000.0,51167.44854005341,1933.7421366832973,51203.97590764021
2023-08-09 16:48:47+00:00,39.93368650105778,-75.64013787756704,-1884.4262544649537,40.172517644760354,-75.12674416551498,57.77050630607194,7.491838174767168e-06,7.880508219673233e-06,16364.095577718848,5000.0,51189.20226323579,1934.0893961904192,51225.72722899032
2023-08-09 16:48:48+00:00,39.93352514018753,-75.64035454919286,-1884.526642385464,40.17235567314568,-75.1269520919547,57.50562057495373,7.493365830720609e-06,7.876142987952252e-06,16376.605338896545,5000.0,51211.834805163286,1934.63139798656,51248.36409835351
2023-08-09 16:48:49+00:00,39.933365694731386,-75.64058271664837,-1884.775549905774,40.17219484963273,-75.12717116584675,57.293669903742455,7.486380818642868e-06,7.867904554440465e-06,16401.678259314496,5000.0,51235.884378697454,1935.3455174296496,51272.423488061184
2023-08-09 16:48:50+00:00,39.933204915623904,-75.64081002082864,-1885.0576447799035,40.1720353455067,-75.12739492407593,57.06418667753621,7.499398707682317e-06,7.869855083211074e-06,16420.082267031776,5000.0,51260.50689646741,1936.1515712152395,51297.05888439903
2023-08-09 16:48:51+00:00,39.93304412277497,-75.64104026985616,-1885.243614027249,40.17186867896076,-75.12762344755724,56.95348444001981,7.5097698827300944e-06,7.877867701673519e-06,16466.283893701177,5000.0,51286.06366382694,1936.874422938668,51322.62472497236
2023-08-09 16:48:52+00:00,39.93288428906924,-75.64126844902214,-1885.3853548570728,40.171699000984006,-75.12785226479942,56.82969822125336,7.509538841379252e-06,7.877867573101094e-06,16487.57234542814,5000.0,51311.85192716693,1937.488867618698,51348.41780724748
2023-08-09 16:48:53+00:00,39.93272698906955,-75.64149975426186,-1885.6145461997864,40.17151873511119,-75.12808300923935,56.74159300307288,7.512058712803807e-06,7.889114002862516e-06,16508.843108884954,5000.0,51338.04954867886,1938.0286725415228,51374.61714308145
2023-08-09 16:48:54+00:00,39.93257006561648,-75.64172712783727,-1885.6774897823875,40.17133322405311,-75.12831306332991,56.62808410736714,7.526047803051276e-06,7.910109116543685e-06,16522.334579854392,5000.0,51364.06596400749,1936.8518066984943,51400.57069017836
2023-08-09 16:48:55+00:00,39.93240965073485,-75.6419552673373,-1885.917481863908,40.17113203467962,-75.12854360232508,56.52874406358477,7.537686741193081e-06,7.918508361436173e-06,16608.171112746313,5000.0,51389.91566610292,1936.6499552965904,51426.39444116728
2023-08-09 16:48:56+00:00,39.93225139762618,-75.64218434764388,-1886.1049548225517,40.1709137267608,-75.12877382697658,56.43321540722384,7.535347828504301e-06,7.93062013410934e-06,16621.25387774136,5000.0,51415.73341469313,1936.5583911285944,51452.190439018654
2023-08-09 16:48:57+00:00,39.93209431074163,-75.64241500511571,-1886.4113361285108,40.170667558775,-75.12900377097274,56.35461268879025,7.54016552145598e-06,7.942392916873367e-06,16625.011092507833,5000.0,51441.61279734619,1936.7082894029145,51478.05713301866
2023-08-09 16:48:58+00:00,39.931938958973255,-75.64264191917559,-1886.5707379315852,40.17040799566747,-75.12923148207285,56.254800074674016,7.5439738774430915e-06,7.957734761159354e-06,16669.341613151784,5000.0,51467.12603878854,1936.779791728572,51503.55500986504
2023-08-09 16:48:59+00:00,39.93178137346775,-75.64287258713742,-1886.889084249427,40.17010327595899,-75.12945793375006,56.18320740134545,7.5462598755944785e-06,7.97418572273275e-06,16716.212489651753,5000.0,51493.04314230266,1937.0213956916089,51529.46287263637
2023-08-09 16:49:00+00:00,39.93162456973921,-75.64309829380326,-1887.1518785750347,40.16976277524463,-75.12968180727172,56.11584912915031,7.546945280308406e-06,7.987434307034143e-06,16715.727121356813,5000.0,51518.55935409223,1937.2408040149787,51554.96930319971
2023-08-09 16:49:01+00:00,39.93146833996448,-75.64332495931559,-1887.4523340748608,40.16937561477334,-75.12990295884842,56.06076540583144,7.560788690364781e-06,7.997045453651842e-06,16722.864540889033,5000.0,51544.11647834964,1937.5146698273295,51580.51867352122
2023-08-09 16:49:02+00:00,39.93131361824993,-75.64354961088193,-1887.7737883822103,40.16894098481059,-75.13012060086376,56.01319581542458,7.579224262675118e-06,7.996186988400864e-06,16763.47489035996,5000.0,51569.44024565907,1937.8177135888373,51605.83595623367
2023-08-09 16:49:03+00:00,39.93115605042407,-75.64377250088069,-1888.0829653183157,40.16845495840264,-75.13033467516969,55.97164092870962,7.58390410282682e-06,8.003723183446037e-06,16805.653993552034,5000.0,51594.80224473172,1938.107208244228,51631.19094330114
2023-08-09 16:49:04+00:00,39.930999351287696,-75.6439922860547,-1888.3487509399183,40.16790395721747,-75.1305451141759,55.94002266732039,7.596810404178122e-06,8.021596746965236e-06,16795.664271955935,5000.0,51619.89256984274,1938.356593017573,51656.27295115087
2023-08-09 16:49:05+00:00,39.93084273998724,-75.64421109273965,-1888.6234406414933,40.16731715896525,-75.13075085146839,55.89668977249712,7.619624045469608e-06,8.022561408370229e-06,16812.727872145406,5000.0,51644.90894156322,1938.6172085789497,51681.28148821152
2023-08-09 16:49:06+00:00,39.93068624036575,-75.64442413862966,-1888.870972732302,40.16666462262264,-75.1309527088306,55.86099683733662,7.626443456567141e-06,8.03250072527277e-06,16805.546220335807,5000.0,51669.499976537416,1938.858013431737,51705.8642536961
2023-08-09 16:49:07+00:00,39.93053231163006,-75.644635943753,-1889.246678991009,40.16593594096437,-75.13115042440577,55.83649698513943,7.633392061553874e-06,8.041471205555377e-06,16844.770847364096,5000.0,51693.85039850629,1939.2194135600369,51730.21110489572
2023-08-09 16:49:08+00:00,39.9303732196996,-75.64484603397234,-1889.5175215551371,40.16513721213088,-75.13134423163842,55.81738814000805,7.639845692542043e-06,8.050091540585227e-06,16851.01223639537,5000.0,51718.37887644766,1939.4745471592944,51754.73191049168
2023-08-09 16:49:09+00:00,39.930215071992215,-75.6450542018931,-1889.697220973298,40.16430081482875,-75.13153415992954,55.78843536066051,7.653344631319499e-06,8.05922482560946e-06,16870.209333904033,5000.0,51742.71269583736,1939.642946739672,51779.054953569845
2023-08-09 16:49:10+00:00,39.930054662885325,-75.64526075242304,-1889.9514163351323,40.16332825363621,-75.1317210402932,55.78431624933221,7.670168387564847e-06,8.072017722785326e-06,16901.195440214684,5000.0,51767.06048149696,1939.8857432368304,51803.39474968583
2023-08-09 16:49:11+00:00,39.92989534935895,-75.64546408630724,-1890.34346101169,40.162286707039776,-75.13190526822528,55.7785501447421,7.673625647866213e-06,8.075190890080535e-06,16926.88381167459,5000.0,51791.11062518567,1940.263547997214,51827.442175221295
2023-08-09 16:49:12+00:00,39.92973520368318,-75.64566224538575,-1890.6196265536964,40.16118427049062,-75.13208694874827,55.77031563668253,7.686799291467879e-06,8.09559906169982e-06,16945.08929702021,5000.0,51814.83530994291,1940.5264772567573,51851.16007579234
2023-08-09 16:49:13+00:00,39.92957520683345,-75.64585788738557,-1890.832182055568,40.16000243639191,-75.13226727164073,55.76291471540875,7.705489565705774e-06,8.087172889943156e-06,16969.065281894134,5000.0,51838.369863779175,1940.7279155027857,51874.68568556325
2023-08-09 16:49:14+00:00,39.92941449529079,-75.64604769407866,-1891.278068489428,40.15878427483376,-75.13244594158479,55.7424988853099,7.724401346017258e-06,8.095377307869074e-06,17009.910503513154,5000.0,51861.52273095729,1941.161709107014,51897.83857497828
2023-08-09 16:49:15+00:00,39.92925215457712,-75.64623579253922,-1891.5578963107776,40.15746104784074,-75.13262501543258,55.73132291887181,7.730306655274931e-06,8.104199376177639e-06,17042.487006724015,5000.0,51884.64661892983,1941.4261375746048,51920.95617589187
2023-08-09 16:49:16+00:00,39.92908659362913,-75.64642071182564,-1891.905022493084,40.15606431002559,-75.13280482883802,55.7224862774346,7.752419148202298e-06,8.104306163314831e-06,17053.316714781457,5000.0,51907.73012673965,1941.755989167999,51944.03587739314
2023-08-09 16:49:17+00:00,39.92892299952674,-75.6466039418734,-1892.232883212538,40.15463554368925,-75.13298542613518,55.703721444037605,7.75984732329037e-06,8.12313664124112e-06,17087.006679464797,5000.0,51930.57711433764,1942.070565984038,51966.878658540096
2023-08-09 16:49:18+00:00,39.92875930824661,-75.64678298792876,-1892.540525339764,40.15307829844551,-75.1331704058954,55.69383423015204,7.76150289367819e-06,8.129938954010966e-06,17110.280243628156,5000.0,51953.12930982551,1942.3668103620164,51989.426174073575
2023-08-09 16:49:19+00:00,39.92859221942038,-75.64696185011297,-1892.8221613070605,40.15147678508136,-75.1333578809533,55.674380825093465,7.767548332833158e-06,8.1455405252436e-06,17138.317353519258,5000.0,51975.86498057952,1942.6367398252887,52012.15605973619
2023-08-09 16:49:20+00:00,39.92842548887781,-75.64713866467369,-1893.188533172401,40.14978114560143,-75.13355121002164,55.65938286027473,7.775738327392017e-06,8.175501092253724e-06,17141.14056743568,5000.0,51998.43086593712,1942.9898544699488,52034.71939094334
2023-08-09 16:49:21+00:00,39.92825936570288,-75.6473133184804,-1893.502774666796,40.147957468493495,-75.13375340201048,55.6573320482285,7.783932591590326e-06,8.173201602412982e-06,17170.616195160805,5000.0,52020.80666973024,1943.2931796546336,52057.09091902411
2023-08-09 16:49:22+00:00,39.9280954726881,-75.64748734789666,-1893.8385958031424,40.14606040978909,-75.13396313912952,55.65958450596458,7.795928762884895e-06,8.178163726752168e-06,17183.847310482914,5000.0,52043.01072086008,1943.6144754340187,52079.291490194766
2023-08-09 16:49:23+00:00,39.92792885947571,-75.64766001696536,-1894.0751135221155,40.14407551897172,-75.13418279510952,55.66928221222553,7.79898851802609e-06,8.193430621771356e-06,17220.357885942936,5000.0,52065.27575519435,1943.834915384224,52101.54924417023
2023-08-09 16:49:24+00:00,39.92775884578202,-75.64783265974245,-1894.379442850836,40.142185188279065,-75.13440304009792,55.65328573407167,7.820093515717605e-06,8.226170228226083e-06,17231.714082414703,5000.0,52087.73916485544,1944.123655846892,52124.00779003125
2023-08-09 16:49:25+00:00,39.92759099227669,-75.64800339627948,-1894.6318489428468,40.14008685495482,-75.13464186882449,55.66475887880279,7.832212170063594e-06,8.23732638495877e-06,17257.872633625382,5000.0,52109.93835265141,1944.364616161016,52146.20052197197
2023-08-09 16:49:26+00:00,39.9274236222399,-75.64817525891073,-1894.953456847048,40.138005440863246,-75.13488723385444,55.66504023480891,7.851521922799111e-06,8.253032865677924e-06,17270.464436046936,5000.0,52132.19256808495,1944.6693169125776,52168.45062591023
2023-08-09 16:49:27+00:00,39.92725632944884,-75.64834773141115,-1895.2136532197287,40.13584094951194,-75.13514685845139,55.67120213052441,7.866649476832169e-06,8.272045866963629e-06,17297.609538295623,5000.0,52154.48819713575,1944.9186332290117,52190.740056020026
2023-08-09 16:49:28+00:00,39.92708849094153,-75.64852352878331,-1895.4918889264568,40.13353999569488,-75.13542624289946,55.69635255896843,7.878917307575678e-06,8.272830761362802e-06,17298.495940161145,5000.0,52177.057334015495,1945.181213126414,52213.303304704255
2023-08-09 16:49:29+00:00,39.92691999185513,-75.6487003742249,-1895.7508988568688,40.13109294646805,-75.13572813830389,55.74293823701529,7.891367542404446e-06,8.280455999576009e-06,17332.74779479265,5000.0,52199.74213918302,1945.4322496816324,52235.9817179241
2023-08-09 16:49:30+00:00,39.92675339476338,-75.648882974766,-1895.9915008726105,40.12885786279447,-75.13602366517979,55.75203610753925,7.909350601788397e-06,8.29142799028528e-06,17383.34426481852,5000.0,52222.73511751335,1945.660355971428,52258.96724366796
2023-08-09 16:49:31+00:00,39.92658537169782,-75.64907084479134,-1896.3621235863145,40.12632805797567,-75.13635579714067,55.80396475911234,7.919624287016432e-06,8.285380695827873e-06,17414.688688231472,5000.0,52246.19441987622,1946.0200739182023,52282.42367648613
2023-08-09 16:49:32+00:00,39.92641815432931,-75.6492587009282,-1896.6154081363245,40.1240194327527,-75.13667807823943,55.819851453805015,7.934637429328952e-06,8.30899821875133e-06,17444.957232563953,5000.0,52269.60548947215,1946.2652244041444,52305.82765188581
2023-08-09 16:49:33+00:00,39.92625084732308,-75.64944659592044,-1896.787952321281,40.12159724763335,-75.13701949269864,55.85188994953487,7.940972064219333e-06,8.315293149281873e-06,17496.969820698047,5000.0,52293.02553779522,1946.422191342741,52329.23732717165
2023-08-09 16:49:34+00:00,39.92607800752999,-75.64961402156408,-1897.138393068249,40.11901334916801,-75.13737692749174,55.88099196948008,7.95639473367737e-06,8.323757973897462e-06,17499.74657880555,5000.0,52314.82802327905,1947.0895320129164,52351.04954774963
2023-08-09 16:49:35+00:00,39.92590599279757,-75.64977870964643,-1897.379027237919,40.11502352241425,-75.13789164164537,56.12467181452288,7.955393792136431e-06,8.326904881200289e-06,17552.050344165153,5000.0,52336.36883199864,1947.1264265535208,52372.576830245634
2023-08-09 16:49:36+00:00,39.92572739686496,-75.64993921801091,-1897.6700040991225,40.11182942269854,-75.13837709493332,56.30435386934883,7.966345230052714e-06,8.32477083486782e-06,17584.32545145504,5000.0,52356.36666015605,1947.4316758628577,52392.57218332436
2023-08-09 16:49:37+00:00,39.92554826070659,-75.65009497153162,-1897.8736482002405,40.10917112487765,-75.13887095502946,56.46569121182574,7.969411077362333e-06,8.332108887954308e-06,17604.598806090464,5000.0,52374.59405417094,1947.6958978533985,52410.79680418638
2023-08-09 16:49:38+00:00,39.92537122447001,-75.65024735563846,-1898.2150175720797,40.10698875311947,-75.13936606747475,56.59381554906462,7.983441902776444e-06,8.339115646553117e-06,17654.281587717116,5000.0,52390.89773880912,1948.037077533033,52427.10190668371
2023-08-09 16:49:39+00:00,39.92519434213737,-75.65040163635696,-1898.3187138258425,40.10472355380036,-75.14000070559337,56.83251936905361,7.99649824931277e-06,8.335898240560265e-06,17659.566975923328,5000.0,52406.13410729869,1948.007892448288,52442.32667246197
2023-08-09 16:49:40+00:00,39.92501703033099,-75.65056890652647,-1898.3958896939243,40.10280064164418,-75.14067664128297,57.15410193214583,8.012453880210953e-06,8.345275488133976e-06,17709.772679358357,5000.0,52420.9104011008,1948.1350149715167,52457.097492301225
2023-08-09 16:49:41+00:00,39.92484219185345,-75.65075163216518,-1898.54474342376,40.10160635158356,-75.14120758815095,57.37225292835494,8.022864089595932e-06,8.355739929165211e-06,17736.41199766079,5000.0,52435.24695034734,1948.4004900734517,52471.434011408805
2023-08-09 16:49:42+00:00,39.924669847443,-75.65095920094572,-1898.664997906,40.10072659475664,-75.14168903986632,57.54420446166889,8.030400652161529e-06,8.374438368909218e-06,17764.07969717257,5000.0,52450.2588366504,1948.8065830558344,52486.450624230485
2023-08-09 16:49:43+00:00,39.92449807042679,-75.65118357065221,-1898.747354354768,40.100219545230736,-75.14197986720787,57.49494302929322,8.046928260692491e-06,8.387403478777037e-06,17787.95995598294,5000.0,52467.21321040431,1949.2931357002144,52503.41137292807
2023-08-09 16:49:44+00:00,39.92433215840487,-75.6514355639188,-1899.0473583947628,40.09963073718761,-75.14235754187952,57.438310810173,8.043425686268679e-06,8.390982659264685e-06,17818.621539492913,5000.0,52486.7556971762,1950.022533952579,52522.96746660437
2023-08-09 16:49:45+00:00,39.924152060967685,-75.6517211158297,-1899.0637546240523,40.172354571236106,-75.12729466141906,58.62125582920888,8.063204469100172e-06,8.386273624577558e-06,17823.29498016311,5000.0,52510.92460361667,1950.1855688931364,52547.12576801736
2023-08-09 16:49:46+00:00,39.923970083851934,-75.65201543449211,-1899.2818693198155,40.17217188290963,-75.12758440508959,58.36782050830523,8.073094450496608e-06,8.383790713272046e-06,17842.90545836422,5000.0,52537.8477427067,1950.1702370910384,52574.02979979247
2023-08-09 16:49:47+00:00,39.92378706445135,-75.65231178582567,-1899.4793258036875,40.171989882026246,-75.12788007530565,58.156893337240966,8.089115000485556e-06,8.384207510450973e-06,17848.893433217483,5000.0,52566.35029928599,1950.3619974204587,52602.5198608225
2023-08-09 16:49:48+00:00,39.92360880539243,-75.65261166349111,-1899.7983601029443,40.171808768845565,-75.1281788884467,57.94813518590233,8.108979567476732e-06,8.39691636639269e-06,17874.47469348632,5000.0,52595.1600672349,1950.4902405423825,52631.31458244713
2023-08-09 16:49:49+00:00,39.923428451832834,-75.65290341543127,-1900.04183154412,40.1716256638668,-75.12847596356366,57.7906933540084,8.133317671772959e-06,8.419230256212877e-06,17933.606448180344,5000.0,52623.9789822734,1950.5189191112495,52660.114773712405
2023-08-09 16:49:50+00:00,39.923247230215765,-75.65319184281293,-1900.3004088075256,40.17143470115491,-75.12876994265555,57.76003446771816,8.149350487424198e-06,8.431035973974204e-06,17961.741117671423,5000.0,52652.44094594291,1950.5358986617437,52688.557845683856
2023-08-09 16:49:51+00:00,39.92306816679013,-75.65347563804457,-1900.553865714804,40.171239766581216,-75.12906004749645,57.69241893555255,8.154686083408625e-06,8.433336164048443e-06,17966.07827400489,5000.0,52679.74224936697,1950.738014769775,52715.84792320055
2023-08-09 16:49:52+00:00,39.9228865501389,-75.65376695716488,-1900.972770474692,40.17104354762683,-75.12934955134553,57.527564052664005,8.171808126016107e-06,8.448679859353496e-06,17966.225929394095,5000.0,52707.40956629637,1951.286665407904,52743.51659531158
2023-08-09 16:49:53+00:00,39.922712476405046,-75.65410442657767,-1901.3306678576992,40.17088340117672,-75.12979845228128,57.14293780047062,8.162367172706792e-06,8.455472950383434e-06,18003.57650898412,5000.0,52737.195515662905,1951.8118779210963,52773.3015876783
2023-08-09 16:49:54+00:00,39.922541663795066,-75.65445283006684,-1901.810759921753,40.17069132631422,-75.13014158428648,56.76836209233517,8.164750216034005e-06,8.47910209264577e-06,18043.22833102692,5000.0,52767.66122616148,1952.3820046707951,52803.7675433402
2023-08-09 16:49:55+00:00,39.92237516041244,-75.65481524814346,-1902.3279705095488,40.17047494616585,-75.13049706883751,56.41496813543774,8.185627635618752e-06,8.498039773567404e-06,18037.93354597265,5000.0,52799.66772773799,1953.1455221258395,52835.78039160713
2023-08-09 16:49:56+00:00,39.92221268831155,-75.65518934864969,-1902.9730786668256,40.1702312566961,-75.13086201920186,56.06643394253437,8.189277235327672e-06,8.511105758982916e-06,18037.713679414428,5000.0,52833.51170661315,1953.832483878493,52869.62663597964
2023-08-09 16:49:57+00:00,39.92205324079496,-75.65557794171099,-1903.461037950996,40.16995344298722,-75.13123601742969,55.72649374446878,8.190213043024387e-06,8.525348121702098e-06,18076.90625415906,5000.0,52868.94037406066,1954.411174918504,52905.0524932792
2023-08-09 16:49:58+00:00,39.92189229737355,-75.65597148385099,-1904.0989174865888,40.16962911583553,-75.13161193822928,55.42436678422015,8.208210029619656e-06,8.537922426867231e-06,18118.666813198757,5000.0,52905.5624455541,1955.0781392739268,52941.67421050349
2023-08-09 16:49:59+00:00,39.921730783937605,-75.65636658576574,-1904.6301774566716,40.16918517464856,-75.13197086208665,55.29307612045542,8.219336108592713e-06,8.54216129760688e-06,18149.230998400744,5000.0,52943.45948920804,1955.6170332085603,52979.565312165294
2023-08-09 16:50:00+00:00,39.92156962605178,-75.65675436253953,-1905.2105629631328,40.168667728206856,-75.13230994016739,55.25579059021288,8.216019709948013e-06,8.559609149101876e-06,18189.20603962739,5000.0,52981.338092004975,1956.2182032206488,53017.44029730169
2023-08-09 16:50:01+00:00,39.92140678145957,-75.65714110972168,-1905.736860772825,40.16809986347422,-75.13263045476654,55.27932671531908,8.216906674291207e-06,8.563349939696975e-06,18208.44116382674,5000.0,53019.07606902972,1956.5796719212144,53055.16592402793
2023-08-09 16:50:02+00:00,39.92124373435384,-75.65752009842686,-1906.3317861102253,40.16752277976133,-75.13293885226426,55.309838225002,8.22075415175227e-06,8.577176752075821e-06,18211.1539729829,5000.0,53056.25171768568,1957.095277167529,53092.33530609043
2023-08-09 16:50:03+00:00,39.92107684459074,-75.65789284585654,-1906.741089100215,40.1668866353746,-75.13322783893646,55.40443023873025,8.236320521027246e-06,8.582516189128137e-06,18231.1544923936,5000.0,53092.753655362045,1957.4312379312769,53128.824829467
2023-08-09 16:50:04+00:00,39.92090725246804,-75.65826060608886,-1907.200863550123,40.16622043174058,-75.13350228647971,55.52732690432411,8.249515887509154e-06,8.579741426132327e-06,18243.72662403776,5000.0,53129.21399113418,1957.7472711673329,53165.27206451116
2023-08-09 16:50:05+00:00,39.92073670089145,-75.6586193656892,-1907.4759044290251,40.16555264314843,-75.13376925216241,55.64152265292853,8.251630186906517e-06,8.586857818183555e-06,18249.774894691585,5000.0,53165.130733635706,1957.9554737532685,53201.1721258261
2023-08-09 16:50:06+00:00,39.92056253991242,-75.6589686018068,-1907.7452312339287,40.16486264897499,-75.13402630623044,55.76429457827859,8.256002325344583e-06,8.59544026359398e-06,18289.21520776233,5000.0,53200.62336039415,1958.162781107947,53236.648348781615
2023-08-09 16:50:07+00:00,39.920387152255,-75.65931043790536,-1908.0307679361515,40.164182688115815,-75.13428038868832,55.8630422980965,8.2625793225638e-06,8.597303026560468e-06,18311.99662821203,5000.0,53235.66819503757,1958.4202924202968,53271.67895058215
2023-08-09 16:50:08+00:00,39.92021069124091,-75.65964444063718,-1908.3050076678196,40.16349776901705,-75.13452994465716,55.94539034769187,8.264525406433888e-06,8.593552937140086e-06,18311.881569176418,5000.0,53270.215339075774,1958.6815711205263,53306.21235623997
2023-08-09 16:50:09+00:00,39.92003037233759,-75.65997319127689,-1908.5816324183625,40.16281523831184,-75.13477706858853,56.004005682292366,8.268396716289495e-06,8.594765365677366e-06,18357.841004727623,5000.0,53304.61134315148,1958.9456085170173,53340.59484427935
2023-08-09 16:50:10+00:00,39.91984452408445,-75.66029527233763,-1908.867101258531,40.16207632966243,-75.13501446549392,56.07329608504672,8.276699837672017e-06,8.607260163253454e-06,18342.323505568573,5000.0,53338.85087144835,1959.220721130505,53374.82138724881
2023-08-09 16:50:11+00:00,39.91965939375389,-75.66060900773185,-1909.1454407632411,40.16138815671099,-75.13525688811742,56.08908831868745,8.277420050196485e-06,8.617243252129457e-06,18332.780074647824,5000.0,53372.44305973419,1959.4866302315456,53408.4007064303
2023-08-09 16:50:12+00:00,39.91947289041595,-75.66091729750336,-1909.410051231412,40.16061621975116,-75.13548903697034,56.11998576517468,8.299421536403163e-06,8.62577948767015e-06,18342.738719317676,5000.0,53405.72218875255,1959.7381301428395,53441.66666601026
2023-08-09 16:50:13+00:00,39.91929114428493,-75.66121571613252,-1909.5235895741605,40.15979043867239,-75.13571504638068,56.14815225044387,8.305662655404721e-06,8.6428844410349e-06,18388.19251274345,5000.0,53438.008412055104,1959.84130399281,53473.93496820398
2023-08-09 16:50:14+00:00,39.91910149551551,-75.66151062989553,-1909.9165390018395,40.15892703506693,-75.13593854724708,56.16495883640707,8.30656563711095e-06,8.668554620725213e-06,18402.898457578416,5000.0,53470.50514556945,1960.2211035001928,53506.42379469008
2023-08-09 16:50:15+00:00,39.91890954453447,-75.66179559930748,-1910.1634000931783,40.15790115592333,-75.13614889340897,56.21350359711207,8.323645282197884e-06,8.677607768858924e-06,18399.602982311324,5000.0,53502.41705883556,1960.457280323487,53538.32294614347
2023-08-09 16:50:16+00:00,39.91871809142256,-75.66207511603838,-1910.498707838628,40.15684461175524,-75.1363578656946,56.2395950865566,8.330733122997837e-06,8.686462250118341e-06,18420.49226375633,5000.0,53533.90580972924,1960.7828603871117,53569.80250729463
2023-08-09 16:50:17+00:00,39.91852335246989,-75.66234745562448,-1910.8046820254644,40.15570720291255,-75.13656308227881,56.25832097421855,8.330155301012896e-06,8.686237620800055e-06,18441.184700256454,5000.0,53565.06992235472,1961.082181140429,53600.956699558425
2023-08-09 16:50:18+00:00,39.9183278217442,-75.66261314120297,-1911.05330836912,40.15448236191733,-75.13676578190595,56.271366101504384,8.345854629627742e-06,8.68883822882126e-06,18468.52894196536,5000.0,53595.79901270258,1961.322799181128,53631.67402694604
2023-08-09 16:50:19+00:00,39.91813111434503,-75.66287363424792,-1911.285591290144,40.15318334044677,-75.13696931430034,56.27188964658903,8.364199135110159e-06,8.698983367505017e-06,18462.538546022384,5000.0,53626.221408392,1961.5430783973677,53662.08413573116
2023-08-09 16:50:20+00:00,39.91793185769184,-75.663126383022,-1911.5526858774945,40.15193668862606,-75.13717445017086,56.23240849075949,8.380369360757497e-06,8.710790895493004e-06,18496.977330299986,5000.0,53656.23616745383,1961.7976062564708,53692.08814625758
2023-08-09 16:50:21+00:00,39.91772861807532,-75.66337521986709,-1911.80829684257,40.150433727907206,-75.13737720272209,56.21933168678716,8.39241978020892e-06,8.724004435907218e-06,18542.034980355333,5000.0,53686.20282022112,1962.044974347065,53722.0438343077
2023-08-09 16:50:22+00:00,39.91752632976935,-75.6636163618902,-1912.0965348502184,40.14914597130769,-75.13758467377242,56.13663747963451,8.414604064046938e-06,8.73251518202706e-06,18601.213517804987,5000.0,53715.55708034526,1962.317380375966,53751.3884653518
2023-08-09 16:50:23+00:00,39.91732502211683,-75.66385194822577,-1912.4623536906477,40.14750500710321,-75.13779327590848,56.09363502379726,8.407099286613381e-06,8.73997452444716e-06,18648.475115989662,5000.0,53744.45417791347,1962.668884658632,53780.27913680486
2023-08-09 16:50:24+00:00,39.917121169410926,-75.66408402531438,-1912.7307750093887,40.14567811908312,-75.13800704503157,56.06135767350814,8.417963667613058e-06,8.738149944440855e-06,18639.91145627088,5000.0,53773.248778713016,1962.926281122172,53809.06395582887
2023-08-09 16:50:25+00:00,39.91691803033586,-75.66430864366895,-1913.062104621936,40.14395395526071,-75.13822490170601,55.989466614443934,8.424560113865783e-06,8.755792522628366e-06,18663.46978130074,5000.0,53801.4623800407,1963.2429376360983,53837.27033443572
2023-08-09 16:50:26+00:00,39.916716731044495,-75.66453180190197,-1913.378224218513,40.14186796385627,-75.13845509471085,55.95468492887238,8.428848546419673e-06,8.746018096417786e-06,18714.72719929574,5000.0,53829.46367487911,1963.5445189146967,53865.2640075484
2023-08-09 16:50:27+00:00,39.91651428424513,-75.6647501402058,-1913.68728727477,40.13958748342492,-75.13869866485597,55.93356972454048,8.434544507902262e-06,8.755549530824035e-06,18763.72499850398,5000.0,53857.18597651884,1963.841736596473,53892.9787233526
2023-08-09 16:50:28+00:00,39.91631075661327,-75.66496621769492,-1914.029939112352,40.13753341659907,-75.13894382047242,55.86269498316548,8.441333076735586e-06,8.780772810625854e-06,18750.040290347923,5000.0,53884.81003182561,1964.1707652621203,53920.59642623628
2023-08-09 16:50:29+00:00,39.91609690283163,-75.66528241273305,-1914.1709080716023,40.1342240181914,-75.14067320107851,56.22265717661888,8.44634279081305e-06,8.786430434757802e-06,18766.380274067185,5000.0,53920.284113710106,1964.294977921263,53956.05150178713
2023-08-09 16:50:30+00:00,39.91588394324009,-75.6656043417158,-1914.4537094749555,40.13209223657526,-75.14105583823755,56.25126726966815,8.453621104004262e-06,8.80661682830119e-06,18775.670172990656,5000.0,53956.11879641375,1964.5640287657009,53991.87223458577
2023-08-09 16:50:31+00:00,39.91567245268305,-75.6659304155093,-1914.808960680072,40.130166564962046,-75.14143961488878,56.241459944699045,8.462454130646902e-06,8.828600820470792e-06,18807.13349102015,5000.0,53992.16745279791,1964.902902725562,54027.90935866489
2023-08-09 16:50:32+00:00,39.91546043395866,-75.66625631833755,-1914.992448727408,40.12785071028654,-75.14185427218902,56.273084671115,8.492368228095238e-06,8.843880193011313e-06,18805.20318480253,5000.0,54028.23676712326,1965.0713957482435,54063.960951401976
2023-08-09 16:50:33+00:00,39.91524934133551,-75.66658924235654,-1915.251851845122,40.12557891029013,-75.14227531593144,56.29120240791782,8.504719589877126e-06,8.849754008003811e-06,18860.46038422895,5000.0,54064.75844399445,1965.3202298034507,54100.46755078133
2023-08-09 16:50:34+00:00,39.91503585308976,-75.66692853174955,-1915.505169056631,40.123417893385565,-75.14269525717745,56.28388675414981,8.514339282020652e-06,8.855636073674288e-06,18894.946469158225,5000.0,54101.88187548677,1965.5569688234884,54137.5750903826
2023-08-09 16:50:35+00:00,39.91482421843561,-75.66726869824635,-1915.664940604881,40.12085192400267,-75.14314348376679,56.31757593096688,8.526872216468677e-06,8.871019069279444e-06,18905.48267620574,5000.0,54138.96044889943,1965.7051584962103,54174.6346112056
2023-08-09 16:50:36+00:00,39.914614058357,-75.66761776446184,-1915.8701322250204,40.11811668224618,-75.14360444084915,56.365142362409856,8.5368558498908e-06,8.88755581037525e-06,18934.06675240512,5000.0,54176.59594512359,1965.903623818397,54212.25253814237
2023-08-09 16:50:37+00:00,39.91440522490393,-75.66797050538712,-1916.2022008675956,40.11569833739557,-75.14404642342878,56.36631998257763,8.557700535772288e-06,8.899533452293678e-06,18955.52049518285,5000.0,54214.41959535876,1966.2251167852305,54250.06297942425
2023-08-09 16:50:38+00:00,39.91419530968076,-75.66832647083683,-1916.3762019865728,40.113156385842814,-75.14449359670976,56.3710155931236,8.571132355613413e-06,8.898472597199066e-06,18986.610294270788,5000.0,54252.53926275953,1966.3881409830672,54288.16352372093
2023-08-09 16:50:39+00:00,39.91398893943887,-75.66868782286969,-1916.567289813835,40.11038833543908,-75.14494878725687,56.38727417406668,8.5727231955094e-06,8.90700840296992e-06,19006.15658701191,5000.0,54290.840776860656,1966.5681905204424,54326.44643915524
2023-08-09 16:50:40+00:00,39.91378032751277,-75.66905374377785,-1916.673915837379,40.107261305323085,-75.14541628054246,56.43416324515859,8.572065773639832e-06,8.904381879859194e-06,19042.906621268838,5000.0,54329.603657818414,1966.66961918334,54365.18760205519
2023-08-09 16:50:41+00:00,39.91357103155046,-75.6694215262154,-1916.913517826976,40.104503987960975,-75.14585846705589,56.43235508434624,8.58671058283554e-06,8.911540832380989e-06,19102.79849278524,5000.0,54368.54143750552,1966.9041728839727,54404.1083932736
2023-08-09 16:50:42+00:00,39.91336312279193,-75.66979267273791,-1917.2628360615815,40.101801103690846,-75.14628993306458,56.41343415808259,8.601128056412626e-06,8.935392622386339e-06,19119.38389134244,5000.0,54407.64012245472,1967.242897977072,54443.193774008025
2023-08-09 16:50:43+00:00,39.913153892125415,-75.67016647040344,-1917.46151812107,40.09858245582787,-75.14673233760422,56.43444287119863,8.613501723320439e-06,8.941181189266703e-06,19108.51517612609,5000.0,54447.00949654461,1967.4296540164755,54482.54420050813
2023-08-09 16:50:44+00:00,39.912944590684376,-75.67054229959993,-1917.8618738648763,40.095119647429854,-75.14717177822973,56.47046519232321,8.626974126209598e-06,8.952924975938696e-06,19135.22433840457,5000.0,54486.53099321984,1967.8252697216408,54522.0542163193
2023-08-09 16:50:45+00:00,39.912837597075104,-75.6708078161711,-1918.041617415996,40.17156452616846,-75.12791717825246,56.74958095933699,8.63579106643601e-06,8.956892367328662e-06,19108.36808151305,5000.0,54512.03693033716,1968.0022850403896,54547.54992928982
2023-08-09 16:50:46+00:00,39.912731788488585,-75.67106870589905,-1918.3269613021405,40.17144232746276,-75.12818141352159,56.71525791662479,8.646493165374443e-06,8.97576265482713e-06,19163.27342841248,5000.0,54537.138535724254,1968.2827797243167,54572.64531581495
2023-08-09 16:50:47+00:00,39.91262721269089,-75.67132838497908,-1918.6918997508849,40.17132241597197,-75.12844363177,56.66275120573396,8.660612017039109e-06,8.988483561051697e-06,19211.53772864944,5000.0,54562.08000167151,1968.639606973928,54597.58342647547
2023-08-09 16:50:48+00:00,39.912525195785406,-75.67158609601611,-1918.912765281926,40.17120237555505,-75.12870344867022,56.61482340640528,8.663454429924353e-06,8.996628197831961e-06,19246.851021030576,5000.0,54586.72812667919,1968.852178686355,54622.22319237388
2023-08-09 16:50:49+00:00,39.912425399122256,-75.67184082925013,-1919.0043564096677,40.17108168454142,-75.12896060279746,56.56225188302556,8.661877486143682e-06,9.00151467090466e-06,19238.43828290385,5000.0,54611.03066878176,1968.9344850421965,54646.51291448531
2023-08-09 16:50:50+00:00,39.91232440097117,-75.67209416444794,-1919.3199322509963,40.17095721113146,-75.12921482808117,56.51563580617592,8.690007406338875e-06,9.003553590319915e-06,19263.38248288341,5000.0,54635.30157553706,1969.2421904173543,54670.77915170408
2023-08-09 16:50:51+00:00,39.91222587195117,-75.6723447288666,-1919.6073255956155,40.170824983296576,-75.1294658781767,56.48391972840045,8.709253304768334e-06,9.027553583810096e-06,19304.19099665206,5000.0,54659.22776054722,1969.5244710706672,54694.69998109069
2023-08-09 16:50:52+00:00,39.91213200598165,-75.6725920424372,-1919.9465540218368,40.17067942592044,-75.1297135462906,56.47668562718684,8.717118672898189e-06,9.052146420934827e-06,19326.185788216324,5000.0,54682.64334805207,1969.859319601244,54718.112442492784
2023-08-09 16:50:53+00:00,39.91203694107289,-75.67283868694187,-1920.219305511198,40.17051728501391,-75.12995774891566,56.48237386642016,8.718283313262736e-06,9.055148946874015e-06,19331.866117896243,5000.0,54706.08213248733,1970.131700461781,54741.5458422907
2023-08-09 16:50:54+00:00,39.91194766406027,-75.67307692355278,-1920.43354909016,40.17034079288295,-75.13019847210352,56.47336752500312,8.732195973302785e-06,9.052149601747044e-06,19352.38973175083,5000.0,54728.57184374326,1970.3457387966157,54764.02869024668
2023-08-09 16:50:55+00:00,39.911854356635885,-75.67331616949778,-1920.7518288420697,40.17014027882521,-75.1304356764682,56.46999381052407,8.738952069400083e-06,9.07890775259038e-06,19369.88629917346,5000.0,54751.37165969352,1970.6631658300985,54786.82516747115
2023-08-09 16:50:56+00:00,39.91176476375087,-75.67355014569722,-1921.117025393759,40.16991747309819,-75.13066956703166,56.45916276412643,8.739881916743188e-06,9.08158929511032e-06,19389.20851237744,5000.0,54773.57156135906,1971.0262594265128,54809.02376527674
2023-08-09 16:50:57+00:00,39.91167782450537,-75.67378112305127,-1921.4473429093575,40.16967741520136,-75.13090004721352,56.423848867255295,8.753967724916129e-06,9.09744013756468e-06,19415.888767414726,5000.0,54795.39845177629,1971.3538413115907,54830.84831968753
2023-08-09 16:50:58+00:00,39.91158791226489,-75.67400956206149,-1921.6857639758405,40.169411674385294,-75.13112726459798,56.37766283309169,8.766395118629891e-06,9.116470073402272e-06,19480.06135176477,5000.0,54817.218489046856,1971.5868038267213,54852.662628179896
2023-08-09 16:50:59+00:00,39.911498947495446,-75.67423638939931,-1921.9187403588264,40.16909400330855,-75.13135217062174,56.356835861840345,8.784390533527579e-06,9.135151129290953e-06,19530.000824783838,5000.0,54838.86494058878,1971.8143372125044,54874.303273504745
2023-08-09 16:51:00+00:00,39.91141249887454,-75.67445670518795,-1922.2785698037264,40.16870679955881,-75.13157566292061,56.37199572255547,8.814169842710038e-06,9.143277164104754e-06,19556.63937463088,5000.0,54859.89202423049,1972.1747383236943,54895.329729483456
2023-08-09 16:51:01+00:00,39.91132314560296,-75.67467535475836,-1922.55291923713,40.168305353950885,-75.1317965430213,56.35717040904989,8.811903684748515e-06,9.15624447394278e-06,19588.622492921604,5000.0,54880.96912011995,1972.448244206292,54916.403047173735
2023-08-09 16:51:02+00:00,39.9112330333714,-75.67489282606903,-1922.8756936296943,40.1678828245372,-75.13201499904551,56.32291083665219,8.824691905460391e-06,9.174424705508328e-06,19630.81511030004,5000.0,54902.00628773377,1972.762362758462,54937.43792495492
2023-08-09 16:51:03+00:00,39.91114502048893,-75.67510553769097,-1923.155386824852,40.16735464466222,-75.1322347224653,56.33518745591007,8.836191400793746e-06,9.193670338611805e-06,19655.92129883808,5000.0,54922.5761197944,1973.039165151812,54958.00443231025
2023-08-09 16:51:04+00:00,39.91105628430478,-75.67531514905069,-1923.3916544469173,40.16683454190806,-75.1324515685108,56.30539540973477,8.847550129582712e-06,9.196982737965096e-06,19695.004219792045,5000.0,54942.96581499742,1973.2730886668728,54978.3893837427
2023-08-09 16:51:05+00:00,39.91096770158454,-75.67552426015716,-1923.580379543084,40.166217528622646,-75.13267072069215,56.31042269682249,8.852401625820382e-06,9.217490559732432e-06,19699.29935064549,5000.0,54963.31032991304,1973.4572090817232,54998.7274014445
2023-08-09 16:51:06+00:00,39.91087902715039,-75.67573196675265,-1923.8605941731407,40.16553756937126,-75.13289135447691,56.323262417950566,8.86158720017118e-06,9.231815824537458e-06,19749.82347537125,5000.0,54983.55748766025,1973.7375944998787,55018.97158336188
2023-08-09 16:51:07+00:00,39.910788510050565,-75.67593718079337,-1924.226808934666,40.16485913904556,-75.13311031683605,56.30993119627649,8.867994121686761e-06,9.23207005425851e-06,19747.79615113494,5000.0,55003.73403779858,1974.0989809977984,55039.14811193628
2023-08-09 16:51:08+00:00,39.91069690523757,-75.67613745749874,-1924.443513895728,40.16415657711711,-75.13332893205035,56.28591432852138,8.873615176175459e-06,9.25288138921549e-06,19757.063289660404,5000.0,55023.61614036363,1974.304505741888,55059.02479560892
2023-08-09 16:51:09+00:00,39.91060348874454,-75.67633498395529,-1924.812961139792,40.163298065040166,-75.13355285651461,56.30573565590547,8.88644532755238e-06,9.271261885344324e-06,19715.327090051476,5000.0,55043.40856898503,1974.6694995487003,55078.81758466373
2023-08-09 16:51:10+00:00,39.91050325543272,-75.67650787860713,-1925.1762466232035,40.162264282936434,-75.13377378619556,56.33224021630781,8.897340097243671e-06,9.288628221286335e-06,19741.81691372741,5000.0,55061.26944790893,1975.6906608762351,55096.70359288932
2023-08-09 16:51:11+00:00,39.91039416062805,-75.67666128459136,-1925.6692726826504,40.16072370458145,-75.13401227898308,56.504156989249935,8.918490715929991e-06,9.303540480018883e-06,19718.073434528425,5000.0,55078.007849856935,1976.29004859713,55113.45272313363
2023-08-09 16:51:12+00:00,39.91028181699431,-75.6767962681813,-1926.1841945517376,40.15937768036888,-75.13423447505791,56.55108799155601,8.917824017891328e-06,9.32393033387263e-06,19730.93827319689,5000.0,55092.20132656038,1976.8634001706048,55127.65763125797
2023-08-09 16:51:13+00:00,39.910163037049294,-75.67691530365106,-1926.645804174116,40.15800972313717,-75.1344650972404,56.58808255973041,8.93170358332866e-06,9.3273961096124e-06,19757.137202213504,5000.0,55103.96822280428,1977.22534507034,55139.42993870188
2023-08-09 16:51:14+00:00,39.91004199005468,-75.67711039644689,-1926.6720261055857,40.15854931233592,-75.13566742141154,57.80036627604242,8.94145729689666e-06,9.3350108403353e-06,19760.95978726329,5000.0,55119.57036703207,1977.325864827924,55155.02565516507
2023-08-09 16:51:15+00:00,39.9099243529918,-75.67730945445265,-1926.6424748119216,40.157998230298986,-75.1359129396881,57.93413000896351,8.961778777404162e-06,9.350212698299993e-06,19788.17308127941,5000.0,55133.37845102332,1977.2163918451656,55168.82094157844
2023-08-09 16:51:16+00:00,39.90980744927489,-75.67751233576638,-1926.8095929074004,40.15764051714969,-75.13613700869287,57.974040869461085,8.974066417837002e-06,9.37244153120862e-06,19797.035765785942,5000.0,55145.67347048619,1977.0244837255648,55181.101188022105
2023-08-09 16:51:17+00:00,39.909695260788055,-75.67773974030474,-1926.773534705217,40.15712821110863,-75.13641766729542,58.16960496614637,8.985744524540612e-06,9.379627231177056e-06,19772.065553546927,5000.0,55158.924621862265,1976.2303131529047,55194.31539289991
2023-08-09 16:51:18+00:00,39.90958532671316,-75.67798523064735,-1926.4619655982729,40.15717881923716,-75.13658411608527,58.157143669151736,8.99805503574337e-06,9.387728402683566e-06,19797.767706637587,5000.0,55173.86021415854,1975.8370890117676,55209.22733686663
2023-08-09 16:51:19+00:00,39.90946021460619,-75.67823958842311,-1926.469310120456,40.157316892759376,-75.13674808607747,58.04658750608764,8.997203112179367e-06,9.390621177972044e-06,19785.110116697324,5000.0,55191.6471833578,1975.803804678626,55227.0017245806
2023-08-09 16:51:20+00:00,39.90932005062784,-75.67848973241365,-1926.3777469765027,40.15678625134627,-75.13706396439231,58.22913767694912,9.017676408700649e-06,9.408064887006675e-06,19848.09356289832,5000.0,55212.0902090318,1975.5132499388965,55247.42127783838
2023-08-09 16:51:21+00:00,39.90915471809506,-75.67874640693302,-1926.390857911123,40.15573942766979,-75.13745467334299,58.69334416048355,9.027667655830592e-06,9.417289712314077e-06,19875.868331459464,5000.0,55235.29862431186,1975.7734863187636,55270.62415954924
2023-08-09 16:51:22+00:00,39.90897774572674,-75.67901618039681,-1926.3376330351348,40.15474997280924,-75.13782157366268,59.080190163588384,9.022056280949855e-06,9.436922505372789e-06,19868.955639648477,5000.0,55260.30328394691,1975.5332231909556,55295.60426064376
2023-08-09 16:51:23+00:00,39.90878858435544,-75.67928967608287,-1926.317939918324,40.15432665846228,-75.13809702492019,59.1942284014254,9.033656725462516e-06,9.428598987777444e-06,19899.54779829955,5000.0,55286.03457686773,1975.3907849744892,55321.31404791444
2023-08-09 16:51:24+00:00,39.908599307962,-75.67957018631532,-1926.282635503257,40.15385894042627,-75.13838107875408,59.34188857468487,9.04144422614136e-06,9.43792577808132e-06,19924.0033345684,5000.0,55313.11299355548,1975.638100563088,55348.384031895934
2023-08-09 16:51:25+00:00,39.908412030142806,-75.67985738274325,-1925.959727220094,40.15344776049011,-75.13865928007719,59.50802488167595,9.045277269626018e-06,9.442093893387848e-06,19938.32635614629,5000.0,55340.74065912041,1974.914927718745,55375.96830459716
2023-08-09 16:51:26+00:00,39.9082201881441,-75.6801490531623,-1925.641542495969,40.15324646441392,-75.13891650547592,59.69584458113113,9.061359283003473e-06,9.455887080495425e-06,19943.84015746612,5000.0,55369.51996742307,1974.4064211866876,55404.71119082641
2023-08-09 16:51:27+00:00,39.90802876262924,-75.6804450750226,-1925.2373547417624,40.153021516175066,-75.1391851109259,59.91495801013747,9.07448989181338e-06,9.452451766874471e-06,19967.811118975085,5000.0,55399.18883146241,1973.6838047128908,55434.335487538905
2023-08-09 16:51:28+00:00,39.907831207960285,-75.68074125111423,-1925.303048003278,40.15276845830106,-75.139455729334,60.03261596108477,9.08519824248037e-06,9.446561490492668e-06,19973.01955265024,5000.0,55429.83282879328,1974.0907967126525,55464.97455062641
2023-08-09 16:51:29+00:00,39.9076345581379,-75.68103840613496,-1925.203924096228,40.15238773999763,-75.1397314334062,60.105594135798405,9.08945400176306e-06,9.457633147958498e-06,19990.62108949416,5000.0,55460.97970311793,1974.254783769726,55496.10753540195
2023-08-09 16:51:30+00:00,39.90743948665556,-75.68133371065689,-1925.2976194182809,40.15188756532785,-75.14000891213172,60.140078395587,9.080301186817964e-06,9.455607030843148e-06,20039.374263741745,5000.0,55491.34857018366,1974.244159482653,55526.456812395976
2023-08-09 16:51:31+00:00,39.90724412866393,-75.68162899260989,-1925.5649321025207,40.15103527441114,-75.1402829883509,60.17521114664988,9.095961195864455e-06,9.463530670295766e-06,20085.264377009025,5000.0,55521.944083283495,1974.538556190871,55557.04345352751
2023-08-09 16:51:32+00:00,39.90705172571934,-75.68191753494702,-1925.8036271583787,40.15026480194788,-75.14054656477906,60.07403078956776,9.097629769469398e-06,9.467505405275767e-06,20127.71521262769,5000.0,55551.864984029366,1974.7147632620024,55586.95172070576
2023-08-09 16:51:33+00:00,39.90686089527278,-75.68220639800661,-1926.2045158667352,40.149594667026896,-75.14080005603753,59.84145150783088,9.107983068859067e-06,9.477290226940727e-06,20164.9637674647,5000.0,55581.21577205135,1974.8826811378651,55616.289954505126
2023-08-09 16:51:34+00:00,39.90667166253931,-75.6824923038706,-1926.643105858696,40.14907038224491,-75.14104858420765,59.50313936350119,9.112451810795318e-06,9.491265949260658e-06,20150.488573071303,5000.0,55609.78129235145,1975.0650111742725,55644.84394067006
2023-08-09 16:51:35+00:00,39.90648686190282,-75.68277820954037,-1926.98010947517,40.14815455383531,-75.14128134756292,59.23217107602668,9.132166657084697e-06,9.509007729113038e-06,20207.896648367885,5000.0,55638.60737250866,1975.228686795836,55673.65767324181
2023-08-09 16:51:36+00:00,39.90630601648082,-75.68306365922814,-1927.3689851200304,40.14721517301373,-75.1415038213307,58.95252508382889,9.132620119306724e-06,9.5277551899468e-06,20234.097604761875,5000.0,55666.84251895335,1975.3567459799096,55701.87959399432
2023-08-09 16:51:37+00:00,39.90612790510225,-75.68334629934762,-1927.3778992105265,40.14620297225991,-75.14171874116484,58.835197520462,9.134300618680103e-06,9.550432344492787e-06,20269.787602368327,5000.0,55694.95562424175,1974.9469353347693,55729.96050046731
2023-08-09 16:51:38+00:00,39.90595536272275,-75.68362491544838,-1927.600970096081,40.14552174418579,-75.14194541619395,58.7417106687255,9.144147742158875e-06,9.574950165478178e-06,20274.970825967852,5000.0,55722.91466473492,1975.340570113671,55757.91593219089
2023-08-09 16:51:39+00:00,39.90578087627809,-75.68389852167024,-1927.9088385749817,40.14469532217527,-75.1421516195171,58.56896397941553,9.157658309783868e-06,9.583308729732103e-06,20267.137095827,5000.0,55750.43451248837,1975.8904180194315,55785.43798586936
2023-08-09 16:51:40+00:00,39.90560829873681,-75.68416779481234,-1928.1467279795545,40.14375195598265,-75.14234530254453,58.407871185376834,9.18372355292245e-06,9.594039462380896e-06,20276.96951471148,5000.0,55777.29011612722,1976.1740943324287,55812.28679018388
2023-08-09 16:51:41+00:00,39.90544052290026,-75.6844328803677,-1928.406587020774,40.14274288790598,-75.142530798464,58.27149059160224,9.17725049913748e-06,9.612983174436332e-06,20336.479249171225,5000.0,55803.7657176415,1976.6395542664632,55838.76227314599
2023-08-09 16:51:42+00:00,39.90527020734703,-75.68469840263785,-1928.8515685652203,40.1417374255114,-75.14271088977104,58.00124239508333,9.186772880947364e-06,9.605791252522437e-06,20334.11719598982,5000.0,55830.15792531786,1977.0442547609236,55865.15226821831
2023-08-09 16:51:43+00:00,39.9051061019039,-75.68495989891005,-1929.295734665088,40.14016086951776,-75.14286313053239,57.76826445941558,9.197801822725829e-06,9.627358370447322e-06,20360.87891157325,5000.0,55855.9380411393,1977.301198206195,55890.92533215047
2023-08-09 16:51:44+00:00,39.90494457830204,-75.68521388219968,-1929.7864931230315,40.13813692772398,-75.14298660852181,57.618005371151874,9.207807431604916e-06,9.637596556023087e-06,20437.21573830484,5000.0,55881.18779964599,1977.3108031980885,55916.15963128859
2023-08-09 16:51:45+00:00,39.90472848137756,-75.68539455919692,-1930.0549100854687,40.1683872892693,-75.1268472610491,60.59154909451146,9.193909504177817e-06,9.658639683107375e-06,20465.84270553496,5000.0,55904.36562435767,1977.0127111811848,55939.31242982913
2023-08-09 16:51:46+00:00,39.904514774967325,-75.68558006792324,-1930.147904632216,40.1681739566217,-75.12703239284853,60.09752653961124,9.198125990332646e-06,9.673790052227848e-06,20491.494473469465,5000.0,55927.67336701733,1976.696667855294,55962.59445347839
2023-08-09 16:51:47+00:00,39.90430353089225,-75.68577463222945,-1930.225262991679,40.167962798752505,-75.12722217809818,59.64129319180111,9.204661783933557e-06,9.691063424368392e-06,20483.087392631973,5000.0,55951.55832547644,1976.367447789084,55986.45289119389
2023-08-09 16:51:48+00:00,39.90409872948501,-75.68597257306827,-1930.52632349349,40.16775796588761,-75.12741768271343,59.088211594847,9.19961005791073e-06,9.693171949366236e-06,20519.35375095653,5000.0,55975.26242093072,1976.4886965296337,56010.14649739427
2023-08-09 16:51:49+00:00,39.90389336722784,-75.68617282469319,-1930.8788567848687,40.167557652496704,-75.12761718683048,58.55824370591421,9.201584676769714e-06,9.716159859001536e-06,20546.97616512891,5000.0,55999.09547642503,1976.6847503349445,56033.97163132356
2023-08-09 16:51:50+00:00,39.90369083252917,-75.68637695803098,-1931.22514661397,40.1673552658321,-75.12781792810306,58.239892468792696,9.215103922627774e-06,9.72194821460994e-06,20632.782771154398,5000.0,56023.31510510059,1976.8432642664727,56058.181781581785
2023-08-09 16:51:51+00:00,39.90348836491897,-75.6865834484806,-1931.5856070413888,40.16715031534873,-75.1280195229488,57.97213410096133,9.216259037656511e-06,9.74359045748574e-06,20678.04144518221,5000.0,56047.7921006532,1977.144447244543,56082.65417687819
2023-08-09 16:51:52+00:00,39.903285740587,-75.686793806548,-1932.001214926855,40.16694238626159,-75.12822146634521,57.65671746584459,9.212807986050371e-06,9.766521968679158e-06,20695.939631316684,5000.0,56072.6096015516,1977.7830725244776,56107.47876540151
2023-08-09 16:51:53+00:00,39.90308041830352,-75.68700189267398,-1932.450138817895,40.16672850366047,-75.12842249664509,57.29977004738553,9.215763186036612e-06,9.776210265333955e-06,20719.349150762784,5000.0,56097.84552897598,1978.447796231704,56132.72244132886
2023-08-09 16:51:54+00:00,39.90287552329457,-75.6872075073471,-1932.782890182617,40.166510077128,-75.12862043178839,56.96659494719231,9.220263661330283e-06,9.770343808392744e-06,20761.451918278544,5000.0,56122.92863381976,1978.8636559826125,56157.80462060277
2023-08-09 16:51:55+00:00,39.90266876067346,-75.68740881676757,-1933.2086890590488,40.16628375615676,-75.12881401222899,56.68288524132929,9.217723560723984e-06,9.777163595441875e-06,20775.806459474534,5000.0,56147.80973981973,1979.3590808927925,56182.68773341222
2023-08-09 16:51:56+00:00,39.90246631170291,-75.6876092563266,-1933.651371195581,40.1660400435201,-75.12900155654529,56.44363476860727,9.216469973384434e-06,9.789863696299572e-06,20799.973111667103,5000.0,56172.3063069844,1979.9268194724957,56207.18909584561
2023-08-09 16:51:57+00:00,39.90226957198298,-75.68781467296374,-1933.948963056405,40.165785829580045,-75.12918796536619,56.23161755442954,9.20969789347811e-06,9.81315356904972e-06,20816.13504772236,5000.0,56196.40504370332,1980.2189799743403,56231.2831708882
2023-08-09 16:51:58+00:00,39.90207557538956,-75.68802008029621,-1934.2801451933717,40.16554480575476,-75.12937643888299,55.972702231321904,9.238117565537568e-06,9.83121267645596e-06,20844.22598991797,5000.0,56220.1128444195,1980.4449408708329,56254.984227204994
2023-08-09 16:51:59+00:00,39.90187294597842,-75.6882224189559,-1934.584482788548,40.16521415155109,-75.12955555881766,55.84560453806682,9.240252371319075e-06,9.843613837770744e-06,20866.4769526151,5000.0,56244.52656616849,1980.828853364795,56279.396332927696
2023-08-09 16:52:00+00:00,39.90166178764892,-75.68842044188138,-1934.9087908610456,40.16477452650053,-75.12972125423593,55.8113097947886,9.247600681500074e-06,9.857548075521666e-06,20905.478333392937,5000.0,56268.86657976317,1980.8917821989248,56303.72348631991
2023-08-09 16:52:01+00:00,39.90143868704988,-75.68861035483064,-1935.360656230779,40.16427735020726,-75.12987595995419,55.75306866910626,9.25934693191112e-06,9.865577767387648e-06,20910.0549090984,5000.0,56293.11715185629,1980.9229882423945,56327.960149094375
2023-08-09 16:52:02+00:00,39.90120694961004,-75.68879441718192,-1935.833867954277,40.16371796016965,-75.13001988448984,55.6386004540238,9.27189335206167e-06,9.856888098166344e-06,20923.47141730129,5000.0,56317.4549543193,1981.163619740734,56352.291362640855
2023-08-09 16:52:03+00:00,39.9009679319494,-75.68896615087364,-1936.4470763463391,40.1631151901821,-75.13015355348298,55.44398826886616,9.291607857000989e-06,9.85242448781117e-06,20938.88221741185,5000.0,56341.22084925408,1981.4888094688336,56376.054000670105
2023-08-09 16:52:04+00:00,39.900719130818615,-75.68913289610387,-1937.0916674800428,40.16244664024091,-75.13027678586501,55.221561701071,9.307726870935296e-06,9.864911976855062e-06,20979.41119476062,5000.0,56365.07785062613,1981.9150375153736,56399.91124392905
2023-08-09 16:52:05+00:00,39.90046118261252,-75.68929223638511,-1937.613720070522,40.161725255114845,-75.13039095047458,54.95450408523678,9.335913845083278e-06,9.873071709114578e-06,20990.888154662545,5000.0,56388.9720103852,1982.3949948440809,56423.80751335014
2023-08-09 16:52:06+00:00,39.90019758453397,-75.68944510352324,-1938.2270821224784,40.16078714286554,-75.1304949548915,54.7509634233472,9.345867922946448e-06,9.884691269178393e-06,21018.049989265583,5000.0,56412.366828160586,1982.8624143253624,56447.20431083454
2023-08-09 16:52:07+00:00,39.89992621080268,-75.68959034374141,-1939.024173404828,40.15982411031394,-75.13059635642362,54.467904717950255,9.340933306221808e-06,9.877981316138489e-06,21038.74814464503,5000.0,56435.572362796695,1983.5466109356748,56470.41955815644
2023-08-09 16:52:08+00:00,39.89965461163851,-75.68972856084545,-1939.70709412738,40.15868062740201,-75.13068782757587,54.21378686142174,9.355581933280388e-06,9.875495203283794e-06,21055.523372207863,5000.0,56458.43900748959,1984.099778526694,56493.29152291953
2023-08-09 16:52:09+00:00,39.899374791078046,-75.68985822034273,-1940.4396669041705,40.15748021380121,-75.13077702945374,53.96711777150212,9.3891991272716e-06,9.878309934391322e-06,21057.05260538255,5000.0,56480.92983985591,1984.7064536726264,56515.78978729728
2023-08-09 16:52:10+00:00,39.89909609899197,-75.68998201906294,-1941.2263376640285,40.15610606812448,-75.13086237429565,53.78972581379729,9.41697558479352e-06,9.890931045485771e-06,21093.72794454968,5000.0,56502.77127135925,1985.1823814910915,56537.63446087325
2023-08-09 16:52:11+00:00,39.89882205568729,-75.6901016770978,-1942.016856658944,40.154776067220034,-75.13094937446054,53.61274078490212,9.419482137896716e-06,9.895498076641926e-06,21164.713788939443,5000.0,56523.91902480391,1985.8687153450303,56558.79327281634
2023-08-09 16:52:12+00:00,39.89855191760312,-75.69021470916196,-1942.8144501447448,40.15356038080453,-75.13103830586566,53.45666356465618,9.431504693709964e-06,9.914935537614376e-06,21197.87677702378,5000.0,56544.3475519818,1986.691123915137,56579.23807989246
2023-08-09 16:52:13+00:00,39.898295294082274,-75.69032340493382,-1943.5077067397783,40.152232382827926,-75.13113467858508,53.4937915085064,9.441594252687704e-06,9.910883048020004e-06,21201.12843489884,5000.0,56563.7853127472,1987.4193704692664,56598.689425292105
2023-08-09 16:52:14+00:00,39.8980436999593,-75.69042472600881,-1944.1801987280032,40.15094764880937,-75.13123436085777,53.60335458859249,9.453496336917485e-06,9.925556211375153e-06,21204.70392128917,5000.0,56582.60249774111,1988.075997264996,56617.5180627717
2023-08-09 16:52:15+00:00,39.897803016640935,-75.69051825271367,-1944.7853320809857,40.14971846737712,-75.13133153929783,53.73589381523202,9.46101463460044e-06,9.925164903314391e-06,21239.701695732718,5000.0,56600.16425053785,1988.5200456594728,56635.08457802329
2023-08-09 16:52:16+00:00,39.89756973803904,-75.69060385614891,-1945.332733145106,40.14853261443371,-75.13143075562529,53.878335333437605,9.476737381901924e-06,9.920706942364875e-06,21252.07683052972,5000.0,56616.62455285749,1989.0104681977816,56651.551950514346
2023-08-09 16:52:17+00:00,39.89734443700809,-75.69068098961598,-1945.9618858254685,40.14746323921329,-75.13152482753937,53.932906823682735,9.482577760211088e-06,9.931176168215998e-06,21251.450542259747,5000.0,56632.01128858508,1989.467433752712,56666.94524376968
2023-08-09 16:52:18+00:00,39.89712149889222,-75.69074784468856,-1946.62933883526,40.14652024726594,-75.13160959363474,53.87445216149508,9.507569470603888e-06,9.928602908501e-06,21263.86773430974,5000.0,56646.39508783766,1989.896293962766,56681.33523222725
2023-08-09 16:52:19+00:00,39.896902482804194,-75.69080126638866,-1947.390820423277,40.14562911819854,-75.13169135352138,53.763822776599135,9.51236742680268e-06,9.928038179225112e-06,21319.58215744765,5000.0,56659.61782504883,1990.465254891551,56694.56979298389
2023-08-09 16:52:20+00:00,39.8966893449155,-75.69084995665276,-1948.176748159547,40.14481471793109,-75.1317652020504,53.50770302662936,9.515763560619597e-06,9.927386940830368e-06,21341.368655740574,5000.0,56672.03462450873,1991.1217887291657,56707.00198792974
2023-08-09 16:52:21+00:00,39.89648132898896,-75.69088969638395,-1949.1018350514576,40.144124147283456,-75.13182556448841,53.08935903978178,9.52239616454855e-06,9.921997497435304e-06,21369.05128223833,5000.0,56683.29004916616,1991.9937935920443,56718.28109235688
2023-08-09 16:52:22+00:00,39.896281709549584,-75.69092036960222,-1950.08379047796,40.14338081016774,-75.13191542153207,52.7299159128636,9.537910144306087e-06,9.928532291153465e-06,21419.7068928846,5000.0,56693.33214325791,1992.8314393312692,56728.346412101135
2023-08-09 16:52:23+00:00,39.89608684650695,-75.69094542599001,-1950.8949610311383,40.14273487790302,-75.13196999862672,52.35240540231369,9.55347485989844e-06,9.934776727802595e-06,21423.130644140278,5000.0,56702.83975120144,1993.353573527064,56737.86649425164
2023-08-09 16:52:24+00:00,39.89589805614271,-75.69096404508527,-1951.7437341600016,40.142077281897606,-75.13204977923904,52.05178899174011,9.572035405436913e-06,9.953528640057311e-06,21433.10022629153,5000.0,56711.42786194064,1993.621079986638,56746.45870140853
2023-08-09 16:52:25+00:00,39.895716128044185,-75.69096954754036,-1952.6762021814932,40.14147331417338,-75.1321145608715,51.62560713512889,9.570311251648732e-06,9.960024098094e-06,21459.839221976406,5000.0,56718.8387990621,1993.9175301343455,56753.87547851662
2023-08-09 16:52:26+00:00,39.89555218006688,-75.69095173141565,-1953.5624700886135,40.14092007013748,-75.13214442301071,51.12353373177993,9.581587371745262e-06,9.961944944414644e-06,21479.01859112391,5000.0,56723.47094759884,1994.2029839279123,56758.51479632106
2023-08-09 16:52:27+00:00,39.8954153266595,-75.69091412375087,-1954.28615310412,40.14033109851584,-75.13217817057263,50.72433149831455,9.592605333782791e-06,9.965770917895688e-06,21508.8762571588,5000.0,56724.8837431231,1994.3770494334235,56759.93283546183
2023-08-09 16:52:28+00:00,39.895299907946935,-75.69085703353721,-1955.022288542909,40.13967284527599,-75.13224353190515,50.36700206108275,9.60497121593591e-06,9.964752804132613e-06,21539.98994956908,5000.0,56722.22507202827,1994.537240831108,56757.2814353092
2023-08-09 16:52:29+00:00,39.895212036803,-75.69079897521685,-1955.5971258854609,40.13876131871814,-75.13243444691732,50.18724478413271,9.61434978686945e-06,9.972992948400047e-06,21577.726650400728,5000.0,56715.9740693728,1994.7539813782828,56751.04191188029
2023-08-09 16:52:30+00:00,39.89510061352473,-75.69083939015651,-1955.6887530906,40.13942277762069,-75.13414643299413,51.350055367905085,9.629189481209184e-06,9.97679613839656e-06,21566.03910478449,5000.0,56716.37512947818,1994.3612102729787,56751.42892002573
2023-08-09 16:52:31+00:00,39.895010460860064,-75.69088238155484,-1955.7198021622853,40.13888186705172,-75.13430788951904,51.50759540440756,9.629891491562926e-06,9.991225927348386e-06,21563.19109872377,5000.0,56714.40455427821,1994.116967500972,56749.450979074754
2023-08-09 16:52:32+00:00,39.89493318818289,-75.69093865813576,-1955.46581085766,40.138434778596654,-75.134449408492,51.697993884027085,9.643160671306938e-06,9.988101465960291e-06,21604.49008139493,5000.0,56711.93734480582,1994.0212809622856,56746.98193093718
2023-08-09 16:52:33+00:00,39.89486995710882,-75.69100473818455,-1955.1920357033496,40.13830293359494,-75.1344932074835,51.88638959687791,9.644541323974449e-06,9.999929257356216e-06,21621.408092659905,5000.0,56708.93108544258,1993.7701898097184,56743.96870525756
2023-08-09 16:52:34+00:00,39.89481763196089,-75.69108265093885,-1954.7864256485127,40.13835166181831,-75.13450579408713,52.16438574494299,9.641948053847853e-06,1.0014658828266212e-05,21627.08735469382,5000.0,56706.36135332717,1992.629290647392,56741.36048266787
2023-08-09 16:52:35+00:00,39.89477338349465,-75.69117255823681,-1954.292523210436,40.13879888768555,-75.13443096272987,52.410572673685714,9.640068444661476e-06,1.0041960277662374e-05,21643.09530193549,5000.0,56705.29669419144,1991.7759038468075,56740.26651706373
2023-08-09 16:52:36+00:00,39.8947371553318,-75.69127715598978,-1953.721491156712,40.13988568359121,-75.13423848818915,52.52342329213092,9.65241865323706e-06,1.0054267167182182e-05,21673.393810271733,5000.0,56706.16283505493,1991.057683519074,56741.10691707437
2023-08-09 16:52:37+00:00,39.8947050430647,-75.69139694710609,-1953.189692636372,40.1413833944825,-75.13403241013998,52.53896970620727,9.662614799691242e-06,1.0070929155699108e-05,21708.02343859033,5000.0,56709.69949784987,1990.302162543616,56744.61489722756
2023-08-09 16:52:38+00:00,39.89467496123696,-75.69153308167253,-1952.3540404720063,40.14334814509345,-75.13383912619616,52.48276362341678,9.664102404918066e-06,1.0089969002989073e-05,21726.743082839435,5000.0,56716.99825389964,1989.0183691207328,56751.86415445359
2023-08-09 16:52:39+00:00,39.89463780410111,-75.69168783826521,-1951.788506108153,40.14549390904569,-75.13372886221063,52.49233252576928,9.687807843912986e-06,1.0093293651700171e-05,21736.032287097703,5000.0,56729.17848848368,1988.0120067540524,56764.001653488434
2023-08-09 16:52:40+00:00,39.89458840639368,-75.69185631961773,-1951.408310091467,40.1480898715919,-75.1336806269701,52.42186240805584,9.705358496650146e-06,1.0084587966465853e-05,21715.773526926187,5000.0,56745.96640553245,1986.8127621205283,56780.73729927732
2023-08-09 16:52:41+00:00,39.89452065727671,-75.69203992757396,-1951.1067604464213,40.151605237000666,-75.13368404760702,52.10359406038405,9.707109965834018e-06,1.0091565340134052e-05,21765.68086417951,5000.0,56769.22885092591,1985.606914725,56803.9433415375
2023-08-09 16:52:42+00:00,39.89443037783133,-75.6922299715513,-1951.0086843474944,40.15537376907289,-75.13379255021044,51.66600738054376,9.724631602500864e-06,1.011225407845482e-05,21810.091919681552,5000.0,56796.54413167092,1985.2764023850168,56831.23039047025
2023-08-09 16:52:43+00:00,39.89431663485304,-75.69242286638955,-1951.2667964788168,40.15931879101072,-75.13399252848117,51.03555823434397,9.732217637901164e-06,1.0109193409051664e-05,21838.48663858548,5000.0,56828.40025239671,1984.7358495616752,56863.04820917656
2023-08-09 16:52:44+00:00,39.89417385470029,-75.6926140057962,-1951.70526021218,40.16251245697621,-75.13425209448901,50.26050995463039,9.7354445033087e-06,1.0129556044647346e-05,21823.27757019225,5000.0,56863.48062251111,1984.86228970468,56898.11162785447
2023-08-09 16:52:45+00:00,39.89410071130035,-75.69269421744617,-1951.892025087388,40.16465389616484,-75.12566991308972,50.93848663057061,9.728349237854636e-06,1.0139215904859731e-05,21878.782191922888,5000.0,56887.27858010528,1984.5358684735552,56921.88372553883
2023-08-09 16:52:46+00:00,39.89401828137406,-75.69277517566391,-1952.3450119068088,40.16457826688361,-75.1257538075966,50.074883363869134,9.721069926169724e-06,1.0134759478360149e-05,21929.801709408763,5000.0,56911.57965189102,1984.390361089702,56946.16495936071
2023-08-09 16:52:47+00:00,39.8939217122322,-75.69285231428762,-1952.942673031518,40.16448895715412,-75.12583554922426,49.16887160115392,9.723801415706394e-06,1.0141455483836376e-05,21965.56456980908,5000.0,56936.29900848979,1984.5015164080053,56970.873181414216
2023-08-09 16:52:48+00:00,39.89381743181925,-75.69292486033277,-1953.7261723449312,40.164388786721446,-75.12591228198451,48.388377868204486,9.736817713087016e-06,1.0138299740964835e-05,22011.550801447185,5000.0,56959.48704296706,1984.236009897898,56994.03790521345
2023-08-09 16:52:49+00:00,39.893706447019305,-75.69299778331963,-1954.5423221355352,40.16428131125998,-75.12598292743684,47.71086428251398,9.741292507313109e-06,1.0164895789191105e-05,22025.87959926433,5000.0,56983.684129603695,1984.734356629116,57018.237674000695
2023-08-09 16:52:50+00:00,39.89359118076964,-75.69306442395069,-1955.3750696795173,40.16416867294505,-75.12604785300364,47.17576553866784,9.764101166191078e-06,1.0161460886972306e-05,22052.356116928186,5000.0,57008.7405858471,1985.9673341111643,57043.321865373226
2023-08-09 16:52:51+00:00,39.89346929202992,-75.69312656658273,-1956.260712472899,40.164050882253534,-75.12610678616113,46.80829480346482,9.786159997123529e-06,1.0153271422243251e-05,22061.22709016593,5000.0,57032.20675420504,1987.2695926518795,57066.81914815535
2023-08-09 16:52:52+00:00,39.89334034513915,-75.69318737061887,-1957.0431469058813,40.163924937354885,-75.12616243424934,46.44157045917139,9.793821993767489e-06,1.01844242815654e-05,22079.99254778515,5000.0,57056.60287309665,1987.223637634537,57091.19887692178
2023-08-09 16:52:53+00:00,39.89321068675889,-75.69324232826125,-1957.8541849734188,40.16378850150842,-75.12621356117546,46.173593135076736,9.820503959314964e-06,1.0202877761992664e-05,22085.802174635657,5000.0,57080.46301333166,1987.9390814275496,57115.0694616385
2023-08-09 16:52:54+00:00,39.89307656342568,-75.69329169941527,-1958.6211348504496,40.16363933123977,-75.12626128511093,46.01624509244994,9.835954146755967e-06,1.0220484677174118e-05,22107.281591021627,5000.0,57104.30601021936,1988.8860590150537,57138.93097236348
2023-08-09 16:52:55+00:00,39.89294068754752,-75.69333815470716,-1959.516738268714,40.16347309508592,-75.12630913292362,45.871809075514335,9.831132824089134e-06,1.023394983150022e-05,22137.284247059284,5000.0,57127.41739480851,1989.982251815574,57162.06650885892
2023-08-09 16:52:56+00:00,39.89279664645956,-75.69338301904915,-1960.2775588012396,40.16327577310176,-75.1263588576182,45.781712001932846,9.82360190736471e-06,1.0241579697114026e-05,22140.734827539887,5000.0,57150.68178391348,1990.8561686708629,57185.34721981212
2023-08-09 16:52:57+00:00,39.89264788418171,-75.69341933069207,-1961.0171971661816,40.16305064384921,-75.12641023811027,45.65260455891208,9.81626369718838e-06,1.024107531683521e-05,22155.751833996204,5000.0,57173.58667690455,1991.9398213110896,57208.275955085744
2023-08-09 16:52:58+00:00,39.89248572215498,-75.69344268848155,-1962.0355913417457,40.162789884853495,-75.12645778192939,45.46697224975708,9.817683923643988e-06,1.0254557901964842e-05,22217.28042479167,5000.0,57196.29338381805,1992.7483623050057,57230.997046034914
2023-08-09 16:52:59+00:00,39.89231313841762,-75.69345400220561,-1963.1229005803368,40.162494888203845,-75.12649520877868,45.14323584232773,9.829561778189594e-06,1.026310142144426e-05,22246.858836988584,5000.0,57218.79794568593,1994.1692666203471,57253.5374401719
2023-08-09 16:53:00+00:00,39.89212609897459,-75.69344711670234,-1964.336651957858,40.16214067559322,-75.1265247843125,44.76877195477604,9.83408622760198e-06,1.0273668201894364e-05,22298.55544844106,5000.0,57240.44962694559,1995.9346539098133,57275.2374821578
2023-08-09 16:53:01+00:00,39.89192938559484,-75.69342142646741,-1965.7196902352243,40.161718906283056,-75.12655039356983,44.30999665456685,9.845006697765912e-06,1.0290264934875506e-05,22314.88562199997,5000.0,57260.4464845406,1997.5760446785648,57295.2794012143
2023-08-09 16:53:02+00:00,39.891724559323904,-75.69337029984342,-1967.206072358304,40.16123189815914,-75.12657739615543,43.816848192419805,9.854955523081324e-06,1.0309623217093238e-05,22349.42011304451,5000.0,57277.89462586544,1999.5037859630936,57312.78415992217
2023-08-09 16:53:03+00:00,39.89152247600144,-75.69330142866639,-1968.7322658258968,40.16069695397141,-75.12660806385006,43.40707827506041,9.857766422007989e-06,1.03222563779778e-05,22372.68580008488,5000.0,57292.83536124584,2001.4928656206027,57327.78521294846
2023-08-09 16:53:04+00:00,39.89132011020767,-75.69322258562664,-1970.0110663935009,40.16014269099676,-75.12664907070292,43.149907721221226,9.859616369193112e-06,1.0335126953144298e-05,22355.43357869252,5000.0,57305.47350120135,2003.1541422688824,57340.4736614076
2023-08-09 16:53:05+00:00,39.891122531239965,-75.69314588522636,-1971.2298448795227,40.15955918309584,-75.12672183359543,43.12681663871593,9.868281212304724e-06,1.035593813555617e-05,22414.35964195218,5000.0,57316.13532648902,2004.133929174788,57351.16321026517
2023-08-09 16:53:06+00:00,39.89092631572967,-75.69307400433769,-1972.38649057616,40.158930845914526,-75.12683868212572,43.35682109536077,9.88699277008371e-06,1.0375423858050408e-05,22468.10452666041,5000.0,57325.99123766671,2005.1753016154023,57361.049496773056
2023-08-09 16:53:07+00:00,39.89073514708841,-75.69300298696064,-1973.4407183411856,40.1583426197995,-75.12694422280296,43.52521202634415,9.89376705814886e-06,1.0399825656718523e-05,22488.52426521706,5000.0,57335.05425708583,2006.2690276049975,57370.14521573136
2023-08-09 16:53:08+00:00,39.89054746554383,-75.69292620948336,-1974.4678619299425,40.157769095445104,-75.12703845969685,43.68207354152064,9.913304155243958e-06,1.0405178319854008e-05,22493.89691115933,5000.0,57343.82484445528,2007.383477377894,57378.94941715835
2023-08-09 16:53:09+00:00,39.89035997685768,-75.69284238719779,-1975.3992844674297,40.15721291407803,-75.12710860554215,43.70036540892022,9.911139357480956e-06,1.0430778832184956e-05,22498.576584589864,5000.0,57351.93506564376,2008.4686862555689,57387.09264492746
2023-08-09 16:53:10+00:00,39.89016916179061,-75.69274689412076,-1976.5530147252384,40.156630104427386,-75.12716714125132,43.617723435872485,9.924195533388695e-06,1.0451375170859073e-05,22535.392857369097,5000.0,57358.70764428087,2009.5845331500009,57393.900134229945
2023-08-09 16:53:11+00:00,39.88997956130724,-75.69264824524761,-1977.6441660060575,40.15598673132197,-75.12723583187541,43.59798851893138,9.941717509058416e-06,1.04727473755856e-05,22594.704307503427,5000.0,57364.61868492425,2010.6075508455929,57399.84337600825
2023-08-09 16:53:12+00:00,39.8897912681863,-75.69255597108841,-1978.6259804003253,40.155305619716096,-75.12731126588112,43.64123725903015,9.946257930903796e-06,1.0474346257653756e-05,22558.890513294376,5000.0,57370.13354273791,2011.5538180973144,57405.38800038445
2023-08-09 16:53:13+00:00,39.88960400742207,-75.69246729839247,-1979.2900828054808,40.15462145937781,-75.1273780643854,43.721869976224255,9.951836187175842e-06,1.048803159299867e-05,22594.730332280647,5000.0,57375.74392990243,2012.3041033107197,57411.02123559498
2023-08-09 16:53:14+00:00,39.889417561080776,-75.69238702955752,-1979.9421882459371,40.15394338475443,-75.12743152457203,43.83108257397985,9.954358326983314e-06,1.049696541322758e-05,22612.503623004373,5000.0,57381.95983412466,2012.883597388148,57417.253633221866
2023-08-09 16:53:15+00:00,39.8892305721842,-75.69230761722248,-1980.7004833538117,40.1532471469918,-75.12747239234247,43.901078570921705,9.969051223965444e-06,1.0504596315473538e-05,22627.09306502173,5000.0,57388.642759277136,2013.6895105536007,57423.96070628397
2023-08-09 16:53:16+00:00,39.889044324207575,-75.69222596777047,-1981.1737544341024,40.15253230048072,-75.12749558937799,43.96552766198924,9.988390983864022e-06,1.0527010604501716e-05,22632.487768947773,5000.0,57396.09888399929,2014.367917025461,57431.43603643362
2023-08-09 16:53:17+00:00,39.88885641515495,-75.69213883521873,-1981.6539507477728,40.151727075869495,-75.12752367916232,44.094298499151776,9.99698466294172e-06,1.0524126169820373e-05,22654.86257656772,5000.0,57403.73547703532,2014.833874148453,57439.08427419313
2023-08-09 16:53:18+00:00,39.88867090251605,-75.69205106694224,-1982.2192006047555,40.15083451946805,-75.12754803586456,44.20882504601023,1.0009794496756116e-05,1.0542964917854528e-05,22713.86486665637,5000.0,57411.524405036565,2015.265925747745,57446.88356439876
2023-08-09 16:53:19+00:00,39.88847744408811,-75.6919534795301,-1982.836928131081,40.14998172104646,-75.12754078334565,44.17219401354424,1.0036921229254012e-05,1.0558085339224698e-05,22710.37423326326,5000.0,57419.199128380445,2015.8098641922247,57454.57264616264
2023-08-09 16:53:20+00:00,39.8882799233929,-75.69184817925998,-1983.479318924128,40.14903145816228,-75.12753150413235,44.06044431339713,1.0048088790707864e-05,1.0590373865189184e-05,22742.455139371832,5000.0,57426.515251922574,2016.483268746176,57461.90789342475
2023-08-09 16:53:21+00:00,39.888074609749935,-75.69173745713431,-1984.33649947625,40.14795623683235,-75.12752253299455,43.92021791964828,1.0076307493829368e-05,1.0592056462278291e-05,22750.543538137543,5000.0,57434.007811714255,2017.4824139347668,57469.4309055396
2023-08-09 16:53:22+00:00,39.88786100336129,-75.69162427437979,-1985.1773518698635,40.14670737788272,-75.12753198932249,43.807545799564494,1.0084884004783034e-05,1.0610143179626951e-05,22765.487673199084,5000.0,57441.82197485428,2018.6155096684008,57477.28003626064
2023-08-09 16:53:23+00:00,39.88764100058231,-75.69150509219861,-1986.1160775655264,40.14538648776925,-75.12753290024625,43.63804397111552,1.0099013643996515e-05,1.0624900585338172e-05,22777.90227776713,5000.0,57449.62549001877,2019.4703395724048,57485.10876214663
2023-08-09 16:53:24+00:00,39.887411695388266,-75.69138399774775,-1987.026555215204,40.14383420676437,-75.12754480698688,43.51405867371511,1.012403251369974e-05,1.0625971747470393e-05,22811.91360323077,5000.0,57458.31161242307,2020.283164357856,57493.81807998579
2023-08-09 16:53:25+00:00,39.88717143674447,-75.691257907024,-1988.1467365836077,40.14208198347082,-75.12756461833312,43.397394720489096,1.014283981041802e-05,1.0647719342404336e-05,22848.39911123961,5000.0,57467.90431340937,2021.2241262068,57503.43792455836
2023-08-09 16:53:26+00:00,39.88692938652824,-75.69112710737177,-1989.2964705267575,40.14054776536727,-75.12753627083977,43.09066960978615,1.01593273986949e-05,1.0648340721554512e-05,22880.732889583865,5000.0,57477.61384582368,2022.1970765179856,57513.17565937304
2023-08-09 16:53:27+00:00,39.88668490405783,-75.69099339997913,-1990.2141656161552,40.13877074608335,-75.12752085743061,42.97246466485711,1.0173630004167406e-05,1.066047160342089e-05,22897.434193851703,5000.0,57487.75756152611,2022.774938308649,57523.33342135043
2023-08-09 16:53:28+00:00,39.88643796351656,-75.69085276666651,-1991.3229168487603,40.13709013325308,-75.12747190869776,42.78724811485477,1.0177857698833022e-05,1.0691227400190014e-05,22944.00770301471,5000.0,57497.9262298502,2023.5496720987644,57533.52304534068
2023-08-09 16:53:29+00:00,39.886187687435616,-75.69069967935123,-1992.4573360870727,40.13539817861373,-75.12740235524926,42.50905575779836,1.0190026457613924e-05,1.0718947645471302e-05,22985.70830937565,5000.0,57507.71655234243,2024.2520145229803,57543.33201408187
2023-08-09 16:53:30+00:00,39.88593868036099,-75.69051587452851,-1993.6513377854824,40.13368811477129,-75.12729422662869,42.119574832188086,1.020531585376057e-05,1.0727436656279693e-05,22997.167048078096,5000.0,57515.538145300605,2025.1081554450475,57551.17888614255
2023-08-09 16:53:31+00:00,39.88569770601932,-75.69028297276492,-1995.5018891906616,40.1320217895093,-75.12713551739873,41.41112532446007,1.0227009712973876e-05,1.0743183968235951e-05,22993.737513945078,5000.0,57519.44163138656,2026.5145784572412,57555.12945796565
2023-08-09 16:53:32+00:00,39.88547685226183,-75.68999357367537,-1997.797277643332,40.13033285986253,-75.12690646999005,40.32209253258224,1.0233192035735568e-05,1.0738553552002744e-05,23037.86942352979,5000.0,57516.576251573766,2028.728465268316,57552.343852261045
2023-08-09 16:53:33+00:00,39.88528343162132,-75.68966005237233,-2000.2933366986665,40.12851765306185,-75.12670094993275,39.222986559082464,1.025375840882412e-05,1.0757721465022609e-05,23086.850980924784,5000.0,57505.64273105482,2031.526921011544,57541.51586065936
2023-08-09 16:53:34+00:00,39.88512565358892,-75.68930008802698,-2003.114529451412,40.12672517957234,-75.12662698790442,38.30049378779427,1.0265981767728486e-05,1.0775733389159478e-05,23098.864749958517,5000.0,57486.265487704106,2034.935463185468,57522.27118310029
2023-08-09 16:53:35+00:00,39.88499865375152,-75.68893649984278,-2005.9118997466217,40.125201264812674,-75.12676067289236,37.76495521500075,1.0277796219134482e-05,1.0779678620632168e-05,23108.251684220104,5000.0,57460.36102025382,2038.1377886357063,57496.496364764425
2023-08-09 16:53:36+00:00,39.88481215205546,-75.68865923984201,-2007.115627875688,40.1259832519488,-75.12827637329704,39.69341039290277,1.02978282166448e-05,1.0786760440255627e-05,23135.14397527883,5000.0,57440.38302085835,2039.1744414567584,57476.56769489288
2023-08-09 16:53:37+00:00,39.88457726654768,-75.688441265866,-2007.3170483794336,40.127426196581794,-75.12936333939264,42.02746924014763,1.0297723553276708e-05,1.079313302330638e-05,23173.063503152574,5000.0,57424.709566752674,2039.4129404435348,57460.91257513707
2023-08-09 16:53:38+00:00,39.88431096143563,-75.6882602618243,-2006.8827690099868,40.1292971851432,-75.12992348499445,44.14691874976776,1.0293963512652192e-05,1.0788677388712707e-05,23216.531224505445,5000.0,57412.19902714319,2037.9669288535756,57448.358604362256
2023-08-09 16:53:39+00:00,39.884068016270334,-75.68808691775442,-2005.943981034222,40.12889691585238,-75.12983177586112,45.03067437803601,1.0312237073660967e-05,1.0797851624256853e-05,23220.74531187201,5000.0,57397.83794451862,2037.6223014104032,57433.99433565827
2023-08-09 16:53:40+00:00,39.88383666176763,-75.68791254842859,-2005.194050151221,40.12860286627808,-75.12966683264959,45.8971500793151,1.0310602342182593e-05,1.0800798098979154e-05,23280.065285391414,5000.0,57382.29774109286,2036.8332030408828,57418.43592039442
2023-08-09 16:53:41+00:00,39.88361291628708,-75.68773800424401,-2004.3030279966256,40.12846909229984,-75.12941580571334,46.53368324458928,1.0330773481838625e-05,1.0818123568952891e-05,23323.052197579174,5000.0,57366.03143854053,2035.6794162315784,57402.13892960165
2023-08-09 16:53:42+00:00,39.88339346489458,-75.68755462316261,-2003.41427470534,40.12848071390104,-75.12911542624877,47.048723870745455,1.0350216840228017e-05,1.0833967754666096e-05,23374.95145486349,5000.0,57349.72225004844,2034.1428507146425,57385.78551605628
2023-08-09 16:53:43+00:00,39.88317186194162,-75.68736732284593,-2002.586132208384,40.12842511243669,-75.12886111784856,47.72307408139559,1.037502203124319e-05,1.084649185373238e-05,23391.190874413493,5000.0,57333.44836595762,2033.1786613054217,57369.48768292006
2023-08-09 16:53:44+00:00,39.88295541004753,-75.68716716377725,-2001.9491667750624,40.1285432226082,-75.12856053827666,48.137529101438,1.037837916109035e-05,1.08356832955707e-05,23379.83292410374,5000.0,57316.28442569039,2032.9239089217476,57352.32549763003
2023-08-09 16:53:45+00:00,39.88283275613506,-75.6873175558596,-2001.3586887262509,40.161703141113485,-75.12149796262808,48.86811856881088,1.038336904169444e-05,1.085110230967687e-05,23393.14059154413,5000.0,57318.81917851815,2032.856669996624,57354.85627442902
2023-08-09 16:53:46+00:00,39.88270808422673,-75.6874639658637,-2000.9188992253503,40.1615809842702,-75.12164603580398,49.018117911049046,1.0391310592280764e-05,1.088436606512621e-05,23433.672226430102,5000.0,57320.76682096859,2033.0867004124304,57356.81084644828
2023-08-09 16:53:47+00:00,39.882587864302586,-75.68760517447608,-2000.4603892803093,40.16146112073568,-75.12178865088491,49.09574074843964,1.0405737801952252e-05,1.0896626514495831e-05,23482.60093647735,5000.0,57321.893277609415,2033.1707678656344,57357.93957510108
2023-08-09 16:53:48+00:00,39.88246532838441,-75.68773890739124,-1999.8718867156445,40.16134300641629,-75.12192535390389,49.19627578518408,1.0413954989955012e-05,1.0904795047032937e-05,23512.97014068103,5000.0,57322.57395461853,2033.073953125851,57358.61639267103
2023-08-09 16:53:49+00:00,39.88233958147861,-75.68787515650985,-1999.4054716116043,40.16122448672394,-75.12205989672871,49.36063024665621,1.041346243358698e-05,1.0923493191696094e-05,23542.404429395287,5000.0,57323.159710081,2033.394477965336,57359.21314183514
2023-08-09 16:53:50+00:00,39.88220847857328,-75.68801530815287,-1999.211735795772,40.16111150770304,-75.1221952411055,49.34426684780788,1.0431832397309376e-05,1.09198277953785e-05,23558.151207117226,5000.0,57323.79794963017,2034.0218403588117,57359.87322350949
2023-08-09 16:53:51+00:00,39.8820764418472,-75.68815768137557,-1998.8810961462564,40.16101465225784,-75.12233074989025,49.067729941203886,1.0425122377997804e-05,1.0944177429042135e-05,23599.93291345755,5000.0,57324.50402663863,2034.3849258769876,57360.59173271092
2023-08-09 16:53:52+00:00,39.881945906512,-75.68829515753009,-1998.783644288384,40.16088842599967,-75.12247015731374,49.20949250820195,1.0445941572870429e-05,1.0945663070471022e-05,23623.01893749112,5000.0,57324.6983221135,2034.872541918744,57360.80320204013
2023-08-09 16:53:53+00:00,39.88181425490991,-75.68843092840623,-1998.6342351684084,40.16070830744842,-75.12261164352567,49.76482487456826,1.0466612963746022e-05,1.0953692506319854e-05,23694.385559401297,5000.0,57325.48991563093,2035.080805626296,57361.60168573165
2023-08-09 16:53:54+00:00,39.881675605822025,-75.68856049961025,-1998.5594375243445,40.16053976221084,-75.12274809466771,50.154561050795465,1.0480090709727737e-05,1.096301995134048e-05,23715.24981951995,5000.0,57326.23645274119,2035.3012204405595,57362.35557308921
2023-08-09 16:53:55+00:00,39.88153223614114,-75.68868238838253,-1998.4666526471935,40.16040288409952,-75.12287570377914,50.31084021615406,1.0501035241648909e-05,1.0981592399281228e-05,23716.666626690698,5000.0,57326.08184252736,2035.4012548955425,57362.20460969553
2023-08-09 16:53:56+00:00,39.88138801345819,-75.68879991147983,-1998.417686681772,40.160267793505696,-75.12299448656894,50.407025530725456,1.0512040100031043e-05,1.0990478754433278e-05,23736.688628689782,5000.0,57325.48088631016,2035.590019697948,57361.61073030469
2023-08-09 16:53:57+00:00,39.881240043219485,-75.6889097499064,-1998.447234276076,40.16006922081312,-75.12310895051718,50.59694738129957,1.052822997869983e-05,1.1009917795343693e-05,23749.37069867798,5000.0,57324.1856500364,2035.704754359869,57360.32038166071
2023-08-09 16:53:58+00:00,39.88109023271208,-75.68901046425785,-1998.383593177521,40.15983640252156,-75.12321644678973,50.81533744785803,1.0548442388543515e-05,1.1028188796193912e-05,23762.179162817098,5000.0,57321.136838343824,2035.8639255663716,57357.27914017156
2023-08-09 16:53:59+00:00,39.8809380426992,-75.68909993113535,-1998.3261497861963,40.1595733243739,-75.12331717095215,51.05857929778045,1.0557233632473792e-05,1.1031962718401424e-05,23724.887263754463,5000.0,57316.754438712094,2036.027484094585,57352.90530830684
2023-08-09 16:54:00+00:00,39.88078204275732,-75.68918218463504,-1998.5355016009544,40.15924867060173,-75.12341402253601,51.28785297019167,1.0557951524863556e-05,1.1051727562115225e-05,23746.513852282813,5000.0,57311.414792663454,2036.7618570449367,57347.5951056279
2023-08-09 16:54:01+00:00,39.88062259945431,-75.68926106531124,-1998.4757053694411,40.15885455654645,-75.1235102907264,51.56909118397397,1.0564806429147454e-05,1.1068540821655197e-05,23767.356280256838,5000.0,57305.3106949804,2037.2566966836655,57341.51243816663
2023-08-09 16:54:02+00:00,39.88046378626341,-75.68933505291983,-1998.6045330505551,40.158520474177934,-75.12359756008333,51.75339409709657,1.0570991873993008e-05,1.1065534527519166e-05,23779.62887984279,5000.0,57297.89902890855,2037.7943545625249,57334.124559100805
2023-08-09 16:54:03+00:00,39.88030161516491,-75.68940837476222,-1998.621756053078,40.15811619038863,-75.12368803330568,51.94461568554842,1.060016174714658e-05,1.107016131814386e-05,23777.504983620216,5000.0,57290.242552582975,2038.0983656605983,57326.483728569096
2023-08-09 16:54:04+00:00,39.88014079459785,-75.68947597207756,-1998.7900404791835,40.15774567025527,-75.12377298122689,52.04768602117296,1.060496007288178e-05,1.1080705181397777e-05,23805.8579025112,5000.0,57281.72042684886,2038.464631473809,57317.98001599013
2023-08-09 16:54:05+00:00,39.87997725541719,-75.68954141306034,-1998.795271092797,40.157239785773385,-75.1238690253878,52.27039051567087,1.0608416024655402e-05,1.1089911575958305e-05,23804.4687677604,5000.0,57272.81795239796,2038.6836699398973,57309.09096569757
2023-08-09 16:54:06+00:00,39.87980844028691,-75.68960342046805,-1998.7945197899155,40.1568460901286,-75.12395198389683,52.42363607922026,1.0622686832328336e-05,1.110320850472711e-05,23799.74200279965,5000.0,57263.9351615994,2038.937796267292,57300.222840133065
2023-08-09 16:54:07+00:00,39.879639972350944,-75.68966241368877,-1998.8862913382543,40.15637685005084,-75.12404007385446,52.5671298891352,1.0632027451103096e-05,1.111132512579106e-05,23811.520310819436,5000.0,57254.39538946586,2039.3403675357076,57290.70343910913
2023-08-09 16:54:08+00:00,39.87946726089807,-75.68972679311324,-1998.806621086506,40.155625418446114,-75.12415980375604,52.9322682816856,1.064594448661383e-05,1.1130092676625589e-05,23833.52788104832,5000.0,57245.16222595944,2039.6151725157956,57281.48591236412
2023-08-09 16:54:09+00:00,39.87928997693423,-75.68979156535265,-1998.9876110279704,40.155192829812734,-75.12424571860782,53.068558750639184,1.065279086440265e-05,1.1150531917344218e-05,23814.7238699048,5000.0,57236.02273641004,2040.3200363582905,57272.37732566732
2023-08-09 16:54:10+00:00,39.87910698018285,-75.68985325274438,-1999.038679224139,40.15480407356564,-75.12432677834276,53.10894978899736,1.06692898423282e-05,1.1159916314019635e-05,23848.16656840079,5000.0,57226.95711617837,2040.7766205851108,57263.33373103634
2023-08-09 16:54:11+00:00,39.87892160424251,-75.68991447842102,-1999.089789964893,40.15438044254733,-75.12440898181032,53.14973221496534,1.0684085460277384e-05,1.118990780925064e-05,23901.543688139907,5000.0,57217.87629900877,2041.1754787938337,57254.27290171362
2023-08-09 16:54:12+00:00,39.87873361579092,-75.68997518972725,-1999.133674863938,40.15381253024053,-75.12450603559694,53.27234910173798,1.0675358838344044e-05,1.1191401573015977e-05,23910.310883689555,5000.0,57209.16361415896,2041.566958191596,57245.57971648456
2023-08-09 16:54:13+00:00,39.8785430321175,-75.6900347019982,-1999.3197958441183,40.15331290940698,-75.12459396225906,53.32512879932781,1.0683638199606298e-05,1.1206794924605544e-05,23923.3212163616,5000.0,57200.32778202253,2042.1809540432516,57236.77140981902
2023-08-09 16:54:14+00:00,39.87835008919578,-75.69009791469267,-1999.4001111521168,40.15277804136478,-75.12468489257238,53.35391859644065,1.0684775521374662e-05,1.12165850516211e-05,23942.799832260083,5000.0,57191.58502735696,2042.5077544499936,57228.04588546064
2023-08-09 16:54:15+00:00,39.87815511891413,-75.69016305228885,-1999.5482429622136,40.15216190859303,-75.12478269371837,53.42331596940012,1.0716245404019897e-05,1.1228559616722548e-05,23968.96214346528,5000.0,57183.2521156155,2042.8876156920887,57219.7318442545
2023-08-09 16:54:16+00:00,39.87796050606893,-75.69022526778676,-1999.704341200566,40.151591221103466,-75.12487268397194,53.45212932482219,1.0739642336304013e-05,1.1247161340864968e-05,23988.15996441256,5000.0,57174.7831244424,2043.184563971845,57211.27885731515
2023-08-09 16:54:17+00:00,39.87776378530593,-75.69028410709532,-1999.8914930310884,40.15110710260157,-75.12494857611294,53.39937222598974,1.076206953357621e-05,1.1253133254024726e-05,24041.069754591324,5000.0,57165.863049485735,2043.505618678104,57202.375941967024
2023-08-09 16:54:18+00:00,39.877566512738085,-75.69034457311349,-2000.122706306756,40.15035949774189,-75.12504556774942,53.46888345296608,1.0761176509580372e-05,1.1280238899983768e-05,24116.84631851324,5000.0,57157.175144271,2043.8561296257064,57193.70610785316
2023-08-09 16:54:19+00:00,39.877370379224914,-75.69040926778996,-2000.435171557483,40.14978014421504,-75.12512623974449,53.395263070572256,1.0760827247550869e-05,1.1293203706292526e-05,24158.349211143955,5000.0,57148.4149405397,2044.1906974915728,57184.963459145554
2023-08-09 16:54:20+00:00,39.87717614607836,-75.69047413897763,-2000.6143466751564,40.14920091047315,-75.12520502474658,53.2925796889671,1.0776669034907036e-05,1.1310390425572126e-05,24183.01767231985,5000.0,57139.15136066236,2044.570800563193,57175.71939184674
2023-08-09 16:54:21+00:00,39.87698783727439,-75.69054583281518,-2000.942990758153,40.14812865377156,-75.12531765113695,53.475932959597,1.0779213405951296e-05,1.13241211163963e-05,24219.03029585169,5000.0,57130.61435844322,2044.9430199914063,57167.2011640256
2023-08-09 16:54:22+00:00,39.87680884289793,-75.69061430867839,-2001.0644996941649,40.14680281705935,-75.12544024083837,53.86347590152916,1.0794931738919451e-05,1.1342683094139671e-05,24231.30806202449,5000.0,57121.4049580028,2045.1680526339912,57158.00570995861
2023-08-09 16:54:23+00:00,39.87664502767589,-75.69068659428262,-2001.2282760377016,40.14500721264437,-75.12557956395074,54.52677964176669,1.081402724123544e-05,1.135265620613554e-05,24262.656404565823,5000.0,57111.32330793874,2045.6567427723137,57147.94800772078
2023-08-09 16:54:24+00:00,39.8764961830956,-75.69075962665235,-2001.3884968661364,40.14326545028968,-75.12570584241205,55.15546798659685,1.0822770687256194e-05,1.1360465643095554e-05,24267.83547973585,5000.0,57100.70016211585,2046.3126333183288,57137.355157524886
2023-08-09 16:54:25+00:00,39.87635713014081,-75.69083834450878,-2001.4545940685489,40.14158152996995,-75.12582040268164,55.75574346097026,1.084113167335908e-05,1.1361955347892196e-05,24308.45551533301,5000.0,57089.800214084185,2046.736812643743,57126.47739940104
2023-08-09 16:54:26+00:00,39.87622585363275,-75.69091930121155,-2001.3737961222205,40.14027920953646,-75.12591687887318,56.19448865163391,1.0850995975047342e-05,1.137322749852287e-05,24385.27971146579,5000.0,57078.1660283989,2046.9103458469103,57114.85690369368
2023-08-09 16:54:27+00:00,39.87610324158562,-75.69100482215937,-2001.2389175448095,40.13903187118017,-75.12600557044414,56.59680536570557,1.0879330295134634e-05,1.136799404061241e-05,24395.11635482995,5000.0,57066.6139258236,2047.1265552857096,57103.3199743444
2023-08-09 16:54:28+00:00,39.87598435508888,-75.69108835809175,-2001.193548485828,40.13785606112228,-75.12608324226052,56.943623142631154,1.091117434766581e-05,1.1386577810893252e-05,24399.19236035048,5000.0,57055.66673884042,2047.0117663411836,57092.37570976672
2023-08-09 16:54:29+00:00,39.87587493610798,-75.69117333724708,-2001.0694339101465,40.13620174899474,-75.12615638857835,57.43908564251584,1.0926259078603968e-05,1.140125513213871e-05,24418.328630095075,5000.0,57044.188038624256,2046.571049607099,57080.88858844975
2023-08-09 16:54:30+00:00,39.8757768228262,-75.69125275129397,-2000.970616561625,40.13419979648384,-75.12621676941026,58.0091895793873,1.0937002291761914e-05,1.1387024068482582e-05,24417.40167767614,5000.0,57031.78324930553,2046.1724575301248,57068.47748382396
2023-08-09 16:54:31+00:00,39.8756848860505,-75.69132883545046,-2001.043313709304,40.13290991800872,-75.12626384799474,58.36663554916302,1.0954135479658624e-05,1.139635798483953e-05,24390.90589484376,5000.0,57019.0242059789,2046.105893241336,57055.72425908171
2023-08-09 16:54:32+00:00,39.87559513193063,-75.69140062665181,-2000.9842576265412,40.13318832290989,-75.12631097039639,58.35372640034264,1.097347363429639e-05,1.1400970594265249e-05,24420.282633577128,5000.0,57005.6850985313,2046.0492838241755,57042.39170323025
2023-08-09 16:54:33+00:00,39.87550460844039,-75.69147272635112,-2000.9541733068004,40.13386814312781,-75.12635618567593,58.24778352184859,1.098364753786364e-05,1.1425494302481432e-05,24462.404768361816,5000.0,56992.01688130176,2046.233209290994,57028.738882649246
2023-08-09 16:54:34+00:00,39.87541345108011,-75.69153699992147,-2000.9989882777927,40.13427996539813,-75.12639360440313,58.16786545763559,1.0993548212506154e-05,1.1424046589648808e-05,24486.549911598064,5000.0,56977.86627340375,2046.1314321642217,57014.59373623187
2023-08-09 16:54:35+00:00,39.8753248059774,-75.69159543046524,-2000.895541388829,40.13383709435593,-75.12642005445927,58.22877026768374,1.0998451025555491e-05,1.1439305555011208e-05,24506.81801941219,5000.0,56962.52574650752,2046.4898965173804,56999.27596310395
2023-08-09 16:54:36+00:00,39.87523788199224,-75.6916499026234,-2000.83204621956,40.13329675571267,-75.12644396985881,58.288355713386885,1.099832765213809e-05,1.1434372846379572e-05,24553.764993365745,5000.0,56946.66956028511,2046.687726697017,56983.43710815376
2023-08-09 16:54:37+00:00,39.87515040951568,-75.69170171627852,-2000.894424731474,40.132535879220576,-75.12646500899643,58.34162241569979,1.101584151382106e-05,1.1435461786260306e-05,24580.50150178746,5000.0,56930.94335597146,2046.61171093286,56967.718322714645
2023-08-09 16:54:38+00:00,39.87506524209616,-75.69175130086705,-2000.904700612876,40.13143024111434,-75.12648783558869,58.41101383355247,1.1015804731479969e-05,1.146030083458069e-05,24628.85458515086,5000.0,56914.54474204335,2046.59986511271,56951.32987211039
2023-08-09 16:54:39+00:00,39.87498243100632,-75.69180032437052,-2000.8115530904493,40.13011626313338,-75.12651327936517,58.5111791603782,1.100740491269066e-05,1.1452021191404798e-05,24653.73691718074,5000.0,56898.03029580718,2046.663839822252,56934.82839541916
2023-08-09 16:54:40+00:00,39.87490207021746,-75.69184440647193,-2000.7908458155105,40.12848241619992,-75.12654283720785,58.68180166522348,1.1034534760754651e-05,1.1468604359768638e-05,24675.69218669484,5000.0,56881.81700455788,2046.9140339358205,56918.63458308126
2023-08-09 16:54:41+00:00,39.87482209527767,-75.69187919772637,-2000.8054658450192,40.126881705205385,-75.12656942539144,58.84275954434824,1.10530872608167e-05,1.1486139280150286e-05,24687.82765081769,5000.0,56864.44040257885,2047.121688204971,56901.27669485775
2023-08-09 16:54:42+00:00,39.874742591023335,-75.69190957066289,-2000.8126333133027,40.125136757344464,-75.12659411308275,59.00144875426491,1.1070310746221727e-05,1.1498724218857968e-05,24717.07250229457,5000.0,56846.7302188622,2047.3085867866555,56883.584706184185
2023-08-09 16:54:43+00:00,39.874665756787365,-75.69193577023836,-2000.816955327544,40.122315498383415,-75.12665030875357,59.23667881490465,1.109721070507219e-05,1.1519766572499282e-05,24741.16595561377,5000.0,56828.74142795303,2047.6354970222892,56865.61934432624
2023-08-09 16:54:44+00:00,39.87459030394058,-75.69195762550348,-2000.823270395256,40.12035964024557,-75.12668677326585,59.35033392581776,1.111858408242005e-05,1.152975118778888e-05,24739.32217466125,5000.0,56809.46313256578,2047.9329387133223,56846.36427012565
2023-08-09 16:54:45+00:00,39.87444158665007,-75.69226654280683,-2000.6013584846696,40.15606448815246,-75.13634008843387,59.77631906948814,1.1131043998506638e-05,1.1542895550909664e-05,24790.76076537304,5000.0,56814.90644640513,2048.254666046521,56851.815641109904
2023-08-09 16:54:46+00:00,39.87429569513273,-75.69257791846239,-2000.6012758495908,40.15591570278317,-75.13665058860357,59.89838376848191,1.114542618346466e-05,1.154462903478162e-05,24800.009830287338,5000.0,56820.50428503129,2048.6868706018377,56857.4254174337
2023-08-09 16:54:47+00:00,39.874147423809006,-75.69288820773657,-2000.4212795747092,40.15576413088017,-75.13696277724675,60.06852133851333,1.1143777705885603e-05,1.1544096081884865e-05,24848.740547222988,5000.0,56825.60406654984,2048.876390208137,56862.52871611179
2023-08-09 16:54:48+00:00,39.87399516615668,-75.69320369038385,-2000.3040002638213,40.15560891736242,-75.13727754807076,60.3140093000819,1.1150462523796486e-05,1.1575028961043213e-05,24866.18828559497,5000.0,56831.30971849244,2048.8550770677684,56868.22989548769
2023-08-09 16:54:49+00:00,39.87384145958326,-75.69352125648867,-2000.3677512113288,40.15544959874061,-75.13759607407981,60.5524498331484,1.1169447813217088e-05,1.1587771221799104e-05,24891.51066991362,5000.0,56837.385867825535,2048.9799066928117,56874.3065974973
2023-08-09 16:54:50+00:00,39.87368360155772,-75.69384479642004,-2000.3147839144096,40.15528571335058,-75.13791910181753,60.71873399955877,1.1168350770969846e-05,1.1594135510592732e-05,24901.557768047343,5000.0,56843.94591364049,2049.0704053138056,56880.8656453013
2023-08-09 16:54:51+00:00,39.87352335387395,-75.69417546888357,-2000.431183577364,40.15510609199832,-75.13825045590977,60.91293641437929,1.1170688478480172e-05,1.1593894588557438e-05,24941.424650735906,5000.0,56851.48621169879,2049.317843024048,56888.409962844926
2023-08-09 16:54:52+00:00,39.87335682116407,-75.6945114100603,-2000.5037748919071,40.15491930611862,-75.13858676020199,60.99674580601809,1.1161760878108553e-05,1.1613642836732684e-05,24965.93439149308,5000.0,56860.16557675176,2049.4587888992432,56897.08877212455
2023-08-09 16:54:53+00:00,39.87318708145608,-75.69484527365637,-2000.748330710569,40.15472150225237,-75.13892520799148,61.02888998677078,1.1185401050211258e-05,1.162292360795209e-05,24982.544523616576,5000.0,56869.3509684486,2049.72688644851,56906.27786001836
2023-08-09 16:54:54+00:00,39.8730186910242,-75.69518122490527,-2000.983517809664,40.15449919968364,-75.13926400316593,61.06970409572646,1.1193783434885365e-05,1.162665118160087e-05,24998.228049365454,5000.0,56878.81429378719,2050.028728133912,56915.74591669079
2023-08-09 16:54:55+00:00,39.87285135439785,-75.69551572191389,-2001.2555022018928,40.15429430395645,-75.13959893391866,60.96717969735343,1.1207204858662248e-05,1.1636682998087391e-05,25010.185901985376,5000.0,56888.31026120149,2050.394336856784,56925.248891079405
2023-08-09 16:54:56+00:00,39.872683797535984,-75.69584919222484,-2001.6872741448133,40.15408419463484,-75.13993142169231,60.76006548147439,1.1226576561860198e-05,1.165524902179249e-05,25006.567827168044,5000.0,56897.59866857323,2050.8579695748545,56934.5479709938
2023-08-09 16:54:57+00:00,39.8725177650269,-75.69618012101868,-2002.0854015754376,40.153825818023954,-75.14026119863004,60.55129518491106,1.1250687728065596e-05,1.1653842937446035e-05,24991.37652535145,5000.0,56906.02990301849,2051.242620247353,56942.987589433294
2023-08-09 16:54:58+00:00,39.8723477791312,-75.69651071412879,-2002.4721397555468,40.15355063543651,-75.14058785852603,60.286687374514685,1.1244271266443267e-05,1.1670112705200345e-05,25066.858733287463,5000.0,56914.34970720453,2051.607364306912,56951.31513293833
2023-08-09 16:54:59+00:00,39.872177473623296,-75.69684086244989,-2002.877915696883,40.153246501628864,-75.14091484252155,60.01965409916399,1.1261489787806342e-05,1.167805711350236e-05,25120.311309661964,5000.0,56922.4204809943,2052.050414901815,56959.396628830415
2023-08-09 16:55:00+00:00,39.87200398233138,-75.6971730431034,-2003.4434500305836,40.15294652991424,-75.1412395804735,59.73819731235399,1.127618284344052e-05,1.1694504347018022e-05,25131.71089557122,5000.0,56930.55252919447,2052.749112603842,56967.54857108271
2023-08-09 16:55:01+00:00,39.87183031675928,-75.69750094717907,-2003.949107870601,40.1526094644906,-75.1415615990401,59.44304335245726,1.130174448170606e-05,1.170990295061002e-05,25146.264005977464,5000.0,56938.818567895374,2053.5070656651383,56975.83655530162
2023-08-09 16:55:02+00:00,39.87166018107523,-75.69783154985228,-2004.464204493516,40.152166740017286,-75.14188193812309,59.19363027127348,1.1312841820016272e-05,1.1721191477082337e-05,25189.02369143988,5000.0,56946.902562429765,2054.0141391462143,56983.93357375992
2023-08-09 16:55:03+00:00,39.87148961213303,-75.69816035868398,-2004.919934954541,40.15164767618013,-75.14219993985094,58.96476712705044,1.1330117349398307e-05,1.1731421999163397e-05,25210.47544514989,5000.0,56954.472737617216,2054.390476841429,56991.51239484103
2023-08-09 16:55:04+00:00,39.87131735977799,-75.69848763108132,-2005.333118607518,40.151115284232354,-75.14251587382542,58.74313876167094,1.1348690791627702e-05,1.1741599247329877e-05,25262.084582208485,5000.0,56962.329612363166,2054.9681640290164,56999.38498810911
2023-08-09 16:55:05+00:00,39.87114523331762,-75.69881361221121,-2005.9149651552589,40.15061958007564,-75.14282961072806,58.46819863325204,1.1361003121047329e-05,1.1749814960819996e-05,25272.905615043845,5000.0,56969.85508884415,2054.9026687128467,57006.90321199517
2023-08-09 16:55:06+00:00,39.870972478460544,-75.69913767581536,-2006.2811127602529,40.15012904201638,-75.14313849845675,58.16184841979358,1.1368024386122082e-05,1.1748485996559374e-05,25271.73533099565,5000.0,56977.02347150783,2054.773869063576,57014.06229454047
2023-08-09 16:55:07+00:00,39.870800586413424,-75.69945718050933,-2006.669688917113,40.14958701076693,-75.14344310057736,57.90109187354738,1.1374647961135973e-05,1.1745254587549356e-05,25297.09929495749,5000.0,56983.97096816404,2054.7528201753494,57021.00451984848
2023-08-09 16:55:08+00:00,39.87062753301008,-75.69977478097569,-2007.196042114232,40.14893449208199,-75.14374248470823,57.65679250764742,1.1395706004267775e-05,1.1756033579517394e-05,25308.00967154357,5000.0,56990.514746850014,2054.885768922229,57027.54883943591
2023-08-09 16:55:09+00:00,39.87045506852442,-75.70008754631877,-2007.6396024370088,40.1483440933257,-75.14403729982375,57.328587865286494,1.1417867844942208e-05,1.1763409927957572e-05,25330.613574504976,5000.0,56996.13449976049,2055.071802931656,57033.17164624455
2023-08-09 16:55:10+00:00,39.87028171635489,-75.70040189717241,-2008.1523619509485,40.14785284564532,-75.14433211050729,56.95755187110725,1.1428532165477266e-05,1.178036231851513e-05,25372.127430634115,5000.0,57002.2180390225,2055.2312780813463,57039.25698126393
2023-08-09 16:55:11+00:00,39.870109649579845,-75.70071637323679,-2008.641906120542,40.147230357830544,-75.14462473399324,56.63075606611375,1.143880104533462e-05,1.1810355543741675e-05,25389.02982375812,5000.0,57007.94044786171,2055.3280568616674,57044.97916143252
2023-08-09 16:55:12+00:00,39.86994616124916,-75.70102731517434,-2009.138197339314,40.1458258775303,-75.14490893227361,56.566533716326646,1.145235000419725e-05,1.179860192703562e-05,25401.682652546275,5000.0,57012.51117458087,2055.631885043183,57049.55786751125
2023-08-09 16:55:13+00:00,39.86978976872332,-75.70133071298181,-2009.60572109258,40.143637277092886,-75.14518312955259,56.790994858790114,1.1456686936338965e-05,1.1799106226968075e-05,25433.902209371023,5000.0,57016.8139319792,2055.8603832911917,57053.866064181166
2023-08-09 16:55:14+00:00,39.8696392541238,-75.70163344043668,-2010.1051528266423,40.14134471228521,-75.14545466163018,57.02987346594135,1.1472746938905278e-05,1.1791306940541015e-05,25481.957657378065,5000.0,57020.66916435543,2056.1076883348965,57057.72770429002
2023-08-09 16:55:15+00:00,39.86949345484186,-75.7019286245916,-2010.5971929397792,40.139367493177424,-75.14572797472199,57.12786416323154,1.14683662518767e-05,1.180274810658164e-05,25517.62664375823,5000.0,57023.228459557016,2056.375339219787,57060.29498247082
2023-08-09 16:55:16+00:00,39.86935636788354,-75.70222289523647,-2010.979605722504,40.137191320780815,-75.14600467983531,57.27238421031177,1.1485165980459888e-05,1.1828311682535896e-05,25533.02095755812,5000.0,57025.41110624325,2056.423016852284,57062.47792954921
2023-08-09 16:55:17+00:00,39.86922116523311,-75.70251448710633,-2011.326811425223,40.13487592409102,-75.14628935656953,57.462397028324624,1.1501166983222877e-05,1.1838573786551473e-05,25588.14867013171,5000.0,57027.13425317664,2056.503389047855,57064.20285361916
2023-08-09 16:55:18+00:00,39.86909310669661,-75.70280439600701,-2011.6826004408624,40.13290135087641,-75.14657824117107,57.57350832967318,1.149935366020176e-05,1.1841830739907936e-05,25622.57005383509,5000.0,57027.70711587249,2056.6186399553494,57064.77949772473
2023-08-09 16:55:19+00:00,39.86896987655045,-75.70309474306009,-2011.9556879293184,40.13072363755233,-75.14687763727466,57.71893208475569,1.1506900603086806e-05,1.1870255895677986e-05,25651.430624485,5000.0,57028.29079877862,2056.679054368613,57065.36497879197
2023-08-09 16:55:20+00:00,39.86884709467645,-75.70338381036743,-2012.2838944157857,40.12855150269871,-75.14718161524907,57.84133207321962,1.1519665164876749e-05,1.1880759678474324e-05,25694.50093535641,5000.0,57028.5524964133,2056.927855566222,57065.63547389245
2023-08-09 16:55:21+00:00,39.86872897191249,-75.7036739143463,-2012.6941171830945,40.12639603445373,-75.14749062776863,57.92190615805994,1.1537433484286276e-05,1.1894232109190104e-05,25756.0119583786,5000.0,57028.53356698996,2057.295247237312,57065.62980056915
2023-08-09 16:55:22+00:00,39.8686107041968,-75.70396222788352,-2013.0473418470556,40.12433378141416,-75.14780098556317,57.942824964882526,1.154270900279386e-05,1.191614354038727e-05,25747.239186745952,5000.0,57028.43836157991,2057.495112144478,57065.54186281786
2023-08-09 16:55:23+00:00,39.8684918501168,-75.70424919167237,-2013.228984897877,40.1229655144079,-75.1480910793142,57.81854376793969,1.1547821335191306e-05,1.1941909847615226e-05,25777.11276132045,5000.0,57028.89172490935,2057.647529602855,57066.00042693999
2023-08-09 16:55:24+00:00,39.8683751223639,-75.7045321554001,-2013.553298518773,40.1222695371161,-75.14835744595722,57.57166961411905,1.156031575920643e-05,1.1944965705541964e-05,25794.23869413048,5000.0,57028.411443899015,2057.758139341908,57065.52444668024
2023-08-09 16:55:25+00:00,39.86825652825436,-75.70481417646327,-2013.8975561680015,40.12280982544969,-75.14857505939628,57.10089283420848,1.15748007697709e-05,1.195255707163566e-05,25820.246893620417,5000.0,57028.12166892581,2057.7181496283506,57065.23341816026
2023-08-09 16:55:26+00:00,39.86813184551134,-75.70509573757617,-2014.3437667426344,40.1239056153953,-75.14876432844041,56.5217788369147,1.160136088102418e-05,1.1972507137643493e-05,25855.54021377968,5000.0,57028.724979692895,2057.8256945130047,57065.840214601645
2023-08-09 16:55:27+00:00,39.86800572365275,-75.70537224179685,-2014.9172682413653,40.12547756919339,-75.14892463221207,55.82375047201828,1.1605517568355044e-05,1.1994633289211062e-05,25869.8175714304,5000.0,57028.568901005245,2058.425521530479,57065.705870727565
2023-08-09 16:55:28+00:00,39.86787449952231,-75.70564488053824,-2015.37053385562,40.12738696905035,-75.14906333466963,54.985962105561086,1.1611818570253394e-05,1.200311732447707e-05,25855.69955414577,5000.0,57028.553730051455,2058.806522265508,57065.70445405444
2023-08-09 16:55:29+00:00,39.86773905814524,-75.70591342217033,-2015.962811974204,40.12930936825308,-75.14919392247013,54.12114143308656,1.1628870626923504e-05,1.2021233783692428e-05,25855.212189134712,5000.0,57029.35308323956,2059.250091825568,57066.51929138038
2023-08-09 16:55:30+00:00,39.86760011130377,-75.70617215225295,-2016.5505664268492,40.13040843139819,-75.14935502965983,53.39582814374158,1.1640028071993742e-05,1.2038456777760924e-05,25911.21814776552,5000.0,57029.39236410257,2059.526185937418,57066.56851019975
2023-08-09 16:55:31+00:00,39.86746034812773,-75.70642518327199,-2017.0763788562824,40.13099863688499,-75.1495296655838,52.73904157841053,1.1662366751372406e-05,1.205865987275501e-05,25947.65167500548,5000.0,57029.10565151373,2060.0440590874414,57066.30067681711
2023-08-09 16:55:32+00:00,39.867314892842,-75.70667772864434,-2017.7144970078384,40.13015085662473,-75.14975175649926,52.258963036015565,1.165999649065323e-05,1.2080973145865754e-05,25995.228031289116,5000.0,57029.84461095569,2060.703232184729,57067.06295369413
2023-08-09 16:55:33+00:00,39.867173367088185,-75.70692609055004,-2018.3765944274896,40.12748339499899,-75.15003164388868,51.96608670537762,1.1655723238638204e-05,1.2091373048277797e-05,25995.399195068047,5000.0,57029.58145855679,2061.340083183418,57066.82297339412
2023-08-09 16:55:34+00:00,39.867041663285775,-75.70717478849863,-2019.04038838885,40.122302382049554,-75.15039550089163,52.01048197978274,1.1656580863001947e-05,1.2112983124473636e-05,26032.81304746336,5000.0,57029.00513861781,2061.8387699605923,57066.265045242
2023-08-09 16:55:35+00:00,39.86692399252685,-75.70742440969846,-2019.4892993550136,40.11660466718877,-75.15077908819684,52.15007855174255,1.164562551004517e-05,1.211546247326575e-05,26064.991300840546,5000.0,57028.16130110568,2062.206840374617,57065.43505868869
2023-08-09 16:55:36+00:00,39.86681752165445,-75.70767631302382,-2020.015263387356,40.11145745262124,-75.15115678034745,52.23723876199058,1.1660299489874805e-05,1.213212628189792e-05,26084.079762391117,5000.0,57026.184043385256,2062.7648124801512,57063.47925969511
2023-08-09 16:55:37+00:00,39.866718061831975,-75.70793161754327,-2020.6094240469488,40.107427707929816,-75.15151001346372,52.19940634079345,1.1673711916193214e-05,1.2132542384986467e-05,26071.16406223908,5000.0,57023.73494800581,2063.1087772538344,57061.04420046307
2023-08-09 16:55:38+00:00,39.86662935565154,-75.70818980984038,-2021.1614585361892,40.10394642122363,-75.15185409692349,52.07891567876158,1.1669890507557976e-05,1.2160167878840324e-05,26139.72466473182,5000.0,57021.2815746362,2063.295060520023,57058.59916717823
2023-08-09 16:55:39+00:00,39.866543767316585,-75.70845039416984,-2021.6126105217445,40.10126961567473,-75.15216545104848,51.85552098434438,1.1688684709469564e-05,1.2168649835358998e-05,26161.098042609603,5000.0,57018.5855713013,2063.5532514178803,57055.91426463383
2023-08-09 16:55:40+00:00,39.86646261661871,-75.70871118300586,-2021.9862348202253,40.099130266076806,-75.15246450163714,51.61665147699484,1.1687899154420668e-05,1.2178472627000664e-05,26190.378959551177,5000.0,57015.721568899615,2063.215881775099,57053.03993475802
2023-08-09 16:55:41+00:00,39.86638894292013,-75.70896889034765,-2022.635616357721,40.096459378652405,-75.15279564195049,51.420200902048194,1.1698414620774436e-05,1.2185754808135624e-05,26231.22823535574,5000.0,57012.63923109917,2063.4912398698457,57049.96957223104
2023-08-09 16:55:42+00:00,39.86631617406412,-75.70922844596774,-2023.118842876448,40.09308394545468,-75.15315745143083,51.24220203759604,1.1709397140895972e-05,1.2194788517412396e-05,26259.166209499814,5000.0,57009.9277899396,2063.3649830321046,57047.25533859916
2023-08-09 16:55:43+00:00,39.86624801630025,-75.70948946413199,-2023.538140190508,40.08928127504928,-75.15355664691577,51.13106372216527,1.1734588642340302e-05,1.221533489997632e-05,26270.80310468472,5000.0,57006.72013178279,2063.1883540487884,57044.043390766856
2023-08-09 16:55:44+00:00,39.866185332693576,-75.7097527323698,-2024.016400692671,40.0854668290341,-75.15397365018586,51.023942344319806,1.174781481373731e-05,1.2224302390775086e-05,26298.593303330752,5000.0,57003.20908342657,2063.4960564301905,57040.54577038818
2023-08-09 16:55:45+00:00,39.866041888501066,-75.71001026055896,-2024.5713877663195,40.14771692736505,-75.15126685102183,51.08682016665064,1.1751176486781376e-05,1.223230120495156e-05,26259.57438777963,5000.0,57004.31181638708,2063.764406835612,57041.65748982764
2023-08-09 16:55:46+00:00,39.86590049229816,-75.71026463304139,-2024.930346728942,40.14756891289184,-75.15152592030027,50.93547808242377,1.1771254535413876e-05,1.223626347045526e-05,26278.01777787615,5000.0,57005.14581816936,2063.438485845316,57042.47915488613
2023-08-09 16:55:47+00:00,39.86575880564556,-75.71051740257963,-2025.5280183775008,40.14742107923287,-75.15178234049095,50.71847674917304,1.178644663817614e-05,1.2248699335807792e-05,26296.517100089117,5000.0,57005.75828666206,2063.752716420277,57043.10259016309
2023-08-09 16:55:48+00:00,39.86561415113398,-75.71076924540952,-2026.024040322368,40.14727264160219,-75.15203707476631,50.499540583175765,1.1787987188579528e-05,1.2261892341743617e-05,26284.56982297784,5000.0,57006.2783367096,2064.0143734811736,57043.63176671295
2023-08-09 16:55:49+00:00,39.865473821629465,-75.71101820242703,-2026.431190011369,40.14712929967416,-75.15228802451934,50.071026687106496,1.1786627779675095e-05,1.2277601569900476e-05,26291.4172044566,5000.0,57005.91862763298,2063.951099495163,57043.27000375609
2023-08-09 16:55:50+00:00,39.865331799971095,-75.71126343609683,-2027.0088333011404,40.14698423096353,-75.1525350794412,49.60708719777565,1.1796205628672904e-05,1.2286664356000487e-05,26330.873174378783,5000.0,57005.61538941997,2064.0884376924005,57042.97193349143
2023-08-09 16:55:51+00:00,39.86519017045826,-75.71150862232318,-2027.4496893607177,40.14683982955331,-75.15277932341098,49.13305139865053,1.1823771356044718e-05,1.2301837696372951e-05,26352.3313619468,5000.0,57005.27781632026,2064.2699235683367,57042.64114882133
2023-08-09 16:55:52+00:00,39.86505229309471,-75.71175298342217,-2027.9881238285136,40.14669831408501,-75.15302245998525,48.60300570023172,1.1841691739437814e-05,1.2303961720265144e-05,26322.424657983745,5000.0,57004.12615256808,2064.7316275118005,57041.506949865405
2023-08-09 16:55:53+00:00,39.86491637850875,-75.71199170934864,-2028.653435665999,40.14656768686696,-75.15326057759319,47.962051864948286,1.1873195900051888e-05,1.2296557011615586e-05,26356.15117370761,5000.0,57002.83195142759,2065.891697750186,57040.25560066792
2023-08-09 16:55:54+00:00,39.86477901353089,-75.71223083042133,-2029.4006623143164,40.146422509366765,-75.15349776625543,47.36193678272405,1.187801796595582e-05,1.2311276667915402e-05,26373.7931007904,5000.0,57001.99015594764,2066.520261298122,57039.43712668549
2023-08-09 16:55:55+00:00,39.86464252078714,-75.71246770404997,-2030.1137851645203,40.14626291181546,-75.15373423718455,46.77576106095697,1.187771974979185e-05,1.2321807135684534e-05,26406.709144169254,5000.0,57000.96495521293,2066.927169243002,57038.42734287445
2023-08-09 16:55:56+00:00,39.86450410242805,-75.71270707775207,-2030.805251030488,40.1460791554819,-75.15397169118489,46.23211646261809,1.1898892067079672e-05,1.2333429988667163e-05,26395.650644118938,5000.0,57000.52931278729,2066.504057487463,57037.97665553657
2023-08-09 16:55:57+00:00,39.86436686882992,-75.71294058195501,-2031.568647909414,40.14589152818511,-75.1542065439428,45.61913734885447,1.19100699399578e-05,1.2339292450164071e-05,26420.5431004097,5000.0,56999.63272788208,2066.2842553769165,57037.07269607606
2023-08-09 16:55:58+00:00,39.86422831271626,-75.71317563811317,-2032.2376994782144,40.14560884011054,-75.15444961881894,45.15046216540538,1.1911115929482532e-05,1.2352674900529708e-05,26456.81690603962,5000.0,56998.86793619207,2066.517486947416,57036.31685629187
2023-08-09 16:55:59+00:00,39.86409172834252,-75.71340806469473,-2032.843004363746,40.145193212446486,-75.15470444645237,44.87244255837493,1.1928736849558572e-05,1.2362227334293088e-05,26486.01104785111,5000.0,56998.08121586338,2066.76214529498,57035.53951752699
2023-08-09 16:56:00+00:00,39.86395460699147,-75.71364168698486,-2033.7001769994656,40.14453117366194,-75.15498058341714,44.85115358494245,1.1948856484653538e-05,1.2364501987506253e-05,26484.321847213887,5000.0,56997.46598012064,2067.4170340167657,57034.9484206618
2023-08-09 16:56:01+00:00,39.86381572223529,-75.71387977366985,-2034.2366640898852,40.14364867259157,-75.15527414190854,45.02124062445312,1.1952323030850477e-05,1.2373977572436046e-05,26473.573529340974,5000.0,56997.058114742686,2067.3891161905512,57034.53981135553
2023-08-09 16:56:02+00:00,39.86367688130207,-75.71411677640609,-2034.8109627585889,40.14283698240638,-75.1555582263737,45.03303320513114,1.1959499351105875e-05,1.2395027385792126e-05,26496.24168596617,5000.0,56996.59418239269,2067.4207554727277,57034.077330772336
2023-08-09 16:56:03+00:00,39.86353845635031,-75.71435450896502,-2035.4025765570725,40.14213569557536,-75.15583060348185,44.844265514324775,1.1965614275339143e-05,1.2408186530572222e-05,26495.9859323662,5000.0,56996.12459579796,2067.8614882904603,57033.62403069333
2023-08-09 16:56:04+00:00,39.86339532436334,-75.71459200737712,-2035.920709414485,40.14161904256542,-75.15608841750668,44.49357844500808,1.1971999981998302e-05,1.2415073854699604e-05,26509.86741515396,5000.0,56995.46133128509,2068.2019530458924,57032.97354762942
2023-08-09 16:56:05+00:00,39.86325578357094,-75.71483628724795,-2036.481342719548,40.14094420233036,-75.15636131718225,44.24985897669236,1.1985528257653632e-05,1.242085695572327e-05,26548.93006108537,5000.0,56995.39721045732,2068.4958009649195,57032.92012562933
2023-08-09 16:56:06+00:00,39.86311507852433,-75.71508438577644,-2037.0444838890985,40.14044164223593,-75.15661992453269,43.89331105593471,1.1986613808359427e-05,1.2427904406838686e-05,26601.780042791197,5000.0,56995.879542823306,2068.5869247365968,57033.40544562647
2023-08-09 16:56:07+00:00,39.86297419922417,-75.71532630291547,-2037.597744642361,40.139568093896735,-75.15690109901473,43.71237701606824,1.200125535291313e-05,1.2429224533859254e-05,26637.36674365394,5000.0,56995.8452096979,2068.814440572437,57033.37938748996
2023-08-09 16:56:08+00:00,39.86283172265512,-75.71556981691091,-2038.093411996864,40.13869316293838,-75.15717662597514,43.51513758122961,1.1998703178232348e-05,1.2444631819940716e-05,26692.142999271546,5000.0,56996.38140334848,2068.921344091438,57033.91910612496
2023-08-09 16:56:09+00:00,39.86268932195468,-75.71581080397098,-2038.4657074604684,40.13793827507457,-75.15744127332414,43.32600794315242,1.20110277226732e-05,1.243426807927383e-05,26746.307220312217,5000.0,56996.72492464234,2068.781266885018,57034.25732018924
2023-08-09 16:56:10+00:00,39.86254646530192,-75.71605052923405,-2038.797657136368,40.13695815845566,-75.15771790715398,43.28963352311747,1.2011392255456158e-05,1.2453294705545548e-05,26768.116237003203,5000.0,56996.8342942308,2068.631591713274,57034.36118890295
2023-08-09 16:56:11+00:00,39.86239818556069,-75.7162912105847,-2039.0798149359068,40.13588030971451,-75.15800073492869,43.32762628275509,1.2032103391289876e-05,1.245103387955852e-05,26816.25136736709,5000.0,56997.01891746971,2068.619711767481,57034.54525978368
2023-08-09 16:56:12+00:00,39.86224545300803,-75.71653563113459,-2039.3206267621676,40.13450587635728,-75.15830575209004,43.51064104283964,1.2051017552640748e-05,1.2456105619068003e-05,26834.79323495209,5000.0,56998.03763143997,2068.811143127488,57035.57024682909
2023-08-09 16:56:13+00:00,39.86209016415941,-75.71678115709199,-2039.390282250812,40.13305437694276,-75.15861523452668,43.74951197760267,1.2056264751316396e-05,1.2467036273571258e-05,26820.31388944607,5000.0,56998.75316906985,2069.064008333821,57036.2944860475
2023-08-09 16:56:14+00:00,39.86193065869462,-75.71702614696557,-2039.4675238324185,40.13187257265557,-75.15890726696206,43.96775599835215,1.2075266191311685e-05,1.247449583385482e-05,26829.77023922149,5000.0,56999.87002854551,2069.2031888515107,57037.41565944089
2023-08-09 16:56:15+00:00,39.86176801728458,-75.71727646624613,-2039.6452484054423,40.130339960929874,-75.15922603873373,44.33850435461687,1.2084016094245668e-05,1.2491678686097798e-05,26852.71867950165,5000.0,57001.88949086898,2069.4155299052672,57039.44149590398
2023-08-09 16:56:16+00:00,39.86160259261324,-75.71753117476939,-2039.7382858920464,40.12930378200255,-75.15951744843052,44.52025870977458,1.2095095154348416e-05,1.251235736441834e-05,26867.630661525032,5000.0,57003.82703655049,2069.607891368021,57041.38474508641
2023-08-09 16:56:17+00:00,39.86143660686024,-75.71778848650305,-2039.838503855051,40.128485015656665,-75.15979563452152,44.584573532703374,1.2104788277463913e-05,1.2518200298706326e-05,26871.119475294992,5000.0,57006.22573588406,2069.9260112768634,57043.7934077208
2023-08-09 16:56:18+00:00,39.86126666198682,-75.71804707472941,-2039.8961002555511,40.12708162940955,-75.16010951145884,44.791659041099145,1.2116505478279195e-05,1.2522403828425762e-05,26901.66970883849,5000.0,57009.91768835669,2070.195725376164,57047.49271593425
2023-08-09 16:56:19+00:00,39.861092717540814,-75.7183067632601,-2039.9525566087848,40.12563206546191,-75.16042080863372,45.02119781340648,1.2120013553518789e-05,1.2546767806758824e-05,26885.45667842925,5000.0,57013.85457804133,2070.575655352016,57051.44080030391
2023-08-09 16:56:20+00:00,39.86091422007681,-75.71856378613336,-2040.0372950405867,40.12456818261113,-75.16070467963587,45.153189114462414,1.213501057921807e-05,1.2557455519843373e-05,26891.26247162596,5000.0,57017.92122133598,2071.0465179315456,57055.52185443502
2023-08-09 16:56:21+00:00,39.860733486289945,-75.71882173547618,-2040.076293638151,40.12368285111866,-75.160977640455,45.22952455185997,1.2133771433325714e-05,1.2563008558359824e-05,26883.58555385448,5000.0,57022.59776802163,2071.4858120542453,57060.21126567205
2023-08-09 16:56:22+00:00,39.86055201547215,-75.71908569717306,-2040.1466064673727,40.1226810552551,-75.16125599505374,45.308373169114425,1.2154050484194584e-05,1.2562649707917587e-05,26907.10671315752,5000.0,57027.508626857816,2071.929657885754,57065.13500109826
2023-08-09 16:56:23+00:00,39.86036555835666,-75.71935035899443,-2040.193615879672,40.121721490515526,-75.16153121950168,45.369870832376165,1.2167450956170262e-05,1.2548649091725534e-05,26927.258964066063,5000.0,57032.9021341173,2072.335246048349,57070.5396786452
2023-08-09 16:56:24+00:00,39.860176675317135,-75.71961645206119,-2040.2876592542957,40.12003458411542,-75.16184382285914,45.54654347982012,1.2188428018988244e-05,1.2557345690586335e-05,26949.43393371076,5000.0,57039.30939331023,2072.7896066331414,57076.959211394
2023-08-09 16:56:25+00:00,39.85998780650068,-75.71988158644065,-2040.4448440302356,40.11875377854238,-75.16213194245806,45.597598770785694,1.2202595272278536e-05,1.258054207309595e-05,26962.00178732072,5000.0,57045.40970288065,2073.347353926768,57083.07575297204
2023-08-09 16:56:26+00:00,39.85979580319198,-75.72014101272853,-2040.5539189381843,40.11738322439774,-75.1624163585713,45.69625307813813,1.2218102657703002e-05,1.2575547882154317e-05,26955.908661353275,5000.0,57051.526389961,2073.8011858635136,57089.20488834037
2023-08-09 16:56:27+00:00,39.85960447920041,-75.72040326334312,-2040.5563545687949,40.11425704616402,-75.16277579414414,46.09956985438779,1.2236182402078069e-05,1.257728686078259e-05,26970.81477674412,5000.0,57058.18307920129,2073.983624486345,57095.863811438125
2023-08-09 16:56:28+00:00,39.85940888773062,-75.72066239532703,-2040.6452026477189,40.1121950799069,-75.16308669701458,46.29663981780282,1.2233689642699796e-05,1.259124424485939e-05,26958.52085028332,5000.0,57064.75427183818,2074.391589201452,57102.44548677949
2023-08-09 16:56:29+00:00,39.85921327452542,-75.7209216440549,-2040.8297726551928,40.11104011170198,-75.1633579481873,46.344499481752,1.223949290169438e-05,1.2603801985868092e-05,26997.135883430798,5000.0,57070.811953781886,2074.848412837523,57108.5157660413
2023-08-09 16:56:30+00:00,39.85901639392439,-75.72117489977609,-2040.8373228834312,40.10920475448515,-75.16366092128014,46.483617648432485,1.2232688253365184e-05,1.2605790612116448e-05,27041.033979173542,5000.0,57076.67421976757,2075.185493576633,57114.38640852435
2023-08-09 16:56:31+00:00,39.8588193215545,-75.7214367522231,-2040.9118068039525,40.106793947933774,-75.16400084914534,46.712692636369,1.2244442982373992e-05,1.2612426590024766e-05,27059.44263057989,5000.0,57083.2374271436,2075.539456668318,57120.95814322301
2023-08-09 16:56:32+00:00,39.85862348779657,-75.72170004301698,-2040.899709742093,40.10533277753967,-75.16429806176323,46.81263826062267,1.2250494662923446e-05,1.2620118166830753e-05,27104.80829440624,5000.0,57089.47713142252,2075.778417559526,57127.202409867925
2023-08-09 16:56:33+00:00,39.8584266444046,-75.72196445766357,-2040.931613835358,40.1040271492826,-75.1645915640068,46.90566967242323,1.2263064837477465e-05,1.26226625365414e-05,27104.557740840173,5000.0,57096.241672157295,2076.189758709267,57133.97743024339
2023-08-09 16:56:34+00:00,39.85822738223041,-75.72222931574026,-2040.892487188289,40.10189829927394,-75.16493460794263,47.10155552594602,1.2288558654821684e-05,1.2614638838710342e-05,27103.66050676957,5000.0,57103.56449576427,2076.400378077749,57141.30307100103
2023-08-09 16:56:35+00:00,39.85803138177957,-75.72248971094662,-2040.938120384944,40.09985331823846,-75.16526919948303,47.228281682456135,1.2311295757492444e-05,1.2620169817251814e-05,27122.463313947163,5000.0,57110.3345619562,2076.739910181583,57148.08100394194
2023-08-09 16:56:36+00:00,39.8578344374307,-75.72275010840005,-2041.0245958715252,40.09662000084551,-75.16568159423792,47.48483977116457,1.231683757306768e-05,1.2630123336769372e-05,27161.590579778032,5000.0,57117.80001430492,2076.97250165763,57155.54997764236
2023-08-09 16:56:37+00:00,39.85763625441143,-75.72301363711685,-2041.159676011902,40.09424524168692,-75.16605280450845,47.6573399240231,1.2312956258738775e-05,1.2632487628433614e-05,27191.652154141157,5000.0,57125.26023595191,2077.094417745993,57163.009702476826
2023-08-09 16:56:38+00:00,39.857438842093046,-75.72327501766105,-2041.3333083850025,40.09293028864538,-75.16635639940743,47.68054842152187,1.2342407295808276e-05,1.26531400774031e-05,27239.20932242589,5000.0,57132.15612321798,2077.3277127663214,57169.90951290706
2023-08-09 16:56:39+00:00,39.85724293410233,-75.72353423155641,-2041.558843978275,40.09193455405896,-75.16663559699761,47.62961300862344,1.236516257917914e-05,1.2677342117008313e-05,27277.3010316374,5000.0,57138.83983135474,2077.7071256448244,57176.60259383349
2023-08-09 16:56:40+00:00,39.85704671157247,-75.72378745283717,-2041.6453878410596,40.09123669422361,-75.16688710699134,47.52679042933512,1.239227323442862e-05,1.2688427382658436e-05,27308.79979152648,5000.0,57145.17684428528,2077.912162513444,57182.94287215165
2023-08-09 16:56:41+00:00,39.85685787364936,-75.72404570604067,-2041.8802001235292,40.08881480719623,-75.16731807323112,47.615478394256506,1.2407148285285525e-05,1.2698646563684704e-05,27329.025105476747,5000.0,57151.02352589576,2078.401429929928,57188.80347202086
2023-08-09 16:56:42+00:00,39.85667944459824,-75.72431869467408,-2042.0665306065823,40.083735481284,-75.16809422222067,48.046409324571485,1.2404350106303612e-05,1.2712995525861204e-05,27343.50553957563,5000.0,57157.2678481488,2078.8660128332226,57195.06055390044
2023-08-09 16:56:43+00:00,39.85651152587496,-75.72461342490246,-2042.220133266629,40.07861653401469,-75.16894458229359,48.52040346320659,1.2414649340315504e-05,1.2742610600902952e-05,27399.005055098623,5000.0,57164.20972717472,2079.247977873684,57202.01172936061
2023-08-09 16:56:44+00:00,39.8563581508122,-75.72491986409426,-2042.4831580969944,40.07446369481456,-75.16972337752036,48.85089430133064,1.2431008515289233e-05,1.2753270961255244e-05,27430.242509122447,5000.0,57170.9402588762,2079.764998932096,57208.75660713816
2023-08-09 16:56:45+00:00,39.85631052232722,-75.72524043633243,-2042.3754707216244,40.14021128195155,-75.16638958526539,52.31723718652829,1.244627527875059e-05,1.2764521156693049e-05,27441.00844184291,5000.0,57172.31917683538,2079.624891197563,57210.129520444425
2023-08-09 16:56:46+00:00,39.85626398661851,-75.72556446982142,-2042.474875908952,40.14016478136018,-75.16671505357573,52.27526138357389,1.2454444571494042e-05,1.2796319925553366e-05,27498.79913326546,5000.0,57173.70249695918,2079.413806216048,57211.50425384984
2023-08-09 16:56:47+00:00,39.85621474816635,-75.7258900376284,-2042.5080710311493,40.14011975268885,-75.16703954436232,51.949087997673054,1.2438355113371548e-05,1.281754481192952e-05,27506.467321735137,5000.0,57175.43431433693,2079.3602835294987,57213.23298173052
2023-08-09 16:56:48+00:00,39.85616718163711,-75.72621271675644,-2042.7424629821248,40.14007719027365,-75.16735873051388,51.29191389695,1.2460393128665497e-05,1.2826589365146884e-05,27531.471305845374,5000.0,57177.07155330154,2079.3056841067146,57214.86715478174
2023-08-09 16:56:49+00:00,39.856118900539855,-75.72653062304508,-2042.9577913721905,40.14003384307591,-75.16767577706085,50.77748868974177,1.2462895603882589e-05,1.2846943326960042e-05,27563.49342363356,5000.0,57178.67531766877,2079.084273604477,57216.46181388826
2023-08-09 16:56:50+00:00,39.85606975809893,-75.72684668637231,-2043.3231652429424,40.13999275947722,-75.16799000799777,50.25747121073901,1.2475619655433278e-05,1.2866945761085404e-05,27635.428716275903,5000.0,57180.00985028687,2078.933852047587,57217.789999615445
2023-08-09 16:56:51+00:00,39.85602176153599,-75.72716468295502,-2043.7320141921184,40.13995499317041,-75.16830294814662,49.71838381946484,1.248823659053542e-05,1.2878207669843191e-05,27689.61979804152,5000.0,57181.3616112977,2079.179781277559,57219.14980393246
2023-08-09 16:56:52+00:00,39.855978308115816,-75.72747744801958,-2044.148360408046,40.13991366337369,-75.16861684558263,49.26764740676025,1.2494022505043232e-05,1.2882354559777844e-05,27686.19417016985,5000.0,57181.61917720242,2079.6310359582585,57219.42359874245
2023-08-09 16:56:53+00:00,39.85593303336108,-75.72779287169885,-2044.59703003887,40.13986333524592,-75.16893077085457,48.86422751164415,1.2508336509811874e-05,1.288836630410113e-05,27720.309523920027,5000.0,57182.1068473471,2079.95900475127,57219.9228675019
2023-08-09 16:56:54+00:00,39.85589026501677,-75.72810512441706,-2045.022296892484,40.13981539772336,-75.16924204280215,48.41195688766626,1.25047032770445e-05,1.2905676980391044e-05,27700.186633398134,5000.0,57182.48532307781,2080.229916616046,57220.31094139557
2023-08-09 16:56:55+00:00,39.85584907779524,-75.72841167010603,-2045.5102358547504,40.13974163816776,-75.16955420500857,48.05423213570406,1.2502137022419728e-05,1.29140782080531e-05,27713.960541129694,5000.0,57182.06964872827,2080.547134523509,57219.90707516908
2023-08-09 16:56:56+00:00,39.85580970856399,-75.72871987396039,-2046.014366337727,40.13965310963637,-75.1698647666571,47.729709221490296,1.2509464413291537e-05,1.2942437487477617e-05,27677.977250194574,5000.0,57181.26167126087,2080.795620968397,57219.10866776456
2023-08-09 16:56:57+00:00,39.85577123273666,-75.72902483873474,-2046.5121546678056,40.139508823474095,-75.17017804854385,47.49514486650485,1.2523067732684516e-05,1.2950396853358328e-05,27699.394974869872,5000.0,57179.85578074766,2081.126455751268,57217.71573937507
2023-08-09 16:56:58+00:00,39.8557355016309,-75.72932747337217,-2047.0544061908377,40.13938851361139,-75.17048586080435,47.14635301978202,1.253586185892459e-05,1.297099402820073e-05,27732.32818978544,5000.0,57178.527192081405,2081.362876831921,57216.39662964321
2023-08-09 16:56:59+00:00,39.85570278090008,-75.72962738688304,-2047.5329850326125,40.13922109049509,-75.17079317878061,46.8000766773263,1.2542869570583946e-05,1.2963925802851022e-05,27717.0016042834,5000.0,57176.16948375133,2081.714497625089,57214.053274386
2023-08-09 16:57:00+00:00,39.855673867927486,-75.72991688411878,-2048.030759521684,40.13900357726148,-75.17109673592198,46.48988990315375,1.2550624182126382e-05,1.2979225095589224e-05,27728.900957813134,5000.0,57172.48965146174,2082.240154066779,57210.39500829992
2023-08-09 16:57:01+00:00,39.85564413097696,-75.73019748981213,-2048.5406542977357,40.1386429221936,-75.17140018527135,46.29521413554593,1.2525824723075329e-05,1.2980571020620876e-05,27750.50365401491,5000.0,57168.30832711391,2082.808657292792,57206.2371502169
2023-08-09 16:57:02+00:00,39.8556112581523,-75.73046069170277,-2049.063667285761,40.138251264712366,-75.17169463261494,46.11192552327343,1.2544767715342707e-05,1.3006552010164154e-05,27783.25089780643,5000.0,57161.89235275242,2083.215087739792,57199.84023097828
2023-08-09 16:57:03+00:00,39.8555835849447,-75.73072495013116,-2049.468350470551,40.13770374664378,-75.171995744715,46.04233794586039,1.2573222095214662e-05,1.3031424696192142e-05,27848.13260200302,5000.0,57154.25231987661,2083.613696472979,57192.21978801183
2023-08-09 16:57:04+00:00,39.85555947777043,-75.73098814285515,-2049.9837391403903,40.13710917702693,-75.17230536026673,45.97689707766387,1.257965846522678e-05,1.3027309757943544e-05,27834.286851994253,5000.0,57145.53202817798,2083.9268131327426,57183.51669621246
2023-08-09 16:57:05+00:00,39.85553807382325,-75.7312558988281,-2050.3539633414784,40.13654359766039,-75.17262386356795,45.89473010385944,1.2582506821982053e-05,1.3040270147472296e-05,27887.192650263925,5000.0,57135.04204658986,2084.045288970082,57173.03800247167
2023-08-09 16:57:06+00:00,39.85551446171277,-75.7315334759733,-2050.834190589658,40.13542365721395,-75.17302740011878,46.13608080524723,1.2597269855147996e-05,1.30654305272826e-05,27901.583792078323,5000.0,57125.01196453703,2084.216523519931,57163.02083047582
2023-08-09 16:57:07+00:00,39.85548526617882,-75.73181516130103,-2051.2389639840007,40.13491504214654,-75.17336139915895,46.03784571414014,1.2595890934496577e-05,1.3078332892441388e-05,27926.66303105045,5000.0,57116.22925983646,2084.36552104262,57154.24940008844
2023-08-09 16:57:08+00:00,39.85545584427399,-75.73210164499481,-2051.604369170924,40.13425495880841,-75.17372266524188,46.064408194183024,1.262130104308842e-05,1.3088283596712426e-05,27935.844349516658,5000.0,57107.41526027745,2084.4171633736296,57145.443148345046
2023-08-09 16:57:09+00:00,39.85542253110175,-75.73239809847686,-2051.885362798671,40.13321096477269,-75.1741427833582,46.27626588733007,1.2632030887752324e-05,1.3098086781177636e-05,27967.50500386004,5000.0,57099.510435168966,2084.4990446794604,57137.54657143794
2023-08-09 16:57:10+00:00,39.85538030787846,-75.73270644193971,-2052.064982379785,40.13232028954779,-75.17454792431013,46.42003388413376,1.263740274633522e-05,1.3114688550512934e-05,28000.61175269381,5000.0,57093.60935859295,2084.4475931571374,57131.64754634887
2023-08-09 16:57:11+00:00,39.85533090297463,-75.73302286507709,-2052.3464592590653,40.13126659771281,-75.17497692919527,46.63160036022933,1.2639135702509702e-05,1.313561290846468e-05,28016.73335995451,5000.0,57088.26998888063,2084.677146809885,57126.320108420776
2023-08-09 16:57:12+00:00,39.85528247617809,-75.7333352846849,-2052.5283316340983,40.131830588479,-75.17520110679996,46.05499177963996,1.2644619614057446e-05,1.3145191600746206e-05,28057.075226770176,5000.0,57082.73312961368,2084.6691860697783,57120.786646912034
2023-08-09 16:57:13+00:00,39.85523717091204,-75.73364023026029,-2052.875730832872,40.13232873331272,-75.17543115206877,45.46692725567385,1.2655252232373898e-05,1.3151775149225331e-05,28062.311913033176,5000.0,57076.77376736272,2084.797751991101,57114.83594791648
2023-08-09 16:57:14+00:00,39.85519195529579,-75.73394339981311,-2053.3948660381257,40.13248025510753,-75.17569915884546,45.01688485693493,1.2661704991483488e-05,1.3158906237170293e-05,28112.102442752763,5000.0,57070.7928404914,2085.002809815789,57108.86649338458
2023-08-09 16:57:15+00:00,39.85514704037642,-75.73424574832393,-2053.883925805765,40.13267552234954,-75.17596258003563,44.51970943361005,1.268530521817958e-05,1.3170048764926692e-05,28124.845160632667,5000.0,57064.40319687741,2085.025187245934,57102.481927209104
2023-08-09 16:57:16+00:00,39.855104071513566,-75.73454839175483,-2054.347606701011,40.13261053044316,-75.17625030093232,44.08223259172999,1.268768104717812e-05,1.3187226565196076e-05,28181.42901923135,5000.0,57059.556241735096,2084.939829163692,57097.63508758453
2023-08-09 16:57:17+00:00,39.85506111612192,-75.73485224292753,-2054.758367568896,40.13180768160597,-75.17659916239562,43.87479539478645,1.2701795909758536e-05,1.3207578097150935e-05,28214.90572300097,5000.0,57051.94330678442,2084.92120360709,57090.0265502285
2023-08-09 16:57:18+00:00,39.85501480260984,-75.73516315284908,-2055.3217990872163,40.1307304906741,-75.17696982078554,43.71228151166411,1.2703538919433936e-05,1.3217819271944393e-05,28221.507457514734,5000.0,57046.24676067389,2085.394941246257,57084.35110904451
2023-08-09 16:57:19+00:00,39.85497055933462,-75.73547595114032,-2055.7604600191485,40.130290933943,-75.1772902195227,43.38341981572228,1.2704235820694802e-05,1.3229034692010391e-05,28234.84975107706,5000.0,57042.29326981752,2085.52824886695,57080.405127825536
2023-08-09 16:57:20+00:00,39.85492977094078,-75.73578680938324,-2056.251951131677,40.13092789898455,-75.17754532878831,42.78591330713986,1.2715746325268128e-05,1.3227501656683749e-05,28262.781708684903,5000.0,57035.31992963419,2085.371565586348,57073.43071905072
2023-08-09 16:57:21+00:00,39.85488790779813,-75.73610114949304,-2056.658348850364,40.13083685236163,-75.17784037512817,42.3246235336949,1.2742110206136091e-05,1.3211682558400445e-05,28248.815612065817,5000.0,57029.647643890086,2085.0295034764818,57067.74972273417
2023-08-09 16:57:22+00:00,39.85484214992842,-75.73642077616691,-2057.06476566258,40.130474747657125,-75.17814938697447,41.91057320993547,1.2757186389356669e-05,1.3206593707383565e-05,28254.08062122573,5000.0,57024.89695549072,2084.739761860053,57062.99162030515
2023-08-09 16:57:23+00:00,39.85479709079759,-75.73674390788955,-2057.5837380839203,40.12940412827449,-75.17848258896166,41.63041608673271,1.276619035273898e-05,1.3206718098447066e-05,28276.01547002769,5000.0,57020.75984355599,2084.761838408533,57058.85807707136
2023-08-09 16:57:24+00:00,39.85475050343968,-75.73707447801294,-2057.887858894569,40.127933871885126,-75.17882010493577,41.45968465922487,1.2783338901098432e-05,1.3206209167591097e-05,28308.966082959123,5000.0,57017.49315660878,2084.7326854536523,57055.5925062016
2023-08-09 16:57:25+00:00,39.85470340821146,-75.73740619229974,-2058.2708202997883,40.126785046477984,-75.17914210376975,41.22909658312556,1.2807565093487714e-05,1.321842520111356e-05,28359.71556037981,5000.0,57016.334447351735,2084.8802500419065,57054.439962804674
2023-08-09 16:57:26+00:00,39.85465116480657,-75.73774121577493,-2058.803489624135,40.12595767738401,-75.17945541209686,40.91319770737314,1.2821790438314731e-05,1.3239404358932676e-05,28353.328449574223,5000.0,57013.60621226068,2085.181364444888,57051.72455455977
2023-08-09 16:57:27+00:00,39.85459713487475,-75.7380767286646,-2059.092375413444,40.12540261467316,-75.17976751669205,40.62919979309748,1.284566081512486e-05,1.3254053897890392e-05,28360.27035966664,5000.0,57012.28357762304,2085.324938085412,57050.4080514128
2023-08-09 16:57:28+00:00,39.85453809454737,-75.7384157501302,-2059.401481370435,40.12500362888104,-75.1800798214012,40.36260508787579,1.2846559120924336e-05,1.325784091227751e-05,28393.45210922548,5000.0,57013.40223870345,2085.281035904773,57051.52436027367
2023-08-09 16:57:29+00:00,39.854476027627726,-75.7387566227188,-2059.740971708064,40.12497217957424,-75.1804006242165,40.028769679583895,1.2861734686741697e-05,1.3271912123465112e-05,28422.626469404662,5000.0,57012.95013618802,2085.3380417898047,57051.07464351567
2023-08-09 16:57:30+00:00,39.85441002148676,-75.73909639453719,-2059.9915941774725,40.12439987578088,-75.1807011671693,39.80407423949772,1.2875746023890908e-05,1.3279739968332312e-05,28445.0084469948,5000.0,57013.92223782696,2085.393929911628,57052.04813837879
2023-08-09 16:57:31+00:00,39.854340536249104,-75.73943780244687,-2060.325217910116,40.124059858003214,-75.18100853403128,39.561391082759954,1.2886402698716522e-05,1.3282306522341576e-05,28491.31018482036,5000.0,57017.06380657558,2085.6898314094046,57055.19842394693
2023-08-09 16:57:32+00:00,39.85426910627778,-75.73978007647332,-2060.612359447356,40.123375811512936,-75.1812949607118,39.35266630322664,1.2893802024549316e-05,1.3300249548120762e-05,28552.303413363617,5000.0,57018.48956293648,2085.8103738193936,57056.6276339062
2023-08-09 16:57:33+00:00,39.854198108897485,-75.74012104995447,-2060.8830961131325,40.1231140949881,-75.18160113815392,39.05462650656821,1.2893776581441915e-05,1.3318036054995817e-05,28557.284132975798,5000.0,57021.1801035592,2086.0957341297444,57059.32680828341
2023-08-09 16:57:34+00:00,39.85412692988321,-75.7404575772317,-2061.2667183469835,40.12243833379304,-75.18187451970125,38.79655807208133,1.2895726231472897e-05,1.333666525078668e-05,28524.620219274624,5000.0,57025.229302641485,2086.684351290703,57063.394821906295
2023-08-09 16:57:35+00:00,39.85405877660374,-75.74079066643803,-2061.49343871104,40.12148179162494,-75.18211983897774,38.57644573392908,1.2900601953679738e-05,1.3358378019027323e-05,28524.103790591445,5000.0,57026.78843585454,2087.188054575558,57064.97133340975
2023-08-09 16:57:36+00:00,39.85399147404898,-75.74112022335459,-2061.698611378344,40.121016267873365,-75.18239678264058,38.27315088222901,1.2931576589196172e-05,1.3370869019253382e-05,28553.67212773338,5000.0,57028.71309967315,2087.3714914996367,57066.90141884661
2023-08-09 16:57:37+00:00,39.853922862028384,-75.74144715180489,-2062.088002217647,40.120886753410176,-75.18269339395131,37.901705070724624,1.2946572630734542e-05,1.3376913408702522e-05,28566.363228168728,5000.0,57031.827201190725,2087.710411745429,57070.0258337929
2023-08-09 16:57:38+00:00,39.85385252353255,-75.74177245445539,-2062.3416587683896,40.120120484180966,-75.18294115564098,37.59929154229979,1.2952699964619472e-05,1.3381887202547993e-05,28602.516236588606,5000.0,57032.94963874478,2087.645227963646,57071.14513564134
2023-08-09 16:57:39+00:00,39.85377886706104,-75.74209329680414,-2062.670884150481,40.11933830809248,-75.18318421786743,37.27342997715796,1.296423519567978e-05,1.3404524985770872e-05,28627.36597434084,5000.0,57034.868979229774,2087.830782637698,57073.069979236585
2023-08-09 16:57:40+00:00,39.85370784104495,-75.74241143495631,-2063.0762672848928,40.11831850892632,-75.18340482282537,36.9753588023198,1.2955013460212896e-05,1.343326616809916e-05,28624.737050221534,5000.0,57038.056217527526,2088.241877802811,57076.27012352892
2023-08-09 16:57:41+00:00,39.85363510978307,-75.74271984877186,-2063.490310157118,40.116726263011984,-75.18358366684423,36.75485906517677,1.2966377848437276e-05,1.3427241359582174e-05,28645.07725778674,5000.0,57038.45179712016,2088.655945708308,57076.68058911575
2023-08-09 16:57:42+00:00,39.85356740727718,-75.74301637892606,-2064.038916229936,40.11508908439979,-75.18375973659971,36.49309855603642,1.298646527415189e-05,1.3430482590688736e-05,28673.82018457199,5000.0,57038.75773320003,2089.221547703535,57077.007020533885
2023-08-09 16:57:43+00:00,39.85350147925196,-75.74330474416257,-2064.501107247165,40.113234203795805,-75.18392114371137,36.21515684432944,1.300758511809638e-05,1.3449361883633245e-05,28676.344993746967,5000.0,57039.88814010836,2089.704676337712,57078.154355851264
2023-08-09 16:57:44+00:00,39.853436060191925,-75.74358350738866,-2064.908354629238,40.11016978969121,-75.18403382312738,36.06034242869894,1.3025319067489604e-05,1.3463374456393511e-05,28727.06167508988,5000.0,57037.83710039821,2090.092747987589,57076.1189008744
2023-08-09 16:57:45+00:00,39.85347117225985,-75.7439320240359,-2064.824661555435,40.13454784483933,-75.18476456517726,42.80800437744544,1.3049172703293322e-05,1.3484796759417712e-05,28777.5716738998,5000.0,57035.57766156126,2089.857461563728,57073.8523616344
2023-08-09 16:57:46+00:00,39.85350387735403,-75.74428683850333,-2064.7501775940427,40.13459126303216,-75.18511986322254,42.050018478521416,1.3071830870962054e-05,1.3509150727626492e-05,28831.47946953656,5000.0,57035.20830700785,2089.747143975741,57073.47921538981
2023-08-09 16:57:47+00:00,39.85353744665914,-75.74464541745766,-2064.8800332681835,40.13463249438012,-75.18547870310077,41.18332991517264,1.3092940942874772e-05,1.3494471243443976e-05,28837.8364098584,5000.0,57033.21029812207,2089.9335107753477,57071.48937069436
2023-08-09 16:57:48+00:00,39.85356682752452,-75.74500518111927,-2064.9663460322854,40.13467148442868,-75.18583953565808,40.44184052391018,1.3099966751305024e-05,1.3504949413377497e-05,28829.45266572636,5000.0,57032.810738174194,2090.015718957864,57071.09308925043
2023-08-09 16:57:49+00:00,39.85359752365612,-75.74536285815242,-2065.137041533909,40.13471043827064,-75.18620042151973,39.88935378724986,1.3098506545894128e-05,1.3531439174467334e-05,28842.04280465369,5000.0,57033.83381853699,2090.045647582122,57072.11657937237
2023-08-09 16:57:50+00:00,39.853626233177,-75.74572191906239,-2065.43830617392,40.13475748902819,-75.18656044321229,39.23839968738901,1.309963794245408e-05,1.3532313686075831e-05,28885.066327931247,5000.0,57033.30253822422,2090.0288843679928,57071.58504154327
2023-08-09 16:57:51+00:00,39.85366061132456,-75.74607632961828,-2065.7000456037285,40.13481748311288,-75.18691899634766,38.53549451181481,1.3127027789804203e-05,1.3536989994968938e-05,28901.78787688286,5000.0,57032.85139779854,2089.966661775332,57071.13192508717
2023-08-09 16:57:52+00:00,39.85369994020304,-75.7464304772284,-2066.0696508921483,40.134882910925285,-75.18727511000168,37.9246350983564,1.3131868996860376e-05,1.3533222894578195e-05,28923.951704896343,5000.0,57033.34176310229,2090.1424381983898,57071.62839869549
2023-08-09 16:57:53+00:00,39.85374200930542,-75.74678126738357,-2066.5576177592898,40.13494442126828,-75.18762832140163,37.426945753725136,1.313970742733605e-05,1.3555151836823418e-05,28926.27275540735,5000.0,57031.00695453029,2090.4928243722925,57069.30799034131
2023-08-09 16:57:54+00:00,39.85378440545416,-75.74713104093703,-2066.96024666245,40.135013888566135,-75.18797837518392,36.86836442978584,1.3155027298612884e-05,1.3542964224606074e-05,28954.51695720371,5000.0,57028.91332652904,2090.8145981114235,57067.22755565087
2023-08-09 16:57:55+00:00,39.85382826935348,-75.74747881902265,-2067.4482223504347,40.13507877457538,-75.18832485612685,36.33938663183965,1.3169278508315928e-05,1.3555912070863982e-05,29031.790235376568,5000.0,57027.57528098921,2091.1744992823515,57065.90359588938
2023-08-09 16:57:56+00:00,39.85387667621671,-75.7478211045285,-2068.072938769619,40.13511983579301,-75.18866844378744,35.89780525863812,1.3175686522067747e-05,1.357095723054185e-05,29051.3484048237,5000.0,57023.020538490986,2091.583378628397,57061.36689883024
2023-08-09 16:57:57+00:00,39.85392889490865,-75.74816132096618,-2068.469054672386,40.135129766115824,-75.18900871460363,35.48726601077024,1.3210444842871876e-05,1.3569340498414634e-05,29063.046215693743,5000.0,57018.75211434154,2091.8948784250856,57057.11276308248
2023-08-09 16:57:58+00:00,39.8539811264798,-75.74849795249341,-2068.9631359977475,40.13506147283681,-75.18934825049614,35.20476551479763,1.3209612938866742e-05,1.356384790386175e-05,29057.777469799214,5000.0,57014.105599560375,2092.064312938399,57052.47558526529
2023-08-09 16:57:59+00:00,39.854032413254544,-75.7488397532728,-2069.470987561039,40.134975563245774,-75.1896883781778,34.890257799189335,1.322462519722431e-05,1.3588810662724068e-05,29076.68979137074,5000.0,57010.74172181575,2092.1789680129505,57049.11817465524
2023-08-09 16:58:00+00:00,39.85408434539502,-75.74917940115728,-2069.9963118220203,40.13478087063595,-75.1900314741283,34.67776673791392,1.3230237479702277e-05,1.3611749932548495e-05,29086.31215338888,5000.0,57004.81612961201,2092.381448835376,57043.20399572857
2023-08-09 16:58:01+00:00,39.85413451401803,-75.74951616995261,-2070.548309365129,40.13455239208509,-75.19037469626137,34.47785032424902,1.3238844240680603e-05,1.3620005132534509e-05,29101.483160902822,5000.0,57001.25319314673,2092.8544369609103,57039.660809681605
2023-08-09 16:58:02+00:00,39.85417996214106,-75.74985160304902,-2071.104988267521,40.13421155681218,-75.19072173510791,34.32511130121912,1.3233215387549124e-05,1.362500747618488e-05,29116.40655503192,5000.0,56996.69767058375,2093.3612063626983,57035.12695253892
2023-08-09 16:58:03+00:00,39.85422749238767,-75.75018987418241,-2071.6137538773314,40.13387819395173,-75.19106791308644,34.097769504312204,1.3227999519699375e-05,1.3621932137494328e-05,29152.10912680923,5000.0,56991.3032535079,2093.8185132323333,57029.75295843087
2023-08-09 16:58:04+00:00,39.85427650494458,-75.75052471150934,-2072.1744601309374,40.1334854161786,-75.19141432098642,33.89197739614084,1.3240012236996591e-05,1.3613936756126004e-05,29136.020842388098,5000.0,56988.0288103678,2094.199873403,57026.49472658364
2023-08-09 16:58:05+00:00,39.8543289642375,-75.7508557839347,-2072.7794088978026,40.13300665318445,-75.19176168944739,33.70153916870752,1.3232472292682078e-05,1.3640392596899788e-05,29136.85399162276,5000.0,56982.825265124535,2094.5806823303096,57021.30867869051
2023-08-09 16:58:06+00:00,39.854380677122535,-75.75118434583251,-2073.264612682688,40.13247084190451,-75.19210876365656,33.512399331321305,1.3239943187418768e-05,1.3649102985184971e-05,29125.69377706532,5000.0,56976.29563522717,2094.819788656043,57014.7922407839
2023-08-09 16:58:07+00:00,39.85443020935483,-75.75151154790902,-2073.762526056601,40.13197329713184,-75.19245221881195,33.3102976830225,1.323782835948372e-05,1.367106868527312e-05,29189.327893615613,5000.0,56970.50653126538,2095.153176537261,57009.01929749455
2023-08-09 16:58:08+00:00,39.85447478427429,-75.75183818031306,-2074.281856237392,40.13116136883867,-75.19280929174967,33.21268168994892,1.3249256615594288e-05,1.3679994068614529e-05,29208.77225028399,5000.0,56966.131200475465,2095.408338670421,57004.65630152991
2023-08-09 16:58:09+00:00,39.85451450459854,-75.75216929011174,-2074.730019611085,40.129779879594615,-75.19319940548979,33.34679288978653,1.3244392702424456e-05,1.3687630478265546e-05,29167.019377281755,5000.0,56959.59639410265,2095.4983113002445,56998.129219753646
2023-08-09 16:58:10+00:00,39.85454574523703,-75.75250588662675,-2075.218035280104,40.12793677827139,-75.19362520339048,33.64513621101127,1.3263243251540276e-05,1.370178082084702e-05,29218.65214822841,5000.0,56954.76737315632,2095.704548859924,56993.31104688044
2023-08-09 16:58:11+00:00,39.854568656127874,-75.75284769306717,-2075.7953190943945,40.12676773800664,-75.19402284698795,33.62224356936632,1.3271117477784811e-05,1.370101627630112e-05,29262.931686855238,5000.0,56952.409717387694,2096.184992111461,56990.972654784106
2023-08-09 16:58:12+00:00,39.854592835491225,-75.75319119722292,-2076.2128164357678,40.12604545197965,-75.19439890452088,33.45078501579011,1.3263333443910145e-05,1.3718862687115208e-05,29254.658629256883,5000.0,56948.13979153364,2096.329826450918,56986.71094612607
2023-08-09 16:58:13+00:00,39.85460710455261,-75.75354073666556,-2076.690711111617,40.1253244247716,-75.19477630564471,33.27029664818355,1.3264772645888074e-05,1.372456624103098e-05,29218.167599261586,5000.0,56946.24163354848,2096.3994310021417,56984.81663356297
2023-08-09 16:58:14+00:00,39.85461809664237,-75.75388851915764,-2077.222174696325,40.12459605174532,-75.19515558085101,33.045339490908155,1.3280249669974953e-05,1.3743971175228372e-05,29242.649086405218,5000.0,56945.8230153983,2096.722260967508,56984.41017629913
2023-08-09 16:58:15+00:00,39.854626921476566,-75.75423871292364,-2077.77429205283,40.123716279343576,-75.19554285654286,32.84609178321445,1.3294496974213317e-05,1.3759774583233728e-05,29290.361660803926,5000.0,56945.079774124686,2097.397344077649,56983.69228209391
2023-08-09 16:58:16+00:00,39.85463046678144,-75.75459292583676,-2078.026783436104,40.12268087722103,-75.19593805385281,32.754755341187376,1.3316677364612587e-05,1.378674096125932e-05,29299.139791999813,5000.0,56944.28896157456,2097.5695600639306,56982.90834450808
2023-08-09 16:58:17+00:00,39.854630377155765,-75.7549453222161,-2078.314228116542,40.12176001801625,-75.1963251563947,32.68234375028108,1.3324344446520656e-05,1.380065614599658e-05,29314.502078657944,5000.0,56946.41871767427,2097.7435627991053,56985.0430624032
2023-08-09 16:58:18+00:00,39.8546283472118,-75.7552996254625,-2078.5123814183303,40.12033687538501,-75.19673540316325,32.73094385384522,1.3353412799043048e-05,1.3794039663626049e-05,29304.93860314568,5000.0,56948.01472973366,2098.12995469749,56986.65221755671
2023-08-09 16:58:19+00:00,39.85462525627086,-75.75565884147707,-2078.700875172033,40.11819033921135,-75.19718545846443,32.999541909792896,1.335402354217222e-05,1.3807863045649935e-05,29310.11042799793,5000.0,56948.72314854163,2098.552129464447,56987.37570102102
2023-08-09 16:58:20+00:00,39.85461652054046,-75.75602183534158,-2078.7553274215315,40.117191005431046,-75.19757820846026,33.08372708498841,1.3344250219108996e-05,1.382623151452459e-05,29341.86603305573,5000.0,56952.330262496725,2098.9350539524976,56990.99447008458
2023-08-09 16:58:21+00:00,39.85460952785554,-75.75637560057542,-2078.7928916029023,40.11630893325155,-75.19796418469473,33.16123522239364,1.3343031373308144e-05,1.3838029344603486e-05,29384.05640832145,5000.0,56954.01322880804,2099.475770405565,56992.69621081075
2023-08-09 16:58:22+00:00,39.85460271664744,-75.75673338209359,-2078.8398128695626,40.11479466840077,-75.19837908846202,33.35848245139016,1.33610581546032e-05,1.3851843547156444e-05,29378.58563882068,5000.0,56955.05847237736,2099.8507058325813,56993.75455765929
2023-08-09 16:58:23+00:00,39.85459601579346,-75.75708577076297,-2079.016065389901,40.11338961308657,-75.19878831833286,33.528820153535186,1.338278307856806e-05,1.3851002859621745e-05,29383.226437591977,5000.0,56958.022300518736,2100.284094161903,56996.7323419736
2023-08-09 16:58:24+00:00,39.8545917998625,-75.7574403371072,-2079.0867507030944,40.111697784426674,-75.19921648508644,33.74585908390856,1.3389285182208408e-05,1.38702110791637e-05,29405.830485941995,5000.0,56959.84211255992,2100.678217760914,56998.56544214363
2023-08-09 16:58:25+00:00,39.854586961327016,-75.7577983868731,-2079.1875688133414,40.11020887991663,-75.19964072125748,33.92323186893534,1.3398613020912462e-05,1.387091827745164e-05,29448.60278825288,5000.0,56960.52305338407,2101.1521636922525,56999.263389363965
2023-08-09 16:58:26+00:00,39.8545817791707,-75.7581626089461,-2079.3010410807883,40.10888932075354,-75.20006360636229,34.05186550661578,1.3424114505496346e-05,1.388402696058514e-05,29445.023691382168,5000.0,56963.71312561061,2101.5788489994297,57002.46702306334
2023-08-09 16:58:27+00:00,39.85457333389627,-75.75853351067747,-2079.389630511241,40.10770410557296,-75.20048543218034,34.12626229606446,1.343431763321682e-05,1.3890887197230608e-05,29511.89907282409,5000.0,56966.81748604838,2101.941695650089,57005.582651005854
2023-08-09 16:58:28+00:00,39.85456546542393,-75.75890903956832,-2079.5413447799483,40.10635111176251,-75.20091901472652,34.215997378093206,1.3437738922576135e-05,1.389602121429044e-05,29532.44857497236,5000.0,56969.383240824754,2102.501062573913,57008.16728818853
2023-08-09 16:58:29+00:00,39.85455966498256,-75.75928522504921,-2079.6730095004427,40.10439267963029,-75.2013903425451,34.408321201185935,1.3452086496483994e-05,1.3907251130583436e-05,29569.07569858895,5000.0,56974.78841259051,2102.9603048416075,57013.58572045085
2023-08-09 16:58:30+00:00,39.85455932518415,-75.75965989560396,-2079.7243743505123,40.10266261732125,-75.20184540489258,34.576807715098056,1.34672384155255e-05,1.392859979149732e-05,29624.0364245396,5000.0,56979.11325095849,2103.3195179733234,57017.92086581412
2023-08-09 16:58:31+00:00,39.854561449900686,-75.76003726917264,-2079.844983435748,40.10074389942889,-75.20230971306741,34.807372675899494,1.3471499738555203e-05,1.3931301647396e-05,29673.075897903826,5000.0,56983.54665304831,2103.585420940913,57022.36105935398
2023-08-09 16:58:32+00:00,39.85456869649657,-75.76041340037601,-2079.932394400934,40.09973283270296,-75.20272211723581,34.885174485250914,1.3485998006862804e-05,1.3947752801611948e-05,29679.17403490118,5000.0,56987.10367596939,2103.855026039925,57025.92560709802
2023-08-09 16:58:33+00:00,39.85457749102523,-75.76078877556778,-2079.9493005553622,40.0990701913042,-75.20311359432853,34.889991785492725,1.34993045834188e-05,1.3976280572868708e-05,29667.69943873537,5000.0,56990.59958315057,2104.0202907848006,57029.425231463065
2023-08-09 16:58:34+00:00,39.85459546040845,-75.76116365790858,-2080.1476171316594,40.09714972300737,-75.20358408335667,35.04123762910771,1.3523326008158754e-05,1.3986951530944728e-05,29683.842966821838,5000.0,56993.18366648481,2104.3827184407623,57032.02092743464
2023-08-09 16:58:35+00:00,39.854631093707454,-75.76155153473869,-2080.204367782484,40.09117020759932,-75.20432446211076,35.849128186125164,1.3522279437028338e-05,1.4003994366649e-05,29697.639241082816,5000.0,56995.20350674147,2104.8119067867647,57034.05522964176
2023-08-09 16:58:36+00:00,39.854671078177695,-75.7619468980744,-2080.220803771372,40.08808221168577,-75.20489971357402,36.29713274681967,1.3538326314803767e-05,1.4026922688235493e-05,29675.01876183778,5000.0,56997.53692186516,2105.2480112467038,57036.40315051643
2023-08-09 16:58:37+00:00,39.85472132542599,-75.76234743813183,-2080.1028053207683,40.08532164273345,-75.20547126083532,36.734090275215976,1.3542342085278209e-05,1.4037177195918975e-05,29756.378304966853,5000.0,56999.529813174966,2105.530933247402,57038.40512701844
2023-08-09 16:58:38+00:00,39.85477549166194,-75.76275195214038,-2080.1468735596927,40.08430065844453,-75.20592615289259,36.89501747222132,1.355154570717988e-05,1.4040671506189391e-05,29802.904168706154,5000.0,57001.33463883684,2106.0212562984543,57040.22682406374
2023-08-09 16:58:39+00:00,39.85483187981308,-75.76316332341108,-2080.1629212327343,40.08258628935393,-75.20643456399043,37.13353866692331,1.3554011538876907e-05,1.4049404253638494e-05,29797.37370878449,5000.0,57003.86564846542,2106.272306583989,57042.76537737085
2023-08-09 16:58:40+00:00,39.85489970792435,-75.76358143139146,-2080.170087511775,40.07879903438928,-75.20710909117389,37.66065908770012,1.3566827104651086e-05,1.407232432209916e-05,29845.370854525823,5000.0,57006.11566939607,2106.6010227708,57045.02600211261
2023-08-09 16:58:41+00:00,39.85497428910909,-75.76400768884582,-2080.1381667630644,40.07615531634395,-75.20770107829043,38.0469740589843,1.35862555014982e-05,1.4079346241503784e-05,29856.797974329365,5000.0,57008.16499944585,2106.92953702422,57047.08606649448
2023-08-09 16:58:42+00:00,39.8550563883791,-75.76444238487238,-2080.1066666023125,40.07319881064585,-75.20832048706636,38.51368623131423,1.359468783545652e-05,1.4093329623600494e-05,29898.82787513237,5000.0,57010.17708857436,2107.19196227646,57049.10647535588
2023-08-09 16:58:43+00:00,39.85514312426059,-75.76488481273284,-2079.901072411743,40.07051346896134,-75.20892436696889,38.967892897909856,1.3601498780246229e-05,1.4099748512013491e-05,29916.839086539647,5000.0,57011.29082299776,2107.332027392322,57050.22462337989
2023-08-09 16:58:44+00:00,39.8552394913777,-75.76533155396717,-2079.8508051931626,40.06770722498773,-75.20953495867148,39.40101972606317,1.3618651955458545e-05,1.4095355294134238e-05,29941.61930517592,5000.0,57014.350608450746,2107.516545507632,57053.28913649884
2023-08-09 16:58:45+00:00,39.8552650546019,-75.76570037461275,-2079.445037535914,40.130826255563775,-75.20202636365568,43.88400211603656,1.361765433547143e-05,1.4095788835066905e-05,29967.08108552876,5000.0,57014.68579914202,2107.33490899763,57053.617389203
2023-08-09 16:58:46+00:00,39.85528780537568,-75.76607117219315,-2078.946968463636,40.13085335940363,-75.20239661602167,43.90867387589176,1.361215277978333e-05,1.4102535600907031e-05,29974.978763328367,5000.0,57015.71847132956,2106.9473941360416,57054.63504504754
2023-08-09 16:58:47+00:00,39.85530727036309,-75.76644303357239,-2078.719878677647,40.13087829732554,-75.20276788926228,43.789828322798655,1.3625554922387924e-05,1.4115620978607476e-05,29993.164588960142,5000.0,57016.48184002956,2106.744476142119,57055.390400050506
2023-08-09 16:58:48+00:00,39.85532527966977,-75.76681292835558,-2078.417610391059,40.130903479478896,-75.20313850112422,43.67609696798398,1.3625427227685349e-05,1.4118258400892412e-05,29998.16800599742,5000.0,57017.74726456969,2106.511602177378,57056.64636356095
2023-08-09 16:58:49+00:00,39.8553482290054,-75.76718136937285,-2078.338780991193,40.13093233763969,-75.20350672788382,43.53697898921979,1.3622271552496727e-05,1.412718118647432e-05,30068.0729262416,5000.0,57019.28836899401,2106.697641873522,57058.19328598454
2023-08-09 16:58:50+00:00,39.855367768977786,-75.76754594322352,-2078.3044749812825,40.13096413722436,-75.20387279212288,43.38261022263678,1.3636904890031908e-05,1.4137580426479468e-05,30087.96150321296,5000.0,57020.29752809058,2107.064886183055,57059.21531730487
2023-08-09 16:58:51+00:00,39.85538997222261,-75.76790837179685,-2078.2938391275065,40.13100142343548,-75.20423656078167,43.23452613957281,1.3660308326690276e-05,1.4141959006576432e-05,30120.57444243945,5000.0,57020.74677875311,2107.453148486144,57059.678600389496
2023-08-09 16:58:52+00:00,39.85541193075368,-75.76827028455153,-2077.9386813596693,40.13102623198271,-75.20459891262443,43.3959185142844,1.3680983414990111e-05,1.4157119148400747e-05,30142.07923591554,5000.0,57021.17448408405,2107.4225781279765,57060.1048848244
2023-08-09 16:58:53+00:00,39.85543683908884,-75.76863311852156,-2077.9079829503025,40.13105311306416,-75.20496044324379,43.49368413444101,1.3703768936933372e-05,1.4159772687418502e-05,30158.131221861524,5000.0,57020.7853848344,2107.6410521482994,57059.724120504165
2023-08-09 16:58:54+00:00,39.85546194776797,-75.76898933712413,-2077.9625848907544,40.13107495363909,-75.20531985606893,43.4573840529624,1.3707056090162716e-05,1.4171221892068476e-05,30186.48101289952,5000.0,57019.75808661332,2108.003465072802,57058.71091134696
2023-08-09 16:58:55+00:00,39.855484518775626,-75.76934486036976,-2077.818974980977,40.13104348348487,-75.20567932427414,43.64411115587957,1.3734751987478117e-05,1.41913729908889e-05,30198.0095655528,5000.0,57019.31925930969,2108.16539813446,57058.27836642967
2023-08-09 16:58:56+00:00,39.85550895681186,-75.76970141627206,-2077.7582778265087,40.13095348769301,-75.20603832180528,43.96689452427688,1.374941108128408e-05,1.4196466057076994e-05,30211.936624097943,5000.0,57018.051130299486,2108.473906471947,57057.02250303392
2023-08-09 16:58:57+00:00,39.85552888850808,-75.770059066467,-2077.727490806222,40.130903213624784,-75.20639679265359,44.10932397445584,1.376383911567884e-05,1.4223927876193042e-05,30220.14727991502,5000.0,57017.09571301025,2108.708937813072,57056.07642425988
2023-08-09 16:58:58+00:00,39.85554640239709,-75.77041949431904,-2077.8224553200425,40.13087524352907,-75.20675642570224,44.14806503030205,1.3774366407778297e-05,1.4222278386328884e-05,30258.44678408545,5000.0,57016.547523205256,2109.028283170615,57055.5404125238
2023-08-09 16:58:59+00:00,39.85556335201289,-75.77078052470233,-2077.987075645185,40.13085448198551,-75.20711620842796,44.12623528321025,1.378632391366001e-05,1.4232018006094332e-05,30272.377786233512,5000.0,57016.05158247335,2109.3880823282107,57055.058111767175
2023-08-09 16:59:00+00:00,39.85557601126281,-75.77114252667997,-2078.1743861777995,40.130797647967896,-75.20747771909626,44.12584939513604,1.3813186889185735e-05,1.4248449756726407e-05,30265.41834568139,5000.0,57015.90809350396,2109.776783561648,57054.92909296572
2023-08-09 16:59:01+00:00,39.85558898848761,-75.77150757582524,-2078.1515864732573,40.13067884099123,-75.2078419933231,44.15082315067951,1.3837521749452746e-05,1.4256044504230196e-05,30263.748117232568,5000.0,57016.40234267464,2110.1816667417484,57055.43797718503
2023-08-09 16:59:02+00:00,39.85560151137531,-75.77187088064602,-2078.2142238587444,40.13054850139945,-75.2082064405226,44.13191246620868,1.384582086005149e-05,1.4269159620662428e-05,30240.249394561,5000.0,57017.25067993831,2110.8052633242883,57056.308800680425
2023-08-09 16:59:03+00:00,39.85561099533655,-75.77223485584095,-2078.370678143401,40.13035317764197,-75.20857016127505,44.12016801303289,1.3853581861954644e-05,1.4284559165319074e-05,30251.42531728774,5000.0,57018.39809898863,2111.4549402691973,57057.47947236661
2023-08-09 16:59:04+00:00,39.855619739477504,-75.77259769228274,-2078.583197463441,40.130084790496575,-75.20893341070555,44.10160350946578,1.387525347472232e-05,1.429834614260499e-05,30279.7793344289,5000.0,57019.98929510769,2111.967462973289,57059.08854668863
2023-08-09 16:59:05+00:00,39.85562447385794,-75.77296544951736,-2078.881764028676,40.12985321503777,-75.20929598236766,43.99192201406279,1.3895312949028787e-05,1.432678509632732e-05,30307.33295346601,5000.0,57022.02494997624,2112.460341311486,57061.14105141368
2023-08-09 16:59:06+00:00,39.85562585145672,-75.77333465379205,-2079.2309620085634,40.12948202348247,-75.20966125142938,43.88367092072069,1.3920504271963647e-05,1.4339684737419698e-05,30368.7401793373,5000.0,57024.31170451548,2112.8723349506845,57063.44149170764
2023-08-09 16:59:07+00:00,39.85562719548945,-75.77370722182059,-2079.490471058184,40.128511664169615,-75.210029586245,44.00928636458048,1.3923852982743446e-05,1.4366178606623609e-05,30416.395084318698,5000.0,57027.15636161221,2113.396430203402,57066.30360521842
2023-08-09 16:59:08+00:00,39.85562968860821,-75.77408219872441,-2079.812900524133,40.12782828198559,-75.21039555969506,43.94243485777931,1.3933381672127416e-05,1.43748059958122e-05,30461.20476951637,5000.0,57030.56254517262,2113.981539612283,57069.7291229656
2023-08-09 16:59:09+00:00,39.855634018100034,-75.77445314985948,-2080.2386219573773,40.12724326320071,-75.21075735363576,43.76978095376202,1.3951515595583185e-05,1.4389245821241943e-05,30489.066114417936,5000.0,57033.87547258267,2114.692844900635,57073.0661279937
2023-08-09 16:59:10+00:00,39.855635957471634,-75.77482511091691,-2080.581781326621,40.12631011103377,-75.21111029329771,43.72015263028451,1.3965032477615906e-05,1.4404708786128247e-05,30490.73025166216,5000.0,57037.96488001794,2115.275275808433,57077.17430940854
2023-08-09 16:59:11+00:00,39.85564220411631,-75.7751958056291,-2081.0404424719536,40.12526930777764,-75.2114557270416,43.70897912670202,1.3976957857648965e-05,1.442406341026696e-05,30531.81942258892,5000.0,57041.51012277865,2115.9896055691083,57080.7435927208
2023-08-09 16:59:12+00:00,39.85566009561518,-75.77556270128844,-2081.4448087324045,40.12359803782037,-75.21178025408648,43.89687964707113,1.3978956102144022e-05,1.441755861423714e-05,30587.79778568232,5000.0,57044.09244506076,2116.660291673471,57083.34900538848
2023-08-09 16:59:13+00:00,39.855680289677686,-75.77592716831195,-2081.8900163282624,40.12262060034029,-75.21211003811293,43.80097413878072,1.400380661596086e-05,1.4425617830177537e-05,30609.742261827247,5000.0,57046.54542369084,2117.152697245305,57085.81855698205
2023-08-09 16:59:14+00:00,39.85570597120825,-75.77628529882018,-2082.3200266996746,40.12151963849875,-75.21243059935745,43.72282870638123,1.4008982320302272e-05,1.44323066179567e-05,30626.478459151294,5000.0,57048.07236226442,2117.5994630845107,57087.3610156943
2023-08-09 16:59:15+00:00,39.85573749610423,-75.77663660183136,-2082.8928632690777,40.12015056431728,-75.21273695236079,43.67500073350212,1.4023665180093864e-05,1.4452083873100597e-05,30675.312346442533,5000.0,57048.50425544849,2118.0823578452278,57087.81052605311
2023-08-09 16:59:16+00:00,39.855776016212666,-75.77698101321445,-2083.376780800173,40.1189132667874,-75.21303969988051,43.52586466093211,1.4042693553222476e-05,1.4469280243056686e-05,30734.350463854964,5000.0,57048.056537670825,2118.602352798998,57087.38241200565
2023-08-09 16:59:17+00:00,39.85582335684428,-75.77732112850612,-2083.81390017392,40.11716134266076,-75.21332510865227,43.49400812380412,1.4049273016162252e-05,1.4464821079445466e-05,30805.555236826254,5000.0,57046.5777336748,2118.982578129039,57085.91873913054
2023-08-09 16:59:18+00:00,39.85588071325479,-75.77765496496343,-2084.4427683760955,40.11527847500991,-75.21360763134003,43.44156415483653,1.4078159421126853e-05,1.4485441643824936e-05,30881.74224312552,5000.0,57043.50343543687,2119.4708122477714,57082.86468558378
2023-08-09 16:59:19+00:00,39.855942616651234,-75.77798715483323,-2085.117323873871,40.11348392993028,-75.21389632019047,43.310767215831405,1.4101562453393557e-05,1.4510350494940408e-05,30874.460575757494,5000.0,57039.68192286599,2119.9980062461323,57079.06538660398
2023-08-09 16:59:20+00:00,39.85600599205858,-75.77832039354577,-2085.8447687847865,40.11183083651449,-75.21419378545559,43.10434501103208,1.4111359373396704e-05,1.450759425463808e-05,30909.58078232285,5000.0,57035.61129836234,2120.2708014678883,57075.00770433093
2023-08-09 16:59:21+00:00,39.856071625320936,-75.7786539853162,-2086.473825350213,40.110148725723874,-75.21449540340309,42.871525645414245,1.414483182609006e-05,1.4507412832368991e-05,30934.760303999243,5000.0,57031.31423145834,2120.472075668765,57070.72108175114
2023-08-09 16:59:22+00:00,39.856144610150935,-75.7789858120573,-2087.0909358805075,40.10831815523533,-75.21479339839462,42.636357599631545,1.4174420573998828e-05,1.4517211217547448e-05,30957.18271990132,5000.0,57026.81906552077,2120.6550839361585,57066.23582046277
2023-08-09 16:59:23+00:00,39.85621982198465,-75.77931119172061,-2087.6707262132977,40.106248323207325,-75.21508664278076,42.44129991781672,1.4191371861154155e-05,1.4527843124172885e-05,30982.231622585063,5000.0,57022.01526784065,2120.973756960324,57061.44718532441
2023-08-09 16:59:24+00:00,39.856299188199046,-75.77963753494505,-2088.2335225850748,40.10416923733868,-75.2153785634369,42.26051621897437,1.4197076387295752e-05,1.4539752299562478e-05,31032.082387171908,5000.0,57016.808996640335,2121.2456588913687,57056.25462037209
2023-08-09 16:59:25+00:00,39.856380058444685,-75.77996371984406,-2088.8332250602725,40.10253154676483,-75.21566982953037,41.9846098026288,1.420262780553713e-05,1.4547913308894734e-05,31022.22976440732,5000.0,57011.25346210364,2121.4733723738736,57050.7113942492
2023-08-09 16:59:26+00:00,39.85646186545063,-75.78028685228531,-2089.4353453723106,40.10105977245591,-75.21595999312835,41.646407655166975,1.420076830129077e-05,1.4557003024330332e-05,31096.668319713208,5000.0,57005.98270712207,2121.627700392368,57045.45002455299
2023-08-09 16:59:27+00:00,39.8565434489383,-75.78060380590208,-2090.234501754205,40.09949872910296,-75.21624525087084,41.25397506833044,1.4200303282043232e-05,1.4562168275701848e-05,31080.033729744104,5000.0,56999.85222020785,2122.115451042932,57039.34192391326
2023-08-09 16:59:28+00:00,39.856623777303,-75.78091573387519,-2090.8124678451745,40.0973360477492,-75.21652425266652,40.89550278410049,1.4207754108655432e-05,1.4566473072966725e-05,31082.235288251333,5000.0,56993.3193055924,2122.488232085807,57032.82740461457
2023-08-09 16:59:29+00:00,39.85670571589541,-75.78122221279818,-2091.6388985306685,40.09542785534047,-75.21680309739773,40.49938747912321,1.4200354469847847e-05,1.458225603998658e-05,31100.58133155349,5000.0,56986.79399770651,2122.8821573448904,57026.32128053687
2023-08-09 16:59:30+00:00,39.85678637034087,-75.78152306383629,-2092.297371521314,40.09340781087953,-75.2170826906247,40.11422576991583,1.422829660027433e-05,1.4612416337856224e-05,31119.612169649983,5000.0,56979.2251883182,2123.030569506685,57018.76324386679
2023-08-09 16:59:31+00:00,39.85686150710171,-75.781823431793,-2092.7986247484823,40.09108623551263,-75.21736891959665,39.80950544918871,1.4238318999102986e-05,1.4620768248005218e-05,31136.095842719205,5000.0,56971.61482127933,2123.169217797861,57011.16331799956
2023-08-09 16:59:32+00:00,39.856932792500615,-75.78212022001702,-2093.03488819626,40.088584193136086,-75.21766758464832,39.62106460502127,1.424017950672588e-05,1.4629261563517348e-05,31138.049637301563,5000.0,56964.02504375106,2123.1173720229485,57003.57687514428
2023-08-09 16:59:33+00:00,39.85699909466703,-75.78241085996589,-2093.466878921281,40.08606632825027,-75.21797623646502,39.53450581313598,1.4235599218910372e-05,1.4647888572546144e-05,31178.47252989053,5000.0,56955.82507101607,2123.0313615639952,56995.37938888
2023-08-09 16:59:34+00:00,39.857065114228256,-75.78269963901047,-2093.966448443027,40.08399557932704,-75.21828477124872,39.44008572723202,1.424989219832448e-05,1.4667671514040996e-05,31161.3649759494,5000.0,56947.58687957383,2123.0417458353127,56987.14730236256
2023-08-09 16:59:35+00:00,39.85712616999516,-75.78298648768839,-2094.2176161074485,40.08176991889332,-75.21860874202129,39.38424893230585,1.4256093230034551e-05,1.4668810174673286e-05,31116.541465996976,5000.0,56940.05897036244,2123.052863653836,56979.62503395596
2023-08-09 16:59:36+00:00,39.8571881576171,-75.78327441873998,-2094.587290204941,40.07991589992351,-75.2189297750642,39.27976395369533,1.4255069387890892e-05,1.467842821447262e-05,31202.46990489794,5000.0,56932.1560677937,2123.27447930781,56971.735878785534
2023-08-09 16:59:37+00:00,39.85724589696749,-75.78355906743485,-2094.9852654384813,40.0778896929987,-75.21927100192408,39.128165299325566,1.425953874913643e-05,1.4674898232531271e-05,31279.19899186476,5000.0,56924.11972850973,2123.457296984235,56963.71193802091
2023-08-09 16:59:38+00:00,39.857299637353485,-75.78384522614044,-2095.1332565829853,40.07553412508525,-75.2196432073412,39.04914681045041,1.4257627653686877e-05,1.46846055805673e-05,31310.870580561037,5000.0,56916.705969232,2123.238649132168,56956.29518103489
2023-08-09 16:59:39+00:00,39.85735078207426,-75.78413622251719,-2095.593735165683,40.07374363831255,-75.22000161315297,38.921395725276376,1.4273227113799235e-05,1.4677677522056862e-05,31333.38266623919,5000.0,56909.13628521507,2123.3705078823587,56948.735675543554
2023-08-09 16:59:40+00:00,39.85739803083814,-75.78442585355832,-2095.8136959974563,40.07254493552168,-75.220338847131,38.78748147062858,1.4293633538384348e-05,1.467679330680516e-05,31348.35554193599,5000.0,56901.535254087,2123.332874136683,56941.138527136034
2023-08-09 16:59:41+00:00,39.85744498899365,-75.78471046166672,-2096.2336322857136,40.07136695440877,-75.22061756674913,38.69505869525331,1.4291672719519688e-05,1.467857988897175e-05,31379.097126914214,5000.0,56893.62973222016,2123.483869284739,56933.24413600616
2023-08-09 16:59:42+00:00,39.85748656666992,-75.78499448730958,-2096.48717172581,40.07042480572012,-75.22091710617588,38.52673228231485,1.4305852860924716e-05,1.4685509053123648e-05,31459.56268697556,5000.0,56886.3214207538,2123.537922360664,56925.94292669219
2023-08-09 16:59:43+00:00,39.85752985118189,-75.78527232029813,-2096.619954674893,40.0698289622197,-75.22117065255914,38.40414474278224,1.4318594573744835e-05,1.4685870064450192e-05,31469.99047795968,5000.0,56878.360096904646,2123.386783624472,56917.98150625183
2023-08-09 16:59:44+00:00,39.857570520957,-75.78555498587522,-2096.9305769909706,40.06813077549648,-75.22159420133953,38.38033093730685,1.434394620345096e-05,1.4698460377391327e-05,31494.355233615093,5000.0,56871.36537268451,2123.2772903134887,56910.98756659332
2023-08-09 16:59:45+00:00,39.85757998081378,-75.78591662434637,-2097.073243454717,40.12725062156076,-75.2192429232714,40.40110472711195,1.4359372333209246e-05,1.4703752159651242e-05,31488.95194965981,5000.0,56871.71683549584,2123.00154205959,56911.32849762346
2023-08-09 16:59:46+00:00,39.85758938399407,-75.78627565646215,-2097.2216846057363,40.12726249682861,-75.21960379004403,40.07937668422189,1.437362394875212e-05,1.4746309886816007e-05,31533.90658694823,5000.0,56871.5702885785,2122.9634314705536,56911.18063105075
2023-08-09 16:59:47+00:00,39.8575978149913,-75.78663319771795,-2097.3643477715814,40.1272733331576,-75.21996195434714,39.74387113504172,1.4400184074065783e-05,1.4763511287689118e-05,31549.15757388008,5000.0,56871.694911358914,2123.0056508710354,56911.30674202024
2023-08-09 16:59:48+00:00,39.85760308301647,-75.78698712496308,-2097.751278189592,40.12728315856468,-75.2203171793052,39.40516906110803,1.4403302364593916e-05,1.4769873555398072e-05,31566.3138356991,5000.0,56871.98958507609,2123.203136999144,56911.60857791639
2023-08-09 16:59:49+00:00,39.85761114505267,-75.78733775092269,-2097.972260709452,40.12729730485585,-75.22066805278168,38.9552071772936,1.4406701110391864e-05,1.4781269566924e-05,31603.882144729105,5000.0,56871.89834553671,2123.1559850665813,56911.515642811566
2023-08-09 16:59:50+00:00,39.85762108660988,-75.78768606060036,-2098.337653299141,40.1273172568774,-75.22101522250473,38.45758735667788,1.4418254649669786e-05,1.478671334205315e-05,31622.42868120337,5000.0,56871.70293990069,2123.6639620409696,56911.33932625361
2023-08-09 16:59:51+00:00,39.85763100095383,-75.78803071623189,-2098.668901901963,40.12733957886332,-75.2213601642867,37.96284404691317,1.4441735545711026e-05,1.4798709445994322e-05,31605.64874855789,5000.0,56871.09668456348,2124.007840184238,56910.74632624433
2023-08-09 16:59:52+00:00,39.85764017467424,-75.78837566622553,-2099.123424745365,40.1273274335198,-75.22171056094827,37.773969421997045,1.4459318033101336e-05,1.4809735499432636e-05,31634.880387807323,5000.0,56870.35344310331,2124.431934269358,56910.01943231821
2023-08-09 16:59:53+00:00,39.857651889088295,-75.7887176206795,-2099.5346255064014,40.12728095972256,-75.22206370945902,37.72154579780397,1.4465183397033602e-05,1.48132659206976e-05,31658.78029228712,5000.0,56869.478982035886,2124.760237598312,56909.15783734196
2023-08-09 16:59:54+00:00,39.85766175226961,-75.78905717930346,-2100.0022669624177,40.12725897304082,-75.22240866300712,37.45927052709746,1.4495016692860448e-05,1.4816604526218443e-05,31700.225003464675,5000.0,56868.41864929308,2125.1410361071057,56908.11246293986
2023-08-09 16:59:55+00:00,39.85767199917751,-75.7893952550659,-2100.3979344542918,40.12729675271475,-75.22274193549192,36.92068997395431,1.4521859988795082e-05,1.47985899883921e-05,31685.664536661072,5000.0,56866.95156627806,2125.4339571517644,56906.657342947394
2023-08-09 16:59:56+00:00,39.85767947265917,-75.78972956226752,-2100.8067161182325,40.12733329126708,-75.2230727848771,36.3795398096596,1.4540781606553678e-05,1.4796726305006784e-05,31734.094104462325,5000.0,56865.57783497861,2125.717068650651,56905.29514519685
2023-08-09 16:59:57+00:00,39.8576933380312,-75.79006138886174,-2101.321004624234,40.12738265959172,-75.22339808788891,35.805942109383345,1.4537672035917666e-05,1.4809338098804438e-05,31800.87064931734,5000.0,56863.725156830944,2126.1738722856567,56903.46082662107
2023-08-09 16:59:58+00:00,39.85770367044378,-75.79038938688542,-2101.863723481856,40.12743438675063,-75.2237186956637,35.21967531377493,1.4548172136594452e-05,1.4805620834423628e-05,31833.33331430869,5000.0,56861.70350371436,2126.5670441410207,56901.45527785338
2023-08-09 16:59:59+00:00,39.85771707324048,-75.79070964490215,-2102.504241774931,40.12743214973683,-75.22404070990954,34.6693759461889,1.4566978050816223e-05,1.4816975735819107e-05,31905.787048674203,5000.0,56859.08817675272,2126.950067525061,56898.85609466579
2023-08-09 17:00:00+00:00,39.85773013455274,-75.7910296744291,-2103.201784112749,40.127295394233926,-75.22437152832003,34.23270185032152,1.4585113591713625e-05,1.4825023427536749e-05,31927.109366019493,5000.0,56856.30814108836,2127.3515188686824,56896.093011025136
2023-08-09 17:00:01+00:00,39.85774302897048,-75.79135143925598,-2103.703589225544,40.126676734312056,-75.2247478174944,34.34817171324473,1.4590696826327467e-05,1.4834402887443283e-05,31912.535648645156,5000.0,56853.47187499399,2127.474971758469,56893.26334458405
2023-08-09 17:00:02+00:00,39.857753220023646,-75.79167661312825,-2104.243301912431,40.12597086978548,-75.22513268840235,34.51218334930707,1.4597777447336553e-05,1.483451617040644e-05,31912.21400658681,5000.0,56850.97743285219,2127.7899570447285,56890.78242713813
2023-08-09 17:00:03+00:00,39.85776274874116,-75.79200724089361,-2104.741280115509,40.12527803291957,-75.22551734501195,34.545127970971905,1.4608586833958058e-05,1.4834335877236813e-05,31918.78485765323,5000.0,56848.90073960266,2128.0754487067056,56888.7178658175
2023-08-09 17:00:04+00:00,39.85777200677403,-75.79233996389524,-2105.3480295898366,40.12444423379364,-75.22591673029488,34.6521401039024,1.4618925462628711e-05,1.4861381926630964e-05,31937.758989907292,5000.0,56846.7049487162,2128.5441720276604,56886.541148312645
2023-08-09 17:00:05+00:00,39.85777971998904,-75.79267210731142,-2105.765630712387,40.12344135528832,-75.22633258995756,34.85696816638513,1.4623350556948958e-05,1.4891723790333148e-05,31905.59500952559,5000.0,56845.15683770842,2128.790350825734,56885.00333358026
2023-08-09 17:00:06+00:00,39.85778540622734,-75.79301037538104,-2106.0958683183803,40.12296317297567,-75.22670346736116,34.65732272593969,1.4634294226044056e-05,1.4894846889546663e-05,31941.22412684276,5000.0,56844.32700380707,2128.796384115153,56884.17430675048
2023-08-09 17:00:07+00:00,39.85779104454697,-75.79334552475291,-2106.619596741949,40.122682641157255,-75.22705723110582,34.311446542305895,1.4654843106835808e-05,1.4905108135552293e-05,31966.148706304382,5000.0,56843.04312384869,2129.0534383768427,56882.90094679759
2023-08-09 17:00:08+00:00,39.85779196425512,-75.7936855214061,-2107.13359646212,40.12251490584181,-75.22740058313512,33.90068182821477,1.4681166223406678e-05,1.4917778789685886e-05,32001.25118536854,5000.0,56842.16526250752,2129.3448027386708,56882.03460688768
2023-08-09 17:00:09+00:00,39.857791794196565,-75.79402126447505,-2107.627232008992,40.12224022799499,-75.22775258974738,33.52952536232597,1.4676216967687884e-05,1.4933230491723033e-05,31999.81591698603,5000.0,56841.3439204903,2129.615648182641,56881.22398029462
2023-08-09 17:00:10+00:00,39.85779114195975,-75.79435796465665,-2108.108469614125,40.12136658958528,-75.228152672895,33.40392399740958,1.4690954552771402e-05,1.4950671754088482e-05,32047.415947343143,5000.0,56840.35279805143,2129.8607856784065,56880.2427313151
2023-08-09 17:00:11+00:00,39.85778790359561,-75.79469722300291,-2108.4881401172624,40.12044644007384,-75.22855303439327,33.27183168900121,1.4697513673763505e-05,1.4965988858432644e-05,32123.361392405102,5000.0,56840.09253394889,2129.946731738638,56879.98586803549
2023-08-09 17:00:12+00:00,39.85778739492375,-75.79503487560304,-2108.9993018388195,40.11947944968155,-75.22895585572978,33.13772891589176,1.469398137615193e-05,1.498281972914236e-05,32196.73788194478,5000.0,56839.882902540136,2129.857489791684,56879.7730419285
2023-08-09 17:00:13+00:00,39.85778785551221,-75.79537660162332,-2109.576141943304,40.11823024952812,-75.22938161455987,33.06719471476862,1.471264684387644e-05,1.498746259438476e-05,32214.448850793036,5000.0,56839.40820409454,2129.9713261905194,56879.30293913669
2023-08-09 17:00:14+00:00,39.85779262517619,-75.7957216277708,-2110.0642542423493,40.116375877267934,-75.22985909482921,33.18882393113797,1.4726736772678145e-05,1.5017798388974865e-05,32207.984250847057,5000.0,56838.77275369866,2130.053544152246,56878.67101337331
2023-08-09 17:00:15+00:00,39.85779857634917,-75.79607491945913,-2110.584041146083,40.11438432289127,-75.23035145116653,33.34271222669909,1.4721595267881425e-05,1.5032988522480044e-05,32251.718256956865,5000.0,56838.82017936418,2130.255640611882,56878.72597444896
2023-08-09 17:00:16+00:00,39.85780724725254,-75.7964289804546,-2110.9192811362773,40.11325431022856,-75.23078131881144,33.25942466341763,1.4729463551333424e-05,1.5052574977814114e-05,32267.917061052667,5000.0,56837.67963425972,2130.33214330992,56877.58909489362
2023-08-09 17:00:17+00:00,39.85781110962108,-75.79678382302372,-2111.2641102193147,40.112136529629154,-75.23121198341626,33.215903680932456,1.4748233045626452e-05,1.5061416294443775e-05,32307.61886723014,5000.0,56836.67804050269,2130.5617295766697,56876.5968036353
2023-08-09 17:00:18+00:00,39.85781803736592,-75.79714043339547,-2111.458010002573,40.11114480611619,-75.23163603931006,33.1623827270409,1.4755353204653373e-05,1.508373062471999e-05,32335.55338956868,5000.0,56835.85163614899,2130.9084243906777,56875.783967515374
2023-08-09 17:00:19+00:00,39.85781878403058,-75.79750534777766,-2111.6913875367727,40.1105524729756,-75.23203221339013,33.05549235317479,1.4779252235609283e-05,1.5102648243051962e-05,32380.002444030844,5000.0,56835.49542051794,2131.231295959902,56875.440099682695
2023-08-09 17:00:20+00:00,39.85782015025978,-75.79787335634606,-2111.920146104625,40.10990639424884,-75.23243775574558,33.00492189710598,1.4785942206927335e-05,1.5104505998382837e-05,32345.641824966875,5000.0,56835.56429584183,2131.361578651461,56875.51380871844
2023-08-09 17:00:21+00:00,39.85781790250757,-75.79824844806757,-2112.291482445678,40.10917011145827,-75.23285644178112,32.90074304942136,1.4803313853049615e-05,1.5104268583698066e-05,32346.298573148604,5000.0,56837.25515445855,2131.8414424878965,56877.22146368381
2023-08-09 17:00:22+00:00,39.85781294881451,-75.7986252775492,-2112.582687714007,40.10825017559435,-75.23328835233089,32.82127241191075,1.4817846881269897e-05,1.5111973262805953e-05,32366.108496579585,5000.0,56839.07607946254,2132.277048779658,56879.05743751107
2023-08-09 17:00:23+00:00,39.8578042315341,-75.79900467971856,-2112.820521092012,40.107634574658654,-75.23369830748396,32.73911479743774,1.480539984032108e-05,1.512438235246332e-05,32381.97404530345,5000.0,56841.72219262804,2132.838708805624,56881.722748011794
2023-08-09 17:00:24+00:00,39.85779866014367,-75.79938695387023,-2112.8707106067145,40.10645072064258,-75.23414308331192,32.779011350997486,1.4827917443099078e-05,1.5152156216935107e-05,32426.1340571713,5000.0,56845.10631704077,2133.4124488020434,56885.126007352505
2023-08-09 17:00:25+00:00,39.85779395327011,-75.79977289087364,-2112.8389819987506,40.104674716079664,-75.2346250571874,32.975882312927574,1.4826460510583885e-05,1.5171093310139774e-05,32478.39032831781,5000.0,56848.94421725315,2133.930762130536,56888.9806475202
2023-08-09 17:00:26+00:00,39.85779288532355,-75.8001671956841,-2112.76218238468,40.1019721483753,-75.23515959533243,33.4133819690222,1.4835739044701882e-05,1.517401815576346e-05,32461.84932125976,5000.0,56852.72675892672,2134.4286539779755,56892.77920443071
2023-08-09 17:00:27+00:00,39.85779211832849,-75.80056704622918,-2112.8276873637524,40.100927037189614,-75.2355959842654,33.57078961071669,1.4846086214254822e-05,1.5175327021894354e-05,32454.785176278645,5000.0,56857.39777246062,2134.858622962644,56897.46306115808
2023-08-09 17:00:28+00:00,39.85779493549798,-75.80096750262318,-2112.910139841012,40.100389950484136,-75.23600338251626,33.64330775607171,1.4863099241877448e-05,1.5189169354043254e-05,32475.157269984466,5000.0,56861.94819896192,2135.246161941456,56902.02482472407
2023-08-09 17:00:29+00:00,39.85779661063374,-75.80136803654918,-2112.974496626844,40.100108827385554,-75.23639674143533,33.67690772135821,1.4885171721968412e-05,1.519799748339916e-05,32515.18033715241,5000.0,56866.19563021487,2135.508939556841,56906.27912528455
2023-08-09 17:00:30+00:00,39.857807959300615,-75.80176536587008,-2113.067244078511,40.09783312137802,-75.23685407930999,34.088095265731575,1.4902220220426812e-05,1.523080766287544e-05,32542.92797755812,5000.0,56870.11195567151,2136.0662118320115,56910.21360627582
2023-08-09 17:00:31+00:00,39.85783629933353,-75.80216627742121,-2112.83666445192,40.093445945495176,-75.23735224835343,34.925667644854805,1.4911185066187576e-05,1.5238644428981383e-05,32591.268150842567,5000.0,56873.21709422691,2136.252738925805,56913.32355794759
2023-08-09 17:00:32+00:00,39.85787342412255,-75.80257050527717,-2112.7424135237,40.08980225170815,-75.23782269944454,35.64960114808859,1.4932173085349798e-05,1.524578055636804e-05,32610.36594577217,5000.0,56875.63871522032,2136.7293562915065,56915.761363670674
2023-08-09 17:00:33+00:00,39.85791974576848,-75.80297891009792,-2112.739003477245,40.086749513280814,-75.23827339490686,36.28326869523984,1.49516014066876e-05,1.5264388391296644e-05,32645.51310316229,5000.0,56877.95078342839,2137.21162384029,56918.08990863256
2023-08-09 17:00:34+00:00,39.857970362802654,-75.80338998331905,-2112.642176584733,40.08584063593697,-75.23868006727147,36.5721939529967,1.4979361845768872e-05,1.526947966417776e-05,32632.434830967388,5000.0,56880.03985436995,2137.4913326736573,56920.18800945732
2023-08-09 17:00:35+00:00,39.85802220812309,-75.80380355487557,-2112.4199864089564,40.08541117620219,-75.23907541106595,36.77770111173172,1.499558147620443e-05,1.527247196263463e-05,32641.921140097063,5000.0,56882.28272496476,2137.224649895231,56922.41928455733
2023-08-09 17:00:36+00:00,39.85807509254007,-75.8042206343941,-2112.1927498020505,40.08506812233807,-75.23946862904683,36.98840976684057,1.501683156386097e-05,1.5268406277317873e-05,32638.549684373087,5000.0,56885.04338736293,2136.694601322211,56925.158102560265
2023-08-09 17:00:37+00:00,39.85813625315535,-75.80463407576502,-2111.999738644564,40.08439548228832,-75.23986106532656,37.22977306031815,1.5034428146001988e-05,1.5275010306528033e-05,32649.94249283669,5000.0,56887.34682682186,2136.4233630209724,56927.44973895441
2023-08-09 17:00:38+00:00,39.858205229297326,-75.80504982657393,-2111.831098509214,40.0822696341131,-75.24023026427567,37.68514001651453,1.5054358702089707e-05,1.5286520604647708e-05,32732.30511130322,5000.0,56889.42305471049,2136.415381578895,56929.52420476103
2023-08-09 17:00:39+00:00,39.858285576100194,-75.80546545718919,-2111.709313099944,40.08066884909892,-75.24059251933694,38.07863646565634,1.505463952803835e-05,1.530571375471396e-05,32761.66259364989,5000.0,56891.05595933144,2136.3954091926103,56931.155209710974
2023-08-09 17:00:40+00:00,39.85836951376149,-75.80587584911557,-2111.654798035423,40.07941867754531,-75.2409540572482,38.41260492865869,1.5065044664953463e-05,1.531404962204429e-05,32821.982379542475,5000.0,56892.1453639002,2136.559547923241,56932.2500065558
2023-08-09 17:00:41+00:00,39.858464508104376,-75.80628540530569,-2111.4719111817703,40.077126556779774,-75.24127992697629,38.85426681966135,1.5071934775412514e-05,1.5312530826263183e-05,32814.50155820921,5000.0,56892.15185243729,2136.626633726187,56932.25900816453
2023-08-09 17:00:42+00:00,39.85856700684334,-75.80669719875694,-2111.4383485756066,40.07481163164957,-75.24159284423408,39.27313726339314,1.5087387958096792e-05,1.532092585772295e-05,32827.878980193695,5000.0,56891.96400169792,2136.902746101155,56932.08165276224
2023-08-09 17:00:43+00:00,39.85867198210609,-75.80710964316685,-2111.290068990129,40.07374276851726,-75.24194007695456,39.51398121442108,1.509406553111037e-05,1.5344313689293214e-05,32876.57184911457,5000.0,56891.402225511,2137.093102341212,56931.527417705496
2023-08-09 17:00:44+00:00,39.85877464407167,-75.80752362186635,-2111.19445677506,40.0729753735237,-75.24229623282552,39.68668073563625,1.5093167191900531e-05,1.535589061549189e-05,32905.60383624682,5000.0,56890.69736281052,2137.2937404867603,56930.830583788425
2023-08-09 17:00:45+00:00,39.85874233145739,-75.80776822697013,-2110.902364635065,40.122830842506914,-75.23624955192135,43.02085979146511,1.5109971718746457e-05,1.5353683342225294e-05,32936.29891185665,5000.0,56886.29968224283,2137.4990753420084,56926.44371322548
2023-08-09 17:00:46+00:00,39.85871301074371,-75.80801204067669,-2110.5500096592223,40.12280406427296,-75.23649442117764,42.98114452215139,1.5119571994717628e-05,1.535101188352166e-05,33024.322929582006,5000.0,56881.86022002388,2137.495420503752,56922.00724467656
2023-08-09 17:00:47+00:00,39.85868720973335,-75.80825131072149,-2110.217213362705,40.12277559174302,-75.23673548366959,43.27234387350394,1.5119854204929931e-05,1.5367497619942337e-05,33071.34320505917,5000.0,56876.947175869056,2137.531935928253,56917.09903731665
2023-08-09 17:00:48+00:00,39.858666554579926,-75.80848847485795,-2110.063431556828,40.12275254822996,-75.23697346431976,43.4867266468993,1.5135308035666685e-05,1.5389765280755905e-05,33099.276700873364,5000.0,56871.749354351006,2137.9079203828906,56911.91900560163
2023-08-09 17:00:49+00:00,39.858645458674985,-75.80872473789628,-2109.839830698647,40.12273516140284,-75.23720873755414,43.57632701441555,1.5150892625966515e-05,1.539853013039639e-05,33133.50487307269,5000.0,56866.33929065612,2138.1675786236365,56906.5225164418
2023-08-09 17:00:50+00:00,39.85862822470765,-75.80895304789436,-2109.595378872381,40.12271691924923,-75.23743930659862,43.72712594022197,1.517161131162313e-05,1.5395792496870073e-05,33155.93622178798,5000.0,56859.65841348712,2138.389419720918,56899.854694092246
2023-08-09 17:00:51+00:00,39.85861298231434,-75.80917589730319,-2109.413015435175,40.122702848418754,-75.23766575779608,43.82177330351954,1.5184487570947518e-05,1.5410718599596087e-05,33182.998705611404,5000.0,56852.32795622022,2138.496592085657,56892.53344434559
2023-08-09 17:00:52+00:00,39.858595370368114,-75.80939718967079,-2109.3288906950847,40.12268474725997,-75.23788730889554,43.93998760247343,1.519499012016009e-05,1.5433387234483912e-05,33259.6683126552,5000.0,56845.50160211117,2138.79073111363,56885.72297323048
2023-08-09 17:00:53+00:00,39.85858023001513,-75.80961472148594,-2109.340379979989,40.12265341845571,-75.23810447682449,44.110888300452864,1.522401682617188e-05,1.544355292397137e-05,33262.44140746794,5000.0,56837.885028134464,2139.2754748522643,56878.130015224095
2023-08-09 17:00:54+00:00,39.85856290727645,-75.80982670275353,-2109.278502863946,40.1225935174034,-75.23831679483426,44.34852894677883,1.5214119683478362e-05,1.5456920316471176e-05,33242.904601787224,5000.0,56830.08507804823,2139.8238567655835,56870.35621583694
2023-08-09 17:00:55+00:00,39.85855045005325,-75.81003474125174,-2109.179568330935,40.122550299037954,-75.23852504950324,44.4731752248784,1.5212005999579993e-05,1.548000811813205e-05,33254.75210469642,5000.0,56822.40027229741,2140.299485346732,56862.694753169766
2023-08-09 17:00:56+00:00,39.85853812765984,-75.81023793447275,-2109.2707985432558,40.122502384460894,-75.23872947792805,44.57419272968805,1.5220015065879434e-05,1.5490243860797118e-05,33306.553690299064,5000.0,56813.67712301582,2140.919416041521,56854.00112731095
2023-08-09 17:00:57+00:00,39.8585278372594,-75.8104370521732,-2109.2404099867654,40.1223358623144,-75.23893417292035,44.8904381137617,1.5241104545815503e-05,1.550445236590319e-05,33332.74963130769,5000.0,56804.39788164252,2141.429555636966,56844.74768382483
2023-08-09 17:00:58+00:00,39.85851457532208,-75.81063423626094,-2109.2250563411158,40.12212899183681,-75.23913855467575,45.2093878616987,1.5252739356473264e-05,1.5500113763105175e-05,33385.54497957129,5000.0,56795.41873525595,2141.7928279367866,56835.788600413245
2023-08-09 17:00:59+00:00,39.85850060788553,-75.81083046614577,-2109.2658637875293,40.12199384140106,-75.2393376165388,45.34918700974972,1.5253181201228157e-05,1.5530569620555285e-05,33398.403818016624,5000.0,56786.09150335014,2142.3084529560106,56826.48743090199
2023-08-09 17:01:00+00:00,39.85848557954962,-75.81102271519515,-2109.3283625293743,40.12183930221308,-75.23953535818566,45.43890124506492,1.5256638415388308e-05,1.5533528610811318e-05,33401.0294267297,5000.0,56776.809346268274,2142.7091920920307,56817.22698464236
2023-08-09 17:01:01+00:00,39.85847027169116,-75.81121176757611,-2109.463224416404,40.12158731676997,-75.23973695148999,45.57744069037426,1.5257945104312822e-05,1.55415756761315e-05,33425.08102412676,5000.0,56768.03132209846,2143.112742923582,56808.47042841088
2023-08-09 17:01:02+00:00,39.85845624027387,-75.81139716618004,-2109.4901184672985,40.12122697531713,-75.23994474241019,45.78025191688423,1.5265043144446407e-05,1.5541121211924286e-05,33460.22042584659,5000.0,56758.59175274053,2143.496486580625,56799.052060243484
2023-08-09 17:01:03+00:00,39.85844296726884,-75.81157837976737,-2109.540485892692,40.12076259111056,-75.24015995157879,46.030263639489256,1.528634994890577e-05,1.5555987976348396e-05,33478.58223341392,5000.0,56748.68074988068,2143.8119992187176,56789.160028476144
2023-08-09 17:01:04+00:00,39.858429740808624,-75.81175864863957,-2109.6337766732177,40.12023750117754,-75.2403810022742,46.29495805994933,1.528859524906944e-05,1.5565284168002864e-05,33497.76746698048,5000.0,56738.58987350298,2144.32022846834,56779.09553766943
2023-08-09 17:01:05+00:00,39.85841256672278,-75.81193806438023,-2109.6911115344506,40.11959298276248,-75.24061510388557,46.60480685420881,1.528711381775413e-05,1.5569422448165397e-05,33524.71306839843,5000.0,56728.695399398166,2144.8077664219645,56769.22654108124
2023-08-09 17:01:06+00:00,39.85839344069281,-75.81211758483508,-2109.725138254729,40.118994477875866,-75.2408468679057,46.81779691195327,1.526863950941104e-05,1.557860051333744e-05,33586.6011889185,5000.0,56718.51975372632,2145.076141227912,56759.06830371256
2023-08-09 17:01:07+00:00,39.85837141623512,-75.81229739636221,-2109.9365068096463,40.11832266830108,-75.24108981992333,47.02775114028866,1.528301469625731e-05,1.5593906797970244e-05,33594.08807254387,5000.0,56708.6789433845,2145.422736804519,56749.24762693739
2023-08-09 17:01:08+00:00,39.85834541171819,-75.81247703392535,-2109.971733516827,40.11772180011935,-75.24132799381177,47.212902559956696,1.5308457198268675e-05,1.559511192879981e-05,33576.38260675857,5000.0,56698.78483442019,2145.6147357104514,56739.36785243536
2023-08-09 17:01:09+00:00,39.85831566219698,-75.81265983159463,-2110.062350307524,40.117012481716266,-75.24158317706791,47.43472830706418,1.5310408934584455e-05,1.560141271616197e-05,33666.09731182782,5000.0,56689.21561540064,2145.9317651205824,56729.81747044439
2023-08-09 17:01:10+00:00,39.85828175071773,-75.81284687654957,-2110.2505043327583,40.11600208919037,-75.24188434661276,47.7952714143889,1.5326988937536135e-05,1.5608536835976555e-05,33660.956787986426,5000.0,56680.39189849853,2146.3489144836976,56721.015853298
2023-08-09 17:01:11+00:00,39.85824632879627,-75.81303827047644,-2110.284761977065,40.11499047720603,-75.24219512483423,48.14623197728925,1.534115881100758e-05,1.5614959724649615e-05,33687.020431728015,5000.0,56672.13816618501,2146.4881444011303,56712.7733026804
2023-08-09 17:01:12+00:00,39.85820364106628,-75.8132315295897,-2110.4853039028085,40.11405194962966,-75.24250164712149,48.41692763741262,1.5354057077256372e-05,1.561501918364903e-05,33733.699995083334,5000.0,56664.414089254176,2146.893904539332,56705.07012177849
2023-08-09 17:01:13+00:00,39.85816019612823,-75.81343089942297,-2110.461624023232,40.11307818612281,-75.24281574982855,48.68381768187,1.5375985444934043e-05,1.559556596662725e-05,33767.39754902976,5000.0,56657.87105597793,2147.0451408912163,56698.53750700141
2023-08-09 17:01:14+00:00,39.85811200706158,-75.81362922957987,-2110.667954247033,40.11229315800419,-75.2431060775673,48.873382299824975,1.5405738615688223e-05,1.560084075584918e-05,33812.68093608212,5000.0,56651.49323268548,2147.4665951120924,56692.180221527306
2023-08-09 17:01:15+00:00,39.85806212855691,-75.81383100215972,-2110.819105155698,40.11166081415022,-75.24337756311515,49.00149390491343,1.5412974272025853e-05,1.5623335856538906e-05,33826.93517866392,5000.0,56645.07363552159,2148.033715554668,56685.78671957216
2023-08-09 17:01:16+00:00,39.858011849573074,-75.81403433066927,-2110.9092614204183,40.110830783403486,-75.24367972578659,49.1657129080945,1.5428628815459963e-05,1.5630056595273506e-05,33842.19071879334,5000.0,56638.839447998,2148.4944330186563,56679.57447215713
2023-08-09 17:01:17+00:00,39.85795694526506,-75.8142383284812,-2111.1978513146214,40.110153852409965,-75.24395966518605,49.23253026321436,1.543775750773391e-05,1.563269815511865e-05,33871.223823231085,5000.0,56633.347428062174,2148.964630111044,56674.10422661363
2023-08-09 17:01:18+00:00,39.85790028706362,-75.81444536813513,-2111.2869210631657,40.10912819254461,-75.24429281193835,49.39584406258959,1.5448460896300863e-05,1.5661835517115886e-05,33900.00693373648,5000.0,56628.06458614372,2149.058818177306,56668.82875599645
2023-08-09 17:01:19+00:00,39.85783998658853,-75.81465434038168,-2111.5837746401835,40.1081561936068,-75.24462205931209,49.49030437255909,1.5468171016466076e-05,1.5680603232022485e-05,33938.70463267509,5000.0,56623.23917497514,2149.507282867932,56664.02382663573
2023-08-09 17:01:20+00:00,39.85777960946589,-75.81486506963822,-2111.884379851088,40.10733533142399,-75.24493063639254,49.51491750164215,1.547859299156931e-05,1.5673174030293208e-05,33980.89738745512,5000.0,56618.50765642498,2149.990934215636,56659.31406448426
2023-08-09 17:01:21+00:00,39.85772257239616,-75.81507319924117,-2112.1123820574844,40.10659366880682,-75.24522903131955,49.51869545109525,1.549005083540035e-05,1.569446094994031e-05,34000.370500550285,5000.0,56612.94158432661,2150.3426767132937,56653.76535110152
2023-08-09 17:01:22+00:00,39.857664694861526,-75.81528578179106,-2112.2658288333505,40.10551603939485,-75.24558257587425,49.57810963266112,1.5501960005722103e-05,1.571194491862822e-05,34020.658536399795,5000.0,56608.01388781402,2150.4516661248927,56648.84534296604
2023-08-09 17:01:23+00:00,39.85760916474502,-75.81550747044903,-2112.600578935403,40.10349471619962,-75.24609252477225,49.940550704190514,1.5525714698280397e-05,1.5726381814158532e-05,34048.56041882086,5000.0,56603.568136321024,2150.9234578935007,56644.420709235375
2023-08-09 17:01:24+00:00,39.85755480358116,-75.81573907353533,-2112.546962025203,40.10174481865313,-75.2465706065928,50.3350617201536,1.5527088780923926e-05,1.5738148167032687e-05,34088.061601704765,5000.0,56599.47440450706,2150.861261206449,56640.32756818597
2023-08-09 17:01:25+00:00,39.857500638368165,-75.81597473397098,-2112.553504176504,40.1007916987505,-75.24693237459374,50.55604171444226,1.5518698511201716e-05,1.575065319005547e-05,34111.39243874592,5000.0,56595.585207987744,2150.8421892154297,56636.44045274659
2023-08-09 17:01:26+00:00,39.85744535328156,-75.81621575344681,-2112.574543300904,40.10009203805569,-75.24726213501698,50.66908609129369,1.55224265680653e-05,1.574431016258893e-05,34135.24946248489,5000.0,56591.84318321629,2151.070740570324,56632.70980806659
2023-08-09 17:01:27+00:00,39.857392090564645,-75.81645577078518,-2112.7228331404744,40.09914894571907,-75.24763396361435,50.7964343894734,1.553696071858368e-05,1.574720456708504e-05,34150.63535560615,5000.0,56587.83600795538,2151.5896397007723,56628.725237647006
2023-08-09 17:01:28+00:00,39.857341579181146,-75.81670302079945,-2112.8792145568627,40.09748944000791,-75.24812887470182,51.103056014825455,1.552807650418242e-05,1.575285349783796e-05,34203.386382980694,5000.0,56584.22631201803,2152.065798461468,56625.13624293173
2023-08-09 17:01:29+00:00,39.85729445269333,-75.81696159243461,-2113.0286720429795,40.09573108639509,-75.2486502098147,51.44251373715076,1.552691080218116e-05,1.5765343463450117e-05,34189.0385237902,5000.0,56581.55615179286,2152.436621841749,56622.48210710596
2023-08-09 17:01:30+00:00,39.857248974461776,-75.81722585455694,-2113.135783101058,40.09471933467293,-75.24905515040659,51.58129775041259,1.5518898193192812e-05,1.5769778238119423e-05,34243.306075610846,5000.0,56578.658440532585,2152.976307030793,56619.60700948996
2023-08-09 17:01:31+00:00,39.8572000854125,-75.81749971376667,-2113.19104858896,40.093615997237016,-75.24948095483578,51.76145227968949,1.5545061536347864e-05,1.5774474275154243e-05,34242.749908858,5000.0,56576.53202088575,2153.337260656549,56617.495854801295
2023-08-09 17:01:32+00:00,39.8571486391036,-75.81777981156473,-2113.284533432172,40.09266836279188,-75.24988638237856,51.9026747457124,1.5572116036501662e-05,1.5802457012564543e-05,34220.76720825168,5000.0,56575.52299735263,2153.799955853401,56616.50516124967
2023-08-09 17:01:33+00:00,39.85709391161538,-75.81807058617969,-2113.4212142374577,40.09156049686942,-75.2503178608112,52.04451198270541,1.5579613811041814e-05,1.582569680523553e-05,34250.789750382144,5000.0,56575.36749442643,2154.290509138477,56616.36843464235
2023-08-09 17:01:34+00:00,39.85704152862594,-75.81836119116497,-2113.5113764616062,40.090770569202434,-75.2506992735961,52.06140659606741,1.557749761659148e-05,1.5826514811575643e-05,34246.36973282569,5000.0,56575.452736108135,2154.860334119835,56616.47529964373
2023-08-09 17:01:35+00:00,39.85699305371607,-75.81865274435798,-2113.688455457685,40.0897523603647,-75.25110626857682,52.16661873479996,1.5577943486073414e-05,1.5828784473666035e-05,34267.36622926051,5000.0,56576.275517673,2155.400963141024,56617.31806403015
2023-08-09 17:01:36+00:00,39.85694993100992,-75.81894980453123,-2113.961803465655,40.08882941592493,-75.25149732076403,52.23916291583764,1.5558144365205255e-05,1.5842879749603002e-05,34261.008953534314,5000.0,56576.65288790751,2156.0955665822453,56617.72160808848
2023-08-09 17:01:37+00:00,39.85691372405433,-75.81924950327934,-2114.2081124727674,40.08791344065517,-75.25188252705343,52.31550109142103,1.5586073353788778e-05,1.585573859811274e-05,34294.974881963826,5000.0,56576.778173687504,2156.773960572375,56617.87264134573
2023-08-09 17:01:38+00:00,39.85689026251954,-75.8195539501191,-2114.164790304399,40.08536851291525,-75.25243197811793,52.90565888411849,1.5607188147208918e-05,1.5872888671638833e-05,34309.18212233019,5000.0,56576.76759658622,2157.0750717171763,56617.873543106085
2023-08-09 17:01:39+00:00,39.85688344799048,-75.81986883336336,-2114.14264225295,40.08354275940207,-75.25290057560139,53.36692140133375,1.5596081237759976e-05,1.5872252067921487e-05,34318.040959259924,5000.0,56575.93740245411,2157.395578137371,56617.056163730136
2023-08-09 17:01:40+00:00,39.8568808511923,-75.82018373134292,-2114.305342654341,40.08242538965956,-75.25329959533046,53.67924416717491,1.5602492219159506e-05,1.5875472699020395e-05,34320.06412000859,5000.0,56574.56365562388,2157.8947035783194,56615.70243647931
2023-08-09 17:01:41+00:00,39.85688719092244,-75.8205035881652,-2114.2857458094977,40.0813245778068,-75.25369272136425,54.014457518173714,1.5621122283937054e-05,1.587625823291014e-05,34333.48477955063,5000.0,56573.14281662073,2158.3934164428365,56614.30164092736
2023-08-09 17:01:42+00:00,39.85689709264686,-75.82082585952053,-2114.381689709008,40.080381187053554,-75.25406930167478,54.259568415386966,1.5625769231040888e-05,1.587302182529787e-05,34366.9683991247,5000.0,56571.13045952948,2158.89100661323,56612.30972012659
2023-08-09 17:01:43+00:00,39.85691546629685,-75.82115114267486,-2114.485469768143,40.079211902233055,-75.25445149935211,54.49323148661631,1.5638778271830728e-05,1.589598945729337e-05,34335.54362609582,5000.0,56568.72993442648,2159.461405203665,56609.93269696266
2023-08-09 17:01:44+00:00,39.85693669944017,-75.82147507461636,-2114.6985348111025,40.07793293043865,-75.25482699089076,54.67605623967887,1.5651682698086393e-05,1.5897091618058355e-05,34372.53785359633,5000.0,56566.32854435516,2160.0027297783463,56607.5537077922
2023-08-09 17:01:45+00:00,39.85687548347585,-75.82163809655341,-2114.323920103652,40.11938578331517,-75.2531920155168,59.69315682370286,1.566004898045216e-05,1.590454159490718e-05,34356.72153245793,5000.0,56556.63377063,2159.913609754456,56597.86259450765
2023-08-09 17:01:46+00:00,39.856804741136806,-75.82179138580051,-2114.339359903647,40.11932518485489,-75.25334810255981,59.324980043226525,1.5655971715696177e-05,1.5922928926324324e-05,34373.60419089711,5000.0,56546.42164618614,2160.116283432336,56587.66564673099
2023-08-09 17:01:47+00:00,39.85673364611899,-75.82193481493408,-2114.3323942173083,40.119256501618686,-75.25349546249538,58.82128135119394,1.568115035612264e-05,1.591138949779015e-05,34365.36485569437,5000.0,56535.86008639124,2160.1122440202403,56577.11163195565
2023-08-09 17:01:48+00:00,39.85665023780474,-75.82207696168419,-2114.3458327046046,40.11917955734216,-75.25363745180286,58.355811408159454,1.5692786071701727e-05,1.5921937106394835e-05,34367.85669308901,5000.0,56525.41825370641,2160.019470067575,56566.67387134864
2023-08-09 17:01:49+00:00,39.856561440743775,-75.82221542950947,-2114.4939043606632,40.11909578298536,-75.25377394324049,57.803837952858125,1.5702910325500212e-05,1.593010293237381e-05,34430.348835114346,5000.0,56515.03536033366,2160.249611239675,56556.30734199879
2023-08-09 17:01:50+00:00,39.85646833737495,-75.8223461579755,-2114.8227337940007,40.11900804460844,-75.2539034402863,57.20538296441096,1.5714929986389478e-05,1.5948944862001154e-05,34483.328802436736,5000.0,56504.34158513084,2160.617501188808,56545.63542799382
2023-08-09 17:01:51+00:00,39.85636940986417,-75.82246916974012,-2115.380624933597,40.118917112093534,-75.25402547202759,56.5953046470532,1.5729116597311e-05,1.5941856151718302e-05,34489.71357430529,5000.0,56493.56463774657,2160.8161553786213,56534.8739446423
2023-08-09 17:01:52+00:00,39.85626872931458,-75.82258551821673,-2115.930361419163,40.11881623405223,-75.25414214029415,56.10925611178818,1.5730402321697394e-05,1.5953863187270804e-05,34507.49503507099,5000.0,56482.15881938068,2160.934963028424,56523.48100402328
2023-08-09 17:01:53+00:00,39.85616039985738,-75.82269436348936,-2116.5386892208453,40.11871078279865,-75.25425099408706,55.58303655796528,1.574574594875271e-05,1.597196518908466e-05,34534.19625405455,5000.0,56470.769617750455,2160.958831158885,56512.10104297142
2023-08-09 17:01:54+00:00,39.85605104954452,-75.82279603524836,-2117.171644713959,40.118605278685415,-75.25435163682286,54.94100727321147,1.576431259619108e-05,1.5962340919273237e-05,34510.81297781525,5000.0,56458.81491954781,2161.1474899989416,56500.16230590212
2023-08-09 17:01:55+00:00,39.85593696416751,-75.82289308978963,-2117.894858212712,40.11849557896933,-75.25444511507753,54.23470689518178,1.5775210350930248e-05,1.598010750611415e-05,34554.02611144693,5000.0,56446.28847500216,2161.470144244506,56487.65737563934
2023-08-09 17:01:56+00:00,39.85581549654808,-75.82298457115999,-2118.456445049548,40.11836632677471,-75.25453593233246,53.56495440708099,1.5771910944064147e-05,1.5977889681183054e-05,34591.42852976974,5000.0,56434.05750092238,2161.696285890026,56475.444016402784
2023-08-09 17:01:57+00:00,39.855689797420624,-75.82307140120328,-2119.3434730296194,40.11822584055427,-75.25462329205263,52.86195498387134,1.577400419539855e-05,1.5966232174065552e-05,34571.37494731391,5000.0,56421.42308490866,2161.530159280389,56462.81250128923
2023-08-09 17:01:58+00:00,39.85556647869544,-75.82315392914614,-2120.2628064204755,40.11801346059551,-75.25472164152121,52.29149194033028,1.5785691235042697e-05,1.5968421787923758e-05,34627.26063522142,5000.0,56408.517543862254,2161.7348117174142,56449.92425940363
2023-08-09 17:01:59+00:00,39.85544460631188,-75.82323513836205,-2121.120341135561,40.11776513906499,-75.25482389152764,51.71766975486192,1.5801646511887174e-05,1.5982605722642997e-05,34640.65005143692,5000.0,56395.83955772902,2161.743138392827,56437.25589375782
2023-08-09 17:02:00+00:00,39.85532963771871,-75.8233256431194,-2121.9172421208727,40.11729627359629,-75.25497549754765,51.61138873332203,1.580234484228662e-05,1.59911340740843e-05,34654.38136132686,5000.0,56383.43362859738,2161.9232747018523,56424.86597233656
2023-08-09 17:02:01+00:00,39.8552188751101,-75.82341620894144,-2122.569353642541,40.11705955818903,-75.25508039589158,51.05628619014531,1.582384363782134e-05,1.6004593639179726e-05,34643.389944560884,5000.0,56370.34411957048,2161.711996535648,56411.77798044271
2023-08-09 17:02:02+00:00,39.85511022932929,-75.8235079528414,-2123.342019302311,40.1167688388859,-75.25519479232943,50.58919441317951,1.5833133487817814e-05,1.603366580547611e-05,34674.5375071469,5000.0,56357.25960271552,2161.890115490326,56398.70990367888
2023-08-09 17:02:03+00:00,39.855002654448384,-75.82360516438607,-2124.067300046856,40.116431431878645,-75.25531770816535,50.16264109776304,1.5837192029054395e-05,1.6053004532690704e-05,34703.71963598875,5000.0,56344.53572218238,2162.1014578473223,56386.00348013957
2023-08-09 17:02:04+00:00,39.85489872265009,-75.82370606515838,-2124.8178696090363,40.11600385761566,-75.25545781340155,49.79704851468134,1.5849008314400428e-05,1.6042343727337066e-05,34773.08787873631,5000.0,56331.671747972665,2162.342366820848,56373.15820878488
2023-08-09 17:02:05+00:00,39.85479547527002,-75.82380473120237,-2125.6509898255526,40.11556425011527,-75.2555977346953,49.36628567743759,1.5869995743393894e-05,1.6065006347021276e-05,34789.45520031334,5000.0,56318.90986971989,2162.65840287784,56360.41785048413
2023-08-09 17:02:06+00:00,39.85469772667116,-75.82391274321972,-2126.2719219228525,40.115015883756485,-75.2557502171086,49.01877810850389,1.5865058040913724e-05,1.6073778685711286e-05,34820.52132847174,5000.0,56306.49208943128,2163.013091220131,56348.0228317727
2023-08-09 17:02:07+00:00,39.854605199541815,-75.82402490529743,-2127.0652592520582,40.11438735689831,-75.25591103112741,48.71320549327303,1.5881163056555182e-05,1.6087035320749628e-05,34792.92653191304,5000.0,56293.90153648496,2163.4504293704485,56335.45835404028
2023-08-09 17:02:08+00:00,39.85451705796439,-75.8241400355826,-2127.6769445329373,40.11372635396172,-75.25607162823059,48.38350073576644,1.588439566932464e-05,1.6099982814016866e-05,34753.858146316095,5000.0,56281.0699937764,2163.692343918516,56322.64557177237
2023-08-09 17:02:09+00:00,39.854431836189534,-75.82426051622292,-2128.35341510766,40.11311779493732,-75.25622381645992,47.9790714312855,1.5867412710415372e-05,1.611977143034234e-05,34784.505760359345,5000.0,56269.01201849861,2164.393304195164,56310.62343744017
2023-08-09 17:02:10+00:00,39.85434662164177,-75.82438813259535,-2129.12615449235,40.11222564607356,-75.25640150970695,47.66583158137033,1.58838332703005e-05,1.6117770980134778e-05,34735.32307330226,5000.0,56256.76005317278,2165.1907607513785,56298.4111917086
2023-08-09 17:02:11+00:00,39.85426864491623,-75.82452290226045,-2129.843043876438,40.11127235906607,-75.25658332602636,47.33659665439151,1.5905281905675464e-05,1.6121351145260703e-05,34746.291315807364,5000.0,56244.5808390045,2165.81799534629,56286.26512164649
2023-08-09 17:02:12+00:00,39.854199353294135,-75.82466004932775,-2130.5554785911354,40.11052024646624,-75.2567450107295,46.87283581343861,1.5927629957207047e-05,1.6139804309985932e-05,34804.16120409067,5000.0,56232.77018444343,2166.308411906084,56274.48209225852
2023-08-09 17:02:13+00:00,39.85413659504316,-75.82480216168747,-2131.249031969999,40.10962066578755,-75.25690986146743,46.40700860793828,1.5919965918760088e-05,1.6141289546965604e-05,34857.43130438467,5000.0,56220.37188641463,2166.6584159121244,56262.10646374701
2023-08-09 17:02:14+00:00,39.854078947775065,-75.8249505176266,-2131.981059385585,40.10832203143568,-75.25709078629582,46.04386945122668,1.5928572467229485e-05,1.617283794171071e-05,34872.78515842019,5000.0,56208.01319173301,2166.8324407652285,56249.76364206684
2023-08-09 17:02:15+00:00,39.854026846123226,-75.82510641960562,-2132.841533579388,40.106811174154615,-75.25727447877155,45.73189192663017,1.5958088294573186e-05,1.6186396959253273e-05,34896.271787789075,5000.0,56196.205942230285,2167.058351387796,56237.97386286136
2023-08-09 17:02:16+00:00,39.853981747898864,-75.82526883566409,-2133.614935582653,40.10525933067694,-75.25745284908328,45.40388998506641,1.59775816543868e-05,1.617762877046588e-05,34891.980400019966,5000.0,56183.80864587645,2167.2357204689943,56225.59261247976
2023-08-09 17:02:17+00:00,39.85394102162682,-75.82543415954137,-2134.3758632411195,40.10324628666584,-75.25762765811568,45.129569946087074,1.6008799831003566e-05,1.6191677096377685e-05,34947.64023398216,5000.0,56171.43208797007,2167.508114821998,56213.235756725946
2023-08-09 17:02:18+00:00,39.85389936284737,-75.82560379713675,-2135.079103769177,40.10155925053906,-75.25778583258355,44.75685747515851,1.5998962072978546e-05,1.620381473652165e-05,34976.11966117654,5000.0,56159.90891763428,2167.789315361937,56201.732003140045
2023-08-09 17:02:19+00:00,39.85386008211533,-75.82578023690141,-2135.908547732339,40.10001325186563,-75.2579339727904,44.3485434523125,1.6000565552241617e-05,1.620499382639461e-05,34984.57942529454,5000.0,56147.98453310162,2168.296154330954,56189.83605014616
2023-08-09 17:02:20+00:00,39.85381977088464,-75.82596060535514,-2136.553457443812,40.09844437669263,-75.25806922233035,43.928520185372754,1.5996267684259796e-05,1.6231570954239875e-05,35025.399788506526,5000.0,56136.65692663507,2168.607934785169,56178.52891695847
2023-08-09 17:02:21+00:00,39.85378079852861,-75.82614592445455,-2137.3004323933283,40.09726931628003,-75.25820085642016,43.40672153778125,1.601047261165621e-05,1.6262972246737028e-05,35063.689247938084,5000.0,56126.2171600577,2169.098395286353,56168.11587143002
2023-08-09 17:02:22+00:00,39.8537449619508,-75.82632688783926,-2137.9522356242987,40.09413357150554,-75.25825576994592,43.24698566237189,1.6016442382154638e-05,1.62913702609732e-05,35074.253672865445,5000.0,56115.04810812311,2169.555841861606,56156.97282375472
2023-08-09 17:02:23+00:00,39.85370834793231,-75.82650238921117,-2138.5457563155583,40.09155249693704,-75.2582934204569,43.04927840018848,1.6033596926465496e-05,1.630061505663612e-05,35094.22203068821,5000.0,56103.78570814254,2170.1596841149944,56145.74217017474
2023-08-09 17:02:24+00:00,39.85367102944743,-75.82667405617104,-2139.1694456631603,40.08994886827129,-75.25835067167881,42.70717327844717,1.6045706561274464e-05,1.632171892459323e-05,35154.478072725266,5000.0,56092.96567411897,2170.6791872615468,56134.950309516615
2023-08-09 17:02:25+00:00,39.85363311959365,-75.82684527363963,-2139.817440412876,40.08815415293387,-75.25837190477674,42.42065002261222,1.6060322515097008e-05,1.6352379696508964e-05,35219.024440828696,5000.0,56082.34943541364,2171.2339309736485,56124.36347058959
2023-08-09 17:02:26+00:00,39.853596402927856,-75.82701075605658,-2140.3879399698244,40.0868823275866,-75.25841249307393,42.06111581773142,1.6072791435992464e-05,1.6355221013383754e-05,35201.6685614158,5000.0,56071.3465644917,2171.42882386515,56113.37637936652
2023-08-09 17:02:27+00:00,39.85356168266623,-75.82717152374187,-2140.9695600195805,40.08545538630612,-75.25841948810275,41.70903253222095,1.6067977168080468e-05,1.6356366847972373e-05,35185.58981449885,5000.0,56060.09003190192,2171.63381738015,56102.13621442358
2023-08-09 17:02:28+00:00,39.85352531447108,-75.8273272424467,-2141.5673747696737,40.08408127041325,-75.25841415519618,41.36090567772533,1.6084549364209214e-05,1.636127779752453e-05,35207.96797794816,5000.0,56048.60597313655,2171.8875596182315,56090.67058882022
2023-08-09 17:02:29+00:00,39.853490155641325,-75.82748244103442,-2142.14860350368,40.083276062683815,-75.25845553410375,40.90588561945027,1.609698167344226e-05,1.638507221460309e-05,35213.16918548802,5000.0,56036.68062189022,2172.2185465571893,56078.76700261637
2023-08-09 17:02:30+00:00,39.853456066246,-75.82763479208901,-2142.7204270555503,40.08214945219201,-75.25845643631874,40.52576248284189,1.610522472672518e-05,1.640340084101078e-05,35244.4506866608,5000.0,56024.91841303399,2172.3659158004302,56067.01933275253
2023-08-09 17:02:31+00:00,39.8534221703656,-75.82778216562491,-2143.299451062411,40.08134884789936,-75.2584825032363,40.08865847857362,1.6097439388491427e-05,1.644583646790745e-05,35287.18316647297,5000.0,56013.210261081775,2172.5178268128006,56055.32586168754
2023-08-09 17:02:32+00:00,39.853382166685805,-75.82792768033421,-2143.866700736802,40.080665407335104,-75.25851453776053,39.61963801161151,1.61139586875156e-05,1.645939707267811e-05,35333.59436369843,5000.0,56002.171493416245,2172.544910848789,56044.29643922437
2023-08-09 17:02:33+00:00,39.85334555514444,-75.828065690686,-2144.5945953997616,40.07982598816625,-75.25851849984468,39.12253862637368,1.6119374724821843e-05,1.6479593335972655e-05,35374.4025035674,5000.0,55990.875381530925,2172.8434706421226,56033.020396352345
2023-08-09 17:02:34+00:00,39.85331052874935,-75.8282034564873,-2145.1699715849813,40.07915781140434,-75.25853495796967,38.64614425395256,1.611396684404042e-05,1.6481512576352016e-05,35399.90263303113,5000.0,55979.688699299855,2173.0569679261766,56021.85041085641
2023-08-09 17:02:35+00:00,39.853276699197146,-75.82832719376803,-2145.690676747492,40.07802527059612,-75.25849008834503,38.39490671571461,1.611668268544065e-05,1.649349301685139e-05,35460.37553707765,5000.0,55967.39435000962,2173.1103730549867,56009.56738828615
2023-08-09 17:02:36+00:00,39.85324256646113,-75.8284413713861,-2146.239818181189,40.07694380695396,-75.25845102679575,38.108458194778606,1.6103312812489194e-05,1.6506311729490275e-05,35533.83285164886,5000.0,55954.73964757817,2173.4185128831323,55996.93417554571
2023-08-09 17:02:37+00:00,39.85320857870888,-75.82854746471276,-2146.8364532353394,40.07577521422956,-75.25840305902554,37.820196679519306,1.611329995731123e-05,1.6519431492422134e-05,35516.426616143086,5000.0,55941.410600618205,2173.61701781722,55983.62288140259
2023-08-09 17:02:38+00:00,39.85317653039184,-75.82864834600181,-2147.3885009546057,40.07524648889492,-75.25842034028362,37.36304713249729,1.6120199959909977e-05,1.6530887131781436e-05,35566.88007616011,5000.0,55927.07568336676,2173.7039669117617,55969.30215241924
2023-08-09 17:02:39+00:00,39.85314428694335,-75.82874493249213,-2148.1186194188413,40.07457533378516,-75.25843491710205,36.89198155401408,1.611145784986595e-05,1.654421445754509e-05,35572.64113593898,5000.0,55912.46007657757,2173.891382100375,55954.70485630365
2023-08-09 17:02:40+00:00,39.853102798812,-75.82883451249586,-2148.8237000538966,40.07343928632797,-75.25843218775199,36.47918150374475,1.6120640457131558e-05,1.6560078296074672e-05,35620.577457484,5000.0,55897.88655798851,2174.0025993190006,55940.1466654459
2023-08-09 17:02:41+00:00,39.85306420836999,-75.82892024919336,-2149.59257302964,40.07265848846201,-75.25845607363433,35.97181994209276,1.6126320203692037e-05,1.6563863608127316e-05,35630.739942118365,5000.0,55882.91448542752,2174.154202676621,55925.19180014156
2023-08-09 17:02:42+00:00,39.85302420995498,-75.8289960517979,-2150.0864269507406,40.07154270745959,-75.25847915991349,35.534079690354744,1.6127090103830386e-05,1.6572173088964433e-05,35664.710231525154,5000.0,55867.68042033947,2174.121112282557,55909.96796779672
2023-08-09 17:02:43+00:00,39.85298172712034,-75.82906398170913,-2150.6758245389374,40.06966812521368,-75.2585134855292,35.207635968605075,1.6147746372556407e-05,1.657066550862664e-05,35669.562293355935,5000.0,55852.30920829169,2174.2725850707416,55894.61427698393
2023-08-09 17:02:44+00:00,39.85294045916986,-75.82912501735365,-2151.4418549049124,40.06766597645459,-75.2585768516389,34.82004532279513,1.6145000545360227e-05,1.657758420054695e-05,35706.71734861445,5000.0,55836.299559321,2174.543620568235,55878.62729555894
2023-08-09 17:02:45+00:00,39.85279845201086,-75.82919819744957,-2151.512247530307,40.11396814118584,-75.26959433514253,40.72191334187014,1.615839991587789e-05,1.6585853131925485e-05,35727.93422269946,5000.0,55826.8583217935,2174.291145465561,55869.18338464286
2023-08-09 17:02:46+00:00,39.85266243268717,-75.82927046373425,-2151.827714110819,40.11383939300276,-75.26966905804748,39.86243379042786,1.6182320597137405e-05,1.6598830016939957e-05,35687.215196583566,5000.0,55816.350066309,2174.277679014202,55858.68256726265
2023-08-09 17:02:47+00:00,39.85252387662546,-75.82933033877325,-2152.253944111175,40.11371372331765,-75.26973504730267,38.90929978909005,1.6188222185546574e-05,1.6616647990216384e-05,35711.2910283773,5000.0,55804.33528134068,2174.3392222504776,55846.679285752536
2023-08-09 17:02:48+00:00,39.852391311344846,-75.82937809037514,-2152.7442213576223,40.11359223742242,-75.26978683591146,37.94389152228239,1.6198628269784006e-05,1.662830846370595e-05,35771.8886901104,5000.0,55790.94738756913,2174.424494939494,55833.30486624179
2023-08-09 17:02:49+00:00,39.85226225340101,-75.82942072403381,-2153.14563582068,40.11347616027376,-75.26982793305653,37.0506040160451,1.6219986338159014e-05,1.665170081321864e-05,35777.112994782496,5000.0,55777.53656379017,2174.119265874848,55819.89232977074
2023-08-09 17:02:50+00:00,39.85213534509745,-75.8294597238937,-2153.886171065142,40.11337129536796,-75.26986192702385,36.08953707049204,1.6217532059988136e-05,1.66697481731856e-05,35802.50448942042,5000.0,55762.91113296221,2174.0429024511745,55805.27502453813
2023-08-09 17:02:51+00:00,39.85201730830487,-75.8294984783893,-2154.6446401624403,40.11327665447784,-75.26989174571041,35.130044316017965,1.6234756365878435e-05,1.6659489819547252e-05,35811.96797675939,5000.0,55747.57747896944,2174.293856491728,55789.962793929866
2023-08-09 17:02:52+00:00,39.85190315556766,-75.82953734105428,-2155.319881295709,40.11317641965852,-75.26992524523239,34.36273899274233,1.623246576022334e-05,1.665371822340673e-05,35832.17198547018,5000.0,55732.73137750165,2174.380429243589,55775.131349444935
2023-08-09 17:02:53+00:00,39.85179566164477,-75.82957589568238,-2155.996962321404,40.11308878239427,-75.26995777810943,33.56377015806656,1.6251578958090712e-05,1.665447047321872e-05,35891.858134005466,5000.0,55717.28241236494,2174.4551892806285,55759.69704714527
2023-08-09 17:02:54+00:00,39.85168913728582,-75.82961063769193,-2156.875294577727,40.11299358232473,-75.26998924866606,32.773915569456,1.6278603389838076e-05,1.667009496378842e-05,35921.59749148924,5000.0,55701.84132270015,2174.8155242616363,55744.28176327896
2023-08-09 17:02:55+00:00,39.851583542346845,-75.82964216557372,-2157.689138757478,40.112893967059314,-75.27001517733628,31.92673345276637,1.6278693251777797e-05,1.66831401773102e-05,35974.96743699308,5000.0,55686.97786776904,2174.972332862445,55729.435747135605
2023-08-09 17:02:56+00:00,39.85148060063744,-75.82966643837275,-2158.6282115332237,40.11276289263174,-75.2700420213395,31.14280231919088,1.6282963646326273e-05,1.669429301784102e-05,36012.97919676831,5000.0,55671.19390491564,2175.341589469655,55713.67822922476
2023-08-09 17:02:57+00:00,39.851381933613226,-75.82970149220941,-2159.302261208352,40.112575844684265,-75.27008140897246,30.638525826897705,1.628579300125779e-05,1.6696322910439023e-05,36030.23637610304,5000.0,55656.12463078445,2175.6542161766115,55698.63265992962
2023-08-09 17:02:58+00:00,39.851285126915634,-75.82974615070444,-2159.521101507624,40.11239735047024,-75.2701287337306,30.38139761587792,1.628881424322308e-05,1.6698373106857325e-05,36035.07336118994,5000.0,55642.11926144688,2175.682770974663,55684.63909755538
2023-08-09 17:02:59+00:00,39.85118929272449,-75.8297981620136,-2159.5306920888534,40.11221718193912,-75.27018423029887,30.41458184788413,1.629097939024569e-05,1.6688023144931467e-05,36055.40788151384,5000.0,55628.44843932386,2175.742626290131,55670.98105604363
2023-08-09 17:03:00+00:00,39.85108954919135,-75.82984373085517,-2159.561523586245,40.11200065748599,-75.27024201072717,30.613646801699144,1.6293614431290736e-05,1.669402336403278e-05,36067.93460510707,5000.0,55615.5696198825,2176.038340107051,55658.12363888684
2023-08-09 17:03:01+00:00,39.850982259359725,-75.82986901192041,-2159.5734047668884,40.11178147590034,-75.27028393406947,30.77002864451053,1.6299655021928703e-05,1.6690320502407496e-05,36147.826788342034,5000.0,55603.88970851621,2176.667003709433,55646.47724664943
2023-08-09 17:03:02+00:00,39.85086421745866,-75.82987508427455,-2159.26081800421,40.11156974227199,-75.27030396037823,31.01712691055494,1.630559912543789e-05,1.668431709011314e-05,36173.73801534451,5000.0,55589.92136160623,2176.756413136908,55632.52309100943
2023-08-09 17:03:03+00:00,39.85073798078613,-75.82986663848996,-2158.7754735432954,40.11127851786495,-75.27031063265633,31.54172457344041,1.632536809982846e-05,1.6683702109477128e-05,36207.637457015146,5000.0,55576.16135083233,2176.890143181523,55618.77885381187
2023-08-09 17:03:04+00:00,39.85060728826224,-75.82983779912313,-2158.50728694491,40.11088488540708,-75.2703089546064,32.10051002107892,1.6323374943875873e-05,1.6688470751450198e-05,36232.79665515225,5000.0,55562.210705897975,2177.549673476714,55604.864725193445
2023-08-09 17:03:05+00:00,39.850465977519406,-75.8297906679423,-2158.380826031816,40.110500856245686,-75.2702871427035,32.38419454566671,1.6308674665947167e-05,1.6688764805538958e-05,36310.94737145262,5000.0,55545.5316498308,2178.619397414953,55588.240381767326
2023-08-09 17:03:06+00:00,39.85031690695298,-75.8297260916105,-2158.553786877743,40.10999565527499,-75.27026596725361,32.543428978030526,1.6316929486510055e-05,1.6687719454045315e-05,36357.342812585295,5000.0,55528.378170178745,2179.8672011944795,55571.14901840007
2023-08-09 17:03:07+00:00,39.85016152516471,-75.8296478872488,-2158.8696764895203,40.10937160902,-75.27025190673012,32.54649568095226,1.6341438375635117e-05,1.6701857782186232e-05,36358.5125746018,5000.0,55510.4379605543,2180.972010890608,55553.26598396206
2023-08-09 17:03:08+00:00,39.850004254858206,-75.82955661281038,-2159.3005113183854,40.10856411278561,-75.2702688340165,32.55009503575313,1.6365938324037552e-05,1.671882669546323e-05,36391.57516340033,5000.0,55491.782720570896,2182.1442219499445,55534.67117857492
2023-08-09 17:03:09+00:00,39.849840264624895,-75.82946278470264,-2159.8392953364,40.10757046062663,-75.27033854616135,32.696591097325424,1.637164078047332e-05,1.6733371534495268e-05,36479.03352366216,5000.0,55472.94123275028,2182.902674586648,55515.87406408084
2023-08-09 17:03:10+00:00,39.84966587685328,-75.82936680596856,-2160.585024567419,40.10656563688987,-75.27043622182475,32.81421645637572,1.6381012680391945e-05,1.676324622448604e-05,36493.5560122648,5000.0,55454.10494148083,2183.6815650272583,55497.08298674993
2023-08-09 17:03:11+00:00,39.84949002803016,-75.8292769840501,-2161.390549622604,40.10560795924329,-75.27056407709252,32.850059024601855,1.6396600216281154e-05,1.677894482873653e-05,36536.29386868785,5000.0,55435.79930363,2184.7609837478053,55478.83402693725
2023-08-09 17:03:12+00:00,39.849310357993325,-75.82918969226682,-2162.221973528627,40.104720722101305,-75.27070136394002,32.83504732016254,1.6421297210779433e-05,1.6796365099717372e-05,36590.35688071581,5000.0,55417.95403190061,2185.674562436864,55461.03859805307
2023-08-09 17:03:13+00:00,39.84913291998389,-75.82910386881058,-2163.085071786595,40.10389513334267,-75.2708486310821,32.800019250211875,1.641000234088022e-05,1.6837393094244325e-05,36578.51055922209,5000.0,55400.77073137104,2186.3707813973456,55443.896100686194
2023-08-09 17:03:14+00:00,39.84895677827879,-75.82902624189242,-2163.8496906887,40.1030727699756,-75.27102108936748,32.82462814416026,1.641950386184328e-05,1.6852317735925834e-05,36586.24224194701,5000.0,55384.53719285152,2187.05694378935,55427.702262873296
2023-08-09 17:03:15+00:00,39.84877980929693,-75.82895166723839,-2164.8491976128207,40.10249006666528,-75.2711060027847,32.53275542995585,1.642112208518241e-05,1.686640665076488e-05,36626.179418619984,5000.0,55368.056982447386,2187.6881429158816,55411.25980721062
2023-08-09 17:03:16+00:00,39.84860035376869,-75.8288810379202,-2165.734247054741,40.10192593676799,-75.27120613464726,32.278883076714926,1.644282988238404e-05,1.68704389124279e-05,36635.62836347213,5000.0,55352.37082792836,2188.051329281539,55395.6002304521
2023-08-09 17:03:17+00:00,39.84842197996287,-75.82881638516977,-2166.659397672416,40.10147075389801,-75.27124982490045,31.80736217110244,1.644274254281592e-05,1.689199344564867e-05,36707.66781186935,5000.0,55336.77142454154,2189.34573956072,55380.06416084483
2023-08-09 17:03:18+00:00,39.84823771999713,-75.82874972977734,-2167.484206345638,40.10100726571312,-75.271274767525,31.31349688472861,1.644421578846473e-05,1.6894748299386025e-05,36783.18978261892,5000.0,55322.09951971107,2189.963617548724,55365.4281651917
2023-08-09 17:03:19+00:00,39.84805278206965,-75.82868516791865,-2168.2124632964424,40.10056483028631,-75.27128103365438,30.93187439057364,1.6455073491494887e-05,1.6894561705830782e-05,36790.50740772599,5000.0,55308.09384336231,2190.4121815181097,55351.45120149168
2023-08-09 17:03:20+00:00,39.8478691657544,-75.82861752167722,-2168.7535589780764,40.10022168305405,-75.27123711989742,30.49378581368782,1.645799717400118e-05,1.6909090703384785e-05,36796.32269449732,5000.0,55294.26588934735,2190.408352429701,55337.6339301947
2023-08-09 17:03:21+00:00,39.84768822670818,-75.82854545252377,-2169.1182288761347,40.09991408738309,-75.27117296329443,30.043366566687475,1.6466499124590205e-05,1.6912411773876695e-05,36802.55033284018,5000.0,55280.21774451935,2190.245251058955,55323.5903402993
2023-08-09 17:03:22+00:00,39.84751515686631,-75.82846697506639,-2169.566779793024,40.09944650850365,-75.27114557413978,29.945045559241606,1.6470613526326436e-05,1.691248086207738e-05,36846.09901102539,5000.0,55265.48220105725,2190.017275603925,55308.85732486995
2023-08-09 17:03:23+00:00,39.84734950581533,-75.82838272446813,-2169.9103498010886,40.09904231979864,-75.27108976267007,29.80843583425013,1.6484037663203705e-05,1.6918077117881904e-05,36864.64525832818,5000.0,55249.74842292639,2189.9017522688728,55293.13131376488
2023-08-09 17:03:24+00:00,39.84719169464272,-75.82829511727786,-2170.0785901432923,40.09871142872248,-75.27101118155736,29.631323968879503,1.650723997647903e-05,1.6942232556896688e-05,36893.926863517794,5000.0,55232.73976221315,2189.7182236043864,55276.12873147998
2023-08-09 17:03:25+00:00,39.84704162290156,-75.82820867135234,-2170.1182916966386,40.09824142176729,-75.27094950435567,29.7119980490653,1.6535976107749282e-05,1.6934362465510515e-05,36895.10965446712,5000.0,55214.77261355173,2189.570000144145,55258.16981724741
2023-08-09 17:03:26+00:00,39.84689858830445,-75.82812386641962,-2170.0762749506976,40.097965597813165,-75.27085990604277,29.6621545439286,1.6527763151372455e-05,1.6947721871125994e-05,36920.44960925594,5000.0,55196.59961586278,2189.2252844329246,55239.9974339234
2023-08-09 17:03:27+00:00,39.84676841880422,-75.8280355480646,-2170.24485459233,40.09755717974468,-75.27078472889036,29.695889198642213,1.6534227592595975e-05,1.6944569627446563e-05,36928.15551470928,5000.0,55176.96955104468,2189.407012602868,55220.390001373096
2023-08-09 17:03:28+00:00,39.84665366146006,-75.82795218289948,-2170.2661595657896,40.09707134288299,-75.27072402343514,29.75519612977903,1.6545267317930583e-05,1.69458122230051e-05,36942.12834469064,5000.0,55156.52938532305,2189.213290250574,55199.95823063832
2023-08-09 17:03:29+00:00,39.84655035867711,-75.82787510120116,-2170.362272058822,40.09656349275424,-75.27066742291453,29.79370488147301,1.655824856804811e-05,1.697112695990183e-05,36965.598472291626,5000.0,55135.8433170737,2189.102735552384,55179.28405725923
2023-08-09 17:03:30+00:00,39.84645797240185,-75.82780508689429,-2170.6354277007667,40.09571950658344,-75.2706288539962,29.86427403134389,1.658272714036704e-05,1.6997552428060877e-05,36981.79617718847,5000.0,55113.88986783255,2189.2175957038858,55157.35245681137
2023-08-09 17:03:31+00:00,39.84637063580104,-75.82774408584501,-2170.8129224990616,40.095123957035085,-75.27058332404273,29.791513013887386,1.658472942355743e-05,1.7026784669358456e-05,37019.32796883718,5000.0,55091.96705062303,2189.281819075597,55135.44947119111
2023-08-09 17:03:32+00:00,39.84629340328196,-75.82769247859247,-2170.9479114413944,40.094346911695496,-75.27055883189077,29.7791370660835,1.6590267937037136e-05,1.70527488178998e-05,37074.94739522945,5000.0,55070.428851092845,2189.220352093696,55113.92582272924
2023-08-09 17:03:33+00:00,39.84621818444408,-75.82764973024466,-2171.009951120714,40.09305548777508,-75.2705747002157,29.86044901009273,1.6600894052157225e-05,1.706117627504519e-05,37135.62716279534,5000.0,55049.04807917278,2189.294755281248,55092.56488809156
2023-08-09 17:03:34+00:00,39.84615607443409,-75.82761887914491,-2171.212367026239,40.09110808173122,-75.27063858836625,30.02869052287588,1.6607606892256863e-05,1.707741238761859e-05,37169.255177904684,5000.0,55027.92890592263,2189.2948502610243,55071.46240673708
2023-08-09 17:03:35+00:00,39.84609714252116,-75.82760073717154,-2171.320651330185,40.08841094790412,-75.27075583237273,30.30286901451365,1.662657198768048e-05,1.7079416133265054e-05,37188.21690050439,5000.0,55008.05476473532,2189.244870227989,55051.60199396508
2023-08-09 17:03:36+00:00,39.8460416189656,-75.8275932173926,-2171.401158767037,40.08552763761413,-75.27089528307549,30.59729401514521,1.663071274331043e-05,1.7098235364570235e-05,37226.87923237436,5000.0,54987.93367556373,2189.2940155541432,55031.49878201335
2023-08-09 17:03:37+00:00,39.84597749082148,-75.82759876831852,-2171.6162105181666,40.08291806003085,-75.27102882662156,30.820948593274064,1.6640971032085282e-05,1.7124422804416946e-05,37264.70681797008,5000.0,54968.91099735958,2189.4079842031783,55012.49570376653
2023-08-09 17:03:38+00:00,39.84590039835019,-75.82761422445708,-2171.797555882285,40.07971172680348,-75.271203053641,31.200444519578483,1.6645374829084052e-05,1.7100474713582468e-05,37292.976440144186,5000.0,54951.10151176032,2189.5348977122385,54994.70538537402
2023-08-09 17:03:39+00:00,39.845813417604354,-75.82762909266006,-2172.012831623895,40.0773446209315,-75.27132866414853,31.51807538141302,1.66501616423557e-05,1.7094735333132017e-05,37296.447767257705,5000.0,54934.19288598304,2189.759708661048,54977.81912386181
2023-08-09 17:03:40+00:00,39.84571983527614,-75.82765081521117,-2171.795765016336,40.07575124329298,-75.271410229288,31.78093629717236,1.666552311197546e-05,1.708916880124826e-05,37317.65739485776,5000.0,54918.336718096085,2189.7693278688403,54961.97592510167
2023-08-09 17:03:41+00:00,39.84562325895496,-75.8276758210193,-2171.961805334771,40.07466720350433,-75.27146686288623,32.004104350455144,1.6664119260673618e-05,1.7106389955164722e-05,37287.76006781354,5000.0,54903.44136546196,2190.1518402503875,54947.10764775587
2023-08-09 17:03:42+00:00,39.84551930904835,-75.82770266334803,-2171.982723685089,40.073129438806006,-75.27154206079659,32.26760571371585,1.6711955469745332e-05,1.711360048513968e-05,37286.61863043848,5000.0,54889.332099898056,2190.483674295393,54933.02282871619
2023-08-09 17:03:43+00:00,39.84540238590221,-75.82772592886607,-2171.9815108418934,40.0714598382275,-75.27161125093443,32.560030065218584,1.6718388444357593e-05,1.710970851131322e-05,37300.32805209087,5000.0,54876.00629678672,2190.7576656286697,54919.71855567439
2023-08-09 17:03:44+00:00,39.84527901582017,-75.8277437400608,-2171.965639789425,40.06972856599902,-75.27167547823626,32.85395255259037,1.672361784080055e-05,1.711774747931625e-05,37349.09426457978,5000.0,54863.26444380811,2190.962047456206,54906.99500177198
2023-08-09 17:03:45+00:00,39.845104137573735,-75.82767063008677,-2171.38478757833,40.10827495630266,-75.28324323286938,40.06177931460074,1.6727997049473187e-05,1.713307988161441e-05,37425.98226038414,5000.0,54847.3978601116,2190.630185285913,54891.12781346417
2023-08-09 17:03:46+00:00,39.84493391545634,-75.82759159101472,-2170.9369676103925,40.10811354260245,-75.28316746466213,39.68127957517574,1.674559221748091e-05,1.7151002331727638e-05,37483.87157814566,5000.0,54830.6826606218,2190.3564101776574,54874.41500584237
2023-08-09 17:03:47+00:00,39.8447667168903,-75.82750598092565,-2170.587233820804,40.10795765137388,-75.28308532373227,39.314893992597895,1.677092484115811e-05,1.7182023340377332e-05,37510.23892977624,5000.0,54813.23825149259,2190.103205814441,54856.97439402769
2023-08-09 17:03:48+00:00,39.84459818477836,-75.8274126753363,-2170.3607535506035,40.10780685234274,-75.28299832105975,38.901718163767306,1.6799596889638755e-05,1.718932950073452e-05,37542.22576697055,5000.0,54795.13828047105,2189.902388571058,54838.88083875721
2023-08-09 17:03:49+00:00,39.84442965724614,-75.82731204854515,-2170.154035608169,40.107663769343525,-75.28290404041435,38.46764564414408,1.68171267672879e-05,1.7211761672237057e-05,37570.44191245398,5000.0,54776.00484129048,2189.6834616403903,54819.75392169559
2023-08-09 17:03:50+00:00,39.84426458249296,-75.82720636910868,-2170.088291251491,40.10753288116031,-75.28280038538267,37.97314481916639,1.680821994850827e-05,1.7224315735814087e-05,37581.96667675193,5000.0,54756.55508923619,2189.654069675854,54800.31852266377
2023-08-09 17:03:51+00:00,39.84410083405166,-75.82709275764769,-2170.1294770624136,40.1074124473033,-75.2826862430514,37.42424375774198,1.682726217304107e-05,1.7234790663332215e-05,37623.67789593474,5000.0,54736.52574188592,2189.742279518713,54780.3087025151
2023-08-09 17:03:52+00:00,39.84393922479047,-75.8269674621,-2170.325372340368,40.1073073010411,-75.28255996101723,36.84064061231757,1.6837490939845595e-05,1.725057589382055e-05,37701.12381555166,5000.0,54715.36318783574,2189.911440989541,54759.16983388396
2023-08-09 17:03:53+00:00,39.8437821114483,-75.82683450992016,-2170.5254646570947,40.107210087609104,-75.282421606255,36.29157329064196,1.6845977570951836e-05,1.724054373036882e-05,37736.50866521077,5000.0,54693.49969002421,2190.062582361839,54737.32988059739
2023-08-09 17:03:54+00:00,39.84363090281141,-75.82669266332017,-2170.769464649481,40.10711673265869,-75.2822715662976,35.713428006883774,1.6864670433308072e-05,1.722644398391321e-05,37751.24773136948,5000.0,54670.67676598122,2190.3827930886223,54714.5380573633
2023-08-09 17:03:55+00:00,39.84347937955818,-75.82654371138798,-2170.9381915362874,40.10700762968255,-75.2821137264113,35.2698533424399,1.686779256644869e-05,1.725080363919392e-05,37765.29880051272,5000.0,54646.94858864147,2190.511992918293,54690.83408433943
2023-08-09 17:03:56+00:00,39.84332470839682,-75.82638769935286,-2171.332744905252,40.1068873835393,-75.28194966856442,34.94498693027426,1.6883621504097726e-05,1.7258123926630855e-05,37798.09252630732,5000.0,54622.83926448231,2191.076188492812,54666.766725106856
2023-08-09 17:03:57+00:00,39.843169367835536,-75.82622694630827,-2171.557142792026,40.10676876297883,-75.28177927694779,34.65777897543528,1.689079652744775e-05,1.7269649991427415e-05,37853.72446796281,5000.0,54598.273902990775,2191.6191147655786,54642.242885245934
2023-08-09 17:03:58+00:00,39.84300961284743,-75.82606022076516,-2171.963516262118,40.10658257151092,-75.28161466932949,34.512685705527765,1.691417777098466e-05,1.7265287790323204e-05,37910.2083003222,5000.0,54573.29100054324,2192.285287672551,54617.30683045915
2023-08-09 17:03:59+00:00,39.84284618413321,-75.82588639407751,-2172.297647708184,40.10639576646929,-75.28144296326026,34.29836651396145,1.6914124125786948e-05,1.7292686396611143e-05,37942.553499394,5000.0,54548.803118317264,2192.9481179089557,54592.865313049646
2023-08-09 17:04:00+00:00,39.84267999557759,-75.82570847396315,-2172.755578758021,40.10624486543871,-75.281255582774,33.905963891171375,1.6913610949997236e-05,1.7319829426385075e-05,37947.64500328694,5000.0,54524.967604491576,2193.7486051771325,54569.08122017057
2023-08-09 17:04:01+00:00,39.842507567468935,-75.82551671863271,-2173.295724556931,40.10598578770294,-75.28107572870907,33.522650501733224,1.694536659639912e-05,1.7336531939582322e-05,37989.230849663945,5000.0,54500.96982643678,2194.656341976319,54545.13936623088
2023-08-09 17:04:02+00:00,39.84233297318784,-75.82531157553015,-2174.1109362923225,40.10565918310955,-75.28089345931802,33.03169128555621,1.6963006206875115e-05,1.735389937260299e-05,38024.22048421783,5000.0,54476.548453164905,2195.7836210652727,54520.78316642712
2023-08-09 17:04:03+00:00,39.84215305797416,-75.82509311148962,-2174.799811851234,40.10525215578224,-75.28071063105823,32.501447413962815,1.697660943766674e-05,1.737475731905893e-05,37993.46093163765,5000.0,54451.61749240785,2196.528790248304,54495.90247225828
2023-08-09 17:04:04+00:00,39.84196662415522,-75.82486060214,-2175.429993751175,40.10473514155095,-75.28053468865272,32.111642335794315,1.698779972704953e-05,1.7384021374837452e-05,38006.10867676276,5000.0,54425.64908984463,2197.0561907425786,54469.97645268617
2023-08-09 17:04:05+00:00,39.84178029572985,-75.82461603513079,-2175.988471440144,40.10393864329136,-75.2804072975025,32.01081054233831,1.700033929009819e-05,1.7403118662646352e-05,38011.542059910586,5000.0,54398.7086504084,2197.6091786669267,54443.080266772
2023-08-09 17:04:06+00:00,39.84158965647124,-75.82436974825828,-2176.884896440427,40.10312876894036,-75.28028917330806,31.82868109750744,1.6995655417167895e-05,1.7421218016362574e-05,38001.856710823886,5000.0,54372.17080466423,2198.338170715781,54416.59350533077
2023-08-09 17:04:07+00:00,39.841391373596544,-75.82412457912613,-2177.781295224901,40.10236646530056,-75.28016306955804,31.487031896815274,1.699971605638042e-05,1.7424413973530333e-05,37996.56109157574,5000.0,54345.19938431373,2198.921317465385,54389.66768680626
2023-08-09 17:04:08+00:00,39.84118952685081,-75.8238713074247,-2178.803369319019,40.10156238999304,-75.28005380639605,31.139291951621484,1.7004267337176256e-05,1.744952560004656e-05,38048.55555201379,5000.0,54317.596951143285,2199.6716177741605,54362.118186958935
2023-08-09 17:04:09+00:00,39.84098412599552,-75.82362022752638,-2179.8248091780583,40.10066515606357,-75.27997661625423,30.82509034793948,1.6997457399915686e-05,1.744961996296398e-05,38049.752688417895,5000.0,54291.046098882434,2200.4523368569508,54335.62070132039
2023-08-09 17:04:10+00:00,39.84077182239305,-75.82337343309723,-2181.2335973164736,40.09984715808368,-75.27988594696367,30.240488254942026,1.699517009342185e-05,1.7479960056847907e-05,38098.15144380078,5000.0,54264.83452056872,2201.460463434992,54309.471491782846
2023-08-09 17:04:11+00:00,39.84055361332455,-75.8231279164137,-2182.202872826335,40.098937764559416,-75.27983167032744,29.86717225753395,1.701885528606983e-05,1.7473680764908343e-05,38124.38066836031,5000.0,54239.16737532217,2202.186358868603,54283.85489560777
2023-08-09 17:04:12+00:00,39.84033502611811,-75.82289026007075,-2183.0527786232533,40.0979098620568,-75.27982999022902,30.044494031520003,1.701697340368722e-05,1.7463931482579934e-05,38163.01188323237,5000.0,54215.27742962881,2202.300131187902,54259.9892428984
2023-08-09 17:04:13+00:00,39.84011861911904,-75.82265938104555,-2183.858753582108,40.09693720901891,-75.27982176127222,30.29949020309179,1.702433244583115e-05,1.7457653414442266e-05,38169.46537063146,5000.0,54192.12797908682,2202.5717530218326,54236.86990626335
2023-08-09 17:04:14+00:00,39.83989779718804,-75.82242512320266,-2184.9554889390083,40.09623243680021,-75.27972289363782,30.115855828179065,1.703423296227485e-05,1.748471798140827e-05,38155.13554925256,5000.0,54169.46685032589,2203.0462181778016,54214.24675754505
2023-08-09 17:04:15+00:00,39.83967146916304,-75.82218671096987,-2186.0140760097256,40.09567003671454,-75.27956841417605,29.629093000979328,1.7042192295999156e-05,1.7493894178561486e-05,38204.83269334125,5000.0,54147.45141183223,2203.5769214926563,54192.271087726775
2023-08-09 17:04:16+00:00,39.839443444691625,-75.82194980128996,-2186.9140213547093,40.0951291149664,-75.27939864004334,29.073876563719747,1.705724360406013e-05,1.7506152707546676e-05,38287.70465637156,5000.0,54125.89867333152,2203.830013095393,54170.74647743347
2023-08-09 17:04:17+00:00,39.839215391759126,-75.8217108817418,-2187.783725055622,40.0946682765204,-75.27919773899302,28.431288340243047,1.707622167845428e-05,1.751903231080766e-05,38331.16392754089,5000.0,54104.38343313684,2204.069366193745,54149.25879872121
2023-08-09 17:04:18+00:00,39.8389902670137,-75.82146412821075,-2188.5502322329307,40.09414823265869,-75.27900060927743,27.9634913901052,1.7081585668441612e-05,1.7535059906766326e-05,38370.18209871901,5000.0,54082.96109340958,2204.128757903285,54127.85663789645
2023-08-09 17:04:19+00:00,39.8387733474808,-75.82120680752007,-2189.4259138730245,40.09369066655591,-75.27877109257359,27.387226056755665,1.7122846754217066e-05,1.755877928385788e-05,38468.46356819258,5000.0,54060.64859012981,2204.4285709674696,54105.57486350184
2023-08-09 17:04:20+00:00,39.83856411476606,-75.82094368464541,-2190.754997943068,40.093173011763184,-75.27853720486404,26.784028657128022,1.7151586648784766e-05,1.757268949977512e-05,38500.00268468666,5000.0,54037.22683182721,2205.380941740536,54082.211389444295
2023-08-09 17:04:21+00:00,39.838366274577474,-75.8206718976786,-2191.9508481218936,40.092547695583946,-75.27830337664442,26.24561223579857,1.71474849301739e-05,1.7584973519005647e-05,38484.3836335632,5000.0,54012.23503075227,2206.262616039457,54057.2763626522
2023-08-09 17:04:22+00:00,39.83818268904833,-75.8203977656042,-2192.8550556107,40.0918631902077,-75.27806833193766,25.85300823585401,1.715202102317723e-05,1.7580341866359587e-05,38574.27318471367,5000.0,53985.66235010191,2206.5537246206527,54030.73772140122
2023-08-09 17:04:23+00:00,39.83800875958555,-75.82011874590381,-2193.9429794656,40.09125498704012,-75.27781231620611,25.27808728961596,1.7154875182257752e-05,1.7572328637165004e-05,38613.824809816986,5000.0,53957.28050412339,2206.897945833505,54002.39363161579
2023-08-09 17:04:24+00:00,39.83784301427857,-75.81983276893274,-2194.8627292111005,40.09076766963305,-75.27752843448336,24.51378006820781,1.7157039253006765e-05,1.7570603201578177e-05,38629.03355886027,5000.0,53927.4644793359,2206.980428939816,53972.60590136221
2023-08-09 17:04:25+00:00,39.83768554610208,-75.8195444212883,-2195.897639993524,40.09024053489192,-75.27724341165334,23.76442868945765,1.719000158849539e-05,1.756822474706229e-05,38604.33308314424,5000.0,53896.59334480715,2207.0992396563965,53941.76546266541
2023-08-09 17:04:26+00:00,39.83753605578718,-75.81925572623359,-2196.906666143699,40.089718796701824,-75.27695560501675,22.910941089911383,1.720693462027991e-05,1.757159843208339e-05,38646.52073622867,5000.0,53864.757653750064,2207.2166130574824,53909.96125276091
2023-08-09 17:04:27+00:00,39.83739687768031,-75.81896863419541,-2198.0756027415428,40.08877810119058,-75.27670534748596,22.24267807521069,1.7225460093523822e-05,1.755775469369403e-05,38687.34962811051,5000.0,53832.31724708002,2207.5439413011795,53877.56147454193
2023-08-09 17:04:28+00:00,39.83727279534408,-75.81868637483751,-2199.14725434541,40.08715788199389,-75.27652318036117,21.85764842061264,1.7261214173966474e-05,1.756557115912607e-05,38720.00588974163,5000.0,53798.95031770288,2207.768212927667,53844.23177805285
2023-08-09 17:04:29+00:00,39.83716901210517,-75.81842181164924,-2200.028262185172,40.085592749346006,-75.27634895785724,21.44318255242765,1.7253076975736548e-05,1.757875104440818e-05,38749.42302109656,5000.0,53765.05091305805,2207.6392797992835,53810.35560998865
2023-08-09 17:04:30+00:00,39.83708459078923,-75.81817103473654,-2200.7584475635986,40.084112387807394,-75.27618414168106,21.06604449794566,1.7259990240252276e-05,1.7573622107599233e-05,38792.0991378421,5000.0,53730.506261352784,2207.361084074178,53775.82864128414
2023-08-09 17:04:31+00:00,39.83702268062473,-75.81793154349916,-2201.405473473588,40.083056074285,-75.27599695805222,20.631459950728026,1.7245834307590074e-05,1.7590263879800246e-05,38809.71764597748,5000.0,53694.5872192196,2207.272360144252,53739.936247768645
2023-08-09 17:04:32+00:00,39.83698370318049,-75.81769768180844,-2201.9289632341643,40.08317054075126,-75.27571204872088,19.93887186865579,1.7239110798284476e-05,1.759769306904619e-05,38789.17356293249,5000.0,53656.41500024383,2207.3579673231948,53701.799782449525
2023-08-09 17:04:33+00:00,39.836967518096266,-75.81747925271276,-2202.396678803879,40.08311390711444,-75.27545790760088,19.350305652024414,1.7248257418736864e-05,1.759041560474696e-05,38848.66266548615,5000.0,53616.78383067152,2207.639675321217,53662.21371953464
2023-08-09 17:04:34+00:00,39.83696438270127,-75.81728037340233,-2202.6925343286384,40.08217812784296,-75.27531564606971,19.085132850433965,1.726381088488825e-05,1.75983674109862e-05,38864.86523882595,5000.0,53576.3371832993,2207.948705447669,53621.81406353637
2023-08-09 17:04:35+00:00,39.83696578060935,-75.81710813605434,-2202.918197807184,40.08030468537682,-75.27529969681765,19.144864762862284,1.726864191368774e-05,1.7597128863978215e-05,38840.57889618336,5000.0,53536.0985299577,2207.9432799163,53581.60933880828
2023-08-09 17:04:36+00:00,39.83698370895296,-75.81696607061913,-2203.3349002562877,40.07947358221059,-75.2752048081838,18.95579971977845,1.7276608859515518e-05,1.759844802830912e-05,38870.89322542911,5000.0,53496.63748385071,2207.986900102101,53542.183633370456
2023-08-09 17:04:37+00:00,39.83700593502776,-75.81685702603909,-2203.7345902380507,40.07801436463088,-75.27520600951323,18.86771991852462,1.7282574442549682e-05,1.7621861311957174e-05,38898.68149440703,5000.0,53459.17322941105,2208.3135680533933,53504.76475218845
2023-08-09 17:04:38+00:00,39.83702524737768,-75.81676829677994,-2204.177523304243,40.07654229295173,-75.27522814192591,18.82586976460384,1.728963997802245e-05,1.762454159189041e-05,38903.723079861,5000.0,53423.081077825205,2208.843870407783,53468.7252802208
2023-08-09 17:04:39+00:00,39.83703981845521,-75.81669626810509,-2204.444554233831,40.07511062556601,-75.2752489888397,18.898266861003886,1.7310322790193265e-05,1.7639787225465935e-05,38883.89367093231,5000.0,53388.920893419854,2208.992639647222,53434.60042562178
2023-08-09 17:04:40+00:00,39.83705084351431,-75.81664134952443,-2204.6010338217384,40.07371373415165,-75.27526142095186,19.099050904181027,1.732611478397482e-05,1.7637917178508307e-05,38905.32056405186,5000.0,53357.1092532302,2209.148867792515,53402.822458941366
2023-08-09 17:04:41+00:00,39.83706303610031,-75.8166011102374,-2204.622715125232,40.07208143377307,-75.27527565762884,19.56363434094137,1.7354889766909924e-05,1.7657607317328633e-05,38952.6902434012,5000.0,53326.28157370187,2209.15612255041,53372.02148365319
2023-08-09 17:04:42+00:00,39.8370770071735,-75.81658188991217,-2204.922320144864,40.07081591433485,-75.27526767155383,19.873792651210337,1.7357139948685463e-05,1.766701710350777e-05,39001.84720857287,5000.0,53297.26134297826,2209.9012467991706,53343.057000722496
2023-08-09 17:04:43+00:00,39.83708693423277,-75.81657841359922,-2204.6416400149064,40.06941805598119,-75.275248163559,20.419526070826947,1.7363726910786717e-05,1.7677031171608352e-05,39068.43541739246,5000.0,53270.39684350383,2209.9182122383395,53316.21627956325
2023-08-09 17:04:44+00:00,39.83710198620142,-75.81658181422104,-2204.270911761087,40.06856546376244,-75.27521553027401,21.11073472423554,1.7365948726122373e-05,1.768865868049696e-05,39141.74422268343,5000.0,53243.716543106624,2209.1173264463405,53289.52571270166
2023-08-09 17:04:45+00:00,39.8369846695508,-75.81669600130098,-2203.9629078537687,40.0991325306059,-75.2943353996616,22.57989320742287,1.7378292270263298e-05,1.769869794915281e-05,39162.92105955479,5000.0,53233.61902152098,2208.5353518379584,53279.412745719696
2023-08-09 17:04:46+00:00,39.83687238321589,-75.81680489895399,-2203.756574352631,40.09902024377231,-75.29444961424424,22.751427008417185,1.7393129269564892e-05,1.7730433291662425e-05,39155.65659941104,5000.0,53223.88844740285,2208.915965635866,53269.70631798925
2023-08-09 17:04:47+00:00,39.83675832596706,-75.81691240525376,-2203.5726191816534,40.09890852780139,-75.29455872987857,22.95917818738229,1.740934665452974e-05,1.7744604735594163e-05,39168.83744768939,5000.0,53214.160419273474,2209.135306933488,53259.99575603167
2023-08-09 17:04:48+00:00,39.83664466161658,-75.81701488717492,-2203.400894018263,40.09879586573552,-75.29466482500656,23.14150793188184,1.7419659475434108e-05,1.7778251783210676e-05,39209.51586522378,5000.0,53203.82949708205,2209.055991374785,53249.6704358591
2023-08-09 17:04:49+00:00,39.83653118111268,-75.81711465599234,-2203.315028519334,40.098681312415486,-75.29476667396209,23.227411378122333,1.743897351222864e-05,1.776759724348104e-05,39217.91039659121,5000.0,53193.03415688126,2208.966142090006,53238.88066283923
2023-08-09 17:04:50+00:00,39.83641493082531,-75.81720708305706,-2203.749469394661,40.098564384697575,-75.2948600182405,23.13969541138723,1.7457000745695774e-05,1.7771477297874587e-05,39229.34288739085,5000.0,53181.98968798567,2209.5275763841555,53227.86900941852
2023-08-09 17:04:51+00:00,39.836298424749046,-75.81728545810581,-2204.213952475932,40.0984428157163,-75.29494041843388,22.90395114797293,1.743241483362413e-05,1.7794179511471974e-05,39197.0019996628,5000.0,53169.73583050195,2210.110010568515,53215.64990248807
2023-08-09 17:04:52+00:00,39.83617836233783,-75.81734572149637,-2204.7995136469663,40.09832064357596,-75.29500879468796,22.45041184555071,1.7441185613738942e-05,1.7800892511379417e-05,39189.28231425983,5000.0,53156.35846413316,2210.5075588660457,53202.300597203735
2023-08-09 17:04:53+00:00,39.83605345590756,-75.81739801945602,-2205.5880601407607,40.09819564299092,-75.29506480550442,21.804119130261327,1.7453856627225345e-05,1.7809889045420804e-05,39165.55364007667,5000.0,53142.28797524879,2210.8933199506164,53188.25829557191
2023-08-09 17:04:54+00:00,39.835929738701225,-75.81744121727098,-2206.4117221390825,40.09808033373308,-75.29511285476445,20.934819447557413,1.7460742159615944e-05,1.7826278015786728e-05,39220.60673065366,5000.0,53126.91634204136,2210.97886450292,53172.9035087754
2023-08-09 17:04:55+00:00,39.83579938002537,-75.81746961271529,-2207.213684522804,40.09794603285659,-75.29514520334877,20.126058176489167,1.7488169530532136e-05,1.7837921791931284e-05,39215.065563211065,5000.0,53111.134591305454,2211.124021548495,53157.14144886303
2023-08-09 17:04:56+00:00,39.83566491660558,-75.81748399258373,-2208.1660028609767,40.09769219588604,-75.2951528511715,19.5619322949282,1.7481321131798265e-05,1.787344297669816e-05,39255.411037857615,5000.0,53094.41100753724,2211.248687142055,53140.437531071184
2023-08-09 17:04:57+00:00,39.835527294302096,-75.81748673434404,-2209.3928043696933,40.09736695527128,-75.29515105903029,18.90023213416004,1.7477540632687668e-05,1.789125159074389e-05,39296.31746430754,5000.0,53076.55953384881,2211.453437887574,53122.61004749429
2023-08-09 17:04:58+00:00,39.83538493183478,-75.817479520569,-2210.443059266985,40.09711658019045,-75.2951459782362,17.93255590378313,1.749836613645102e-05,1.791322313782135e-05,39326.445289192765,5000.0,53058.59925155943,2211.513967090353,53104.6678604077
2023-08-09 17:04:59+00:00,39.83523988052425,-75.81745870368403,-2211.768380397279,40.09685186228412,-75.29513182723112,16.881296360483834,1.750881327040117e-05,1.7933533834954434e-05,39282.86647651614,5000.0,53039.80364952981,2211.8655726970983,53085.90321820246
2023-08-09 17:05:00+00:00,39.83509322229558,-75.81742492879039,-2213.124874003819,40.09650329940361,-75.29511075208129,15.857827218449462,1.752272162584231e-05,1.7928750874757894e-05,39320.2402660979,5000.0,53019.92987372156,2212.2369970560844,53066.06218992978
2023-08-09 17:05:01+00:00,39.83494408465905,-75.81737915751272,-2214.1698904926634,40.09605617881675,-75.29508874007732,15.011606400038158,1.7525940000003006e-05,1.794132511093631e-05,39378.864134853786,5000.0,52999.17437511726,2212.438548821639,53045.3331479443
2023-08-09 17:05:02+00:00,39.83479100040587,-75.81732199065932,-2215.129042469436,40.0955581093682,-75.29506888307262,14.38447608156588,1.7529730955108566e-05,1.7953429796962444e-05,39410.38871871616,5000.0,52977.3801763569,2212.515927747592,53023.56115049979
2023-08-09 17:05:03+00:00,39.834634112945466,-75.81725967109858,-2215.762800254025,40.09500558080949,-75.29505487338517,14.000171095869163,1.7535935509022293e-05,1.7970712384219878e-05,39437.21709065925,5000.0,52954.72980467136,2212.5654881628807,53000.93258354195
2023-08-09 17:05:04+00:00,39.834467537296746,-75.81719311543324,-2216.469657392161,40.0943884059817,-75.2950548432758,13.805565668153951,1.7536111683430238e-05,1.7992937649166067e-05,39448.326002678325,5000.0,52932.287320781776,2213.345979075204,52978.54227357415
2023-08-09 17:05:05+00:00,39.83429271582999,-75.81712737570155,-2217.0545733455606,40.09380279458831,-75.29505451966996,13.598103620298089,1.753516409208661e-05,1.7978970011817966e-05,39527.929874537,5000.0,52910.44387164524,2213.943576038684,52956.74288371977
2023-08-09 17:05:06+00:00,39.8341095698639,-75.81706257891572,-2217.668372422397,40.09304311879437,-75.2950921939364,13.593244852006286,1.753839680166618e-05,1.7986703423938543e-05,39541.71243902921,5000.0,52889.36101307569,2214.649996156344,52935.708014316064
2023-08-09 17:05:07+00:00,39.83391833113443,-75.81699683967605,-2218.150026886196,40.09237221369404,-75.2951142408608,13.52376118899589,1.7552797382442376e-05,1.800579281470274e-05,39556.07938668682,5000.0,52869.256953866505,2215.336021720563,52915.65027988501
2023-08-09 17:05:08+00:00,39.83372582621907,-75.81692747901796,-2218.690034383586,40.09170088658861,-75.29513657063703,13.44787390743948,1.756694994135903e-05,1.8037256796686844e-05,39542.40639724468,5000.0,52849.552186486246,2215.888581701567,52895.98593956491
2023-08-09 17:05:09+00:00,39.83353105186656,-75.81685571348322,-2219.123455204904,40.09102090940259,-75.29515896778318,13.381459977413876,1.7582285975458018e-05,1.8027865698516164e-05,39617.19452251161,5000.0,52830.05272005504,2216.311397415257,52876.52131725486
2023-08-09 17:05:10+00:00,39.833333935371314,-75.81678222308595,-2219.649113494991,40.09044305563234,-75.29515520464363,13.166768416065493,1.7603899989081657e-05,1.8032914021195624e-05,39648.44541982748,5000.0,52811.181432540834,2216.6002246206262,52857.67873125469
2023-08-09 17:05:11+00:00,39.83313609267745,-75.81670820176758,-2220.241444834054,40.08968396099358,-75.2951874741738,13.114757513096194,1.76025730450186e-05,1.8032490858251583e-05,39693.42830392264,5000.0,52792.04563536372,2216.953480043044,52838.574593747326
2023-08-09 17:05:12+00:00,39.83293855736136,-75.8166409805448,-2220.5385286337687,40.088997897269294,-75.29520441968636,13.0708785518766,1.7615918578743255e-05,1.8060505737613317e-05,39678.20850938229,5000.0,52773.000237004,2216.99877902616,52819.5478738793
2023-08-09 17:05:13+00:00,39.8327370396617,-75.81657830324592,-2220.8962790446167,40.088270092909,-75.2952302275105,13.09843236625236,1.7650859596024496e-05,1.8072523857400813e-05,39702.66705281066,5000.0,52754.19136685942,2217.0434369530844,52800.75746021606
2023-08-09 17:05:14+00:00,39.8325389772785,-75.81651530232054,-2221.3324042002378,40.087649547394726,-75.29523189411401,13.042838400428986,1.766084897646576e-05,1.8089174649447068e-05,39660.7120497798,5000.0,52735.41450255101,2217.181426037356,52782.00295774907
2023-08-09 17:05:15+00:00,39.83233756154036,-75.81645079742745,-2221.685783570858,40.08715600975157,-75.2952033197407,12.90424588350728,1.76639236340478e-05,1.8099950590312703e-05,39717.51013873736,5000.0,52716.51457290373,2217.2107114208216,52763.1209468698
2023-08-09 17:05:16+00:00,39.83213926464903,-75.81638421266567,-2222.182173831401,40.08658378890605,-75.29518036326766,12.814239740075504,1.768476659987495e-05,1.8124325213028637e-05,39771.12615539748,5000.0,52697.490828336966,2217.5123388224138,52744.12669269905
2023-08-09 17:05:17+00:00,39.83193669676186,-75.81632299779479,-2222.4722874269555,40.08596331120341,-75.29515799631534,12.72985142658236,1.76791920595521e-05,1.8121221862317626e-05,39781.14681589739,5000.0,52679.44611891946,2217.6333096241897,52726.103031535466
2023-08-09 17:05:18+00:00,39.83173127548073,-75.81626282514546,-2222.88687052403,40.08546696517463,-75.29511727211943,12.520245879915423,1.7683083692363166e-05,1.813926063922946e-05,39820.76622746852,5000.0,52660.966421860176,2217.6811807573768,52707.64170690784
2023-08-09 17:05:19+00:00,39.83152375389358,-75.81620581260822,-2223.4166715732217,40.08508941279646,-75.29506138369769,12.173707048207085,1.767819012292549e-05,1.8153964482153967e-05,39839.70951747397,5000.0,52643.11052100237,2217.788718509048,52689.80615001745
2023-08-09 17:05:20+00:00,39.8313125820922,-75.81614568335432,-2223.7705415419277,40.08467162407566,-75.2950042377698,11.823322322282278,1.7674912833582666e-05,1.815835232545309e-05,39858.902295733846,5000.0,52626.23578707331,2217.791911557049,52672.94651032543
2023-08-09 17:05:21+00:00,39.83110124657908,-75.81608539880767,-2224.191713645972,40.0840333866778,-75.29495798002081,11.588396522790454,1.7670784311477772e-05,1.818777992383656e-05,39884.46945096973,5000.0,52609.4323383768,2217.940530754948,52656.16422760219
2023-08-09 17:05:22+00:00,39.83088971305412,-75.81602452054571,-2224.75882320894,40.083428412117925,-75.29490235591764,11.262631054649946,1.767631103522096e-05,1.8194611821343963e-05,39919.32872844576,5000.0,52592.92607451648,2218.1859506058568,52639.68295868641
2023-08-09 17:05:23+00:00,39.83067535616581,-75.81596661934427,-2225.308132727492,40.08282507201461,-75.29484030005378,10.91357382703027,1.7680929552574857e-05,1.819050989251523e-05,39933.54887974872,5000.0,52577.58520173861,2218.4878312378632,52624.36844184863
2023-08-09 17:05:24+00:00,39.83046368162127,-75.81590444968438,-2225.584578416125,40.08207969913624,-75.2947736246845,10.73224628329756,1.768637664173777e-05,1.8202910549936628e-05,39992.852999148825,5000.0,52561.81347732121,2218.6521879490606,52608.61767387352
2023-08-09 17:05:25+00:00,39.8302532330526,-75.81584100754026,-2225.828664223557,40.08118071097655,-75.29469660942995,10.72947484473142,1.7702775368466844e-05,1.8203572395425923e-05,40055.08037267923,5000.0,52546.08932717578,2218.759784248771,52592.91205628128
2023-08-09 17:05:26+00:00,39.83004804040212,-75.81577363708618,-2225.902926189846,40.0804208772856,-75.29461096283318,10.7612720507633,1.7712686987021333e-05,1.822219952896387e-05,40042.26073219851,5000.0,52529.87531312688,2218.731624491136,52576.71129344411
2023-08-09 17:05:27+00:00,39.82984432068865,-75.81570152234926,-2226.012884688649,40.07957685508266,-75.29451383426478,10.886021881662556,1.7723316430221526e-05,1.8227706144254107e-05,40100.21678820848,5000.0,52513.36552067056,2218.9819493116584,52560.22678032242
2023-08-09 17:05:28+00:00,39.829643379313765,-75.81562402191716,-2226.0400246793497,40.07863767250035,-75.29440311720242,11.10997977818743,1.7740291678226676e-05,1.8246891120573875e-05,40174.00660906931,5000.0,52495.944991510194,2219.375123373927,52542.83839392306
2023-08-09 17:05:29+00:00,39.82944645693799,-75.81554125429065,-2225.9187440217784,40.07759090048301,-75.29428132024275,11.456398730587402,1.7772240967797655e-05,1.8253929793391575e-05,40213.52090391661,5000.0,52478.06437696784,2219.70654375376,52524.98774767648
2023-08-09 17:05:30+00:00,39.82925454031727,-75.81545405267045,-2225.7723548594067,40.07662370446267,-75.29415640659249,11.83649024224721,1.7797756873028057e-05,1.825694514344356e-05,40236.79853012294,5000.0,52459.37940029144,2220.030288525689,52506.33315654116
2023-08-09 17:05:31+00:00,39.8290622673795,-75.81536902757094,-2225.494513234564,40.07577079504238,-75.29403250234627,12.22819119822847,1.780888280989189e-05,1.826403465251977e-05,40239.98886066809,5000.0,52440.638520768,2220.440912219964,52487.62641147451
2023-08-09 17:05:32+00:00,39.82886961066484,-75.81528250917299,-2225.3387347559938,40.075370159327626,-75.29391854101432,12.493183562107667,1.7820056045095724e-05,1.8274817466971977e-05,40267.52988152596,5000.0,52422.21111755488,2221.0075222323167,52469.23949198527
2023-08-09 17:05:33+00:00,39.82867692036734,-75.81519318833068,-2225.090867249576,40.074632752876006,-75.29379148605166,12.80561687728189,1.782545199060225e-05,1.827064837786785e-05,40243.473717179215,5000.0,52403.86234116324,2221.456334777023,52450.92617408113
2023-08-09 17:05:34+00:00,39.82848935390688,-75.81510201550111,-2224.75988317027,40.07362309961964,-75.29365218787522,13.199312940673847,1.7803603687594497e-05,1.8272951141918163e-05,40254.478954177255,5000.0,52385.19838266029,2222.056870863724,52432.304415579776
2023-08-09 17:05:35+00:00,39.828304550580256,-75.81500653338415,-2224.6065830994285,40.07207443721225,-75.29348973726074,13.687263288929026,1.7826034011093206e-05,1.8272491840080423e-05,40289.673801838304,5000.0,52366.37410662663,2222.5224818296656,52413.51679917514
2023-08-09 17:05:36+00:00,39.82811919436593,-75.81491030553832,-2224.4884984972014,40.07037109847626,-75.29331371234882,14.16179832044502,1.783825933696995e-05,1.827879892480773e-05,40289.33671856818,5000.0,52348.06840289552,2223.091012668724,52395.25168528954
2023-08-09 17:05:37+00:00,39.827942396589634,-75.8148087931622,-2224.389353634777,40.06855029068847,-75.29312643941962,14.642513813440868,1.7865076608147346e-05,1.827933229777125e-05,40324.16269318547,5000.0,52328.75960880743,2223.8850259610977,52375.99399347997
2023-08-09 17:05:38+00:00,39.827769823749406,-75.8147045079689,-2224.3976381606394,40.06699258414434,-75.29294077510109,14.980223414256958,1.7866636387179917e-05,1.8293972292709e-05,40375.998633976975,5000.0,52309.65755932372,2224.9637543390645,52356.95500773356
2023-08-09 17:05:39+00:00,39.8276062023715,-75.81459378661822,-2224.5550753456014,40.06552891954199,-75.29274529080533,15.181874484821249,1.790254590124119e-05,1.830525502231822e-05,40407.56397640969,5000.0,52289.86505933041,2225.866612033848,52337.2187845089
2023-08-09 17:05:40+00:00,39.82744859714576,-75.81448453487853,-2224.50247685858,40.06376717814821,-75.29253055930593,15.4159718754757,1.792031300013449e-05,1.8316543677787983e-05,40433.61692923261,5000.0,52269.50008210291,2226.3772132829927,52316.89396675592
2023-08-09 17:05:41+00:00,39.82729410660204,-75.81437375786706,-2224.767679774132,40.06236109366016,-75.29232492652534,15.561181826666624,1.7942989189770577e-05,1.834922940963572e-05,40485.705932035744,5000.0,52249.14909219867,2227.205632463568,52296.596694126114
2023-08-09 17:05:42+00:00,39.82714656231295,-75.81425980382349,-2224.763073019859,40.061176832945264,-75.29212319674073,15.619027966761012,1.7948911538060658e-05,1.835129404705532e-05,40462.63921590309,5000.0,52228.4176583164,2227.6865461613047,52275.90456835237
2023-08-09 17:05:43+00:00,39.8270072083366,-75.814137670774,-2225.0184276029154,40.05982556956948,-75.29191199215602,15.683314181616568,1.795957404522466e-05,1.8373975590603804e-05,40486.77511377128,5000.0,52206.47021280048,2228.3929203839502,52254.007186890856
2023-08-09 17:05:44+00:00,39.82687026566357,-75.81400915692487,-2225.297730956009,40.05755465536157,-75.29165671388475,15.830904638092685,1.796487580531572e-05,1.839391810512868e-05,40535.77969024315,5000.0,52184.21022790117,2228.8868822830423,52231.78853766927
2023-08-09 17:05:45+00:00,39.826580031134654,-75.81404980732229,-2225.661092319353,40.09023651323353,-75.30797513868555,15.431505199160444,1.7963082750782843e-05,1.8407870270536453e-05,40604.23685174717,5000.0,52183.45317360348,2229.5976137152866,52231.06250729304
2023-08-09 17:05:46+00:00,39.82628414266229,-75.81408987072378,-2226.1542343197834,40.08993895178203,-75.30801519039697,15.31811903762578,1.7980998136501152e-05,1.842741237005648e-05,40649.23270967017,5000.0,52182.64870023402,2230.369297620104,52230.291714442894
2023-08-09 17:05:47+00:00,39.825981856244425,-75.8141266261836,-2226.6730053209462,40.089635393559945,-75.30805507968937,15.068561140794246,1.7975292811490627e-05,1.843500946707707e-05,40596.59569860016,5000.0,52182.25844878311,2230.902357504604,52229.92458489975
2023-08-09 17:05:48+00:00,39.82567464598205,-75.81416324317127,-2227.290138868024,40.089324257640754,-75.3080929749234,14.68639737140988,1.797176595941554e-05,1.844404590864034e-05,40610.51803451589,5000.0,52182.94223932973,2231.407931366924,52230.62934820325
2023-08-09 17:05:49+00:00,39.825359246864,-75.81419858080439,-2228.105440914298,40.089004033102064,-75.30812897783319,14.266560423333203,1.7992856564701038e-05,1.846446061076904e-05,40594.48187218273,5000.0,52184.26949146359,2232.0408231837296,52231.98243025107
2023-08-09 17:05:50+00:00,39.82503581305217,-75.81422918420509,-2228.826366694076,40.0886734728513,-75.30816126119437,13.847149970947726,1.7998227897336473e-05,1.847694657150055e-05,40615.23854787469,5000.0,52186.30188288009,2232.4087062058115,52234.02868669655
2023-08-09 17:05:51+00:00,39.82471199457404,-75.81425865445166,-2229.733107833973,40.088327183322825,-75.30818953529177,13.452298940179697,1.8020277225444664e-05,1.849344230423125e-05,40635.262914969,5000.0,52189.07421126045,2232.975519952773,52236.8227087096
2023-08-09 17:05:52+00:00,39.82437909042554,-75.81428543854906,-2230.7106346561764,40.08797094791236,-75.30821568355906,12.927385740024226,1.8021705085892232e-05,1.850056220708328e-05,40615.68348843163,5000.0,52191.892904464985,2233.572862919877,52239.66436229385
2023-08-09 17:05:53+00:00,39.82404423166426,-75.8143106369385,-2231.639395042863,40.087593822729445,-75.3082396028122,12.415637410431785,1.8036953706581676e-05,1.850268415910054e-05,40651.37282768707,5000.0,52194.94681150857,2234.000696909545,52242.73377006607
2023-08-09 17:05:54+00:00,39.82370170486763,-75.81432891343316,-2232.5398073099386,40.08718511026528,-75.308258895708,11.970025473226846,1.8041552965945635e-05,1.8517514846029164e-05,40684.018494787655,5000.0,52198.88632654765,2234.570375533762,52246.69404369099
2023-08-09 17:05:55+00:00,39.82336017970484,-75.81434315469372,-2233.3931566942565,40.08677490717744,-75.3082702289756,11.424750281636031,1.8024968317748174e-05,1.8514213732705e-05,40681.94809765148,5000.0,52202.567582838536,2234.9755343117185,52250.38926055763
2023-08-09 17:05:56+00:00,39.82301428581879,-75.81435043689541,-2234.250363832054,40.08631826868232,-75.30827540947418,10.985547592565542,1.8014768016863126e-05,1.851752746757943e-05,40728.58922117827,5000.0,52206.21393030453,2235.436171870861,52254.051975088325
2023-08-09 17:05:57+00:00,39.82266810728611,-75.81435503572956,-2235.147613813994,40.0857106066462,-75.30828480193848,10.992958449974685,1.80136414657502e-05,1.852385332225545e-05,40746.94100974249,5000.0,52210.08143461424,2235.8391892141744,52257.93318041841
2023-08-09 17:05:58+00:00,39.822325821577024,-75.81436146543717,-2235.865149795344,40.08504247365755,-75.30829986382423,11.099805053024,1.8023008627834765e-05,1.853621930211693e-05,40793.45842090366,5000.0,52213.46553348243,2236.055967766608,52261.32345537321
2023-08-09 17:05:59+00:00,39.82198579292879,-75.81437248093256,-2236.583181337547,40.084369095457255,-75.3083168473797,11.148910172434494,1.8037184538119493e-05,1.855346217427444e-05,40800.44096721309,5000.0,52217.68630119738,2236.127743729151,52265.54342907507
2023-08-09 17:06:00+00:00,39.82164549799448,-75.81438580779795,-2237.229886241152,40.08374193830535,-75.30833139977956,11.067197725753532,1.805633005793841e-05,1.8583457093870995e-05,40848.05433678067,5000.0,52222.79985028633,2236.00773137654,52270.647162416506
2023-08-09 17:06:01+00:00,39.8213035319355,-75.81440016817396,-2237.9693019996994,40.08331190739433,-75.30833415311344,10.536681421238317,1.8069396772223796e-05,1.8604628927644312e-05,40913.7186419023,5000.0,52228.77383468325,2235.670367476416,52276.60125014351
2023-08-09 17:06:02+00:00,39.82096240494762,-75.81441343734572,-2238.7453819685697,40.08290191698965,-75.30833407119553,9.891897962818444,1.8074571107084503e-05,1.862315056223544e-05,40956.98026426856,5000.0,52234.97972539762,2235.50795099519,52282.79451895875
2023-08-09 17:06:03+00:00,39.82062162520626,-75.81442938638747,-2239.4121623549963,40.08243028918973,-75.30833445091176,9.3369115342188,1.808630359064279e-05,1.865088823322258e-05,40998.46176037787,5000.0,52242.15845476414,2235.1765455624272,52289.952516736106
2023-08-09 17:06:04+00:00,39.820284591786574,-75.8144420193014,-2240.3325839306845,40.08192395604778,-75.3083331688217,8.82264175906562,1.8106085482132185e-05,1.8644298323790377e-05,41042.64022494221,5000.0,52248.98785862621,2235.333345229058,52296.782381090736
2023-08-09 17:06:05+00:00,39.819958399091824,-75.81444939310857,-2240.986434601982,40.081358210789176,-75.30832783698759,8.37212372051797,1.81254431901616e-05,1.868327661969353e-05,41105.49320059517,5000.0,52254.550090677854,2235.429156709561,52302.34362525094
2023-08-09 17:06:06+00:00,39.81963690275161,-75.81445500668005,-2241.52689873065,40.080703177882,-75.3083166825681,8.068810751449481,1.8134682259744264e-05,1.8699503392993144e-05,41116.18913505208,5000.0,52259.44211473885,2235.417152250172,52307.23066640324
2023-08-09 17:06:07+00:00,39.81932384012656,-75.81445630355825,-2242.231303483933,40.0800082840919,-75.30830890437412,7.762536373747789,1.8120974194245035e-05,1.8685618761210436e-05,41146.73364412686,5000.0,52263.285778727855,2235.642705033587,52311.08045809747
2023-08-09 17:06:08+00:00,39.81901983372757,-75.81445950227481,-2242.8099516283182,40.079281371589225,-75.30829264105995,7.380180089410734,1.813816048120109e-05,1.869604930319005e-05,41192.51863442002,5000.0,52266.05395278877,2235.568839268566,52313.842946498735
2023-08-09 17:06:09+00:00,39.81872505629646,-75.81445868144053,-2243.1619544717264,40.07877265212874,-75.30827089055244,6.914841459357782,1.8141334368162903e-05,1.8700591614400492e-05,41207.03685766799,5000.0,52267.72664153818,2235.238681582762,52315.49999988727
2023-08-09 17:06:10+00:00,39.81844136893763,-75.81446592269447,-2243.5637581167275,40.07824327722044,-75.30824146875112,6.569626329349271,1.813877969302686e-05,1.8703285973417893e-05,41251.65056004795,5000.0,52269.00147562957,2235.1214014733027,52316.76865918509
2023-08-09 17:06:11+00:00,39.81816664548219,-75.81447393512461,-2244.065695030174,40.07763042827638,-75.30822118210835,6.257666221842208,1.814292663718861e-05,1.8715676567613334e-05,41269.98272696207,5000.0,52269.10487513538,2235.274798075805,52316.87851803483
2023-08-09 17:06:12+00:00,39.81789938744376,-75.8144877929536,-2244.5212268374926,40.07675692558471,-75.30820679853773,6.022016451433968,1.815304042297748e-05,1.8711738037189317e-05,41247.99709533723,5000.0,52268.75547834867,2235.448429281708,52316.53685915555
2023-08-09 17:06:13+00:00,39.81764113249522,-75.8144992335919,-2244.826659406439,40.07562193395723,-75.30819322036649,5.911440742041923,1.8159034005892395e-05,1.8717709007097608e-05,41301.75838139975,5000.0,52267.15456212594,2235.66707702041,52314.94674851955
2023-08-09 17:06:14+00:00,39.817391227082766,-75.81451646294667,-2245.006560576129,40.074332793647386,-75.30817924413753,5.973814163919472,1.8163199015898148e-05,1.8724176501528195e-05,41359.08320457565,5000.0,52264.752001303,2235.974428369192,52312.559518742986
2023-08-09 17:06:15+00:00,39.81714704879488,-75.81453786354913,-2245.226218615697,40.072919470389984,-75.30816420507429,6.156213766325292,1.8180321322375837e-05,1.874214352249263e-05,41426.03328106763,5000.0,52262.369369402506,2236.436625915955,52310.19882284524
2023-08-09 17:06:16+00:00,39.81690832610668,-75.81456904217046,-2245.2504532719786,40.07193474575843,-75.30814920240856,6.225214710575122,1.8192109882663503e-05,1.875494930413969e-05,41485.17721486933,5000.0,52260.043352861176,2236.8347630086946,52307.89195714098
2023-08-09 17:06:17+00:00,39.81667185029855,-75.81459997333067,-2245.378144440376,40.07079587919831,-75.30813308444088,6.314494796165376,1.81942985244599e-05,1.8786641874489737e-05,41475.80925983351,5000.0,52257.35613962293,2237.4398384212955,52305.23308172845
2023-08-09 17:06:18+00:00,39.81643860618882,-75.81462880147541,-2245.5648260577022,40.06883872166317,-75.30809074819531,6.651650183529204,1.816390751152959e-05,1.879708913353644e-05,41550.1977899141,5000.0,52254.6491725663,2238.211957390338,52302.56162860658
2023-08-09 17:06:19+00:00,39.81621054968673,-75.81465715106259,-2245.526742110292,40.06704122837498,-75.30803717969039,7.0263269765227925,1.8186036238125983e-05,1.8777010565315685e-05,41565.39892414592,5000.0,52251.530382041405,2238.6777871431527,52299.46563302578
2023-08-09 17:06:20+00:00,39.815981030307256,-75.81468720523237,-2245.5192957364125,40.06569276526365,-75.30798869837142,7.325361086164137,1.820374608230529e-05,1.8788474757527183e-05,41557.590371424296,5000.0,52248.15675999081,2239.356316977517,52296.12415400361
2023-08-09 17:06:21+00:00,39.81575459707011,-75.81472304419393,-2245.5290095134324,40.06437575378072,-75.30791938025064,7.615599073394747,1.823282973276732e-05,1.878515190020568e-05,41607.445793021536,5000.0,52244.70696824764,2240.0671356312087,52292.70797128599
2023-08-09 17:06:22+00:00,39.81552476273126,-75.8147564904716,-2245.52948447416,40.0634098345926,-75.30786630941743,7.812652178401673,1.8242567709910795e-05,1.879606159004361e-05,41596.927395109655,5000.0,52241.27190526413,2240.381219744186,52289.28951792635
2023-08-09 17:06:23+00:00,39.8152983622964,-75.81478646465752,-2245.5995161089445,40.06204770924519,-75.30776581530385,8.133048264070725,1.8249115930189308e-05,1.8811868277085085e-05,41631.16819039188,5000.0,52237.34061491293,2240.739298617974,52285.37718256227
2023-08-09 17:06:24+00:00,39.81507184879439,-75.81481071751853,-2245.639068095934,40.06075215261347,-75.30765941967452,8.4390746770166,1.8264056068521672e-05,1.8819484189968627e-05,41677.59114353255,5000.0,52233.28623464079,2240.9369570053877,52281.33499935888
2023-08-09 17:06:25+00:00,39.81484357926901,-75.81482381242728,-2245.573864583081,40.059170969302485,-75.30751057738343,8.874521509909327,1.8260347452188543e-05,1.8827051121808177e-05,41721.01382012108,5000.0,52228.686310264944,2241.195628312881,52276.750391932605
2023-08-09 17:06:26+00:00,39.81461653817465,-75.81482843969576,-2245.5627494686423,40.0576933250368,-75.30736187643063,9.307088065728752,1.827545317906856e-05,1.883877749859816e-05,41803.49949301464,5000.0,52222.87428678889,2241.2801897090426,52270.94733848372
2023-08-09 17:06:27+00:00,39.81439098368914,-75.81482160349819,-2245.641390733335,40.0562369338981,-75.3072064360401,9.718935041571084,1.827534399387485e-05,1.8839859809970316e-05,41816.18778223836,5000.0,52215.79652521771,2241.656685532909,52263.89223411066
2023-08-09 17:06:28+00:00,39.814165365641074,-75.81480585342871,-2245.560052956458,40.05511548435034,-75.30700663740787,10.083556127627054,1.8284467746811583e-05,1.8851374695668332e-05,41811.46352629645,5000.0,52208.13857397506,2242.0421107539014,52256.25786626685
2023-08-09 17:06:29+00:00,39.81394436540424,-75.81478615802429,-2245.553877870046,40.05425843845045,-75.30687222262925,10.378364885200911,1.8299299136254797e-05,1.885724957735224e-05,41822.55543162327,5000.0,52198.98800440151,2242.537497778569,52247.13698483961
2023-08-09 17:06:30+00:00,39.813722304011634,-75.81476079479775,-2245.511898283331,40.053303671457,-75.30673829706878,10.727847732901022,1.8312478652518212e-05,1.887058125732038e-05,41823.40139489537,5000.0,52189.1753407184,2242.970182306029,52237.35194267568
2023-08-09 17:06:31+00:00,39.813505020416144,-75.81472907500265,-2245.5020421166128,40.05228962496098,-75.30660323425307,11.121481309709868,1.8336232152946784e-05,1.889646182940938e-05,41858.42593128593,5000.0,52178.940927866446,2243.498830065796,52227.14967671778
2023-08-09 17:06:32+00:00,39.8132854861359,-75.81469408925327,-2245.4103248411493,40.05120325257437,-75.30647115669278,11.556976625179113,1.834321968301148e-05,1.8892436734163053e-05,41869.41703074672,5000.0,52167.94211057419,2243.689631731981,52216.16921237867
2023-08-09 17:06:33+00:00,39.81306525427428,-75.8146641001904,-2245.3261661483293,40.05033529971554,-75.30636324024329,11.935134907718174,1.8369237273241948e-05,1.891506289380612e-05,41918.117890395486,5000.0,52156.88380416305,2244.107337448949,52205.13907560211
2023-08-09 17:06:34+00:00,39.812839311245625,-75.81462483475428,-2245.0623149532635,40.04945821340456,-75.30626293657228,12.355007231032015,1.8409140603083554e-05,1.8943353707551876e-05,41916.491606408126,5000.0,52145.71091526892,2244.280001390904,52193.98394052173
2023-08-09 17:06:35+00:00,39.81261392293963,-75.81457920480749,-2244.8438936792204,40.04831550410061,-75.30616285015564,12.928411356124586,1.8427678020190897e-05,1.894454040079542e-05,41940.12327792525,5000.0,52134.28070728135,2244.43488915885,52182.57096806635
2023-08-09 17:06:36+00:00,39.8123865574569,-75.8145289701499,-2244.7729140813035,40.04745099977527,-75.30607193806912,13.368113527523132,1.84407470716824e-05,1.896533983118112e-05,41989.00336758365,5000.0,52122.56886324578,2244.6780978030506,52170.88042832472
2023-08-09 17:06:37+00:00,39.812158867633606,-75.81446708100435,-2244.580348846497,40.04654529351521,-75.30598693266582,13.746380380744307,1.8459054865905256e-05,1.895871364112125e-05,42013.44945435924,5000.0,52110.15394639904,2245.177151479956,52158.4984902646
2023-08-09 17:06:38+00:00,39.81192799978725,-75.81439975975327,-2244.526640973282,40.04563434692696,-75.30590869459526,14.091318141394096,1.847793530273216e-05,1.8966919129024427e-05,42023.68417814996,5000.0,52097.44125107582,2245.804837033861,52145.824610177
2023-08-09 17:06:39+00:00,39.81169490332834,-75.81432747563179,-2244.3226307022696,40.04499648660929,-75.30581930321236,14.336680289179084,1.850882759596129e-05,1.8976562864120444e-05,42029.85334694109,5000.0,52084.12126238852,2246.2895588056795,52132.537867028805
2023-08-09 17:06:40+00:00,39.811460795917775,-75.81424844238435,-2244.201133600175,40.04416956788078,-75.30575211318828,14.626099187666943,1.852992263021792e-05,1.8975436185613484e-05,42063.11418892309,5000.0,52070.64997885283,2246.7487666633247,52119.09889129617
2023-08-09 17:06:41+00:00,39.811224002128895,-75.8141644293351,-2244.1740749688734,40.04328808692216,-75.305699967236,14.887965106745211,1.8538632200396404e-05,1.8987071390141963e-05,42058.84754251113,5000.0,52057.059450954126,2247.1886886387147,52105.53997112512
2023-08-09 17:06:42+00:00,39.81098544073795,-75.81407318852443,-2244.152019499525,40.04242360308919,-75.30565101196194,15.116859865438451,1.8548936167347388e-05,1.8988867839215186e-05,42050.21386397523,5000.0,52042.95072724093,2247.6661154997028,52091.46497618197
2023-08-09 17:06:43+00:00,39.8107476756676,-75.81397862317331,-2244.2762401147784,40.04106022718744,-75.30568755917571,15.423645271876934,1.855431750326873e-05,1.8999957271899524e-05,42073.92048408464,5000.0,52028.75541022095,2248.251544445219,52077.30815377937
2023-08-09 17:06:44+00:00,39.81050988711774,-75.81388043634792,-2244.3674685735427,40.03975511291266,-75.3057339196275,15.616959868988518,1.8552270144467923e-05,1.901690512870389e-05,42097.37857278559,5000.0,52014.066586041554,2248.814817308501,52062.65735534165
2023-08-09 17:06:45+00:00,39.81027235634368,-75.81395424763618,-2244.456639917402,40.0795129017092,-75.31545507011107,15.418364109807603,1.855801779711468e-05,1.9024183270930946e-05,42167.90281836025,5000.0,52010.94676325999,2249.3597639859686,52059.563987402966
2023-08-09 17:06:46+00:00,39.81003558762379,-75.81402268084052,-2244.6709110356333,40.079268636700064,-75.31552671856623,15.68732537234266,1.857149006930885e-05,1.9033799889716284e-05,42155.60030691691,5000.0,52007.29025602791,2249.999925012028,52055.93856071841
2023-08-09 17:06:47+00:00,39.809795507057984,-75.8140874261763,-2244.78030043672,40.079021911637135,-75.31559499653258,15.993060975318866,1.856202328426693e-05,1.9063748296994237e-05,42181.38300181973,5000.0,52003.43593104662,2250.5827493750894,52052.11303440289
2023-08-09 17:06:48+00:00,39.809553511479166,-75.81415039592675,-2244.71182867981,40.07876795234005,-75.31566400306731,16.46892117868136,1.8590712310557e-05,1.9083364648717448e-05,42233.51699299013,5000.0,51998.82216806409,2250.558562605373,52047.50254056068
2023-08-09 17:06:49+00:00,39.80931066245507,-75.81421010890276,-2244.642610028948,40.07850769801009,-75.31573217481866,16.891838809399736,1.8606958846499325e-05,1.9110132648762388e-05,42274.28779467026,5000.0,51994.17436369432,2250.6832379360053,52042.86447535122
2023-08-09 17:06:50+00:00,39.809062190295776,-75.81426618098216,-2244.6140759314994,40.07823136701621,-75.31580409108884,17.490694991674605,1.8620663128472585e-05,1.913190879708317e-05,42308.54740033267,5000.0,51989.6579376693,2250.7892058008483,52038.356858425206
2023-08-09 17:06:51+00:00,39.8088104862942,-75.81431762119215,-2244.6275576699845,40.07794304965402,-75.31587456559808,18.044239069233512,1.8624306914899623e-05,1.9143760841315053e-05,42305.06062734083,5000.0,51984.73406216885,2250.871938648793,52033.441170064994
2023-08-09 17:06:52+00:00,39.8085593937183,-75.81436864054436,-2244.628437050844,40.07763786653162,-75.31594628120271,18.560970230885754,1.8629502533410485e-05,1.9141643452353813e-05,42337.88171820116,5000.0,51979.84214187929,2250.9482140133696,52028.55712930025
2023-08-09 17:06:53+00:00,39.80830211193226,-75.81441869274386,-2244.4672052692404,40.07730802881791,-75.31602152385426,19.14327434564179,1.865096698331993e-05,1.915289353972064e-05,42378.52048665994,5000.0,51975.180099747806,2250.788678096328,52023.892550199154
2023-08-09 17:06:54+00:00,39.808043355394176,-75.81446773260237,-2244.424313153572,40.07698059876076,-75.31609158795179,19.61583428084639,1.86742497818229e-05,1.915853633886773e-05,42388.18244030575,5000.0,51970.2207160938,2250.849726106994,52018.94045219511
2023-08-09 17:06:55+00:00,39.80777980235808,-75.81451743834575,-2244.2951314195616,40.07660332367723,-75.3161707971591,20.161293272779584,1.8671557430871107e-05,1.9182064280893163e-05,42429.33147017594,5000.0,51966.152933295314,2250.752504983962,52014.87227250807
2023-08-09 17:06:56+00:00,39.80750913645262,-75.81456475643483,-2244.2049359705534,40.07624401364245,-75.31623942896388,20.5125879656049,1.8688743522839967e-05,1.9223033412221525e-05,42453.38712423732,5000.0,51962.529065792194,2250.8659175991584,52011.256707488894
2023-08-09 17:06:57+00:00,39.80723489667355,-75.81460869467128,-2244.1385371194924,40.07589891038918,-75.31629990711318,20.738424122358207,1.869290567378671e-05,1.925070210635053e-05,42443.820266678216,5000.0,51958.89994911313,2250.8917051737617,52007.63210712798
2023-08-09 17:06:58+00:00,39.80695815556303,-75.81464916203674,-2244.1331184686733,40.07558862326875,-75.31634561908466,20.78985583429124,1.866961097768205e-05,1.926626902158688e-05,42472.33956498391,5000.0,51955.428494715365,2251.0807671746165,52004.17208926439
2023-08-09 17:06:59+00:00,39.806677941070575,-75.8146843881321,-2244.156628077016,40.07527168742746,-75.31638560679474,20.818196703547063,1.8653688973553087e-05,1.9253703307067644e-05,42478.99714317548,5000.0,51952.562995628745,2251.395114696552,52001.3228848772
2023-08-09 17:07:00+00:00,39.80639675793503,-75.81471541860898,-2244.2968409303885,40.07489282996156,-75.3164340772775,20.91394061562712,1.8681288523762092e-05,1.9257850801810465e-05,42524.51673258805,5000.0,51949.173193496266,2251.9031467027844,51997.95826058943
2023-08-09 17:07:01+00:00,39.80611465763327,-75.81474662592343,-2244.1989127329143,40.07441948678533,-75.31649590596446,21.095519400168087,1.8684695054962816e-05,1.925686013493797e-05,42519.365498852094,5000.0,51945.92020517239,2252.301741323065,51994.72558919899
2023-08-09 17:07:02+00:00,39.80583309639074,-75.81477345515472,-2244.206961621755,40.07387631765892,-75.31656737572395,21.286554189828696,1.868672364765315e-05,1.9257752037624176e-05,42482.51148522183,5000.0,51942.82887716997,2252.7118176132653,51991.65492938437
2023-08-09 17:07:03+00:00,39.8055470355374,-75.81480170536244,-2244.3174124695133,40.073295888300336,-75.3166406383079,21.41628076782863,1.8687795942926e-05,1.925883902518025e-05,42583.125004771005,5000.0,51939.42588380033,2253.3500709017458,51988.28279219098
2023-08-09 17:07:04+00:00,39.80525617157221,-75.814829341733,-2244.53488455002,40.0726971265921,-75.31671249095615,21.50623956882336,1.8698055681014656e-05,1.928324846384667e-05,42540.3533174314,5000.0,51936.08039556013,2253.968766360976,51984.96726991195
2023-08-09 17:07:05+00:00,39.80496334072296,-75.8148550664001,-2244.857527166477,40.071992117590014,-75.31680320506226,21.63824283604921,1.8698619839691285e-05,1.9267855054597893e-05,42584.62003594542,5000.0,51933.30025642623,2254.521901023676,51982.21373245194
2023-08-09 17:07:06+00:00,39.80466846748598,-75.81487821939601,-2244.976765278699,40.07137241376628,-75.31687149412014,21.671603585378783,1.8710148814766705e-05,1.926621050116145e-05,42608.62042613104,5000.0,51930.37655138248,2254.7534539957032,51979.302822437705
2023-08-09 17:07:07+00:00,39.80437120657583,-75.81489497686138,-2245.232328521958,40.070732155568685,-75.3169336257212,21.69230833170345,1.872251106124249e-05,1.92784683573044e-05,42620.87339089288,5000.0,51927.32177070406,2255.089236661714,51976.26548477241
2023-08-09 17:07:08+00:00,39.804068939892886,-75.81490475092652,-2245.612327340502,40.06992978286755,-75.31701486053701,21.73590284696888,1.871991366553124e-05,1.9318358428113636e-05,42640.687278457866,5000.0,51924.30927187335,2255.615218859308,51973.27864755795
2023-08-09 17:07:09+00:00,39.80376899528102,-75.8149061338298,-2245.947044622474,40.06897436624305,-75.31711388670182,21.82721573280464,1.873862120894203e-05,1.932491383307117e-05,42667.22637586152,5000.0,51920.65874706261,2256.182944148778,51969.65620635176
2023-08-09 17:07:10+00:00,39.80346746481389,-75.8149062071071,-2246.312830800253,40.06796478684023,-75.31722278669683,21.97185132282869,1.875345095834058e-05,1.931384077579796e-05,42727.96692305824,5000.0,51916.9588619763,2256.792934752966,51965.986297062525
2023-08-09 17:07:11+00:00,39.80316054767098,-75.81489999228222,-2246.554379470008,40.06690745478012,-75.31732910736709,22.174160314418536,1.8768487475645432e-05,1.9317281057003844e-05,42739.51504836948,5000.0,51913.12261855006,2257.2878933239767,51962.17517234975
2023-08-09 17:07:12+00:00,39.80285579936146,-75.81489705982435,-2247.127723157978,40.06567630238913,-75.31747331455207,22.473225213667472,1.8777668488989617e-05,1.9317504827532663e-05,42776.69780446067,5000.0,51909.120447624366,2258.258606992836,51958.218960834594
2023-08-09 17:07:13+00:00,39.802550919383975,-75.81489530569533,-2247.258336346248,40.06439945431529,-75.31761584228158,22.835694749563167,1.8801701245099875e-05,1.932458174906828e-05,42808.81550314735,5000.0,51905.41807610146,2258.8438433714773,51954.54552937228
2023-08-09 17:07:14+00:00,39.802239259206246,-75.81488718635839,-2247.472427775512,40.06339523705285,-75.3177295029792,23.14717890992635,1.881967752765912e-05,1.934918369976068e-05,42861.77297775007,5000.0,51902.03613450864,2259.333220032436,51951.188066366514
2023-08-09 17:07:15+00:00,39.801921508961065,-75.81487669485023,-2247.716041916114,40.06240487157797,-75.31783528134238,23.41734137130469,1.884657075606893e-05,1.936970913609081e-05,42922.975899802535,5000.0,51899.14098709138,2259.857768917451,51948.31847455435
2023-08-09 17:07:16+00:00,39.801598581143,-75.81486146309052,-2247.9217561297364,40.06147158543741,-75.3179316506375,23.65846822385517,1.886203224427259e-05,1.939055776634952e-05,42928.15325592525,5000.0,51896.60801230812,2260.342860558047,51945.809003522496
2023-08-09 17:07:17+00:00,39.80127155524357,-75.81484196100479,-2248.1177177887284,40.06056435896196,-75.31802987313276,23.95710556013532,1.88433368224251e-05,1.9399714793546603e-05,42932.586169771246,5000.0,51895.169747623375,2260.956867113136,51944.39882306456
2023-08-09 17:07:18+00:00,39.80094422672012,-75.81482293957554,-2248.296928879713,40.0597564016964,-75.31811211533446,24.29196637011708,1.885536141284228e-05,1.942426943557231e-05,42923.13936255379,5000.0,51894.46231082,2261.523074185745,51943.716705143386
2023-08-09 17:07:19+00:00,39.80061198188697,-75.81480697528896,-2248.37858103598,40.05894002348833,-75.31820610642099,24.83899149790465,1.8862780650447365e-05,1.9416835713617038e-05,43015.71896116473,5000.0,51894.77812410551,2261.849477272008,51944.04643082761
2023-08-09 17:07:20+00:00,39.80027605023111,-75.81478891830065,-2248.3195402082747,40.058272153132606,-75.31826225509052,25.323281968410218,1.888435425287947e-05,1.9427534699602895e-05,43046.443303207205,5000.0,51895.78857168913,2262.07672017538,51945.065815392125
2023-08-09 17:07:21+00:00,39.799941683155694,-75.81476820417934,-2248.225721280589,40.05762248813024,-75.31831591659635,25.941954595112843,1.888355946819258e-05,1.9456977668241667e-05,43080.89951723931,5000.0,51897.42045462249,2262.4770695200477,51946.71358550002
2023-08-09 17:07:22+00:00,39.79960307690347,-75.81474754945918,-2248.3254238147947,40.05703072749292,-75.31834835717531,26.522628092428903,1.888778501080167e-05,1.9452592190358653e-05,43111.13359068674,5000.0,51899.86080533672,2263.339355950252,51949.18918186808
2023-08-09 17:07:23+00:00,39.79925932393925,-75.81472778310277,-2248.226657390166,40.056478704046526,-75.31836152573682,27.03623423244404,1.8903888479830915e-05,1.945861091293267e-05,43127.06155023242,5000.0,51903.386785750336,2264.0245782643715,51952.74167088959
2023-08-09 17:07:24+00:00,39.798916728677845,-75.81470706375674,-2248.146647639968,40.05596175824724,-75.31835338925848,27.493107293529384,1.8908410707150573e-05,1.947720390335482e-05,43121.23031054405,5000.0,51907.79370481141,2264.360457409284,51957.15904071678
2023-08-09 17:07:25+00:00,39.79857316492385,-75.81468519070413,-2248.055226074503,40.05546499229901,-75.31832491656603,27.93879745166588,1.89193516516283e-05,1.950063163908439e-05,43171.69706328268,5000.0,51912.79596637792,2264.339659405941,51962.15564369845
2023-08-09 17:07:26+00:00,39.79822247716446,-75.81465593863194,-2247.942726389165,40.05497710616289,-75.31827742178294,28.39248553472881,1.89356056321667e-05,1.948465374132944e-05,43243.76577045558,5000.0,51918.61838257255,2264.35253740871,51967.97309082652
2023-08-09 17:07:27+00:00,39.79786625538021,-75.8146231368689,-2247.737398282377,40.05449885262231,-75.31821417834922,28.87737444351137,1.894299941377749e-05,1.95212015440766e-05,43251.2522900777,5000.0,51925.38012111693,2264.456283906697,51974.73292845485
2023-08-09 17:07:28+00:00,39.79751078733453,-75.81458507882459,-2247.717016674881,40.0540008830414,-75.31813240997762,29.417853921061788,1.8973126796545275e-05,1.954583605138509e-05,43256.38962082532,5000.0,51932.9166853404,2265.433465930116,51982.30491460592
2023-08-09 17:07:29+00:00,39.79715978614068,-75.81453866560197,-2247.6561904675364,40.053477861624366,-75.31801810245192,29.95685608089447,1.8984350956516923e-05,1.955154125493592e-05,43208.29090108695,5000.0,51940.64941968897,2266.6046524430667,51990.08135009516
2023-08-09 17:07:30+00:00,39.79681244510067,-75.81448904524527,-2247.6753596962285,40.05294087293376,-75.31788836786181,30.47281950819235,1.897946632683561e-05,1.956372553538204e-05,43236.09892041767,5000.0,51948.17505324176,2267.276230575891,51997.62910814284
2023-08-09 17:07:31+00:00,39.79646849606666,-75.81443772546838,-2247.654995877895,40.05243321888162,-75.3177663283363,30.83312144500816,1.898803704621348e-05,1.9566428261761424e-05,43260.25890116616,5000.0,51955.60842751113,2267.711450951361,52005.07438988662
2023-08-09 17:07:32+00:00,39.796129596935536,-75.81438847777055,-2247.506878180342,40.05192379491755,-75.31764169438813,31.19725531516009,1.8989536375822112e-05,1.9577723726239978e-05,43303.55691980053,5000.0,51963.39108200421,2268.2251450909066,52012.87204192956
2023-08-09 17:07:33+00:00,39.79579279106116,-75.81433526151027,-2247.393942915689,40.05143941651288,-75.31752285967747,31.485566462638342,1.900246435933758e-05,1.9574662213489044e-05,43372.353121172775,5000.0,51971.23908870317,2268.624191944751,52020.72998468424
2023-08-09 17:07:34+00:00,39.79545937841192,-75.81427697598855,-2247.36916882977,40.05090541468112,-75.3173896797468,31.78505261453528,1.902761865896281e-05,1.95756874976045e-05,43378.97335549706,5000.0,51978.51537640393,2269.088700621189,52028.01960738412
2023-08-09 17:07:35+00:00,39.795132049197065,-75.81421404408714,-2247.2090957285955,40.050204300317,-75.31722343831603,32.25062093251374,1.9041928607576108e-05,1.957196113736481e-05,43420.01422469607,5000.0,51985.05596983788,2269.400309585293,52034.56756764989
2023-08-09 17:07:36+00:00,39.79481234970338,-75.81414351919007,-2247.036591858672,40.0494561205772,-75.31704597862043,32.69446884064979,1.904321780480745e-05,1.9576238556798915e-05,43463.84037310464,5000.0,51990.60506854006,2269.659604432385,52040.12269502154
2023-08-09 17:07:37+00:00,39.79449939330748,-75.81406839967325,-2247.010112851237,40.04869502397805,-75.31683934066864,33.00122644319524,1.9029704293151028e-05,1.959540757629852e-05,43516.29005078238,5000.0,51994.89221090801,2270.111348380982,52044.42546092704
2023-08-09 17:07:38+00:00,39.79419652398737,-75.81399089219406,-2246.9162699800345,40.04759333216251,-75.31659710380406,33.39343861338772,1.9039160003757268e-05,1.9590644734446967e-05,43531.95493803696,5000.0,51998.24460789316,2270.400008562138,52047.78725845287
2023-08-09 17:07:39+00:00,39.793898505803575,-75.81390660557335,-2247.0030503758253,40.04661609179236,-75.31638078228023,33.63859882637252,1.904338864696942e-05,1.9595077680974468e-05,43512.17060451024,5000.0,52001.00264392179,2270.6455365579577,52050.55337963134
2023-08-09 17:07:40+00:00,39.79361056221312,-75.81381641289306,-2247.242294349985,40.04530216742226,-75.31612909805995,33.87577557740646,1.905699668709401e-05,1.9614160164023583e-05,43581.62810090384,5000.0,52002.52361020623,2271.0250203662617,52052.08945348098
2023-08-09 17:07:41+00:00,39.793325927140685,-75.81371990763168,-2247.494264048093,40.04414625758034,-75.31589164567306,33.914351801132355,1.907147798759702e-05,1.9600285303930395e-05,43622.140804691655,5000.0,52003.47767308955,2271.443985538369,52053.06088862557
2023-08-09 17:07:42+00:00,39.79305058794228,-75.81361264271177,-2247.731311542049,40.042631687179714,-75.3156234222232,33.90066997186436,1.9074635659238456e-05,1.9621630279430905e-05,43635.79572377003,5000.0,52003.1479735719,2271.7730904403024,52052.74586547441
2023-08-09 17:07:43+00:00,39.79277983726347,-75.81349712515296,-2248.026012023644,40.04103192458899,-75.31534451436391,33.811177529620494,1.908938183206557e-05,1.962722839371912e-05,43662.89774263713,5000.0,52002.11745821366,2272.15250207332,52051.73289267638
2023-08-09 17:07:44+00:00,39.79251758379587,-75.81336908632483,-2248.493701578946,40.039092043224144,-75.31504312465425,33.69293419439695,1.910223131009095e-05,1.964672854613296e-05,43688.84879444941,5000.0,51999.62447793564,2272.4630275676973,52049.25584538155
2023-08-09 17:07:45+00:00,39.79220125561798,-75.81331641436807,-2249.1459761349606,40.068644598552005,-75.32162897797008,32.88922772872086,1.912354820038498e-05,1.966537485370589e-05,43699.81160559553,5000.0,52005.95267332176,2273.1409911981177,52055.60760788071
2023-08-09 17:07:46+00:00,39.791887133031565,-75.81327035676584,-2249.687713833105,40.06832283572466,-75.32157655836394,32.75248387474854,1.9141230731738e-05,1.9690710610875e-05,43707.99620098084,5000.0,52012.38824927041,2273.517377063292,52062.053480982206
2023-08-09 17:07:47+00:00,39.79157607059257,-75.8132244948502,-2250.3238497048224,40.06800560767332,-75.32152753261285,32.491801267742225,1.9136628747755592e-05,1.971248067319436e-05,43725.15363892791,5000.0,52018.54778080673,2273.9985648373004,52068.22815015847
2023-08-09 17:07:48+00:00,39.7912696894204,-75.81318255445208,-2251.123062691659,40.06769249884378,-75.32148168554929,32.059643887006374,1.9163825892501604e-05,1.970735834639831e-05,43759.03159250853,5000.0,52024.51175441282,2274.480755967986,52074.207492714726
2023-08-09 17:07:49+00:00,39.790966906324215,-75.81314508425402,-2252.129450571536,40.06738066115604,-75.32143856776196,31.488494014788355,1.916859757400189e-05,1.9708379802451443e-05,43766.87085655938,5000.0,52030.50102904024,2275.15009317938,52080.22028831532
2023-08-09 17:07:50+00:00,39.79066905401032,-75.81311254235415,-2253.1382349576643,40.06706456367476,-75.32139825776687,30.92985593864378,1.919151121408981e-05,1.972110151018925e-05,43814.25011235814,5000.0,52036.19549517899,2275.5255881379303,52085.92572197173
2023-08-09 17:07:51+00:00,39.79037098457072,-75.81308689903409,-2253.967314475357,40.066739860562,-75.32136153090235,30.51242578346501,1.92208265992196e-05,1.9741421248139465e-05,43859.7356082143,5000.0,52042.143174231314,2275.8078862878,52091.88005536449
2023-08-09 17:07:52+00:00,39.790080868123006,-75.81306655203261,-2255.0097329837618,40.06641083532628,-75.32132999746437,29.96073721728718,1.921865063664605e-05,1.97450809095212e-05,43887.22381968252,5000.0,52047.72576436489,2276.458329120408,52097.48573363934
2023-08-09 17:07:53+00:00,39.78980399585262,-75.81306299528416,-2256.3353558039757,40.06607871408791,-75.32130701809939,29.11115229056665,1.922548242423025e-05,1.976088859102132e-05,43871.39737502534,5000.0,52053.654665318194,2277.1507776112726,52103.439230824086
2023-08-09 17:07:54+00:00,39.78954450372683,-75.81307338651688,-2257.5956516580595,40.06574896206789,-75.32129683060593,28.156454459192776,1.922949750026337e-05,1.9770611288846096e-05,43917.44534121627,5000.0,52059.30355350265,2277.7766898929426,52109.11007803485
2023-08-09 17:07:55+00:00,39.789301752380936,-75.81309318611846,-2258.91749859515,40.06535526951101,-75.32128619284869,27.419888897082703,1.924454012437872e-05,1.9791149658733195e-05,43943.062236601385,5000.0,52063.67765531491,2278.3844399423438,52113.506566462296
2023-08-09 17:07:56+00:00,39.78907516656294,-75.81312957109868,-2259.929412436832,40.06495392955075,-75.3212825011375,26.765743576292184,1.925781976954972e-05,1.9804625607221865e-05,43988.51673690741,5000.0,52066.28171839311,2278.083577503462,52116.09498768272
2023-08-09 17:07:57+00:00,39.78886542952296,-75.81319249781828,-2261.192793021647,40.0645529603693,-75.32129653839651,26.08065226890708,1.92608018913224e-05,1.9836468802302297e-05,43998.47516218032,5000.0,52067.94569632367,2277.8114704191767,52117.74548203408
2023-08-09 17:07:58+00:00,39.78866519552695,-75.81327779482045,-2262.311718845247,40.064105256810805,-75.32131885411525,25.495181378607032,1.927974694064852e-05,1.9839782566325995e-05,43966.72700564576,5000.0,52069.54025089527,2278.1723583109338,52119.35428642391
2023-08-09 17:07:59+00:00,39.78847068248548,-75.81336989756997,-2263.099174063009,40.06365793394277,-75.32134988340661,25.204388205084594,1.9319629089732895e-05,1.9854480168338735e-05,43992.17280936641,5000.0,52068.6216957231,2276.2553295539647,52118.3528482784
2023-08-09 17:08:00+00:00,39.78827252182994,-75.81346310473464,-2263.9130990414405,40.06324400990185,-75.3213875158192,24.930756538091185,1.9328843284778817e-05,1.986407387449788e-05,44034.08930787639,5000.0,52067.84473319961,2274.804237795668,52117.51327030938
2023-08-09 17:08:01+00:00,39.78806800393991,-75.81355348491033,-2264.6483808355165,40.06287297944399,-75.3214282845255,24.483870284050507,1.9340925679451827e-05,1.98688874100054e-05,44095.84479402518,5000.0,52067.44257123683,2274.0398196090214,52117.07813193496
2023-08-09 17:08:02+00:00,39.787861501753326,-75.81363442163021,-2265.5171276760125,40.062576268140965,-75.32148043867754,23.856464403075453,1.933086620217428e-05,1.9900374312812583e-05,44145.7785816082,5000.0,52066.59219018024,2273.689867484912,52116.21329214203
2023-08-09 17:08:03+00:00,39.787652147666726,-75.81371567390124,-2266.161957835746,40.06235896984981,-75.3215497161901,23.106679556891056,1.9341781956708443e-05,1.990968831771441e-05,44173.32048264004,5000.0,52066.4467026319,2273.068112316172,52116.04082124079
2023-08-09 17:08:04+00:00,39.78743710324738,-75.8137914315121,-2267.025864115043,40.0621062901075,-75.3216085473447,22.49411638880984,1.9345295191083917e-05,1.990861797201268e-05,44214.78199401779,5000.0,52066.69822511974,2272.8718293921183,52116.28354380741
2023-08-09 17:08:05+00:00,39.78721719654041,-75.81386458698665,-2267.6814421253257,40.06187828875965,-75.32167138190447,21.845110826551466,1.9349047101892266e-05,1.990545243940703e-05,44279.9407462432,5000.0,52067.60861111424,2272.489098076858,52117.17637383146
2023-08-09 17:08:06+00:00,39.78698586882805,-75.81392766211215,-2268.3414618591246,40.061732844121096,-75.32174772013676,21.048793931417777,1.936303871023308e-05,1.990169987226072e-05,44328.61423274845,5000.0,52069.12491639371,2272.311354329778,52118.68348730644
2023-08-09 17:08:07+00:00,39.78674166018301,-75.81397108137656,-2269.1340773369257,40.06163271571411,-75.32181276795188,20.16347827598216,1.936065348180671e-05,1.9893600611270405e-05,44357.79705471829,5000.0,52071.70792848062,2272.3744923323,52121.26679602476
2023-08-09 17:08:08+00:00,39.78647944271422,-75.81399314726494,-2269.868851950097,40.06146167122133,-75.32184375385104,19.39971939508949,1.937815850845918e-05,1.9905675084832792e-05,44403.98341919241,5000.0,52075.02319890376,2272.164247560624,52124.56974915244
2023-08-09 17:08:09+00:00,39.786200211546486,-75.81400011640957,-2270.495682802604,40.06120448544372,-75.32184410105016,18.831058157033524,1.939838303472051e-05,1.990623404186052e-05,44445.542270465165,5000.0,52079.5453148076,2272.022872117396,52129.0814049943
2023-08-09 17:08:10+00:00,39.78590819217405,-75.81399379230564,-2270.8048665039787,40.06088962207082,-75.32182470723065,18.42438075485128,1.940248727813051e-05,1.9927678677561545e-05,44481.60436084187,5000.0,52085.63607850733,2272.1399665661165,52135.17148461651
2023-08-09 17:08:11+00:00,39.785597007650416,-75.81397386193042,-2270.930520254868,40.06047077681066,-75.32178367555625,18.18286666324985,1.9409608270249067e-05,1.9944214363515932e-05,44566.48634134309,5000.0,52093.54940791029,2271.8905441682896,52143.066428424325
2023-08-09 17:08:12+00:00,39.78526918816711,-75.8139442755603,-2271.081273645066,40.05999482365259,-75.32173340280828,18.05394411065544,1.9408132323586825e-05,1.994291593673225e-05,44642.40477550514,5000.0,52103.27693943503,2272.1706885991625,52152.79692850223
2023-08-09 17:08:13+00:00,39.78492929383846,-75.81390786490488,-2271.1199613564745,40.05934440809189,-75.3216749253103,18.11382348305156,1.9417037331644687e-05,1.9938536336814792e-05,44630.31318101225,5000.0,52115.31327080562,2272.3715669610697,52164.83058395322
2023-08-09 17:08:14+00:00,39.78457489554842,-75.81386847953547,-2270.9178806434893,40.05874282437905,-75.32161544400378,18.2546727163422,1.9404271753444667e-05,1.996058939147865e-05,44621.84520104974,5000.0,52129.818320023376,2272.5456851884665,52179.32945113336
2023-08-09 17:08:15+00:00,39.78420910763951,-75.81382990328777,-2270.760026509049,40.05803102776929,-75.32155172090253,18.56495449063199,1.942568440979564e-05,1.995955542920734e-05,44658.57641867476,5000.0,52146.99240016729,2272.3447067444454,52196.47849088456
2023-08-09 17:08:16+00:00,39.783817930847135,-75.81387630506077,-2270.2235815990207,40.0566289916533,-75.32226421977724,19.598566192178584,1.94309995869329e-05,1.9967135391586564e-05,44629.29273732069,5000.0,52173.54034986092,2271.9334547969675,52222.98339104719
2023-08-09 17:08:17+00:00,39.7834121422342,-75.81393688954478,-2269.674965415912,40.05633319934792,-75.3223125486312,20.146226589239344,1.9437853513020386e-05,1.997752767871404e-05,44606.99437705972,5000.0,52203.42063525385,2271.617809626477,52252.82167973572
2023-08-09 17:08:18+00:00,39.78300135867779,-75.81400482273624,-2269.2313459745246,40.05592249082507,-75.32236414835198,20.60590200222361,1.9450806187837782e-05,1.999923166965929e-05,44611.33123986384,5000.0,52235.49020721524,2271.6782591707865,52284.86357734205
2023-08-09 17:08:19+00:00,39.7825772622332,-75.81408378791777,-2268.905935736422,40.05569407473738,-75.32242668930196,20.89140684362733,1.9450435307862617e-05,2.000123816082688e-05,44660.92394746553,5000.0,52270.658408187,2271.8939920279336,52320.00795810703
2023-08-09 17:08:20+00:00,39.78215005943372,-75.81417394962526,-2268.6846973672064,40.05512321665048,-75.32247798999633,21.262104999786573,1.947493218656765e-05,2.000689878028352e-05,44627.72579100799,5000.0,52308.37307860787,2272.817560336503,52357.72716412929
2023-08-09 17:08:21+00:00,39.78171900530062,-75.8142779661937,-2268.5869853088534,40.05464935389603,-75.32255138239812,21.453434388301723,1.948566406583995e-05,2.0015631715756285e-05,44659.82985811908,5000.0,52348.39189233622,2273.3190950476774,52397.73004073288
2023-08-09 17:08:22+00:00,39.78127912595558,-75.81438772535432,-2268.5040441004,40.05404858248493,-75.32260786700137,21.67445512292432,1.9482370729855497e-05,2.0023230861595877e-05,44642.74631541002,5000.0,52391.09801958768,2274.382316132508,52440.4420902225
2023-08-09 17:08:23+00:00,39.780831306782325,-75.81450401025344,-2268.54449251404,40.053335655663965,-75.32264593199638,21.939067549364896,1.947993167131744e-05,2.0012999938339528e-05,44628.557470258565,5000.0,52435.83682607715,2275.1662609363348,52485.172812575285
2023-08-09 17:08:24+00:00,39.780376594094776,-75.8146319174028,-2268.6102981487693,40.05254758408012,-75.32265710194814,22.26095926824356,1.9477188308402342e-05,2.002584420419376e-05,44678.139666073366,5000.0,52483.509463125214,2275.805017084488,52532.82834610888
2023-08-09 17:08:25+00:00,39.77991683625292,-75.8147681490312,-2268.6336572902665,40.05175506110374,-75.32264365044453,22.696087301269763,1.9466095503069367e-05,2.006322807546376e-05,44685.26475190213,5000.0,52533.45480968725,2276.174737101393,52582.74285043784
2023-08-09 17:08:26+00:00,39.77945806465774,-75.81491701454544,-2268.3786651700684,40.05113673706089,-75.32269063918093,23.049606458151025,1.9473683499855718e-05,2.0052203838386017e-05,44697.11404549544,5000.0,52586.35327351143,2276.114661555963,52635.589182216776
2023-08-09 17:08:27+00:00,39.77899104662912,-75.81507072244993,-2268.374950329251,40.05064157856559,-75.32281679769548,23.22429374520498,1.947612750054847e-05,2.0054917236793024e-05,44773.494936368494,5000.0,52642.255881522186,2276.182513619823,52691.44248481879
2023-08-09 17:08:28+00:00,39.77851551561575,-75.81522529628381,-2268.3387103910545,40.05011672981026,-75.32290179013768,23.463757197591068,1.9480598374365942e-05,2.004580617438304e-05,44808.52672445734,5000.0,52700.20651822555,2276.2428068459326,52749.3416866916
2023-08-09 17:08:29+00:00,39.77803150742725,-75.81538301918746,-2268.275204520388,40.04960388462667,-75.32300222062646,23.70390352068958,1.9514348575723377e-05,2.0034830660413583e-05,44817.401084573925,5000.0,52759.9348011816,2276.082148355943,52809.00747193606
2023-08-09 17:08:30+00:00,39.777543517934966,-75.81553660846535,-2268.0128918377827,40.0490389427509,-75.32300892911343,24.197763229126807,1.951251936984312e-05,2.0029415838879157e-05,44861.57012273953,5000.0,52820.33141337608,2275.7144900767425,52869.33219796926
2023-08-09 17:08:31+00:00,39.77705550061434,-75.81568698587373,-2267.725349508697,40.04848590300024,-75.32301497339719,24.726731358728493,1.950611722251609e-05,2.0030242465858385e-05,44900.66931580158,5000.0,52881.60451317763,2275.7775490642657,52930.55128506555
2023-08-09 17:08:32+00:00,39.77656858245472,-75.81583741305147,-2267.567104900821,40.048010679940205,-75.32319855258612,24.90211644583397,1.9495597360505237e-05,2.004724822452901e-05,44930.773405554464,5000.0,52943.69084634757,2275.8127067676032,52992.58178188634
2023-08-09 17:08:33+00:00,39.77608293727101,-75.81598260581535,-2267.369837520123,40.04752283180915,-75.32334957742559,25.13257353288249,1.9472260676265515e-05,2.006656776250194e-05,44950.34852231936,5000.0,53006.14964737626,2275.7671223461098,53054.98107091546
2023-08-09 17:08:34+00:00,39.77559310746497,-75.81612802362223,-2267.1463712525065,40.0470191281287,-75.32347901226152,25.36105862404392,1.946455591336684e-05,2.006449275391381e-05,44938.62287694683,5000.0,53069.34093807884,2275.6618597810507,53118.10976025138
2023-08-09 17:08:35+00:00,39.77509597887351,-75.81627008261842,-2266.980036462329,40.04645375865032,-75.32356597668122,25.65006515739227,1.9474317048347296e-05,2.009311730633729e-05,44988.03212478695,5000.0,53132.16809411928,2275.84579321258,53180.88717251933
2023-08-09 17:08:36+00:00,39.77459486978189,-75.81640366467143,-2266.841686036513,40.04584710294776,-75.32364536793172,25.942258495577622,1.9480296138528955e-05,2.0110328236274422e-05,45001.166029307096,5000.0,53195.07449046877,2276.209234108485,53243.75154442033
2023-08-09 17:08:37+00:00,39.77409113154877,-75.81653039947113,-2266.770757685711,40.045218247194825,-75.3237287618956,26.171142470256125,1.949792681451551e-05,2.012793283374608e-05,45022.04851118858,5000.0,53258.46040327545,2276.2114975715867,53307.07967342552
2023-08-09 17:08:38+00:00,39.773581235988985,-75.8166522641604,-2266.6024719468046,40.04447537732505,-75.32378598622249,26.42609155960948,1.9517421003901384e-05,2.0140178691273865e-05,45087.96561688818,5000.0,53322.50637239139,2276.332305547267,53371.072451272696
2023-08-09 17:08:39+00:00,39.77306882166334,-75.8167659271673,-2266.518695889823,40.043904382221314,-75.32389508191065,26.5066273153346,1.952898974450356e-05,2.013238729703752e-05,45107.2639265103,5000.0,53387.05540961042,2276.201982760533,53435.55727018421
2023-08-09 17:08:40+00:00,39.7725556034076,-75.81687280277687,-2266.410795309657,40.04332666995014,-75.32399523455466,26.527186742454354,1.9551972014568786e-05,2.01360224916352e-05,45131.05133286576,5000.0,53451.54658286441,2276.5077125836992,53500.00298565952
2023-08-09 17:08:41+00:00,39.77204023485889,-75.81697214351209,-2266.3932380631977,40.04266094364148,-75.32408002955955,26.5710335643482,1.956704938744757e-05,2.01716928742857e-05,45186.4615213064,5000.0,53515.35051169613,2276.7546837146974,53563.75969141367
2023-08-09 17:08:42+00:00,39.77152118234444,-75.81706446626109,-2266.4487983887493,40.04184953684257,-75.32415722474863,26.684998928953167,1.95843428173851e-05,2.0175716437299463e-05,45232.44438553625,5000.0,53579.35129382437,2277.194018046491,53627.72135437852
2023-08-09 17:08:43+00:00,39.77100076425892,-75.81715739174356,-2266.4769737430915,40.04066131836573,-75.32422605954275,26.88635049476464,1.9586514870482344e-05,2.018105614891415e-05,45245.945329194285,5000.0,53643.31673071826,2277.6634665247934,53691.64907822164
2023-08-09 17:08:44+00:00,39.77048590931247,-75.81724779680249,-2266.5750927245167,40.03944002045064,-75.32431399811206,26.981367185524707,1.9599267264413207e-05,2.019973006017849e-05,45241.65385220414,5000.0,53706.744966232094,2278.2664259987587,53755.04583549092
2023-08-09 17:08:45+00:00,39.77032448890829,-75.81689103482435,-2266.8789985663543,40.06500581818711,-75.31763656483409,27.453611744606963,1.961099398026211e-05,2.021836795701088e-05,45282.18168146021,5000.0,53716.92171532608,2278.9505853041533,53765.24243729148
2023-08-09 17:08:46+00:00,39.77016738489701,-75.81652546273585,-2267.210344609947,40.06484497763688,-75.31727476985124,27.307806834863904,1.962381695600045e-05,2.023354559677068e-05,45295.79253452736,5000.0,53725.77223128135,2279.576905293177,53774.111547422784
2023-08-09 17:08:47+00:00,39.7700073773336,-75.81615326488081,-2267.467914533253,40.06468378610412,-75.31690409624917,27.078411961485283,1.963092998834123e-05,2.021523421971495e-05,45354.86855828117,5000.0,53733.68567633565,2280.133417000836,53782.04147076013
2023-08-09 17:08:48+00:00,39.769840110223626,-75.81577155194829,-2267.8840189989087,40.06451851440826,-75.31652737742326,26.98201687471376,1.967338035387863e-05,2.0192651892721108e-05,45399.81542543143,5000.0,53741.14642055624,2280.8278248822494,53789.5249482873
2023-08-09 17:08:49+00:00,39.769661006405634,-75.81538180078903,-2268.337137515299,40.064343133465165,-75.3161441367499,26.773234027267907,1.969481109214264e-05,2.0214861534421992e-05,45427.21707734512,5000.0,53748.38016720217,2281.613035700837,53796.785486149376
2023-08-09 17:08:50+00:00,39.7694754930069,-75.81498774112637,-2268.818543057557,40.0641545380991,-75.3157555141032,26.57460911961523,1.968019456225932e-05,2.0222665222902696e-05,45515.41885697692,5000.0,53755.78174767605,2282.192754722836,53804.20499434493
2023-08-09 17:08:51+00:00,39.76928386365727,-75.81458838972452,-2269.213557423353,40.06394953835277,-75.31536745889309,26.488017194609142,1.970521033329152e-05,2.0239010660300693e-05,45549.288680868456,5000.0,53763.93383515825,2282.6080566544897,53812.36736078035
2023-08-09 17:08:52+00:00,39.76909256483167,-75.81418190905396,-2269.853075538403,40.06373039540871,-75.31497708348807,26.406468449840467,1.971779958383796e-05,2.024784895312804e-05,45525.48532967168,5000.0,53772.32853317034,2283.2330441843874,53820.78101452319
2023-08-09 17:08:53+00:00,39.768902225149446,-75.813769744998,-2270.4474452687623,40.063492404052255,-75.3145874886901,26.360779898815487,1.9734945085729136e-05,2.0279564637386465e-05,45555.65822430397,5000.0,53780.53997934689,2283.721425750112,53829.00578703418
2023-08-09 17:08:54+00:00,39.768711666755095,-75.81334346352835,-2270.899666951559,40.06324305192418,-75.31418974296263,26.237655661711024,1.976330884796966e-05,2.0305435395452405e-05,45616.968277935564,5000.0,53788.02790836375,2284.26406342709,53836.509996306246
2023-08-09 17:08:55+00:00,39.76852322622168,-75.81290760468092,-2271.5962377167007,40.06297054994387,-75.31378876586093,26.142895019797788,1.977125348754616e-05,2.0313923235006687e-05,45656.09444300469,5000.0,53794.48130336541,2285.241979893947,53842.999076990505
2023-08-09 17:08:56+00:00,39.76833160544607,-75.8124675772878,-2272.249495982248,40.062669180182645,-75.31339134745954,26.0727779143785,1.9795919933810687e-05,2.0304195380754077e-05,45600.84308401806,5000.0,53799.996134219175,2286.150365504919,53848.54749699101
2023-08-09 17:08:57+00:00,39.76814142071508,-75.81202781115798,-2272.878014291893,40.06233683504632,-75.3130001997394,26.031351934254005,1.9817050892392355e-05,2.030166232766844e-05,45643.12194564089,5000.0,53804.76449592098,2287.0403683839786,53853.34934902505
2023-08-09 17:08:58+00:00,39.76795088303143,-75.81158657162271,-2273.5383845136816,40.0619801669587,-75.3126133625924,25.97811386287073,1.9844623758794912e-05,2.032515392542933e-05,45688.76084343888,5000.0,53809.89171180729,2287.8789522423426,53858.50755578491
2023-08-09 17:08:59+00:00,39.76775802857274,-75.81114447769693,-2274.090310002984,40.06155890137905,-75.31224310920686,26.01482786691976,1.9844370598286093e-05,2.0331382688276968e-05,45691.117045862666,5000.0,53815.062046560684,2288.7738782282045,53863.71124366419
2023-08-09 17:09:00+00:00,39.76756581369232,-75.8107039180274,-2274.647909509724,40.06108947509297,-75.31188364754017,26.107380166441946,1.9877175490835517e-05,2.033342835155735e-05,45706.66274428383,5000.0,53820.61138771232,2289.3559285483507,53869.28030626294
2023-08-09 17:09:01+00:00,39.76737241255709,-75.81026083916679,-2274.978927515624,40.06058637435959,-75.3115301142912,26.33012651201512,1.9878836983834117e-05,2.0347318209501263e-05,45759.42742749935,5000.0,53826.80029383169,2289.751052682748,53875.48041322046
2023-08-09 17:09:02+00:00,39.767175869354816,-75.80981743362807,-2275.298235942644,40.06006856463087,-75.31118139651056,26.598231336593816,1.987909488578474e-05,2.035037430202776e-05,45735.92609429369,5000.0,53833.33033493641,2289.952587581385,53882.01311944232
2023-08-09 17:09:03+00:00,39.76698036912644,-75.80936867495974,-2275.719780347516,40.05949118658183,-75.31081999427005,26.86312974241212,1.9911421431845743e-05,2.0377760076871967e-05,45789.42074958637,5000.0,53839.9901270978,2290.609889179333,53888.69483064509
2023-08-09 17:09:04+00:00,39.766785338381496,-75.80892116810432,-2276.20221940304,40.058848718913,-75.31048581182188,27.25210211574477,1.991445239191153e-05,2.039643614155003e-05,45841.406660394685,5000.0,53847.27343780414,2291.2481947672222,53895.99869169948
2023-08-09 17:09:05+00:00,39.76658968364255,-75.80847044954265,-2276.65400105805,40.05819815595021,-75.31014321999794,27.54209046290057,1.989250983150647e-05,2.040405850037234e-05,45873.881767949264,5000.0,53854.62688663834,2291.845521985893,53903.370887131685
2023-08-09 17:09:06+00:00,39.76639622263721,-75.80801093411876,-2277.1681405134823,40.05756439026972,-75.30978966712308,27.719258835012347,1.990950748926576e-05,2.0404659664029245e-05,45916.537589260886,5000.0,53861.6121614084,2292.5418955717982,53910.37945487798
2023-08-09 17:09:07+00:00,39.76620556575207,-75.80755124136223,-2277.4599890545724,40.05669198248705,-75.30948415618906,28.20028083938816,1.9922613084245745e-05,2.0409021556804163e-05,45956.17614760674,5000.0,53868.94998233677,2293.008940672253,53917.73049935896
2023-08-09 17:09:08+00:00,39.76601452827916,-75.80709018913694,-2278.0495805539613,40.05564571020437,-75.30921327376826,28.885326811888763,1.993934042760528e-05,2.043603980778534e-05,45984.96985754313,5000.0,53876.192785840845,2293.8328080090555,53925.00178996926
2023-08-09 17:09:09+00:00,39.76583309182748,-75.80662229001267,-2278.526593713252,40.0548552585616,-75.30888151307143,29.181274691352925,1.9934996348092784e-05,2.0443212412650797e-05,45982.89702600127,5000.0,53882.40513613134,2294.5185335920987,53931.23768795957
2023-08-09 17:09:10+00:00,39.76565780050983,-75.80615033210185,-2279.0043920479247,40.05417390823131,-75.30852279199108,29.31284743349269,1.993029326055666e-05,2.0444056610650303e-05,45976.23465245474,5000.0,53888.4352444034,2295.3081234663905,53937.29593214615
2023-08-09 17:09:11+00:00,39.76548978870789,-75.80567298160231,-2279.6279427312984,40.05349988045595,-75.30815849961533,29.32829577065923,1.9943347421316564e-05,2.04411003711158e-05,46002.78002875481,5000.0,53893.194065345575,2296.1615154331166,53942.08676228568
2023-08-09 17:09:12+00:00,39.76532431903383,-75.80519052688777,-2280.542620461202,40.0528038830793,-75.30779330964116,29.169855326943896,1.994372561495176e-05,2.045909514314816e-05,46049.81300287883,5000.0,53896.95420977119,2297.259430792226,53945.89024182042
2023-08-09 17:09:13+00:00,39.76515880860819,-75.80470013318393,-2281.4918175996845,40.05205206388983,-75.30743603968737,28.920555747059858,1.993168027099961e-05,2.044723573362012e-05,46071.98318464889,5000.0,53900.111859452285,2298.428586403204,53949.0948249205
2023-08-09 17:09:14+00:00,39.76499280657194,-75.80420651935836,-2282.5037472867207,40.05111555422082,-75.30711820149543,28.69939135121259,1.9920998396316195e-05,2.047092878524029e-05,46105.976811949855,5000.0,53902.80534498191,2299.5687667611933,53951.83445048068
2023-08-09 17:09:15+00:00,39.76482880769481,-75.80370644218806,-2283.5415000138746,40.05035768953365,-75.30675715924288,28.10846686161077,1.992259944471071e-05,2.048273605824855e-05,46155.698962504335,5000.0,53904.69517520492,2300.599638728577,53953.76651012864
2023-08-09 17:09:16+00:00,39.76466470836377,-75.8032101244103,-2284.8681764395105,40.04926097695716,-75.30647393245539,27.682764016751246,1.9931406658094537e-05,2.0492826903104064e-05,46189.074341063424,5000.0,53907.33769248105,2301.562306514509,53956.44767904904
2023-08-09 17:09:17+00:00,39.76450076986794,-75.80271770110127,-2286.433939164493,40.04782584517584,-75.30627579907575,27.449860959705344,1.9967040920209767e-05,2.05009681487898e-05,46203.6184895146,5000.0,53910.314868805,2302.4897572728723,53959.46171280848
2023-08-09 17:09:18+00:00,39.764333079711264,-75.80223146864873,-2287.7283842212173,40.04651316316549,-75.30605745681406,27.07437508697409,1.9954816568513597e-05,2.0525702247472705e-05,46286.55096064465,5000.0,53913.654200888894,2303.334766433446,53962.83406511638
2023-08-09 17:09:19+00:00,39.76416918813084,-75.80174046548831,-2289.0750697058447,40.045651892261965,-75.30573753861117,26.35496131903841,1.9967852167450964e-05,2.052951030068541e-05,46235.36029705212,5000.0,53916.80157463067,2304.132791288803,53966.01263719591
2023-08-09 17:09:20+00:00,39.76400554221868,-75.8012483909183,-2290.2969190526364,40.04478881211726,-75.30541224588924,25.6875148261472,1.9990818822119236e-05,2.0537591906259507e-05,46280.81182349856,5000.0,53919.762349253615,2304.476390690432,53968.98538267361
2023-08-09 17:09:21+00:00,39.763844040683125,-75.80075829133968,-2291.790187726041,40.04388585212504,-75.30511687584197,25.060383991028583,1.999884709635508e-05,2.054580674573297e-05,46303.62167685079,5000.0,53922.159732823166,2305.3419645514346,53971.41754508231
2023-08-09 17:09:22+00:00,39.76368042607744,-75.8002711682868,-2293.0275660726397,40.04284055835276,-75.3048683796759,24.57312760650389,2.00109952298988e-05,2.0557787536657557e-05,46317.48944279249,5000.0,53925.00308145798,2306.0262072596456,53974.28752845026
2023-08-09 17:09:23+00:00,39.76351324879791,-75.7997904351457,-2294.4203245710883,40.04169895985704,-75.30461888133328,24.126388008297944,2.0033851457087253e-05,2.056990364334032e-05,46316.78146987431,5000.0,53928.33918184157,2306.996276707384,53977.66203470182
2023-08-09 17:09:24+00:00,39.76334761493934,-75.79930961826321,-2295.705257265695,40.040855141802346,-75.30430250769788,23.418751337700627,2.0052167010148e-05,2.0593470768212743e-05,46334.79059549681,5000.0,53930.76445600619,2307.4225836091323,53980.1033139857
2023-08-09 17:09:25+00:00,39.76318136901988,-75.79882510625586,-2296.770530127936,40.040065535418194,-75.30396017314015,22.785096679954663,2.0073102747531785e-05,2.0594343349483708e-05,46350.40171601145,5000.0,53933.03580736513,2307.6375424908138,53982.38177800274
2023-08-09 17:09:26+00:00,39.76301765639349,-75.7983425448358,-2298.1601728958994,40.0391838845534,-75.30362893475834,22.20426675166776,2.0095963652981346e-05,2.0605778889099844e-05,46359.30698677953,5000.0,53935.488289083216,2308.4311902943705,53984.8659490987
2023-08-09 17:09:27+00:00,39.76284951872989,-75.7978610594796,-2299.6235302673576,40.03825932473147,-75.30330746202614,21.49001258034145,2.010290759453922e-05,2.0599744723727318e-05,46383.699683180464,5000.0,53937.95306341587,2309.3359827471468,53987.36716448084
2023-08-09 17:09:28+00:00,39.76267532230594,-75.7973822938246,-2300.9287347327927,40.03740320781221,-75.30296287637364,20.651977030558623,2.011366816838327e-05,2.063343063806744e-05,46454.08537243505,5000.0,53940.74692659264,2310.1445151874245,53990.19306021941
2023-08-09 17:09:29+00:00,39.76249945982343,-75.79690681427277,-2302.3081071579063,40.03635917637314,-75.30264099197434,19.954194551109367,2.011088631517994e-05,2.064926845758381e-05,46520.4686804337,5000.0,53943.92560641742,2310.9644181994504,53993.40391541249
2023-08-09 17:09:30+00:00,39.76232397140309,-75.79643524366327,-2303.818771544245,40.035424432343376,-75.30229076245543,19.151477466521843,2.0098776255464323e-05,2.067433146025973e-05,46581.37323978419,5000.0,53947.288113608425,2311.906824386983,53996.80368297113
2023-08-09 17:09:31+00:00,39.76213753123123,-75.79596323661046,-2305.219120078647,40.03426300463778,-75.30196278304393,18.52450120101843,2.011787515907988e-05,2.069438733485676e-05,46623.03069670418,5000.0,53951.38410562839,2312.685243383196,54000.92925078247
2023-08-09 17:09:32+00:00,39.76194078275951,-75.795492591821,-2306.3481436296465,40.03277693936302,-75.30166396741505,18.212981894646468,2.011145786198516e-05,2.067445435293384e-05,46666.98814097578,5000.0,53956.613602344565,2312.8403185839848,54006.16059091761
2023-08-09 17:09:33+00:00,39.76173328356846,-75.79502848384205,-2307.4927539506534,40.03122310682447,-75.30135694817076,18.010635851655145,2.0132914194660535e-05,2.0689984520364e-05,46712.71267811638,5000.0,53963.10981260999,2313.3727892852235,54012.673645265975
2023-08-09 17:09:34+00:00,39.761520837433295,-75.79456339127782,-2308.784422314558,40.02995340344849,-75.30100353134105,17.586580451656914,2.0175177401734317e-05,2.0692463929882508e-05,46679.52202019571,5000.0,53970.229713583176,2314.065634535497,54019.8166888585
2023-08-09 17:09:35+00:00,39.76130159962038,-75.79410467510135,-2309.8726922003348,40.028584994081406,-75.30064743964263,17.184641742129372,2.0172777566357777e-05,2.071074866857257e-05,46664.90686568887,5000.0,53978.64152172207,2314.7251063377694,54028.249026305566
2023-08-09 17:09:36+00:00,39.76107601155226,-75.79364872633654,-2310.982281303599,40.02753746521017,-75.30025386732714,16.552889064376373,2.0190268892898004e-05,2.0729106470759253e-05,46668.20450670369,5000.0,53987.68730800621,2315.288572061562,54037.31064772722
2023-08-09 17:09:37+00:00,39.760848981628456,-75.79319350109066,-2311.9829830874123,40.02635654417889,-75.29986010006927,16.00072089977042,2.0199225680563868e-05,2.073563214403341e-05,46713.4152991204,5000.0,53997.30217452679,2315.720254441601,54046.935180674096
2023-08-09 17:09:38+00:00,39.76062226843402,-75.79274057393579,-2313.1436762274634,40.025165784505205,-75.29945895116587,15.423607583060225,2.020990654387881e-05,2.073927008898864e-05,46737.146838492736,5000.0,54007.59508231456,2316.2766586879816,54057.24247623837
2023-08-09 17:09:39+00:00,39.76039880271955,-75.79229036760285,-2314.3539553262926,40.024152460423466,-75.29904205714477,14.726262787902392,2.02254616192653e-05,2.074973652050161e-05,46770.92120888879,5000.0,54017.88789889993,2316.838478428129,54067.54991298611
2023-08-09 17:09:40+00:00,39.7601700912021,-75.79184324808588,-2315.372248481569,40.02297435713209,-75.2986256099583,14.138135449988788,2.0226551869238837e-05,2.0762954658615345e-05,46810.10764766004,5000.0,54028.96668939476,2317.278182601565,54078.6373691062
2023-08-09 17:09:41+00:00,39.7599362302088,-75.79139956668098,-2316.3507852299604,40.02138300375987,-75.29821349532247,13.75602555645838,2.022468333500225e-05,2.0769165113540056e-05,46820.81819103454,5000.0,54041.0209851697,2317.7172198664166,54090.69940600525
2023-08-09 17:09:42+00:00,39.75969586337832,-75.79095998911286,-2317.283217946434,40.01934024307556,-75.29779896113523,13.6557022297115,2.023253601699485e-05,2.076894249183811e-05,46839.23309494182,5000.0,54054.195769190126,2318.138773805022,54103.880153169695
2023-08-09 17:09:43+00:00,39.75945450135925,-75.790520070059,-2318.18985852738,40.01756229753221,-75.29736996675831,13.502835345033168,2.024614061038472e-05,2.076598408048825e-05,46858.01667277155,5000.0,54067.643627991,2318.401002613937,54117.326898991945
2023-08-09 17:09:44+00:00,39.75922071235856,-75.79008396663666,-2318.999548976898,40.016470922655,-75.29693253551332,13.045440996347091,2.0260526414187427e-05,2.0782036366316143e-05,46909.26511199949,5000.0,54081.39769369736,2318.6563870035725,54131.07927932757
2023-08-09 17:09:45+00:00,39.75922157619662,-75.78967832388295,-2320.6440212204607,40.0678815947062,-75.29956010902896,6.71445024420806,2.0269060197342383e-05,2.0763793924083025e-05,46959.25691162783,5000.0,54080.41864904557,2319.7891382605108,54130.14966635532
2023-08-09 17:09:46+00:00,39.75922278137236,-75.78926696887791,-2322.197608079669,40.06785974335372,-75.29914987201302,6.613687276483517,2.028619235122411e-05,2.0795911883560988e-05,46949.84058509176,5000.0,54078.6928697113,2321.044082066752,54128.47927041237
2023-08-09 17:09:47+00:00,39.75922536599155,-75.78885270930992,-2323.5972430356733,40.06783082387872,-75.29873462697454,6.686797354272635,2.0283061436768164e-05,2.082143133618628e-05,46930.71093659981,5000.0,54076.847970810064,2322.049157534865,54126.67917716838
2023-08-09 17:09:48+00:00,39.75922924354916,-75.78843695691994,-2324.8155279235634,40.0677923494713,-75.29831514127468,6.889866859566705,2.028014955364427e-05,2.082334918965073e-05,46965.4859416113,5000.0,54074.65321885283,2322.864914574675,54124.52144962164
2023-08-09 17:09:49+00:00,39.75923621004922,-75.78801994978349,-2325.9162348477066,40.06773870375821,-75.29789234434006,7.273339661475671,2.028284848278954e-05,2.0833981293963396e-05,47008.92891250405,5000.0,54071.641283959856,2323.58576218014,54121.54323312888
2023-08-09 17:09:50+00:00,39.7592452736681,-75.78760098583929,-2326.987704970228,40.067667408402734,-75.2974668789405,7.710762565711096,2.028987147266041e-05,2.085329711600067e-05,47028.93425458722,5000.0,54068.96341704074,2324.5601540364755,54118.909679547534
2023-08-09 17:09:51+00:00,39.75925575050698,-75.78717701703519,-2327.92536082532,40.06757055270548,-75.29703807793626,8.202462924742568,2.028347729293504e-05,2.0861214730079623e-05,47027.21780322352,5000.0,54065.97139374435,2325.5364988123583,54115.96236561345
2023-08-09 17:09:52+00:00,39.75926850876101,-75.78675397887291,-2328.725788145308,40.06744904291243,-75.29660790189816,8.688377588479886,2.0296657517498524e-05,2.085355928560915e-05,47076.15502099434,5000.0,54062.55151989961,2326.628697292743,54112.59260040001
2023-08-09 17:09:53+00:00,39.75928496927445,-75.78632909004273,-2329.5880968703063,40.067306878124704,-75.29617771028123,9.08833271605898,2.03035903699503e-05,2.087086803006565e-05,47106.56120240627,5000.0,54059.08012186468,2327.726350395633,54109.17162168084
2023-08-09 17:09:54+00:00,39.75930296147787,-75.78590715182699,-2330.3978910736278,40.06714068161662,-75.29574803539685,9.438854383822736,2.0304982167189823e-05,2.0896390622265505e-05,47172.622182691215,5000.0,54055.61875608339,2328.560349852444,54105.74934705128
2023-08-09 17:09:55+00:00,39.75932657577047,-75.78548967246114,-2331.010445066559,40.06692567431182,-75.29531884197435,9.906456996844543,2.0327407593413418e-05,2.0899182641199346e-05,47231.86131281616,5000.0,54051.39806242226,2328.8588608364203,54101.54541319611
2023-08-09 17:09:56+00:00,39.75935118323726,-75.78507556678657,-2331.7276676349466,40.066682698831606,-75.29489353574118,10.367390803744742,2.0350358808471172e-05,2.0923955764080773e-05,47231.72213908184,5000.0,54047.85513325352,2329.758960551711,54098.04452398839
2023-08-09 17:09:57+00:00,39.75938329993414,-75.78466840603954,-2332.482839559938,40.06641816713895,-75.29447212172096,10.724557266858854,2.0368581678054063e-05,2.094193117759219e-05,47292.4861917352,5000.0,54044.37717915563,2330.657115563929,54094.60848618064
2023-08-09 17:09:58+00:00,39.7594261387061,-75.78426860713125,-2333.376530790364,40.066127156076575,-75.29405287830312,10.96216765865638,2.0370333998448683e-05,2.094973997809908e-05,47328.224169992754,5000.0,54040.474880870446,2331.828283864255,54090.760287644494
2023-08-09 17:09:59+00:00,39.759473019972944,-75.78387617996755,-2334.0560622863804,40.06581035089545,-75.29363709063949,11.151179898868769,2.03802160456778e-05,2.094383839466637e-05,47296.83954504777,5000.0,54036.97310210709,2332.813527683445,54087.30424963688
2023-08-09 17:10:00+00:00,39.75952982299071,-75.78349322246825,-2335.094839269585,40.06548572967971,-75.293226036821,11.193420186752055,2.037814961103377e-05,2.0942288659746883e-05,47277.019410301386,5000.0,54033.526058707765,2334.095474517492,54083.91572381953
2023-08-09 17:10:01+00:00,39.75958852217771,-75.7831172877386,-2336.186247871248,40.06508165980486,-75.29281145278108,11.220622757961392,2.0383530676533286e-05,2.094757043190156e-05,47309.82620585003,5000.0,54029.96165036384,2335.416008913528,54080.41164668106
2023-08-09 17:10:02+00:00,39.75965507347146,-75.78274734705234,-2337.3229436965203,40.06461819257835,-75.29239140295805,11.243332078468663,2.0391796211135613e-05,2.0962639874564803e-05,47311.47811073402,5000.0,54025.95901624559,2336.7586823639613,54076.47074989872
2023-08-09 17:10:03+00:00,39.75972429410777,-75.7823812827569,-2338.455472323973,40.06406472393336,-75.29195672215045,11.383614457803692,2.0412127217944787e-05,2.097089092788507e-05,47352.441230407705,5000.0,54022.27447379921,2338.4896761119203,54072.86448199115
2023-08-09 17:10:04+00:00,39.75979173381281,-75.78201943277855,-2339.4444641426544,40.06343672133459,-75.2915026045727,11.610253914602366,2.044146246449042e-05,2.0997390370583443e-05,47376.78299353751,5000.0,54018.71762532279,2339.893426227284,54069.37169165609
2023-08-09 17:10:05+00:00,39.75985944202955,-75.78165900400845,-2340.468661000017,40.06274928987619,-75.29102909190973,11.902358222282585,2.046017059065036e-05,2.102644796536717e-05,47440.01927901767,5000.0,54015.46042674249,2341.179134225537,54066.1732033211
2023-08-09 17:10:06+00:00,39.7599263406706,-75.78130293066093,-2341.3824930364503,40.06207367012221,-75.29054628490086,12.214589868748568,2.0475007166948865e-05,2.103711034417409e-05,47482.75448255433,5000.0,54013.19816877942,2342.2767781810144,54063.960610793605
2023-08-09 17:10:07+00:00,39.76000151204002,-75.78094439215084,-2342.2299258821968,40.06144487995318,-75.29005979037484,12.426414613307154,2.0465369361175686e-05,2.1052722848178623e-05,47482.82277824813,5000.0,54010.4250291601,2343.1594628427893,54061.22832584211
2023-08-09 17:10:08+00:00,39.7600776679661,-75.78058505558579,-2343.17823456267,40.06078769702159,-75.28955311665266,12.599941739170728,2.047891639655684e-05,2.104697399244905e-05,47458.59156829327,5000.0,54007.69752599262,2344.1306314213366,54058.54548983238
2023-08-09 17:10:09+00:00,39.76015930316012,-75.78021993536778,-2343.9908096256067,40.06008801027429,-75.28902046505152,12.849889203707834,2.04856373207378e-05,2.1055977257227843e-05,47494.3095298062,5000.0,54004.47384069506,2345.0289749927283,54055.36380142004
2023-08-09 17:10:10+00:00,39.7602438570968,-75.77985260269695,-2344.863127843318,40.05932669832539,-75.28845729935854,13.195149764374094,2.047233690952452e-05,2.1081771374393925e-05,47457.24999589333,5000.0,54000.78095494456,2346.1445449452112,54051.722802975295
2023-08-09 17:10:11+00:00,39.76032889878377,-75.77948449114447,-2345.65363713958,40.05860695047624,-75.28789116035624,13.444308904043472,2.048039624253857e-05,2.10691556308472e-05,47455.44394440719,5000.0,53996.92576270712,2347.176048976888,54047.91603039098
2023-08-09 17:10:12+00:00,39.76041880567291,-75.77911570233545,-2346.553950080565,40.05791249813118,-75.287322897486,13.638645363389596,2.047588547822801e-05,2.108183622305716e-05,47486.67694387084,5000.0,53992.91305966326,2348.202927872447,54043.95172134273
2023-08-09 17:10:13+00:00,39.760516959609824,-75.77874793761202,-2347.372715121175,40.05728283409947,-75.28676164957764,13.7219493115641,2.049864502861396e-05,2.107685480480772e-05,47523.99482163532,5000.0,53988.17815938355,2349.0614416870285,54039.258605444986
2023-08-09 17:10:14+00:00,39.76061968075773,-75.77837907209303,-2348.266731449184,40.05672463457949,-75.28621201517095,13.657699026059031,2.053117617909589e-05,2.1076184157063428e-05,47518.64817658296,5000.0,53983.44257584619,2350.113352589626,54034.57323889681
2023-08-09 17:10:15+00:00,39.76072787898247,-75.77801023813858,-2349.181050862392,40.05610347986534,-75.28563536065496,13.648321378260905,2.053592833416095e-05,2.1081044693189095e-05,47576.40367661227,5000.0,53978.420784539725,2351.2838195078025,54029.60712417507
2023-08-09 17:10:16+00:00,39.76083859303853,-75.77764035810767,-2350.1744270071467,40.05552114392504,-75.28506230108202,13.582030567574606,2.056151607965037e-05,2.108557949259776e-05,47615.110590985794,5000.0,53972.92946546427,2352.3735364212557,54024.16844652805
2023-08-09 17:10:17+00:00,39.76095660024322,-75.77726992590672,-2351.1055906952115,40.05491178196712,-75.28447425624448,13.521946621749748,2.0593470756088e-05,2.1112367787904685e-05,47672.03027945945,5000.0,53966.918769637,2353.45286542445,54018.2104653456
2023-08-09 17:10:18+00:00,39.76107698195772,-75.77690420792524,-2352.1964755360764,40.05423244235708,-75.28385525923808,13.472779937898895,2.059598909763173e-05,2.1108171230252344e-05,47707.19943684616,5000.0,53961.18574125746,2354.4745570715804,54012.527408392816
2023-08-09 17:10:19+00:00,39.76120209529469,-75.7765340584707,-2353.0913539142634,40.05348246253116,-75.28320528229409,13.495829287135182,2.059299546157591e-05,2.112867244530648e-05,47726.11097590917,5000.0,53954.86675586223,2355.425090203912,54006.25587835551
2023-08-09 17:10:20+00:00,39.76133213475035,-75.7761571883596,-2354.1033532958,40.05269063630419,-75.28252827348464,13.623889848512642,2.0602571994829143e-05,2.1134273011603357e-05,47783.145482723,5000.0,53947.33701557299,2356.5481642262525,53998.78230406802
2023-08-09 17:10:21+00:00,39.76147036693155,-75.77577660898064,-2355.0498930073754,40.0519896819301,-75.28187073159602,13.6018186530278,2.0614252291330652e-05,2.1142672352481363e-05,47839.04246810336,5000.0,53939.5974671863,2357.678823633863,53991.099492022775
2023-08-09 17:10:22+00:00,39.76160926940756,-75.77539616606606,-2356.1903460986778,40.05129810152898,-75.2812082885368,13.484302021470462,2.062922913310703e-05,2.113867763572061e-05,47859.16036043774,5000.0,53931.80313189332,2359.0882084873338,53983.37416494751
2023-08-09 17:10:23+00:00,39.761753599999935,-75.77501153721332,-2357.298050808443,40.05055385677671,-75.28051689466683,13.405034096940362,2.0644032822231184e-05,2.113534521393476e-05,47867.51363661298,5000.0,53922.61416301201,2360.4566923035763,53974.25380650765
2023-08-09 17:10:24+00:00,39.76190655193193,-75.77461460975115,-2358.223262480148,40.04984660973849,-75.27982574690346,13.358801892659546,2.067343204694873e-05,2.114851286929151e-05,47969.15625227217,5000.0,53912.29819616127,2361.46900874468,53963.99200088032
2023-08-09 17:10:25+00:00,39.76206619481003,-75.77419905164369,-2359.1263188553758,40.04908686699863,-75.2790989630827,13.498795194861431,2.0683021175529156e-05,2.1161639094054583e-05,48007.19897096222,5000.0,53900.49125829808,2362.4562430967903,53952.23959564992
2023-08-09 17:10:26+00:00,39.76223042841671,-75.77376972296048,-2359.7885759766014,40.048309446765074,-75.27835807383747,13.786166282592385,2.0669063452781324e-05,2.116647175835283e-05,48045.51575964499,5000.0,53886.48366471924,2363.3036921505377,53938.28256525588
2023-08-09 17:10:27+00:00,39.762400051761134,-75.7733239889187,-2360.318533344408,40.047536764245415,-75.27762896013559,14.172828087840369,2.067428410299928e-05,2.1183912021497264e-05,48021.35107655788,5000.0,53870.70588000547,2364.0026675135286,53922.550576007314
2023-08-09 17:10:28+00:00,39.76257567694765,-75.7728695657809,-2360.7098572133627,40.04684675927411,-75.27694615513657,14.52596218857306,2.0695693605301813e-05,2.118831887447912e-05,48021.24536181521,5000.0,53853.4072912084,2364.475425018434,53905.28935928547
2023-08-09 17:10:29+00:00,39.76276002332671,-75.77240849251953,-2361.013890527228,40.04610804299344,-75.27628377851578,14.942499971813383,2.071700295346649e-05,2.1193250696543178e-05,48042.10963204214,5000.0,53833.77337900215,2365.1491326923874,53885.703917102495
2023-08-09 17:10:30+00:00,39.76295193732779,-75.77193649317488,-2361.272428810856,40.0453981498044,-75.27566054245982,15.343990828342283,2.0733584847095293e-05,2.1192795216070872e-05,48121.36774215902,5000.0,53811.88597913408,2365.602449348132,53863.85752598573
2023-08-09 17:10:31+00:00,39.76315147753354,-75.77146612470514,-2361.456860352666,40.04484933653266,-75.27509439045575,15.64204072949662,2.0753592190372236e-05,2.119264050226205e-05,48088.94804099718,5000.0,53788.606820421526,2365.937365943078,53840.61555462997
2023-08-09 17:10:32+00:00,39.7633582774082,-75.77099351171756,-2361.5971302698263,40.04419672379797,-75.2745537731785,16.011130964817465,2.0791287655991903e-05,2.1184399246978924e-05,48112.453300313406,5000.0,53763.41273152184,2366.372696741953,53815.46495460064
2023-08-09 17:10:33+00:00,39.763575774113946,-75.77052721980088,-2361.7448916148887,40.04368064455717,-75.27405519014032,16.26495478738637,2.0790881905325174e-05,2.121140579465596e-05,48172.44198392207,5000.0,53736.75966588208,2366.5761802037946,53788.846633902445
2023-08-09 17:10:34+00:00,39.76380199478885,-75.77007016839306,-2361.854488704039,40.043313609370095,-75.27358768608197,16.40636417318744,2.083952039821629e-05,2.120879939350512e-05,48239.90471073833,5000.0,53709.303170277,2366.959793014189,53761.433627633785
2023-08-09 17:10:35+00:00,39.76403525916925,-75.76961938742136,-2362.0954530296585,40.04298493205408,-75.27314522102604,16.45640659065733,2.0835826701836e-05,2.124702595773257e-05,48267.574559206325,5000.0,53680.438690582094,2368.077845201526,53732.64641439389
2023-08-09 17:10:36+00:00,39.76427635501412,-75.76917966916935,-2362.5516759493503,40.04271039518342,-75.27272485990324,16.374843456140198,2.0855998167179143e-05,2.1262946981807506e-05,48246.372480460144,5000.0,53650.79358148643,2369.0857685056503,53703.07457959741
2023-08-09 17:10:37+00:00,39.764532037436645,-75.76874825779672,-2363.048597179109,40.04258400121818,-75.27231433064998,16.123835396743875,2.0862518846456116e-05,2.1265516247117728e-05,48225.6015794404,5000.0,53619.27516046679,2369.348103649192,53671.59844061025
2023-08-09 17:10:38+00:00,39.76479107820905,-75.76832521692745,-2363.55886514948,40.042257194940994,-75.27194079697956,15.891969939650725,2.0858322235119744e-05,2.1261626308494347e-05,48258.17169257349,5000.0,53587.02989057018,2369.7588763585904,53639.402770956935
2023-08-09 17:10:39+00:00,39.76505703507451,-75.76791111966176,-2364.2023358154397,40.04196776124988,-75.27158323946782,15.572664432774294,2.087188270939237e-05,2.125892175956144e-05,48256.78741607677,5000.0,53554.23688031313,2370.033343739358,53606.65393291329
2023-08-09 17:10:40+00:00,39.76531873110848,-75.76751037851561,-2364.9515360067808,40.04079694821966,-75.27136357692417,15.66912837124178,2.089085838754991e-05,2.1290973303697195e-05,48245.78161756771,5000.0,53521.791109298174,2370.5097381614296,53574.26098385369
2023-08-09 17:10:41+00:00,39.76558620858864,-75.76712565418732,-2365.738185998901,40.04019639947848,-75.27109407295426,15.446049375053764,2.0906183447998345e-05,2.129796880400307e-05,48287.89953909713,5000.0,53489.09439679056,2370.8464203165618,53541.61122096999
2023-08-09 17:10:42+00:00,39.76585689654672,-75.76675721465332,-2366.4951550845494,40.0397085883008,-75.27082976426126,15.100552520573665,2.091743380237085e-05,2.1317605039159703e-05,48255.32428815746,5000.0,53456.63790951821,2371.1778357644016,53509.20127340867
2023-08-09 17:10:43+00:00,39.76613478991459,-75.76640240739216,-2367.304306365263,40.03942036635521,-75.27055077586722,14.589851694682908,2.092899162059113e-05,2.132052215851024e-05,48230.20628009963,5000.0,53423.61832771487,2371.5412683872546,53476.230263669626
2023-08-09 17:10:44+00:00,39.76642144470635,-75.76605984712137,-2368.4309131901155,40.03908623239049,-75.27028991809563,14.034732213077866,2.092048458759153e-05,2.1328097719188643e-05,48260.46192566907,5000.0,53389.97137566288,2372.1369869887403,53442.642874198704
2023-08-09 17:10:45+00:00,39.76642687544769,-75.76589716526587,-2369.679142887041,40.07035829457288,-75.28144304963533,11.058362145601448,2.09392733255071e-05,2.132048710515488e-05,48256.50452041769,5000.0,53387.13540419364,2372.830000418755,53439.840464550354
2023-08-09 17:10:46+00:00,39.76643914855557,-75.76574882415441,-2370.9425322298357,40.070357120027325,-75.28128502007577,10.672481045404622,2.097765770797262e-05,2.132130718051143e-05,48218.680754264285,5000.0,53383.8988261784,2373.7016415712983,53436.6457907572
2023-08-09 17:10:47+00:00,39.76645345923144,-75.7656173885861,-2372.250636134469,40.07035547322728,-75.28113930874795,10.356989356638127,2.0972585187693037e-05,2.1326413260004297e-05,48246.6970430932,5000.0,53380.401501766064,2374.7888613515647,53433.200228189104
2023-08-09 17:10:48+00:00,39.76647469942901,-75.76550082757956,-2373.353554502267,40.07035097263326,-75.28100305652077,10.1130964775027,2.097446264658548e-05,2.134854777265717e-05,48284.18865512223,5000.0,53376.01911549641,2375.580030258731,53428.85734411697
2023-08-09 17:10:49+00:00,39.766496989844185,-75.76539315276743,-2374.623518211213,40.07034368305962,-75.28087519305247,9.8448424220606,2.0990554615421786e-05,2.1347019491866502e-05,48285.28829422514,5000.0,53372.07337947979,2376.338108254574,53424.94922439626
2023-08-09 17:10:50+00:00,39.766521350607405,-75.76529793025422,-2375.8860165614838,40.070330319378265,-75.28075637399891,9.600427033195327,2.1010459827253477e-05,2.1351703432296115e-05,48295.44591609651,5000.0,53367.53267836847,2377.119334969268,53420.44777526122
2023-08-09 17:10:51+00:00,39.76655205596987,-75.76521913756764,-2377.120664824612,40.07031444738499,-75.2806494694486,9.2129757579798,2.1035481296387243e-05,2.135824017861897e-05,48297.24745569034,5000.0,53362.70635842602,2377.79784802605,53415.65643612065
2023-08-09 17:10:52+00:00,39.76658970679365,-75.76515317845156,-2378.525234725573,40.07028171018969,-75.28054693765526,8.88768310682278,2.1027005099071868e-05,2.1344306227224172e-05,48322.22732370795,5000.0,53356.95908482602,2378.8629156362285,53409.96228749078
2023-08-09 17:10:53+00:00,39.76663316758084,-75.76510356920477,-2379.9230276063818,40.07024833747634,-75.28045809881405,8.39433146704398,2.1029785961006152e-05,2.1347046150638687e-05,48371.80088255243,5000.0,53350.77043646758,2379.8446491725526,53403.82352153129
2023-08-09 17:10:54+00:00,39.76668529135987,-75.76507278668416,-2381.5121845110134,40.07021149534471,-75.28038362205346,7.731334690271703,2.101070561255753e-05,2.135149423836797e-05,48393.52131951677,5000.0,53344.52866995596,2380.756733258984,53397.62861441237
2023-08-09 17:10:55+00:00,39.76674402078456,-75.76506028253833,-2383.034221726838,40.070167908111465,-75.28032180445919,6.900081070790671,2.103774165369682e-05,2.134915007548716e-05,48379.2735325449,5000.0,53338.07643797085,2381.883690172393,53391.2330632692
2023-08-09 17:10:56+00:00,39.76681123148919,-75.7650560386765,-2384.5768134360096,40.06997882114718,-75.28021719350309,6.809658299231232,2.1050341245961478e-05,2.1362459948368312e-05,48411.421273633554,5000.0,53330.17015037117,2382.981521396048,53383.38364321669
2023-08-09 17:10:57+00:00,39.76688125468611,-75.76506435424952,-2386.228825828807,40.06985396318184,-75.28014663557919,6.216369806366078,2.1038649484270087e-05,2.135601408245548e-05,48392.66471661187,5000.0,53321.84201854815,2384.1822375783217,53375.11743493396
2023-08-09 17:10:58+00:00,39.76695772557606,-75.76508812671682,-2387.84140924424,40.06972459356541,-75.28008676749002,5.533309062741672,2.106642458759492e-05,2.1371947749771752e-05,48425.08617678966,5000.0,53313.20477071092,2385.642998405344,53366.5540899878
2023-08-09 17:10:59+00:00,39.767030457396565,-75.7651242561409,-2389.598413792417,40.06956851828781,-75.28003311590462,4.8071686628261165,2.1048352174208228e-05,2.1388593819242075e-05,48489.019145921775,5000.0,53305.094773313926,2387.0126684955594,53358.513456350505
2023-08-09 17:11:00+00:00,39.76710648246771,-75.76517508157639,-2391.567311163797,40.0694018349008,-75.27999202071759,3.913691319259448,2.1063478409282572e-05,2.140118953792434e-05,48517.82325643546,5000.0,53296.97472892086,2388.620791543308,53350.47351749581
2023-08-09 17:11:01+00:00,39.767179055347015,-75.76523824006098,-2393.4223686980995,40.06915204478996,-75.27993215627698,3.159759848053183,2.1077441265162124e-05,2.1412556733790543e-05,48536.39482041211,5000.0,53289.57679583165,2389.9862213997794,53343.14416321295
2023-08-09 17:11:02+00:00,39.76725095319971,-75.76531249836515,-2395.460479981254,40.06885139393384,-75.27986196435894,2.4495817832514084,2.109088380011628e-05,2.1420426216107948e-05,48543.37917771798,5000.0,53282.79912370502,2391.21996236588,53336.4285958998
2023-08-09 17:11:03+00:00,39.76732241479675,-75.7653902606688,-2397.251684968247,40.0685437110178,-75.27979286887435,1.690279642683234,2.1107346062136527e-05,2.14329487643331e-05,48544.658591089006,5000.0,53276.27516374611,2392.6536650819025,53329.975500502725
2023-08-09 17:11:04+00:00,39.76739322624803,-75.76546944592808,-2399.2358779784163,40.06813847745881,-75.27968357508252,1.2094499823656308,2.1112691830281943e-05,2.1445043700089156e-05,48650.65192846191,5000.0,53269.88822575705,2394.250349417094,53323.66666237735
2023-08-09 17:11:05+00:00,39.76746488956914,-75.76554343449382,-2401.0052909037954,40.067592856293295,-75.27951135738452,1.1387708347294494,2.1117819306112288e-05,2.144845735035985e-05,48778.31728781584,5000.0,53262.95671594777,2395.3510856863318,53316.79158528412
2023-08-09 17:11:06+00:00,39.76753987559111,-75.76561570867773,-2402.781207804722,40.06711733607792,-75.27935820788765,0.8880667233517845,2.114347727770099e-05,2.147768027479961e-05,48811.427773309966,5000.0,53255.71944709702,2396.3447313763054,53309.606281602784
2023-08-09 17:11:07+00:00,39.76762028012386,-75.76568691202685,-2404.519614178132,40.06671876491093,-75.27922997932279,0.4653881890472853,2.115618879611264e-05,2.148696137831012e-05,48814.02708999237,5000.0,53248.172564743065,2397.5196577127203,53302.11986397703
2023-08-09 17:11:08+00:00,39.76770377265576,-75.76576349955553,-2406.192772416337,40.0663320955853,-75.27910480689214,0.0439358211196769,2.117331992983945e-05,2.1507286438205748e-05,48862.19450031849,5000.0,53240.69864107159,2398.544055662005,53294.69959926929
2023-08-09 17:11:09+00:00,39.76778826894248,-75.76584241215153,-2407.659391927832,40.06596160376704,-75.2789876309578,-0.4103592445184238,2.117932119769853e-05,2.154374206850083e-05,48890.19149539491,5000.0,53233.27901889671,2399.5788644766376,53287.33408447594
2023-08-09 17:11:10+00:00,39.76787946015463,-75.7659152760034,-2409.0992004764958,40.06555416382319,-75.27885434366415,-0.7153517794214405,2.1208524581064904e-05,2.152156019730045e-05,48957.30594707841,5000.0,53224.95757228663,2400.4349298514503,53279.05964282931
2023-08-09 17:11:11+00:00,39.7679795610327,-75.7659834499544,-2410.265276626788,40.06504230606499,-75.27867604056786,-0.6775909936629966,2.121889695843338e-05,2.1530897506952295e-05,48987.487172515335,5000.0,53215.85061340724,2401.066538077611,53269.99039824159
2023-08-09 17:11:12+00:00,39.76808612757047,-75.76605446163357,-2411.4697963420717,40.06463802425709,-75.27854004318519,-0.7791684413668509,2.120749028661272e-05,2.1535378973196493e-05,49046.064578613936,5000.0,53206.5532275773,2401.77377235536,53260.73435104505
2023-08-09 17:11:13+00:00,39.76819653623372,-75.76612764075924,-2412.4759143720357,40.06433889859136,-75.27845208214211,-1.026869591524212,2.1185074964403782e-05,2.153967019451397e-05,49089.01303408055,5000.0,53197.329653108005,2402.5299377534643,53251.5542714318
2023-08-09 17:11:14+00:00,39.76831329282033,-75.76619891979679,-2413.5828279745533,40.06398820268315,-75.27835490789187,-1.1208508209401549,2.119516178259414e-05,2.1529733454452565e-05,49122.81140301545,5000.0,53187.36290646388,2403.701503549516,53241.650555388085
2023-08-09 17:11:15+00:00,39.7684331665924,-75.76626982750092,-2414.3657495823354,40.06356499405024,-75.27824128885236,-1.0571040656280808,2.1197714884247472e-05,2.155336718671265e-05,49178.700087579295,5000.0,53177.24943748144,2404.448125942279,53231.58111991853
2023-08-09 17:11:16+00:00,39.76855691566334,-75.76634144320917,-2415.0876843548263,40.0631540283607,-75.2781436639273,-0.9685406837915942,2.1196506264285504e-05,2.1557406650422435e-05,49226.85609914282,5000.0,53167.09850105059,2405.3822510205114,53221.48275643906
2023-08-09 17:11:17+00:00,39.76868499062154,-75.76641398822107,-2415.628330565378,40.06271050778516,-75.27804699699011,-0.7331374419650953,2.121051501095649e-05,2.1557941991056054e-05,49245.22493954237,5000.0,53156.9305302079,2405.989047806216,53211.35261099376
2023-08-09 17:11:18+00:00,39.76881823038413,-75.76648694804129,-2416.237642667973,40.06226556526669,-75.27796104580548,-0.4642854099575501,2.123094104429593e-05,2.156879333119025e-05,49280.78447139457,5000.0,53146.82363986626,2406.645676828833,53201.28575909464
2023-08-09 17:11:19+00:00,39.76895311382592,-75.76656473594427,-2416.8545623115424,40.06186899688461,-75.27790006120695,-0.3164405717856762,2.124614671942934e-05,2.1601777500645143e-05,49352.78674400976,5000.0,53136.99955430434,2407.414399351648,53191.506518657145
2023-08-09 17:11:20+00:00,39.76909431372813,-75.76664804685277,-2417.4166711154057,40.06146077578301,-75.27784979462608,-0.1704055955185986,2.1258193166482327e-05,2.161364374253983e-05,49432.59854414152,5000.0,53127.557778990646,2408.1898900092287,53182.10953042698
2023-08-09 17:11:21+00:00,39.76923592974872,-75.7667371551156,-2418.0185368886023,40.06108690717448,-75.2778200128452,-0.0971220199824465,2.125724769281234e-05,2.1623057626120912e-05,49468.69446837433,5000.0,53119.00526952507,2409.0753889532866,53173.60590606483
2023-08-09 17:11:22+00:00,39.769384296268925,-75.76682632249064,-2418.659467424592,40.0606671422028,-75.27778817871479,-0.0079349230668086,2.125769628959213e-05,2.1649871430709252e-05,49469.91118161404,5000.0,53110.60630710846,2409.969525307979,53165.25609288064
2023-08-09 17:11:23+00:00,39.769534738395,-75.76692149920483,-2419.0280829193084,40.06017701887026,-75.2777485645093,0.1973086103328568,2.1282709351397856e-05,2.167329865795357e-05,49538.146960014565,5000.0,53102.93748519755,2410.4292933098013,53157.616001235845
2023-08-09 17:11:24+00:00,39.769688428655805,-75.76701556141748,-2419.486668216343,40.059773260105295,-75.27773503308742,0.3395913865750751,2.129078031080731e-05,2.166663802146869e-05,49634.192399304295,5000.0,53095.30678171567,2411.0801891558745,53150.02267095511
2023-08-09 17:11:25+00:00,39.769845246185085,-75.76711250375482,-2420.052002308572,40.059301701676176,-75.27771817357696,0.5165169406001777,2.1289929063708435e-05,2.1701119557289376e-05,49615.07623376536,5000.0,53088.11840497558,2411.719291373612,53142.87069514678
2023-08-09 17:11:26+00:00,39.770005354784246,-75.76721475123273,-2420.529420156848,40.05891434810665,-75.27772689340907,0.5908475296778756,2.131563533419013e-05,2.168976047237975e-05,49622.2506097711,5000.0,53081.41611587397,2412.361705924507,53136.20447366161
2023-08-09 17:11:27+00:00,39.770169351656726,-75.76732458472057,-2421.0040341154927,40.058607673835766,-75.27776130278961,0.572757053947679,2.133138725797648e-05,2.1720757745119803e-05,49643.14398587317,5000.0,53075.575890953645,2412.824480514954,53130.39128531006
2023-08-09 17:11:28+00:00,39.77033550778704,-75.76744241882218,-2421.54489803821,40.05826465120272,-75.27780210815473,0.562974344987394,2.134893353430231e-05,2.175178411210194e-05,49684.95574488696,5000.0,53070.31665511936,2413.109909578431,53125.15044035495
2023-08-09 17:11:29+00:00,39.77050454143109,-75.76756644354819,-2421.941306981128,40.05796569506369,-75.27786140916625,0.4934745977504186,2.1346914128755543e-05,2.177340844675542e-05,49729.93787272456,5000.0,53065.934117438,2413.317363214712,53120.78185090901
2023-08-09 17:11:30+00:00,39.77067853143019,-75.76769872228998,-2422.4098349448523,40.05742904270514,-75.27790002488682,0.598043505528578,2.135570760888524e-05,2.1783458465333336e-05,49722.82634616611,5000.0,53062.24592273964,2413.743302599428,53117.11681836791
2023-08-09 17:11:31+00:00,39.770857157048056,-75.7678334409896,-2423.06224716086,40.056871208021455,-75.27794610285592,0.7102989402491731,2.1362451579866687e-05,2.1794682549796435e-05,49707.36388601399,5000.0,53058.75811527434,2414.303735685304,53113.65808587594
2023-08-09 17:11:32+00:00,39.77104196176116,-75.76796908750114,-2423.6269547381507,40.05616764277296,-75.27798328265857,0.9192512493683204,2.139617756391529e-05,2.1807523381893e-05,49730.596416279615,5000.0,53055.00539411473,2414.9212906173466,53109.93732070694
2023-08-09 17:11:33+00:00,39.77122849027418,-75.76810452259764,-2424.021501019024,40.05557814505731,-75.27803869915225,1.0270923643783292,2.140187058562752e-05,2.182084126214125e-05,49785.955515774775,5000.0,53051.52506116956,2415.648849009858,53106.49367711659
2023-08-09 17:11:34+00:00,39.77141693804133,-75.76823933208506,-2424.500630228797,40.05512187419196,-75.27811349435727,1.0549829082992273,2.1406661876339013e-05,2.181504433080523e-05,49828.022733749945,5000.0,53047.95084442354,2416.379591361883,53102.956406606274
2023-08-09 17:11:35+00:00,39.77160695586934,-75.76837676651883,-2424.9517982452776,40.05463538434884,-75.278192775194,1.096458470982944,2.1411352311022555e-05,2.1822644870206905e-05,49867.63350331478,5000.0,53044.61812770261,2417.179420904413,53099.66354570093
2023-08-09 17:11:36+00:00,39.771802460322505,-75.76851868239967,-2425.3860357695366,40.054264503998205,-75.27829074697195,1.048075188836929,2.1412943466303375e-05,2.18257751098547e-05,49931.92011661088,5000.0,53041.239937390856,2417.76477700291,53096.31550882587
2023-08-09 17:11:37+00:00,39.771997467635714,-75.76866633193157,-2425.707725926128,40.05386376013485,-75.2783951196398,0.9919556045714356,2.1412481488032425e-05,2.1845694281970983e-05,49971.67831136788,5000.0,53038.20764567559,2418.365641672434,53093.31372821461
2023-08-09 17:11:38+00:00,39.77219801896422,-75.76881486476533,-2426.0720422540085,40.05327532593064,-75.27849474975542,0.9854000961423868,2.140852404363261e-05,2.185830450281617e-05,50090.70992946624,5000.0,53035.1923758916,2418.863821483704,53090.32428357086
2023-08-09 17:11:39+00:00,39.77239793909893,-75.76896083264798,-2426.4763875867684,40.05252486321096,-75.27859075564689,1.046076055629785,2.143345402629019e-05,2.1874123027579773e-05,50103.692406053575,5000.0,53031.95915096611,2419.388060855229,53087.11830546792
2023-08-09 17:11:40+00:00,39.772596526688346,-75.76910904768152,-2426.838860811002,40.05182050407445,-75.27869349155145,1.1117568055818832,2.1441436936722813e-05,2.1897575370954823e-05,50169.36924028826,5000.0,53029.09419170595,2419.8682444858027,53084.278210346725
2023-08-09 17:11:41+00:00,39.77279386485724,-75.76925553693312,-2427.100572110307,40.0509382318864,-75.27879032604669,1.2346285991354504,2.143882237201007e-05,2.191079471101849e-05,50226.326618102605,5000.0,53026.05320629526,2420.166786108175,53081.25399714514
2023-08-09 17:11:42+00:00,39.77298730512624,-75.76939428359265,-2427.3878597262933,40.049985460358194,-75.27888448878542,1.354161549369041,2.143964240108362e-05,2.1926936231899667e-05,50300.03563707298,5000.0,53022.969780601175,2420.382056136268,53078.18359413039
2023-08-09 17:11:43+00:00,39.77317747888864,-75.76952800965594,-2427.7229557469645,40.0488896461128,-75.27897153930515,1.485094641992433,2.1443856330483954e-05,2.1957421507046097e-05,50326.17412528087,5000.0,53019.86715654557,2420.976417832812,53075.111305709404
2023-08-09 17:11:44+00:00,39.77336156104982,-75.76965586659381,-2428.09753786665,40.04751616048083,-75.27904718510568,1.6741956496216328,2.1436662974260583e-05,2.1965946738190828e-05,50376.889289259554,5000.0,53016.48289699535,2421.403571637432,53071.750056165845
2023-08-09 17:11:45+00:00,39.77313089798077,-75.76951079368052,-2428.52877436951,40.05929692720493,-75.27218842121496,-0.2073017799231418,2.1471143090262e-05,2.1975166698966275e-05,50397.09034792615,5000.0,53022.41877509398,2421.9446315400105,53077.70443943186
2023-08-09 17:11:46+00:00,39.77288786160594,-75.76936591215801,-2429.0192420484627,40.05905191562376,-75.27203842673066,0.1379036034095371,2.149470977246816e-05,2.197018900446953e-05,50401.045446510296,5000.0,53029.21318745371,2422.657891803632,53084.52432245327
2023-08-09 17:11:47+00:00,39.77263533570238,-75.76922000551414,-2429.740884906505,40.05879615232168,-75.27188399981794,0.3461116812765005,2.1493748268653377e-05,2.1958146368867475e-05,50436.07680640297,5000.0,53036.7159885697,2423.756324002275,53092.06944139912
2023-08-09 17:11:48+00:00,39.77237451275448,-75.76907487822047,-2430.3632187869616,40.05852845219114,-75.27172675930613,0.4926647092153988,2.151660656382481e-05,2.1987892909238205e-05,50475.34947601778,5000.0,53044.65035551584,2424.5496177633013,53100.03175317246
2023-08-09 17:11:49+00:00,39.77210101894367,-75.76892925410567,-2431.0375547677468,40.058249304505566,-75.27157136910195,0.5495560584095124,2.153382923982641e-05,2.2000543293941813e-05,50459.64215638342,5000.0,53053.54090744603,2425.4442787835897,53108.953885079805
2023-08-09 17:11:50+00:00,39.77181752750524,-75.76878579718809,-2431.8176067809445,40.05795707109553,-75.27141700103535,0.5308849648296841,2.1538360634954892e-05,2.2017774830171577e-05,50499.76950128497,5000.0,53063.50510848393,2426.3898222085186,53118.95087412229
2023-08-09 17:11:51+00:00,39.77152796830845,-75.76864616503579,-2432.456134286389,40.05764712486332,-75.27126131949252,0.5032892437062008,2.1537909368613072e-05,2.20254800470458e-05,50534.11944433233,5000.0,53074.00859422141,2427.223116631485,53129.48146102499
2023-08-09 17:11:52+00:00,39.77123016814919,-75.76850625700234,-2433.1732136608643,40.05731938356637,-75.27110541968707,0.4247753439308228,2.15337258161076e-05,2.205628997768818e-05,50576.64311483218,5000.0,53084.87091458648,2428.236933052667,53140.37875873064
2023-08-09 17:11:53+00:00,39.77092652064723,-75.76836456104643,-2433.817048653047,40.05696509934731,-75.27094737532185,0.4281457264493766,2.1537916763950263e-05,2.2062758068866567e-05,50581.08906875087,5000.0,53096.44647351367,2428.621618119034,53151.95980468357
2023-08-09 17:11:54+00:00,39.77061907347532,-75.76822097093047,-2434.6620288045024,40.05658772406028,-75.27078737438833,0.4334471317787742,2.1528869982852517e-05,2.2082338099957105e-05,50621.55630554686,5000.0,53107.86991156385,2429.547825494616,53163.41363362547
2023-08-09 17:11:55+00:00,39.77030836511875,-75.76807817928031,-2435.459892860369,40.05618264741005,-75.27062499535919,0.4926095116372331,2.1551450166110515e-05,2.208214542890697e-05,50664.05285074751,5000.0,53119.43120443047,2430.2594660277286,53174.99536957609
2023-08-09 17:11:56+00:00,39.76999165293319,-75.7679328336082,-2436.2486853570394,40.05574531546729,-75.27046097270002,0.5948240743107671,2.155472437755906e-05,2.207116242756792e-05,50686.9731661116,5000.0,53131.09761251462,2430.902241359537,53186.678963981234
2023-08-09 17:11:57+00:00,39.76967518020435,-75.76778268374635,-2436.807787233012,40.05527965754447,-75.270290425436,0.7940751373751389,2.156427704950702e-05,2.2078716754315223e-05,50768.120863613,5000.0,53142.24760970596,2432.1303425091064,53197.87344447381
2023-08-09 17:11:58+00:00,39.76935801769245,-75.76762744243571,-2437.4654591963745,40.05480715524102,-75.27011563177723,0.9540896613087017,2.1554748792396744e-05,2.2103148475769543e-05,50780.92397319488,5000.0,53153.521775966976,2432.6047242911263,53209.15751008316
2023-08-09 17:11:59+00:00,39.76903726537319,-75.76746034846661,-2438.1639412760096,40.05431467186795,-75.26993617611552,1.0657742146863118,2.157630301359889e-05,2.2115973496879765e-05,50773.403912243804,5000.0,53163.963907060126,2433.093754914507,53219.61108023428
2023-08-09 17:12:00+00:00,39.76871441364376,-75.76727987065588,-2438.8167127843426,40.05375884144924,-75.26974895872205,1.3071698270621348,2.1571848891548303e-05,2.212113505732048e-05,50795.08121188152,5000.0,53173.73861491318,2433.499295123765,53229.39410801589
2023-08-09 17:12:01+00:00,39.768395835900606,-75.76708455077403,-2439.3790689459674,40.05310556690722,-75.26955351074092,1.8033327163309067,2.1567113003436997e-05,2.2105928386969812e-05,50749.31209142981,5000.0,53182.402082015135,2434.2309701564877,53238.08196797849
2023-08-09 17:12:02+00:00,39.76808351797442,-75.76688479582923,-2440.104046076884,40.05242158035514,-75.2693589027458,2.336049154765342,2.157702430763882e-05,2.212246241057809e-05,50761.545843586784,5000.0,53190.19099220896,2435.110134281409,53245.90293303088
2023-08-09 17:12:03+00:00,39.76776768636996,-75.76667552778822,-2440.69241655775,40.05178171963537,-75.2691626637819,2.6826772683893867,2.1576385740210225e-05,2.215403135213572e-05,50857.99456485655,5000.0,53197.39161607253,2435.6397108995566,53253.12024243363
2023-08-09 17:12:04+00:00,39.7674580551116,-75.76645443153397,-2441.243887384073,40.05114937337791,-75.26896210430436,2.940490263683013,2.159349824961078e-05,2.2178537360174512e-05,50870.593096016375,5000.0,53203.47372315071,2436.4829814534496,53259.23455635558
2023-08-09 17:12:05+00:00,39.767148401677744,-75.76622672286923,-2441.868586531843,40.05052711109847,-75.26875643375698,3.1065045957239983,2.1629687573483777e-05,2.2186885601925185e-05,50815.103440570434,5000.0,53209.22976321651,2437.2995602561537,53265.021929416216
2023-08-09 17:12:06+00:00,39.766835502021024,-75.76598837994425,-2442.542469866081,40.04991312282945,-75.2685461375066,3.1861103536004336,2.16389046203674e-05,2.218517355051078e-05,50861.672674350295,5000.0,53214.532250933575,2438.2817996126096,53270.36381347485
2023-08-09 17:12:07+00:00,39.76652669470485,-75.76574078522435,-2443.2132693031904,40.04926958396776,-75.26833758942992,3.264342889954409,2.164494159641757e-05,2.219658246731545e-05,50834.96908372612,5000.0,53218.94486512336,2439.04334812564,53274.806663291376
2023-08-09 17:12:08+00:00,39.76621801373842,-75.7654909143296,-2443.863551142252,40.04859458418736,-75.26813413867427,3.358103944274372,2.1640204292729383e-05,2.2207700452898818e-05,50823.71429853662,5000.0,53223.27148918101,2439.67338253106,53279.15759679857
2023-08-09 17:12:09+00:00,39.76591349023939,-75.76523887089395,-2444.288088607508,40.04787872496301,-75.26794337839135,3.5252727979052345,2.1657445455641767e-05,2.2218402442002815e-05,50848.39036224566,5000.0,53227.208618380486,2440.032624874737,53283.10704637119
2023-08-09 17:12:10+00:00,39.76561054630051,-75.76498275573395,-2444.791303945661,40.04712355869651,-75.26776391527375,3.750490429872622,2.166816332900988e-05,2.223792032754688e-05,50868.42767149784,5000.0,53230.79539680237,2440.186928200751,53286.69712809003
2023-08-09 17:12:11+00:00,39.76531206585132,-75.76472485588758,-2445.1844655602645,40.04642563094518,-75.26756761187069,3.8488426220846783,2.166223850568796e-05,2.2275546864768567e-05,50900.938862629206,5000.0,53233.61188835107,2440.5241860409064,53289.52610956719
2023-08-09 17:12:12+00:00,39.76501333808093,-75.76446498321614,-2445.588715052975,40.04572734158448,-75.26736903639356,3.9367834552392114,2.1687397407699424e-05,2.22924442093706e-05,50889.38358739148,5000.0,53236.39037723797,2440.848384856552,53292.31653095531
2023-08-09 17:12:13+00:00,39.764719326461005,-75.76420626892207,-2445.9670822999915,40.04497273749679,-75.26718486303858,4.078630491060624,2.169842334785217e-05,2.233175927476856e-05,50897.645217398094,5000.0,53238.77396456818,2441.2716650836383,53294.71700453172
2023-08-09 17:12:14+00:00,39.76442724786348,-75.76394930651033,-2446.2431458108304,40.04410116309649,-75.26703251234231,4.363549299492403,2.1716597563188212e-05,2.23262729561746e-05,50902.78754525549,5000.0,53241.27303886008,2441.622969030055,53297.229548273375
2023-08-09 17:12:15+00:00,39.76413652678299,-75.76369032686306,-2446.61116249102,40.04322610377835,-75.26687574740555,4.619434221159111,2.1716720207259373e-05,2.233347787767792e-05,50915.20264131439,5000.0,53243.52267508106,2442.1463944893703,53299.50080314063
2023-08-09 17:12:16+00:00,39.76384674219837,-75.7634261903073,-2446.949104654645,40.04249348294706,-75.26666835947445,4.670760810150387,2.1726565892994555e-05,2.231412771446364e-05,50940.40984060261,5000.0,53245.47297886,2442.730701970247,53301.47583345942
2023-08-09 17:12:17+00:00,39.76355198970195,-75.7631534455684,-2447.388101971908,40.04177214764358,-75.26644474589344,4.664917183675394,2.177543003235489e-05,2.23382679956648e-05,50961.88952242383,5000.0,53247.14947465718,2443.462353234062,53303.18410234192
2023-08-09 17:12:18+00:00,39.76325865831565,-75.76288029658214,-2447.7362435038103,40.04090214429086,-75.26624598720328,4.736603175990153,2.177242204735296e-05,2.233544139103821e-05,51030.22509937449,5000.0,53248.693366645326,2444.0352758578056,53304.75263693337
2023-08-09 17:12:19+00:00,39.7629685191308,-75.76260264122439,-2448.0825789991463,40.03972032450088,-75.26610681024127,5.004895239660545,2.178545425339365e-05,2.236901574511444e-05,51023.69092691939,5000.0,53249.92050426893,2444.4838303493093,53305.99905177465
2023-08-09 17:12:20+00:00,39.7626813996494,-75.76232137205147,-2448.358019268683,40.03856294382887,-75.26595259808852,5.209078875312489,2.181647630492304e-05,2.2361990393578223e-05,51034.82804837007,5000.0,53250.59764426286,2444.6192303001767,53306.68168862443
2023-08-09 17:12:21+00:00,39.76239361353747,-75.76204081347473,-2448.65414804734,40.03760616735297,-75.26574763453912,5.245788063033691,2.1820913849776245e-05,2.238175090345052e-05,51091.9782669669,5000.0,53251.33774524214,2444.771076235857,53307.427974655184
2023-08-09 17:12:22+00:00,39.762105445252566,-75.76175733592045,-2449.032831212907,40.03663554783266,-75.26553944563284,5.272375171935993,2.1845572921219847e-05,2.2403161367557997e-05,51153.36488975673,5000.0,53252.06617843,2445.221554405057,53308.17630272128
2023-08-09 17:12:23+00:00,39.76181764110993,-75.76147187407301,-2449.3230323724933,40.03559975700289,-75.26533975532939,5.32723775651936,2.184103509387313e-05,2.2413822285787397e-05,51211.83558002672,5000.0,53252.71474935325,2445.629470360756,53308.84290323963
2023-08-09 17:12:24+00:00,39.76153373711594,-75.76118692470007,-2449.781678340781,40.03455102361564,-75.2651380890521,5.349183858902194,2.185051907878351e-05,2.244301748363136e-05,51228.30755313869,5000.0,53253.1450148349,2446.245020347958,53309.30095837511
2023-08-09 17:12:25+00:00,39.76124888501789,-75.76090190425413,-2450.180610911182,40.033514485639806,-75.26492963044647,5.349680325874546,2.1866606479905264e-05,2.244318969617933e-05,51280.0817356362,5000.0,53253.32914691975,2446.77215046375,53309.50908783965
2023-08-09 17:12:26+00:00,39.76096515850803,-75.76062006793074,-2450.551377937461,40.03202554100039,-75.26479900756748,5.588732488645046,2.1856084317421923e-05,2.241771325577309e-05,51313.64524750175,5000.0,53253.66906388305,2447.246773315274,53309.8704325482
2023-08-09 17:12:27+00:00,39.76068264864953,-75.76034206367271,-2450.853895929816,40.03051424409313,-75.2646631571965,5.835471430048936,2.1850717029551405e-05,2.2430175601563235e-05,51384.40450453424,5000.0,53254.21718022989,2447.7600297496983,53310.44153486569
2023-08-09 17:12:28+00:00,39.76039976330338,-75.76006548795426,-2451.1199193791126,40.029342077546815,-75.26446014768705,5.8998302107179885,2.188179897481507e-05,2.2451748406793856e-05,51418.24576148514,5000.0,53255.064838932536,2448.3242218011173,53311.314207154624
2023-08-09 17:12:29+00:00,39.76011897765232,-75.75978779519218,-2451.3701348538507,40.028139805341326,-75.2642533701676,5.935779477146864,2.1901008054428112e-05,2.246271226110569e-05,51488.12236450612,5000.0,53255.76567728918,2449.033013168749,53312.04686160458
2023-08-09 17:12:30+00:00,39.75984006953995,-75.75951243372606,-2451.564050784089,40.0266098757605,-75.26408429150129,6.114697255591661,2.190012876571549e-05,2.246658928005409e-05,51538.99537185692,5000.0,53256.46754370643,2449.570982943338,53312.772702555376
2023-08-09 17:12:31+00:00,39.75955835504245,-75.75923603927288,-2451.765236041957,40.02481394276396,-75.26395177645496,6.399136092357546,2.1911528274364e-05,2.246216925219519e-05,51524.217524141975,5000.0,53257.11920500787,2449.9091541735543,53313.43921451815
2023-08-09 17:12:32+00:00,39.7592784578095,-75.7589619901507,-2451.9780660141023,40.02344973196036,-75.26374560222628,6.502910522760935,2.1917756823785544e-05,2.245476567760522e-05,51495.46500131576,5000.0,53258.022677623245,2450.36687655358,53314.36276801911
2023-08-09 17:12:33+00:00,39.75900033743872,-75.75868751939475,-2452.2647960435265,40.02208506817013,-75.26353293797065,6.582031030793689,2.1957918714809408e-05,2.2471069961877043e-05,51550.00733822076,5000.0,53258.73435034812,2450.73141707729,53315.090444259775
2023-08-09 17:12:34+00:00,39.75872339544544,-75.75841288326981,-2452.4424652412886,40.020633110888106,-75.263321727833,6.6563268783357605,2.196332049772795e-05,2.2458804804406143e-05,51582.85272318156,5000.0,53259.24891657741,2451.071933124393,53315.62011999206
2023-08-09 17:12:35+00:00,39.75844890066975,-75.75813833054795,-2452.61259654665,40.01901028871515,-75.26312035613213,6.775856437797464,2.195562090518241e-05,2.2478158705589287e-05,51609.33716872063,5000.0,53259.56741212432,2451.7144150297004,53315.96781921415
2023-08-09 17:12:36+00:00,39.75817589735233,-75.75785622603348,-2452.8979032542093,40.01755737265564,-75.2628906454191,6.812515077424554,2.197544869529954e-05,2.2504450214346394e-05,51583.85739775364,5000.0,53259.64940394967,2451.477910574286,53316.03884927752
2023-08-09 17:12:37+00:00,39.757899660049546,-75.75757314916386,-2453.0102769113773,40.0158015793572,-75.26267912634135,6.865506747315093,2.196441168275675e-05,2.250765482754268e-05,51651.283229253,5000.0,53259.36703567222,2451.8252866422245,53315.77275325442
2023-08-09 17:12:38+00:00,39.75762511158433,-75.7572900362714,-2453.2684814892964,40.01420298287928,-75.26244582488951,6.854752446002251,2.195850919615903e-05,2.2533554040909555e-05,51632.68807462023,5000.0,53259.13666435992,2452.112722384571,53315.55584476493
2023-08-09 17:12:39+00:00,39.75735118790081,-75.75700760123112,-2453.559788816046,40.01206202964018,-75.2622615649088,6.965794825646015,2.1957786705584307e-05,2.254640488832838e-05,51610.89779977888,5000.0,53258.93910237996,2452.368914229589,53315.37027539523
2023-08-09 17:12:40+00:00,39.75707311891522,-75.75672157164732,-2453.8973488540823,40.010230251721765,-75.2620385578455,6.983032655281328,2.196933036131489e-05,2.2547559509827994e-05,51668.4914437522,5000.0,53258.6664771229,2452.842522537473,53315.11972566303
2023-08-09 17:12:41+00:00,39.75679423403081,-75.75643103714387,-2454.140643333423,40.00807913092305,-75.26183674437694,7.023978151760849,2.2004231374122127e-05,2.256833457663325e-05,51619.75102345621,5000.0,53258.44246835942,2453.1139945953973,53314.90844431818
2023-08-09 17:12:42+00:00,39.75651601230056,-75.75614268469337,-2454.364018928197,40.00547181473358,-75.26166790070506,7.149379456985727,2.203232584506783e-05,2.2573494529971148e-05,51614.325231255534,5000.0,53257.850128267215,2453.4022560155217,53314.32999592881
2023-08-09 17:12:43+00:00,39.75623847102345,-75.75584992130192,-2454.6400521279684,40.00316420249714,-75.26147051831558,7.198304299778075,2.2040427784881034e-05,2.257098153784194e-05,51681.6143561814,5000.0,53257.20271442559,2453.7876208597377,53313.70100315401
2023-08-09 17:12:44+00:00,39.75596027641437,-75.75555674242561,-2454.801504329191,40.00093659731652,-75.26126344135504,7.229596702631722,2.204968556868639e-05,2.2555026770966503e-05,51705.09209864289,5000.0,53256.78286659504,2454.0693704111254,53313.29456875124
2023-08-09 17:12:45+00:00,39.75570680533653,-75.75522657309162,-2455.4977325287573,40.05030750599498,-75.26291196903553,3.0080325632829084,2.205016065345428e-05,2.2558396235729923e-05,51726.490088274375,5000.0,53252.23426572885,2454.519900785126,53308.77153185409
2023-08-09 17:12:46+00:00,39.75545869701473,-75.75489641471151,-2456.098790416733,40.05004259983184,-75.26258773900541,3.320314744590319,2.205926153569401e-05,2.2579238185295856e-05,51733.2684082493,5000.0,53247.09926572623,2455.1178642979107,53303.66951666364
2023-08-09 17:12:47+00:00,39.75520897124506,-75.75456180949243,-2456.7664194219706,40.0497793996406,-75.26226547864982,3.6768341201360135,2.204285184327441e-05,2.2594031460588543e-05,51714.16343637104,5000.0,53241.91473724124,2455.92722336448,53298.52777904966
2023-08-09 17:12:48+00:00,39.75495869994158,-75.75422442206778,-2457.2533299256693,40.04951391063624,-75.26194715134403,4.15835640949981,2.206092393798321e-05,2.2579113386408893e-05,51697.35655947967,5000.0,53236.44989848297,2456.3605480455903,53293.08871641503
2023-08-09 17:12:49+00:00,39.7547092297764,-75.75389096392658,-2457.80436209613,40.04924460654552,-75.2616328317428,4.591413505562808,2.2070678986386383e-05,2.2594703771688645e-05,51723.47583346778,5000.0,53230.85887324481,2457.181452506021,53287.54148085504
2023-08-09 17:12:50+00:00,39.75445982565122,-75.75355193303511,-2458.1706397794565,40.04896388215016,-75.26132688614315,5.075204099981277,2.209690417801536e-05,2.259762788474128e-05,51790.846353909794,5000.0,53225.18416952395,2457.84295968757,53281.90332462072
2023-08-09 17:12:51+00:00,39.7542119921323,-75.75322190126684,-2458.4446735977644,40.04866191395634,-75.2610340738138,5.692022698828518,2.2088234403142464e-05,2.260712871806587e-05,51793.13998340848,5000.0,53220.07591316481,2458.409682975297,53276.82665448808
2023-08-09 17:12:52+00:00,39.75396763741711,-75.75289177861194,-2458.8226718166857,40.04834605609444,-75.26074357969577,6.191042486081169,2.209309044432381e-05,2.260652216306284e-05,51814.915327272814,5000.0,53214.94235296279,2459.0264088329923,53271.72702765033
2023-08-09 17:12:53+00:00,39.75371984350883,-75.75260705109004,-2458.8448477556085,40.04802072543828,-75.26068038777957,7.351955330686063,2.2081464497060445e-05,2.260241889670976e-05,51820.53319239331,5000.0,53213.17726109812,2459.3371337966864,53269.97816180068
2023-08-09 17:12:54+00:00,39.75347649773534,-75.75232671174115,-2458.874796780329,40.04768739510188,-75.26043070450521,7.794664012504834,2.2094002123517557e-05,2.2621690467039703e-05,51856.46067302152,5000.0,53211.44115929032,2459.6708048145065,53268.25931750232
2023-08-09 17:12:55+00:00,39.75323573482218,-75.75205796046069,-2458.903021197607,40.047351627385424,-75.26018422353775,8.144222380659368,2.2092443280154538e-05,2.2636774330814093e-05,51861.799457076624,5000.0,53210.18182353752,2459.999602141452,53267.01650868442
2023-08-09 17:12:56+00:00,39.75299508060292,-75.75179632724148,-2459.078445421156,40.04701283551394,-75.25994091928074,8.397721663509014,2.210615454544574e-05,2.263389319884728e-05,51931.97972122812,5000.0,53209.4214622957,2460.623829738674,53266.28579114271
2023-08-09 17:12:57+00:00,39.75275618568943,-75.75154419172122,-2459.2458050690498,40.046647006331234,-75.25970748372606,8.642540463575687,2.2125354518973062e-05,2.2655835032240534e-05,51912.33593872169,5000.0,53209.2503829435,2461.018904854319,53266.13314635129
2023-08-09 17:12:58+00:00,39.75252154046683,-75.75130076134622,-2459.2947244364286,40.04625287227126,-75.25948305421784,8.888305083009799,2.2148742998840704e-05,2.2659252019281333e-05,51961.16450356439,5000.0,53209.12461758553,2461.161737084711,53266.01411468513
2023-08-09 17:12:59+00:00,39.75228850188982,-75.75106124185463,-2459.2835140227203,40.045880414192204,-75.25925576705451,9.050167705345713,2.2148976532464133e-05,2.2676043207018453e-05,51998.73613585875,5000.0,53209.15558099184,2460.921734893706,53266.033956241445
2023-08-09 17:13:00+00:00,39.7520566085328,-75.75082853539536,-2459.356310909844,40.04545025993525,-75.25903816358955,9.255927011948524,2.215969636596214e-05,2.2690888041175868e-05,52048.66843556773,5000.0,53209.81668025524,2460.818547829263,53266.689582437066
2023-08-09 17:13:01+00:00,39.75182268457378,-75.75059823164153,-2459.3074130334744,40.04506479758579,-75.25881390824347,9.343303554022636,2.2175806638442145e-05,2.270277058580991e-05,52122.82763087354,5000.0,53210.66090022815,2460.832909612299,53267.53356452783
2023-08-09 17:13:02+00:00,39.751590304478405,-75.75037090233349,-2459.339074854445,40.04472357924725,-75.25858370620517,9.367653011933886,2.2175851927456278e-05,2.2702028785311585e-05,52119.55501613624,5000.0,53211.61462729819,2460.9571946800297,53268.49201505654
2023-08-09 17:13:03+00:00,39.75136028919169,-75.75014665802172,-2459.469163800526,40.044304078513136,-75.25835697731223,9.443359376791232,2.2202129529487e-05,2.2709405038039223e-05,52115.15749172745,5000.0,53212.51936066067,2461.208568202601,53269.40739603624
2023-08-09 17:13:04+00:00,39.75112830796853,-75.74991707499063,-2459.6294205044896,40.04388415366031,-75.2581251858307,9.474094997040932,2.2196815941280696e-05,2.27112547848558e-05,52099.26606089449,5000.0,53213.04375474298,2461.397550987752,53269.93996193538
2023-08-09 17:13:05+00:00,39.7508983996253,-75.74968177872478,-2459.832598472758,40.04338724416871,-75.25788756991625,9.51781966632054,2.2230813233912932e-05,2.2710713189140463e-05,52132.96309142895,5000.0,53212.946110311794,2461.732614517156,53269.85790486328
2023-08-09 17:13:06+00:00,39.7506647142737,-75.74943781198486,-2459.822476535769,40.04277067216414,-75.25764186105967,9.606763921557173,2.225610250015097e-05,2.273315573858776e-05,52184.686882439935,5000.0,53212.60652735302,2461.806595631296,53269.52210363058
2023-08-09 17:13:07+00:00,39.750431722299865,-75.74918782990247,-2459.9327439050858,40.042158070254686,-75.25738508680276,9.677582412983291,2.2282215923612823e-05,2.274316326889245e-05,52236.64421982636,5000.0,53211.80916920753,2462.149395613899,53268.7414409847
2023-08-09 17:13:08+00:00,39.750195287636686,-75.74893869769784,-2460.0228614181656,40.04152085953708,-75.25712221801595,9.735305824091885,2.228469914231833e-05,2.2772514629453064e-05,52279.31843188803,5000.0,53211.146537140296,2462.4234035410263,53268.09218298816
2023-08-09 17:13:09+00:00,39.74995624545672,-75.74868784158673,-2460.089404686516,40.04090163929986,-75.25685510441251,9.750480552307751,2.228557594045756e-05,2.27821749389859e-05,52302.20175625076,5000.0,53210.74121940122,2462.935241933534,53267.71096193304
2023-08-09 17:13:10+00:00,39.74971615370799,-75.74842970946122,-2460.1932888862225,40.040250612148,-75.25658337155865,9.754698384022408,2.2297599707003265e-05,2.280278209329788e-05,52355.82448111141,5000.0,53209.73113877711,2463.072436294806,53266.708305351305
2023-08-09 17:13:11+00:00,39.74947450149881,-75.74816580066945,-2460.249149780981,40.039272198664285,-75.25630988900618,9.836142412031544,2.230533842532748e-05,2.280705721455615e-05,52361.66609990379,5000.0,53208.57479559065,2463.2454610167806,53265.561200265074
2023-08-09 17:13:12+00:00,39.74922942878492,-75.74789511500995,-2460.433953875453,40.038022730073294,-75.25603234614567,9.959958576302803,2.2328266671480217e-05,2.28161036159867e-05,52371.74385813376,5000.0,53207.08488240281,2463.4384933370798,53264.08180841638
2023-08-09 17:13:13+00:00,39.74898048135093,-75.747615828293,-2460.4894008303368,40.03677967645415,-75.25574969014744,10.067996057728909,2.2342128283531158e-05,2.2823218355180208e-05,52436.98840271643,5000.0,53205.33955987962,2463.718065895908,53262.35128484578
2023-08-09 17:13:14+00:00,39.74873164211382,-75.7473319063837,-2460.62341458104,40.03539455645601,-75.25546652333088,10.209044124657074,2.2365690130654325e-05,2.28342723113234e-05,52416.21146804436,5000.0,53203.459590036015,2464.082386500003,53260.490181334746
2023-08-09 17:13:15+00:00,39.74847663609866,-75.74704234935615,-2460.651027821918,40.0336019664065,-75.25519648902097,10.4351130391931,2.2342507623982207e-05,2.284955381179749e-05,52506.603058313056,5000.0,53201.60496068627,2464.2351589624127,53258.64460640718
2023-08-09 17:13:16+00:00,39.74821681424493,-75.7467442701583,-2460.83503377419,40.03180453276664,-75.25492577176344,10.63448554902908,2.233690402182355e-05,2.286894107877985e-05,52526.21142229278,5000.0,53199.82104858488,2464.489377694876,53256.87436842521
2023-08-09 17:13:17+00:00,39.74795675421336,-75.74644003356363,-2460.8510281713684,40.03003602004416,-75.25465583016906,10.834729035338055,2.235817535743996e-05,2.287926111957778e-05,52559.031855779634,5000.0,53197.46307460383,2464.495470499273,53254.51920257988
2023-08-09 17:13:18+00:00,39.74769491965493,-75.74613957674886,-2460.9197019527664,40.02811012360149,-75.25440647582076,11.10531965430461,2.236117199953828e-05,2.287462327357534e-05,52590.830648821975,5000.0,53195.89704482108,2464.904441529073,53252.973779020766
2023-08-09 17:13:19+00:00,39.747430511905605,-75.74583897377535,-2461.05797001429,40.026433580131695,-75.25415653406125,11.301363385066445,2.238961472995069e-05,2.2899007386320504e-05,52575.4863490003,5000.0,53194.2731831706,2465.811580297457,53251.39365533368
2023-08-09 17:13:20+00:00,39.747164081764566,-75.74554121595102,-2461.258894294276,40.02458020337265,-75.25393041688808,11.508112050671167,2.2395046454291936e-05,2.29033666479155e-05,52633.12532059624,5000.0,53192.8051666205,2466.440226456533,53249.95632753826
2023-08-09 17:13:21+00:00,39.74689350909415,-75.74524326216273,-2461.3469591716203,40.02282947708936,-75.25370585752856,11.664618492607564,2.23911028429721e-05,2.287709418462669e-05,52685.41753316863,5000.0,53191.477668118416,2466.5274687341653,53248.63429489962
2023-08-09 17:13:22+00:00,39.74661999737768,-75.74494504840126,-2461.4654392390944,40.02099744386134,-75.2534963287079,11.817148026444034,2.2414914853287143e-05,2.2881703900430937e-05,52729.835496473694,5000.0,53190.29637018395,2466.828777523717,53247.46822305848
2023-08-09 17:13:23+00:00,39.74634197132473,-75.74464925618577,-2461.591682828286,40.019076696665245,-75.25330708071147,11.987030334124958,2.241637957261233e-05,2.289659151599946e-05,52787.72361755326,5000.0,53189.89017590653,2466.7129499622724,53247.05709898445
2023-08-09 17:13:24+00:00,39.74605887075941,-75.74436035766243,-2461.9381689599063,40.01755910995136,-75.25309097957339,11.99754656759835,2.24471371602528e-05,2.288999646246229e-05,52787.55957561624,5000.0,53190.99008563986,2467.279268200778,53248.18206547461
2023-08-09 17:13:25+00:00,39.745773879932514,-75.74407602642991,-2462.288364873836,40.0158179741517,-75.25290684110333,12.046172798038846,2.2446853556954468e-05,2.2905237342719844e-05,52848.30946560522,5000.0,53193.07283073801,2467.7828832077694,53250.28591035781
2023-08-09 17:13:26+00:00,39.74548710341063,-75.74379836909557,-2462.5084733175995,40.014251403622815,-75.25271438526428,12.046095562968532,2.2452715002763964e-05,2.291494831723174e-05,52894.76445663557,5000.0,53196.16406540588,2468.097177998597,53253.3883894126
2023-08-09 17:13:27+00:00,39.74520010479543,-75.74352574371365,-2462.96760610099,40.01283258811701,-75.25251843015177,11.955176759737949,2.245213260914949e-05,2.2921433400494342e-05,52915.52685686405,5000.0,53200.06619605044,2468.342875160596,53257.29771414904
2023-08-09 17:13:28+00:00,39.74491446252178,-75.74325877686269,-2463.270329690371,40.01092262182548,-75.25238464582772,12.042611047360465,2.2424959616420107e-05,2.2933847670952317e-05,52929.89011068504,5000.0,53204.574066480665,2468.417844169392,53261.80421511311
2023-08-09 17:13:29+00:00,39.7446344442949,-75.74300352286242,-2463.322462050565,40.00871472994617,-75.25225222364257,12.261348276797548,2.240238052233278e-05,2.292429109338058e-05,52979.76983540265,5000.0,53209.77738536319,2468.4452138439565,53267.0032118727
2023-08-09 17:13:30+00:00,39.74435637489884,-75.74275388565606,-2463.398464212978,40.00673622672984,-75.2520920900867,12.478645511353143,2.2388761491990053e-05,2.2945866335570388e-05,53012.65523462429,5000.0,53215.72640807602,2468.272669688707,53272.93784944784
2023-08-09 17:13:31+00:00,39.74408644596467,-75.74250764520536,-2463.506767218327,40.00490192833407,-75.25191788057595,12.701740988259628,2.239658935465492e-05,2.2975196666556788e-05,53056.80492649591,5000.0,53221.76504874437,2467.987190923633,53278.95678106236
2023-08-09 17:13:32+00:00,39.743819857723054,-75.74226565023794,-2463.5252590158457,40.00352698834923,-75.25169276627321,12.8119855214329,2.2397591726152183e-05,2.2957608069358365e-05,53076.96621776084,5000.0,53227.975647230414,2467.3942619053887,53285.13325446261
2023-08-09 17:13:33+00:00,39.74355590028637,-75.74201987565714,-2463.5647511912457,40.00234665463263,-75.25140483736183,12.88549656763538,2.239523309191349e-05,2.2957283511723847e-05,53127.33724858888,5000.0,53234.12797846463,2467.1123467037733,53291.26593503676
2023-08-09 17:13:34+00:00,39.743297603643256,-75.7417759681793,-2463.7010673727923,40.00116406806491,-75.25116635238412,12.974343196925735,2.239294150546329e-05,2.2967525598680453e-05,53132.75091517681,5000.0,53240.52445490062,2467.056137414648,53297.652952245706
2023-08-09 17:13:35+00:00,39.74304809347039,-75.74152525680665,-2463.868221109864,39.99955733871369,-75.25092051127571,13.092323841199605,2.239702623586841e-05,2.2973750478345408e-05,53191.91364838183,5000.0,53246.0011493033,2467.1912276502776,53303.13002953394
2023-08-09 17:13:36+00:00,39.74281043621771,-75.74126833330656,-2463.871195048483,39.99743235842301,-75.25066832158102,13.338251154723414,2.2392696390303653e-05,2.2984204122745262e-05,53202.84885780112,5000.0,53250.49994193321,2467.0600157535505,53307.617928277
2023-08-09 17:13:37+00:00,39.74257971379909,-75.7410003902696,-2463.962078328763,39.995604776301214,-75.25038389926324,13.524809614139654,2.2426324453719288e-05,2.2990682770071192e-05,53265.0436977113,5000.0,53253.752363491534,2467.126328906814,53310.86993395311
2023-08-09 17:13:38+00:00,39.74235635144882,-75.74072513840974,-2464.1148343496693,39.993956271486006,-75.25007965113589,13.67053930651884,2.245891250992836e-05,2.301117807466266e-05,53289.636895084,5000.0,53255.73871824332,2466.8604104483434,53312.841855508304
2023-08-09 17:13:39+00:00,39.7421460324491,-75.74044003210344,-2464.1631838384687,39.99237448298377,-75.24976426874106,13.815959771592864,2.2497495454768248e-05,2.3028904360152294e-05,53369.354907670335,5000.0,53256.356650068265,2466.7565602094787,53313.4543203365
2023-08-09 17:13:40+00:00,39.74194043218012,-75.74014923215427,-2464.2214109206307,39.99095878332224,-75.24944281775244,13.907785765210608,2.253053066752592e-05,2.3041865536541556e-05,53334.19140271619,5000.0,53256.43480680639,2466.9268172586667,53313.54027124187
2023-08-09 17:13:41+00:00,39.741744766679474,-75.73985623949054,-2464.411493155601,39.98952274841375,-75.24912069297383,13.982894354809725,2.254313514211457e-05,2.3059506601917203e-05,53377.461632013816,5000.0,53255.674906508335,2466.921923739323,53312.78095846743
2023-08-09 17:13:42+00:00,39.7415532165202,-75.73955582090929,-2464.656937107032,39.98792079027315,-75.24880739221106,14.086906628249595,2.2542399617084187e-05,2.308490579253159e-05,53424.82787586424,5000.0,53254.22461672183,2466.8974437226275,53311.331089423256
2023-08-09 17:13:43+00:00,39.74137054272472,-75.73924765167916,-2464.8239717407228,39.98608742246754,-75.24851505069913,14.211326244172202,2.2544486792751257e-05,2.308513539045412e-05,53367.06507661264,5000.0,53251.54726130073,2466.8588308739395,53308.65481527372
2023-08-09 17:13:44+00:00,39.74119880391467,-75.73893635424758,-2464.939237537986,39.984111971688186,-75.24824343278341,14.358449607831794,2.257298962421667e-05,2.30733671265311e-05,53376.30176822427,5000.0,53248.03508447624,2466.8307768128534,53305.14510287954
2023-08-09 17:13:45+00:00,39.74092851062886,-75.73866125757829,-2465.303127717731,40.04246120781099,-75.25361238306928,11.009691215207448,2.2574057598535338e-05,2.3100284621934e-05,53467.08534132885,5000.0,53253.52093673324,2466.7893157302096,53310.623159810144
2023-08-09 17:13:46+00:00,39.74066210299474,-75.73838847961389,-2465.5664762640417,40.04218218845161,-75.25333929848465,11.318055838219816,2.25970476065525e-05,2.3102349028971672e-05,53505.7813556488,5000.0,53259.16989062678,2466.9611756975432,53316.27401536087
2023-08-09 17:13:47+00:00,39.7403997540722,-75.73812231399066,-2465.881024438529,40.04190668861705,-75.25307162156847,11.656668281117346,2.2594424694172947e-05,2.3120535658653967e-05,53531.88432242168,5000.0,53265.15840586247,2467.1644765495544,53322.26552347499
2023-08-09 17:13:48+00:00,39.74013807837957,-75.73785585838294,-2466.1008958468046,40.04163219092133,-75.25280939971154,12.01202067465541,2.2607248621000895e-05,2.3116673361439795e-05,53522.75589788946,5000.0,53270.99654259552,2467.333745995882,53328.10523968909
2023-08-09 17:13:49+00:00,39.73988034184255,-75.73758861183742,-2466.548097286802,40.04135527443263,-75.25254975585015,12.351075147779037,2.259973294750608e-05,2.3113724644763425e-05,53636.58458881972,5000.0,53276.39928144441,2467.637649815648,53333.51625354059
2023-08-09 17:13:50+00:00,39.73962742519882,-75.73732038725848,-2466.712825119369,40.04107404637029,-75.25229156235015,12.655950040214616,2.261097857717463e-05,2.3117724003157515e-05,53677.743683046,5000.0,53281.42567052136,2467.783531788704,53338.54400940338
2023-08-09 17:13:51+00:00,39.73937833373975,-75.73705565234687,-2466.9710122302604,40.04078894946154,-75.25203496648068,12.881989355068209,2.2610471838399693e-05,2.312043783634979e-05,53658.51606251255,5000.0,53285.893992365935,2468.379532856297,53343.03512253389
2023-08-09 17:13:52+00:00,39.73913378859496,-75.73679503942,-2467.318081214523,40.04049406171504,-75.25178297197445,13.0914122484835,2.2614848322290423e-05,2.31461965255508e-05,53687.78214182406,5000.0,53289.98556374563,2469.1911930375168,53347.1598731553
2023-08-09 17:13:53+00:00,39.73889190055248,-75.73653770990867,-2467.568498993154,40.04019099106914,-75.25153384419752,13.23376062512365,2.263076322658993e-05,2.3174045333906515e-05,53706.3144967032,5000.0,53293.7134705528,2469.960647254216,53350.91940239048
2023-08-09 17:13:54+00:00,39.73865480175602,-75.7362820092585,-2467.7505985486605,40.03987415248038,-75.25128810555442,13.350430932292298,2.2643923931374598e-05,2.3171102574143277e-05,53700.25359114412,5000.0,53296.75107911191,2470.5423233013075,53353.98068523135
2023-08-09 17:13:55+00:00,39.738421223298936,-75.7360328006124,-2467.7865927110533,40.03948618562419,-75.25105735501764,13.661662762375178,2.26432291582896e-05,2.317357901613514e-05,53712.48651086569,5000.0,53299.52769013963,2470.8856136976165,53356.77021435929
2023-08-09 17:13:56+00:00,39.738188770819136,-75.73578835985941,-2467.99816145146,40.03905813245788,-75.25083139878728,13.945128469770808,2.2641782895242296e-05,2.319020238827097e-05,53723.993861670126,5000.0,53302.110334689154,2471.404917607639,53359.37413799146
2023-08-09 17:13:57+00:00,39.73795997178088,-75.73554683181032,-2468.2167681444325,40.03867683072309,-75.25059667857192,14.041388002659568,2.265005564622229e-05,2.3204381998632765e-05,53756.35349879044,5000.0,53303.93069693575,2472.1213597850888,53361.22573330972
2023-08-09 17:13:58+00:00,39.73773444918459,-75.73530151026058,-2468.3890225843897,40.03825339268819,-75.25036210438417,14.149197126935697,2.267291084745523e-05,2.321992111331869e-05,53786.45124180466,5000.0,53304.85458223121,2472.7986241937524,53362.18000671102
2023-08-09 17:13:59+00:00,39.73750666313316,-75.73505208271014,-2468.598971225362,40.03772392393059,-75.25013257805449,14.38166164594984,2.2713753640403787e-05,2.3235715071581084e-05,53803.9197311514,5000.0,53305.26654729348,2473.454641972757,53362.621932808936
2023-08-09 17:14:00+00:00,39.73728007227311,-75.73488065325377,-2468.683153364368,40.03728124100985,-75.25058358011024,14.950076380537844,2.275480665528027e-05,2.324886840787805e-05,53813.6807841426,5000.0,53310.68706502332,2473.7864886249395,53368.052006197
2023-08-09 17:14:01+00:00,39.73705027288493,-75.7347092337591,-2468.7549696339024,40.03671740778916,-75.25042391511805,15.276514007221849,2.276087520213149e-05,2.326962675753358e-05,53837.06368914617,5000.0,53316.1053217055,2474.435606822145,53373.49452909658
2023-08-09 17:14:02+00:00,39.73681575547328,-75.73454056016752,-2468.771796649146,40.035972830756656,-75.25027651601404,15.73498492929706,2.2770104298082717e-05,2.3282882739849928e-05,53840.92321972476,5000.0,53321.27753228618,2474.7708180736954,53378.67671905211
2023-08-09 17:14:03+00:00,39.73658050173862,-75.73437679416605,-2468.6983983942528,40.03542722587407,-75.2501152314881,16.027929672812157,2.27974107670337e-05,2.329263000348144e-05,53843.58756268418,5000.0,53326.764833073394,2475.117477482631,53384.17419132053
2023-08-09 17:14:04+00:00,39.73633928120277,-75.73421681743469,-2468.707694546817,40.034895454465385,-75.24995423875993,16.373279674686664,2.2793329250335306e-05,2.331868100491069e-05,53864.556788725495,5000.0,53332.61097115142,2475.480648477574,53390.03088069128
2023-08-09 17:14:05+00:00,39.73609371291164,-75.73405727126496,-2468.5921339276624,40.03438648179503,-75.24979568944144,16.66703928476277,2.278779720049569e-05,2.3320475027023488e-05,53816.48849765932,5000.0,53338.76440022812,2475.988239626004,53396.20122729526
2023-08-09 17:14:06+00:00,39.73584728389615,-75.73390254559567,-2468.525230413097,40.0339648042022,-75.2496323777284,16.840033753743622,2.2781175815144257e-05,2.3325197518472896e-05,53835.34047076564,5000.0,53345.40809354472,2476.458704464668,53402.85958992969
2023-08-09 17:14:07+00:00,39.73560096282633,-75.73375044385512,-2468.3719170747536,40.03350765675162,-75.24947087487813,16.990944480848043,2.2785234286846227e-05,2.33062177439411e-05,53793.6597231243,5000.0,53352.20471145401,2476.6272109513143,53409.65671032645
2023-08-09 17:14:08+00:00,39.73535172537295,-75.7335970397979,-2468.3715174473773,40.03314906434926,-75.24930544927398,17.055070765430933,2.280385168584668e-05,2.331166157104138e-05,53802.47273455995,5000.0,53359.512284059485,2476.923635615135,53416.97016762898
2023-08-09 17:14:09+00:00,39.73509914153327,-75.73344418255255,-2468.402578751308,40.032647024478095,-75.24913946065718,17.152956945113456,2.2810092659291e-05,2.330062008854209e-05,53842.50390409111,5000.0,53366.52520339335,2476.567336921239,53423.95902643984
2023-08-09 17:14:10+00:00,39.73484679344312,-75.7332899147181,-2468.517112971782,40.03208790436551,-75.24897151974135,17.223380565046682,2.282274728066028e-05,2.3333610141905443e-05,53876.69535453394,5000.0,53373.79695370671,2476.7562976538297,53431.2317190375
2023-08-09 17:14:11+00:00,39.73459081845532,-75.73313905403194,-2468.554304053899,40.03144598188583,-75.24880221951238,17.326076377009986,2.283791464938616e-05,2.3342563177419675e-05,53876.80978366899,5000.0,53381.4908554464,2476.8408791905395,53438.92127177472
2023-08-09 17:14:12+00:00,39.73433080268988,-75.7329906703897,-2468.735226380101,40.030776493188526,-75.24863277201369,17.399523575963673,2.283939257291117e-05,2.3353180435836643e-05,53859.924872565374,5000.0,53389.55000550541,2477.2771549118097,53446.99198170661
2023-08-09 17:14:13+00:00,39.73406902266001,-75.73283981075517,-2469.160783193305,40.03006776574628,-75.24845835331026,17.331644346151453,2.286049568572747e-05,2.336282250244029e-05,53968.19019783785,5000.0,53397.42491411149,2477.8733649393903,53454.88606171424
2023-08-09 17:14:14+00:00,39.733800610189775,-75.73269338205786,-2469.58047619837,40.02926334393128,-75.24827618709817,17.176969553566668,2.287907085505636e-05,2.337525346176502e-05,54001.813110051145,5000.0,53406.2686904886,2477.951878570729,53463.723971990345
2023-08-09 17:14:15+00:00,39.73352840970404,-75.73254164468416,-2469.9854881692654,40.02826501195352,-75.248081994069,16.99718576386654,2.288831117702185e-05,2.3375367377246136e-05,53977.41944733504,5000.0,53415.05019682733,2478.2507643341173,53472.50989415501
2023-08-09 17:14:16+00:00,39.73325251922087,-75.73238819997513,-2470.468823996489,40.02711100219736,-75.24787619172385,16.755126581070236,2.2898589853437022e-05,2.340342265304943e-05,54028.0151775245,5000.0,53424.08366386181,2478.869633052082,53481.56233676214
2023-08-09 17:14:17+00:00,39.732971559340086,-75.7322348921985,-2471.068528977066,40.026007151124425,-75.24766495710577,16.41196181556572,2.291424362599249e-05,2.340925454952794e-05,54057.77690870513,5000.0,53433.40225626418,2479.280013194734,53490.88993523631
2023-08-09 17:14:18+00:00,39.73268508875522,-75.73208168238622,-2471.89900463188,40.02517912827644,-75.24746229138275,15.87245203992452,2.2910758893889637e-05,2.34199346495814e-05,54097.347414887794,5000.0,53443.21902600175,2479.84787406974,53500.72247493228
2023-08-09 17:14:19+00:00,39.73239472258428,-75.73193142239055,-2472.769086982961,40.023728105766544,-75.24722901491522,15.29417517606688,2.291970713412212e-05,2.343339008610946e-05,54130.21969112504,5000.0,53453.729435397785,2480.2864431735657,53511.24191600212
2023-08-09 17:14:20+00:00,39.73209455975345,-75.7317807758495,-2473.8029978986897,40.022245302688,-75.24698461254559,14.610131891185366,2.2929749840292648e-05,2.343179579548522e-05,54167.05123443332,5000.0,53465.31703439563,2480.818481748159,53522.84172134192
2023-08-09 17:14:21+00:00,39.73178496157014,-75.73163167965305,-2474.6582174801238,40.02048549386312,-75.24671329383364,13.940371512054368,2.2955765329085357e-05,2.3445879070978536e-05,54199.48116568236,5000.0,53478.19600848016,2481.119666421573,53535.72081442938
2023-08-09 17:14:22+00:00,39.73146886268514,-75.73147579043449,-2475.723448851715,40.018114795890575,-75.24638881190184,13.391237918684446,2.2942701747676e-05,2.346713540658284e-05,54199.78161186761,5000.0,53491.932140048215,2481.447897539052,53549.45739915321
2023-08-09 17:14:23+00:00,39.73115225933164,-75.73131610250647,-2476.8156695150237,40.01520226897326,-75.2460035049125,12.964559284768068,2.295411780483413e-05,2.34756832050389e-05,54162.64524566927,5000.0,53506.375637421486,2481.8071031435297,53563.90202692542
2023-08-09 17:14:24+00:00,39.7308324415497,-75.73115089561949,-2477.761051860001,40.01336868732548,-75.24567095449008,12.33911429669152,2.2953651178047795e-05,2.3485143429547546e-05,54178.84037768027,5000.0,53521.50122380633,2482.059108795335,53579.02304698599
2023-08-09 17:14:25+00:00,39.73051119281276,-75.73098370013766,-2478.5620333986963,40.0116548815468,-75.24532456540493,11.75577174751854,2.297129569828581e-05,2.348883273414772e-05,54172.09521316989,5000.0,53537.46284019439,2482.0051830674424,53594.96503491694
2023-08-09 17:14:26+00:00,39.7301907703341,-75.73081109628895,-2479.4790583012914,40.00992042053745,-75.24494939057615,11.251297785733684,2.2984748067352487e-05,2.3485629183802013e-05,54199.76612491366,5000.0,53553.75502286184,2481.992411846128,53611.23915170364
2023-08-09 17:14:27+00:00,39.72986932071037,-75.73063485115792,-2480.508061883601,40.008496003987965,-75.24457759528613,10.706845359562566,2.300875101832527e-05,2.3514227811787e-05,54224.98357157777,5000.0,53570.60484352801,2482.0419266873537,53628.07320263577
2023-08-09 17:14:28+00:00,39.72955320686833,-75.73044756959764,-2481.463978882729,40.00691494516338,-75.24415155703761,10.273969727464138,2.3013569720352e-05,2.3528655484436964e-05,54252.91872478606,5000.0,53587.15837566262,2482.0387595055136,53644.60885477716
2023-08-09 17:14:29+00:00,39.72924463585336,-75.73023968379891,-2482.37588978015,40.00540520243501,-75.24368624185333,9.950459063619869,2.3030843021349564e-05,2.353946823883841e-05,54279.037624001365,5000.0,53602.312369841726,2481.8296515268357,53659.73695251669
2023-08-09 17:14:30+00:00,39.72894225485906,-75.73001814181482,-2483.242255489145,40.00466567630362,-75.2433128732391,9.373657165156496,2.30269310415316e-05,2.353041113957444e-05,54296.58603782847,5000.0,53617.00745745192,2481.11203135144,53674.38314135125
2023-08-09 17:14:31+00:00,39.72863660008427,-75.72978446732594,-2484.212506369637,40.00421177773993,-75.24296367503625,8.64957694117252,2.30336351129184e-05,2.3536721569215165e-05,54322.56686454053,5000.0,53631.53920608715,2480.80891833088,53688.88535351925
2023-08-09 17:14:32+00:00,39.72833069384858,-75.72953444273038,-2485.0561533292407,40.00383804697466,-75.24261702217076,7.895371921331685,2.3053719894996386e-05,2.3542707073779724e-05,54352.50109397107,5000.0,53645.31136104919,2480.4138267583803,53702.6245520262
2023-08-09 17:14:33+00:00,39.7280297159833,-75.72927391713651,-2485.813456160273,40.00305681042492,-75.2421936155476,7.464315256222656,2.3073947501802757e-05,2.355630933349717e-05,54412.9032031274,5000.0,53658.0969681402,2479.79389540217,53715.36789416982
2023-08-09 17:14:34+00:00,39.72773085977352,-75.7290068494516,-2486.6784393532826,40.00262424451043,-75.24180237746617,6.839987907811361,2.307920242813009e-05,2.359086058001038e-05,54376.83905598608,5000.0,53670.373450675295,2479.695427799405,53727.62674592654
2023-08-09 17:14:35+00:00,39.72743186883277,-75.72872854125328,-2487.585812023289,40.00234684054632,-75.24142349914248,6.035904507783941,2.307918086058847e-05,2.358450812690621e-05,54422.25331086647,5000.0,53682.16245655259,2479.544985120605,53739.39625028311
2023-08-09 17:14:36+00:00,39.727135389167685,-75.72843547039396,-2488.6887467989973,40.00191539241993,-75.24102480683715,5.24791386640255,2.309068569295256e-05,2.3591052939362727e-05,54488.79529838427,5000.0,53692.81173756904,2479.9058065732324,53750.050838073694
2023-08-09 17:14:37+00:00,39.726842841773866,-75.72813469099302,-2489.5514208314453,40.00146408138407,-75.24062770585444,4.463929770816124,2.3078157698760983e-05,2.3588258527569556e-05,54491.76930047199,5000.0,53702.59946483724,2479.8941554164826,53759.82760670653
2023-08-09 17:14:38+00:00,39.72655677583892,-75.72782361618106,-2490.487842151413,40.00092729501547,-75.24025842770189,3.757579897666292,2.3091294142873734e-05,2.3604763631169277e-05,54550.6380649377,5000.0,53711.04937583085,2480.169928359906,53768.281243931175
2023-08-09 17:14:39+00:00,39.726284389870045,-75.7274980373665,-2491.4277536438785,40.00037202160177,-75.23988945488212,3.0252814243835155,2.3132706235853816e-05,2.359890709776159e-05,54566.89344601809,5000.0,53717.44990974898,2480.4853272411347,53774.68951342304
2023-08-09 17:14:40+00:00,39.72602249701892,-75.72716075197235,-2492.395157226969,39.99953293737854,-75.23955700872389,2.356160000098153,2.311725583392271e-05,2.3617025469835724e-05,54634.61779297503,5000.0,53721.6502734914,2480.807773801509,53778.90027992272
2023-08-09 17:14:41+00:00,39.72577677949927,-75.72681496579409,-2493.318743033188,39.99842721221752,-75.23926005699222,1.7573864223442484,2.3124724370714084e-05,2.361769878021789e-05,54664.40028943141,5000.0,53722.85088852835,2480.997434822229,53780.10836603666
2023-08-09 17:14:42+00:00,39.72554081275557,-75.72646244013106,-2494.143711743447,39.99730570054654,-75.23896462909353,1.1655337163039363,2.3146086474378092e-05,2.36312678634314e-05,54716.06011037601,5000.0,53722.004897903535,2481.296994146484,53779.27709651304
2023-08-09 17:14:43+00:00,39.72531911377415,-75.72609963006424,-2495.082345852587,39.99593857720567,-75.23871059121352,0.6112047197880324,2.313514642090505e-05,2.3651362229331888e-05,54726.26869719711,5000.0,53718.46642514831,2481.8083820883294,53775.76599096651
2023-08-09 17:14:44+00:00,39.7251097349235,-75.72573686226423,-2495.818258977585,39.99415790641883,-75.23852830916651,0.1448392603785427,2.3121944039665184e-05,2.3668398871387e-05,54687.42682672676,5000.0,53713.139179104,2482.2133210061675,53770.46311354198
2023-08-09 17:14:45+00:00,39.7248612642159,-75.72548507392706,-2496.728339288479,40.03429764320587,-75.24217441938393,-4.718069154731501,2.3129898191045986e-05,2.366716289160232e-05,54709.85461577317,5000.0,53716.73753798962,2482.80344217522,53774.08487977959
2023-08-09 17:14:46+00:00,39.72462160474281,-75.7252323368574,-2497.517678473376,40.03403941284624,-75.24192719023127,-4.56437121567469,2.312527839441801e-05,2.366441733126004e-05,54746.22761915682,5000.0,53718.58976418463,2483.458698924423,53775.96538754116
2023-08-09 17:14:47+00:00,39.7243914180059,-75.72498310116444,-2498.0788302472984,40.03379181295412,-75.24168907241655,-4.382839454828704,2.3161431515203585e-05,2.368556798706692e-05,54790.93438769176,5000.0,53719.34839936005,2483.771066491652,53776.73763963903
2023-08-09 17:14:48+00:00,39.72416912169631,-75.72476819427965,-2498.367885199974,40.03355690922263,-75.24153686614297,-3.5095831038472216,2.3164092559987023e-05,2.3708856397443955e-05,54804.55169628064,5000.0,53721.13008629131,2483.924145833664,53778.52449547579
2023-08-09 17:14:49+00:00,39.72394744790306,-75.72456388107807,-2498.7927734189884,40.03331575095964,-75.24134394344921,-3.269352251194149,2.317680967907896e-05,2.3710313609021908e-05,54847.172499242326,5000.0,53722.412754534,2484.266752181776,53779.82161986513
2023-08-09 17:14:50+00:00,39.72372697881762,-75.72437184765316,-2499.2910757789164,40.03306770926724,-75.24116401497523,-3.160718859888456,2.3176738619726352e-05,2.37021384972054e-05,54850.86987941613,5000.0,53723.40467021692,2484.7218670084703,53780.83350150196
2023-08-09 17:14:51+00:00,39.72350429051434,-75.72419405196459,-2499.6551662673264,40.03281331620608,-75.24099445870976,-3.1571390121619585,2.320096976111213e-05,2.3702391008262245e-05,54842.8034348557,5000.0,53725.11961065425,2484.752706359137,53782.5480355
2023-08-09 17:14:52+00:00,39.72327833668161,-75.72402720761252,-2499.948115450962,40.032549055433705,-75.24083577119457,-3.133459144449148,2.319932097873601e-05,2.371120918215201e-05,54879.347643504414,5000.0,53727.12049566423,2484.33804367126,53784.5276289646
2023-08-09 17:14:53+00:00,39.723050894634255,-75.72387387117544,-2500.2035394643344,40.03227873219039,-75.24068573996168,-3.142730986171121,2.3202494775806117e-05,2.3726590348410428e-05,54900.44554054169,5000.0,53730.35262029281,2484.058529058664,53787.7433945392
2023-08-09 17:14:54+00:00,39.72282244936558,-75.72373130626575,-2500.408123297661,40.0320005153843,-75.24054470322153,-3.202766990506573,2.3235533300475988e-05,2.3735385453195944e-05,54972.39872375311,5000.0,53734.64568381046,2483.8948064549904,53792.02431749696
2023-08-09 17:14:55+00:00,39.72258611907751,-75.72360080240152,-2500.781590362386,40.03170849154608,-75.24041415717763,-3.3246642808625886,2.3246183706890422e-05,2.3771266927847247e-05,55041.841188121085,5000.0,53740.67858629146,2483.6345305434334,53798.03876905173
2023-08-09 17:14:56+00:00,39.72234192274182,-75.72348407808317,-2501.2427845474144,40.031395219083166,-75.24029347138081,-3.464681563907261,2.3269270015654533e-05,2.377649061868053e-05,55077.86479660941,5000.0,53748.28050075576,2483.6217340864023,53805.63198872352
2023-08-09 17:14:57+00:00,39.72209242034445,-75.72337370786066,-2501.504924501681,40.031004071062505,-75.2401826675167,-3.458215240747404,2.3278005631281723e-05,2.3791623893458454e-05,55119.52462947895,5000.0,53757.12000261231,2483.4339920510224,53814.45340582895
2023-08-09 17:14:58+00:00,39.721831493731145,-75.72327546821893,-2501.8992725010567,40.030635567251046,-75.240074849074,-3.5665232462739977,2.329221581360156e-05,2.380557183870799e-05,55087.03456609732,5000.0,53768.06429870063,2483.5944735956696,53825.39344898911
2023-08-09 17:14:59+00:00,39.721566689823,-75.72319259364917,-2502.2549606664857,40.03031953446241,-75.23997542985938,-3.840729880490931,2.331940865482376e-05,2.3819949171407108e-05,55160.08624036572,5000.0,53780.61105809862,2483.8984095601604,53837.94086972026
2023-08-09 17:15:00+00:00,39.72130144820756,-75.72313073246136,-2502.769848378506,40.0300523315613,-75.23989470093844,-4.288798202052167,2.3336855704420348e-05,2.382197014357292e-05,55194.96864233961,5000.0,53795.29120314365,2484.318608461241,53852.62476963747
2023-08-09 17:15:01+00:00,39.72103300704654,-75.72309026932066,-2503.342929753057,40.02977398752014,-75.2398332316734,-4.809477336095083,2.3348886877229063e-05,2.383299623069165e-05,55279.00249866103,5000.0,53812.25212942816,2484.778049762864,53869.58883449667
2023-08-09 17:15:02+00:00,39.72076205698111,-75.72305835428534,-2503.9356683782617,40.02950460689222,-75.23978761031097,-5.388055376253944,2.3356097634469423e-05,2.3839123213443226e-05,55342.43896446739,5000.0,53830.26984488614,2485.305283208448,53887.61169252171
2023-08-09 17:15:03+00:00,39.720492809684686,-75.72303608314482,-2504.686554677316,40.02905844499424,-75.23972177584837,-5.814676499904287,2.3369148391929223e-05,2.3839806151268844e-05,55361.717998284585,5000.0,53849.05412660669,2486.28626662446,53906.42122910612
2023-08-09 17:15:04+00:00,39.72021453249154,-75.72301961854313,-2505.3374881873897,40.02853488444757,-75.23964060734554,-6.183043260295392,2.3376160000088626e-05,2.384766875355625e-05,55366.66630642538,5000.0,53869.20682399705,2487.08420978287,53926.58928314605
2023-08-09 17:15:05+00:00,39.719933007780256,-75.72300762484159,-2505.94524900368,40.027994175067086,-75.23955136853665,-6.523001495216077,2.3400528679113247e-05,2.384617682531784e-05,55388.15581431079,5000.0,53890.265635608455,2487.874703916946,53947.66214414515
2023-08-09 17:15:06+00:00,39.71964897541267,-75.7230043089045,-2506.572286690788,40.027588843436455,-75.2394964263364,-7.004418433868638,2.3399722201383543e-05,2.386379835471965e-05,55436.18055543233,5000.0,53912.319392000274,2488.558713474362,53969.72398202031
2023-08-09 17:15:07+00:00,39.719365747027744,-75.7229951322856,-2507.2334663226447,40.02673527243801,-75.23931223062502,-6.92876495844002,2.3394621051647097e-05,2.387101626975857e-05,55456.76273458913,5000.0,53934.08304696463,2489.176937461125,53991.49299605324
2023-08-09 17:15:08+00:00,39.71908108629056,-75.72298089286144,-2507.86088189291,40.025915251681695,-75.23911540051961,-6.805041453305512,2.3407917088418764e-05,2.3882513884987185e-05,55473.511114360736,5000.0,53955.737553085935,2489.8970933948453,54013.15767878401
2023-08-09 17:15:09+00:00,39.71879165005862,-75.72296290326946,-2508.446597412093,40.02537389856673,-75.23899687644247,-6.976586665673607,2.343320168957653e-05,2.391062567860392e-05,55518.18253442117,5000.0,53977.47312145506,2490.460104636897,54034.89609604326
2023-08-09 17:15:10+00:00,39.71849683228915,-75.72293871392296,-2508.9736735264582,40.02482379165796,-75.23887081171117,-7.138714552175069,2.343702116254208e-05,2.3936129353583925e-05,55523.49290442927,5000.0,53999.16915705535,2490.8768354243757,54056.588285439655
2023-08-09 17:15:11+00:00,39.71819980766252,-75.72290707966357,-2509.5609194101894,40.02414416309434,-75.23869462857827,-7.120964958004361,2.3446998584332023e-05,2.3946249039744235e-05,55560.06904400306,5000.0,54020.65324816531,2491.2464882453924,54078.06659287764
2023-08-09 17:15:12+00:00,39.71790322169398,-75.72287123193156,-2510.064001242752,40.0235382068288,-75.23853980936669,-7.169054047943232,2.346836523664307e-05,2.394174295697898e-05,55598.65160159663,5000.0,54042.29196563474,2491.672846075534,54099.70198134902
2023-08-09 17:15:13+00:00,39.71759960567891,-75.72282451434188,-2510.504117874347,40.02289840891663,-75.23837690081467,-7.200936358422119,2.349064417129376e-05,2.39238137070511e-05,55612.26268125884,5000.0,54064.00128159213,2492.283067058617,54121.41636600379
2023-08-09 17:15:14+00:00,39.717296181682,-75.72276895622292,-2511.1793007558226,40.02223752108977,-75.23820812692806,-7.244338070201169,2.347572559313692e-05,2.3905701554576963e-05,55659.58130026397,5000.0,54085.089215815045,2493.929494651014,54142.557750876185
2023-08-09 17:15:15+00:00,39.716988476732006,-75.7227047617082,-2511.676443637925,40.02158011987992,-75.23804253021193,-7.333594666741319,2.3471726037032266e-05,2.393042895014782e-05,55754.79363684807,5000.0,54105.931745205104,2495.1420379033275,54163.43401046601
2023-08-09 17:15:16+00:00,39.7166751248477,-75.72262473484062,-2512.181410621361,40.020810736797344,-75.23785535230635,-7.373420581011019,2.3496426961622883e-05,2.396707618765437e-05,55719.96175917088,5000.0,54126.36075819671,2496.316157876438,54183.89542370068
2023-08-09 17:15:17+00:00,39.71636212432308,-75.72253221108937,-2512.7765364806246,40.02000644744015,-75.23766744347749,-7.400710918776661,2.351131963876781e-05,2.3972314551265284e-05,55735.70481146224,5000.0,54146.2437054496,2497.2182854174907,54203.79882051593
2023-08-09 17:15:18+00:00,39.716048210195765,-75.72242861879626,-2513.2201135375817,40.019270832130815,-75.23749612994814,-7.509055534733588,2.351536249029137e-05,2.3994994631602704e-05,55801.6597258602,5000.0,54165.621748185375,2497.376496542744,54223.16358101006
2023-08-09 17:15:19+00:00,39.71573130091569,-75.72231389336748,-2513.8679199483777,40.01842966068373,-75.2373171178683,-7.591048961115927,2.3532286329198264e-05,2.401594199765539e-05,55836.987888497286,5000.0,54184.75730622077,2497.8437815882653,54242.300355822525
2023-08-09 17:15:20+00:00,39.71541624982038,-75.722192171509,-2514.234054525162,40.01737579993994,-75.23713243018848,-7.569871651793201,2.354852054614712e-05,2.4038661947153635e-05,55793.92316599747,5000.0,54203.13194728179,2498.0310926777056,54260.66413373895
2023-08-09 17:15:21+00:00,39.7151036930987,-75.722066411806,-2514.6962750021253,40.01644962672586,-75.2369700732586,-7.646723890891202,2.3552463954985976e-05,2.405415930451806e-05,55798.9532068129,5000.0,54221.19800306998,2498.3068428438523,54278.72373194786
2023-08-09 17:15:22+00:00,39.71479079684784,-75.72193232286948,-2515.10085594524,40.01564665352443,-75.23681989774165,-7.789286623182583,2.3565008568837635e-05,2.4064497605173685e-05,55820.56661183634,5000.0,54238.84457769837,2498.2960681361774,54296.35111467238
2023-08-09 17:15:23+00:00,39.71448235130242,-75.72179813945337,-2515.4330861130197,40.01483994667172,-75.23667830324949,-7.917761262390207,2.3571194385976623e-05,2.406802190695908e-05,55802.19643728555,5000.0,54256.32845491504,2498.3772321695355,54313.82021366059
2023-08-09 17:15:24+00:00,39.71417597859124,-75.72166553153207,-2515.75026715855,40.01402637776862,-75.23654755278174,-8.035384132036501,2.358010438832405e-05,2.408273859630212e-05,55864.15310618636,5000.0,54273.78985477399,2498.700188611708,54331.27798821538
2023-08-09 17:15:25+00:00,39.71387796931698,-75.72153018601182,-2516.125091955173,40.01327860274998,-75.23642135885297,-8.172976213955632,2.359429982078185e-05,2.407321176656949e-05,55900.38585369288,5000.0,54290.44795124632,2498.6246207118065,54347.9149898339
2023-08-09 17:15:26+00:00,39.71358657285129,-75.72139704220916,-2516.617516224332,40.01233442863092,-75.23631358554785,-8.243192198012034,2.3607984672708936e-05,2.4077557760067618e-05,55888.95699624486,5000.0,54306.73589176243,2498.835235994024,54364.19539323913
2023-08-09 17:15:27+00:00,39.71329889559348,-75.72126334402957,-2516.851840856852,40.011586818058895,-75.23619812265446,-8.384749229859008,2.3616111147822163e-05,2.410050798009565e-05,55894.64011207706,5000.0,54322.20558244209,2498.767430138194,54379.64562233761
2023-08-09 17:15:28+00:00,39.71301798207391,-75.72113153981299,-2517.1798168695104,40.01073862928149,-75.23609317453615,-8.45845045869464,2.362693261367532e-05,2.4121721993491467e-05,55935.72311243481,5000.0,54337.39156079825,2498.830364825109,54394.818455655135
2023-08-09 17:15:29+00:00,39.71274135943496,-75.7210016389804,-2517.4860793612424,40.009788361558414,-75.23599704910515,-8.489513257436602,2.362186312809174e-05,2.408453961340496e-05,55968.57325662658,5000.0,54351.925177090845,2498.91064494229,54409.34041933874
2023-08-09 17:15:30+00:00,39.71246886157682,-75.72087432649272,-2517.6597853952685,40.00874389831616,-75.23590825996823,-8.46197680899624,2.3636037559193733e-05,2.4110980102801e-05,56044.11107316824,5000.0,54366.44280167913,2498.989923379728,54423.84636853042
2023-08-09 17:15:31+00:00,39.71220193963375,-75.72074510773876,-2517.8816562116763,40.00788411284007,-75.23580327705578,-8.478495301896077,2.3628010150872735e-05,2.4128828650101983e-05,56094.16421796146,5000.0,54380.31526547565,2499.2406457635866,54437.71571418074
2023-08-09 17:15:32+00:00,39.71194157714824,-75.72061653451938,-2518.126421743389,40.00684604625194,-75.23570822099207,-8.448461878453417,2.3618097041788488e-05,2.4134241109937967e-05,56111.33621935932,5000.0,54393.705120138366,2499.6332114079446,54451.10947343626
2023-08-09 17:15:33+00:00,39.71168205709682,-75.72048431356609,-2518.462327113324,40.0059771113585,-75.23559425892928,-8.479496682585578,2.3633080172886293e-05,2.4133025698753686e-05,56175.30473061777,5000.0,54406.80087883282,2500.229668937546,54464.21880708839
2023-08-09 17:15:34+00:00,39.71142726797598,-75.72035511464601,-2518.5595321441715,40.005023811170005,-75.23548009741991,-8.5031219370074,2.3662761990353856e-05,2.4153428183184632e-05,56158.08663325274,5000.0,54419.58391258152,2500.697501897214,54477.00984098243
2023-08-09 17:15:35+00:00,39.7111744673857,-75.72022200986505,-2518.8677985460304,40.004040492643966,-75.23536263265642,-8.531776929163515,2.3675913155059525e-05,2.417472755952258e-05,56177.09365635991,5000.0,54431.57583866361,2501.153193303238,54489.010044013085
2023-08-09 17:15:36+00:00,39.710927799872735,-75.72009352766472,-2519.1016879031213,40.002871079712506,-75.23525129951676,-8.51951715611127,2.3674578328453317e-05,2.4173560299397716e-05,56189.882696987646,5000.0,54443.29567631787,2501.3881940108017,54500.72831619876
2023-08-09 17:15:37+00:00,39.71068231404678,-75.71996258471935,-2519.1384086509934,40.00207293734218,-75.23511275673943,-8.56850589000049,2.3691498213052384e-05,2.4171982819175564e-05,56218.259465890085,5000.0,54454.523673231626,2501.5663052067457,54511.95265680628
2023-08-09 17:15:38+00:00,39.71043810464621,-75.71982655758077,-2519.3495532734823,40.00108672513614,-75.23497535994487,-8.597747728791386,2.3715749625687407e-05,2.4177558072663296e-05,56239.08270177566,5000.0,54465.21077461969,2501.857667154441,54522.64187024
2023-08-09 17:15:39+00:00,39.71019415836172,-75.71968114264067,-2519.5768157365683,39.99971765716734,-75.23484067403777,-8.591795014903902,2.3704763785503352e-05,2.416699555403597e-05,56241.02104251439,5000.0,54474.985069110575,2502.188359514727,54532.42104350688
2023-08-09 17:15:40+00:00,39.70995196119616,-75.71953519909619,-2519.6585412201694,39.99833208793829,-75.23469958944352,-8.583920867008391,2.371125385948228e-05,2.41596792641326e-05,56271.92555121182,5000.0,54484.60314231922,2502.3705337217093,54542.03734610635
2023-08-09 17:15:41+00:00,39.709715844296014,-75.7193945669387,-2519.7912369850856,39.99754462658343,-75.23452657324019,-8.613368382556065,2.373611732507481e-05,2.4150515068455878e-05,56279.87960194244,5000.0,54494.11639963736,2502.621515964885,54551.55210101172
2023-08-09 17:15:42+00:00,39.70948254676468,-75.71925567537934,-2519.791154538867,39.99712162145646,-75.23433759238132,-8.644302456181443,2.373130924653785e-05,2.4148848512025e-05,56308.76039581406,5000.0,54503.354754476735,2502.525706986313,54560.776336178256
2023-08-09 17:15:43+00:00,39.709247088537424,-75.71910741493724,-2519.749734909731,39.99597087896268,-75.23416876469183,-8.57684092465851,2.3758991881228216e-05,2.419673051176786e-05,56343.26301565826,5000.0,54511.818300915606,2502.310292396885,54569.22109826631
2023-08-09 17:15:44+00:00,39.70901075729504,-75.71895102273484,-2519.779570188749,39.99421887326624,-75.23400551953027,-8.47058800859907,2.3769810828398807e-05,2.4196922543251888e-05,56391.1169467448,5000.0,54519.53095679796,2502.341812579802,54576.92708733459
2023-08-09 17:15:45+00:00,39.70890277351751,-75.71883416362999,-2520.162437785537,40.029481349822966,-75.23532293047514,-10.638434743546563,2.378876828689534e-05,2.419801431944476e-05,56433.44687646642,5000.0,54520.11060200309,2502.5953118418533,54577.51774631659
2023-08-09 17:15:46+00:00,39.708795672674135,-75.71870516879414,-2520.3817498536464,40.029367628648046,-75.235199316918,-10.45845509968871,2.379491984318311e-05,2.419416702925564e-05,56465.200520591054,5000.0,54520.04821530692,2502.6899576763312,54577.45976521485
2023-08-09 17:15:47+00:00,39.70868916318641,-75.71856290535749,-2520.6622391538394,40.02925254065205,-75.23506300604011,-10.301487317431494,2.381788535624986e-05,2.4216285428265424e-05,56459.468146864376,5000.0,54518.95735139706,2502.846947935558,54576.37724811205
2023-08-09 17:15:48+00:00,39.70857853173104,-75.71840377388621,-2521.2625096715065,40.02913421922468,-75.23491096639395,-10.238399055200322,2.384373146222904e-05,2.421506509859952e-05,56472.03659622526,5000.0,54517.12562991171,2503.1633014765066,54574.56196307429
2023-08-09 17:15:49+00:00,39.70846489114724,-75.718227237523,-2521.748204506349,40.02900728711413,-75.23474228982019,-10.180066606817052,2.384805995774058e-05,2.42283924482836e-05,56503.29570365353,5000.0,54514.37757587208,2503.497088284824,54571.832112874814
2023-08-09 17:15:50+00:00,39.70835249678437,-75.71804233543835,-2522.3500225178354,40.028873650403504,-75.23456366436565,-10.205606589693144,2.3871944419550247e-05,2.423718790317384e-05,56519.34952882391,5000.0,54511.09932174818,2503.989956599475,54568.57992442396
2023-08-09 17:15:51+00:00,39.70823932460432,-75.71784741094865,-2522.91689685302,40.02873522974149,-75.234377791374,-10.33353010394988,2.38784827479547e-05,2.42432503254361e-05,56580.07589307825,5000.0,54507.58796340389,2504.4950221073573,54565.095444835184
2023-08-09 17:15:52+00:00,39.70812266673328,-75.71763909076618,-2523.455197994915,40.02857346090367,-75.2341848765379,-10.410638606076642,2.3872772837539934e-05,2.4249031165298784e-05,56578.17495044522,5000.0,54503.67105281971,2504.9009418583246,54561.20129691519
2023-08-09 17:15:53+00:00,39.70800388037464,-75.71741273672102,-2524.085691723892,40.028378481130126,-75.2339850550656,-10.454865603151385,2.3862860060995756e-05,2.4279439996594568e-05,56588.16149941398,5000.0,54498.69928990469,2505.412602658488,54556.258271632025
2023-08-09 17:15:54+00:00,39.70788591786071,-75.71717663763422,-2524.7302968234576,40.02815854225758,-75.2337815664705,-10.524632434533617,2.3875759390768056e-05,2.4281819814855352e-05,56609.92725529504,5000.0,54493.26999370059,2505.8933776255685,54550.856787280405
2023-08-09 17:15:55+00:00,39.70776932596552,-75.71693646402059,-2525.21969004364,40.027919586491606,-75.23357964111821,-10.598834364922284,2.390128774688394e-05,2.429802594044652e-05,56682.24116721941,5000.0,54487.63075048187,2506.581917220649,54545.25513469156
2023-08-09 17:15:56+00:00,39.70765447268123,-75.71669084390504,-2525.982747653481,40.02767196115912,-75.23337612720447,-10.703673681832118,2.390388201874092e-05,2.429837775144713e-05,56697.05631366575,5000.0,54481.53382631778,2507.500758801772,54539.206889389214
2023-08-09 17:15:57+00:00,39.7075406155202,-75.71643565073256,-2526.582991808529,40.02737129359474,-75.23318426193572,-10.686075717561067,2.3931385200727647e-05,2.431751586267368e-05,56632.77787574487,5000.0,54474.73961798266,2508.267495178565,54532.45512788122
2023-08-09 17:15:58+00:00,39.70742876442284,-75.71617906707652,-2527.297553150103,40.02702559460457,-75.23300088989164,-10.603970716086469,2.39253898755218e-05,2.4313335711204115e-05,56652.47038999295,5000.0,54467.82732953393,2509.2140798437777,54525.59370881173
2023-08-09 17:15:59+00:00,39.7073180708839,-75.71591448584968,-2527.841199850327,40.026658051309376,-75.23281726408045,-10.5467471794956,2.395364873173703e-05,2.4326767819205677e-05,56709.81604653759,5000.0,54460.28126474984,2509.7688644405725,54518.08117669383
2023-08-09 17:16:00+00:00,39.70720914706322,-75.71564247119392,-2528.489974058419,40.026231872476494,-75.2326452056266,-10.40245157081185,2.3966008311004094e-05,2.4349546408117866e-05,56772.70963568815,5000.0,54452.11001198548,2510.478629029596,54509.95127226022
2023-08-09 17:16:01+00:00,39.707100147682496,-75.7153700376096,-2528.938908375177,40.0258083904594,-75.23247059871359,-10.260814770890414,2.3972271214259144e-05,2.4364510756349787e-05,56801.14522667627,5000.0,54444.08589634353,2510.760110449667,54501.94863874739
2023-08-09 17:16:02+00:00,39.7069985657555,-75.71509396752158,-2529.5029413339344,40.02539786186816,-75.23229256654808,-10.119385290395153,2.399365455396966e-05,2.43599206225484e-05,56807.77404408748,5000.0,54435.17879996867,2511.098432999609,54493.0665894733
2023-08-09 17:16:03+00:00,39.70689697354098,-75.7148238507971,-2529.9978688294395,40.024943700131054,-75.23212831877585,-9.869952871919228,2.4004875479663997e-05,2.435766325363529e-05,56826.98350082015,5000.0,54426.23788719714,2511.445872939304,54484.1511902909
2023-08-09 17:16:04+00:00,39.70679699228442,-75.71455506724833,-2530.4388062384746,40.024537147924846,-75.2319431065078,-9.729046358117694,2.398666980262912e-05,2.4380186960632645e-05,56855.54646396218,5000.0,54417.23337218273,2511.8075127904367,54475.172921835765
2023-08-09 17:16:05+00:00,39.70670307240235,-75.71428324288402,-2530.7461169660064,40.02412575598439,-75.23174789883171,-9.616913924015126,2.4003359892905693e-05,2.4376342872439007e-05,56919.63752064303,5000.0,54407.7868522353,2512.057205717116,54465.74796661718
2023-08-09 17:16:06+00:00,39.70658509612975,-75.71404356715283,-2530.820363313508,40.02468623908811,-75.23180070930592,-8.566326105931916,2.401123024838428e-05,2.4416560077688737e-05,56925.69112056223,5000.0,54402.013096659066,2512.097252148241,54459.98220320418
2023-08-09 17:16:07+00:00,39.706466735671,-75.71380128193064,-2530.964453999913,40.02437875546893,-75.23159189462525,-8.515648162879378,2.4021497612260976e-05,2.4412351242384024e-05,56881.89604521056,5000.0,54396.20532930076,2512.168489850338,54454.183904901605
2023-08-09 17:16:08+00:00,39.706352182821206,-75.7135548738557,-2531.0287534616364,40.02408917980793,-75.23137169206454,-8.518234280940831,2.404983399689322e-05,2.4432726081599253e-05,56999.96244068544,5000.0,54389.71376036734,2512.242901288052,54447.70268183741
2023-08-09 17:16:09+00:00,39.70624347399552,-75.71331399411122,-2531.2383715657584,40.02372462755741,-75.23116581385929,-8.451118206252751,2.405016517111617e-05,2.4442440729155978e-05,56963.22945363198,5000.0,54382.82341962773,2512.476120694744,54440.8304432204
2023-08-09 17:16:10+00:00,39.7061326119932,-75.7130658858906,-2531.5964341002523,40.02333868988724,-75.23096133168518,-8.394188108476934,2.405931299050014e-05,2.445338958485593e-05,57002.05775557367,5000.0,54375.55997208791,2512.781453924253,54433.58882999829
2023-08-09 17:16:11+00:00,39.70602081513189,-75.71281507237572,-2531.914072247865,40.02300129285659,-75.23074070547739,-8.419994401378334,2.406679881798461e-05,2.4455939377121915e-05,57016.017034911565,5000.0,54368.55273696223,2513.21891879625,54426.609264638544
2023-08-09 17:16:12+00:00,39.705911061530834,-75.71256015512846,-2531.9698936074246,40.02266992333352,-75.23051129393455,-8.462241316556833,2.4062566529602528e-05,2.445083262266662e-05,57031.19002244631,5000.0,54360.91465374817,2513.168710765321,54418.97701134102
2023-08-09 17:16:13+00:00,39.70580393436212,-75.7123060817909,-2532.136563126869,40.02239559300848,-75.2302685125282,-8.555486927571708,2.4069243462711847e-05,2.447989604724039e-05,57001.3472717378,5000.0,54353.22314828674,2513.576482547394,54411.31254933177
2023-08-09 17:16:14+00:00,39.705698517358655,-75.71205154087137,-2532.240006806496,40.02214777858013,-75.23001929031227,-8.676067695249357,2.4064758540929645e-05,2.447525035774172e-05,57050.93977979568,5000.0,54345.12878480661,2513.857318904879,54403.23980478578
2023-08-09 17:16:15+00:00,39.70558893589594,-75.71179266571154,-2532.343746373726,40.02177016764266,-75.22977950747249,-8.74832857929249,2.4072448097903427e-05,2.44930182797532e-05,57048.1742504544,5000.0,54337.04349038878,2514.0927023738,54395.1740266775
2023-08-09 17:16:16+00:00,39.70547803907003,-75.71153053361782,-2532.644352086084,40.021341876173935,-75.22953852019036,-8.838404842452887,2.4076746375068617e-05,2.451584186089138e-05,57061.522606076825,5000.0,54328.98022187331,2514.5696275832943,54387.141424795125
2023-08-09 17:16:17+00:00,39.70536705207668,-75.7112624685453,-2532.746092747183,40.02089351474743,-75.22929286971235,-8.93840993678286,2.4107711310240904e-05,2.4529110145676863e-05,57096.06237957275,5000.0,54320.47212872934,2514.372107771899,54378.63329823951
2023-08-09 17:16:18+00:00,39.70526009215671,-75.71099286139946,-2532.8923041520966,40.02034979777849,-75.22905001593901,-8.94755136681991,2.412732945355457e-05,2.454562034571347e-05,57124.36945140199,5000.0,54311.90915642448,2514.3466688112844,54370.07830955063
2023-08-09 17:16:19+00:00,39.70514834533472,-75.71071875515857,-2532.9203771071057,40.01953827515058,-75.2288231332621,-8.812239559046347,2.413608187007135e-05,2.4551428284429164e-05,57159.65239479624,5000.0,54303.39622263703,2514.269843405987,54361.57093166247
2023-08-09 17:16:20+00:00,39.7050383399846,-75.71043933836856,-2532.9839965524397,40.01868148870772,-75.22859111573867,-8.646261556656508,2.4149887301468365e-05,2.4566534743908843e-05,57167.52579149942,5000.0,54294.37220004775,2514.4345013420057,54352.564184763694
2023-08-09 17:16:21+00:00,39.70492414233532,-75.71015705138747,-2532.9933701799764,40.0179477420044,-75.22834236435524,-8.463398239501425,2.4175275527149048e-05,2.4590223943066107e-05,57203.46428329647,5000.0,54285.29369082183,2514.805662719516,54343.51257160349
2023-08-09 17:16:22+00:00,39.70480816272513,-75.70987448567303,-2532.789596243556,40.01704839239374,-75.22810141110281,-8.124886985684272,2.4197308037677653e-05,2.4612310995070453e-05,57232.14655145323,5000.0,54276.57320388764,2514.844483701328,54334.803225319374
2023-08-09 17:16:23+00:00,39.704690446925966,-75.70959329552676,-2532.586577313272,40.01597770403121,-75.22786901294326,-7.652174431978156,2.4183277739270908e-05,2.462852175477792e-05,57295.28526125181,5000.0,54268.00357245896,2514.819096015736,54326.24160409132
2023-08-09 17:16:24+00:00,39.70456998175676,-75.70930907938319,-2532.4130294324505,40.0148958548336,-75.22763329278641,-7.182959061197826,2.4166813651064546e-05,2.462883879794624e-05,57322.56395034616,5000.0,54259.50290628908,2514.947288554888,54317.755987354656
2023-08-09 17:16:25+00:00,39.70444636489591,-75.70902245350854,-2532.2121612618016,40.01382417579238,-75.2273913968732,-6.766429324664887,2.4186841447851174e-05,2.4638130813822045e-05,57280.44609742922,5000.0,54251.08147716124,2515.19957766802,54309.35527473226
2023-08-09 17:16:26+00:00,39.70431906257437,-75.70873334336558,-2532.100993706724,40.012757743322645,-75.22714529311858,-6.372255621053908,2.4198833815988315e-05,2.4632819779069867e-05,57404.83629506149,5000.0,54242.81702067442,2515.578453936455,54301.11723801155
2023-08-09 17:16:27+00:00,39.70418757178918,-75.70844221614246,-2531.989841942638,40.01185417421759,-75.22688603646725,-6.01583261120619,2.4213492544084864e-05,2.4629096469680667e-05,57447.58823279264,5000.0,54235.0172034715,2516.0565377572216,54293.34794946836
2023-08-09 17:16:28+00:00,39.70405762413949,-75.70814823652535,-2531.7865019274413,40.01095646108429,-75.22662352600264,-5.645856742887048,2.4232581337992093e-05,2.4636344262432288e-05,57529.56226066398,5000.0,54226.87800071606,2516.195694736753,54285.223942420605
2023-08-09 17:16:29+00:00,39.70392474402966,-75.70785512468096,-2531.442583718509,40.010005690632646,-75.22636097947209,-5.262849099736384,2.42502056619752e-05,2.464620712216354e-05,57586.7709526484,5000.0,54219.18529001052,2516.0504076559814,54277.53276601986
2023-08-09 17:16:30+00:00,39.70379012196612,-75.70756743122537,-2531.11403973312,40.00891107118396,-75.22610569167072,-4.852300473500796,2.4269686875205294e-05,2.4673426104975847e-05,57629.36039513604,5000.0,54212.25079690579,2515.961340324785,54270.601599140406
2023-08-09 17:16:31+00:00,39.70365550824907,-75.70728079246075,-2531.0816441414063,40.00814425849259,-75.2258353248966,-4.606423945090978,2.429954637040676e-05,2.4670036917290445e-05,57660.80938480794,5000.0,54205.3969738224,2516.0383230579605,54263.75871548865
2023-08-09 17:16:32+00:00,39.70352305803715,-75.70700379640206,-2530.9224739764663,40.00708882053116,-75.22558025073381,-4.416090142724348,2.4292282072724428e-05,2.468067006484503e-05,57639.25088029092,5000.0,54199.06055227609,2516.069667430405,54257.4305632017
2023-08-09 17:16:33+00:00,39.703394994324775,-75.70673356246593,-2531.0335372979443,40.00577062578214,-75.22533888156492,-4.24642212336831,2.4298711643004132e-05,2.4673790979425725e-05,57658.63031190674,5000.0,54193.090402932576,2516.093939372403,54251.467962924005
2023-08-09 17:16:34+00:00,39.70326454995208,-75.70646440679793,-2531.299344377234,40.00411964945102,-75.2251151759093,-4.138103550938745,2.430698706232392e-05,2.469403689358024e-05,57686.17484273134,5000.0,54187.11261558293,2516.4131676027782,54245.51141655825
2023-08-09 17:16:35+00:00,39.70312965755036,-75.70620390508995,-2531.7125547443693,40.002475009281866,-75.22488698044002,-4.257789300777167,2.4352424099417737e-05,2.4699213540424223e-05,57670.27020775255,5000.0,54181.62707636188,2516.9501046436467,54240.05669679205
2023-08-09 17:16:36+00:00,39.70299359370726,-75.70595478503373,-2532.301796447497,40.00048203884969,-75.22466955483209,-4.539062167787149,2.43634009261366e-05,2.46851030625591e-05,57669.02753294936,5000.0,54177.08913029594,2517.605606113399,54235.55406391608
2023-08-09 17:16:37+00:00,39.702851474701816,-75.70571350848635,-2533.0832627958125,39.99843755154924,-75.2244519445263,-4.970302172589081,2.4387427142343623e-05,2.470749577889048e-05,57650.64587054785,5000.0,54173.630927380495,2517.834213843019,54232.110202208016
2023-08-09 17:16:38+00:00,39.702706791832966,-75.70548441757367,-2533.9572721978343,39.99608884522351,-75.22424111139638,-5.464105419101205,2.4414113842901665e-05,2.4729870939538327e-05,57690.40169426517,5000.0,54171.73977328144,2517.8441237262314,54230.22154754215
2023-08-09 17:16:39+00:00,39.70256111757134,-75.70526801931555,-2534.668163575364,39.99438791262012,-75.22401893236056,-6.062656917605814,2.4416338481479944e-05,2.4747077723109184e-05,57721.72125645168,5000.0,54171.53378947685,2517.4818025413174,54229.99896487699
2023-08-09 17:16:40+00:00,39.70241897406814,-75.70507418854828,-2535.5456450392576,39.993059769535726,-75.22380103857833,-6.768289404714132,2.443635058050291e-05,2.475410826015006e-05,57716.243614521154,5000.0,54172.8122993776,2516.4661289693445,54231.228957140986
2023-08-09 17:16:41+00:00,39.70228040039288,-75.7049030183613,-2536.341615882673,39.99157898993335,-75.2235929867423,-7.499861075940865,2.4464016580529635e-05,2.477667871929466e-05,57764.52979199747,5000.0,54175.544025742296,2515.860368351868,54233.92963706562
2023-08-09 17:16:42+00:00,39.702149669605866,-75.70475466962384,-2537.071944650212,39.99075858342727,-75.2233991294462,-8.234066147241643,2.44925676502692e-05,2.478811086224779e-05,57772.80308591138,5000.0,54179.89893205712,2515.869579849524,54238.28028275543
2023-08-09 17:16:43+00:00,39.702034145863294,-75.70463018911819,-2537.5616373706744,39.98983849912634,-75.22322032975228,-8.786608054338016,2.4507978132139765e-05,2.4797942634608543e-05,57836.845575899766,5000.0,54184.19758708275,2515.859806132516,54242.57385781152
2023-08-09 17:16:44+00:00,39.70192502463803,-75.70452645933483,-2537.883977492551,39.990887808840576,-75.22310878278232,-9.32527867117441,2.4558668546340847e-05,2.4801267623306296e-05,57847.82530642184,5000.0,54188.323960459806,2515.6925121946733,54246.68803217072
2023-08-09 17:16:45+00:00,39.70185795837938,-75.70440955516432,-2538.7554825538127,40.02475037486519,-75.22882266371202,-13.940973526714286,2.458652792870149e-05,2.479938198761164e-05,57885.71901852309,5000.0,54187.57531081013,2516.3229191140376,54245.969427211625
2023-08-09 17:16:46+00:00,39.70179494389901,-75.70429761462796,-2539.324366332425,40.02467312426907,-75.2286956372754,-13.66951810103464,2.4594314681343004e-05,2.4826575594183484e-05,57871.81462282519,5000.0,54185.75845073632,2516.4646963114715,54244.16110006057
2023-08-09 17:16:47+00:00,39.70172995757829,-75.70417165497585,-2539.780099524106,40.0245965668473,-75.22855381739011,-13.182050149292133,2.4580613446115155e-05,2.484984905342917e-05,57894.9648868216,5000.0,54182.5029517721,2516.2935089048387,54240.90116454325
2023-08-09 17:16:48+00:00,39.70166141598193,-75.704033543842,-2540.001310092466,40.02451347405445,-75.22838473954965,-12.422003363468551,2.4611693536548383e-05,2.4848789507075967e-05,57937.30288611293,5000.0,54178.444056805245,2516.1883422297856,54236.84176083586
2023-08-09 17:16:49+00:00,39.70159267450818,-75.7038815844629,-2540.2652463592613,40.02442553927296,-75.22820039185609,-11.754862257951553,2.460747473104888e-05,2.4836962863636608e-05,58044.99663196037,5000.0,54173.47200321154,2515.919499737628,54231.8625884443
2023-08-09 17:16:50+00:00,39.70152039357372,-75.70371850910075,-2540.305254480174,40.02433138212801,-75.22800509775661,-11.18690986225475,2.4617507145143333e-05,2.485027416862944e-05,58123.68235886508,5000.0,54168.07178158098,2515.4634340460934,54226.44702377736
2023-08-09 17:16:51+00:00,39.70144328463349,-75.70354653718941,-2540.4514291718,40.02423173740803,-75.22780306212758,-10.743174547007042,2.460983999452917e-05,2.485264172273972e-05,58120.81208855526,5000.0,54163.31992309991,2515.302938169522,54221.69283564315
2023-08-09 17:16:52+00:00,39.70136688814796,-75.70336598876382,-2540.5025054376447,40.02412662775816,-75.22759527622519,-10.397916333229938,2.463468404698712e-05,2.485902889180704e-05,58196.35954666348,5000.0,54157.55347145568,2515.272966386222,54215.93120208316
2023-08-09 17:16:53+00:00,39.701286816121126,-75.7031756797285,-2540.5560071291816,40.02401795756646,-75.22738357057462,-10.151220736874242,2.4644849471051253e-05,2.484492775054781e-05,58253.26614213589,5000.0,54151.40415920422,2515.2574423702326,54209.78779164219
2023-08-09 17:16:54+00:00,39.70120512410661,-75.70297797398365,-2540.637869075239,40.02390431615966,-75.22716667433109,-9.9691846335451,2.4644432127599413e-05,2.4864350636536205e-05,58280.60463607652,5000.0,54144.8838243523,2515.310249766456,54203.27693050659
2023-08-09 17:16:55+00:00,39.70111782554801,-75.70277501436271,-2540.57719752306,40.02378713601131,-75.22694504497404,-9.85025868894088,2.4690261921173805e-05,2.486927646198548e-05,58273.33423508322,5000.0,54138.441171399216,2515.26785142829,54196.83925132057
2023-08-09 17:16:56+00:00,39.70102786519093,-75.70256492761722,-2540.717704406059,40.02366312724749,-75.22671703019148,-9.769123801243898,2.4708287408168745e-05,2.488163131894708e-05,58258.45046653787,5000.0,54131.74508385872,2515.444790384507,54190.1585928417
2023-08-09 17:16:57+00:00,39.70093579599,-75.70234594231894,-2540.8619923553074,40.02352678285295,-75.22648117208092,-9.708881297037497,2.469064326307428e-05,2.490950633234761e-05,58286.39226699556,5000.0,54124.64868139113,2515.641585859015,54183.07897741248
2023-08-09 17:16:58+00:00,39.700842640882186,-75.70211886044285,-2540.9455461208945,40.023380179395005,-75.2262382756042,-9.680807081394038,2.471034759470964e-05,2.4905145338450398e-05,58379.39319176424,5000.0,54117.12410141208,2515.7888255865328,54175.569350239246
2023-08-09 17:16:59+00:00,39.70074810045988,-75.70188480325368,-2541.107290442813,40.023220340873614,-75.22598787093864,-9.681495218190106,2.470816716401656e-05,2.490935160963181e-05,58316.768732299846,5000.0,54109.268858787655,2516.023711529508,54167.73349282344
2023-08-09 17:17:00+00:00,39.70064919347713,-75.70164479530794,-2541.1891552421703,40.02304583780703,-75.22572990180032,-9.710458888334504,2.4704746861997177e-05,2.490943678970989e-05,58330.03771500438,5000.0,54101.36588852992,2516.181528149612,54159.8463853729
2023-08-09 17:17:01+00:00,39.70054868572424,-75.70139738829195,-2541.373462245715,40.02284449015088,-75.22546337487584,-9.758565238858456,2.4727802516548236e-05,2.493482229680441e-05,58348.7230078499,5000.0,54093.12130383037,2516.4457629472304,54151.62298277644
2023-08-09 17:17:02+00:00,39.70044324485916,-75.70114110197864,-2541.5458010308826,40.02261077506038,-75.2251884000106,-9.826672352186334,2.4759223230137e-05,2.4933309436699656e-05,58434.07186958392,5000.0,54084.686226004735,2516.7037634784883,54143.20901090453
2023-08-09 17:17:03+00:00,39.70033765753071,-75.70087546801156,-2541.846033866332,40.02232496917578,-75.22490522811552,-9.898822234059248,2.47553132884595e-05,2.494416833229656e-05,58447.157311235904,5000.0,54075.68176412767,2517.091665426823,54134.23231844496
2023-08-09 17:17:04+00:00,39.70022857300453,-75.7006032751646,-2542.1192867753853,40.02198054245082,-75.22461489460811,-9.97533023053796,2.4758902123941496e-05,2.494995525128682e-05,58525.34528703293,5000.0,54066.53197585399,2517.456636842523,54125.10940233216
2023-08-09 17:17:05+00:00,39.700121950555925,-75.70032297816377,-2542.4809382506573,40.021590842600894,-75.2243188551385,-10.070320641550031,2.4781907166707685e-05,2.4956242470137795e-05,58554.24239416561,5000.0,54056.694836198665,2517.911246797996,54115.30406142665
2023-08-09 17:17:06+00:00,39.70001157955963,-75.7000361984613,-2542.8671425884486,40.02115428814386,-75.22401823610232,-10.181781989589837,2.4809824192385075e-05,2.4943028372297348e-05,58598.58959456596,5000.0,54046.73794976617,2518.3915851912507,54105.3803164441
2023-08-09 17:17:07+00:00,39.69990329500693,-75.69974265737808,-2543.147984326522,40.02064816464458,-75.22371453204943,-10.291833663738531,2.4816403740394735e-05,2.496716875910799e-05,58595.09373276245,5000.0,54036.20893939104,2518.7684314515545,54094.88026562957
2023-08-09 17:17:08+00:00,39.69979273903036,-75.6994425275314,-2543.5151650869293,40.02009785988415,-75.22340879158237,-10.40951397795788,2.481949949220584e-05,2.4983438031229985e-05,58620.116140558384,5000.0,54025.44501445815,2519.233418918322,54084.14967464346
2023-08-09 17:17:09+00:00,39.69968407924631,-75.6991347565482,-2543.88455012803,40.01948999912611,-75.22310275653042,-10.5260341425155,2.484300980172787e-05,2.5010059848929367e-05,58639.92172874788,5000.0,54014.0674944869,2519.700772305125,54072.80628264952
2023-08-09 17:17:10+00:00,39.699576669867454,-75.69881992259594,-2544.2766452502688,40.0188036535672,-75.22279909469367,-10.632616289449116,2.4863989553781797e-05,2.502762970359921e-05,58639.75384813299,5000.0,54002.16221268904,2520.1934005081903,54060.93689922091
2023-08-09 17:17:11+00:00,39.69946841937687,-75.6984994260805,-2544.6856798639137,40.0180655463971,-75.222497822917,-10.73857229500993,2.487092361038924e-05,2.503039907575345e-05,58718.683129085526,5000.0,53989.97419267266,2520.7037147104807,54048.78593033164
2023-08-09 17:17:12+00:00,39.69936298725791,-75.69817121173377,-2545.07467615771,40.01725329772106,-75.22220181863528,-10.828020384851978,2.486062074296689e-05,2.5048650870443125e-05,58738.472170533845,5000.0,53977.10086016975,2521.194352729514,54035.94949876585
2023-08-09 17:17:13+00:00,39.69925906367875,-75.69784274027525,-2545.4651492136413,40.0163474852771,-75.22191546599358,-10.885420570968094,2.486175643427743e-05,2.5066563145742224e-05,58800.486115707485,5000.0,53964.11238277253,2521.6873810234238,54022.99818140526
2023-08-09 17:17:14+00:00,39.69916159665716,-75.69750821457694,-2545.7393775629944,40.015413103877016,-75.22163282378023,-10.938386647690509,2.4880147763143547e-05,2.507275808439668e-05,58829.2104560503,5000.0,53950.27069246364,2522.0652796940394,54009.18922799285
2023-08-09 17:17:15+00:00,39.69906574395119,-75.69716926628794,-2546.0369071779733,40.0144610160023,-75.22135379447016,-10.989685540915662,2.4873525768716376e-05,2.508901408720321e-05,58821.628625825775,5000.0,53936.04313405764,2522.465365088842,53994.99588366499
2023-08-09 17:17:16+00:00,39.69897569615101,-75.69682824910831,-2546.3556561205887,40.01344248460794,-75.22108523530056,-11.013696997210811,2.4887157278431717e-05,2.506669634247144e-05,58859.24563343726,5000.0,53921.26291779461,2522.886666785175,53980.25149796335
2023-08-09 17:17:17+00:00,39.69888653090387,-75.69648531673326,-2546.7188276310203,40.01239824286706,-75.22082222053882,-11.027652995045274,2.4878771398002337e-05,2.5054137263749284e-05,58878.33754673869,5000.0,53906.30910634918,2523.353839492899,53965.33587469412
2023-08-09 17:17:18+00:00,39.6988031010609,-75.69614023165556,-2547.149705796352,40.01136100058578,-75.22056150327654,-11.04498837455568,2.490407345322989e-05,2.506988938026037e-05,58896.17459354583,5000.0,53890.80181150078,2523.889499377463,53949.87060310268
2023-08-09 17:17:19+00:00,39.698725969414326,-75.6957923284757,-2547.627379943556,40.01027773825396,-75.22031013158399,-11.042681040626665,2.492333330541123e-05,2.507232237472511e-05,58885.47897556449,5000.0,53874.65694987958,2524.4704541984665,53933.77061305216
2023-08-09 17:17:20+00:00,39.69865059673697,-75.69544451699123,-2547.9715320243195,40.0091970587058,-75.22006109254677,-11.0418387395739,2.4930784247008924e-05,2.50771422984194e-05,58898.08354460646,5000.0,53858.39799231707,2524.917698137777,53917.550423597626
2023-08-09 17:17:21+00:00,39.69858088328883,-75.69509639953561,-2548.4175762836294,40.00807671656968,-75.21982027916069,-11.020840024826745,2.4944910710144264e-05,2.506790031671404e-05,58876.03864789849,5000.0,53841.70709991535,2525.469308209424,53900.90369056704
2023-08-09 17:17:22+00:00,39.69851739453432,-75.6947452798214,-2548.718413810383,40.00693748908959,-75.2195842882838,-10.993100166124384,2.4967779428021155e-05,2.5106223537226168e-05,58853.707067460025,5000.0,53824.37054822177,2525.874499738262,53883.60517727736
2023-08-09 17:17:23+00:00,39.6984598684178,-75.69439299327138,-2549.076034660301,40.00581171819847,-75.21934765981132,-10.976264213618128,2.4981277231145477e-05,2.5120689800038097e-05,58912.14445440759,5000.0,53806.52325780039,2526.3323864964077,53865.79898617745
2023-08-09 17:17:24+00:00,39.69840729606516,-75.69403768790005,-2549.4604464973986,40.0046425745082,-75.21911951122028,-10.94406400866466,2.497799276878764e-05,2.5138309289785486e-05,58980.57008991959,5000.0,53788.12498282087,2526.8215463731685,53847.44391607437
2023-08-09 17:17:25+00:00,39.698356996121205,-75.693686575177,-2549.885557524708,40.00346098020893,-75.2188948297164,-10.910965846762444,2.499523681904293e-05,2.516112352358637e-05,58997.60689307292,5000.0,53769.830171655885,2527.3514084853387,53829.19414063978
2023-08-09 17:17:26+00:00,39.69830722978677,-75.69333255889242,-2550.2276454250564,40.002270190216535,-75.2186719744779,-10.878101913336424,2.5002590525504796e-05,2.5180793696760102e-05,59069.36202311713,5000.0,53751.32387070656,2527.7943863802107,53810.72906320266
2023-08-09 17:17:27+00:00,39.69826567355163,-75.69298207617607,-2550.5388013247752,40.00108692099713,-75.21844774279569,-10.853152034184324,2.500170959248452e-05,2.5156273203458813e-05,59151.25758940685,5000.0,53732.43155441831,2528.2025952317804,53791.87679485431
2023-08-09 17:17:28+00:00,39.69822376841786,-75.6926266802036,-2550.834869009252,39.99987298643663,-75.21822674646263,-10.822346738677291,2.5012956043741712e-05,2.517429282678745e-05,59130.56922138189,5000.0,53713.26710051116,2528.597216470067,53772.75208220233
2023-08-09 17:17:29+00:00,39.69818583992348,-75.69227098523601,-2551.15916810748,39.998638808118685,-75.2180082980904,-10.79246022056817,2.5003569406669904e-05,2.5190699792935785e-05,59155.41067456085,5000.0,53693.79360554692,2529.0214526215614,53753.3200952545
2023-08-09 17:17:30+00:00,39.698148393608776,-75.69191764971302,-2551.482606052441,39.99740827609717,-75.21778767825334,-10.778570774440048,2.5026127566601075e-05,2.521649808706015e-05,59231.94563689899,5000.0,53674.442750018585,2529.445093595889,53734.01061717373
2023-08-09 17:17:31+00:00,39.6981145347834,-75.69156385715168,-2551.8008801185424,39.99618362851744,-75.21756290272229,-10.783213904574891,2.502340387178166e-05,2.5222143119891803e-05,59252.55230858368,5000.0,53654.80231516159,2529.8602169590704,53714.41151307926
2023-08-09 17:17:32+00:00,39.69808202367945,-75.69120622989172,-2552.130801456254,39.99491949003316,-75.21733910227744,-10.804114934311055,2.5009203029447333e-05,2.5221781280330505e-05,59281.604972530426,5000.0,53634.82984016062,2530.283062902552,53694.48113504214
2023-08-09 17:17:33+00:00,39.69804679599064,-75.69084277323965,-2552.603432453651,39.99345622264296,-75.21714022742674,-10.820635351398376,2.502940407813126e-05,2.520918934539704e-05,59352.33538363945,5000.0,53614.61425660204,2531.4988111007906,53674.34534407326
2023-08-09 17:17:34+00:00,39.69800814946591,-75.69047768336395,-2553.124946403012,39.9917790790178,-75.21697124770992,-10.83182027108311,2.505124491154804e-05,2.524541368026702e-05,59323.4447069315,5000.0,53594.84503723581,2532.3309162995006,53654.63739915653
2023-08-09 17:17:35+00:00,39.69796934587102,-75.69010522388578,-2553.648172398108,39.99018655605738,-75.21678804595221,-10.914249211651782,2.5070956503753527e-05,2.522773831936617e-05,59370.173124517525,5000.0,53574.76347085503,2533.107736463156,53634.614902715504
2023-08-09 17:17:36+00:00,39.69792832468616,-75.68972405169453,-2554.144945753428,39.98865146242617,-75.2165987089896,-11.05949367453836,2.507415661875219e-05,2.524129424073446e-05,59387.672882696905,5000.0,53554.53060114268,2533.6652695023845,53614.43096412206
2023-08-09 17:17:37+00:00,39.69787769414177,-75.68933280097148,-2554.860467397116,39.98660958986856,-75.2164953502137,-11.09386663620204,2.508117511348095e-05,2.5243867661874537e-05,59431.78140043669,5000.0,53534.4569581894,2534.3127617834843,53594.41037069792
2023-08-09 17:17:38+00:00,39.69782351530567,-75.6889429288639,-2555.376871334165,39.984763718109946,-75.21637342452244,-11.117787137433677,2.5069959427336287e-05,2.523738415900752e-05,59445.646653891614,5000.0,53515.58123016969,2534.807114668827,53575.5791523663
2023-08-09 17:17:39+00:00,39.697768912554906,-75.68855373451723,-2555.9265535746717,39.98352656561388,-75.21616486472755,-11.225179896548592,2.508525757131201e-05,2.5227494903038483e-05,59450.76345266112,5000.0,53497.15304862514,2535.3127885599765,53557.1955505874
2023-08-09 17:17:40+00:00,39.69771041181385,-75.68816237084819,-2556.112804181088,39.98231289132941,-75.21597732179131,-11.14315496935654,2.511308903869431e-05,2.5241331795573185e-05,59480.49868103419,5000.0,53479.01330289195,2535.4311732046963,53539.08175421906
2023-08-09 17:17:41+00:00,39.69763560230776,-75.6877826065112,-2556.214927065588,39.98103455360731,-75.21585391276854,-10.74801733680407,2.5115723965729745e-05,2.5249872152237503e-05,59501.62660216267,5000.0,53462.96531823766,2535.5018364605944,53523.05512750349
2023-08-09 17:17:42+00:00,39.69753493854846,-75.687424517137,-2556.4019626142035,39.97998334368688,-75.21569799081458,-10.42757943542138,2.513946278915561e-05,2.5258271201019183e-05,59522.34403286866,5000.0,53450.39003915242,2535.835693211454,53510.50979013833
2023-08-09 17:17:43+00:00,39.69741559256408,-75.68710120035365,-2556.2239920768898,39.979069645548144,-75.21554887948788,-10.023740092223578,2.512420912820024e-05,2.523936068747276e-05,59582.17710342904,5000.0,53442.54220119217,2536.0048719112624,53502.678789351885
2023-08-09 17:17:44+00:00,39.6972890323011,-75.68680676844977,-2555.9490374905654,39.97849897438881,-75.21540945129456,-9.351304025523367,2.511262198564567e-05,2.525119316088338e-05,59621.22685658545,5000.0,53439.04866346256,2535.798565156256,53499.17939949143
2023-08-09 17:17:45+00:00,39.69727398145227,-75.68649403014496,-2556.1572100854355,40.02458841447909,-75.22810975860365,-15.19132482045695,2.511928808090263e-05,2.52562134948569e-05,59688.91590700936,5000.0,53427.94733395589,2536.149287062045,53488.1071783834
2023-08-09 17:17:46+00:00,39.69725655715664,-75.68618803479683,-2556.228379686452,40.02456886824808,-75.22781132010954,-13.789429661985562,2.512104077450312e-05,2.5288105616189957e-05,59688.72065533129,5000.0,53418.95665219466,2535.957728429892,53479.11752646481
2023-08-09 17:17:47+00:00,39.69723911321299,-75.68588276537713,-2556.226468632821,40.024555078276414,-75.22752042031395,-12.492189883588477,2.516010477917644e-05,2.528217070672956e-05,59741.39016306624,5000.0,53410.362143053455,2535.849268246292,53470.52754334282
2023-08-09 17:17:48+00:00,39.69722430636784,-75.68557467088115,-2556.3039365504137,40.02454848695748,-75.22722848663949,-11.31950787736582,2.5169307553581505e-05,2.5295390876742944e-05,59744.24978460336,5000.0,53402.98149280375,2536.9859686821665,53463.209126707225
2023-08-09 17:17:49+00:00,39.69721041734127,-75.68525605634352,-2556.413293921559,40.02454423942718,-75.22692676315907,-10.428958008950518,2.51436982424038e-05,2.5287287105196883e-05,59728.68509167248,5000.0,53393.71569810181,2537.598737763237,53453.98285818954
2023-08-09 17:17:50+00:00,39.69719987309863,-75.68493154749991,-2556.4560342084437,40.02453925585047,-75.22661928077686,-9.551200610475922,2.5187664686613392e-05,2.5289175715657507e-05,59802.07346140168,5000.0,53384.82257975204,2537.818237539525,53445.11019053466
2023-08-09 17:17:51+00:00,39.69719749548489,-75.68460178623674,-2556.3844139621906,40.02453346550405,-75.22630440929649,-8.82109139696045,2.5198023032963752e-05,2.5294999928630455e-05,59720.44315899037,5000.0,53376.19117846799,2537.784574470013,53436.48692856578
2023-08-09 17:17:52+00:00,39.69719959560874,-75.6842651048591,-2556.3277241651003,40.02452715177261,-75.22597684756894,-8.295931933798247,2.5226326587139245e-05,2.5319410179216404e-05,59770.59143024884,5000.0,53367.1741828029,2537.8884463137992,53427.4850430334
2023-08-09 17:17:53+00:00,39.69721216677729,-75.68391845183878,-2556.2944534662684,40.024515682406026,-75.22564404211873,-7.6606756022757185,2.5265315564937265e-05,2.5320078259972584e-05,59732.24336468051,5000.0,53356.795805894224,2538.0593042210644,53417.12650174693
2023-08-09 17:17:54+00:00,39.697231200919646,-75.68356128802546,-2556.242929681016,40.0245144925195,-75.22530033821285,-7.305133143950867,2.5279266226122632e-05,2.533126156526988e-05,59724.34975334285,5000.0,53344.74635151812,2538.0687594793994,53405.0911087665
2023-08-09 17:17:55+00:00,39.697257947374965,-75.68319697813342,-2556.2625773670406,40.02450960867539,-75.22495021687263,-6.985242580849768,2.530449812710816e-05,2.5335934030619688e-05,59764.93833757873,5000.0,53331.22770239061,2538.577312411297,53391.61191624885
2023-08-09 17:17:56+00:00,39.69729261506571,-75.68282544233548,-2556.3286431906035,40.0245133603889,-75.22459314501846,-6.7770261378276855,2.530021466031885e-05,2.5367116223780104e-05,59748.9326591631,5000.0,53315.964116233365,2538.832820841764,53376.37775023392
2023-08-09 17:17:57+00:00,39.69733359293461,-75.68244454497304,-2556.469825355085,40.0245106321858,-75.2242295749284,-6.626844810471074,2.531136402275871e-05,2.5359355616567303e-05,59840.46163510956,5000.0,53299.12075168499,2539.066523582336,53359.56457575224
2023-08-09 17:17:58+00:00,39.69738739006988,-75.68205182299559,-2556.6642791419736,40.024494080904,-75.22385897474614,-6.557159628450115,2.532091906714245e-05,2.537749633809132e-05,59831.64819289281,5000.0,53279.94044608739,2539.520885865317,53340.42763484715
2023-08-09 17:17:59+00:00,39.69745486586354,-75.68164997346346,-2557.025503817621,40.02453439122525,-75.22347089867884,-6.727270375594865,2.5318882802273016e-05,2.5380395998041545e-05,59889.261859585815,5000.0,53258.71611114241,2540.1939424095367,53319.25943852103
2023-08-09 17:18:00+00:00,39.697539749049085,-75.68123912995856,-2557.325845315012,40.02467221120217,-75.22305929226816,-7.128764666662324,2.5349808595634146e-05,2.538469973164885e-05,59869.61302879828,5000.0,53235.06794307219,2540.4976572400506,53295.65261116477
2023-08-09 17:18:01+00:00,39.69763000459419,-75.68081829415217,-2557.786776215717,40.02471201182401,-75.22265914428694,-7.429444366030749,2.5358071428567312e-05,2.5388153174299035e-05,59907.710509802055,5000.0,53208.597807229125,2541.0075677042064,53269.23690152317
2023-08-09 17:18:02+00:00,39.69773018024499,-75.68039180750033,-2558.3788837746006,40.02461825466304,-75.22228225370579,-7.606352303560027,2.534345562895244e-05,2.5368208909962027e-05,59903.24022086008,5000.0,53179.30107059341,2541.537425469453,53239.99882458564
2023-08-09 17:18:03+00:00,39.69784407012195,-75.67996133987654,-2558.9746317176523,40.02457916515501,-75.22189259329974,-7.9095652165701615,2.5374536102935704e-05,2.539792850852418e-05,59929.90474878239,5000.0,53148.07185093164,2542.1881156085656,53208.83631397076
2023-08-09 17:18:04+00:00,39.69796523349409,-75.67952511680771,-2559.6000359611867,40.024518519758,-75.22150858475642,-8.244384035099225,2.540842513147629e-05,2.539261567928712e-05,59967.36908289468,5000.0,53114.91713591384,2542.827417226596,53175.75005233864
2023-08-09 17:18:05+00:00,39.69809435015591,-75.67908581935129,-2560.265711492953,40.02426334817147,-75.22117027329377,-8.378122375253687,2.542626107259937e-05,2.536182887695877e-05,60019.900078081424,5000.0,53079.62057432297,2543.519179311978,53140.52700274639
2023-08-09 17:18:06+00:00,39.6982225905805,-75.6786459506526,-2560.8787539214504,40.023955877259205,-75.22084409491595,-8.452159732204157,2.5446449373654885e-05,2.5361537561278416e-05,60066.27270871989,5000.0,53043.26679020551,2544.320175171118,53104.25328474831
2023-08-09 17:18:07+00:00,39.69834831441743,-75.67820991151945,-2561.413903518158,40.023542042720734,-75.22054389747964,-8.352050668597178,2.5457315712257468e-05,2.5366110048505787e-05,60129.814962680095,5000.0,53006.40435137897,2544.783074305985,53067.45540495758
2023-08-09 17:18:08+00:00,39.69846933448352,-75.67777628487949,-2561.882783426621,40.02312109826154,-75.22024708078246,-8.179693625458185,2.543408164004833e-05,2.5384355484121163e-05,60109.12355840269,5000.0,52969.46189790585,2545.169141944599,53030.57400891307
2023-08-09 17:18:09+00:00,39.698586813259865,-75.67733780313985,-2562.3701690321045,40.02275436395942,-75.21993700894537,-8.027911894966591,2.545934200998243e-05,2.541310205095744e-05,60137.57132507681,5000.0,52932.67557901039,2545.467007681958,52993.844418384666
2023-08-09 17:18:10+00:00,39.69870130923898,-75.67690541591216,-2562.905841250731,40.02241099435125,-75.21961960320247,-7.873923875667647,2.5442204292257185e-05,2.542267191918235e-05,60216.01454817398,5000.0,52896.85728433903,2545.797748388049,52958.0833937127
2023-08-09 17:18:11+00:00,39.69881237511531,-75.67647273334373,-2563.4980919508125,40.022111504423975,-75.21928867172004,-7.762186411355824,2.54457478767813e-05,2.5428361343275672e-05,60234.205680285966,5000.0,52862.37536339924,2546.55353967539,52923.67772548836
2023-08-09 17:18:12+00:00,39.69892408973293,-75.67604167237178,-2563.9278748976058,40.02183534920074,-75.2189481359059,-7.681468344630437,2.546253550274889e-05,2.5422665003574463e-05,60286.96603146599,5000.0,52827.29026851551,2546.9005423387644,52888.65000627789
2023-08-09 17:18:13+00:00,39.69903657535161,-75.67560590069638,-2564.324639484142,40.02157153465576,-75.21859988473913,-7.622213409638079,2.5462227146564143e-05,2.5435934824291527e-05,60267.3501357216,5000.0,52791.84858821477,2547.241660921703,52853.26591082266
2023-08-09 17:18:14+00:00,39.69914746358045,-75.67516713645139,-2564.6941656574336,40.02128302608571,-75.21825062568023,-7.549333660778513,2.5455416271321998e-05,2.544081137726423e-05,60227.509212901896,5000.0,52756.236036197886,2547.5850358798825,52817.71133078433
2023-08-09 17:18:15+00:00,39.69926079066427,-75.67472763120209,-2565.269853305824,40.0210215464271,-75.21789086413133,-7.519927004753329,2.544336207720288e-05,2.544806755124315e-05,60213.2800687593,5000.0,52720.36936270725,2548.1558064053097,52781.91398342806
2023-08-09 17:18:16+00:00,39.69936805606582,-75.67428532080882,-2565.46289967654,40.020751822332336,-75.21752739152524,-7.458978776509516,2.5445798459266337e-05,2.5460765031811182e-05,60207.07084343082,5000.0,52684.796746277374,2548.361554122986,52746.392813225546
2023-08-09 17:18:17+00:00,39.69945617625172,-75.67384716853621,-2565.5686530662265,40.0202807573677,-75.21718716833911,-7.152682261329711,2.54687886627622e-05,2.547693649050196e-05,60242.87790707027,5000.0,52650.862785225705,2548.2016541147027,52712.49077494534
2023-08-09 17:18:18+00:00,39.69952976745747,-75.67341038350082,-2565.5250737853494,40.01962141053958,-75.21686363496624,-6.584910443240478,2.5484508692605368e-05,2.5484279536706745e-05,60295.290062913606,5000.0,52619.11458825979,2548.064480556521,52680.77308325579
2023-08-09 17:18:19+00:00,39.69959318078752,-75.67297443200056,-2565.4220910384693,40.01920858476678,-75.21650208664545,-6.1315945773207305,2.549153659089352e-05,2.5517036078624297e-05,60341.49823912318,5000.0,52590.39125865382,2547.888907578784,52652.07489381264
2023-08-09 17:18:20+00:00,39.699649326387146,-75.6725393379527,-2565.2429361089025,40.01885720450773,-75.21612887077762,-5.685859226730003,2.5506068729476824e-05,2.552426209393364e-05,60413.76649389934,5000.0,52564.04038181139,2547.6150957712016,52625.74164738109
2023-08-09 17:18:21+00:00,39.699703582996825,-75.6721015104205,-2565.275902250505,40.0187729493832,-75.21571280639215,-5.440823071132948,2.552601544884537e-05,2.553453298887397e-05,60399.108688896704,5000.0,52539.4645961731,2547.562348542232,52601.1921345157
2023-08-09 17:18:22+00:00,39.69976231441318,-75.67165879429882,-2565.540548749341,40.01868521447656,-75.2152953309652,-5.373508845548462,2.5536075797135072e-05,2.5554333052477524e-05,60401.869847525326,5000.0,52515.60792786105,2547.8032666444933,52577.37514861641
2023-08-09 17:18:23+00:00,39.699822577476105,-75.67120860784087,-2565.849167928919,40.018855004657006,-75.21484999774829,-5.646291834319077,2.5536314138448243e-05,2.5562970580501552e-05,60443.7984722974,5000.0,52492.00188373541,2547.8858656411026,52553.8008534722
2023-08-09 17:18:24+00:00,39.699882912280415,-75.67075788861402,-2566.4346448981896,40.01872504827121,-75.21442846261516,-5.969293564240397,2.552892387218688e-05,2.5569277743865947e-05,60463.59342515889,5000.0,52468.53733061151,2548.179670809945,52530.37815634399
2023-08-09 17:18:25+00:00,39.69994346296435,-75.67030604646905,-2566.4028166067906,40.01851747718313,-75.21401013365393,-6.082611187682914,2.5564489722189085e-05,2.5564188558199776e-05,60427.92783658317,5000.0,52445.53562089294,2547.679859589123,52507.379283576
2023-08-09 17:18:26+00:00,39.700007199296365,-75.66984648235913,-2566.4483239039946,40.01867693360254,-75.21355836648853,-6.114605794575951,2.5570270663611675e-05,2.5584936296678817e-05,60439.39968290241,5000.0,52422.63408197062,2547.2725403495283,52484.48495971935
2023-08-09 17:18:27+00:00,39.70007715289283,-75.66937718749895,-2566.499859399465,40.01901004102344,-75.21308590109227,-6.140918415504021,2.556911596800348e-05,2.5597320714323407e-05,60434.77517103115,5000.0,52399.239963879896,2547.1917081339147,52461.114498171446
2023-08-09 17:18:28+00:00,39.70015241459532,-75.66889534047124,-2566.3969755059143,40.01906824336196,-75.21263540582285,-5.946550068669798,2.5573780733929e-05,2.559904250716376e-05,60450.57314116802,5000.0,52374.829733185004,2546.992911624918,52436.72341472136
2023-08-09 17:18:29+00:00,39.70023539111838,-75.66840562153072,-2566.1366905796813,40.01918537362963,-75.21216970246572,-5.710582711179042,2.5605009435572877e-05,2.5622534020012597e-05,60487.447807387005,5000.0,52350.17495633774,2547.183927853278,52412.1070356982
2023-08-09 17:18:30+00:00,39.700321043696405,-75.6679066935193,-2565.752676443226,40.01949511451509,-75.21167759100422,-5.452619652565706,2.5604589931351325e-05,2.561563749335349e-05,60548.43504208595,5000.0,52325.08560653048,2547.1885613890827,52387.04757187615
2023-08-09 17:18:31+00:00,39.70041282688457,-75.66740537078579,-2565.643528998069,40.0192935524344,-75.21123454387661,-5.038256075112328,2.557556551385261e-05,2.559994610219552e-05,60578.190139582985,5000.0,52299.4225821491,2547.583778997602,52361.43414324343
2023-08-09 17:18:32+00:00,39.70051432107603,-75.66689777513776,-2565.45374115958,40.019308687242656,-75.21075692386079,-4.728541581497023,2.558532406348804e-05,2.560721221966746e-05,60599.51360363342,5000.0,52273.167710997615,2547.732626314389,52335.217627112914
2023-08-09 17:18:33+00:00,39.70062881675558,-75.66638609755759,-2564.158731958488,40.0192396897364,-75.21029509556953,-3.854793253306824,2.562766135757381e-05,2.5605920753517176e-05,60651.95320442694,5000.0,52245.54416252542,2546.961499814791,52307.58929371466
2023-08-09 17:18:34+00:00,39.70075567095496,-75.66586555591178,-2563.3022330457734,40.01941950200112,-75.20981235165318,-2.6950213846068087,2.561747968552455e-05,2.56327078293817e-05,60669.25833493122,5000.0,52216.5282084293,2546.881183712246,52278.60386339368
2023-08-09 17:18:35+00:00,39.70089682120352,-75.66534372977205,-2562.914393884261,40.01967391427891,-75.20931511653016,-1.9546044848335684,2.5640469500259957e-05,2.5619131782235677e-05,60719.0997499456,5000.0,52186.10146015191,2548.7214485169616,52248.30300240765
2023-08-09 17:18:36+00:00,39.70104736091686,-75.66481783527047,-2562.488016174349,40.019313416317765,-75.20889316043241,-1.2056781887647428,2.5648171007013924e-05,2.5616327508816325e-05,60756.97023831027,5000.0,52153.62684730964,2550.177746507867,52215.938178560005
2023-08-09 17:18:37+00:00,39.70121217919733,-75.66429463214274,-2562.0122880665917,40.019219655897125,-75.208433619824,-0.5560434854486684,2.5672761996821114e-05,2.5627233930964688e-05,60804.83066484588,5000.0,52119.82592771759,2550.842941550048,52182.2101337998
2023-08-09 17:18:38+00:00,39.701393104571466,-75.6637694965531,-2561.712447846461,40.019177039891325,-75.20796375356991,-0.0408009148202972,2.566634067303057e-05,2.566751817709341e-05,60830.04743943124,5000.0,52084.84826126687,2551.829338782399,52147.32257147499
2023-08-09 17:18:39+00:00,39.70159076586,-75.6632408924591,-2561.7479325119125,40.0188621536515,-75.20751508856843,0.3170483060153265,2.5676648287245663e-05,2.566516717592061e-05,60882.51393601093,5000.0,52048.08369578157,2553.59320551868,52110.68848770236
2023-08-09 17:18:40+00:00,39.701807098670784,-75.6627120216111,-2562.237037660203,40.01855788223803,-75.20705772470453,0.3824778931792708,2.5667021151172377e-05,2.5682085946236343e-05,60918.82483238579,5000.0,52008.91953885575,2555.726757662949,52071.67609035651
2023-08-09 17:18:41+00:00,39.70203657162946,-75.6621836213917,-2562.887128743245,40.01812653679736,-75.2065919591394,0.2775517339504292,2.567396849723168e-05,2.568748545973935e-05,60931.01775243468,5000.0,51967.406549202926,2557.497657984465,52030.30018864715
2023-08-09 17:18:42+00:00,39.702274038835455,-75.66165187736186,-2563.831798554261,40.01726410327342,-75.20612206768938,0.2224685322066217,2.5650407734376667e-05,2.570597771661644e-05,61023.31115540709,5000.0,51923.60004812678,2559.410423524463,51986.64081929007
2023-08-09 17:18:43+00:00,39.70252124563972,-75.66112176100371,-2565.0249230890117,40.01634440864834,-75.20560415272197,0.0647416357778212,2.56470685495522e-05,2.574188365483053e-05,61046.48466739254,5000.0,51877.722592435945,2561.094751428543,51940.90206863502
2023-08-09 17:18:44+00:00,39.70277818844883,-75.66058984060717,-2566.497330544219,40.01547511949964,-75.20503142716161,-0.2243821550639029,2.567328753003001e-05,2.575755691401807e-05,61108.44833048546,5000.0,51830.06628261608,2562.949652410912,51893.39535799492
2023-08-09 17:18:45+00:00,39.70288947100944,-75.66022141932552,-2568.7738043146137,40.02761848653663,-75.22477570086026,-9.202480756764372,2.5671631433264456e-05,2.577280143830633e-05,61137.60301287333,5000.0,51802.23384628378,2565.880938576792,51865.7418384816
2023-08-09 17:18:46+00:00,39.702970758428926,-75.65985328223618,-2570.10600294504,40.02768003234929,-75.22441567439617,-7.316546353020185,2.567983161641747e-05,2.578422285345164e-05,61131.94135863264,5000.0,51774.65676667189,2567.741136931795,51838.29065327072
2023-08-09 17:18:47+00:00,39.703028546372,-75.65948693596634,-2570.62586840064,40.0276994076626,-75.22406210285122,-4.4807623910507015,2.5699336246603463e-05,2.5791121557205315e-05,61184.81309252627,5000.0,51749.168043458274,2568.540920357036,51812.87287585616
2023-08-09 17:18:48+00:00,39.703065670892016,-75.65912796602225,-2570.6731690007027,40.02769123222326,-75.22371283092376,-1.7917449073036866,2.5715723015024987e-05,2.5814476628502336e-05,61180.5786678654,5000.0,51727.60982399687,2569.49569888068,51791.38853371498
2023-08-09 17:18:49+00:00,39.70309491919507,-75.65877284675562,-2570.230139442204,40.027667430370805,-75.22336708777034,0.4965818500864933,2.571909661489257e-05,2.583552146288826e-05,61218.90137224869,5000.0,51709.44408602389,2570.104109000057,51773.27537269329
2023-08-09 17:18:50+00:00,39.703117323118335,-75.65842370611885,-2569.7362236368544,40.02762771106045,-75.22302389080615,2.601358349144946,2.5732083167049308e-05,2.5853053008839063e-05,61219.491972860495,5000.0,51694.03334846519,2570.5138312457507,51757.90398759262
2023-08-09 17:18:51+00:00,39.703139486945375,-75.65807396002148,-2568.9432634710247,40.02757876885288,-75.22268310171098,4.5046415278647824,2.576093160405138e-05,2.584744522411361e-05,61188.22442990857,5000.0,51679.87767314278,2570.514413626195,51743.765814459824
2023-08-09 17:18:52+00:00,39.70316467571854,-75.65772650480119,-2567.5634722327795,40.02752997763919,-75.22234372881782,6.447760661723615,2.5759891883558505e-05,2.5849736313565288e-05,61175.49684904967,5000.0,51666.67083868034,2569.708655030278,51730.53525843589
2023-08-09 17:18:53+00:00,39.70319598591521,-75.65738326177731,-2566.448698025928,40.02749585341285,-75.22200681635539,8.255431081773247,2.5781411238389976e-05,2.585969890738577e-05,61142.067534157184,5000.0,51654.45367758355,2569.620268006652,51718.32879213496
2023-08-09 17:18:54+00:00,39.70323410666153,-75.65704598382825,-2565.0828628058425,40.02748355733408,-75.22167302983011,9.879506616986854,2.579949832321297e-05,2.5868163394024592e-05,61176.08230257144,5000.0,51642.69733063925,2569.61842199964,51706.586876515976
2023-08-09 17:18:55+00:00,39.70329130473916,-75.65671040670453,-2564.060838250737,40.027499024066245,-75.22134307194594,11.304044242109724,2.5835150742667903e-05,2.5896954560711617e-05,61197.51022883128,5000.0,51629.69014001871,2570.0996661261925,51693.61968607119
2023-08-09 17:18:56+00:00,39.703357634742815,-75.65637939767612,-2563.7849747872224,40.02753181365525,-75.22101758861352,12.105343064759156,2.5859905205073554e-05,2.5907002909128296e-05,61185.31569779508,5000.0,51616.72290129461,2571.1386386072118,51680.720166885934
2023-08-09 17:18:57+00:00,39.70343215266277,-75.65604902531976,-2563.081265152093,40.02752922759823,-75.22069371019981,12.82213435961647,2.5852212942320717e-05,2.591065879107545e-05,61200.61933507837,5000.0,51602.845401373066,2571.794492494982,51666.89249828788
2023-08-09 17:18:58+00:00,39.70351555482448,-75.65572084333706,-2562.694795445232,40.02751823836653,-75.22037205090906,13.58715114844587,2.5832886732439137e-05,2.5921828682331432e-05,61195.05882340252,5000.0,51588.10565437972,2572.4905881300474,51652.20569185272
2023-08-09 17:18:59+00:00,39.7036143513299,-75.65539987264617,-2562.406048551811,40.027447102049486,-75.22005238144027,14.181777487864084,2.584277612727228e-05,2.5932733736297955e-05,61182.26959150519,5000.0,51573.086753497344,2573.3210674500733,51637.24681467774
2023-08-09 17:19:00+00:00,39.703726482249095,-75.65508091020106,-2562.4759189860283,40.02742879865437,-75.21973667006885,14.453256477506724,2.582746067874901e-05,2.5956487146640637e-05,61213.332330487945,5000.0,51557.66053373716,2573.471799700136,51621.84728209491
2023-08-09 17:19:01+00:00,39.70384640920713,-75.65476140805188,-2562.535781796958,40.02732271028725,-75.21941814814406,14.726296463480756,2.5828161113705528e-05,2.598602573394036e-05,61202.371175010696,5000.0,51541.47065391832,2574.207121578302,51605.714213384425
2023-08-09 17:19:02+00:00,39.70398160105597,-75.65444669133987,-2562.848830590383,40.02715878085952,-75.21909493681677,14.909991095759896,2.584460013786125e-05,2.59994727452638e-05,61236.51320259201,5000.0,51524.22927504919,2574.9010781884845,51588.52893764555
2023-08-09 17:19:03+00:00,39.70413554484621,-75.65412973530832,-2563.4816514562963,40.02695529307721,-75.21876789216212,14.921757472006608,2.5856523307110848e-05,2.600215926829111e-05,61207.97083557271,5000.0,51505.36037531216,2575.92142920928,51569.73452132787
2023-08-09 17:19:04+00:00,39.70430849264672,-75.65381673378133,-2564.278003352161,40.02668593707145,-75.2184339316234,14.806999033730513,2.5855159719678248e-05,2.6012022309580623e-05,61189.607240857,5000.0,51484.809295585335,2576.7595195480494,51549.25099188515
2023-08-09 17:19:05+00:00,39.70449695252214,-75.65350405906132,-2565.470710053385,40.02635832687845,-75.21809183854671,14.471335245462468,2.587957878883079e-05,2.598974945875836e-05,61205.94350431807,5000.0,51462.231030318246,2578.4135125658145,51526.783703814006
2023-08-09 17:19:06+00:00,39.70470691006527,-75.65319304708241,-2566.93893099603,40.02589342435869,-75.21772722648694,14.007501584214545,2.591692071421962e-05,2.5986456290640405e-05,61189.58371090445,5000.0,51436.8386397986,2579.605727873296,51501.48284241877
2023-08-09 17:19:07+00:00,39.7049408046267,-75.65287718386436,-2568.842184404993,40.02536542726818,-75.21734213100302,13.37504235810446,2.592310411090577e-05,2.6022742602850447e-05,61243.34611963122,5000.0,51408.02039033075,2581.5067017184406,51472.79608981505
2023-08-09 17:19:08+00:00,39.70519297424518,-75.65255750609077,-2571.1630951120724,40.02471247832109,-75.21692516272896,12.67999913634032,2.5910371267031567e-05,2.6025560027772653e-05,61255.03006171273,5000.0,51375.70409328103,2584.1144672278947,51440.65142142068
2023-08-09 17:19:09+00:00,39.70546457729976,-75.65223461793603,-2573.6228649398163,40.02401418988072,-75.21648531025977,11.927905894444525,2.5925609893272766e-05,2.604259219759192e-05,61210.05250322548,5000.0,51339.75256441036,2587.126931780662,51404.89684004847
2023-08-09 17:19:10+00:00,39.70572053282191,-75.65191383956855,-2575.7803927010764,40.02324433348922,-75.21601163764957,11.635026022652468,2.5953366907248077e-05,2.6055759709184894e-05,61242.01673001653,5000.0,51303.07830398487,2589.8752481650663,51368.40757961902
2023-08-09 17:19:11+00:00,39.705948338998056,-75.65158657971182,-2577.1912535790243,40.022237587405165,-75.21546591491038,12.768075647927096,2.595939947818135e-05,2.605911583356882e-05,61244.51511481426,5000.0,51266.02388848021,2592.1048137803627,51331.51286198223
2023-08-09 17:19:12+00:00,39.70615512821277,-75.6512589015145,-2577.898427750547,40.021358896596325,-75.21492110950092,14.475078401407062,2.5960105780832057e-05,2.6045180140349044e-05,61329.97957633652,5000.0,51230.597660440966,2593.7446719874206,51296.21475381437
2023-08-09 17:19:13+00:00,39.70634495414312,-75.65093194454441,-2578.221761423266,40.02076147552207,-75.21443221828436,15.884920176132896,2.5973249063163147e-05,2.6056201651640684e-05,61318.1635937972,5000.0,51198.8894448121,2595.2597383072166,51264.62380132493
2023-08-09 17:19:14+00:00,39.70652924851439,-75.6506140721649,-2578.079478940328,40.020253076727,-75.21397157711188,17.274619751920493,2.5982893042676853e-05,2.6054443718750207e-05,61333.22598429615,5000.0,51169.80130505168,2595.8352702137395,51235.60213707412
2023-08-09 17:19:15+00:00,39.70670893851753,-75.65030268053792,-2577.8930876770883,40.01977744971288,-75.21352227995864,18.6824601797139,2.5993683276766896e-05,2.6041727532247558e-05,61382.745666422015,5000.0,51143.29546722596,2595.796351579932,51209.12838495546
2023-08-09 17:19:16+00:00,39.70689319784555,-75.64999971884319,-2577.6349762105765,40.01940214362543,-75.21309597937447,19.84819967965516,2.6037452188705095e-05,2.605373750468097e-05,61365.39258174391,5000.0,51118.18205890235,2595.891231118902,51184.05208940463
2023-08-09 17:19:17+00:00,39.707080726102646,-75.64969434106598,-2577.209124034068,40.01903063333948,-75.21266371025712,20.972894654085348,2.60508578623396e-05,2.6054132818321728e-05,61327.46134466399,5000.0,51093.33878643547,2596.0062674461924,51159.246641111626
2023-08-09 17:19:18+00:00,39.70726859227426,-75.64939292921115,-2576.710727703913,40.01860617433094,-75.21220725153208,22.1507516892194,2.6081653066461864e-05,2.607367826262583e-05,61340.07491854972,5000.0,51069.64801547054,2596.385728513415,51135.60567036713
2023-08-09 17:19:19+00:00,39.70746157795877,-75.6490961229805,-2576.3014835731083,40.01816227484173,-75.21173949495196,23.28443288971696,2.610660500594164e-05,2.60548711866057e-05,61331.86294212401,5000.0,51045.84336826029,2595.947144512156,51111.80946468305
2023-08-09 17:19:20+00:00,39.70766479362589,-75.64880226659734,-2575.833650674515,40.01769829451658,-75.21125965544552,24.343741768446435,2.6104797145441543e-05,2.6067570864752564e-05,61333.56386253549,5000.0,51022.35928695071,2595.578358227852,51088.33696863097
2023-08-09 17:19:21+00:00,39.70788403182186,-75.64850840698728,-2575.60900041544,40.01728156868331,-75.21078511401619,25.180147382974628,2.6115415668495903e-05,2.6070686253181925e-05,61415.307874073726,5000.0,50998.16789092344,2595.727399431545,51064.18440514814
2023-08-09 17:19:22+00:00,39.70811140366754,-75.64822060701621,-2575.5552453099003,40.01682456916789,-75.21028622846819,25.84767295964381,2.6130479548576158e-05,2.610508564816485e-05,61441.666847702334,5000.0,50973.961793577306,2596.156535568793,51040.03144288075
2023-08-09 17:19:23+00:00,39.70835880516242,-75.64795416641034,-2575.958470161921,40.016290252020674,-75.20975754320996,26.238500922977952,2.6144882776026448e-05,2.6108540565238037e-05,61474.02541994614,5000.0,50948.59809072351,2596.784327326176,51014.73254122501
2023-08-09 17:19:24+00:00,39.70861842543584,-75.64770493859379,-2576.82004440874,40.01551779345719,-75.20912005627846,26.461771833871023,2.612503541175465e-05,2.6088568378072128e-05,61458.90097691208,5000.0,50923.148828293095,2598.432174630624,50989.40023529052
2023-08-09 17:19:25+00:00,39.70888944792799,-75.64745357513068,-2577.549109736552,40.01455998034331,-75.20832796531235,26.852531910351072,2.612314662668608e-05,2.6110605239360307e-05,61511.75364506668,5000.0,50896.28859274393,2599.7457031528697,50962.64190794015
2023-08-09 17:19:26+00:00,39.70916857668171,-75.64718504921657,-2578.4874411518977,40.01361070539927,-75.20739455807525,27.4870011269853,2.6152493884299752e-05,2.6118601320132552e-05,61487.02785301229,5000.0,50867.13344313834,2601.6541547063043,50933.6221867515
2023-08-09 17:19:27+00:00,39.70946057686328,-75.6468863987318,-2579.4228028759653,40.012783748477005,-75.20634697085706,28.2802488210269,2.616691113859604e-05,2.615421568441538e-05,61517.9746004925,5000.0,50835.48003509333,2603.0933615529666,50902.08370437632
2023-08-09 17:19:28+00:00,39.70976413881737,-75.64656197253112,-2580.0999549326275,40.012246773755216,-75.20534481321278,28.979948835852905,2.6144507024052672e-05,2.6168417003452264e-05,61530.85351337335,5000.0,50800.77176586189,2604.7946749315643,50867.50797223845
2023-08-09 17:19:29+00:00,39.71007081365581,-75.6462068037666,-2580.65131185631,40.0117094402366,-75.2042204842571,30.108375023020216,2.6177597055967123e-05,2.6179209431826385e-05,61589.2799844361,5000.0,50763.38614432003,2606.489331794612,50830.25830619103
2023-08-09 17:19:30+00:00,39.71037876382008,-75.64580040227585,-2580.679317585634,40.01128144691338,-75.2031080299256,31.57288801633892,2.618814662220313e-05,2.6203870267260284e-05,61675.73675368823,5000.0,50722.73176751767,2607.635868881147,50789.716309349686
2023-08-09 17:19:31+00:00,39.71068979576283,-75.6453722365903,-2580.367226762242,40.01096604054003,-75.20210902832252,33.047320580036185,2.6191249924497493e-05,2.6210585636839036e-05,61712.83408090893,5000.0,50680.9529669027,2608.3628111191238,50748.03001287668
2023-08-09 17:19:32+00:00,39.71100954798358,-75.6449385166683,-2580.2751427072726,40.010580115421256,-75.20117180175247,34.44799493800251,2.620380453146687e-05,2.620519863482932e-05,61740.65041525052,5000.0,50638.62516985192,2609.7422351047194,50705.82918784042
2023-08-09 17:19:33+00:00,39.711334488102366,-75.64450025337182,-2580.037096893319,40.01022408748779,-75.20035714944936,35.68390170535193,2.621182089554733e-05,2.6216239588193056e-05,61827.50124182701,5000.0,50595.43481322609,2610.962280983882,50662.75898499934
2023-08-09 17:19:34+00:00,39.71166246927631,-75.64404593356713,-2579.811694330182,40.009873792950536,-75.19960060230495,36.912717818886144,2.6214555970375163e-05,2.6221788919702723e-05,61849.24338367326,5000.0,50551.33425905895,2611.399122309554,50618.73962029384
2023-08-09 17:19:35+00:00,39.71199738596784,-75.64359669239006,-2579.1855481241864,40.009551127014575,-75.19890431211591,38.140213385557225,2.62297404213643e-05,2.6233415989274417e-05,61852.13221238664,5000.0,50506.37228046125,2612.0249935440715,50573.86988850511
2023-08-09 17:19:36+00:00,39.71234016323227,-75.64315572965018,-2578.5757576940464,40.00909535275348,-75.19821720149183,39.507088668212674,2.623850066024089e-05,2.625030580913678e-05,61801.04335705153,5000.0,50461.42923381535,2613.0155899476817,50529.03809486842
2023-08-09 17:19:37+00:00,39.71268308170016,-75.6427251519919,-2578.1118548300046,40.00864686496327,-75.19757619512734,40.67007704237413,2.626053430990266e-05,2.6266317924341803e-05,61796.04553527907,5000.0,50416.91308380819,2614.0037866998987,50484.63271825547
2023-08-09 17:19:38+00:00,39.71303323792465,-75.6423059459912,-2577.5920607389307,40.00813133806265,-75.19694671864114,41.77411489193026,2.629701893762385e-05,2.6278980205489646e-05,61844.7574839232,5000.0,50372.37926496095,2614.6070653288134,50440.18995720708
2023-08-09 17:19:39+00:00,39.71338702050767,-75.64189394359724,-2577.218695434771,40.007659146108494,-75.19634394077416,42.76769986101123,2.6314311200026664e-05,2.628340150587305e-05,61882.800470212496,5000.0,50328.02218522849,2615.105302198853,50395.91841427676
2023-08-09 17:19:40+00:00,39.713743660270346,-75.64149737678639,-2576.838321271456,40.00705642535647,-75.19572726197653,43.7159367206284,2.631750628367894e-05,2.6308583099997336e-05,61842.037185533685,5000.0,50284.78990207443,2615.9041535460265,50352.78592130038
2023-08-09 17:19:41+00:00,39.71410470124394,-75.64110580250986,-2576.7223882715034,40.00632408163078,-75.19508179260653,44.610793021652746,2.630187107936477e-05,2.6341795031849945e-05,61762.03960218245,5000.0,50241.56132928144,2616.6949538418053,50309.6568989037
2023-08-09 17:19:42+00:00,39.71447362768927,-75.64072553590226,-2576.361369380308,40.00545120756755,-75.19439238669102,45.555508886255446,2.6286343118421346e-05,2.632251432457027e-05,61767.6672851369,5000.0,50198.502983769446,2617.124315623149,50266.67923679598
2023-08-09 17:19:43+00:00,39.71485378849818,-75.64034632960693,-2576.500434908926,40.00450605878646,-75.1936654492624,46.434110136523216,2.6303337066973483e-05,2.633773255651929e-05,61780.85952312504,5000.0,50154.62594189167,2618.188356812776,50222.91721557821
2023-08-09 17:19:44+00:00,39.71525022058286,-75.63997311433248,-2576.8558455107523,40.003623176277365,-75.19291944984879,47.03509157927242,2.6294195370267967e-05,2.6355505692788545e-05,61835.25874711571,5000.0,50109.97677551136,2619.324766411581,50178.38812351613
2023-08-09 17:19:45+00:00,39.715439772238014,-75.63972118479433,-2578.5775812173965,40.03061726266672,-75.22029770470553,41.40917769500973,2.62888931783327e-05,2.638495129996307e-05,61856.63980936696,5000.0,50088.70047087896,2621.742511368895,50157.267156986825
2023-08-09 17:19:46+00:00,39.71564321299188,-75.6394933430715,-2580.761765691146,40.03080198598378,-75.2200459705279,41.82576207217038,2.6313976599629477e-05,2.6431387422343567e-05,61921.57964290886,5000.0,50066.91476865565,2625.031511940456,50135.683349192615
2023-08-09 17:19:47+00:00,39.71586242598325,-75.63929433715018,-2583.540397906926,40.03100027743746,-75.21980941053815,41.98981390915228,2.632983546276768e-05,2.643410370326074e-05,61869.694543146965,5000.0,50044.52045145371,2628.667464802384,50113.51035256341
2023-08-09 17:19:48+00:00,39.71609366579823,-75.63911442151955,-2586.451100546121,40.031204122926304,-75.21958487423414,42.02480143936158,2.6355122125440983e-05,2.645574596983257e-05,61924.24028598842,5000.0,50020.8242044404,2632.389367236357,50090.04220273995
2023-08-09 17:19:49+00:00,39.71632531398224,-75.63895059412803,-2589.301849450683,40.03139540775658,-75.21936290085131,42.398711255481146,2.6361806515346208e-05,2.6450420045556947e-05,61990.13328186463,5000.0,49996.617831878415,2635.6780653918363,50066.04231903387
2023-08-09 17:19:50+00:00,39.71656299302046,-75.63879832955294,-2591.9179164258344,40.03155677820755,-75.21913845201205,43.31359729777102,2.6366749317556986e-05,2.644181919732336e-05,61970.20497929655,5000.0,49971.71932533853,2638.391053647956,50041.32132230704
2023-08-09 17:19:51+00:00,39.71681186130357,-75.63865836641187,-2594.541721308782,40.031700784156406,-75.21892300798973,44.014720144270505,2.639024373050998e-05,2.6419031945679184e-05,62017.3152735653,5000.0,49946.39129893454,2640.799000376294,50016.155621425685
2023-08-09 17:19:52+00:00,39.717042952211656,-75.63853795394562,-2596.9612993341216,40.03180482512441,-75.21871721814355,44.76650706908413,2.641085368573825e-05,2.6413180689647106e-05,62023.82143909124,5000.0,49923.2665145225,2642.897904104248,49993.174022175896
2023-08-09 17:19:53+00:00,39.71725206582969,-75.63844628633487,-2599.4177283466342,40.03181117782948,-75.2185161135331,46.12241002151785,2.6408379072238943e-05,2.644577514071149e-05,62090.90882497752,5000.0,49901.96685001258,2645.30171381686,49972.031344111645
2023-08-09 17:19:54+00:00,39.717461633097166,-75.63840710535715,-2602.630176384887,40.031778326886375,-75.21835126608046,46.67301172523521,2.639804683338167e-05,2.6460719348442867e-05,62120.79848831003,5000.0,49884.58895338127,2648.6328712135123,49954.85433002764
2023-08-09 17:19:55+00:00,39.71769626696785,-75.63840833348827,-2606.719010125261,40.03174929077759,-75.21822458997259,46.02975203092518,2.64257922046024e-05,2.646341829977645e-05,62129.76504090368,5000.0,49870.08143405436,2652.891358532111,49940.593256382
2023-08-09 17:19:56+00:00,39.71794888583948,-75.63843541625889,-2611.06235430218,40.03169958568599,-75.21810140742038,45.06782548767652,2.6450017600986463e-05,2.6484886952587177e-05,62175.03194588783,5000.0,49856.33900536614,2657.224053836615,49927.10064374138
2023-08-09 17:19:57+00:00,39.71820501038949,-75.63848800054333,-2615.541126694803,40.031575860965305,-75.21795184092224,44.617561464045096,2.649112578262839e-05,2.6485161065760723e-05,62171.03383672546,5000.0,49842.31711740302,2661.893745695239,49913.34745281204
2023-08-09 17:19:58+00:00,39.71846510050676,-75.63856342114309,-2620.3665415581427,40.031390275246615,-75.21778933274814,44.43242122312039,2.6519011995370837e-05,2.6503254826678503e-05,62193.48585385134,5000.0,49826.70282142519,2666.244920436893,49897.98769520046
2023-08-09 17:19:59+00:00,39.71872755100269,-75.63866162874861,-2625.1404644535305,40.03117467638886,-75.21762314038932,44.34147517930646,2.6534349473643733e-05,2.6519245606888612e-05,62265.5313371754,5000.0,49812.00570097273,2670.29168271646,49883.52803906841
2023-08-09 17:20:00+00:00,39.71899827911493,-75.63876306919849,-2629.6312203458174,40.030945830500606,-75.21744317740678,44.62592886036919,2.658031460249842e-05,2.6519101497828115e-05,62275.141028351565,5000.0,49797.46084701168,2674.835023521358,49869.24753004318
2023-08-09 17:20:01+00:00,39.719282435958206,-75.6388592176126,-2633.373660440175,40.03077069418986,-75.21726530420844,45.20257143982478,2.658189745552048e-05,2.6510941018459476e-05,62298.46904366083,5000.0,49781.71954669058,2678.703686342634,49853.73661486751
2023-08-09 17:20:02+00:00,39.719574443507206,-75.63894559004397,-2636.0982378864537,40.03066039982248,-75.21709785580966,46.20456900520333,2.658851185237847e-05,2.650045714133801e-05,62334.27169219813,5000.0,49765.434440973615,2681.6073767434086,49837.63119593313
2023-08-09 17:20:03+00:00,39.71988195610187,-75.63902927552658,-2637.9911918487032,40.03059984641298,-75.21695364712366,47.50246014925528,2.659139072781612e-05,2.650831569317019e-05,62351.82681313317,5000.0,49747.33397516414,2683.025987658167,49819.63333954767
2023-08-09 17:20:04+00:00,39.72019409778487,-75.639132223301,-2640.026329365309,40.03057012823022,-75.21684904246054,48.520268184799946,2.6592934763466195e-05,2.6512072763792356e-05,62388.89166770916,5000.0,49730.2225433124,2685.095786290457,49802.65829841748
2023-08-09 17:20:05+00:00,39.72051072279106,-75.63929247943477,-2643.8487573426864,40.03049341680222,-75.21678060293985,48.566618416640615,2.6605591785392476e-05,2.6506982210855872e-05,62418.491161187245,5000.0,49715.69769691307,2689.348789707205,49788.384131276514
2023-08-09 17:20:06+00:00,39.72083804892515,-75.63949695463782,-2649.0935270500186,40.03028679572368,-75.21671864580998,47.66137232008062,2.662393148292904e-05,2.6519780872797743e-05,62446.46476587994,5000.0,49703.15086775091,2695.2391850300387,49776.17422469238
2023-08-09 17:20:07+00:00,39.7211795740196,-75.6397339597359,-2655.0563628901955,40.03010147554995,-75.21669340668535,45.66270686363762,2.6654448325363944e-05,2.6536038695694467e-05,62500.29384776373,5000.0,49691.86084617316,2701.689890276876,49765.25055315869
2023-08-09 17:20:08+00:00,39.72154489220446,-75.64000363939334,-2662.146099487941,40.02993109949713,-75.21666491822634,43.24551649967022,2.666469571708154e-05,2.6545905149524144e-05,62565.07775467978,5000.0,49681.27374111165,2708.745569577359,49755.0626881323
2023-08-09 17:20:09+00:00,39.72193011339827,-75.64030483943964,-2670.1877559014592,40.02975026182524,-75.21660518249722,40.78774188063234,2.6677671584152306e-05,2.6537414926396607e-05,62615.45274497468,5000.0,49670.825059088544,2716.7288525447493,49745.0648578211
2023-08-09 17:20:10+00:00,39.72233328178807,-75.64063788617808,-2679.02677618558,40.02956812094979,-75.21652769684916,38.34661934563201,2.6705082266823625e-05,2.6540243727459083e-05,62631.96624445244,5000.0,49660.10563716666,2725.41240847882,49734.83653025154
2023-08-09 17:20:11+00:00,39.72275894180258,-75.64099560072408,-2688.4298779788637,40.02940382833858,-75.21645613001559,35.93064117210933,2.669418625811912e-05,2.653981154628672e-05,62675.22956968608,5000.0,49648.86352682786,2734.5450303354096,49724.1127223856
2023-08-09 17:20:12+00:00,39.72320765476394,-75.64137290060609,-2697.93964484735,40.02932730139899,-75.21638738981923,33.86035114270236,2.6707742891109608e-05,2.6565076395367585e-05,62701.34031648315,5000.0,49637.44276954408,2743.5540632922857,49713.20562584927
2023-08-09 17:20:13+00:00,39.72368137364956,-75.64177105662802,-2707.409070601814,40.02942807385021,-75.21633989276387,32.24585436611623,2.674501786621384e-05,2.6572472529850083e-05,62700.78674577273,5000.0,49625.64988018759,2751.845135326247,49701.889075565145
2023-08-09 17:20:14+00:00,39.72417557969069,-75.64218695724892,-2716.366167236029,40.02971428651741,-75.2163225095891,31.27882564888086,2.6730286531371143e-05,2.660692439897064e-05,62734.806729659285,5000.0,49613.37998641538,2759.567100552505,49690.0662533156
2023-08-09 17:20:15+00:00,39.7246951478005,-75.64262427071021,-2725.0150887406544,40.030197238037374,-75.21633734233392,30.933580153900515,2.6750777881922704e-05,2.660818131497509e-05,62724.81790886175,5000.0,49600.61381633935,2767.541490414025,49677.76340435223
2023-08-09 17:20:16+00:00,39.72523781553342,-75.64308290199523,-2733.666409525801,40.030840105758536,-75.21639906870783,30.76662317332775,2.6775351217235928e-05,2.662651435186844e-05,62723.48658569897,5000.0,49587.35394941332,2775.835224992515,49664.98699185077
2023-08-09 17:20:17+00:00,39.72580035409976,-75.64358119503036,-2743.033020070688,40.03161971801737,-75.21651827873181,30.13866444509616,2.6787502241289203e-05,2.66369800131883e-05,62728.83790104555,5000.0,49575.18775094838,2785.365243376194,49653.37350151337
2023-08-09 17:20:18+00:00,39.726389129070256,-75.64412201321804,-2753.8380436221287,40.03258272718259,-75.21667255472391,28.96775559554555,2.6806423822465666e-05,2.66382376047484e-05,62830.1406464392,5000.0,49563.71064260249,2795.8696325091846,49642.50496968918
2023-08-09 17:20:19+00:00,39.72700760303673,-75.64470956363876,-2765.848379211548,40.03375407569646,-75.21686860067445,27.030272631732075,2.6831240932094e-05,2.6669575454784865e-05,62747.67382234961,5000.0,49552.96545570485,2808.0259952185647,49632.463120865774
2023-08-09 17:20:20+00:00,39.72765738816539,-75.64534045698092,-2778.9774376239266,40.03517373721306,-75.2171021552788,24.69692253334652,2.682447466269555e-05,2.669053204784185e-05,62792.11890576215,5000.0,49542.68891474432,2821.048186132573,49622.941647705775
2023-08-09 17:20:21+00:00,39.72834384637104,-75.64601843803382,-2793.1817045025173,40.03675127563345,-75.21739365787411,22.06159494808638,2.6841318705818087e-05,2.667904816437155e-05,62887.12686368885,5000.0,49532.75434884476,2835.523783318137,49613.848354151705
2023-08-09 17:20:22+00:00,39.72906778200976,-75.64674742772337,-2808.7394605574727,40.03854797901477,-75.21773111369981,19.58269721515975,2.6836690343659535e-05,2.6692348725773723e-05,62927.44688961623,5000.0,49523.5486291688,2851.5248321873005,49605.5749154692
2023-08-09 17:20:23+00:00,39.72983305804902,-75.64752984880732,-2825.83874305889,40.04064900227553,-75.21811876509483,17.084270778241375,2.6846492025222675e-05,2.673015098754943e-05,62909.352676898176,5000.0,49514.69107254505,2869.8107897305194,49597.78670443296
2023-08-09 17:20:24+00:00,39.730640139268594,-75.64836743921231,-2844.1548590562443,40.04303890070528,-75.21857101326101,14.360533896618463,2.684959695639545e-05,2.6722888129981317e-05,62985.86923675057,5000.0,49505.91261406425,2889.184473333802,49590.14791944383
2023-08-09 17:20:25+00:00,39.73149041091455,-75.64926000253195,-2863.9281223587595,40.04570722643585,-75.21909268519966,11.46886596150584,2.689488503319499e-05,2.6712594314712804e-05,62953.09064229254,5000.0,49497.434206064,2910.1467954928585,49582.90983146261
2023-08-09 17:20:26+00:00,39.732387378329776,-75.65021199537978,-2885.557115001494,40.04872475629799,-75.21967928780711,8.437055600832565,2.6915363573853534e-05,2.6738376423842502e-05,63031.095265198186,5000.0,49489.58745614115,2932.6898108022933,49576.405034102936
2023-08-09 17:20:27+00:00,39.73333584024908,-75.65122734470847,-2908.98455167709,40.05212348351484,-75.22033325156643,5.099088944238858,2.6923183307346857e-05,2.674815736349293e-05,63020.27662649994,5000.0,49481.97676494665,2956.460754276323,49570.21973683692
2023-08-09 17:20:28+00:00,39.73434828132871,-75.65230519405824,-2933.853051397796,40.0559333108556,-75.22105661493475,1.7577346496830728,2.6910333723902057e-05,2.677855459070587e-05,63061.04156043208,5000.0,49474.22500149567,2981.6889968076325,49563.99306726914
2023-08-09 17:20:29+00:00,39.73543652342742,-75.65345485531691,-2960.377685092696,40.06012028165184,-75.22185878036285,-1.5823311884504392,2.693108225666659e-05,2.678366188030696e-05,63069.01560077751,5000.0,49465.8711664548,3008.2918232412185,49557.26213129701
2023-08-09 17:20:30+00:00,39.736612730124286,-75.65468268582984,-2988.8999953363477,40.06463890376195,-75.22275057032122,-5.097704430947808,2.694732620553924e-05,2.6797586299834333e-05,63137.50342966571,5000.0,49456.53787914955,3036.702526637149,49549.67912335093
2023-08-09 17:20:31+00:00,39.73787848918692,-75.65599102144161,-3019.4875338195025,40.0693231529047,-75.22375112039454,-8.79868637922003,2.6940068422603625e-05,2.680797000894409e-05,63171.9453472289,5000.0,49446.58249671327,3067.184567027592,49541.62029821474
2023-08-09 17:20:32+00:00,39.73923269272404,-75.65738032936014,-3052.1084432913262,40.07399666441268,-75.22487346956513,-12.954144903266355,2.694867365960847e-05,2.6809824691453084e-05,63217.14832267373,5000.0,49435.97682918973,3099.7428883562616,49533.061797451
2023-08-09 17:20:33+00:00,39.74066039708418,-75.65885426995555,-3087.196778391095,40.07846866406775,-75.22611473391753,-17.616840399798477,2.695350904491941e-05,2.6818185658602874e-05,63219.74442608476,5000.0,49426.17532679978,3134.7697240871594,49525.48423446867
2023-08-09 17:20:34+00:00,39.74215907901845,-75.66041082690913,-3124.731536874434,40.0828506905103,-75.2274758082571,-22.649734173174533,2.69469685246738e-05,2.6833554711022923e-05,63210.65600269096,5000.0,49417.35149921192,3172.4658122598594,49519.07883358312
2023-08-09 17:20:35+00:00,39.74372493892256,-75.66205226439136,-3164.450884074173,40.087259521174005,-75.22896394825932,-27.80157449961997,2.694736663325795e-05,2.6855526945347355e-05,63231.16090556458,5000.0,49410.12771877566,3211.94836917975,49514.4154111911
2023-08-09 17:20:36+00:00,39.74530834872871,-75.66377110665765,-3206.673195850258,40.08947878110953,-75.23053683553039,-33.70020435006803,2.6959271937034343e-05,2.6854467278529165e-05,63236.71653970419,5000.0,49407.68455241573,3253.985142374505,49514.722175710674
2023-08-09 17:20:37+00:00,39.7469422229173,-75.66555142444709,-3249.8166203639494,40.09314682546467,-75.23207303855999,-37.58564063657561,2.697442290316292e-05,2.687047030039152e-05,63228.61064632992,5000.0,49406.70422385258,3297.258998032388,49516.60670081663
2023-08-09 17:20:38+00:00,39.748581305612845,-75.66740712491895,-3294.348734997375,40.09474377333196,-75.23382220381885,-42.02613502865552,2.699537734981192e-05,2.6921744560542458e-05,63237.25413778321,5000.0,49411.425641113485,3341.6730654704534,49524.29467204736
2023-08-09 17:20:39+00:00,39.75024826194015,-75.66932015372687,-3338.646177332232,40.09778185052148,-75.235508783478,-44.14883815839298,2.7005409474395105e-05,2.691853063488755e-05,63279.84407340479,5000.0,49419.13068407823,3385.6237160679048,49534.9666954244
2023-08-09 17:20:40+00:00,39.75197571348806,-75.67132632928991,-3380.8254556840584,40.10092756867486,-75.23756407967119,-39.970474690890654,2.7024460708641214e-05,2.693082584605268e-05,63318.1584071531,5000.0,49429.98623977894,3427.794944933883,49548.6964293638
2023-08-09 17:20:41+00:00,39.753747605370194,-75.67341956457682,-3421.01179829393,40.10354986111811,-75.23975927806444,-31.875794369137484,2.70305836384454e-05,2.695563181612581e-05,63370.17615831011,5000.0,49443.98874769753,3468.83658216448,49565.52078326427
2023-08-09 17:20:42+00:00,39.7555545801176,-75.67560624830108,-3461.06791165858,40.10526716198996,-75.2421036807399,-28.42042835103692,2.7070886626122377e-05,2.696146249530696e-05,63392.20210190839,5000.0,49464.10546250617,3508.863712162034,49588.40442841916
2023-08-09 17:20:43+00:00,39.75728363180772,-75.67780350470505,-3501.28249541091,40.102534047774974,-75.24387722412587,-29.05078110416503,2.708441934401993e-05,2.697894393174722e-05,63419.51914218252,5000.0,49491.800481435326,3549.0964266395827,49618.891567021
2023-08-09 17:20:44+00:00,39.75914071079434,-75.68001229646666,-3528.349129535527,40.10125284239484,-75.2440162372128,21.47686663302195,2.708623529918572e-05,2.698387015341957e-05,63465.98820010115,5000.0,49512.95160597893,3576.1128165833534,49641.92743652227
2023-08-09 17:20:45+00:00,39.760922205931706,-75.68215491647632,-3555.409389634251,40.09865513779136,-75.24350338696817,21.328417273711786,2.710093846313724e-05,2.6965035559376072e-05,63432.86235143094,5000.0,,,
