timestamp,latitude,longitude,altitude,latitude_ins,longitude_ins,altitude_ins,latitude_cov,longitude_cov,altitude_cov,effective_sample_size,horizontal_error_m,vertical_error_m,error_3d_m
2025-06-11 20:34:28+00:00,39.98157568917014,-75.15354032739597,11.336086342730884,39.98157545528886,-75.15352548002278,12.647726942317004,1.0221248358335502e-06,1.0036548305767706e-06,123.3004950294817,4999.999999999996,11.640512601783916,27.66391365726912,30.0132246263065
2025-06-11 20:34:29+00:00,39.98134940097525,-75.15367275125352,-8.264308408863851,39.98138729527783,-75.15364173353822,1.98793243358562,1.0274339951150591e-06,1.014785837713642e-06,150.67513426120698,4999.999999999988,35.4000378529982,52.264308408863855,63.12464347186875
2025-06-11 20:34:30+00:00,39.981045218298746,-75.15385191188258,-31.73271616610717,39.9811111880699,-75.1538000264244,-7.928548894487328,1.0390413637093314e-06,1.0224288406050646e-06,179.11954098861588,4999.999999999976,70.38107499146243,83.73271616610717,109.38310415008216
2025-06-11 20:34:31+00:00,39.98066713844592,-75.15407771267968,-57.12130919057294,39.980727267231,-75.15400406001397,-15.240009406313575,1.0481105443782198e-06,1.0333125696104597e-06,205.42622574541628,4999.999999999958,114.5878580278126,110.12130919057292,158.924761900869
2025-06-11 20:34:32+00:00,39.98021555534288,-75.15435749123381,-83.829111773671,39.98021044890577,-75.15425920474644,-20.78683727959376,1.0613594317536823e-06,1.04624740381538e-06,231.140340765916,4999.999999999935,168.55285011615547,134.829111773671,215.844742034538
2025-06-11 20:34:33+00:00,39.97969215536772,-75.15468859982302,-112.27945043025356,39.97952852709274,-75.1545696499918,-26.37720653212957,1.0670196280133375e-06,1.0492053597522706e-06,252.46943525253167,4999.999999999907,231.03057873861863,162.27945043025355,282.3291489454218
2025-06-11 20:34:34+00:00,39.97910039810603,-75.15508105962198,-142.64853417716503,39.978628984322405,-75.15493966945643,-32.77497783843992,1.0767846167648785e-06,1.058876636527286e-06,276.2857861593071,4999.999999999875,301.9762467451742,194.64853417716503,359.273858575351
2025-06-11 20:34:35+00:00,39.97843837907733,-75.15553449286762,-174.7838824072346,39.97743302349713,-75.15537025564583,-39.86807326003891,1.081461145031641e-06,1.067756654582307e-06,302.22193795292606,4999.999999999836,382.22705541668194,225.7838824072346,443.9322960175247
2025-06-11 20:34:36+00:00,39.97771495644811,-75.15604987257558,-208.7041113099657,39.97583873887,-75.15586567565539,-47.29170770932025,1.0951136251639789e-06,1.0753037835350755e-06,328.2430374961131,4999.999999999794,471.0061957432787,256.7041113099657,536.417595900801
2025-06-11 20:34:37+00:00,39.97693624563822,-75.15662555123015,-243.65967513703947,39.973729994335535,-75.1564189958941,-53.99147316574013,1.1073509412732768e-06,1.0843179283298052e-06,352.7265522573976,4999.999999999744,567.929760645318,288.65967513703947,637.0781907088558
2025-06-11 20:34:38+00:00,39.9761018085311,-75.15725689266705,-278.54244301699794,39.97103901739711,-75.15703064681026,-59.4055032027096,1.1149669316397652e-06,1.0939928277254837e-06,384.67405616039184,4999.999999999688,672.5993649533177,319.54244301699794,744.6457403523353
2025-06-11 20:34:39+00:00,39.97521909218516,-75.15794992044361,-312.4630439085248,39.96772677102879,-75.15769523071059,-61.97845866685563,1.124944786662078e-06,1.1045520092563052e-06,413.7506724475032,4999.999999999628,784.8348462115533,352.4630439085248,860.3464029965926
2025-06-11 20:34:40+00:00,39.97430134506838,-75.15868791392907,-343.7996101072961,39.963898482120406,-75.15840102409253,-61.3467019378157,1.1345917792100034e-06,1.1143016397374931e-06,435.1296346232908,4999.999999999561,902.3297161200828,379.7996101072961,979.0028909206568
2025-06-11 20:34:41+00:00,39.97334505642472,-75.1594727055732,-372.71328737610713,39.959724452782005,-75.15914122997421,-57.9870311078013,1.1401355020013946e-06,1.1263706834118568e-06,463.1367767414647,4999.999999999483,1025.3397497652738,406.71328737610713,1103.0581582931131
2025-06-11 20:34:42+00:00,39.9723618205857,-75.1602964263098,-398.1503566696532,39.955437793400144,-75.15992774139616,-52.41463106482007,1.149518689589282e-06,1.1360681126450685e-06,492.1028035683059,4999.999999999404,1152.7586491335092,428.1503566696532,1229.7012771679406
2025-06-11 20:34:43+00:00,39.97135337448299,-75.16114800559225,-420.34165113857455,39.95117142486768,-75.16074700566064,-45.635102985641005,1.1630791204687751e-06,1.1500470834497616e-06,515.9287331693787,4999.99999999931,1284.0066741612138,446.34165113857455,1359.372652671684
2025-06-11 20:34:44+00:00,39.97032091575762,-75.16202996583021,-439.4294890251375,39.94711111126423,-75.16160852437315,-38.4148753430991,1.1744372268601002e-06,1.16383409335061e-06,539.6219789779293,4999.999999999213,1418.6064259744874,462.4294890251375,1492.0741349330328
2025-06-11 20:34:45+00:00,39.96926742549096,-75.16294354666228,-456.352028157984,39.943202505322745,-75.16251890999243,-31.71088795144537,1.1836843108804525e-06,1.1724330612396324e-06,559.5516677617088,4999.999999999106,1556.5051845987712,478.352028157984,1628.3516366331048
2025-06-11 20:34:46+00:00,39.96818844141035,-75.16388076133953,-471.2768569686249,39.93956725297244,-75.16347610877831,-25.84206177283473,1.1880068155985746e-06,1.184505381311675e-06,586.9833216609146,4999.999999998988,1698.2541290506956,492.2768569686249,1768.1639038122696
2025-06-11 20:34:47+00:00,39.96708400745945,-75.1648499184482,-485.0577906986367,39.93609671707453,-75.16448374380252,-21.035482496745715,1.1977267481909998e-06,1.1930625566544396e-06,617.285492399721,4999.999999998857,1843.698898304901,506.0577906986367,1911.8891482346696
2025-06-11 20:34:48+00:00,39.96595775767122,-75.16586277941431,-497.9781545684063,39.93272067988269,-75.16558589317317,-17.555198230794545,1.2085267963565676e-06,1.197019916497237e-06,648.1402606033969,4999.999999998714,1993.1469709358776,517.9781545684064,2059.35334907853
2025-06-11 20:34:49+00:00,39.96481331672888,-75.16691995590074,-509.90548740636734,39.929551649590906,-75.16671650785875,-14.52709088653258,1.221431252560738e-06,1.20809284805108e-06,674.2474824146807,4999.999999998536,2146.710657036298,528.9054874063673,2210.906524401649
2025-06-11 20:34:50+00:00,39.963651243815605,-75.16801462194248,-521.0500487290446,39.92661649803008,-75.16788535111407,-11.62652250000198,1.2327995000102848e-06,1.2160559038434446e-06,703.2640354759467,4999.999999998332,2304.1994448169944,538.0500487290446,2366.1853132061046
2025-06-11 20:34:51+00:00,39.96246625213169,-75.16913717779785,-531.5514077426275,39.923758590305575,-75.16910640941538,-9.377428266995306,1.2435578233635487e-06,1.2292304485830225e-06,735.1128838723249,4999.999999998122,2467.2615724481398,547.5514077426275,2527.289498850537
2025-06-11 20:34:52+00:00,39.96125762242117,-75.1702902078805,-542.0878087008737,39.92096514305783,-75.17035986133754,-7.649062154071529,1.2567177480601283e-06,1.2387013407211186e-06,762.9793300938635,4999.999999997876,2633.157833432349,558.0878087008737,2691.650456130344
2025-06-11 20:34:53+00:00,39.96002036286316,-75.17147250788817,-553.1102749252736,39.91822270195111,-75.17165245637457,-7.038991210029744,1.2692777111245429e-06,1.2520837139536765e-06,780.3042132112708,4999.999999997612,2804.486317410152,568.1102749252736,2861.4494210131384
2025-06-11 20:34:54+00:00,39.95875605509397,-75.17269080668927,-564.4642712032806,39.915346174431,-75.17299702576746,-6.90138963386306,1.2783955842324932e-06,1.2644030647027934e-06,805.4630338330674,4999.999999997339,2981.535258929806,579.4642712032806,3037.3230552318228
2025-06-11 20:34:55+00:00,39.95746009018111,-75.17394842797461,-576.5409436790703,39.91244278958143,-75.17440061245742,-7.5446219588915024,1.2886776412788002e-06,1.276509465003753e-06,827.5816843887849,4999.999999997043,3163.399349907734,589.5409436790703,3217.864815568032
2025-06-11 20:34:56+00:00,39.95613654183437,-75.17524281894671,-588.8355587460039,39.90954009730272,-75.1758719428887,-8.429983435472739,1.3015967704303553e-06,1.2876078393534282e-06,853.2694645767124,4999.999999996726,3349.2377339607087,600.8355587460039,3402.7043314457824
2025-06-11 20:34:57+00:00,39.95479026318746,-75.17658091903726,-601.5235113037304,39.90657028220406,-75.17741061220222,-9.15087350438256,1.3115830449610158e-06,1.291928078620275e-06,876.2337670042792,4999.999999996391,3539.475510545796,611.5235113037304,3591.9142382065115
2025-06-11 20:34:58+00:00,39.95341235606554,-75.17796350500585,-615.0151841366261,39.903631044805095,-75.17902849876859,-10.136678240130344,1.3241820777548773e-06,1.3059846400439384e-06,897.7346322440013,4999.999999996014,3734.7783691504505,626.0151841366261,3786.8805734329294
2025-06-11 20:34:59+00:00,39.95200798967668,-75.17938868226199,-629.0949907563089,39.90067990203539,-75.1806876254739,-11.282022512546073,1.337419811798899e-06,1.3177321861672712e-06,918.5711975928056,4999.999999995614,3934.045122335684,640.0949907563089,3985.7787973951217
2025-06-11 20:35:00+00:00,39.950575996235216,-75.18085946908707,-644.0766832400182,39.89779016360828,-75.18241629075318,-12.612007436155912,1.3474383837827368e-06,1.3260113391967412e-06,944.5190095028224,4999.999999995245,4139.6506502912935,653.0766832400182,4190.849157467841
2025-06-11 20:35:01+00:00,39.949117213982575,-75.18238673133334,-659.9140411002087,39.894932904156136,-75.18421499095766,-14.11339109142351,1.350629046974223e-06,1.334542494764244e-06,971.2547753853288,4999.999999994915,4349.2072877926,667.9140411002087,4400.194677339524
2025-06-11 20:35:02+00:00,39.94762974920127,-75.18396746809664,-676.7930228181178,39.89221878536258,-75.18611826821027,-15.717356047138642,1.3639639284221816e-06,1.3478390178619028e-06,992.8757960394584,4999.9999999945885,4563.906679407429,685.7930228181178,4615.144228351456
2025-06-11 20:35:03+00:00,39.94611172142003,-75.18560809939007,-694.7666097053086,39.88962315290839,-75.18810723061127,-17.77620998608917,1.3778316108086535e-06,1.362561454629529e-06,1016.0320730745088,4999.999999994251,4784.045909025281,703.7666097053086,4835.533341897006
2025-06-11 20:35:04+00:00,39.9445645645599,-75.18731698545605,-714.1993428728347,39.88707590281868,-75.19022578651294,-20.13915428172956,1.3872066052797576e-06,1.3742713446754537e-06,1041.0119264366128,4999.999999993943,5010.086253735717,723.1993428728347,5062.013587437641
2025-06-11 20:35:05+00:00,39.94299611690418,-75.1891126810686,-735.1524724266696,39.88441758001851,-75.19267161076789,-23.167136120997643,1.3987301759383335e-06,1.378855813703563e-06,1064.057475853369,4999.999999993651,5243.045102578112,744.1524724266696,5295.591076535938
2025-06-11 20:35:06+00:00,39.941363412872406,-75.190877228993,-757.7700233654028,39.880299250800384,-75.19364406423384,-26.86623928170509,1.4026043345184843e-06,1.3851568439216575e-06,1089.1820733395166,4999.999999993345,5479.777962825141,766.7700233654028,5533.163904186811
2025-06-11 20:35:07+00:00,39.93966977409728,-75.19262753444238,-781.8484599295581,39.87688135168408,-75.19485901956482,-30.19176621788852,1.4166625271032686e-06,1.3977369420862175e-06,1123.2914382886731,4999.9999999930205,5721.613281974102,789.8484599295581,5775.873885232913
2025-06-11 20:35:08+00:00,39.9379395425813,-75.19443423248555,-807.4266054151005,39.87508731955138,-75.19690459329652,-32.76720733372421,1.4243764241941523e-06,1.408325336314712e-06,1154.207965592438,4999.999999992669,5969.083598198744,815.4266054151005,6024.523180393952
2025-06-11 20:35:09+00:00,39.9361718955117,-75.19629910522872,-834.4660088404079,39.87325001266223,-75.19890581889437,-35.52528575267449,1.4346486309780486e-06,1.4210677265794595e-06,1186.8105909142123,4999.999999992285,6222.653112788076,842.4660088404079,6279.423599196237
2025-06-11 20:35:10+00:00,39.93434026064288,-75.1981555196369,-863.5184131688601,39.87027695888738,-75.20011693813377,-39.53021001747183,1.4443329559759955e-06,1.4318162484363012e-06,1214.0632909977796,4999.999999991916,6480.911132792333,870.5184131688601,6539.113962825364
2025-06-11 20:35:11+00:00,39.932437019073134,-75.19999348747783,-894.841692338051,39.86712761600687,-75.20117386610123,-43.86333964245202,1.4569851396530848e-06,1.4400366893846182e-06,1231.6819913074671,4999.999999991551,6744.381118041621,900.841692338051,6804.277509041708
2025-06-11 20:35:12+00:00,39.93045385068409,-75.20180214908575,-928.0703912182476,39.86358017077558,-75.20197711333302,-48.50003787920822,1.4590902025440505e-06,1.447520773866132e-06,1256.5109639803816,4999.999999991195,7013.846252181632,934.0703912182476,7075.7703993977175
2025-06-11 20:35:13+00:00,39.92838970816341,-75.20356706499624,-963.1018656692628,39.86000323254719,-75.20259595166338,-52.627844734069775,1.470254172237817e-06,1.4568646236355126e-06,1276.4169145987482,4999.999999990807,7289.137822119295,968.1018656692628,7353.145681418418
2025-06-11 20:35:14+00:00,39.926240343019664,-75.20529274137273,-1000.1883443910832,39.85627712341804,-75.2030913286259,-56.82159575104061,1.4894433076020883e-06,1.463913804586861e-06,1297.0086733662426,4999.999999990384,7570.838588696989,1005.1883443910832,7637.277037256348
2025-06-11 20:35:15+00:00,39.924003372378365,-75.20697182984745,-1039.1129124533336,39.85209411473279,-75.20342904151325,-61.22635623481841,1.5003527710330755e-06,1.472935136681754e-06,1316.038990252781,4999.999999989982,7858.576079146947,1044.1129124533336,7927.634563076958
2025-06-11 20:35:16+00:00,39.92167169935449,-75.20861098300361,-1080.2652283097173,39.84826216465732,-75.20383304043463,-65.56782622447618,1.5151700077274885e-06,1.4844808450868016e-06,1351.22805172547,4999.999999989565,8153.671021235796,1084.2652283097173,8225.447234519343
2025-06-11 20:35:17+00:00,39.91925983369498,-75.21025402381127,-1122.814859987384,39.84506414519149,-75.20469077102847,-69.26665164398835,1.5220816710910477e-06,1.4973177106826371e-06,1375.8203134163866,4999.999999989152,8455.67682712028,1126.814859987384,8530.426855286158
2025-06-11 20:35:18+00:00,39.9167546872295,-75.21186412919101,-1166.2738145231638,39.83959569452969,-75.20486805486544,-73.61495934861944,1.5317355468531943e-06,1.5080656660938756e-06,1408.338699899963,4999.999999988711,8764.846930973083,1169.2738145231638,8842.496422205542
2025-06-11 20:35:19+00:00,39.91415051828588,-75.21343919221815,-1211.4254511257354,39.83484944892989,-75.20524790335675,-76.96919427063895,1.5400916021408232e-06,1.5163570046676948e-06,1428.6991554312606,4999.9999999882375,9080.003167968687,1214.4254511257354,9160.856221263566
2025-06-11 20:35:20+00:00,39.91148611393045,-75.2150877661952,-1256.7623533131436,39.82972410457166,-75.20615797469463,-79.57385911207945,1.5471399634137855e-06,1.5186248923183635e-06,1458.289159631447,4999.999999987725,9406.550587830918,1258.7623533131436,9490.399181464423
2025-06-11 20:35:21+00:00,39.9087315366469,-75.2167468637418,-1302.6989167948998,39.825673196976936,-75.2071430145106,-81.27513827974398,1.5631298043343815e-06,1.530482192263181e-06,1477.0071763995948,4999.9999999872025,9743.34152104051,1303.6989167948998,9830.17471163581
2025-06-11 20:35:22+00:00,39.90587061322745,-75.21838728874806,-1349.05108686196,39.82233035975125,-75.20794494452231,-82.43387587319296,1.580377078304648e-06,1.543608824509833e-06,1505.6017246211427,4999.999999986639,10087.83304574494,1349.05108686196,10177.637957492254
2025-06-11 20:35:23+00:00,39.90288788408372,-75.21995880474933,-1395.442927730012,39.81708077920362,-75.20783133984901,-83.71466710970071,1.5908868535938075e-06,1.554600414079261e-06,1524.5220905877893,4999.99999998606,10440.75358603389,1394.442927730012,10533.461279321997
2025-06-11 20:35:24+00:00,39.899778747717455,-75.22145368825097,-1441.3587218229472,39.808673478183145,-75.20630318852156,-84.57582389582633,1.6016833451187503e-06,1.5676068452099729e-06,1558.094149735017,4999.999999985707,10801.260962030316,1439.3587218229472,10896.742260876314
2025-06-11 20:35:25+00:00,39.896539659187525,-75.22286053362339,-1486.932665201679,39.79954599538303,-75.20433011353573,-84.7702013787468,1.6103745504866438e-06,1.5814092282589736e-06,1590.6339216764852,4999.999999985537,11169.834114104871,1484.932665201679,11268.1062808621
2025-06-11 20:35:26+00:00,39.89316059543803,-75.22415760996843,-1533.4310856171774,39.78987443489178,-75.2019030298571,-85.34129595419925,1.6182795986657509e-06,1.5882674725246283e-06,1608.1314095112157,4999.999999985365,11546.50808724815,1529.4310856171774,11647.360578883916
2025-06-11 20:35:27+00:00,39.890008071403685,-75.22589229294793,-1576.5122077348487,39.97357581102317,-75.15521323485828,-71.51342493672541,1.626164528031434e-06,1.6017392785516262e-06,1636.2603216707337,4999.9999999851925,11921.996558022463,1572.5122077348487,12025.256611522876
2025-06-11 20:35:28+00:00,39.88676906606881,-75.2276563116977,-1621.042673761077,39.97023527634856,-75.1568696953442,-79.8310946252004,1.6349403011547338e-06,1.6047183310585556e-06,1671.32916596865,4999.999999985017,12307.66044751304,1616.042673761077,12413.303332098743
2025-06-11 20:35:29+00:00,39.88342940850756,-75.22942542773822,-1666.134796767274,39.96674485371083,-75.15841060541788,-83.18484046952707,1.640140551033074e-06,1.6143259431387096e-06,1702.0706148356712,4999.999999984827,12703.74845773522,1661.134796767274,12811.89266620826
2025-06-11 20:35:30+00:00,39.87999037426368,-75.23118227445305,-1709.900891294285,39.96305960577757,-75.15978131003774,-82.37097269332438,1.650369424431446e-06,1.619389724439305e-06,1740.5566850058583,4999.999999984638,13109.797569288972,1704.900891294285,13220.192107411718
2025-06-11 20:35:31+00:00,39.87645405006403,-75.23292670350881,-1751.7885505177062,39.95913291671343,-75.16104366934267,-79.49010976394578,1.6596489951311367e-06,1.6223877466288071e-06,1757.7014071604583,4999.999999984462,13525.71569359192,1745.7885505177062,13637.91636163668
2025-06-11 20:35:32+00:00,39.8728226223248,-75.23466450390487,-1792.359630537852,39.95491558772878,-75.1622515084367,-76.8173000538725,1.667615239827286e-06,1.6268215262839854e-06,1785.5470410720511,4999.999999984294,13950.643784564623,1786.359630537852,14064.549147890482
2025-06-11 20:35:33+00:00,39.86909664737248,-75.23638708352016,-1830.609534816905,39.95039490040181,-75.16333073138607,-72.83383042031039,1.676520656616219e-06,1.6365023217033245e-06,1806.045080012396,4999.999999984108,14384.785781593731,1824.609534816905,14500.043514999736
2025-06-11 20:35:34+00:00,39.86529123530843,-75.23810382140809,-1865.7522399560844,39.94555167574549,-75.16428837772874,-67.86590123430028,1.688921023785127e-06,1.647910688504969e-06,1828.4394531656408,4999.9999999839165,14826.712483909563,1859.7522399560844,14942.89401269183
2025-06-11 20:35:35+00:00,39.86139741714287,-75.23980103980071,-1898.1763609438324,39.94041070461219,-75.16506848331876,-61.98800243531088,1.6956193488360035e-06,1.6549872167472466e-06,1862.029628079074,4999.999999983718,15276.5826286406,1892.1763609438324,15393.320245827355
2025-06-11 20:35:36+00:00,39.85742652640421,-75.24147592475981,-1927.9769698696052,39.93493593185666,-75.16572982837509,-55.69558226795692,1.7036888178580622e-06,1.6652660096533752e-06,1874.3498422230464,4999.999999983519,15732.984505002209,1920.9769698696052,15849.825044883271
2025-06-11 20:35:37+00:00,39.853382456532216,-75.24312634462277,-1955.6705985779424,39.929192333261085,-75.16626860426423,-49.94871653160094,1.7109256802200195e-06,1.6810338211140278e-06,1889.709117681636,4999.999999983324,16196.977252627505,1948.6705985779424,16313.779121463393
2025-06-11 20:35:38+00:00,39.849259929911504,-75.24474244324128,-1980.8535985001704,39.923230238182825,-75.16665436586865,-44.283938973215385,1.7245354860221723e-06,1.6968587350663971e-06,1912.467065795,4999.999999983598,16667.515193177704,1973.8535985001704,16783.985246154196
2025-06-11 20:35:39+00:00,39.84506138664365,-75.2463182201339,-2003.7096662981603,39.91706398787318,-75.16688974607051,-38.76777037495295,1.733688842164351e-06,1.709915561576291e-06,1925.558247676786,4999.999999984044,17145.972429254998,1996.7096662981603,17261.842892236655
2025-06-11 20:35:40+00:00,39.8407838800433,-75.2478530914974,-2024.5040449563248,39.910716614575,-75.16700513879776,-33.49590248610372,1.7485697316358398e-06,1.7263487691359027e-06,1950.188334449913,4999.999999984465,17634.857474768836,2016.5040449563248,17749.774272331902
2025-06-11 20:35:41+00:00,39.83642336582692,-75.24934370440641,-2043.483205358048,39.90423892613835,-75.1670193730601,-28.93101704270941,1.7640791345330398e-06,1.7411183107646616e-06,1968.6227930721136,4999.999999984877,18129.38100667522,2034.483205358048,18243.17893345565
2025-06-11 20:35:42+00:00,39.83197717788397,-75.25078518778844,-2060.6671864979544,39.89765851787498,-75.16694458753332,-24.472167386214963,1.7758074866197376e-06,1.7539874023753884e-06,1994.3546142454568,4999.9999999852935,18631.56441589214,2051.6671864979544,18744.186587518023
2025-06-11 20:35:43+00:00,39.82744544795031,-75.25217892271888,-2076.2673998282253,39.89097527702732,-75.16680561313451,-20.63586969218542,1.784269752139304e-06,1.766770020537299e-06,2012.005067480004,4999.999999985685,19141.271826709057,2067.2673998282253,19252.581168413715
2025-06-11 20:35:44+00:00,39.82282316143462,-75.25352050693287,-2090.397413438589,39.88413835880795,-75.16656813188258,-17.25695104634969,1.7955849027510562e-06,1.7862796671477177e-06,2043.0794770700843,4999.99999998606,19657.83862303008,2081.397413438589,19767.72203673863
2025-06-11 20:35:45+00:00,39.818111205280935,-75.25481979473165,-2103.748421664437,39.87717016242876,-75.16627789328525,-14.732800494598528,1.8070657444525096e-06,1.7983286679733083e-06,2070.9755063380007,4999.999999986439,20183.75809785887,2093.748421664437,20292.06429632298
2025-06-11 20:35:46+00:00,39.81330906253621,-75.25607837082617,-2116.696890278243,39.87003672533071,-75.16596873666923,-13.285046356316704,1.8152176084671077e-06,1.8074032071371028e-06,2102.608025876465,4999.999999986795,20719.18309680684,2106.696890278243,20826.01065942573
2025-06-11 20:35:47+00:00,39.80841083956471,-75.2572998928479,-2129.2365241067027,39.862684840445226,-75.16560155359007,-12.37684899128462,1.8228253136267287e-06,1.8220937273901568e-06,2134.0852839316126,4999.999999987142,21263.085819593423,2118.2365241067027,21368.33509058332
2025-06-11 20:35:48+00:00,39.8034140264873,-75.25848037343991,-2141.1830856167226,39.85504448564293,-75.16514130017511,-11.7589605039231,1.8345796803754236e-06,1.82573483993061e-06,2164.564872812268,4999.999999987454,21818.027731395523,2130.1830856167226,21921.770322357446
2025-06-11 20:35:49+00:00,39.79831628964277,-75.25961980646899,-2152.9998725851606,39.84714201043912,-75.16461456897002,-11.291451911704216,1.8428662324999933e-06,1.83741973395762e-06,2205.21111431583,4999.999999987682,22385.10922987725,2141.9998725851606,22487.358197166923
2025-06-11 20:35:50+00:00,39.7931219962634,-75.2607163359697,-2164.429425462493,39.83894571210805,-75.16403810304035,-11.17467370794406,1.850600884527813e-06,1.8511735690154756e-06,2235.903642324481,4999.999999987896,22959.1986009715,2153.429425462493,23059.96658040292
2025-06-11 20:35:51+00:00,39.78782738917825,-75.2617702173685,-2175.7126958861304,39.83044584265598,-75.16341197375382,-11.036683789893024,1.8563199447848955e-06,1.8651751074987749e-06,2262.971373223939,4999.999999988103,23542.157688128555,2164.7126958861304,23641.471393896805
2025-06-11 20:35:52+00:00,39.782431761855605,-75.26278408734208,-2186.562342410194,39.82165696644834,-75.16273058792764,-10.839280614921824,1.8663145781015692e-06,1.878035092915004e-06,2281.09896435692,4999.999999988305,24134.718067108643,2175.562342410194,24232.57492889548
2025-06-11 20:35:53+00:00,39.776944616308896,-75.26376269571671,-2197.04775488219,39.8125357383137,-75.16203501546299,-10.47207419420854,1.878919375915776e-06,1.8866943821543716e-06,2306.859873880452,4999.999999988497,24735.190658181324,2186.04775488219,24831.60207645101
2025-06-11 20:35:54+00:00,39.77137181205134,-75.26470270661208,-2207.238694365434,39.803150922417565,-75.16130000166052,-10.02744960160808,1.894451038565065e-06,1.90067654779748e-06,2327.6565005614543,4999.999999988681,25343.32159853812,2196.238694365434,25438.306037343693
2025-06-11 20:35:55+00:00,39.76571044171188,-75.26560204930158,-2217.327898916561,39.79347979470924,-75.1604981782275,-9.714086516399089,1.9019198036026768e-06,1.914295091164808e-06,2349.427585233625,4999.999999988853,25959.590415039984,2206.327898916561,26053.18056042627
2025-06-11 20:35:56+00:00,39.75996618984998,-75.26647275392202,-2227.190736453791,39.78357890482686,-75.15968821845108,-9.456569059292605,1.909540153450987e-06,1.926673504591928e-06,2378.3879926481977,4999.999999989027,26583.51120360676,2216.190736453791,26675.72996738102
2025-06-11 20:35:57+00:00,39.75415645284947,-75.26731694037073,-2237.1734321528133,39.77343492373194,-75.1588752588195,-9.355032010383976,1.9192382645599414e-06,1.9379321454589747e-06,2404.5622653550968,4999.9999999891925,27213.72133201256,2225.1734321528133,27304.542214430072
2025-06-11 20:35:58+00:00,39.74829129360245,-75.26814399971218,-2247.3784009900137,39.76307822063208,-75.1580353835234,-9.346632065332807,1.926968690526323e-06,1.941935044642677e-06,2437.049715666741,4999.999999989153,27849.428204077834,2235.3784009900137,27938.99725991788
2025-06-11 20:35:59+00:00,39.74235556284886,-75.2689531583535,-2257.8513628533065,39.75247640682789,-75.15709889748481,-9.522994133489188,1.935570598323835e-06,1.947291312512785e-06,2458.498020890005,4999.999999989085,28492.80095803818,2246.8513628533065,28581.25342739778
2025-06-11 20:36:00+00:00,39.73634269689664,-75.26974296478919,-2268.4880549484915,39.74159964353439,-75.1561178388631,-10.124118070269672,1.9478650304597238e-06,1.9533608360161165e-06,2491.195305614236,4999.999999989018,29145.67304807252,2257.4880549484915,29232.969567653847
2025-06-11 20:36:01+00:00,39.730248697648086,-75.27050437337226,-2279.306099456453,39.73055571757,-75.15500881082662,-10.808211873277138,1.9603579141314624e-06,1.9658966049524327e-06,2501.3059779685645,4999.999999988947,29809.012029617792,2268.306099456453,29895.1904282734
2025-06-11 20:36:02+00:00,39.72406625705401,-75.271241013359,-2290.275968093935,39.71927017112384,-75.15377668581749,-11.11004017949632,1.9685771651394383e-06,1.972822427402647e-06,2540.781588088404,4999.999999988871,30482.226887114743,2279.275968093935,30567.323319784995
2025-06-11 20:36:03+00:00,39.71778645243856,-75.27194973570442,-2301.349249809534,39.707804586485686,-75.15240589946096,-11.472466614734136,1.9827142223268347e-06,1.9773782244922177e-06,2567.1684609100303,4999.999999988797,31166.37099208805,2290.349249809534,31250.414085297663
2025-06-11 20:36:04+00:00,39.7114038770021,-75.27263130146054,-2312.605832009511,39.696179557615,-75.1509747524155,-11.884243177257783,1.984809119374048e-06,1.98740182582746e-06,2585.834432303536,4999.999999988718,31861.04636896745,2301.605832009511,31944.070891660544
2025-06-11 20:36:05+00:00,39.704910739963125,-75.27328213512263,-2324.207442387728,39.68449389145074,-75.14946810975957,-12.304186894503136,1.991359003845609e-06,2.001437730758848e-06,2620.859522336437,4999.999999988632,32568.944434717465,2314.207442387728,32651.059671595907
2025-06-11 20:36:06+00:00,39.69830780692674,-75.27390250303063,-2336.0440571456447,39.67267959973882,-75.14788786706059,-12.669745874421212,2.0065096122777877e-06,2.00836286499713e-06,2649.386979025901,4999.999999988463,33289.07811438004,2326.0440571456447,33370.244270323805
2025-06-11 20:36:07+00:00,39.69159360458978,-75.27449087119788,-2348.078931407761,39.66081680670602,-75.14622638743754,-13.229569741085928,2.0218512922594237e-06,2.0133925161081937e-06,2682.5567502488434,4999.999999988272,34021.23396820628,2338.078931407761,34101.4805222431
2025-06-11 20:36:08+00:00,39.68476544197547,-75.27505133766269,-2360.1929344367845,39.64879279912006,-75.144555344538,-13.77392218831416,2.036045723634006e-06,2.0191589259548954e-06,2692.3804371333863,4999.999999988075,34766.23886400936,2351.1929344367845,34845.65213859973
2025-06-11 20:36:09+00:00,39.67783351367986,-75.2755815727196,-2372.244775002674,39.63673684238304,-75.1428502445531,-13.977255658681408,2.041204960159429e-06,2.0283076662497576e-06,2716.8648496413693,4999.999999987876,35522.50611149335,2363.244775002674,35601.03041075721
2025-06-11 20:36:10+00:00,39.67079443415503,-75.27608481849384,-2384.522645648006,39.62482737744773,-75.1411454439776,-14.118219539826027,2.0427093306461986e-06,2.0386457950229144e-06,2732.316461544904,4999.999999987658,36290.4762908275,2376.522645648006,36368.20767236668
2025-06-11 20:36:11+00:00,39.66365886180797,-75.27656995385418,-2397.261378914567,39.61298462933512,-75.13951571728184,-14.449685993448604,2.060309713762247e-06,2.04895709506028e-06,2754.306975051276,4999.999999987433,37069.58192045104,2389.261378914567,37146.5001540361
2025-06-11 20:36:12+00:00,39.656432064307495,-75.27703860733254,-2410.4515253948507,39.601184757744285,-75.13788015167914,-15.056474949375804,2.0792326124657585e-06,2.0583191742432646e-06,2763.6156929195927,4999.999999987196,37858.91999790938,2402.4515253948507,37935.07080183158
2025-06-11 20:36:13+00:00,39.64911707221143,-75.27749929050502,-2424.482335037302,39.58942078755919,-75.13635439109684,-16.07437854617303,2.0880905393830533e-06,2.067704346972686e-06,2796.641215698021,4999.999999986995,38658.61232859708,2417.482335037302,38734.12614236928
2025-06-11 20:36:14+00:00,39.6417268930939,-75.27795586958285,-2439.218230792164,39.577748811429245,-75.13490637487928,-17.295520061783368,2.0988976829577357e-06,2.0721328667312203e-06,2827.7065815406318,4999.999999986811,39467.41148029809,2431.218230792164,39542.22288947476
2025-06-11 20:36:15+00:00,39.63427491772438,-75.27841422993905,-2454.736433528831,39.566373275713744,-75.13359528635176,-18.566078456141824,2.107985012065499e-06,2.090048815423937e-06,2861.113677081751,4999.99999998662,40282.94288591368,2447.736433528831,40357.24100081432
2025-06-11 20:36:16+00:00,39.62677557115226,-75.27887684157304,-2471.354187472497,39.55547412417817,-75.13246854629962,-19.949010847247973,2.117391705671113e-06,2.098936763304095e-06,2882.6077848279047,4999.999999986422,41104.356861658925,2464.354187472497,41178.16405052465
2025-06-11 20:36:17+00:00,39.61924800767605,-75.27935674359271,-2489.321737794342,39.544963718175765,-75.13154527261844,-21.603973777278902,2.1184143909881578e-06,2.109627304008371e-06,2905.758944406797,4999.99999998622,41929.518645350174,2482.321737794342,42002.93388610722
2025-06-11 20:36:18+00:00,39.6117053489163,-75.27986019152583,-2508.3584127767,39.53501635732109,-75.13087832196736,-23.395184548231505,2.125642229846284e-06,2.1186687045250725e-06,2933.0367466039606,4999.999999986017,42758.20183662971,2501.3584127767,42831.30418527007
2025-06-11 20:36:19+00:00,39.604301509266506,-75.28048837059607,-2528.1239537004653,39.53118603366973,-75.13378255234247,-24.439603058303977,2.131445098636323e-06,2.135039072034801e-06,2964.0404717736537,4999.999999985812,43574.87778557292,2521.1239537004653,43647.74954127118
2025-06-11 20:36:20+00:00,39.59692160454827,-75.28116165911976,-2549.4805541414285,39.52272570274853,-75.13376853994018,-26.093015835831647,2.1513611943131365e-06,2.144082120100952e-06,3001.6046753055143,4999.999999985885,44389.34915427664,2540.4805541414285,44461.98780740973
2025-06-11 20:36:21+00:00,39.58971290373769,-75.28198881185739,-2572.418754601636,39.520524366288704,-75.1374928164418,-27.63686247308737,2.1543668033677902e-06,2.153255287434006e-06,3017.711846697124,4999.999999985967,45188.163761398064,2563.418754601636,45260.81373371863
2025-06-11 20:36:22+00:00,39.58255705200853,-75.28288207082262,-2597.678519198993,39.51356670189188,-75.13822038473052,-30.14794936389003,2.165356199704447e-06,2.165134328438876e-06,3055.53137264372,4999.999999986049,45982.58957503197,2587.678519198993,46055.34305750596
2025-06-11 20:36:23+00:00,39.57557287060693,-75.28394533406907,-2626.202768843228,39.511802329558485,-75.14216095221694,-34.03885000314584,2.177505487845556e-06,2.174091935173144e-06,3084.7747192474853,4999.999999986131,46761.16670302579,2617.202768843228,46834.35130074301
2025-06-11 20:36:24+00:00,39.56867885870463,-75.28510675313859,-2657.6339750651728,39.50633105700725,-75.14386103646686,-38.75361929270063,2.18603703565017e-06,2.1889812389515357e-06,3101.151031386108,4999.999999986208,47530.74822757994,2648.6339750651728,47604.48811832203
2025-06-11 20:36:25+00:00,39.56188355258864,-75.28635368254531,-2693.5491015777,39.501582080628005,-75.14554337584549,-44.088868919987966,2.200247953098666e-06,2.197555171982312e-06,3134.641506605022,4999.999999986283,48291.10780532494,2684.5491015777,48365.66857745581
2025-06-11 20:36:26+00:00,39.55526326258496,-75.2877832101538,-2732.76375068454,39.50078266046639,-75.14991376607404,-51.78405714754503,2.2135491842494497e-06,2.203643675078721e-06,3172.7069192882414,4999.9999999863485,49035.017848019255,2724.76375068454,49110.663942290696
2025-06-11 20:36:27+00:00,39.55167936000032,-75.29110017795934,-2767.5051744738143,39.97473205942288,-75.15539596768282,-39.21936957430714,2.221684496780063e-06,2.222734276586625e-06,3197.555837156435,4999.999999986427,49489.57384518027,2760.5051744738143,49566.50389321248
2025-06-11 20:36:28+00:00,39.54809052538768,-75.29447840034612,-2806.2236497322074,39.97119427682652,-75.15870691323732,-51.632513941767634,2.2346428076191312e-06,2.2299314166394337e-06,3215.440998868724,4999.999999986646,49948.359979663386,2799.2236497322074,50026.73602884021
2025-06-11 20:36:29+00:00,39.54453127685999,-75.2979703323523,-2848.71298096385,39.967845369973794,-75.16221840632828,-62.51079279889511,2.248927279923126e-06,2.2331947584605343e-06,3248.9201186219307,4999.99999998687,50408.05235170982,2840.71298096385,50488.03216736551
2025-06-11 20:36:30+00:00,39.54089111218623,-75.30149291970334,-2893.5894055310528,39.96413936397848,-75.16556823634352,-72.21640468454092,2.264223701676405e-06,2.245298027280769e-06,3283.4482271330467,4999.999999987077,50878.58645548649,2886.5894055310528,50960.405788264055
2025-06-11 20:36:31+00:00,39.53719724470558,-75.30507019610485,-2940.13691090718,39.96033941052945,-75.16902703585714,-79.28953671663973,2.2727579747602158e-06,2.2561081189323706e-06,3313.16283983197,4999.999999987268,51356.68845777434,2933.13691090718,51440.3804562818
2025-06-11 20:36:32+00:00,39.53338629359655,-75.30867063550653,-2988.0634097333404,39.95600757821902,-75.17234374967383,-85.07455561488379,2.2833724927068687e-06,2.2648705748206067e-06,3331.2394387792992,4999.99999998744,51849.19332247767,2981.0634097333404,51934.820566210816
2025-06-11 20:36:33+00:00,39.52949321023299,-75.31233298280308,-3035.554958792377,39.95143889480005,-75.17585801879918,-88.12835189954615,2.2900960947555554e-06,2.263822583390091e-06,3349.7469348200275,4999.999999987601,52352.12950805228,3027.554958792377,52439.59909320805
2025-06-11 20:36:34+00:00,39.52550414910019,-75.3160587169669,-3083.299411207093,39.9462918277163,-75.17934014610617,-89.76698990148766,2.300890930148296e-06,2.2747418403270506e-06,3392.038013545452,4999.999999987747,52866.490097498754,3075.299411207093,52955.86125914208
2025-06-11 20:36:35+00:00,39.52135283092222,-75.31980284504505,-3130.701321189736,39.94020189851586,-75.18257312781218,-91.40021538403984,2.31075227480688e-06,2.282000105591656e-06,3423.544056817722,4999.999999987881,53399.91624953989,3121.701321189736,53491.084066380565
2025-06-11 20:36:36+00:00,39.51706034165943,-75.32358665352305,-3177.6954533610324,39.933664101954086,-75.18594250518429,-91.59578435996352,2.3135865904285072e-06,2.2861604117937168e-06,3458.277570021238,4999.999999987996,53950.81400106295,3168.6954533610324,54043.78745289269
2025-06-11 20:36:37+00:00,39.51260748716156,-75.32738761081228,-3223.53866989181,39.92636061952574,-75.18913916881164,-90.7708274911177,2.3200788452181854e-06,2.297121267481773e-06,3481.9829455301738,4999.999999988086,54520.66757560851,3213.53866989181,54615.29111588529
2025-06-11 20:36:38+00:00,39.507976874067296,-75.33120302634984,-3267.546519429188,39.91841973237646,-75.19229410217173,-88.54683041969722,2.3324053997906008e-06,2.3104617881232048e-06,3502.5359044018405,4999.999999988168,55111.01267378424,3257.546519429188,55207.20358120172
2025-06-11 20:36:39+00:00,39.50315094866225,-75.33503389017483,-3310.3445311754126,39.9097708907838,-75.1953580715711,-85.29773849529178,2.3385145724057267e-06,2.3112477918287834e-06,3523.525519281,4999.999999988239,55722.38980932301,3300.3445311754126,55820.04120463012
2025-06-11 20:36:40+00:00,39.498130463081466,-75.33885738955632,-3351.2995119745683,39.900514928415866,-75.19830777431918,-81.35698673079351,2.3530700695873997e-06,2.3227026576133e-06,3541.526784775177,4999.999999988543,56353.773507540245,3341.2995119745683,56452.74192603816
2025-06-11 20:36:41+00:00,39.49291521510028,-75.3426755631239,-3391.1516085928247,39.8908522698658,-75.2011482906097,-78.20651348471225,2.363579564723834e-06,2.325467671661388e-06,3571.665455330007,4999.999999988844,57003.360629897536,3380.1516085928247,57103.489805783545
2025-06-11 20:36:42+00:00,39.48751209593564,-75.34648314348524,-3429.889589290835,39.88083134759591,-75.20389944872109,-75.34117360708234,2.380147779509385e-06,2.333697855986341e-06,3597.8747201198294,4999.999999989113,57672.97555889672,3419.889589290835,57774.28281354983
2025-06-11 20:36:43+00:00,39.48192746263104,-75.35027381130959,-3467.1650009939294,39.87051045474489,-75.20657866175247,-72.51690151629845,2.3857969062331743e-06,2.343108881742693e-06,3616.280772121552,4999.999999989328,58360.34018581946,3457.1650009939294,58462.64872932693
2025-06-11 20:36:44+00:00,39.47616124298407,-75.3540459140458,-3502.965326245283,39.85991643262685,-75.20917795593132,-69.3242297698647,2.395420290740345e-06,2.3529171988724214e-06,3645.480739970677,4999.999999989476,59067.62256057542,3491.965326245283,59170.751700466826
2025-06-11 20:36:45+00:00,39.47022357446852,-75.35779204417346,-3537.213190884799,39.849090930779184,-75.21167991994258,-66.22177272532478,2.399679665767686e-06,2.3620980061519352e-06,3668.120227039885,4999.999999989572,59792.79798481613,3526.213190884799,59896.684969375405
2025-06-11 20:36:46+00:00,39.46411965966372,-75.36151088289253,-3570.194468193361,39.83807352123038,-75.21410932228348,-63.13555712541279,2.400326301320426e-06,2.3756957828795054e-06,3682.2007787934153,4999.999999989619,60534.26311417667,3560.194468193361,60638.86538704138
2025-06-11 20:36:47+00:00,39.45786537496525,-75.3652055309535,-3602.1915029256447,39.82700514146546,-75.21648921362814,-60.3685988448137,2.4142323211821467e-06,2.394620220787564e-06,3715.47277024111,4999.999999989617,61291.382383934695,3591.1915029256447,61396.49998936736
2025-06-11 20:36:48+00:00,39.45146284391932,-75.36887453052574,-3633.069107913032,39.81573098289413,-75.21879119354817,-57.58352526480725,2.423365101265209e-06,2.403256385109133e-06,3744.609459190151,4999.999999989545,62063.86669898715,3623.069107913032,62169.527739804806
2025-06-11 20:36:49+00:00,39.4449144219483,-75.37251403329512,-3663.86151483168,39.80428619491668,-75.22099334052498,-55.87125154407258,2.429107101625495e-06,2.415457025117164e-06,3770.733670075901,4999.999999989364,62850.87959755251,3653.86151483168,62956.99937382349
2025-06-11 20:36:50+00:00,39.43821480137053,-75.37612329933972,-3694.984664632281,39.79267130846843,-75.2231013345225,-54.74785847808806,2.4521726037226896e-06,2.423367029375192e-06,3809.832472540824,4999.999999989177,63653.53190761451,3684.984664632281,63760.10693444823
2025-06-11 20:36:51+00:00,39.431368862098594,-75.37969984672421,-3726.1374361089775,39.780820411178766,-75.2251071541319,-54.20582269149219,2.464003181496233e-06,2.4259503932287507e-06,3849.748722995385,4999.999999988984,64470.71061025869,3717.1374361089775,64577.77974900225
2025-06-11 20:36:52+00:00,39.424378428083855,-75.3832466085008,-3758.051581197168,39.76881163893368,-75.22703835739105,-54.37691298642042,2.4692360314815627e-06,2.434254005094749e-06,3868.659901766509,4999.999999988789,65302.25140682116,3749.051581197168,65409.78081723064
2025-06-11 20:36:53+00:00,39.41724352050155,-75.38675782778049,-3791.256418801408,39.75657351239728,-75.2288657017268,-55.23394760909056,2.479749613972722e-06,2.445407214025422e-06,3882.923269956991,4999.999999988593,66148.8197119324,3783.256418801408,66256.91947572072
2025-06-11 20:36:54+00:00,39.40996161170692,-75.39023386565134,-3825.615524287584,39.744119615018775,-75.23059757348639,-56.94612919567849,2.484870555238035e-06,2.455441071020802e-06,3907.59798314758,4999.999999988414,67009.59727887025,3817.615524287584,67118.256203269
2025-06-11 20:36:55+00:00,39.402531106133154,-75.39367657890757,-3861.245375892264,39.73154246733793,-75.23226762225906,-59.058107097180994,2.499956082960524e-06,2.468045184602489e-06,3920.9444965576977,4999.999999988219,67885.41893553101,3853.245375892264,67994.68805707831
2025-06-11 20:36:56+00:00,39.394956196291616,-75.39707929202088,-3898.81299978381,39.71874253650986,-75.23382902910065,-61.200383530754536,2.5136739479512263e-06,2.47617856722072e-06,3943.046462762845,4999.999999987645,68775.79093197249,3890.81299978381,68885.7593709881
2025-06-11 20:36:57+00:00,39.38723725359661,-75.40044474596523,-3938.571140257458,39.70602336496987,-75.23537923299845,-64.41294179310322,2.517326017069502e-06,2.48348637621659e-06,3970.588139189759,4999.999999987124,69680.6251750816,3930.571140257458,69791.39570376022
2025-06-11 20:36:58+00:00,39.3793803417761,-75.4037741219673,-3981.047657222176,39.69349671551806,-75.23693781369012,-68.3157255518515,2.52447952390891e-06,2.4950694724595178e-06,3987.63093549119,4999.99999998671,70598.94583857419,3973.047657222176,70710.65168137323
2025-06-11 20:36:59+00:00,39.37146350602474,-75.40714290718404,-4024.764241970205,39.68253441824706,-75.23974493195706,-72.27523429087815,2.531591235894398e-06,2.5060136116711853e-06,4011.171143095534,4999.999999986343,71524.14115675571,4016.764241970205,71636.84221953872
2025-06-11 20:37:00+00:00,39.36344306659147,-75.4105043510887,-4070.283415749738,39.67059877659465,-75.24185023247412,-75.64043030688777,2.5301478882877165e-06,2.5145670211550843e-06,4043.914155428048,4999.999999986037,72460.14962812889,4063.283415749738,72573.98677382643
2025-06-11 20:37:01+00:00,39.355408172527945,-75.41395589276095,-4116.138032841882,39.66082251124933,-75.24562527885804,-78.14692511350158,2.539712082683959e-06,2.5292439004532366e-06,4060.465381172589,5000.0,73400.20866123079,4109.138032841882,73515.13889591154
2025-06-11 20:37:02+00:00,39.34733549263258,-75.41746728377996,-4161.370565522504,39.65048533228117,-75.24904541565348,-79.30335821597015,2.5481781791269437e-06,2.547045067863935e-06,4093.26230698844,5000.0,74345.29994795927,4154.370565522504,74461.2813423709
2025-06-11 20:37:03+00:00,39.33917197645714,-75.42097234650019,-4206.893279281245,39.63914889238109,-75.251477919046,-79.09710035243273,2.5613252716086747e-06,2.556404187349526e-06,4130.426347117475,5000.0,75300.8443508581,4200.893279281245,75417.9333069799
2025-06-11 20:37:04+00:00,39.3309675648312,-75.42453832227231,-4251.832091471972,39.62914121249997,-75.25518513663697,-78.93626809674731,2.5661546304004124e-06,2.5757387185111067e-06,4150.389347046114,5000.0,76261.75709907548,4245.832091471972,76379.85785524454
2025-06-11 20:37:05+00:00,39.3226649586294,-75.42808880816278,-4296.795161926484,39.61802224675524,-75.25772988087084,-78.12277106423156,2.580059774719913e-06,2.5870282083634235e-06,4178.402357000324,5000.0,77233.2238128427,4290.795161926484,77352.32241921547
2025-06-11 20:37:06+00:00,39.31433561471397,-75.43170448005955,-4340.925544503518,39.60864969273262,-75.2619319843549,-77.06920931048998,2.597796208002393e-06,2.6030474933035835e-06,4192.436607203178,5000.0,78209.30159279148,4333.925544503518,78329.29060228694
2025-06-11 20:37:07+00:00,39.30608560323876,-75.43550031879239,-4385.289947303729,39.60222814554048,-75.26851549707851,-75.84619095056351,2.6163112597808387e-06,2.6086921002034262e-06,4232.1646500600245,5000.0,79180.94921839135,4378.289947303729,79301.90503378927
2025-06-11 20:37:08+00:00,39.29801308390666,-75.43959234903784,-4428.772211812526,39.59898120974587,-75.2775502621894,-74.16945042205396,2.6269666510208064e-06,2.620179105528369e-06,4256.455713222355,5000.0,80141.90190373712,4421.772211812526,80263.7932709474
2025-06-11 20:37:09+00:00,39.28987613140703,-75.44368322807189,-4471.251898158362,39.58971350265359,-75.28143580642356,-71.62181381883985,2.638558472298777e-06,2.6255735419226742e-06,4286.551095820925,5000.0,81110.32238817973,4465.251898158362,81233.13900390934
2025-06-11 20:37:10+00:00,39.28190124558069,-75.4480458778821,-4513.38248936649,39.58671438539809,-75.29078433929455,-69.93970377753452,2.6532345658299197e-06,2.634858817836208e-06,4312.381865190477,5000.0,82068.20132087302,4508.38248936649,82191.94109347808
2025-06-11 20:37:11+00:00,39.27386364371179,-75.45240351383629,-4554.997489636351,39.57789724956479,-75.29511617332315,-67.93671382227437,2.662763964145091e-06,2.641844542472801e-06,4349.606977631574,5000.0,83032.24198298684,4546.997489636351,83156.64973345211
2025-06-11 20:37:12+00:00,39.26594953663584,-75.45700046182975,-4596.807166375662,39.57406164530921,-75.3043420003888,-67.60564762599537,2.66786919176658e-06,2.6487816662929774e-06,4381.847104872285,5000.0,83990.98264028755,4586.807166375662,84116.1337964519
2025-06-11 20:37:13+00:00,39.25805583349949,-75.46169987554339,-4638.722777592171,39.567249883036695,-75.31117713343973,-67.11216833118797,2.6751352139759096e-06,2.6616961869341022e-06,4393.661625036712,5000.0,84950.50264003858,4628.722777592171,85076.51246582104
2025-06-11 20:37:14+00:00,39.25032337598256,-75.46669552085325,-4680.4271335009,39.56471017940349,-75.32195412866696,-67.13654749006099,2.6830091093396927e-06,2.663929221012329e-06,4419.048712701858,5000.0,85901.00128283855,4670.4271335009,86027.87287271244
2025-06-11 20:37:15+00:00,39.24268032343024,-75.47189859014897,-4722.599270565439,39.56070515022315,-75.33125421501614,-66.74083638079625,2.689779121011305e-06,2.6778515743302858e-06,4442.749888687151,5000.0,86847.39439569117,4713.599270565439,86975.21446598567
2025-06-11 20:37:16+00:00,39.235125732887234,-75.47730198647929,-4766.05492920514,39.55664825131252,-75.34075241989837,-67.73578885296531,2.6942248310665983e-06,2.690692372585557e-06,4461.177995181481,5000.0,87790.01605756876,4759.05492920514,87918.9144792369
2025-06-11 20:37:17+00:00,39.2276470183492,-75.48290118072904,-4811.575422220818,39.55243241889691,-75.35036982360191,-70.39816142585836,2.698747491664571e-06,2.6975387297651564e-06,4489.574643766291,5000.0,88730.11048683508,4805.575422220818,88860.14889783053
2025-06-11 20:37:18+00:00,39.22030961295425,-75.48880458177197,-4858.619990198415,39.55003595012213,-75.36238509550168,-74.32090276583688,2.718520143346665e-06,2.71011118729686e-06,4507.647413765537,5000.0,89665.07044049079,4852.619990198415,89796.28487786924
2025-06-11 20:37:19+00:00,39.21302124497724,-75.49488715232377,-4907.108333832806,39.54482958403712,-75.37200809897578,-78.24993737393709,2.729876450981581e-06,2.721341176512921e-06,4516.418634465421,5000.0,90600.35851781035,4901.108333832806,90732.82662000418
2025-06-11 20:37:20+00:00,39.20584267085954,-75.50126804511187,-4956.635859842298,39.54126591353892,-75.38406053286964,-82.21620525352375,2.7451169476631264e-06,2.730346417665156e-06,4548.115072345857,5000.0,91532.99692793358,4950.635859842298,91666.77872613314
2025-06-11 20:37:21+00:00,39.19858219741944,-75.50765610098588,-5008.053678959755,39.53131887838387,-75.39005717814766,-86.2918714236297,2.7509735170572463e-06,2.7431425798485432e-06,4583.714987120174,5000.0,92475.20369613882,5002.053678959755,92610.38732048128
2025-06-11 20:37:22+00:00,39.19128054003008,-75.51414394101874,-5060.114491653687,39.52225323370575,-75.39789018366952,-90.21731059402538,2.7670662047225347e-06,2.7447424571790504e-06,4599.065691338907,5000.0,93425.27641521854,5054.114491653687,93561.8851165085
2025-06-11 20:37:23+00:00,39.18375020711299,-75.52045762081715,-5111.813970684661,39.506477352389545,-75.39941672929965,-93.24889742782236,2.774817863184075e-06,2.7541553646607133e-06,4618.364487778377,5000.0,94395.11656877788,5105.813970684661,94533.10197140684
2025-06-11 20:37:24+00:00,39.176203434012265,-75.52694333703278,-5162.89412609293,39.4966352935526,-75.40820306222663,-93.77899731392894,2.789203448124492e-06,2.756596651710833e-06,4643.967911520118,5000.0,95372.21384853811,5156.89412609293,95511.5319288672
2025-06-11 20:37:25+00:00,39.16843612396991,-75.53329784626192,-5215.0902441621965,39.47925208953475,-75.40954734218478,-95.07610845212484,2.800588940111949e-06,2.7691546624164443e-06,4649.346202640029,5000.0,96369.2693622898,5209.0902441621965,96509.95129308372
2025-06-11 20:37:26+00:00,39.16050241211695,-75.53963395623337,-5266.678176793767,39.46336274176589,-75.41304396960534,-95.22346071205516,2.814710885161017e-06,2.78703847606524e-06,4677.716660454977,5000.0,97383.9539847392,5260.678176793767,97525.941310923
2025-06-11 20:37:27+00:00,39.15470832442119,-75.54651647516296,-5306.756321649767,39.97796166875264,-75.16188426742752,-44.36564917280626,2.8223934227534256e-06,2.789251315271528e-06,4708.261488005684,5000.0,98191.34831328529,5300.756321649767,98334.32209133504
2025-06-11 20:37:28+00:00,39.14884060318113,-75.55350378558198,-5351.69038471735,39.97209337556552,-75.16895540227613,-71.36920945859288,2.8359304449529037e-06,2.7988736904790624e-06,4730.618325515839,5000.0,99010.3444578766,5345.69038471735,99154.5496452716
2025-06-11 20:37:29+00:00,39.142864097950174,-75.56051592325602,-5398.649834334256,39.96603633538662,-75.17592731984233,-88.9203628724972,2.8494946534541367e-06,2.810471564674271e-06,4758.691299097051,5000.0,99842.38087527754,5392.649834334256,99987.907724283
2025-06-11 20:37:30+00:00,39.13676482509268,-75.56754657694918,-5444.424972632472,39.95971830589908,-75.18283173280716,-93.56842635672744,2.86032577336653e-06,2.8218666985518696e-06,4785.259901401903,5000.0,100688.919762717,5438.424972632472,100835.68331283232
2025-06-11 20:37:31+00:00,39.13054862750607,-75.57459645849636,-5487.760787824427,39.953089864396425,-75.18968707212849,-88.81343281428543,2.869302682661985e-06,2.824709818752772e-06,4793.033559795586,5000.0,101549.16811915148,5481.760787824427,101697.01690328296
2025-06-11 20:37:32+00:00,39.12422591713727,-75.58168031456316,-5529.218602460178,39.94614463971732,-75.19652271761773,-81.01694935457813,2.8791809415122297e-06,2.835730134293629e-06,4816.227274428428,5000.0,102422.62766021962,5524.218602460178,102571.49529957994
2025-06-11 20:37:33+00:00,39.117805326932974,-75.58880100859983,-5569.439195193086,39.93886804115515,-75.20331438631355,-73.9083168228493,2.8870950949242528e-06,2.85010112538741e-06,4834.428240110203,5000.0,103308.3374369404,5564.439195193086,103458.086042328
2025-06-11 20:37:34+00:00,39.11128749163148,-75.59594996403551,-5609.037513304166,39.9312113555352,-75.20997883011285,-68.89355043418325,2.894062223026605e-06,2.859644625077493e-06,4861.67589088111,5000.0,104205.1348310031,5604.037513304166,104355.71551955388
2025-06-11 20:37:35+00:00,39.10469301281303,-75.60314403470721,-5648.527773499316,39.92325463299056,-75.21673575870574,-65.08042738821342,2.9092109477418285e-06,2.8633913038820487e-06,4880.818677028405,5000.0,105111.71716644232,5643.527773499316,105263.11078154788
2025-06-11 20:37:36+00:00,39.09803465076088,-75.6103971077545,-5687.664785714362,39.91501119205012,-75.22357389553368,-61.69576408123585,2.9245933884340765e-06,2.873572621576778e-06,4881.89997533673,5000.0,106027.47067987072,5682.664785714362,106179.64596775432
2025-06-11 20:37:37+00:00,39.09131787764268,-75.61769986452089,-5726.905950828876,39.90646319658698,-75.23034816272218,-58.8397857445504,2.9333145654199155e-06,2.884562190240109e-06,4890.946956686211,5000.0,106951.72962555534,5722.905950828876,107104.7343604377
2025-06-11 20:37:38+00:00,39.08456137428191,-75.6250611577098,-5766.16652717563,39.89772073392596,-75.23716344288128,-55.696904246703504,2.9374697479486933e-06,2.8943273899182003e-06,4920.561378308759,5000.0,107882.89443934034,5762.16652717563,108036.66727411
2025-06-11 20:37:39+00:00,39.077773888292185,-75.63246684382084,-5806.038432707732,39.88881723269142,-75.24392266542664,-53.35911302225023,2.9535892762436605e-06,2.898894715344444e-06,4939.837531894535,5000.0,108819.70424612916,5802.038432707732,108974.27073483738
2025-06-11 20:37:40+00:00,39.07097045232659,-75.639923868199,-5846.878889983151,39.87991142696938,-75.25075452519393,-51.97977391830682,2.9659689690839584e-06,2.911823255512305e-06,4967.824914731356,5000.0,109760.89888180136,5843.878889983151,109916.35839956588
2025-06-11 20:37:41+00:00,39.06416583537191,-75.64742381670087,-5888.979259339373,39.871046488887146,-75.25766387548394,-52.0117646760938,2.981142791991963e-06,2.9169497500557778e-06,4977.878860341695,5000.0,110704.24027303491,5885.979259339373,110860.604212097
2025-06-11 20:37:42+00:00,39.05737806605126,-75.65497403221275,-5932.478837158977,39.862222612420425,-75.26466150834302,-53.09552049905925,2.9895630829622123e-06,2.9268824903997548e-06,5008.020849833738,5000.0,111648.78770018084,5929.478837158977,111806.12914415904
2025-06-11 20:37:43+00:00,39.05062447971525,-75.66257028232374,-5977.296350026949,39.853469718052814,-75.27180051148271,-54.68823998406242,2.9963663461319054e-06,2.927760611282233e-06,5025.9495420345,5000.0,112591.53256122468,5974.296350026949,112749.92426322628
2025-06-11 20:37:44+00:00,39.04392138641869,-75.67021322293913,-6023.055095998668,39.84476429170451,-75.27904633713041,-57.08085101527296,3.0013945172894342e-06,2.9402123554855653e-06,5043.109816078781,5000.0,113531.10334786309,6020.055095998668,113690.59983455988
2025-06-11 20:37:45+00:00,39.03728248542431,-75.67789452928704,-6069.488023015099,39.836083491961006,-75.2864046798387,-59.72486157460264,3.014507529237052e-06,2.951189080231551e-06,5054.566343530652,5000.0,114466.2894533368,6066.488023015099,114626.9326910062
2025-06-11 20:37:46+00:00,39.03072045249263,-75.68561106084088,-6116.263759779518,39.82743236630698,-75.29389114145792,-62.14595239351869,3.0281995285957683e-06,2.959071308354667e-06,5071.203740418342,5000.0,115396.5352308791,6113.263759779518,115558.35035638124
2025-06-11 20:37:47+00:00,39.024244737375,-75.69336362327806,-6162.712612529531,39.818783916152576,-75.3014892453398,-64.05362731385783,3.0363512999068897e-06,2.96572489669909e-06,5104.262371559916,5000.0,116319.59528915973,6159.712612529531,116482.57512479222
2025-06-11 20:37:48+00:00,39.01786608342964,-75.70114838698915,-6207.692778838496,39.81013422988831,-75.30919610612419,-64.5631596110079,3.0463245001025404e-06,2.971820604865195e-06,5118.7577117963965,5000.0,117234.67480335975,6204.692778838496,117398.75292663585
2025-06-11 20:37:49+00:00,39.01159374056553,-75.7089567917289,-6251.509965204372,39.80154609250597,-75.31703332765598,-64.0868539531086,3.058089449480596e-06,2.973813639963824e-06,5148.284432039,5000.0,118141.24071782258,6248.509965204372,118306.3676863243
2025-06-11 20:37:50+00:00,39.00542466112216,-75.71678775286958,-6294.063297772517,39.79300242223006,-75.32491936369365,-62.93871385447727,3.064578237683988e-06,2.9862133061917247e-06,5173.622799642104,5000.0,119039.02934624044,6291.063297772517,119205.15083297229
2025-06-11 20:37:51+00:00,38.99936928307504,-75.72464470200799,-6335.625023226014,39.78463790129239,-75.3329801684483,-61.67067160907343,3.0739209890526856e-06,3.000313639843808e-06,5191.18771641674,5000.0,119927.55589575956,6332.625023226014,120094.63269778262
2025-06-11 20:37:52+00:00,38.99343642402668,-75.73251525607591,-6376.917965605653,39.776360471582976,-75.34109046114685,-60.9026935527346,3.0814972686405177e-06,3.008831479932343e-06,5197.767078056146,5000.0,120805.20523783444,6373.917965605653,120973.23853971828
2025-06-11 20:37:53+00:00,38.987617083706965,-75.74039549554351,-6418.283762841752,39.76819950437152,-75.349221068773,-60.75650529612801,3.0910481852886264e-06,3.01784776911552e-06,5232.982702469242,5000.0,121671.5438898631,6415.283762841752,121840.5534224983
2025-06-11 20:37:54+00:00,38.98191331599941,-75.74828878914079,-6460.165798909345,39.76014174887143,-75.35741433751815,-61.20166483215068,3.10239735044579e-06,3.0245031946175137e-06,5248.053641079916,5000.0,122528.2303721438,6457.165798909345,122698.25682658964
2025-06-11 20:37:55+00:00,38.97632998135048,-75.75619228758613,-6502.65917342366,39.75207359016344,-75.36563067020201,-62.27660364805875,3.1023602939637744e-06,3.0351384184575983e-06,5285.805150167499,5000.0,123374.68290929512,6498.65917342366,123545.7200959282
2025-06-11 20:37:56+00:00,38.97086473090927,-75.76409632302625,-6546.318555610613,39.74400021345175,-75.37384339019388,-64.71668720801595,3.106577825401171e-06,3.039064772797882e-06,5316.563357807432,5000.0,124210.35911556434,6541.318555610613,124382.48333291724
2025-06-11 20:37:57+00:00,38.96552252840401,-75.77199029615545,-6590.651612798542,39.73596795180734,-75.3820765066386,-67.31823628702139,3.1223865444174537e-06,3.0484148326220126e-06,5336.705173604842,5000.0,125034.12911999658,6585.651612798542,125207.44487434096
2025-06-11 20:37:58+00:00,38.96029792249861,-75.7798684799157,-6635.965831284937,39.72788105376223,-75.39027994022082,-69.56654509921924,3.131235863813842e-06,3.0590350934493086e-06,5359.303040491125,5000.0,125845.46429539664,6630.965831284937,126020.04043635132
2025-06-11 20:37:59+00:00,38.955192147013534,-75.78772743644318,-6681.487943143264,39.71978022739847,-75.3984621635086,-71.73973473479921,3.136865187240296e-06,3.0641220596745555e-06,5387.459878856717,5000.0,126645.00206105516,6677.487943143264,126820.91859104118
2025-06-11 20:38:00+00:00,38.950206462256176,-75.79555871039028,-6727.203729528276,39.71157055874207,-75.40659110180958,-73.26274893822324,3.150820401409825e-06,3.0762643698417995e-06,5420.208038660201,5000.0,127431.82547105337,6723.203729528276,127609.05771642446
2025-06-11 20:38:01+00:00,38.94533469051051,-75.80335237162919,-6772.838012043752,39.70330588932337,-75.41466288890257,-74.06317883764976,3.159392991208691e-06,3.0864643645501148e-06,5430.311019710716,5000.0,128207.11700981345,6768.838012043752,128385.67684909902
2025-06-11 20:38:02+00:00,38.9405776162174,-75.81109358737504,-6818.002365392816,39.69503249771399,-75.42269436911724,-74.3455780183591,3.174354603197678e-06,3.1085067432550077e-06,5448.751104294426,5000.0,128970.096053475,6814.002365392816,129149.97601346333
2025-06-11 20:38:03+00:00,38.93593619948214,-75.81877215454458,-6862.317847332606,39.68671209599267,-75.43069677826057,-73.87515590025899,3.1819987525042293e-06,3.121185924820212e-06,5479.412175733576,5000.0,129720.77938038338,6858.317847332606,129901.9519743608
2025-06-11 20:38:04+00:00,38.93136627558697,-75.82642019955054,-6906.223958856806,39.67752690904186,-75.43818922052998,-73.13111375492214,3.195307975481337e-06,3.136032421957922e-06,5515.000877607676,5000.0,130463.75111375518,6903.223958856806,130646.2584833488
2025-06-11 20:38:05+00:00,38.92691015772499,-75.83397226519827,-6948.571719897922,39.66949323153201,-75.44608315007369,-71.4473764287929,3.2104401502993774e-06,3.143392750138956e-06,5547.034707343546,5000.0,131193.4137860276,6945.571719897922,131377.13951577764
2025-06-11 20:38:06+00:00,38.922526763927934,-75.84146620939487,-6990.813770531024,39.66038632920088,-75.4535202974826,-69.05925792088726,3.225163214457315e-06,3.1543764050909456e-06,5577.272291071763,5000.0,131915.12807127018,6987.813770531024,132100.07780221495
2025-06-11 20:38:07+00:00,38.918234931111456,-75.84885842102915,-7031.55579015216,39.65195304018106,-75.46105046178208,-66.64778365405532,3.23453138160336e-06,3.160506190575307e-06,5623.648459854892,5000.0,132624.3506632301,7028.55579015216,132810.46263506013
2025-06-11 20:38:08+00:00,38.91399265046033,-75.85619692949905,-7071.646214455555,39.64245797643794,-75.46824709955818,-64.01733655653939,3.2425755792918284e-06,3.175187983331984e-06,5641.566394413858,5000.0,133327.65880429072,7068.646214455555,133514.9068888508
2025-06-11 20:38:09+00:00,38.90981567832482,-75.86343760789981,-7110.923118244874,39.63373508252429,-75.47548477782506,-60.6249788688935,3.256549201938774e-06,3.1861231199570778e-06,5664.470499288787,5000.0,134022.32841273685,7107.923118244874,134210.68170688342
2025-06-11 20:38:10+00:00,38.90569274522626,-75.87051679355177,-7149.2187068684925,39.62565968435233,-75.48263859865705,-56.90515836583512,3.2599334491892026e-06,3.1844060773313143e-06,5689.987292817804,5000.0,134706.4762242406,7146.2187068684925,134895.89756014931
2025-06-11 20:38:11+00:00,38.90160720984282,-75.87748528324497,-7187.055792592693,39.61701421613392,-75.48958090804118,-54.41567852859484,3.271589584602047e-06,3.1951835529951963e-06,5726.600612404389,5000.0,135382.74436531038,7184.055792592693,135573.22054710533
2025-06-11 20:38:12+00:00,38.8975600035539,-75.88434497813314,-7223.182941622336,39.60812777565937,-75.49640482270586,-50.806004892275226,3.280273716463522e-06,3.202262428943656e-06,5767.75276000109,5000.0,136051.73213169063,7221.182941622336,136243.23579212907
2025-06-11 20:38:13+00:00,38.89354260114682,-75.89104006359167,-7258.284226280424,39.60014155190558,-75.50302163395968,-46.24825530919436,3.2885577852001588e-06,3.208937204247694e-06,5808.866018027039,5000.0,136712.40080416782,7256.284226280424,136904.8362710828
2025-06-11 20:38:14+00:00,38.88952183569954,-75.89767680659259,-7292.897757766341,39.58990602211037,-75.50974544474442,-44.11675427727533,3.291431710210579e-06,3.21612374031348e-06,5852.6793302017,5000.0,137371.2915822307,7289.897757766341,137564.58250686814
2025-06-11 20:38:15+00:00,38.8855000875452,-75.9041435689444,-7327.429314729322,39.582228745468136,-75.51603910767415,-41.25142337846032,3.2976404337732077e-06,3.231189264869613e-06,5870.945435066279,5000.0,138023.60296719542,7324.429314729322,138217.80724940062
2025-06-11 20:38:16+00:00,38.88145561970623,-75.9104511073736,-7361.915960505272,39.57434406267758,-75.52213480886272,-39.71487119654297,3.3085935425693176e-06,3.2352636317271435e-06,5893.527730971499,5000.0,138671.96888739106,7358.915960505272,138867.08969089593
2025-06-11 20:38:17+00:00,38.87736792827029,-75.91660382625595,-7396.0596214565885,39.56641325084763,-75.52801602933285,-38.8145315819808,3.3117847174160043e-06,3.2443421093677078e-06,5907.317424483358,5000.0,139319.90453394348,7393.0596214565885,139515.92428792326
2025-06-11 20:38:18+00:00,38.87321828874144,-75.92260932089056,-7429.521018882117,39.55878437359264,-75.5336229767478,-37.790574340317306,3.323563505556554e-06,3.2532769190263216e-06,5923.314059258794,5000.0,139968.11187324653,7427.521018882117,140165.04703330138
2025-06-11 20:38:19+00:00,38.86899226333114,-75.9284887100383,-7462.97701249396,39.55066109956105,-75.53902043125416,-37.343066789815616,3.329383471272762e-06,3.261381860766536e-06,5943.837625281583,5000.0,140618.78480110638,7460.97701249396,140816.5786295095
2025-06-11 20:38:20+00:00,38.86468547768437,-75.9342718334389,-7495.860078659206,39.54168149106084,-75.54429297845125,-37.152179420278365,3.3495734178453216e-06,3.2714534177496447e-06,5962.46243031236,5000.0,141273.75402742787,7493.860078659206,141472.37015007812
2025-06-11 20:38:21+00:00,38.86028747435586,-75.93997792264412,-7527.665799960232,39.53210509611214,-75.54936738110733,-36.44574565775649,3.362649293382848e-06,3.275039242892404e-06,5980.267236116312,5000.0,141934.8489968739,7525.665799960232,142134.22179580148
2025-06-11 20:38:22+00:00,38.85580271359511,-75.94562774867885,-7558.085999399531,39.52169924723012,-75.55430998515776,-35.24074340090908,3.365372672955221e-06,3.2903769609449658e-06,6009.715098503544,5000.0,142602.34495180918,7556.085999399531,142802.39221170315
2025-06-11 20:38:23+00:00,38.85124893517421,-75.95130221005795,-7586.690016298773,39.50652919616212,-75.56033771305782,-33.83177520904408,3.3774814358762314e-06,3.303466012088893e-06,6033.072109779082,5000.0,143278.15839173328,7584.690016298773,143478.77262776523
2025-06-11 20:38:24+00:00,38.846639486694784,-75.95699714970783,-7613.3079254248605,39.49079929385919,-75.56637579100618,-31.72049936687756,3.3898584015011798e-06,3.311662626060009e-06,6069.962299770314,5000.0,143960.44054064565,7611.3079254248605,144161.50820864912
2025-06-11 20:38:25+00:00,38.84197202485535,-75.96270444457485,-7637.771557196157,39.47472117204761,-75.57234627502305,-28.335307247384144,3.38878085446241e-06,3.3191352941641504e-06,6087.296188047576,5000.0,144648.5471518779,7636.771557196157,144849.99990668223
2025-06-11 20:38:26+00:00,38.83725162571814,-75.96841648036802,-7659.927162691391,39.45873033509856,-75.57832718293227,-24.45464996591456,3.403935244852876e-06,3.3135800918219885e-06,6114.264104977327,5000.0,145342.95734131048,7658.927162691391,145544.6131397566
2025-06-11 20:38:27+00:00,38.83313421388084,-75.97367599821128,-7677.762645374536,39.97458554842928,-75.16991659014694,-13.628390591937013,3.4124485038873687e-06,3.330546112453137e-06,6136.604924144303,5000.0,145960.8175971724,7676.762645374536,146162.55662223636
2025-06-11 20:38:28+00:00,38.82896266462186,-75.97892682056298,-7695.353818320166,39.97034326904677,-75.17526206716953,-13.794985095314416,3.4275796819895563e-06,3.33644713447592e-06,6164.861895644289,5000.0,146583.27762515206,7694.353818320166,146785.08221210324
2025-06-11 20:38:29+00:00,38.82475408552307,-75.98415603041298,-7710.590311139606,39.96607062566535,-75.18058842427706,-12.065903292054356,3.4470325473426246e-06,3.348045448811108e-06,6226.049876858448,5000.0,147207.91828219767,7709.590311139606,147409.66382074074
2025-06-11 20:38:30+00:00,38.820494288940566,-75.98938693163748,-7724.331085508578,39.96177077259227,-75.18586508862903,-9.617399789931216,3.459244241777768e-06,3.360203882325473e-06,6240.703135882134,5000.0,147837.98352050438,7723.331085508578,148039.58664649568
2025-06-11 20:38:31+00:00,38.8162042735982,-75.99462687520338,-7736.522782082017,39.95741075349516,-75.19117189444671,-6.485915184630762,3.460924419732636e-06,3.3681085225635283e-06,6262.372791117503,5000.0,148471.171187389,7735.522782082017,148672.5495391368
2025-06-11 20:38:32+00:00,38.811888112479096,-75.9998775786391,-7747.328100214712,39.95298927743072,-75.19648643915515,-3.5491670797182984,3.474154503276844e-06,3.3792918537838184e-06,6285.71559130973,5000.0,149108.95978823857,7747.328100214712,149310.09002014206
2025-06-11 20:38:33+00:00,38.80754474453545,-76.00513515318528,-7756.949120220797,39.94849556757356,-75.20180238315793,-0.9715684847772136,3.481072947680456e-06,3.390033783733044e-06,6305.924622590544,5000.0,149750.79727994825,7756.949120220797,149951.5639986254
2025-06-11 20:38:34+00:00,38.80318315003966,-76.01039553466809,-7765.604293837018,39.94391719915735,-75.20711324989956,1.4551626922868994,3.4925115507821453e-06,3.395265156090114e-06,6340.626400962778,5000.0,150394.37052559704,7764.604293837018,150594.67376248885
2025-06-11 20:38:35+00:00,38.798800533378,-76.01565040149578,-7773.284416826584,39.93924551983914,-75.21241713140303,3.63594032925138,3.499124569435276e-06,3.4012554165442623e-06,6372.666697842157,5000.0,151040.22374753503,7773.284416826584,151240.117496418
2025-06-11 20:38:36+00:00,38.79438997337719,-76.02088732861458,-7780.876007045344,39.93447588680715,-75.21770226640042,5.171247243664162,3.511596194741408e-06,3.400262683610969e-06,6408.453616206365,5000.0,151688.57864324792,7780.876007045344,151888.00782894556
2025-06-11 20:38:37+00:00,38.78995024391842,-76.02609835007354,-7788.53972103269,39.92959781731143,-75.2229569019207,6.007733362154911,3.522331303965702e-06,3.413310799373043e-06,6451.339362539283,5000.0,152338.77291030576,7788.53972103269,152537.74314183297
2025-06-11 20:38:38+00:00,38.78549029275682,-76.03128619500048,-7796.264796478414,39.924609046100194,-75.22818178360548,6.292693817477049,3.5279506076493206e-06,3.4177679727352737e-06,6465.059762966018,5000.0,152990.37572742166,7795.264796478414,153188.84169046016
2025-06-11 20:38:39+00:00,38.78100834596268,-76.03644728504466,-7803.899959396566,39.919489740597946,-75.23337743605434,6.307693431245164,3.538713011810693e-06,3.4281501788843786e-06,6509.706253144061,5000.0,153642.86371486337,7802.899959396566,153840.87499192284
2025-06-11 20:38:40+00:00,38.77650490363929,-76.04157860875273,-7811.50796882456,39.9142289528037,-75.23854812903492,6.170298427457007,3.551911305297052e-06,3.4292813088420303e-06,6538.965390627581,5000.0,154296.6763237462,7810.50796882456,154494.23406485427
2025-06-11 20:38:41+00:00,38.77198531329179,-76.04668439475387,-7819.249742303626,39.90882352196804,-75.2436997752736,5.954068108253932,3.561999731041455e-06,3.425964903399866e-06,6543.815610597737,5000.0,154951.2052751848,7818.249742303626,155148.31950512866
2025-06-11 20:38:42+00:00,38.76744354496187,-76.05174535187987,-7827.449010651491,39.90326523247343,-75.24882908852966,5.459640786076557,3.5744938264756303e-06,3.435642146699869e-06,6540.052225080164,5000.0,155606.1534261548,7826.449010651491,155802.8507062703
2025-06-11 20:38:43+00:00,38.762881737629726,-76.05676137561866,-7836.224417588466,39.89753102234191,-75.25391256410506,4.7397526143902216,3.578519473390604e-06,3.439974238175341e-06,6567.204570161082,5000.0,156260.79810229337,7834.224417588466,156457.06150823244
2025-06-11 20:38:44+00:00,38.758303421889245,-76.06174511056537,-7845.240207696725,39.89163960373453,-75.25900620159405,3.792261140728698,3.595995439729623e-06,3.4476992969740223e-06,6607.831072801089,5000.0,156916.37895241025,7843.240207696725,157112.27323316294
2025-06-11 20:38:45+00:00,38.75372400104982,-76.066709660652,-7853.745141809999,39.88555818897912,-75.26411808926028,3.617055025815155,3.603686790653397e-06,3.4612317508745287e-06,6629.0037654965545,5000.0,157570.04276118992,7851.745141809999,157765.54844938472
2025-06-11 20:38:46+00:00,38.74914154476539,-76.07165529454882,-7861.67464098142,39.87943949566734,-75.2692294313771,3.9905536834218047,3.6051117056994857e-06,3.4677663666408323e-06,6656.045794999471,5000.0,158225.29948379582,7860.67464098142,158420.43934590084
2025-06-11 20:38:47+00:00,38.74455609138869,-76.07658666366589,-7868.857799273553,39.87325426864143,-75.27441569919499,4.986606698172544,3.6093917392547705e-06,3.4665874606698805e-06,6691.648292722555,5000.0,158878.52355449586,7867.857799273553,159073.21720895093
2025-06-11 20:38:48+00:00,38.73993614022117,-76.08170549959948,-7874.635003246965,39.86531766092095,-75.28138687923251,7.153719527235396,3.6247851397384615e-06,3.4748986556459213e-06,6733.684476205743,5000.0,159543.73037487056,7873.635003246965,159737.89791434514
2025-06-11 20:38:49+00:00,38.73532966268652,-76.08685207332141,-7879.169182073959,39.85929178982919,-75.28688533731403,9.580815831604522,3.629441070646197e-06,3.482524168049212e-06,6758.140084385975,5000.0,160206.1711277644,7878.169182073959,160399.75940468212
2025-06-11 20:38:50+00:00,38.73072537461198,-76.09202299554549,-7882.968540801614,39.85347263449411,-75.29240904894762,11.785066095430626,3.643179563064008e-06,3.4994744647624345e-06,6785.331172161069,5000.0,160871.04254643538,7881.968540801614,161064.01757703428
2025-06-11 20:38:51+00:00,38.72612909414417,-76.09721678841268,-7885.930200709643,39.84767297366246,-75.29795105228274,13.9371141704861,3.6515424424316816e-06,3.510420837061814e-06,6815.327567016129,5000.0,161535.92650655063,7884.930200709643,161728.2525615107
2025-06-11 20:38:52+00:00,38.72153368884472,-76.10243035104273,-7888.54107785061,39.84216248157732,-75.30351471636845,15.761186735284378,3.668598564234944e-06,3.521290542325074e-06,6857.816878410392,5000.0,162201.9906137049,7887.54107785061,162393.65462758447
2025-06-11 20:38:53+00:00,38.71694727352197,-76.1076722084264,-7890.469940535856,39.83654823093667,-75.30907569861193,17.263866089033346,3.694432449747225e-06,3.5328424983199808e-06,6886.034971004762,5000.0,162868.75225845733,7890.469940535856,163059.77424892152
2025-06-11 20:38:54+00:00,38.712360338665135,-76.11293927967549,-7892.170123810861,39.831108282268566,-75.3146438228214,18.54419027243833,3.705587158739373e-06,3.5438769580174973e-06,6911.76273620111,5000.0,163537.2085849159,7892.170123810861,163727.53262969997
2025-06-11 20:38:55+00:00,38.7077794546674,-76.11821124446485,-7893.885778309698,39.825399840129705,-75.32023064862524,19.477660492695275,3.718070194484013e-06,3.5383280317904954e-06,6951.418214443554,5000.0,164205.8165282664,7893.885778309698,164395.44888589735
2025-06-11 20:38:56+00:00,38.7031999833848,-76.12348561143156,-7895.470097059935,39.819944931294216,-75.32577645514412,20.24701045074724,3.735680208614265e-06,3.5506054050368565e-06,6996.293547866256,5000.0,164874.40784049148,7895.470097059935,165063.34786622462
2025-06-11 20:38:57+00:00,38.6986279774916,-76.12877794557875,-7896.991651868549,39.81406109147965,-75.3313402257664,20.5954812543531,3.739246677399828e-06,3.557609419950218e-06,7016.354291038509,5000.0,165543.4519683648,7896.991651868549,165731.70175543358
2025-06-11 20:38:58+00:00,38.69405833328263,-76.13407972866946,-7898.578381831965,39.8081076270362,-75.3368958684726,20.686260161764416,3.749414020303602e-06,3.5710194490573025e-06,7032.061640400144,5000.0,166213.0985868589,7898.578381831965,166400.66611134348
2025-06-11 20:38:59+00:00,38.6894969614803,-76.13939900206012,-7900.050383379259,39.802081293330126,-75.34249422483111,20.79465950677028,3.749474877917498e-06,3.576526675112928e-06,7032.970029643661,5000.0,166882.24439020373,7900.050383379259,167069.13026879507
2025-06-11 20:39:00+00:00,38.68494168995517,-76.14473990774897,-7901.750305748317,39.79605110872548,-75.34812511595989,20.936314283659645,3.764528861441132e-06,3.5900294358753248e-06,7054.878260662635,5000.0,167551.67168617973,7901.750305748317,167737.89179171104
2025-06-11 20:39:01+00:00,38.6804017004568,-76.15009547360356,-7903.461027877744,39.78976742792961,-75.35375490829705,20.825751728869,3.776178533740258e-06,3.597930281400896e-06,7099.379462383963,5000.0,168220.46347424568,7903.461027877744,168406.02432130865
2025-06-11 20:39:02+00:00,38.67587955236735,-76.15546045109406,-7905.038620156831,39.78356015539917,-75.35937256262658,20.73522714657039,3.776923760564964e-06,3.611584817680271e-06,7105.077887980614,5000.0,168888.0537069939,7905.038620156831,169072.955615387
2025-06-11 20:39:03+00:00,38.67138452426694,-76.16082734075474,-7906.920230777453,39.776871226694745,-75.36494829037336,20.388591401941863,3.778948842047648e-06,3.631202474973748e-06,7124.583044682757,5000.0,169554.05479865897,7906.920230777453,169738.3188505251
2025-06-11 20:39:04+00:00,38.66690312582772,-76.1662096133044,-7909.019870318387,39.76939142659491,-75.37054349627704,19.81466187818528,3.787902421450654e-06,3.633513854495256e-06,7158.0690157714025,5000.0,170219.71184808182,7909.019870318387,170403.3535378723
2025-06-11 20:39:05+00:00,38.66245533375312,-76.17159630482186,-7911.531236955019,39.7609492202516,-75.37623055229714,18.908630679382345,3.8050348563239255e-06,3.641154016540907e-06,7161.991948869525,5000.0,170882.2762718221,7911.531236955019,171065.32281661485
2025-06-11 20:39:06+00:00,38.65802834872335,-76.17695065288382,-7914.083877513275,39.75164609112987,-75.38156015236123,17.913993237023675,3.820847263143741e-06,3.6530859144394074e-06,7174.089795409922,5000.0,171541.3776060688,7914.083877513275,171723.83921461864
2025-06-11 20:39:07+00:00,38.65360040461523,-76.18234066956387,-7916.053970527446,39.74160657511336,-75.38685268962743,17.271243212973125,3.826936674157865e-06,3.675532703818168e-06,7206.152323367396,5000.0,172202.4117003454,7917.053970527446,172384.31001395543
2025-06-11 20:39:08+00:00,38.64918014252052,-76.18774787589734,-7918.428925610681,39.72919401646888,-75.39263281527977,16.754103878268776,3.84618615211958e-06,3.686104580537295e-06,7229.890007054062,5000.0,172864.44754994684,7920.428925610681,173045.80440193854
2025-06-11 20:39:09+00:00,38.644769367057634,-76.19316676805559,-7920.770452991829,39.71603596553135,-75.39844212347754,16.003617171005985,3.8527232464412985e-06,3.698233109141681e-06,7246.090853870464,5000.0,173526.92140253886,7922.770452991829,173707.69339063167
2025-06-11 20:39:10+00:00,38.64036957684032,-76.19860014493625,-7923.371917368902,39.70111538156174,-75.40426042305945,15.353155785739112,3.859957857472366e-06,3.694332177582824e-06,7273.58140140745,5000.0,174189.0204545431,7925.371917368902,174369.22425400032
2025-06-11 20:39:11+00:00,38.635993419697584,-76.20405196210048,-7926.103847751134,39.68541343020268,-75.41012811573317,14.576373174216323,3.869320895878258e-06,3.7012964848814055e-06,7284.734212731896,5000.0,174848.32076706563,7928.103847751134,175027.96949540207
2025-06-11 20:39:12+00:00,38.6316322977802,-76.20951396069245,-7929.351769904109,39.66765520239927,-75.4159707879002,13.81667004376816,3.877933254609143e-06,3.729630631123758e-06,7324.53923529058,5000.0,175505.83123552025,7931.351769904109,175684.9542179662
2025-06-11 20:39:13+00:00,38.62728315469836,-76.2149930114901,-7932.559141539995,39.64830563426222,-75.42181822292294,13.070766286054251,3.88681669645742e-06,3.738272784119051e-06,7314.826768571655,5000.0,176162.1642923826,7934.559141539995,176340.76487570023
2025-06-11 20:39:14+00:00,38.62294180463164,-76.22047746282763,-7935.882492911569,39.62763630534142,-75.42761725026787,12.522039219440344,3.901114041793292e-06,3.742908146242661e-06,7318.521060842828,5000.0,176819.41098822906,7937.882492911569,176997.4973854024
2025-06-11 20:39:15+00:00,38.61860937807347,-76.22596249200842,-7939.188546421936,39.60637052118276,-75.43342068913766,12.079741214920771,3.916146805633684e-06,3.753055332187303e-06,7344.8705001541775,5000.0,177475.45106813294,7941.188546421936,177653.02757726103
2025-06-11 20:39:16+00:00,38.61427048380105,-76.23143125300652,-7942.336538380174,39.58495878042667,-75.43919085421449,11.990492568278032,3.927031095093187e-06,3.7501410022405774e-06,7363.778630449171,5000.0,178131.28007338013,7944.336538380174,178308.34367358146
2025-06-11 20:39:17+00:00,38.60995725255627,-76.23677597403565,-7945.051424883733,39.56680378405628,-75.44328831195654,13.32534293717519,3.928691203357231e-06,3.755102845361264e-06,7382.778737718234,5000.0,178779.6047746477,7947.051424883733,178956.14744883447
2025-06-11 20:39:18+00:00,38.605632916123376,-76.24209292177314,-7947.61226016388,39.55022733628653,-75.44866611285218,14.133269887667089,3.93744663880209e-06,3.768671847663393e-06,7422.746806506121,5000.0,179427.91991827844,7948.61226016388,179603.8943983748
2025-06-11 20:39:19+00:00,38.60129517297421,-76.24740433273226,-7950.073313751231,39.53423606260987,-75.45411926533976,14.930283317729996,3.956492434991806e-06,3.783102577283077e-06,7438.040499581892,5000.0,180077.78362278908,7951.073313751231,180253.23220773795
2025-06-11 20:39:20+00:00,38.596948705849954,-76.25270828081611,-7952.379822781593,39.51956643167655,-75.45955672149518,15.75857025182748,3.9546697100986345e-06,3.790375028823056e-06,7467.434932370014,5000.0,180727.48995360863,7953.379822781593,180902.40981130445
2025-06-11 20:39:21+00:00,38.59259646139475,-76.25799973876265,-7954.570010744594,39.50631521423298,-75.46498277396707,16.434135578748116,3.970331134135389e-06,3.7986500897043065e-06,7487.290754934951,5000.0,181377.4313663708,7955.570010744594,181551.82098579567
2025-06-11 20:39:22+00:00,38.588248802641786,-76.26326839451215,-7956.927760264139,39.49309556537228,-75.47005174096479,16.919670361439472,3.977630025995264e-06,3.803734993903452e-06,7514.804346805252,5000.0,182026.0692621745,7957.927760264139,182199.9410133701
2025-06-11 20:39:23+00:00,38.58389993075056,-76.26853584468948,-7959.107656129699,39.48258556127348,-75.47546585212926,17.420735810108106,3.994285106931654e-06,3.817186015900748e-06,7536.655939124239,5000.0,182675.174990203,7960.107656129699,182848.52438999465
2025-06-11 20:39:24+00:00,38.579544155921,-76.27380812607839,-7961.492126281468,39.47264159001183,-75.48098204405004,17.685349939403753,4.000441316050823e-06,3.82095462694321e-06,7560.470013113254,5000.0,183324.8108916797,7962.492126281468,183497.6500376264
2025-06-11 20:39:25+00:00,38.57519989837222,-76.27905660167386,-7963.701096559682,39.46287340120938,-75.48605735430105,17.562184642202617,4.004962663323323e-06,3.825334538709572e-06,7591.354571200837,5000.0,183972.17356349263,7964.701096559682,184144.5006217493
2025-06-11 20:39:26+00:00,38.57084677950729,-76.28430873745812,-7966.0834673612,39.4554029896534,-75.49147276124242,17.700029104929733,4.0128141050083566e-06,3.830837254404292e-06,7609.466842620985,5000.0,184620.6972046095,7967.0834673612,184792.5221844542
2025-06-11 20:39:27+00:00,38.56900310046443,-76.28578824641386,-7970.860276940355,39.97582812837556,-75.16677646444224,13.114503208048063,4.027851815121545e-06,3.842740783912921e-06,7633.140225915063,5000.0,184861.25291988364,7971.860276940355,185033.06025514533
2025-06-11 20:39:28+00:00,38.56699921842538,-76.28738492938209,-7975.731762267429,39.97422998159615,-75.16860606130535,14.532028948745182,4.031992346560322e-06,3.853246626765005e-06,7647.737197047048,5000.0,185122.31800397093,7975.731762267429,185294.04987831364
2025-06-11 20:39:29+00:00,38.56498231738904,-76.28889214224202,-7981.425545826023,39.97214553857286,-75.17009183314062,11.589886216462808,4.040290575089072e-06,3.863916720351183e-06,7682.411892099384,5000.0,185380.9326924489,7981.425545826023,185552.67004186663
2025-06-11 20:39:30+00:00,38.56292307002674,-76.29034255402041,-7988.988755612494,39.96995475558428,-75.17157295491748,8.076980125149458,4.048475383148622e-06,3.87651200586095e-06,7704.4455477464735,5000.0,185641.3868544509,7988.988755612494,185813.2085040813
2025-06-11 20:39:31+00:00,38.56081791691628,-76.2917413588111,-7998.096620620179,39.96756399867632,-75.17302141962112,3.557986961728228,4.063179085578749e-06,3.891976692711312e-06,7733.05489577358,5000.0,185904.24392851643,7998.096620620179,186076.21411718937
2025-06-11 20:39:32+00:00,38.5586638953246,-76.29310281194488,-8008.462168538263,39.9648762384061,-75.17449192802813,-1.5742457550193991,4.076507905835506e-06,3.8922627924769495e-06,7765.24635917895,5000.0,186170.1289366605,8008.462168538263,186342.2989409482
2025-06-11 20:39:33+00:00,38.55646043239466,-76.29445495954252,-8019.530158069936,39.9617534760785,-75.17608469180435,-6.355830600797511,4.088031978570081e-06,3.89951268245027e-06,7808.122390213827,5000.0,186439.9026291181,8018.530158069936,186612.25607727625
2025-06-11 20:39:34+00:00,38.55421415785786,-76.29582915358466,-8030.569457333064,39.9581200121843,-75.17791690459406,-9.414469606325785,4.105404794314375e-06,3.911155441929296e-06,7805.386260230659,5000.0,186715.10873459047,8029.569457333064,186887.68235343945
2025-06-11 20:39:35+00:00,38.55193101246337,-76.29725742657672,-8040.620030991842,39.95407734350138,-75.18004120081918,-9.555014156070492,4.108146301226779e-06,3.921585417384344e-06,7837.234107744933,5000.0,186996.1523911344,8038.620030991842,187168.85537153616
2025-06-11 20:39:36+00:00,38.54962579829298,-76.29875691701918,-8048.795346260886,39.94989971888584,-75.18240065884052,-6.562566933861913,4.115492685313397e-06,3.928347169114622e-06,7856.78712318825,5000.0,187282.9707159298,8046.795346260886,187455.76020898484
2025-06-11 20:39:37+00:00,38.547320733027576,-76.30031632913648,-8055.334368721096,39.94590136008894,-75.18483895419176,-1.6448401867009537,4.116451129119331e-06,3.935717428636413e-06,7898.788748593093,5000.0,187572.2227802988,8053.334368721096,187745.0264406396
2025-06-11 20:39:38+00:00,38.54502114047169,-76.30191703056411,-8060.587115971066,39.94224474759229,-75.18721849489687,3.550310954100122,4.125331525198855e-06,3.939277611949576e-06,7921.717834401598,5000.0,187863.0574360636,8058.587115971066,188035.81886313955
2025-06-11 20:39:39+00:00,38.54272533552784,-76.30353207172135,-8064.841745342359,39.9389116679115,-75.18947934827588,7.992799300570657,4.127448412082983e-06,3.946541491685682e-06,7935.055951718559,5000.0,188154.18400818083,8062.841745342359,188326.86047612756
2025-06-11 20:39:40+00:00,38.540433269236274,-76.3051521463192,-8068.662186539666,39.93579374398348,-75.19159209360689,11.365003307315686,4.128870846377999e-06,3.963940555886185e-06,7937.890756245421,5000.0,188445.22820760563,8066.662186539666,188617.80158046677
2025-06-11 20:39:41+00:00,38.53809978229643,-76.30675827515822,-8073.342172723827,39.931868404021486,-75.1936499374345,11.277668388946584,4.135165958825752e-06,3.9671764701210845e-06,7977.234677689663,5000.0,188739.2953542076,8071.342172723827,188911.79998949773
2025-06-11 20:39:42+00:00,38.53577406607363,-76.30832448366198,-8078.173864887725,39.92874033873064,-75.19541619641451,12.0966817500256,4.143435433895593e-06,3.982496661809887e-06,8009.97630662706,5000.0,189030.2842706265,8076.173864887725,189202.7297787475
2025-06-11 20:39:43+00:00,38.5334616961774,-76.30984098230013,-8083.787705681022,39.92570597214888,-75.1970083453202,11.642567373887518,4.156911550717925e-06,3.989260541172329e-06,8044.81981375867,5000.0,189317.37904591256,8081.787705681022,189489.8026315227
2025-06-11 20:39:44+00:00,38.53117050214279,-76.31131149634051,-8090.157475659493,39.922627084945375,-75.1985557970932,10.575931780226457,4.178179349630384e-06,4.002669815303517e-06,8082.307209520337,5000.0,189599.455378724,8088.157475659493,189771.89404982977
2025-06-11 20:39:45+00:00,38.52887817316108,-76.31273550621671,-8097.324033603822,39.91926139215048,-75.20016379528998,8.687523971485259,4.186918853943009e-06,4.0201532226817565e-06,8102.073229512291,5000.0,189879.07414442347,8095.324033603822,190051.564237584
2025-06-11 20:39:46+00:00,38.526620119531664,-76.3140964535154,-8105.633808932588,39.91621030057354,-75.20151782032183,6.757398878911019,4.199671525018771e-06,4.020798036828049e-06,8128.964535968343,5000.0,190152.81174382212,8103.633808932588,190325.40738164925
2025-06-11 20:39:47+00:00,38.52436445714764,-76.3154177786725,-8114.483219476198,39.91255301545818,-75.20312122180299,4.434456073127519,4.204770021817786e-06,4.03653970274656e-06,8125.170507084721,5000.0,190422.6366493881,8111.483219476198,190595.3218432308
2025-06-11 20:39:48+00:00,38.52210802102083,-76.31669617536471,-8124.761136864759,39.90851182314994,-75.20471456871508,1.7086506012467737,4.223510266247145e-06,4.0495627702638105e-06,8144.216576891376,5000.0,190691.65461743527,8121.761136864759,190864.53349090164
2025-06-11 20:39:49+00:00,38.51983578063312,-76.31794426246105,-8135.947798797619,39.90406332726495,-75.20644711691624,-1.0843028710493154,4.224793173226018e-06,4.056413377841432e-06,8165.99883540731,5000.0,190959.95586965507,8131.947798797619,191133.02519644
2025-06-11 20:39:50+00:00,38.51754824613078,-76.31916896457234,-8147.558412952102,39.89947231480145,-75.20815969341258,-3.5290053238507566,4.237807324563363e-06,4.0681409234764005e-06,8185.385778044868,5000.0,191228.85186170173,8143.558412952102,191402.1716908401
2025-06-11 20:39:51+00:00,38.51523466806058,-76.32037211000318,-8159.637820992689,39.89460540003608,-75.209951111446,-5.243493362028688,4.247473165815481e-06,4.069367742270891e-06,8206.409885338602,5000.0,191500.4318686505,8155.637820992689,191674.0197161495
2025-06-11 20:39:52+00:00,38.5128914389579,-76.32155307902327,-8172.164111941496,39.88960408420419,-75.21171746620132,-6.836404500142391,4.261892034909492e-06,4.072193277337499e-06,8206.958152248215,5000.0,191772.58273245348,8168.164111941496,191946.4570989403
2025-06-11 20:39:53+00:00,38.51050179834192,-76.32271606319131,-8184.934369362982,39.88420377307051,-75.2135829905357,-7.723412240851265,4.281141135514223e-06,4.086303590720902e-06,8231.325951801167,5000.0,192048.86282373968,8179.934369362982,192222.9877984906
2025-06-11 20:39:54+00:00,38.50807191688291,-76.32386475954034,-8198.045536200669,39.878939528753484,-75.21536732530629,-8.861351096005375,4.2889562927566285e-06,4.079550134623794e-06,8269.708271111735,5000.0,192328.0876291897,8193.045536200669,192502.5176101848
2025-06-11 20:39:55+00:00,38.50559065050531,-76.3249915117849,-8211.185273004103,39.87362603156047,-75.21713102125278,-9.41841200289369,4.291377083758134e-06,4.084183909062577e-06,8313.805923613847,5000.0,192612.597988634,8205.185273004103,192787.28684562023
2025-06-11 20:39:56+00:00,38.50306329938631,-76.32609416045455,-8224.399010509307,39.86824332047427,-75.21884394019747,-10.012938243520642,4.3156239240574125e-06,4.093388577739109e-06,8336.404694612305,5000.0,192900.26264767343,8219.399010509307,193075.2958035682
2025-06-11 20:39:57+00:00,38.50048431502596,-76.32717081824329,-8237.904169379612,39.86283721487408,-75.22053689377344,-10.235367833286722,4.323544178394078e-06,4.099236257604115e-06,8342.513624687208,5000.0,193191.8317653802,8233.904169379612,193367.2181077586
2025-06-11 20:39:58+00:00,38.49785088890385,-76.32822594979474,-8251.164206351641,39.85742625200856,-75.22218724575632,-10.287961458589823,4.330271492611103e-06,4.107055760042454e-06,8350.744561737234,5000.0,193486.903395564,8248.164206351641,193662.6293283742
2025-06-11 20:39:59+00:00,38.49516113688031,-76.32925097594199,-8264.397921504451,39.85188989268625,-75.22382590315694,-10.175387409650511,4.337981801359303e-06,4.128738060099967e-06,8380.855273172912,5000.0,193784.7340576509,8263.397921504451,193960.83857058265
2025-06-11 20:40:00+00:00,38.49240648963113,-76.33024051583754,-8278.532384479327,39.84635147861061,-75.22543588799084,-10.372141721191175,4.3486048530760296e-06,4.13161969249082e-06,8397.952962139416,5000.0,194087.31706416383,8278.532384479327,194263.7916432348
2025-06-11 20:40:01+00:00,38.48961694026575,-76.331190194888,-8293.11208319377,39.84130642472413,-75.22681321403509,-11.265535516937316,4.361215809788223e-06,4.147628309815181e-06,8406.161202964533,5000.0,194392.9745205181,8293.11208319377,194569.7927504658
2025-06-11 20:40:02+00:00,38.48677115828009,-76.33210409134696,-8308.124978447115,39.83578937226544,-75.2282916847089,-12.198815650299416,4.368114336895466e-06,4.158814440771016e-06,8415.275685702421,5000.0,194701.7903927983,8308.124978447115,194878.96788216697
2025-06-11 20:40:03+00:00,38.48386424090512,-76.33298109341936,-8323.742390686297,39.83014748553883,-75.22975334428686,-13.143327023023566,4.383024149506666e-06,4.163682111971633e-06,8431.067644714927,5000.0,195014.40839010448,8323.742390686297,195191.96747594135
2025-06-11 20:40:04+00:00,38.48089285261695,-76.33382266307314,-8339.694498332381,39.82436692850116,-75.23120956641903,-13.948310817894887,4.392360010696592e-06,4.175884145178041e-06,8458.048222517013,5000.0,195330.5823438035,8339.694498332381,195508.53409274723
2025-06-11 20:40:05+00:00,38.47784931475448,-76.33461973582601,-8355.998483631018,39.81836702797829,-75.23267648745968,-14.159497648625129,4.396165427599343e-06,4.184552093716698e-06,8503.514479246693,5000.0,195653.48081995625,8354.998483631018,195831.79148602625
2025-06-11 20:40:06+00:00,38.474727945848,-76.335379730309,-8372.694332806646,39.81224362083432,-75.234127249,-14.71823378871063,4.421451019879126e-06,4.199104503275531e-06,8532.268171909367,5000.0,195982.601111875,8372.694332806646,196161.3671163793
2025-06-11 20:40:07+00:00,38.47153710259885,-76.33609679944635,-8389.90657476188,39.80615688282698,-75.23553007667344,-15.521164796018454,4.431505203029285e-06,4.202837689942405e-06,8566.45286998154,5000.0,196316.76720664924,8388.90657476188,196495.9206700989
2025-06-11 20:40:08+00:00,38.46826615380164,-76.33676779547375,-8407.964833633678,39.79985402974953,-75.23692529039815,-16.389351269261855,4.456726103911558e-06,4.213505848085213e-06,8591.01105556623,5000.0,196658.0022861377,8406.964833633678,196837.61561472056
2025-06-11 20:40:09+00:00,38.46491646847802,-76.33739375646496,-8426.459273510014,39.793427923061,-75.23828684225433,-17.627537052629464,4.464238732620807e-06,4.218255100396268e-06,8603.402352562896,5000.0,197004.30601803132,8424.459273510014,197184.3505547465
2025-06-11 20:40:10+00:00,38.46148689243475,-76.33797591294376,-8445.326576505344,39.786821474605645,-75.23964407155681,-18.67917031063695,4.465983769330045e-06,4.217599957319186e-06,8609.67744004968,5000.0,197355.46589488216,8444.326576505344,197536.0386610926
2025-06-11 20:40:11+00:00,38.45797878878393,-76.33851001938815,-8464.794121933232,39.78013360669613,-75.24096573627004,-19.66751882540192,4.474252062930419e-06,4.222599070999431e-06,8670.960429900071,5000.0,197712.63657333207,8461.794121933232,197893.62956027783
2025-06-11 20:40:12+00:00,38.45438724752915,-76.33899818948686,-8484.780966233484,39.773110188978336,-75.24228593867193,-20.38483875253213,4.475369753384742e-06,4.235516936633753e-06,8704.318790224079,5000.0,198074.6056920873,8480.780966233484,198256.0795180644
2025-06-11 20:40:13+00:00,38.45070099889909,-76.33943383273952,-8505.535773414096,39.76579458736104,-75.24360797070192,-21.47590853119314,4.487789554700995e-06,4.252965483127712e-06,8735.428124467839,5000.0,198442.7303857289,8501.535773414096,198624.75513754503
2025-06-11 20:40:14+00:00,38.44692184903178,-76.33981398019,-8527.236727224612,39.75831746441391,-75.24489555248938,-23.111246126538347,4.4914393673239165e-06,4.258565641895845e-06,8759.774052049197,5000.0,198817.85607550087,8523.236727224612,199000.46597625568
2025-06-11 20:40:15+00:00,38.44302900839794,-76.34013815134475,-8549.50093979745,39.75026015020691,-75.24623171879021,-23.835871584458136,4.501687867989174e-06,4.2768131180703705e-06,8789.381003424289,5000.0,199201.47535911773,8546.50093979745,199384.72976525343
2025-06-11 20:40:16+00:00,38.43901429325608,-76.3403969497461,-8573.210945208688,39.74188803246838,-75.24753976152537,-25.343051480818687,4.506263593836073e-06,4.289334610972448e-06,8828.168797286517,5000.0,199595.19604412565,8571.210945208688,199779.14791329004
2025-06-11 20:40:17+00:00,38.43487239889674,-76.34059364954885,-8598.354418262772,39.73315138783572,-75.24881545998562,-27.51776827930253,4.515995882054818e-06,4.292327703548853e-06,8856.206950860422,5000.0,199998.3562546429,8596.354418262772,200183.0157976531
2025-06-11 20:40:18+00:00,38.43060900864089,-76.34072094191842,-8624.696860836042,39.72428472355031,-75.25000607379764,-30.75457324322256,4.531488668197701e-06,4.3113867369599866e-06,8877.155327213208,5000.0,200411.612635524,8622.696860836042,200597.02236156247
2025-06-11 20:40:19+00:00,38.42621128734544,-76.34077619726935,-8652.06190959613,39.71498244949196,-75.25116611283812,-32.72347913194248,4.542323828539105e-06,4.320289173278982e-06,8914.83782404521,5000.0,200834.2106179821,8651.06190959613,201020.44927497217
2025-06-11 20:40:20+00:00,38.42167003028485,-76.34075673798148,-8680.546104612222,39.70537081351039,-75.25225345238283,-34.34729272331167,4.554081065325869e-06,4.342050313368137e-06,8934.501269309083,5000.0,201268.2251895664,8679.546104612222,201455.2878222364
2025-06-11 20:40:21+00:00,38.41697600018711,-76.34065783982254,-8710.091183331177,39.695507252055386,-75.25324655444578,-36.04638186003184,4.564266725330101e-06,4.35238329910667e-06,8964.242675912014,5000.0,201712.9437172872,8709.091183331177,201900.8665962904
2025-06-11 20:40:22+00:00,38.412139082830656,-76.34046952698282,-8741.668374495606,39.685587224527374,-75.25407637365981,-38.36591989665102,4.581431417147544e-06,4.36525236784838e-06,8974.63227326653,5000.0,202167.86979992109,8741.668374495606,202356.774893769
2025-06-11 20:40:23+00:00,38.40716042931716,-76.34018845909989,-8775.233466954622,39.67549536620974,-75.25476476293662,-42.05776990801721,4.592337155671284e-06,4.375407930665783e-06,9015.439775657724,5000.0,202632.9088287312,8775.233466954622,202822.83023070276
2025-06-11 20:40:24+00:00,38.40204215707361,-76.33980985521072,-8810.905716964458,39.66546088341063,-75.25525532381387,-46.030482290349255,4.599958302416239e-06,4.382604820985221e-06,9046.71002928243,5000.0,203108.19525884587,8809.905716964458,203299.1722069897
2025-06-11 20:40:25+00:00,38.39680417065401,-76.33933348894514,-8849.296251885004,39.65580026354783,-75.25549820246573,-50.8181310928056,4.615542783147843e-06,4.38623947554812e-06,9048.30580678599,5000.0,203592.06532271035,8848.296251885004,203784.252112198
2025-06-11 20:40:26+00:00,38.39146248671226,-76.33874949577397,-8890.821555657034,39.64659809584568,-75.25547220715187,-56.66604984432158,4.632941298188833e-06,4.38330419719587e-06,9082.30534266966,5000.0,204081.50925055085,8887.821555657034,204274.95145021545
2025-06-11 20:40:27+00:00,38.38966911037544,-76.3385799263672,-8933.693442910379,39.98167894361949,-75.16682386575825,-53.12023107397732,4.657386535802353e-06,4.392362111269885e-06,9120.31129864172,5000.0,204243.98198814745,8930.693442910379,204439.1387766685
2025-06-11 20:40:28+00:00,38.38792006640576,-76.3383435033347,-8982.711493922427,39.97985968573171,-75.16661379846676,-67.79369157428278,4.669039672858858e-06,4.4072848143527845e-06,9149.74684730915,5000.0,204400.3801260573,8978.711493922427,204597.4893681929
2025-06-11 20:40:29+00:00,38.3862004695603,-76.33802745261806,-9037.096348024625,39.9780294384787,-75.16632313081749,-80.81014735690712,4.676622394996985e-06,4.42113194532956e-06,9167.301883162192,5000.0,204550.33497511435,9033.096348024625,204749.69198527304
2025-06-11 20:40:30+00:00,38.3844901261828,-76.3376260128326,-9095.809535908764,39.97607248607216,-75.16594201000143,-92.04254732738488,4.688659113073891e-06,4.432148064985653e-06,9208.035245786916,5000.0,204696.43583841683,9091.809535908764,204898.2475415257
2025-06-11 20:40:31+00:00,38.38277026419729,-76.33712923945727,-9157.334278200591,39.9738582937481,-75.16545562028737,-100.59560108368098,4.708149805575014e-06,4.435272835851589e-06,9218.024996470944,5000.0,204839.2829940077,9153.334278200591,205043.6914072405
2025-06-11 20:40:32+00:00,38.381025419291774,-76.33653121028979,-9221.318042392522,39.9712851818756,-75.16487560959365,-107.53420715471552,4.707064151687988e-06,4.443502503815877e-06,9255.758478635476,5000.0,204980.78426373657,9216.318042392522,205187.871073402
2025-06-11 20:40:33+00:00,38.379257842616845,-76.33581210963678,-9286.62362647929,39.968301566651725,-75.16414371305152,-113.88106200604534,4.721099737163975e-06,4.45470761970046e-06,9293.213231743515,5000.0,205119.02674680017,9282.62362647929,205328.9610233914
2025-06-11 20:40:34+00:00,38.37747790256289,-76.33496657375346,-9351.990134588365,39.964888913575024,-75.16325998987082,-118.7933402775622,4.7321476031661565e-06,4.465018925380122e-06,9316.462696492355,5000.0,205254.44741592,9347.990134588365,205467.20688122232
2025-06-11 20:40:35+00:00,38.3756760068142,-76.33397689044735,-9416.568677750438,39.96103860488304,-75.16215286312958,-122.36041721367911,4.738676308362575e-06,4.468919851940992e-06,9363.795605763187,5000.0,205384.63316940112,9411.568677750438,205600.1584802538
2025-06-11 20:40:36+00:00,38.37385424376215,-76.3328181594922,-9479.222336137294,39.95679905174114,-75.16076236345964,-123.7951608741406,4.7460233178557664e-06,4.474381169136642e-06,9376.196244220851,5000.0,205509.9950553203,9475.222336137294,205728.31090046169
2025-06-11 20:40:37+00:00,38.37201434107553,-76.33147650391041,-9539.399484250062,39.95227983151912,-75.15901411167278,-121.60452113870704,4.752912854409537e-06,4.484742767357553e-06,9400.05262493338,5000.0,205629.18559406648,9536.399484250062,205850.20010483896
2025-06-11 20:40:38+00:00,38.37012018544361,-76.32994000808797,-9594.998427501916,39.947521703931,-75.15670348804711,-113.31293056380832,4.760744662460328e-06,4.488300253208511e-06,9426.717028615478,5000.0,205745.29991777847,9591.998427501916,205968.77159436047
2025-06-11 20:40:39+00:00,38.368153162976846,-76.32822557777314,-9644.421143332827,39.94296615073691,-75.15395155422466,-98.5397834025473,4.7626945397894524e-06,4.499253503717729e-06,9432.635490739496,5000.0,205862.63485564108,9641.421143332827,206088.2855267861
2025-06-11 20:40:40+00:00,38.36622019146971,-76.32641294446793,-9689.683283125409,39.93964299480832,-75.15163116966515,-83.26028551109286,4.7704602978157535e-06,4.517135825690125e-06,9440.198876584824,5000.0,205972.1082845107,9686.683283125409,206199.76048529684
2025-06-11 20:40:41+00:00,38.36430480518944,-76.32453563414319,-9731.76308606298,39.936795152230665,-75.14919270589164,-67.41877102863188,4.780081198300608e-06,4.525206490887485e-06,9466.326965635606,5000.0,206078.07072650664,9728.76308606298,206307.5860591263
2025-06-11 20:40:42+00:00,38.36237745513573,-76.32262444973651,-9772.063483501865,39.93421559909462,-75.14676504448923,-55.50444699575148,4.803140766562499e-06,4.529453190968562e-06,9519.033164981996,5000.0,206185.1474952591,9769.063483501865,206416.44713778608
2025-06-11 20:40:43+00:00,38.36041659729752,-76.32070402094617,-9811.620853162103,39.93168418549304,-75.14441929563739,-48.23618288524261,4.810497726198229e-06,4.534438293002599e-06,9558.88828978618,5000.0,206295.24718495997,9808.620853162103,206528.2984342456
2025-06-11 20:40:44+00:00,38.35840379778002,-76.31879950671902,-9850.77345117979,39.92894310199403,-75.1421704684684,-45.79665382472292,4.823218104347348e-06,4.5405928149593205e-06,9605.556634487832,5000.0,206411.88385888367,9847.77345117979,206646.66568836544
2025-06-11 20:40:45+00:00,38.35634214607855,-76.31692928286768,-9892.328963129625,39.92587489287562,-75.14003587631616,-46.36317028340138,4.840118660037527e-06,4.5645187697075375e-06,9636.14390994943,5000.0,206535.17745862444,9889.328963129625,206771.80261149365
2025-06-11 20:40:46+00:00,38.354219783529246,-76.3151070685407,-9935.980927387762,39.92232860541853,-75.13801094573039,-49.05733341348935,4.848571231719014e-06,4.580584162365739e-06,9673.072834383278,5000.0,206667.1877798277,9932.980927387762,206905.7529768721
2025-06-11 20:40:47+00:00,38.352029527947785,-76.31333583391475,-9982.141030428684,39.91826956734539,-75.13612773599,-53.80519985154861,4.86119906234768e-06,4.580125545938934e-06,9715.402168262925,5000.0,206808.69323990712,9979.141030428684,207049.3150322
2025-06-11 20:40:48+00:00,38.349767965829706,-76.31163581981443,-10030.28084803257,39.91359046657757,-75.13440311739684,-58.97717354169052,4.8694731350913705e-06,4.586572214525392e-06,9744.993847372503,5000.0,206960.8888424204,10026.28084803257,207203.60956819332
2025-06-11 20:40:49+00:00,38.34743228745391,-76.31001946811534,-10080.0621039409,39.9082918474937,-75.13285404249339,-64.15906409446174,4.884596139194412e-06,4.595794185164509e-06,9776.162476806954,5000.0,207123.8223276355,10076.0621039409,207368.76525439505
2025-06-11 20:40:50+00:00,38.345020180575816,-76.3084990706108,-10131.531885956423,39.90236235585927,-75.13149920356646,-69.29178859829895,4.88426572662927e-06,4.614312563271033e-06,9810.704847183935,5000.0,207298.46334423992,10127.531885956423,207545.7053445921
2025-06-11 20:40:51+00:00,38.34253806188689,-76.30708701728526,-10184.536695331328,39.89579003628543,-75.13035307040036,-74.2880480945657,4.893666995400267e-06,4.617696244957922e-06,9861.601424405344,5000.0,207484.64821891463,10180.536695331328,207734.2595094313
2025-06-11 20:40:52+00:00,38.33999383230942,-76.30580060102977,-10239.005750144945,39.88856739738328,-75.12942791686231,-78.95116042486812,4.9021682850317175e-06,4.636341101841583e-06,9895.940979489407,5000.0,207682.3193592026,10235.005750144945,207934.3673304712
2025-06-11 20:40:53+00:00,38.33739204638479,-76.30464888703472,-10294.424060226924,39.88070028872275,-75.12873381537894,-83.16333203379966,4.906056983799101e-06,4.6511842591671884e-06,9914.38881451157,5000.0,207891.3830313148,10290.424060226924,208145.910279333
2025-06-11 20:40:54+00:00,38.33474222458548,-76.30364371679482,-10350.40270899396,39.87217194706122,-75.12827532707611,-86.71860997573862,4.915225717651862e-06,4.660670721727725e-06,9949.88259034248,5000.0,208111.35513413732,10346.40270899396,208368.38576133308
2025-06-11 20:40:55+00:00,38.33205901824906,-76.30280059999882,-10406.516357729608,39.862995595772,-75.12805520932316,-89.37954808419644,4.921875909798598e-06,4.676285626674458e-06,9960.959276804086,5000.0,208341.39759916053,10402.516357729608,208600.9355207793
2025-06-11 20:40:56+00:00,38.32935747956447,-76.30212491339388,-10462.190038477132,39.85317795200493,-75.12806982535037,-90.88730459583326,4.928040415179934e-06,4.688092790791867e-06,9973.8870846479,5000.0,208580.09123460643,10458.190038477132,208842.11308622037
2025-06-11 20:40:57+00:00,38.32665914410385,-76.30162145081079,-10516.986780149837,39.84277019572863,-75.12831077530767,-91.02326580420026,4.939706127731439e-06,4.697498757658968e-06,9992.695242499634,5000.0,208825.7006218777,10512.986780149837,209090.1626840864
2025-06-11 20:40:58+00:00,38.32397678679075,-76.30129018840464,-10570.647415607062,39.83186052000637,-75.12876168903993,-89.78773737401752,4.95591050720883e-06,4.701722996398045e-06,10024.43993000366,5000.0,209076.82617659317,10566.647415607062,209343.67265738675
2025-06-11 20:40:59+00:00,38.32133534615801,-76.3011298630288,-10622.814034539995,39.82057003960097,-75.12939943894064,-87.4154114208611,4.959004591231861e-06,4.7064174015822855e-06,10057.434048079002,5000.0,209330.9206018719,10618.814034539995,209600.07998931524
2025-06-11 20:41:00+00:00,38.31875370526132,-76.30113281226622,-10674.13846724153,39.809042578537046,-75.13019553725307,-84.45844208885788,4.9841941192497926e-06,4.732603658102622e-06,10084.598981153218,5000.0,209585.77955338365,10670.13846724153,209857.2153772885
2025-06-11 20:41:01+00:00,38.31625288266622,-76.30127851737532,-10724.522868936732,39.79736815193039,-75.13112058343677,-81.37469658587193,4.99513446972918e-06,4.7469421994061e-06,10153.911033139044,5000.0,209838.47490981463,10720.522868936732,210112.149013474
2025-06-11 20:41:02+00:00,38.31384963629824,-76.30154877677833,-10775.540812596704,39.7855748411638,-75.13214451899049,-79.04511929752833,5.0037556897472245e-06,4.7553167373427e-06,10167.01292995955,5000.0,210086.61979717395,10771.540812596704,210362.5772547954
2025-06-11 20:41:03+00:00,38.31155437567463,-76.30193699447116,-10826.92610824238,39.773651034087166,-75.13324264970896,-78.14913050452071,5.020459685565399e-06,4.761905475842316e-06,10212.91451573462,5000.0,210328.4240396472,10822.92610824238,210606.69905904256
2025-06-11 20:41:04+00:00,38.30938047492293,-76.30243543706976,-10878.856485176291,39.76120309529599,-75.13442678410766,-77.90950664184376,5.03437115185214e-06,4.778849255877929e-06,10236.385553830069,5000.0,210562.31651082856,10874.856485176291,210842.9549166382
2025-06-11 20:41:05+00:00,38.30733781395226,-76.30301718559062,-10931.51841299076,39.74823881437062,-75.13566853080474,-78.24328630848441,5.037963290757374e-06,4.7929438019391455e-06,10268.166470124952,5000.0,210787.21581750564,10927.51841299076,211070.27505255677
2025-06-11 20:41:06+00:00,38.30543699920938,-76.30367266878099,-10984.825750793503,39.73475640586199,-75.13694934352061,-78.93157882414093,5.053509739669302e-06,4.802940871935916e-06,10272.265513151686,5000.0,211000.77562940583,10980.825750793503,211286.31250126017
2025-06-11 20:41:07+00:00,38.303683204386985,-76.30437766029644,-11039.127445616496,39.72092306059134,-75.1382264976546,-80.30612830038665,5.055963284578798e-06,4.819801377068269e-06,10279.723076378266,5000.0,211200.97697769877,11035.127445616496,211489.0699636164
2025-06-11 20:41:08+00:00,38.302080868407785,-76.30512075249504,-11094.046097637613,39.706675394071446,-75.13947760107804,-81.85916223783012,5.06519823975536e-06,4.825145147812914e-06,10319.000218903451,5000.0,211387.13352865056,11090.046097637613,211677.8432994518
2025-06-11 20:41:09+00:00,38.300636163525255,-76.30587591993331,-11149.439487602,39.69200470635005,-75.14067799526205,-83.44889968163345,5.0867657719206255e-06,4.826241251526371e-06,10362.242397693142,5000.0,211557.57913021345,11145.439487602,211850.96202002084
2025-06-11 20:41:10+00:00,38.2993493822998,-76.30661701801672,-11205.350198310956,39.67679863333594,-75.14179057509436,-85.1240568642213,5.103740778807059e-06,4.843870768949685e-06,10377.466582459614,5000.0,211712.2566250463,11202.350198310956,212008.4249628657
2025-06-11 20:41:11+00:00,38.29821200762352,-76.3073348207951,-11262.169102552984,39.66147719500892,-75.14278234737552,-86.81438212192364,5.118095809335058e-06,4.848096812650893e-06,10388.472990898916,5000.0,211851.5929843951,11259.169102552984,212150.57468436347
2025-06-11 20:41:12+00:00,38.29722817716123,-76.30799030237799,-11319.89715716587,39.64561649584401,-75.1436166512184,-88.74070950393033,5.119778073464259e-06,4.870744957223329e-06,10390.380712333224,5000.0,211972.6283681472,11316.89715716587,212274.5093942429
2025-06-11 20:41:13+00:00,38.29639299916358,-76.3085571994236,-11377.904409789602,39.62922430070677,-75.14425469700114,-90.6051920801508,5.118131050608661e-06,4.872967525367296e-06,10430.360699183011,5000.0,212075.06839928252,11374.904409789602,212379.90273774075
2025-06-11 20:41:14+00:00,38.2956896435915,-76.30900404608721,-11436.324825713604,39.612462470801226,-75.14465965130763,-92.51406042781024,5.115890426773295e-06,4.88220448172433e-06,10458.92849911292,5000.0,212160.43656055655,11433.324825713604,212468.28412291617
2025-06-11 20:41:15+00:00,38.295116656442325,-76.30930190726468,-11494.374678670223,39.59503618576821,-75.14478218876478,-93.46833524485456,5.116243784295565e-06,4.893046250560451e-06,10491.12070638617,5000.0,212226.50425570004,11491.374678670223,212537.3868301769
2025-06-11 20:41:16+00:00,38.29465434824314,-76.30943967048265,-11552.412837148137,39.57721394371952,-75.14461947446468,-94.02952750018916,5.128299367783228e-06,4.915792046513995e-06,10523.00086694116,5000.0,212275.7689228324,11549.412837148137,212589.72460742923
2025-06-11 20:41:17+00:00,38.29438206140674,-76.30952230789265,-11590.575635291863,39.98502226690445,-75.16946061485297,-21.60885897507213,5.137277811124539e-06,4.928040247166356e-06,10544.92332156754,5000.0,212303.6628068774,11587.575635291863,212619.65372542563
2025-06-11 20:41:27+00:00,38.29187942089459,-76.31084953688023,-11956.657276283368,39.98537636756007,-75.17031414789048,-16.211722712809348,5.149846721228123e-06,4.934874247295733e-06,10564.305848877952,5000.0,212579.09565640843,11955.657276283368,212915.02918066725
2025-06-11 20:42:27+00:00,38.277598899628245,-76.31887149837111,-14068.115143357298,39.985767430443886,-75.17185043624076,-11.003560684139348,5.154525607690146e-06,4.954814805355699e-06,10569.375547311232,5000.0,214162.83198137852,14068.115143357298,214624.39392103345
2025-06-11 20:43:27+00:00,38.26661378512823,-76.3290204367105,-16017.538575379129,39.986776002583696,-75.17513113585538,-0.9946023897987004,5.165025575113636e-06,4.958184447882848e-06,10591.802785893804,5000.0,215507.23058070708,16014.538575379129,216101.4388622814
2025-06-11 20:44:27+00:00,38.25634046787162,-76.33944124462425,-17909.106690095996,39.9881618701106,-75.17799181800291,2.5629015412609446,5.1691626615978845e-06,4.9602690432198095e-06,10590.792178263951,5000.0,216940.6583066737,17909.106690095996,217678.62855358628
2025-06-11 20:45:27+00:00,38.24665377490574,-76.35055154580454,-19791.18008553993,39.98841312825406,-75.17840794162989,3.1642078596486938,5.185936272129865e-06,4.962516709016504e-06,10622.53459420063,5000.0,218510.1084378757,19792.18008553993,219404.64416705185
2025-06-11 20:46:27+00:00,38.23698866099343,-76.36189933320526,-21662.77818876284,39.98863985920926,-75.17889375120478,3.817567995905581,5.208114639659623e-06,4.970597840232304e-06,10621.756597491376,5000.0,220053.28509876435,21663.77818876284,221117.0901766075
2025-06-11 20:47:27+00:00,38.22759271954888,-76.37318689718879,-23513.35324773417,39.98934284294408,-75.18027748643264,5.111673345452839,5.214103722953063e-06,4.9877234969464604e-06,10653.695064563744,5000.0,221344.56516713987,23508.35324773417,222589.440902866
2025-06-11 20:48:27+00:00,38.21903498575621,-76.38433000435191,-25371.012192900413,39.99007408928808,-75.1811420628126,4.657595654936108,5.228774872309775e-06,5.000314102741732e-06,10671.575724781584,5000.0,222722.4856220057,25353.012192900413,224160.8369651084
2025-06-11 20:49:27+00:00,38.210656414202006,-76.39546334613738,-27257.76806792155,39.99205707777815,-75.18267276431503,2.862583172394093,5.234624491409937e-06,5.019429718937609e-06,10665.92967650349,5000.0,224385.05539129864,27229.76806792155,226031.22207338733
2025-06-11 20:50:27+00:00,38.20238707039134,-76.40656897983334,-29156.80312981392,39.99266391520157,-75.18327868959854,2.1186261688552444,5.251904555308497e-06,5.030487779974448e-06,10680.061116161276,5000.0,226207.5862940789,29130.80312981392,228075.592267084
2025-06-11 20:51:27+00:00,38.19456631864964,-76.41727327309283,-31070.25519107489,39.99450658117067,-75.18480138855242,1.2026829478939471,5.2648796512998126e-06,5.053581226559599e-06,10691.234657117997,5000.0,227394.06019961345,31048.25519107489,229503.92755784275
2025-06-11 20:52:27+00:00,38.1875962868061,-76.42787826146257,-32973.00601711005,39.99655856654866,-75.18703267586423,1.852328335194788,5.268035727345044e-06,5.069383558601098e-06,10691.398721778694,5000.0,228701.8566667417,32951.00601711005,231063.4286085846
2025-06-11 20:53:27+00:00,38.18228009223982,-76.4376421875213,-34820.763027319175,39.99855803907225,-75.18933957338575,5.190232017313004,5.278551868440155e-06,5.070632543412172e-06,10723.814907689528,5000.0,229568.06865502815,34796.763027319175,232190.25143872676
2025-06-11 20:54:27+00:00,38.182556255503066,-76.44422513810875,-36656.68920587967,39.99924864907432,-75.19009706533643,5.749046776247036,5.282795580902198e-06,5.0767039939916736e-06,10750.212653420303,5000.0,229947.49803737772,36633.68920587967,232847.3298933935
2025-06-11 20:55:27+00:00,38.182837265493816,-76.45080354940549,-38477.93609360141,39.99924845971824,-75.19009708290777,6.648898306761009,5.291524568032092e-06,5.088920881517789e-06,10786.85629018692,5000.0,230256.1012736045,38453.93609360141,233445.02002572507
2025-06-11 20:56:26+00:00,38.18372321109564,-76.45728289236848,-40248.02680936175,40.00046480238584,-75.1915341067817,7.166861899198179,5.309752412391246e-06,5.1113642741059466e-06,10828.336376844583,5000.0,230436.701426576,40232.02680936175,233922.40026459657
2025-06-11 20:56:27+00:00,38.18373741287094,-76.45738896188493,-40277.35471383737,40.00046411049858,-75.19153483495347,8.622799237887593,5.3202055100850304e-06,5.1352380115163965e-06,10845.78311606803,5000.0,230439.8422470466,40262.35471383737,233930.71218193343
2025-06-11 20:56:28+00:00,38.18376528200487,-76.4573707269112,-40319.09127094054,40.00048368518082,-75.19157929927535,-26.820974952775032,5.343416201953829e-06,5.147605193002112e-06,10865.811520218263,5000.0,230436.6672454075,40305.09127094054,233934.94393426884
2025-06-11 20:56:29+00:00,38.18379323584303,-76.45723900668642,-40371.33992373085,40.00050719747894,-75.19149659809389,-67.64668582462363,5.356256219694266e-06,5.157267016773128e-06,10892.337788500789,5000.0,230428.6903792792,40357.33992373085,233936.09434123087
2025-06-11 20:56:30+00:00,38.18382217939559,-76.45698911742342,-40429.378418307744,40.000527126020685,-75.19127937805155,-101.28420774192928,5.366508733367292e-06,5.168854047927679e-06,10907.998495185288,5000.0,230416.14026606912,40416.378418307744,233933.9251574356
2025-06-11 20:56:31+00:00,38.18383659349118,-76.4566056361531,-40485.37147697268,40.00049078462588,-75.19089646161872,-114.02186638768234,5.378786975075939e-06,5.178429278664092e-06,10920.584655899163,5000.0,230400.1642704816,40472.37147697268,233927.87039776804
2025-06-11 20:56:32+00:00,38.18381366502479,-76.45607604342578,-40535.28577031494,40.00030098263532,-75.19032377310423,-106.49429680361465,5.382056558205146e-06,5.199901010704143e-06,10938.279962979595,5000.0,230381.63478683843,40523.28577031494,233918.43522193548
2025-06-11 20:56:33+00:00,38.18373213740197,-76.45542640908869,-40580.24102206023,39.99988905374753,-75.18958398687042,-92.1625907596894,5.400870828726128e-06,5.217700162557051e-06,10949.982190583174,5000.0,230363.9164768656,40569.24102206023,233908.95094387967
2025-06-11 20:56:34+00:00,38.183564417274496,-76.45467391845011,-40622.57250180715,39.99921780933323,-75.18871940025508,-80.15020060050267,5.410421461655917e-06,5.228910483368749e-06,10974.21749694243,5000.0,230350.82544265583,40612.57250180715,233903.57805584645
2025-06-11 20:56:35+00:00,38.18329964631502,-76.45385501087019,-40664.39943652671,39.998241480140905,-75.18776489117846,-72.6359712291139,5.4162094091480966e-06,5.2359950456558805e-06,11007.424300498667,5000.0,230344.89489174177,40654.39943652671,233905.00378622135
2025-06-11 20:56:36+00:00,38.18292352634528,-76.4529855705688,-40706.97953585957,39.99691636318039,-75.18675490909382,-69.48547806653048,5.430822707981472e-06,5.239359036017599e-06,11051.837837849667,5000.0,230347.7475747788,40696.97953585957,233915.2174530682
2025-06-11 20:56:37+00:00,38.18247103452813,-76.45205690407288,-40750.37946585038,39.99536165530039,-75.18568102730563,-69.26310082121121,5.4309574090782304e-06,5.252274801417087e-06,11058.845212457352,5000.0,230356.56813855327,40741.37946585038,233931.63207516924
2025-06-11 20:56:38+00:00,38.18192974224913,-76.45107544113714,-40793.14630666154,39.993386421934126,-75.18453782406044,-68.609235042501,5.443568365789098e-06,5.275299114223348e-06,11084.97333047828,5000.0,230371.4623874149,40784.14630666154,233953.750285135
2025-06-11 20:56:39+00:00,38.18129552984315,-76.45004734439198,-40834.57562877146,39.9910100364788,-75.18334116687588,-66.16998658594053,5.443973399802915e-06,5.280327066171122e-06,11097.150151033917,5000.0,230393.75491267972,40826.57562877146,233983.10105718265
2025-06-11 20:56:40+00:00,38.18056393947937,-76.44898239380004,-40873.9430164284,39.98833455338016,-75.1821153998412,-62.304160571661214,5.453547822808247e-06,5.2979096766218565e-06,11136.005610726736,5000.0,230423.61648964943,40866.9430164284,234019.5506099374
2025-06-11 20:56:41+00:00,38.17969754324287,-76.44794705443601,-40911.70681577066,39.98506536006089,-75.18109814553993,-58.22460736072853,5.471841504930903e-06,5.3129001233906e-06,11146.890377176696,5000.0,230468.6436717272,40904.70681577066,234070.4824525504
2025-06-11 20:56:42+00:00,38.17873959284591,-76.44689049211536,-40947.39099558743,39.98203938305767,-75.17992349144859,-52.97966982382663,5.465457952655028e-06,5.316030041267954e-06,11185.705694662078,5000.0,230521.77349272973,40941.39099558743,234129.20695822412
2025-06-11 20:56:43+00:00,38.1776509361349,-76.44589030610018,-40981.899212941134,39.97836431111342,-75.17910462344324,-49.27932509073069,5.470211233589405e-06,5.321820140808142e-06,11225.830610134277,5000.0,230590.3869102772,40976.899212941134,234202.97351771363
2025-06-11 20:56:44+00:00,38.17643368175038,-76.44496332162923,-41015.56931938564,39.97452147903968,-75.17844762608277,-46.6919984635524,5.473314742639902e-06,5.327742310078019e-06,11250.215426341316,5000.0,230674.4036348657,41010.56931938564,234291.586037999
2025-06-11 20:56:45+00:00,38.17509259636543,-76.44411693164517,-41048.64163052403,39.970451035716806,-75.17796848132944,-44.927790225162646,5.4857010680568926e-06,5.334755268653177e-06,11288.97969483222,5000.0,230773.91082999148,41044.64163052403,234395.52155778703
2025-06-11 20:56:46+00:00,38.17366354752036,-76.44327690544205,-41081.50079722813,39.96698408368098,-75.17711256438137,-43.01376888898663,5.487117568378971e-06,5.345762115786157e-06,11303.146619315656,5000.0,230883.6454797157,41078.50079722813,234509.4901656453
2025-06-11 20:56:47+00:00,38.17215174751186,-76.44242782066706,-41115.15990078758,39.963483719523,-75.17622709884026,-42.63053710612593,5.491789706564424e-06,5.354580198994772e-06,11304.861719864086,5000.0,231002.2148428322,41113.15990078758,234632.29781792985
2025-06-11 20:56:48+00:00,38.17052294742003,-76.4416855207015,-41150.236934897424,39.95892044442788,-75.17613712028374,-44.32300794943416,5.49070739005283e-06,5.36824583867771e-06,11317.079154890838,5000.0,231136.00707993036,41148.236934897424,234770.1666986333
2025-06-11 20:56:49+00:00,38.1687801814527,-76.44105642499724,-41186.66469955146,39.95403167740458,-75.17623876881106,-47.12654511363789,5.508189889831139e-06,5.380051522133e-06,11359.666570979676,5000.0,231286.29860886463,41185.66469955146,234924.69197794597
2025-06-11 20:56:50+00:00,38.16692636857209,-76.4405546859362,-41224.018546866384,39.94888681032555,-75.17657555938212,-49.708972001819966,5.511740781834926e-06,5.377084588659199e-06,11387.847668379382,5000.0,231454.00051807327,41223.018546866384,235096.3453861747
2025-06-11 20:56:51+00:00,38.16497075402131,-76.44018433453135,-41262.39627359201,39.94337476838832,-75.17709143275609,-52.5306590776052,5.5172012048579605e-06,5.384513957245499e-06,11427.55919305432,5000.0,231637.33563995812,41261.39627359201,235283.56951734863
2025-06-11 20:56:52+00:00,38.16290842748989,-76.43996208258909,-41302.153830360025,39.93726773065716,-75.1778580617296,-55.90514940590899,5.525145218055083e-06,5.394374203524532e-06,11456.33413106442,5000.0,231838.47646098293,41301.153830360025,235488.56548772976
2025-06-11 20:56:53+00:00,38.16087543752121,-76.43971594782556,-41329.620735285775,40.01701240192761,-75.21023485526004,-8.782242516230571,5.5427951830471625e-06,5.407189695345636e-06,11479.68690711426,5000.0,232036.55447528,41328.620735285775,235688.390687027
2025-06-11 20:57:27+00:00,38.09347969425166,-76.42918231375384,-42145.97225301628,40.01912663130908,-75.21089894811931,4.294380130225807,5.553218593056654e-06,5.4086564084545135e-06,11497.711601739014,5000.0,238540.77912461103,42156.97225301628,242237.30847026448
2025-06-11 20:58:27+00:00,37.98635728911941,-76.40169470769527,-43222.528438508,40.02144919195429,-75.21226586239882,27.334806701441547,5.574449701258787e-06,5.4260749095561525e-06,11550.868753462231,5000.0,248547.02636534875,43238.528438508,252279.9925808328
2025-06-11 20:59:27+00:00,37.89024336011842,-76.3700224111673,-44174.48716096264,40.02264228399714,-75.21312418248598,34.7988866616972,5.586876278794052e-06,5.4426121193873725e-06,11597.984511978138,5000.0,257558.8016960799,44208.48716096264,261325.32726121595
2025-06-11 21:00:27+00:00,37.79666037177402,-76.33854814386089,-45070.75319917743,40.023521597269365,-75.21389630492568,38.23679134373808,5.601104921523392e-06,5.437742039957395e-06,11610.893334964712,5000.0,266459.70347211044,45115.75319917743,270252.1133334097
2025-06-11 21:01:27+00:00,37.70310907333218,-76.3071844244823,-45894.73043885874,40.02351926187861,-75.21389638959414,42.92390290378813,5.604200566870217e-06,5.443074978628627e-06,11633.235903201552,5000.0,275468.88311689545,45945.73043885874,279274.26610991225
2025-06-11 21:01:46+00:00,37.671956728112775,-76.29916391087497,-46388.47896379426,40.021922414955895,-75.21342327899994,22.9917837989583,5.62113832567495e-06,5.4553086514484e-06,11654.802940795546,5000.0,278536.26044721325,46431.47896379426,282379.7631252691
2025-06-11 21:01:47+00:00,37.67023091576051,-76.29880353879612,-46422.41422866483,40.02023420475233,-75.21306707036257,3.2960248109387926,5.638283396683483e-06,5.47441913796733e-06,11680.848362454331,5000.0,278708.25264588365,46465.41422866483,282554.99431502377
2025-06-11 21:01:48+00:00,37.668507891477546,-76.29847960656551,-46447.48791502078,40.02021607558125,-75.21313469204712,31.36595681480992,5.659313278429719e-06,5.474568053451475e-06,11708.850305993425,5000.0,278881.18369264586,46489.48791502078,282729.52994763764
2025-06-11 21:01:49+00:00,37.66669374324336,-76.29820118210614,-46482.56492261255,40.01844855373289,-75.21288763796244,1.01098806260023,5.681590689326468e-06,5.497080880694235e-06,11747.22093297961,5000.0,279064.4250715202,46522.56492261255,282915.7160489265
2025-06-11 21:01:50+00:00,37.66479834007689,-76.29797635247556,-46522.00656273424,40.01655833043263,-75.21273920259249,-14.047304515452064,5.686629107799511e-06,5.501154245267407e-06,11758.620566703185,5000.0,279256.72899245884,46562.00656273424,283111.88802788855
2025-06-11 21:01:51+00:00,37.66281870106121,-76.29781283233581,-46564.077089119695,40.01449102318124,-75.21269111593563,-22.86222270491751,5.701069543368942e-06,5.512052662820607e-06,11764.377537082291,5000.0,279459.6094623491,46604.077089119695,283318.9251041612
2025-06-11 21:01:52+00:00,37.66075674376826,-76.29771270161389,-46608.18474772522,40.01217974201683,-75.21274987290623,-27.24492994443341,5.705803533386114e-06,5.523851316613679e-06,11788.806741882658,5000.0,279673.3870264053,46648.18474772522,283537.04617047735
2025-06-11 21:01:53+00:00,37.65860888762695,-76.29768561253337,-46654.5061986293,40.00956857324586,-75.21292147693077,-30.42442183403076,5.71988001794031e-06,5.539625981452161e-06,11811.763479453595,5000.0,279898.3052794353,46694.5061986293,283766.5205894342
2025-06-11 21:01:54+00:00,37.656456279024056,-76.29770583098214,-46690.81637955205,40.00878577522807,-75.21317424399496,8.425809528073078,5.722229574454618e-06,5.555671796888858e-06,11843.986033635014,5000.0,280124.8587941544,46730.81637955205,283995.96073526173
