timestamp,latitude,longitude,altitude,velocity_north,velocity_east,velocity_vertical,roll,pitch,yaw,acc_bias_x,acc_bias_y,acc_bias_z,gyro_bias_x,gyro_bias_y,gyro_bias_z,latitude_cov,longitude_cov,altitude_cov,velocity_n_cov,velocity_e_cov,velocity_v_cov,roll_cov,pitch_cov,yaw_cov,acc_bias_x_cov,acc_bias_y_cov,acc_bias_z_cov,gyro_bias_x_cov,gyro_bias_y_cov,gyro_bias_z_cov
2025-06-14T21:17:03Z,40.074247834730244,-75.23970200102825,57.27142541739158,-8.428533372760285,6.003749920462724,-2.0387107496353565,-0.11306994111055246,-0.3186694020041614,0.402903228685318,0.0009792300219118033,0.0009985101477383296,0.0009453628053748275,0.0009217344957122009,0.0008858475269342136,0.0009660600313843304,2.0020034815363987e-6,2.0020036390636967e-6,6.313967803659715,2.592873980399235,2.6286454564256565,1.6958701035236232,0.0040875630223190015,0.003704417938901925,0.003672339768737008,0.00100199788076788,0.0010020019788051233,0.0010019734950049975,0.0009999572629729287,0.0009998820519327464,0.0009719695698548172
2025-06-14T21:17:04Z,40.074155536921566,-75.23961286881048,56.36385975009762,-12.139744611340575,9.152914476930164,-2.559110312635312,-0.22485080060869223,-0.2230332168574023,0.6414287483785301,0.0008763348714708741,0.0009979596947289338,0.0006739906955957053,0.0008162447642874326,-0.0011603621039952827,0.009602191683313777,3.004003803269985e-6,3.0040041882149625e-6,6.551429459191802,3.883248406324958,4.040212802036797,1.1602359160322018,0.008349932606848038,0.007987108136648761,0.007260856465752955,0.0010029685295903548,0.0010030039778931704,0.0010027574247264076,0.0009985499542030773,0.0009958107406672842,0.0008920954003403486
2025-06-14T21:17:05Z,40.07403494514597,-75.2394899966922,56.79670522431843,-16.290335892583244,11.245768458233215,-0.610884596422693,0.1511543914430149,-1.205348565170425,0.13630220680352068,0.0006711058485961985,0.0010247722888010458,0.00010507097734357984,0.0026582519378450797,-0.009098302931420221,0.03714051266979368,4.00600439620627e-6,4.0060052305332335e-6,6.008511918752372,7.858169395397247,8.587808917552382,1.3618522562240636,0.09066847956486722,0.009931345194284114,0.08334608105266177,0.0010039020065634636,0.001004004844533414,0.0010032335796551467,0.0009873013581020605,0.0009765275273954343,0.0007621577679435697
2025-06-14T21:17:06Z,40.07389928830926,-75.23931520029522,55.56891182879917,-14.29235683241859,18.83472458156757,-4.858186064840993,-2.8203796681627864,-1.0175304346412304,-3.047545126755722,0.00033681593206935645,0.0010877367268022908,-0.000615731728707658,0.00133525163752779,-0.014255111919794672,0.03607866648485469,5.008005487337924e-6,5.008006529615663e-6,5.350962819230858,11.57486040502152,6.9236547428799,1.0973708160914577,0.01838960930324406,0.011761737649351223,0.029931412415422593,0.001004700681134217,0.001004999631941144,0.0010032895553047795,0.0005688247222265645,0.0009272437458072991,0.0005549244083853277
2025-06-14T21:17:07Z,40.07368904967549,-75.23934523703593,58.63728161202744,-18.805850276141427,12.636753555969335,2.4141602370364126,-0.45445026070956374,-1.0520936468819855,1.5678195214568404,0.000039153414371995154,0.0011295891153793036,-0.0008162637515809479,-0.07459622930036858,-0.0031032078481558756,0.004056690045644018,6.010007359760055e-6,6.010007916321129e-6,4.899794946593868,19.147215771559498,9.216324386321222,0.8072600237961988,0.03555401615048475,0.008511105890198257,0.039798671872386775,0.0010050298251411823,0.0010059865216661711,0.0010032284178909511,0.00031912366766086555,0.0008564265706556322,0.0005105937832905711
2025-06-14T21:17:08Z,40.07239729952855,-75.23958773918383,53.28898529242724,-59.28497670451179,-5.628990612225607,-3.43397662602365,2.5934903496236075,-1.1998284833753132,-1.613017155243142,-0.006417020507171856,0.0021400894094654177,-0.008567781293322696,-0.11441203839876835,0.20646123742335476,-0.123378702228365,7.01200842983167e-6,7.012010286424371e-6,4.7298059889850155,9.63169884669366,8.576978854529807,0.9724951086547916,0.058309357458393656,0.0006650685283568392,0.04868134569704063,0.0010042078550271294,0.0010069426571287672,0.0010031458783926245,0.00028923103613988875,0.0006053356105737736,0.00043236505840354837
2025-06-14T21:17:09Z,40.07244084490268,-75.2389341191786,43.91843843390234,-51.38415360148065,8.716865678317845,-10.638306832930539,-2.141339143665391,-1.306140944143408,3.037757743630209,-0.01392088878640152,0.0033759729486178003,-0.011376804465612622,-0.053657455568099977,0.02793815736504257,-0.18272795706889156,8.014010035178488e-6,8.014011930052017e-6,4.476421266789889,9.551374948161632,8.121538431821334,0.62956867195319,0.14870155335348828,0.0013135289670462191,0.11938002209066971,0.0010020765617330593,0.0010078589366330696,0.0010035788698654527,0.00022031662696806557,0.0003924663435847249,0.00040779858880843865
2025-06-14T21:17:10Z,40.07227899476575,-75.2387935937894,41.950349065708,-45.88409620337188,8.050256071030162,-9.632005872845184,2.7235263269540155,-1.4445500422662008,-1.8264453818264883,-0.023735838565471568,0.005013807783086577,-0.012386551570330084,-0.07821722826065525,-0.06198521666556189,-0.23148840097201173,9.016011696052294e-6,9.016014577341062e-6,4.25720466577041,8.627482596176108,8.321727370455196,0.46751739223043265,0.09174030553308858,0.0012013329098729442,0.11299682440544227,0.0009991022282602102,0.0010087513053195483,0.001004368781950158,0.00019795701269375408,0.00018154114883360268,0.00031856899958561066
2025-06-14T21:17:11Z,40.071001331467095,-75.23866277715724,36.53972450620495,-59.59722862066701,10.534296631114557,-7.461132101539988,-1.7918273875620798,-0.43354794406695873,2.6804041330178734,-0.05597749673461294,0.010350085305503853,-0.023103131222569573,-0.053187050712494965,0.0017567660998594192,-0.1864658663771479,0.000010018011927014731,0.000010018018052502384,3.3000882198241523,4.289596906202859,8.745746318541075,0.24429541825170098,0.0010847468796403759,0.0010604609720587977,0.009562404524925301,0.0009915566974482075,0.0010095170071824147,0.001004347328098516,0.00015292950693454976,0.00008267211014272618,0.0002910841396601325
2025-06-14T21:17:12Z,40.070217617285635,-75.2394828396678,42.626517141237855,-59.171757294097915,-4.567581778828753,-4.3049029422109015,-1.1471917480012053,-0.7990090650928323,-2.596732235106174,-0.06964484521904524,0.013384879922000437,-0.021247367955083973,-0.12944411446733284,-0.0002202890548232972,-0.26084088618154055,0.000011020013746878352,0.000011020021149199192,2.9467389149304206,3.948726538346094,8.042297315686353,0.20915959544593787,0.0017830805362391649,0.0007784239739726906,0.008354738068732884,0.0009832754041991265,0.0010101435912339273,0.0010052420765829279,0.00012034680669042221,0.00007795392971353758,0.0002514680632850213
2025-06-14T21:17:13Z,40.06934438381178,-75.24010316666964,45.725326797226444,-63.232501183170825,-14.917029200762045,-4.86218862523674,-1.05602159153932,-0.6607313008607889,-2.00455577269895,-0.08544012718175509,0.01831584102069428,-0.020979586842031495,-0.16693713546374056,-0.0002237357262746542,-0.30406712764124677,0.000012022015243209433,0.00001202202483206682,2.733104647592178,3.786960096958618,9.304948143746929,0.24448310445692273,0.0017143472487408697,0.0008638490317065561,0.00881692850412646,0.0009722576881184829,0.001010124564498324,0.0010062196517280795,0.00010087896009448587,0.00007405905413577817,0.00021790351403637597
2025-06-14T21:17:14Z,40.068466722637794,-75.24004299355349,44.20742528187111,-68.06638071499765,-14.243546790094115,-6.749801732657943,-1.0564402529416839,-0.33710070314918994,-2.093526820463012,-0.10753016361286427,0.026499015240233348,-0.022325239765677907,-0.15631946671783226,-0.015403852402073426,-0.2811837640001613,0.000013024015999457782,0.000013024028977343463,2.7089480462099806,3.7077246690462347,11.097418114809937,0.3556513040052428,0.001647576474691826,0.0012084585255585484,0.009126263172887537,0.000957681124578675,0.0010088107628384488,0.001007179805837918,0.00008581734511160101,0.0000696364605255757,0.00018749982136135227
2025-06-14T21:17:15Z,40.06735059598105,-75.23948195129297,39.88211370818317,-75.09666557749733,-5.930306006484898,-10.840056359826121,-0.9476270140403358,-0.13136853561354656,-2.2311181547265733,-0.13892682804544165,0.03978080556908026,-0.02592867074872629,-0.1276704011943366,-0.03681697718025134,-0.23962431192103395,0.00001402601548013955,0.000014026033698261196,3.032693514921121,3.7083116046224114,13.911853916321279,0.6202276107400021,0.0019013937417418194,0.001779292963254307,0.009129756982491528,0.0009385774008741032,0.0010055205215837987,0.0010079639235423068,0.00007383760286866855,0.00006600795011086731,0.00016308525412005653
2025-06-14T21:17:16Z,40.06584337992115,-75.23860053589117,35.48695161473006,-83.2747414065525,7.716342188563431,-12.951142747013364,-0.4303641023780074,-0.5002414285918348,-2.4172593591501936,-0.17777665184075886,0.058924618501805526,-0.032637565480399644,-0.0967112186981467,-0.052715752090989554,-0.20179382844798965,0.000015028013356323133,0.00001502803925978219,3.9493303737701404,3.7526243323700847,17.42919110508363,1.129785920143262,0.002665726335738148,0.0022782010213180316,0.008022796700121645,0.0009168376970088678,0.0009999873677261864,0.0010082649534782569,0.00006457296538748243,0.00006281284369338814,0.00014488658387075827
2025-06-14T21:17:17Z,40.06396752937202,-75.23930106133673,33.948295049369335,-87.81175548955798,-10.005084704665933,-14.179004683974199,0.01387943998662422,-0.6307069003014476,-2.267692118679406,-0.20562648430677655,0.07583270840223122,-0.04149705962709049,-0.1135997046421835,-0.023142818500787143,-0.23933342231612187,0.000016030010570770842,0.000016030046359367666,5.411046328001368,3.823354454063557,20.39144121863568,1.6081953918223661,0.003611024546917745,0.0025369603398220724,0.008831477831087923,0.0008984472620804705,0.000993779671293069,0.0010078047527166758,0.000059304474880720264,0.000057322628862255514,0.00013050385966473314
2025-06-14T21:17:18Z,40.06249566591937,-75.23753346432505,37.79259337228723,-95.19526457600296,18.804977943189442,-9.1527596359374,0.34806938922338304,-0.019193337543015332,-2.621112336186343,-0.23208477713160391,0.0944880412398561,-0.05020395527890287,-0.07741502229418984,-0.03556858961837861,-0.16416500142531731,0.000017032009491338148,0.00001703205405927031,6.620500943889873,4.09594504253096,23.108510986235085,1.8035597644568901,0.0014842659555523306,0.0024497631404792803,0.009327696755099608,0.0008883520493484421,0.0009901672929008467,0.0010068521338992963,0.00005464367349941977,0.000050138887200118405,0.00011127337028333335
2025-06-14T21:17:19Z,40.061269045403115,-75.23512253719824,47.05473232315853,-99.01268979301676,50.52417806070298,-3.163395046052756,0.2417744202830363,-0.05698524594254195,-2.422152497296338,-0.24943714313485543,0.09987763975095731,-0.05779599748666442,-0.03668436705629574,-0.03980786974648254,-0.11210347394398923,0.000018034011342912358,0.00001803405989023189,6.675524374901107,4.542002720606976,20.136588533922865,1.2774716851411,0.0012795387482075818,0.002286200605384012,0.008003826758954306,0.0008856394108552088,0.000989954899220231,0.0010060994211336849,0.000046980105180716744,0.00004355708695066421,0.00009758123151888397
2025-06-14T21:17:20Z,40.0603052973319,-75.23297448856124,52.56999122072011,-104.08246169937775,70.0565027454868,-1.1507313382389839,0.4570230843637546,-0.10770477925871091,-2.6413716568349628,-0.2554749624723627,0.09956575837077253,-0.060593377811528626,-0.01229456847977417,-0.04616300254269845,-0.08042918039336655,0.000019036015131041563,0.00001903606617850674,6.005471456775428,5.177127185522907,19.166485934415576,0.956720654705785,0.0010676974728029516,0.0019850299792152737,0.007182605942627762,0.0008861260266566692,0.0009909286467189957,0.0010057216960536646,0.000042116708994651875,0.000038082894487952484,0.00008653400266570344
2025-06-14T21:17:21Z,40.059420714463215,-75.2301962874385,54.765107366256416,-110.68082968937233,94.95870788116008,-1.1647873510228237,0.4706796117934573,-0.03257553192315754,-2.711539032185101,-0.25993968274633517,0.09860168511750089,-0.06064191853192824,0.013146331468988137,-0.0600104755128541,-0.046012333749786194,0.000020038019843227,0.00002003807332399614,5.443444149654715,5.751142219894939,18.883689619630253,0.8366143036174171,0.0010604468233218608,0.0015193365585866843,0.006573136028078883,0.0008869931784462705,0.0009917314007925144,0.0010055275282998743,0.00003910104564010846,0.0000341190738955917,0.00007715466769844666
2025-06-14T21:17:22Z,40.058526948733686,-75.22700803984429,54.3734621622134,-117.39854347752407,121.36289137136191,-2.6084030596830416,0.6103220773475186,-0.03667313779669712,-2.687365654099267,-0.263767668086075,0.0977856997778872,-0.05919852489978439,0.03580849393256358,-0.07442038514136584,-0.013013067468307327,0.00002104002507043109,0.000021040081413303025,5.14510203285866,6.110373492043824,19.44782092117639,0.8289665914543841,0.001068780409302434,0.0010375610000327635,0.00599935619311996,0.0008875661320049177,0.0009920731050583388,0.0010053906756502344,0.0000368707479055854,0.000031410537410125575,0.00006890999117177007
2025-06-14T21:17:23Z,40.05733197516357,-75.2269982589667,53.49874764191918,-121.25324336905032,107.34527830500156,-2.6936826958844904,0.49223545666609425,-0.07520537143136607,-2.5287712635472417,-0.260754346538306,0.09705755701270391,-0.061184299845081114,0.02174741857902518,-0.06398955326949363,-0.03193487472958623,0.00002204203066348773,0.000022042090422119645,4.987634185380413,6.441165829535374,19.514555229759118,0.7551276346039372,0.0007171583157874788,0.0010361165159654064,0.005627809097336732,0.0008879350190432846,0.0009920334383251564,0.001005322288980009,0.00003480224933517007,0.00002952192962719062,0.00006175009288659925
2025-06-14T21:17:24Z,40.05602993429277,-75.22732535515858,53.35335005144589,-125.01254132669419,91.55104563571513,-2.3615497913997388,0.5137356310406176,-0.4660130995671352,-1.5007115261032595,-0.2576162269760971,0.09596686156783107,-0.0643995116233782,0.008289726820294163,-0.05395181026960927,-0.05205142361160142,0.000023044036520328474,0.000023044099926464928,4.803717217393082,6.3553003003452275,18.969915295620744,0.6452754320795765,0.0008845111896178883,0.0007710226222135737,0.00626054665893534,0.0008884060844944723,0.000991862306836079,0.001005292515796773,0.00003266718598713242,0.000028266332911242403,0.00005534121236893736
2025-06-14T21:17:25Z,40.05504400853396,-75.22338424596104,50.33422023081221,-130.9686786942184,119.15772280562669,-4.134741092624608,0.5943853862409014,-0.3996565439738333,-1.760677838094125,-0.2581659277784638,0.09186941696953,-0.06324443599896767,0.027632513584876506,-0.0680018980119712,-0.015400382881807673,0.000024046042479154237,0.000024046108932059993,4.553196507035578,6.182737293215129,18.993837859093258,0.5612154742459908,0.0007845525069100003,0.000665517709700716,0.006311720674778442,0.0008892418420448411,0.000991734925724533,0.0010053277748864964,0.000030320635770843938,0.000027298233264543893,0.00005012201696421018
2025-06-14T21:17:26Z,40.05400464542447,-75.21884438839032,46.60552339069545,-136.42566570825875,149.07645472791046,-6.25722265051445,0.7430278332940361,-0.4493614422262908,-1.951938132311625,-0.258907723637094,0.08576038723822421,-0.061539727150375256,0.04493178999109659,-0.08072770115313688,0.02385107876227721,0.000025048048058412323,0.00002504811827865554,4.288647534977488,5.878070529352496,19.54983150083847,0.49873840845533657,0.0008724491579392769,0.0005471937840354895,0.006708212071602155,0.0008902389982951314,0.0009917621850293213,0.0010053304874714593,0.00002834170742030757,0.00002657523254337991,0.00004583246458683927
2025-06-14T21:17:27Z,40.05230592393366,-75.21835931906098,47.32816778984852,-138.65321010816842,136.54472482111305,-4.914696259511402,0.7307123961218167,-0.5296698372767423,-2.0423618564818753,-0.2611768079223111,0.08493235910009389,-0.06696576908689167,0.03569393085899719,-0.07468508562851639,0.013601394027773495,0.000026050052415805833,0.000026050127475935437,4.013960535256862,5.62506002212283,18.575941485873745,0.42459593829449926,0.000649157656686214,0.0007868262635172884,0.005723513190207769,0.0008908551614421682,0.0009919583728326428,0.001005105031355449,0.000026722275545077067,0.0000259547460849664,0.0000422917460729394
2025-06-14T21:17:28Z,40.05056798096533,-75.21796665697177,49.1719222124666,-140.0705310907215,124.47693488514051,-3.2247584326250944,0.7388092046385282,-0.6188844700045593,-2.246754934589262,-0.26467883454461116,0.08459710401712073,-0.0719375546568699,0.028495551040123246,-0.069442536335373,0.0030379155646329536,0.000027052054478228116,0.00002705213764789948,3.75165538497459,5.342533829344849,16.788136349397384,0.3692956030427864,0.0005769470391766104,0.0011110843385789585,0.004325662169092147,0.0008904187301793741,0.0009922868711918218,0.0010044499254199897,0.00002565481771086715,0.00002543245098334808,0.00003968949607039668
2025-06-14T21:17:29Z,40.04895612448136,-75.2177598565695,51.77991975727491,-140.80595376249403,113.15580100892112,-1.5154535130786826,0.8160085143026663,-0.5359188941001776,-2.614661969957524,-0.26680018730985466,0.0848555408510947,-0.07529102834723744,0.022606498990398904,-0.06530918226644644,-0.008703857222883471,0.0000280540525400825,0.000028054149122084038,3.5369845761627423,5.003226545504199,14.770412018365425,0.3242387417039013,0.0008342902405591508,0.0011851760848033735,0.003166156318724456,0.0008882172232785938,0.0009926832944575476,0.0010029965584710337,0.000025020683503180244,0.000024993851346586533,0.00003795943794219422
2025-06-14T21:17:30Z,40.047734453184205,-75.21790589938752,54.31336728180759,-139.99053317774087,100.84494933392853,-0.7346611766442948,0.6294188088286319,-0.707871068156237,-1.8447409403888742,-0.2612280287539761,0.08402540937913727,-0.07641392225104937,0.015187639698183375,-0.06419663716224022,-0.020584567819810218,0.000029056044660935904,0.000029056161447174542,3.391951484045071,4.764714610130293,12.79885378661936,0.3144798349086765,0.0010287181475769212,0.0016214919327496554,0.0042418656034789864,0.000883247076540669,0.0009930889215117335,0.0010005273969501515,0.00002455013499754648,0.00002453721411037668,0.000036961891063215056
2025-06-14T21:17:31Z,40.045801133204954,-75.214561971505,51.367355902912095,-145.33171525318176,110.32591788191348,-2.3648747696570354,0.47265414272806083,-0.47137380873027723,-1.9899754248472163,-0.2725090165477013,0.07932581278055295,-0.07902799906605651,0.02058306627350248,-0.06725476356950821,0.0006402545432351303,0.000030058029866881916,0.000030058172479612155,3.370201679612007,4.7385510803156095,11.635079129140575,0.4013617492397531,0.0014111435936176955,0.001774196410352282,0.004413158738891511,0.0008760626806318152,0.0009933163835039096,0.000997023971335776,0.000024420448589023976,0.000023864374514839382,0.000034769753920572095
2025-06-14T21:17:32Z,40.04315246701168,-75.21083834363482,47.067111641401425,-154.43859506119043,120.11288618994877,-4.974909942859085,0.39273826383396226,-0.21901271155547875,-2.3088433802040527,-0.29263476511187037,0.07370576432731468,-0.08440376782527892,0.027132305451459615,-0.06844286433442903,0.021377967648277263,0.000031060006382578836,0.000031060183251690404,3.6581552885883837,4.908044707559518,11.687096246945197,0.6417779415216748,0.0016816130528103162,0.0019803494590865164,0.004169067325530171,0.0008659114168031245,0.0009934188365652334,0.0009922207196293466,0.00002430973230597367,0.00002292844450844743,0.000032119946183823974
2025-06-14T21:17:33Z,40.03939514030381,-75.20708004121542,42.1880602419842,-165.05603322479874,129.22954666707665,-7.615652691369178,0.6508155578485457,-0.00911291865156727,-2.5616592975566164,-0.3244783282680146,0.06769581512344303,-0.09593218596000952,0.03620854577002319,-0.06470335982021425,0.03554893322825592,0.00003206197487823902,0.00003206219451660007,4.365618898615134,5.232675009823592,12.329369666339954,0.9676561972092351,0.001989080639759897,0.002043072593485485,0.003906329160572194,0.0008529700720370135,0.0009936297630376769,0.0009860152563649566,0.000023984089097314697,0.000021409037840622997,0.000028741348059769816
2025-06-14T21:17:34Z,40.03708943681852,-75.20733905312782,45.539336073445156,-163.74725914094597,113.22116680443287,-5.901497305196244,0.733023094591772,-0.143196883706878,-2.457219055489986,-0.3263875070697395,0.06575772132418933,-0.10632763902594888,0.0342368439769416,-0.058991804685774696,0.017406283686909774,0.00003306394358255977,0.00003306420586067843,5.234432549141033,5.912645108671334,12.071221919043806,1.1588884262648693,0.001937919158201748,0.002319852888667029,0.0036021894442363213,0.0008397374516323415,0.0009941944831300291,0.0009795901873369682,0.00002311786184050622,0.000019015651470400473,0.000024271009756071753
2025-06-14T21:17:35Z,40.03281887583927,-75.20407047994098,43.406430100789294,-172.61251714173704,117.87960444996133,-7.102739477995783,0.4736212994412199,-0.07389059622528293,-2.26481358143792,-0.36365056475187885,0.06332145553278679,-0.11959404814206209,0.04805298815426795,-0.04767592806774701,0.02051709241595745,0.00003406592525348588,0.00003406621725849676,5.756355574871244,6.608768114896486,12.172971567996575,1.1389661560828546,0.002677686185698943,0.0014525002956110211,0.0035594696891758093,0.0008301989934395516,0.000995060779177019,0.0009751559946776824,0.000021811002522974348,0.000016117706381751518,0.000019390712399966894
2025-06-14T21:17:36Z,40.02861999286787,-75.20094223704274,42.979915550211444,-182.37326963152736,122.01252791984007,-7.0149506003945135,0.15954892959962308,-0.2820107925981574,-2.813250777864596,-0.39861046515216003,0.06259629559554014,-0.1314448685352545,0.0631777813023291,-0.03447962257814652,0.020009743307014105,0.00003506792316170982,0.00003506822823808279,5.85678315342594,7.178036486754289,12.898571638689004,1.075396886884063,0.00264324750752902,0.0015250333787367185,0.0030900581132713785,0.0008252020249592394,0.0009960452068765208,0.0009734161914701911,0.000020478714015562173,0.0000134896167194206,0.000015391437483928497
2025-06-14T21:17:37Z,40.02776738398898,-75.20121052498902,46.82331344042905,-176.8492983020842,106.24448866024613,-5.673620650079101,0.07236136833353157,-0.33940916295614443,-2.6845465783117106,-0.38539324501834926,0.06367397710710065,-0.13143054828651657,0.061350913518708694,-0.03300780259314706,0.007697940653315527,0.00003606993234365636,0.000036070239738826066,5.600950216081886,7.873298893964101,12.838693918938391,0.8757011271311123,0.0028423592683020893,0.001331361279090419,0.003010093793707884,0.0008235290080771783,0.0009970388112143995,0.0009734485699432855,0.000019744837887063073,0.000011540461323113702,0.000012615770410072304
2025-06-14T21:17:38Z,40.024496367041834,-75.19864296875123,45.6103266957216,-185.367351597175,109.424924463965,-6.4114453421207145,-0.0742743986820642,-0.2933884990543447,-2.7455270137434127,-0.40705199907097267,0.06440755898347561,-0.13681164165973314,0.06954806356043264,-0.02339979645716994,0.010576793327402356,0.00003707194669926356,0.000037072250808498536,5.2464032231350615,8.541868322617368,13.504886913243215,0.7929252345327923,0.003309840845011851,0.0009615700786217578,0.003047186738586938,0.0008226379031395299,0.0009979983009216497,0.000974235819146093,0.000019386494836978478,0.000010219645371899237,0.000011088433385149387
2025-06-14T21:17:39Z,40.0211308392697,-75.19595545564862,44.13948109559715,-195.99425663240254,113.96696445485577,-7.30179777846206,-0.27316098562732805,-0.23892311599684035,-2.868209661959554,-0.4274087747071462,0.06637561856223329,-0.14167869209086348,0.0774385836930378,-0.013801028059788223,0.013748161019691452,0.00003807396215784436,0.00003807426139333084,5.039017264224297,9.127504363014392,14.794410035089532,0.7862939901694302,0.003708471030704645,0.00076904793654022,0.0030900878643015843,0.0008212730197372287,0.0009988972576393423,0.0009751472867411305,0.000019168575203873776,9.40225194425166e-6,0.00001042789635206836
2025-06-14T21:17:40Z,40.017775684764,-75.19320940902543,42.5084155856166,-207.57099362835288,119.3049654099159,-8.227530148345977,-0.41048856025554414,-0.30943958982061304,-3.0785014673892874,-0.4453892719866417,0.07014626894942921,-0.1452323871835688,0.08459572241918067,-0.004422840614211054,0.017147014809552275,0.00003907597775142888,0.000039076272185067315,5.00376696557233,9.7494794224571,16.48528015104841,0.8529350606747853,0.004305532890005491,0.0007190292856513647,0.0028804973860675144,0.0008191636320719339,0.0009996692716409351,0.0009759493946060009,0.000018787629473173877,8.891404527410569e-6,0.000010233596761306102
2025-06-14T21:17:41Z,40.017962919033835,-75.19395451162725,43.96351876039989,-201.59166488517076,104.64598533557728,-7.485111317073461,-0.3382406433847791,-0.28971527613612125,-2.7617031973495614,-0.42098312421512674,0.0712550770776943,-0.1378487354486424,0.0756237069481358,-0.008323252876834886,0.012575202316099876,0.000040077993402466755,0.00004007828407255728,5.120342841473272,10.621931654262447,18.04926608403225,0.921132345732239,0.004838399626084764,0.0006258576391936659,0.0027872342791171074,0.0008166043366621712,0.0010002345742822893,0.0009764621628776666,0.000018148552593722326,8.618204927782811e-6,0.00001013671544865302
2025-06-14T21:17:42Z,40.01448331367897,-75.19119030063624,43.23972131032497,-214.67744251620024,113.19134230911732,-7.559002876194427,-0.3511912985104573,-0.36196875361747516,-2.8802957156149205,-0.4351522746037517,0.07700015834052465,-0.1404342558744247,0.07748246862684027,-0.0016273657352812165,0.01972036591939741,0.00004108000948981766,0.000041080297587137434,5.290680173553843,11.399993832561135,19.97233675370344,0.9641275342411589,0.005383724704942558,0.0005775518968847086,0.002655857686521966,0.0008137901030925434,0.0010005739092633266,0.0009766217742491474,0.00001701080632085878,8.474873345924038e-6,9.900875555568052e-6
2025-06-14T21:17:43Z,40.01473282381607,-75.19182589509523,44.67132411431521,-209.41974740475416,100.44398766523227,-6.799360778473783,-0.3656271039144485,-0.3295470030116121,-2.842639865761157,-0.41356406596969464,0.07901797066460858,-0.13046585379015596,0.06907772167141957,-0.005621202213632159,0.017300208110214044,0.00004208202661461849,0.000042082313317994286,5.3891104994103225,12.461787073042741,21.510698717878537,0.9272635920421873,0.005135971519959115,0.0008827487777602825,0.002683142136478724,0.0008112430118957817,0.001000790307143672,0.0009764497418023674,0.000015470300056380844,8.398636993834443e-6,9.366538520472283e-6
2025-06-14T21:17:44Z,40.0148483415165,-75.19251773356069,45.623506559757516,-203.81864038016647,87.72819587681442,-6.311124669591663,-0.29389661946152046,-0.3536141392924037,-2.5031029385136208,-0.3939137162778934,0.07981279433442978,-0.12202086930574296,0.06095062141139351,-0.01016084373219428,0.015297697826724743,0.00004308404701121577,0.000043084331365073086,5.306980312714304,13.872745973711703,22.554504909969108,0.8083683287365849,0.005660877601475553,0.0006625604666320594,0.002598526954441152,0.0008092940130370682,0.0010009920755629247,0.0009761860752075996,0.000013732959513967492,8.299513689373581e-6,8.6151808780713e-6
2025-06-14T21:17:45Z,40.01057665203859,-75.18923510395794,47.24977773451246,-221.03003949578851,102.2864885199815,-5.139277707901783,-0.30402973107447906,-0.30293102161704155,-2.8551104138605297,-0.4098739489891159,0.08427490513440716,-0.12744401592317445,0.05878110143521553,-0.007171376401032603,0.025955884918630545,0.000044086068491781756,0.00004408635113076499,5.031690989326229,14.969695590782377,23.851738746189646,0.6486092842139192,0.004881139465293967,0.0010654545140207636,0.002652322051749127,0.0008079344424838544,0.0010012951257935422,0.0009756237567612158,0.000012171158705582597,8.226864611916817e-6,7.735874213431129e-6
2025-06-14T21:17:46Z,40.010425530142825,-75.18972008282395,47.29639386967756,-217.56668796390295,91.12084774952382,-5.21693461513496,-0.24426477159977367,-0.23540219919141236,-2.7826363112108083,-0.3943724463424587,0.08428533965070528,-0.11932584342957853,0.0528135383060544,-0.010990492275539054,0.024002527078437197,0.000045088093742824774,0.00004508837275634589,4.649342881469437,16.53701942041797,24.91725863665587,0.5106441814974106,0.004419175861815211,0.001510352474931875,0.002662855226431626,0.0008070696822005566,0.0010016103958414874,0.0009749252186016427,0.000010918773568029572,8.129168302425754e-6,6.9678827510326044e-6
2025-06-14T21:17:47Z,40.01031806888897,-75.19035239267232,46.71841248567216,-214.04467248823494,79.79908843664452,-5.579149013006827,-0.3524594920290838,-0.2746533241643192,-2.9641753703617724,-0.37957864998315927,0.08418232840813289,-0.11083579819660372,0.047213945234489074,-0.014624178696067247,0.02210946491049981,0.000046090121754757813,0.000046090395763459914,4.252529496427087,18.67588705318938,25.73231923776326,0.41204515657820784,0.002897927788968179,0.003224214537055971,0.0026683786450822328,0.0008065224694725582,0.0010018774535862313,0.0009737065967310439,0.000010054978193967227,8.053745914382216e-6,6.3335443840059806e-6
2025-06-14T21:17:48Z,40.010317861907225,-75.19125235638998,45.05269385618158,-210.56476345472038,67.07634230004624,-6.601913540187525,-0.7014344594717841,-0.5303832431927731,3.067491586523829,-0.3644239724853833,0.08523896941278508,-0.10128926069410227,0.04253572533161787,-0.017639888111261826,0.019607149746889263,0.00004709215279114695,0.00004709242014382125,3.9046471251722443,21.434220291968497,26.538077765523663,0.3866507617274687,0.0013481315841927266,0.005060511303895987,0.0028828924528108714,0.0008061524157680897,0.001001988519039154,0.0009715122567524753,9.564099761374089e-6,8.013904452351646e-6,5.827797671769087e-6
2025-06-14T21:17:49Z,40.01023020482523,-75.19262595687422,41.56230211886577,-203.507340493612,49.573275974718854,-8.578620819316711,-0.7217778751219157,-0.20366346464379603,-2.8424300095357466,-0.34726483392660157,0.08953667398873222,-0.09211981781299983,0.03931133053265512,-0.0197760000468179,0.015446202466819159,0.000048094187398061116,0.000048094446381305824,3.742713606226111,24.957446162363155,26.770738037135157,0.43926146443523406,0.00213579060505938,0.004331572338337897,0.0024558668830867107,0.0008059169171345099,0.0010015215548008702,0.0009670799287159896,9.397533562266062e-6,7.965366936246794e-6,5.445400097558532e-6
2025-06-14T21:17:50Z,40.007155187501766,-75.18999798656269,42.13968117139302,-219.80078140553087,60.88257425581105,-7.620797120995121,-0.029299490645485093,0.0066115802405875,-2.57567570975516,-0.3589395666458586,0.09866817685997376,-0.08346780943975318,0.04106982858684205,-0.015337586941086556,0.02189198790233604,0.00004909621499809629,0.000049096472585701284,3.8106870611029113,28.79128977881572,28.60503929207562,0.5168533483769325,0.004798408381900895,0.001811740670284619,0.002442588968297953,0.000805596122275162,0.0009997513132813801,0.0009579288645392476,9.376116637723214e-6,7.789650731972836e-6,5.248106106939151e-6
2025-06-14T21:17:51Z,40.00851849830437,-75.19157225178488,39.81201404426247,-215.56344129890203,48.18734369985759,-9.463483222294599,0.29014269736399,0.004775558279618508,-2.12254956169636,-0.343754483252269,0.10664366170749418,-0.056632124684711016,0.038435138995282614,-0.015138533226775053,0.02009138062248894,0.00005009823415451295,0.00005009849969411697,4.025977456880258,33.18380740884085,30.358813215570486,0.5916609009024351,0.006465997793379982,0.0005448751109575218,0.002362861833197528,0.000805257951075042,0.0009963532795972503,0.000943128696768084,9.266572235307574e-6,7.345578154126139e-6,5.185319822393249e-6
2025-06-14T21:17:52Z,40.00503202920137,-75.18851782570586,41.820191343547776,-228.55563993379474,58.64252559025772,-7.721054729569005,0.15475447716107738,-0.18427290851832367,-2.3121603549807332,-0.3581207824681769,0.12110813753406546,-0.04594281908021003,0.04581936033673628,-0.006902163365992919,0.024418340860393073,0.00005110024293235068,0.00005110052679533386,4.167035752574472,37.51802560923183,33.158329227715114,0.5010147581114405,0.0070516564706323654,0.00039668415165743575,0.0021726252728363968,0.0008047519284125306,0.0009922975396911174,0.0009239090571715447,9.01091588206393e-6,6.659132399007976e-6,5.150235962000839e-6
2025-06-14T21:17:53Z,40.00706113045247,-75.19043570855712,41.591187273617834,-218.34530190564692,43.78454998950474,-7.104461108276155,0.049123979706337195,-0.17384812132149818,-2.2483727980725234,-0.34346835924952757,0.13231829096002912,-0.012528046579063812,0.04780960971311288,-0.0030856155389500373,0.020919480606039542,0.00005210224323931519,0.00005210255219719459,4.067430116821029,42.05909415176501,35.61520324790953,0.40168161278639636,0.007031064439208291,0.0004087848770032714,0.0021768042419544205,0.0008040591325358791,0.000989282909628664,0.0009037749514246808,8.676909331327311e-6,5.913345667689536e-6,5.069131934580904e-6
2025-06-14T21:17:54Z,40.0026920230253,-75.18711116859012,43.86020916327834,-231.7889552358538,53.92910112417303,-6.127879879582906,-0.17660347560286027,-0.1724290637021113,-2.4127586503018392,-0.35836764563646284,0.13772917067581147,-0.012538064957198003,0.05262175713414763,0.0019382547008035544,0.02554935716818818,0.000053104248984095425,0.00005310457903481581,3.7338923160794306,45.798034465528595,38.87292028458629,0.2778754834217084,0.007105825301408935,0.0003063295071708934,0.0021792862277596327,0.0008034242866879768,0.0009879882627029776,0.0008867781166036611,8.356955698364489e-6,5.2784118826460336e-6,4.9945848925754855e-6
2025-06-14T21:17:55Z,39.99915611238236,-75.18474165198643,44.736807802459225,-240.23301053978503,57.739972591167316,-5.810803443891928,-0.19021202849035035,-0.06950859147491428,-2.170372985638096,-0.3673691761759983,0.14085038115808857,-0.010744333500610992,0.05599515378526121,0.005481610255003488,0.028356957121786763,0.00005410626743636918,0.00005410660936941617,3.3361032523630905,49.56731672898863,43.317902652327,0.31344517745499323,0.0064029469937268374,0.0009189876673480839,0.00233221416545976,0.000802915679458285,0.0009880858327989117,0.0008740810173062902,8.18456404116175e-6,4.881232035054198e-6,4.942237302219082e-6
2025-06-14T21:17:56Z,39.99539725676099,-75.18240453500873,44.302859499817714,-248.35307043138891,59.280384100507945,-6.5962455972330645,-0.0730990427132383,0.16290879064490582,-1.8763538068160415,-0.375994157151581,0.1429840510336362,-0.011047138159028691,0.059348935288198845,0.008695553390737132,0.030680527776326016,0.000055108306830228476,0.00005510864781905856,3.288422005533208,53.79990629016362,49.01125547176138,0.6107960031237406,0.004151735853482299,0.003403132100036009,0.002860065128735046,0.0008025726100822434,0.0009889537445023687,0.0008659420957931212,8.122984188207378e-6,4.7401905576858615e-6,4.915947674998723e-6
2025-06-14T21:17:57Z,39.99158388885957,-75.18002192081696,41.81711833155714,-256.6657273899764,58.55814643483609,-9.05636443127878,-0.591503707186348,0.14918745020895585,-2.1787293208908523,-0.38477864066589973,0.14406806947590667,-0.010976550796272022,0.06284809938460967,0.011999366924783317,0.03296220145193729,0.000056110368809805005,0.00005611069679288062,4.176857583156006,57.73920110107293,53.88129151477201,1.4382558190746644,0.005087894684403124,0.0023060530565174905,0.00253136835302353,0.0008024321287525995,0.000989855881556145,0.0008624528459841467,7.789348414721793e-6,4.678188045341581e-6,4.773889195974515e-6
2025-06-14T21:17:58Z,39.98657150175994,-75.1770043754249,40.44460671697743,-272.85715551674366,67.03469178872183,-8.62501472554868,-0.8952790391776944,-0.35944212108370266,-2.9337262051849393,-0.3916228452253563,0.14094621603180713,-0.014913859263288032,0.061196969454158534,0.011623406477781373,0.03764172823662193,0.000057112421820288244,0.00005711274197707998,6.083103445253009,58.23774385975449,55.54343965049941,2.0334514540096067,0.007314570418596594,0.0002972799941133486,0.0023180692344120274,0.0008024673771591895,0.0009900479646313776,0.0008621734249090677,6.706944337818988e-6,4.41583944791227e-6,4.239252483962715e-6
2025-06-14T21:17:59Z,39.98041490539564,-75.17321559562087,46.07512172195129,-296.0397098697722,86.6647441717796,-3.909756234221277,-0.9152288496843539,-0.7101847598096356,2.531756563228555,-0.3966693166803452,0.13420130159101973,-0.025441525187261504,0.054166436046216404,0.006912120981553471,0.0440597700132912,0.00005811442269313831,0.00005811475685890761,7.043754948366567,52.00469730620325,50.16738062833885,1.6009269735505929,0.004035859329810102,0.00278340336581354,0.002917298621313753,0.0008024572551199834,0.0009896839035997693,0.0008610517041166989,4.8813188440859115e-6,3.7223579400349452e-6,3.298772468478341e-6
2025-06-14T21:18:00Z,39.97584644744997,-75.17053888142085,51.41886116587557,-310.1297084465623,97.10516348108649,-1.3751818075106712,-0.5640011729301477,-0.765711339408881,2.2361704589566216,-0.3995112303127826,0.1305422774021281,-0.03137379395548123,0.05012378970559439,0.004022663411547001,0.04730828573292456,0.000059116419654813356,0.00005911676308749124,6.510658641303273,45.53378288092786,43.12625587467537,1.083896137847479,0.0021637053169004483,0.002686321462730068,0.002672248710822932,0.0008023996067374967,0.000989763903391945,0.0008598042262906384,3.3239899887774403e-6,2.9970622237434696e-6,2.56845364253175e-6
2025-06-14T21:18:01Z,39.97130127964061,-75.16700267812699,55.79058628017083,-327.56797455996275,109.0807383027859,-0.010293903423619355,-0.21603725381464756,-0.5865626892336877,2.3855136547936127,-0.40896487472127774,0.12586206854030024,-0.03910459118833387,0.04825575370705337,0.0022877965615180074,0.05080508480841672,0.00006011842697712544,0.00006011877569236518,5.684505378674472,41.404281668787426,38.830019509167286,0.7398353247253692,0.0021214305704628047,0.0014047348327401803,0.0023488484839660297,0.0008023241756127977,0.0009903667639813275,0.0008588892194579278,2.4073031851241833e-6,2.514577832447145e-6,2.1679074721809097e-6
2025-06-14T21:18:02Z,40.073556751029024,-75.24012419584827,57.56562337372452,-85.7316679758951,-30.75310162990354,-3.1311955516575836,-0.47939631013832695,-0.5570955843904812,-1.8834887951015844,0.025507234535098178,0.1834879787566024,0.4885911243072769,0.040827488822287705,0.016810065492222748,0.019398060949811224,1.0033211317409676e-6,1.0033212208109592e-6,0.8286357628896671,7.575527118332077,6.497939954710402,0.20630494461344623,0.0012554746836007703,0.0002768955549951,0.0008004124755481737,0.0007112542225172418,0.0009869366540979862,0.0007370317007641904,1.453017831831855e-6,1.7448168608153484e-6,1.2669928923003799e-6
2025-06-14T21:18:03Z,40.07277106854079,-75.24047770774672,53.30757168959826,-83.23008842626587,-32.369425925659016,-4.760433883580845,-0.17934156818773772,-0.2944681713670434,-1.2731847891773214,0.026028190496845127,0.18347909890326264,0.4889569660044799,0.04126352537696221,0.017068019181579075,0.020266438508542706,2.0053216954380233e-6,2.005322028781907e-6,1.5659977348119394,7.970804404822237,6.465390394127796,0.3017877071315058,0.0011168002278200166,0.00018222116513686703,0.0010046304265614648,0.0007121042872612297,0.0009879385771149542,0.0007380319676761867,1.4242531614738259e-6,1.7353237238994748e-6,1.2672893561801314e-6
2025-06-14T21:18:04Z,40.07200855904513,-75.24084647709718,48.255096446024254,-79.48450392857194,-34.52065977291204,-6.564794660371263,-0.48106312270101625,-0.36083701545248914,-1.6905643168865936,0.02524026781588873,0.18442998025966517,0.48852696307221777,0.04125565429239941,0.017035827956874527,0.020886131503402794,3.0073226543147145e-6,3.007323341744015e-6,2.528588413555997,8.406201777986016,6.3974408409280255,0.3993281840181835,0.0011060173752999779,0.00020448029121497896,0.0009351431704285767,0.0007126325719442275,0.000988904123582002,0.0007389889925543271,1.335613263433646e-6,1.6831805399231876e-6,1.2665018135039e-6
2025-06-14T21:18:05Z,40.071223599638145,-75.24118686889595,44.69436250766739,-78.0375902610831,-35.03446812718175,-6.537672932579881,-0.33969852222435293,-0.768625331515068,-2.196978724139626,0.022868545002665996,0.1858462155178131,0.486889586365578,0.04045028338350676,0.016270638783566937,0.02179901172337395,4.009323996837239e-6,4.0093251066165715e-6,3.330014653739789,8.834976857054414,6.292205148055749,0.4024998022425569,0.0010379015263274308,0.000556838829721488,0.0008972995534973177,0.0007130577207571663,0.0009898383698617541,0.0007396702235121256,1.206035978057679e-6,1.589540548195639e-6,1.2638772445065286e-6
2025-06-14T21:18:06Z,40.07042915325515,-75.24151812306553,43.3280030277092,-76.55645637912676,-36.198991605313495,-7.251485221262556,-0.11865022387701174,-0.8488197232290986,-2.534900424798252,0.02022196424786671,0.18688234468754672,0.48375402170131565,0.03893565752832728,0.014842141650092344,0.02225611838491659,5.011325669874818e-6,5.011327279632567e-6,3.701578535511298,9.158078642031981,6.149531965412415,0.3698490795582454,0.0006118475497612028,0.0007546736512051912,0.0010726135576103039,0.0007136305539856679,0.00099072624138137,0.0007398511859526987,1.0792753085348083e-6,1.4817869433384935e-6,1.2596299428575058e-6
2025-06-14T21:18:07Z,40.06961333647589,-75.24184894659636,42.590514444280416,-74.17666449630633,-36.423449414782226,-7.239494326291606,-0.470684165298735,-0.8055547517687955,-1.8202332614309853,0.01775668902723737,0.1880545667372644,0.4797078680785489,0.03745476849144325,0.013387264130017229,0.022559520377171793,6.013327615464964e-6,6.013329859552063e-6,3.7774553133450923,9.427028130399773,6.057960766201529,0.3522675069517406,0.0012949538759217147,0.00032977622267571776,0.0010408102383957737,0.0007143453238097255,0.0009915726271586378,0.0007395208880101144,9.816744541242626e-7,1.3868603760291314e-6,1.252900458947676e-6
2025-06-14T21:18:08Z,40.068715287287276,-75.24215913740304,42.46576571557671,-72.84520577266812,-37.82952929404564,-7.1274183988862205,-0.32840484574990114,-0.23734759569379094,-1.4616001311587752,0.01639150403025269,0.18881234005311853,0.47474904270711704,0.036094866538860515,0.011794591498187401,0.023198900533884625,7.015329740698679e-6,7.015332859626127e-6,3.7418473741584664,9.71989521708287,6.053391159162031,0.33925591752723305,0.0007113586046799521,0.00020790920614794162,0.0009745441086706822,0.0007151217128316984,0.0009925162583964175,0.0007394899349061875,9.141689822024698e-7,1.309370093403925e-6,1.2513222119459177e-6
2025-06-14T21:18:09Z,40.067664409072485,-75.24246635500968,41.830456036375836,-74.83048617746681,-39.83736717351712,-7.006158732372569,-0.14634984249551053,-0.15667005674731627,-1.4888368613319471,0.014005672133748703,0.19118545040146273,0.4686760415461322,0.03530129192631648,0.010580052913212512,0.02447993671785298,8.017331985374119e-6,8.017336320121922e-6,3.61175365269073,10.073228748898279,6.136950570375931,0.27729540428909194,0.0006028228131513025,0.0002315865685443806,0.0010258575088834257,0.0007160016999531084,0.000993470110856669,0.0007395154152926871,8.670527833223143e-7,1.2487079736479641e-6,1.2500053145235315e-6
2025-06-14T21:18:10Z,40.06654481583627,-75.2428119403202,41.71352253505029,-76.71285321842879,-41.343177875038236,-6.4242787679540925,-0.3588213437451486,-0.2163409109098211,-1.6928175593493506,0.012174310523391796,0.19301677816656593,0.4630553728347877,0.034555159859337437,0.009443513020755745,0.025543314628407643,9.019334231010836e-6,9.019340267309178e-6,3.3963200713461825,10.378187772309337,6.302643337059423,0.22635782097866358,0.00048437199326643827,0.0003236583713375425,0.0010327621097918828,0.0007169593725032842,0.0009944361762540747,0.0007396390981140637,8.356836751598857e-7,1.2018421757395877e-6,1.2476285975617156e-6
2025-06-14T21:18:11Z,40.06535082569,-75.24319566988602,41.69357452308759,-77.77848989563063,-43.77916890848428,-6.601195429830113,-0.309405702559161,-0.3589405552120297,-1.7586236848728731,0.011577383236613059,0.19424586588866077,0.457780486332922,0.033869871783736016,0.008382786119625507,0.026514222740843252,0.000010021336350484395,0.000010021344726407624,3.18696338717118,10.72138239281553,6.522579381429826,0.2002507266940424,0.00045974891844886005,0.00037590131768896237,0.0010429098621792788,0.0007179514818993579,0.0009954156313540152,0.0007398203524813059,8.163354067329725e-7,1.1687530296779481e-6,1.2443749886275896e-6
2025-06-14T21:18:12Z,40.06406909049969,-75.24361991993263,41.45002563926391,-79.18636076385155,-46.08235269365832,-6.6078664404922165,-0.34795665077035665,-0.2508181693829101,-1.671400490864471,0.012461384706739409,0.1950676708966057,0.45272763325920096,0.033234527643344336,0.007375126140402699,0.02748857352730738,0.000011023338195612834,0.000011023349725181678,3.0155276273527827,11.052949152832236,6.8130453355802425,0.1803325105106374,0.00044745451848791283,0.0003677606328996813,0.0010786843825767148,0.0007189027624910002,0.0009964041842167684,0.0007400389616497962,8.04883915470642e-7,1.1465608391019426e-6,1.240437136591189e-6
2025-06-14T21:18:13Z,40.06265126845925,-75.2440832447144,41.16137939877808,-81.66786198318005,-48.55746411415748,-6.2696254580514506,-0.3137501692363003,-0.07228279401124382,-1.6042723446662421,0.01404200566992131,0.19615685826465779,0.44742667197351693,0.03270756892425197,0.0064857534226518965,0.028578276212556375,0.00001202533955775471,0.000012025355308275527,2.862316720742521,11.424706157079694,7.177010597167476,0.15793876311601263,0.00043871173098368466,0.0003666194351846177,0.0011399559473001023,0.0007197333300241437,0.0009973841650578763,0.0007403143765066327,7.977991986634599e-7,1.132769388824491e-6,1.2357855997556113e-6
2025-06-14T21:18:14Z,40.06107850588701,-75.24459090694548,40.861483165761456,-84.58150764880702,-51.575361085357144,-6.277782686636783,-0.28427554694098944,-0.1306753781527732,-1.820277482685924,0.01608534900901759,0.19757374414439255,0.44197688358690357,0.03227130903087527,0.005751070362293831,0.029746474815624424,0.000013027340193948704,0.000013027361523768678,2.717070304726673,11.87327786353088,7.5906896368708985,0.1400183276811794,0.00035624533599430864,0.0004783166319551652,0.001158351624717888,0.0007203812990125944,0.0009983561860391298,0.0007406359178494613,7.934563560314386e-7,1.1258322049808553e-6,1.229910543295814e-6
2025-06-14T21:18:15Z,40.059370319306474,-75.24514623959475,40.82213243748993,-88.12939303321764,-54.3196552216541,-5.751790998678189,-0.20339713576959184,-0.17926989295847306,-1.8871436707049725,0.019400329803147542,0.19901083650438522,0.4368522529803158,0.031825415553157654,0.005105530693469973,0.030898542628392534,0.000014029339873516083,0.000014029368423370258,2.5803905335979285,12.362832298545431,8.079272290013703,0.12356693267143376,0.0003421921720189296,0.0005341241609670654,0.0011823468189172631,0.0007208190547832456,0.0009993303666267566,0.0007410144098810544,7.91535167834871e-7,1.1250708825779472e-6,1.2230466979888515e-6
2025-06-14T21:18:16Z,40.057548575203086,-75.2457465212587,41.17333370121196,-91.13406072324142,-57.10486366599798,-5.132256364973728,-0.31217353451756935,-0.1606147588672684,-2.023025077811326,0.02375979470184575,0.20044143705672468,0.4321837462885014,0.03138112231999912,0.004596953671580195,0.03199076463874917,0.000015031338279656877,0.000015031376066021091,2.4621189110009007,12.942603003314133,8.649319492180645,0.1158834061366607,0.0003027361099293105,0.0006165277415928074,0.0012188015226833376,0.0007210298545134067,0.001000302845016537,0.000741454691681623,7.914621887627594e-7,1.1297468747617994e-6,1.2150914404157122e-6
2025-06-14T21:18:17Z,40.05556141454014,-75.24638372988349,41.352147724013776,-94.50453517818823,-60.21736615151167,-5.583678830706049,-0.3207611617526709,-0.18271751422707894,-2.134875569085125,0.028580925216374453,0.20206925299316936,0.427859679901303,0.030994091396223666,0.00426178653435727,0.033211779816156195,0.0000160333350639733,0.000016033384507506086,2.37294070603699,13.61145481206333,9.213340442616294,0.11387473509897938,0.00028761131160086675,0.0006889765645553138,0.0012490629393840237,0.0007210277649700872,0.0010012709929159219,0.0007419540553931151,7.92653816856191e-7,1.138524886641652e-6,1.2057513882734225e-6
2025-06-14T21:18:18Z,40.05343141104283,-75.24705479596943,41.21199782565236,-97.15228925598785,-63.12943156994879,-5.478298958070809,-0.49761391745414585,-0.2813156251122564,-2.3561091004958143,0.033860876858398115,0.20377478856426023,0.4241591990175948,0.030625027211726774,0.004095216739528951,0.03448211188288042,0.000017035329977095722,0.000017035393805944294,2.320091834487491,14.432310139784539,9.8750392207794,0.1172962667472972,0.0002705919354798141,0.0007765562435636845,0.0012875376409767917,0.0007208556276042034,0.0010022346190195007,0.0007425493785703699,7.947169075628505e-7,1.1498226805531406e-6,1.1950177861743456e-6
2025-06-14T21:18:19Z,40.051189376017994,-75.24774117703706,41.16248332732357,-99.39058951940387,-64.99244364025071,-5.432461598626105,-0.37933280467586883,-0.21969973195336934,-2.3155994998960523,0.039550311779294134,0.20543979927970213,0.42185375376357115,0.030226628336322392,0.004113219136911539,0.03575479094388356,0.000018037322972017017,0.000018037404026598056,2.2967074044109697,15.297393812415951,10.568763901920944,0.11628065053391523,0.00028563697690687004,0.0008194937924458902,0.001298314869788242,0.0007205809261166823,0.0010031910257682101,0.0007432757806888683,7.972508761351162e-7,1.1618023816976842e-6,1.1824969335560366e-6
2025-06-14T21:18:20Z,40.04885505360652,-75.24844581960592,41.203115140786394,-101.33010580204427,-66.89606860792264,-5.174898063938599,-0.4254638320016966,-0.11447316011208386,-2.302759028127184,0.0453615880273901,0.20770229078334523,0.4198496942226484,0.029818285103829112,0.004255099035276544,0.03691694416170321,0.000019039314045907882,0.000019039415240869482,2.2878721968926645,16.378258571441616,11.30408033141107,0.11727197667069267,0.0002996609466299906,0.0008635538274235948,0.0013233956753512328,0.0007202731886813774,0.0010040962151875435,0.0007441352932696762,7.994733361884702e-7,1.1728875292102937e-6,1.1695827574993029e-6
2025-06-14T21:18:21Z,40.04635771900049,-75.24916705990134,41.39653330924921,-103.40242104139179,-68.85044180043042,-5.044321660330752,-0.4276947099624522,-0.18738435982777446,-2.3953354662953643,0.05086282810225384,0.2109672135411529,0.41801807041701977,0.029450722844330812,0.004494823193709863,0.03820245388328658,0.0000200413033780452,0.000020041427519678387,2.2912339256126613,17.648116513340753,12.042588284522378,0.11997173896245872,0.0003049046574353238,0.0009347325400780536,0.0013417017300413837,0.0007199810221621155,0.0010049029795889998,0.0007450718342816316,8.009621195215152e-7,1.1824604391694988e-6,1.1563722400897374e-6
2025-06-14T21:18:22Z,40.04382891816652,-75.2498959378857,41.68402454536408,-104.94186762906611,-70.1104329531081,-4.878376751526957,-0.42942484181730833,-0.21191913157872477,-2.516235822797171,0.05620307903745925,0.21476491202884063,0.41738551318485406,0.029047751604366567,0.00480551017938069,0.0394328049426349,0.000021043291594514056,0.000021043440924714615,2.298041854256227,19.037600867596197,12.788190483885824,0.11817570018296364,0.0003012608802694585,0.0010107683280387602,0.0013675583181755994,0.0007197440458033211,0.001005584648358135,0.0007460629834845211,8.019367306079042e-7,1.1902794913293735e-6,1.1428699560891629e-6
2025-06-14T21:18:23Z,40.04127995401714,-75.25062804837047,42.12788744783029,-106.10814488586038,-71.13720585172996,-4.582532056228956,-0.42067363138085057,-0.2321223695653316,-2.6393035348301055,0.06121642482276002,0.2191653850950388,0.41765619855868863,0.028623113543289946,0.005165493321129588,0.04060333701909258,0.000022045279168707408,0.000022045455524300887,2.2985812447205545,20.644589622180916,13.53831345642756,0.11587100191528543,0.0003018815919392361,0.0010823492925295514,0.0013943212821430993,0.0007195920281506065,0.0010060948648972874,0.0007470636330889454,8.020613160902744e-7,1.1967598312888575e-6,1.129366356399117e-6
2025-06-14T21:18:24Z,40.038745424603796,-75.2513714776093,42.62291340646334,-106.97125801257789,-72.33242795895785,-4.43400168325752,-0.5126633210202272,-0.41817938183885417,-2.841490755599807,0.06574165989604808,0.22410190333357605,0.41859294186360785,0.02818481017106933,0.005527619514907656,0.04169081625900617,0.0000230472664952961,0.00002304747140145582,2.295882172272497,22.483210929418135,14.271421169599659,0.1159376125387549,0.00035466713608192884,0.0011366763966883288,0.001457111918737267,0.0007195529759089949,0.0010063873521462864,0.0007480448416683537,8.011500430653434e-7,1.2029538979359315e-6,1.1162828654191407e-6
2025-06-14T21:18:25Z,40.03630015726686,-75.25211425192701,43.11358314589597,-107.02770924801007,-73.00641633337364,-4.315253761684289,-0.2074477946953266,-0.7119216989704,3.1363688043347793,0.06958549784667412,0.2291000315162819,0.4212186832264706,0.027697539013615824,0.005887905168066254,0.04269532648436325,0.000024049254259245602,0.000024049488647395343,2.2894130124581573,24.49934069247088,15.008250445205093,0.11560013017930604,0.0006777531835365346,0.001098066600657502,0.0017857251553968882,0.0007196646617544041,0.0010064345510455346,0.0007488988601952456,7.992875822736002e-7,1.2098665088460933e-6,1.1028574524202953e-6
2025-06-14T21:18:26Z,40.03403028955466,-75.25284411708716,43.44671875354834,-106.38224604958668,-73.56060203071684,-4.407418019225588,0.20847603560650896,-0.9471656763053034,2.4202969110920094,0.07263577611593064,0.2338701769385807,0.42530145037017064,0.027131424307526686,0.006265822388741071,0.04339330237098693,0.000025051242697077575,0.000025051507290418305,2.2816642388487827,26.790665962731687,15.70143475737271,0.11845624243967989,0.0028081317866312035,0.0005628945066634655,0.0037996839185772927,0.000719944672568766,0.0010061695840301373,0.0007489737183254687,7.959522599533965e-7,1.2173601627754e-6,1.085621052232425e-6
2025-06-14T21:18:27Z,40.031756670741245,-75.25367776910618,43.75692512956448,-105.59540705755353,-73.47925057215616,-3.9611734147765674,0.5494771261801361,-0.8923674347788619,1.5987882307963446,0.0757022432217127,0.2396261573794618,0.42683571775705786,0.026469767493153995,0.00636823521759311,0.04349501768820119,0.000026053230882362612,0.000026053526585276526,2.272028777297345,29.15825802738182,16.392091420372843,0.11751108206600513,0.0030283608180857063,0.0003356599134842504,0.0038337963246253917,0.0007201299233491855,0.0010055936497429154,0.0007476588668627982,7.88608727612862e-7,1.2043046763501055e-6,1.0547383609580881e-6
2025-06-14T21:18:28Z,40.029761518248385,-75.25482791935143,44.62576541444287,-107.82521260576323,-76.46997438976541,-3.7584808034880552,0.7669620873493841,-0.8168633738569042,1.1640878654507105,0.08083998576603335,0.2449656104308815,0.4281508612111793,0.025291997927070042,0.0054443099928107586,0.042489125819884066,0.000027055217080010737,0.00002705554784458258,2.2657894537393735,31.538180441615346,17.34749152874139,0.12079670618367422,0.0015405801722142712,0.0007632869646900497,0.0025620373093837704,0.0007206647575991225,0.0010055694072649433,0.000748269357539878,7.744769834947137e-7,1.19280954183688e-6,1.0324916359848993e-6
2025-06-14T21:18:29Z,40.02846667192133,-75.25588215929994,45.9451890939381,-109.2797090569511,-76.34487091377378,-3.1330732982314657,0.9021672873532225,-0.40181949274301587,1.801300323837495,0.08380708315326046,0.24515525094466284,0.4374888681450102,0.023904123800093657,0.004559238187169967,0.04121005261913524,0.000028057197613368285,0.00002805757142123478,2.254398118909342,33.64480694826076,18.624744804319825,0.1149563879002723,0.0012788396456700772,0.00034475476536262404,0.0017047169673957796,0.0007214857109651877,0.0010059838298156995,0.0007482806725704757,7.595882949696817e-7,1.1969799626956892e-6,1.0216607983662373e-6
2025-06-14T21:18:30Z,40.02694953595382,-75.25690152584669,47.06369162420742,-110.5813183891587,-76.92031573923305,-2.5645729116076836,0.4445424443401862,-0.5950570395361865,2.439347553809057,0.0845781247380728,0.2447801864163921,0.44240002731385175,0.022832875919903017,0.004029852181673732,0.039815070094846305,0.00002905917544971103,0.000029059596925560323,2.2140703562887927,35.81963268367804,19.97469405774313,0.09267458393795203,0.0016799350935505402,0.0002798454713016493,0.002105737394748361,0.0007221275357183332,0.001006917987410784,0.0007485139506190174,7.495083107309701e-7,1.2058428200236882e-6,1.0136773978521772e-6
2025-06-14T21:18:31Z,40.024805067704996,-75.25807950752865,48.17766205826774,-113.9753443095833,-74.89391722623259,-2.073097224216326,0.3325312492215744,-0.5175388148018101,1.6219703741953708,0.08378280218130385,0.2441898239776492,0.4431103222486854,0.022109756271447623,0.003415292492306321,0.03899055381884864,0.000030061147560031213,0.000030061624220675484,2.1205157837200628,37.3023161621386,21.572351249915663,0.07687189700758068,0.001082164817827855,0.0006242301598242857,0.0017277659377198736,0.0007222420252132938,0.0010077865132029776,0.0007485648356352397,7.420091864714535e-7,1.2094921247886235e-6,1.0019246614580126e-6
2025-06-14T21:18:32Z,40.02316230694957,-75.25915476998568,48.72452770778909,-119.1790075856261,-75.669439134188,-2.8681232825183542,0.008208470906254206,-0.07672284598993429,1.2843019490974257,0.08270347132292954,0.240282766522796,0.4470500065617671,0.021372662419707922,0.002853276725716114,0.0380370242655772,0.000031063103759859913,0.000031063653523532156,1.9725734192466344,38.7556201398111,23.007361349154532,0.0499518197799369,0.0004171890865148943,0.000972418908206914,0.0013561760962798185,0.0007219164721208667,0.001008038822311363,0.0007491037970130117,7.373748915970923e-7,1.214201356614256e-6,9.96321541457696e-7
2025-06-14T21:18:33Z,40.02194239030734,-75.25994422921335,48.347018097294495,-120.0738369342871,-79.04271436110139,-2.925799081029254,-0.8417570593155688,0.13257224612880236,1.2868661540705943,0.08059436141593324,0.2341014787216409,0.4521962484177493,0.02054260851809886,0.0028446570907760815,0.03643997368726559,0.00003206503619814685,0.00003206568426776621,1.7873710118289727,40.809330495832796,24.753195912819972,0.06571051268713568,0.00034720820954436146,0.0010082467887552477,0.001357132189840081,0.000721232844021084,0.00100757420118745,0.0007499707947455803,7.378689090776927e-7,1.2205658503421378e-6,9.942122924461941e-7
2025-06-14T21:18:34Z,40.02067084474709,-75.26058514516677,47.183520454214886,-114.11171168042347,-84.84732145024464,-3.921875005980837,-0.33984115376551927,-0.6627821513393428,1.6681765904650092,0.07730434827863064,0.2269817820069875,0.4555087466687837,0.019658370266370184,0.0033090257707044657,0.03432292169327411,0.00003306694422299943,0.00003306771781797633,1.7186953566276992,43.34198864008048,26.760694008950537,0.20073565295381346,0.0008393068619190034,0.0008127044525456097,0.0016768643181513327,0.0007200331218304592,0.0010064941865849193,0.000750811921717437,7.421149620687412e-7,1.2303831413027747e-6,9.921985244237815e-7
2025-06-14T21:18:35Z,40.01824260223195,-75.26167797668462,44.02202915912494,-118.83625417714939,-86.3203908004798,-7.336514432681724,-0.39255129828598,0.0017453026084979228,2.2344702507107286,0.0731827850713671,0.21978764861341915,0.4573556411814934,0.019137653805273658,0.003231447512689556,0.03367329362959026,0.00003406883962388858,0.000034069755943859886,1.9606914617700877,44.807628373392944,28.00307072241161,0.30892092789448933,0.0009382018402596583,0.0003775484268383595,0.0013424784008586367,0.0007177164311971083,0.0010047645203154765,0.0007515843148382116,7.475834277506161e-7,1.2378767197391849e-6,9.869131941659905e-7
2025-06-14T21:18:36Z,40.015876125946235,-75.26191497932962,41.530902112135664,-108.78534078598022,-78.30372709408402,-5.416745208698558,-0.39658029158817953,0.27916697824548464,2.5904520089097787,0.06430638994424953,0.20928850195741688,0.46199704866012326,0.018329514657352775,0.004452279644169721,0.03227986269871508,0.00003507074543824613,0.000035071796222122736,2.3370103881135806,45.12071689434241,29.966169498084643,0.22979561334657272,0.0011003705305291942,0.0002562867829332757,0.001406963732360785,0.000714219917869283,0.0010029375643034965,0.0007525003160371815,7.551576079902437e-7,1.221822951102076e-6,9.803050609135957e-7
2025-06-14T21:18:37Z,40.01231410913134,-75.26194998946858,41.836719719460234,-101.0343792270869,-68.75063747446984,-4.8197779972688295,-0.11786392470912688,0.40891914936946705,2.894442055054242,0.05255484658073328,0.20130977525695926,0.4632289974942978,0.01799138089427288,0.0059985564071496356,0.0323627722357287,0.00003607266283059499,0.000036073835743369724,2.538309597861777,43.63661336547511,30.44181006673038,0.19851219159374967,0.0010782702749923575,0.00027720565008191293,0.0014721036260229119,0.0007106732451331105,0.0010022194058351389,0.0007532074379622413,7.645290760679468e-7,1.1724277386627802e-6,9.730009395221276e-7
2025-06-14T21:18:38Z,40.00958261021911,-75.2615705942214,43.02255413797684,-90.37327239755541,-58.391617480665445,-4.209153607982444,0.3054105264673126,-0.14892525873801787,-2.6742192310048267,0.043233578688614216,0.1961356568699557,0.4634974709661037,0.01769554841371246,0.007772627098574958,0.03217650013198181,0.00003707458603085951,0.00003707587564357938,2.5970514978330357,41.202243585947436,30.573210124608853,0.1775240726454156,0.0005398877142992701,0.0005790685102553073,0.0013741418781154572,0.0007085462586419609,0.001002712528189003,0.0007530144622203608,7.74983121225683e-7,1.1117415660023737e-6,9.669697572893241e-7
2025-06-14T21:18:39Z,40.006082416954875,-75.26162183356351,43.735671726288274,-85.11767257237807,-51.74581331969239,-4.504070653259987,0.010548930275263046,-0.16787838274194655,2.9696590999810724,0.03720172303974323,0.19566425228731532,0.45512460782265407,0.017711379610773292,0.00904782189047637,0.032398369181919406,0.00003807652112896326,0.00003807792013646619,2.6183007039064266,38.970216630877495,30.782695681463125,0.18892937504942298,0.0007459819046189527,0.00030987829829126146,0.0013517679375020322,0.0007079898187074675,0.001003699815227518,0.0007511154191289856,7.861132998050298e-7,1.0577655289694431e-6,9.604104738629645e-7
2025-06-14T21:18:40Z,40.002340413983184,-75.26180667930986,44.182709720451385,-82.29078036174178,-43.10530138830654,-4.6574798817164265,-0.0969208178671579,-0.0703987771098582,2.2121886004169937,0.03337117648425192,0.19784817702566215,0.44290267172982567,0.017989824041023894,0.010079738881017875,0.0332146161658784,0.00003907845648955833,0.000039079968821866756,2.624186994730177,36.44081044263048,31.469013954395496,0.19104377814368173,0.0005671037905078441,0.00040416445256196223,0.0013131194929573954,0.0007084311155540595,0.0010045747927126612,0.0007451864317498286,7.964885623790215e-7,1.0114988052183674e-6,9.568730723824685e-7
2025-06-14T21:18:41Z,39.99874036838921,-75.26204937447396,44.66182350600138,-76.48636925080791,-36.50681683793664,-3.897316151720588,-0.1819993653371057,-0.5306435268648784,1.3846764384798007,0.03185165450304339,0.20105353734834353,0.42644786189703154,0.018219185134739746,0.011059231172225736,0.03338511999527327,0.000040080381110390034,0.0000400820224737187,2.600944040169138,34.271103860415366,33.013843600372276,0.18877561713374624,0.00040478191759123834,0.0006094244967971456,0.0013295840466846882,0.0007093205657789991,0.0010050704337480388,0.0007330827593523421,8.053071351313185e-7,9.75087231503038e-7,9.560393206646057e-7
2025-06-14T21:18:42Z,39.99574584028443,-75.26221101700382,44.86363127757795,-69.57534255972132,-31.15712699049618,-4.266599768772721,-0.3552518834876537,-0.600434661097097,1.3630511275405297,0.03264512686428134,0.20318117905662803,0.40963624717187486,0.018220423178945566,0.0119653243386324,0.03254057910771735,0.00004108227729519773,0.00004108408068197261,2.588548449223979,32.45197804103153,34.90777217715678,0.2072283651529746,0.00040979292927540703,0.0005849225928608898,0.0013599047977809898,0.00071031066732974,0.0010048179371020382,0.0007121136959070551,8.118284918726379e-7,9.521629405419425e-7,9.577005613634072e-7
2025-06-14T21:18:43Z,39.99283672310325,-75.26249845190803,45.505370911443606,-62.68427132675424,-31.7895535484422,-2.252248507749755,-0.10312696311984837,0.25052805576888204,0.9749233619004372,0.03467288174533678,0.20532385067235737,0.39135488449028344,0.018131780746898585,0.012738735805555734,0.03115338497354969,0.00004208412608061339,0.000042086140385747416,2.6251868398916582,31.979359951280042,37.5040854460878,0.19156314904764205,0.000359502294959453,0.000507511365685546,0.0013711751704318864,0.000711282522350748,0.0010035349248908134,0.0006809066272427743,8.161246838726187e-7,9.422047097410897e-7,9.589350312342922e-7
2025-06-14T21:18:44Z,39.98962739484554,-75.26341613976646,47.16783352685161,-59.01778401853517,-38.47858493635431,-2.9351936996536097,-0.16892444493078074,0.021131148441895675,1.1277926589464187,0.035906636074287235,0.2113123386825464,0.36735268341362826,0.01816382975448505,0.013483509588979814,0.02979793283759591,0.000043085936582275803,0.00004308819822740128,2.6606382021951425,32.06029674377411,39.215777831294574,0.16601713857904699,0.00030172661149506193,0.0005175324671529173,0.001327733495026868,0.0007122356689465089,0.0010014019597358317,0.000642013773939357,8.191978007065228e-7,9.414597927914563e-7,9.569849298136848e-7
2025-06-14T21:18:45Z,39.98662332369417,-75.26446438620732,47.893032748717815,-57.07946468540467,-44.0322613355238,-2.9257046599814203,-0.053272796342298534,0.16974241595926287,1.3417296146435547,0.037323026390367886,0.2168595248094789,0.34722499573763344,0.018305011585425746,0.013902855573007855,0.029088813985595152,0.000044087766509108206,0.00004409025544611467,2.6373553501691287,32.30606060918261,40.90468772736344,0.1425764024866516,0.00025792323274148897,0.0005509045947364979,0.0013656206190625529,0.0007131209869717212,0.0009989104957732785,0.0006036721736454358,8.226426507436064e-7,9.461941798359442e-7,9.550913113791945e-7
2025-06-14T21:18:46Z,39.98472292235857,-75.26543116063097,48.16320583852939,-53.16581299039535,-51.666178445797414,-3.439690049213823,-0.08265729553295387,0.1850646001585119,1.5381836613523774,0.03915717601239521,0.221380619732372,0.3314563899730274,0.018264781337393288,0.014372687391016825,0.027961432582856105,0.000045089665446035,0.000045092317826019125,2.550577312892451,32.78925102506053,42.46205310318571,0.1284925667303803,0.00023773467212571167,0.0005635916722194693,0.0013774648505755376,0.0007138905679390746,0.0009966538518473634,0.0005731198146652571,8.281479656708108e-7,9.531260871830063e-7,9.52641815428247e-7
2025-06-14T21:18:47Z,39.98393681986206,-75.26621391056513,47.70155608654022,-49.22516696900129,-56.02577965753153,-3.9784341884951573,-0.2503664183750516,0.4211709511655499,2.3119792874058476,0.041435161296249134,0.22467309985404427,0.3206037300587923,0.018071142508688354,0.014890207092207675,0.02655783952445745,0.00004609164230195116,0.00004609438926700653,2.465470469291031,32.7249185665639,44.30438864502644,0.12559612115760022,0.00040690883934887603,0.00045775953215586036,0.0014451116312377155,0.0007144782280323594,0.0009949826867164725,0.0005527402335474051,8.360402178533851e-7,9.60993103572058e-7,9.50522930140751e-7
2025-06-14T21:18:48Z,39.98053270281345,-75.26769358241978,46.39641644852236,-53.219083667499945,-61.175068515352905,-4.655804542126134,0.003633439231961688,0.4712010466337233,1.721287933527492,0.04414518983821836,0.2308879832871753,0.3035201997627155,0.018483322022120774,0.01477713844695927,0.02725321723301022,0.00004709366863691667,0.00004709646895369774,2.414995759076946,32.84651481723557,46.42180211181845,0.1366631896210701,0.0002917772636354051,0.0005738797886013415,0.0014634828237717408,0.0007147868601688254,0.0009938581995686932,0.0005405419574312922,8.452104849973197e-7,9.686712768654406e-7,9.497929110692357e-7
2025-06-14T21:18:49Z,39.98042420519178,-75.26831342959082,45.0101973770652,-46.84763177135028,-67.37210804736242,-5.361629139224533,0.314026779438791,-0.03522076201647906,1.4135521189236897,0.04769940857886468,0.23448861284668965,0.2975867183886294,0.018289816483729737,0.01517630079592891,0.026476086670641052,0.000048095736797060124,0.000048098557294109216,2.403054632537932,33.10019682877536,48.5237662969471,0.16602385211903437,0.0002647088359164027,0.0005497386837606141,0.0013119899218881263,0.0007146812567015546,0.0009932170037345578,0.0005348411250981782,8.555578110728484e-7,9.767673642264258e-7,9.48566997499975e-7
2025-06-14T21:18:50Z,39.980923329894836,-75.26862354660945,43.655356634641066,-38.798026031348854,-66.01261887373403,-5.011561608145712,-0.07940140733717271,-0.2524939918766904,1.1082883938361192,0.05306477835210899,0.23687810431692924,0.29388013762581977,0.018034179434152975,0.015595019864576898,0.02547261855556826,0.000049097827806574734,0.00004910065018140605,2.39058380941489,32.06137117786849,50.87296427266336,0.1225816160262887,0.0004030843377115103,0.000435565294082145,0.0012987651388359875,0.0007140659786172458,0.000993199236191949,0.000533856623030245,8.668528592328676e-7,9.85529015514639e-7,9.489025864847206e-7
2025-06-14T21:18:51Z,39.98273629071846,-75.26818616895926,43.144265609560534,-30.523293365258723,-65.6111967745237,-4.948827433749102,-0.045494586057657216,0.24246563528868137,1.8652715331772924,0.0604214792606399,0.23726192605863616,0.29534912357485155,0.01764709428130118,0.016092240388502432,0.024180781601444323,0.00005009991425598613,0.00005010274246039779,2.3554278433118703,31.4686882545315,52.73917473696235,0.12616053613337014,0.0002602246861850568,0.0005732374008990038,0.0013556781220770003,0.000713024944667883,0.0009937227637818304,0.0005345347165200306,8.775829586940749e-7,9.94759455658635e-7,9.502750459084769e-7
2025-06-14T21:18:52Z,39.98514864920847,-75.2677112194323,42.69177623116411,-23.924280939507298,-64.71675458271056,-5.237981078331359,-0.047830180479877527,0.24336314663923986,1.9292116873693885,0.06748060844256543,0.23718730805740051,0.29966178643371677,0.017073509637157258,0.01661532818206979,0.02283136667540475,0.000051101993754555144,0.00005110483430609809,2.343113021308595,30.788538062116356,54.09945635888309,0.12009748768402517,0.0002771997898211798,0.000560380323738341,0.0013618560653694616,0.0007117372797787238,0.0009945439609685,0.0005354297515744376,8.870119072430445e-7,1.0044756233670072e-6,9.505556856812561e-7
2025-06-14T21:18:53Z,39.987300699075654,-75.26712694685799,42.03257705853321,-19.059931968222372,-62.95207008859143,-5.523256428248715,-0.05262421155248376,0.24664834285795223,1.9689325019717216,0.07498494076207862,0.23689394623761473,0.304635503609461,0.01655463513338873,0.016995663664147287,0.021895413653737705,0.00005210406776267595,0.00005210692554768682,2.3275777066528067,30.247958134326428,55.058089239106394,0.11733339456802205,0.00029740733455302804,0.0005452488797941285,0.0013681301928783719,0.0007103366937150158,0.0009954775703604121,0.0005360844156211889,8.952261349966113e-7,1.0148106111223794e-6,9.505778404074378e-7
2025-06-14T21:18:54Z,39.98961737071751,-75.26643368182346,41.32185069331899,-14.171375463891309,-61.13592590438202,-5.773860744200647,-0.05477015848236988,0.2456317374289938,2.0119987314828904,0.08292780390365806,0.23604394354697433,0.3109399994282285,0.015948921867902754,0.017340579071060347,0.02094348585364969,0.000053106139330586845,0.00005310901887338153,2.3115336210335684,29.89230753680994,55.80287677163786,0.1197066401192704,0.00031817931049738456,0.0005321078829512958,0.0013729148416141634,0.0007089111626997077,0.0009964492964663959,0.0005363683913784975,9.0144497613803e-7,1.0255880715239555e-6,9.503698015617597e-7
2025-06-14T21:18:55Z,39.99196681134249,-75.26574389733395,40.57767261634581,-9.40329008421395,-59.57378538814373,-5.997917441651225,-0.053942201165909864,0.2369474526922204,2.0551699601346627,0.09116225271554868,0.23486551901623898,0.3179939462170296,0.015242447297282524,0.017648610983883373,0.01996376879435502,0.00005410821208042132,0.00005411111739998535,2.3060195495116527,29.70635678391389,56.52021971588516,0.12679281745148724,0.0003381196293115434,0.0005233600163163532,0.0013757131923871281,0.000707534508908396,0.0009974293675803676,0.0005363740590598876,9.047595724219571e-7,1.0366784936317822e-6,9.499629016144374e-7
2025-06-14T21:18:56Z,39.99423187699482,-75.2651662185769,39.4906356097199,-4.5612748042622115,-58.867983186617494,-6.9768477668985724,-0.19234528449578647,0.2065952341981756,2.1146954051801004,0.09961873477732297,0.23358124498008692,0.3252548811833549,0.014420417063547575,0.017920316240747525,0.0189417144787285,0.0000551102891824307,0.00005511322390565727,2.323562942497979,29.709143818641554,57.19378279427661,0.1389419994192172,0.00034991979724373947,0.0005232799277112017,0.001372675304642324,0.0007062708931796536,0.0009984104232051265,0.000536289403316614,9.042357843513658e-7,1.0479817787535105e-6,9.493330794340136e-7
2025-06-14T21:18:57Z,39.99630544388633,-75.26481749414745,38.16807590983808,0.1964416118871668,-59.01303504547104,-7.006652728596237,-0.1807442186773187,0.2016079371842352,2.1650183513993397,0.10809582107776805,0.23241952851822134,0.33217990849516355,0.01348369833203833,0.01815902037503747,0.017854601270073545,0.00005611237238579602,0.00005611534028642565,2.368968183261113,29.856018139742925,58.22649202213032,0.15331192766829538,0.00036556855741517953,0.0005276495240406697,0.0013786294143202777,0.0007051935826891591,0.0009993906184709654,0.0005362984572928072,8.991164855140745e-7,1.0594157914297678e-6,9.484650243587795e-7
2025-06-14T21:18:58Z,39.99809293720071,-75.26476566533468,37.6477564771194,5.195074848859804,-60.19363798759878,-6.797695880959509,-0.1613311665796573,0.19344546939646534,2.2148533175350167,0.11683584085494658,0.2319003851935122,0.3386581677586946,0.01237511743113373,0.01836017477967289,0.016743271556947548,0.00005711446168201117,0.00005711746720327344,2.4390794321760407,30.154764562920693,59.42419511751657,0.16755484041215774,0.00037574562691442394,0.0005385198069178499,0.0013840615336814372,0.000704380967441067,0.0010003597920147037,0.0005365406239697578,8.890133803460674e-7,1.0708845495600639e-6,9.470941381996527e-7
2025-06-14T21:18:59Z,39.99945304009891,-75.265202105418,37.80985897174105,10.425979799532797,-63.03772609354928,-6.387181617319584,-0.1348980622142335,0.18044983381423663,2.2659403231955366,0.12498320580743894,0.23230302949923498,0.34378637476766016,0.011160511138882612,0.01853137619559675,0.01557703460321136,0.000058116555654276745,0.000058119603640024824,2.5233351521910943,30.593177944132485,60.72074340796707,0.17779217181983376,0.0003792107239466591,0.0005550138891831184,0.0013890862847158456,0.0007038899783362611,0.0010012827967104973,0.0005370872544932874,8.743642510874764e-7,1.0823503797803025e-6,9.450830740089597e-7
2025-06-14T21:19:00Z,40.00032968449853,-75.26619723488173,38.54615924344398,15.814255680073984,-67.60903490753844,-5.832766836800147,-0.10407928223003182,0.16194788952816452,2.3173132806405192,0.13199098676341237,0.23363119776513486,0.34707305433039437,0.009921498389985572,0.01867534257917214,0.014376912217642257,0.00005911865141885034,0.00005912174705820375,2.6025242190727425,31.16494418541004,62.00714672793154,0.18107259146757615,0.00037590619723992233,0.0005757301084177169,0.0013936640324771555,0.0007037455469008116,0.001002116234191236,0.0005379006706619467,8.56457732611116e-7,1.0937937865747541e-6,9.423878732528295e-7
2025-06-14T21:19:01Z,40.00076773395351,-75.2677160027325,39.71997429127805,21.325155369588174,-73.60826269257814,-5.211756806442281,-0.07122030260097745,0.1392449798868256,2.3679265511455014,0.13761646252714854,0.235624691895282,0.34846680762348115,0.008731623129619948,0.018794375705510902,0.013169064092892313,0.00006012074570702329,0.000060123894449509766,2.6566068192508574,31.86951625406032,63.181530526517406,0.17653223626105718,0.0003673778348232432,0.0005993198393831133,0.0013979895305891931,0.0007039334754665543,0.0010028389396783963,0.0005388701212558773,8.371580144020771e-7,1.1052009303302618e-6,9.390987174027125e-7
2025-06-14T21:19:02Z,40.000870382725445,-75.26965690078663,41.13050509802997,26.972299302346073,-80.53984223213047,-4.658986007270869,-0.07709383922974666,0.17558437902152946,2.3945613890246022,0.1418623757599562,0.23790462954093528,0.3482309764549427,0.007642873392228466,0.01888866693377622,0.011976814967908922,0.0000611228358702911,0.00006112604350655492,2.6721382480359,32.70897873922896,64.1745682933071,0.16517740672533154,0.0003698890971149565,0.0006175246167899808,0.001415421168087811,0.0007044054252159605,0.0010034688781706447,0.0005398677686485243,8.18339365537033e-7,1.1165472770174962e-6,9.354104579988161e-7
2025-06-14T21:19:03Z,40.000830506952155,-75.2719038891994,42.55618885462172,32.673040529945865,-88.01432414771989,-4.1283339770452585,-0.046475927849087384,0.14923047064621642,2.4476700614468427,0.14467605169556919,0.24009180298162391,0.34695126812221133,0.006673432344541652,0.018970767249925302,0.010792100928313175,0.00006212491992876842,0.00006212819329894258,2.6489283189178,33.69465032351007,65.01040365058215,0.1519695308439608,0.00035662688656433683,0.0006454317390056256,0.0014177356232414015,0.0007050899346920948,0.0010040529691021595,0.0005407954838666807,8.013545651723814e-7,1.1277167024739542e-6,9.313754106971589e-7
2025-06-14T21:19:04Z,40.000673139126874,-75.27431977471672,43.843189406441525,38.36884561297484,-95.45409179665148,-3.717154876634595,-0.01991316080454908,0.12302420056585106,2.4983607148897136,0.14656263739561837,0.24197674833521887,0.34486532382288715,0.0058450679069324,0.01902201382097246,0.00966242789172611,0.00006312699735158662,0.00006313034425967247,2.596090366213172,34.84467319588239,65.71091684744209,0.13804591686419154,0.00034536876494434054,0.0006757271611980188,0.0014203491919470607,0.0007059150950092047,0.0010046367209238874,0.0005416023955699476,7.869027633284398e-7,1.1386487595343327e-6,9.274163709452439e-7
2025-06-14T21:19:05Z,40.00047373983322,-75.2768260018255,44.87540244101547,44.08797488361597,-102.60062504466623,-3.4357227692526067,0.002616779725315155,0.09788994143673335,2.5477200524765067,0.14778360565651383,0.24343896208119986,0.34229158245943836,0.005142957633438527,0.019041130492610137,0.008578152124812277,0.00006412906765924173,0.00006413249756256331,2.524309125430883,36.17329418332701,66.3282489165173,0.1259720583209445,0.0003373973973040295,0.0007087561011008067,0.001423293988754626,0.0007068265309792772,0.0010052600393960136,0.0005422755336016254,7.75008645414076e-7,1.1491566632465698e-6,9.236420834823543e-7
2025-06-14T21:19:06Z,40.0002448972299,-75.27938362627455,45.64119502110407,49.81882317294367,-109.29822704009712,-3.2670752452977467,0.022050196967825286,0.07485554855975352,2.5957896093605086,0.14854610190013773,0.24446748293303244,0.3394167949008988,0.004538604159051829,0.019020566872654854,0.00753366860180904,0.0000651311302280632,0.00006513465483054712,2.446474935258626,37.69795791811053,66.90865493923944,0.11771393011080422,0.00033360845695305503,0.0007444709461187824,0.001426621485734548,0.0007077888139684114,0.0010059523951738952,0.000542829215316333,7.653673492188595e-7,1.158905959097278e-6,9.201081358237613e-7
2025-06-14T21:19:07Z,39.999984010809094,-75.28196566956701,46.132284783991054,55.518237753538415,-115.42583670187742,-3.1952220776001923,0.03931035764526314,0.0544102476635544,2.643269111169502,0.14897496597222926,0.24506382453910192,0.336358682197897,0.004008874919236405,0.018951910271766792,0.006522434983992298,0.00006613318393830446,0.00006613681781442523,2.3754776975050107,39.42682980587476,67.48046447557887,0.11440810234205201,0.0003342416415067552,0.0007825136266082913,0.001430265581944357,0.0007087787645070186,0.0010067283044310636,0.0005432912166952834,7.575418186806198e-7,1.1673435877441617e-6,9.168331579178613e-7
2025-06-14T21:19:08Z,39.99965333318685,-75.28456388828491,46.40609530173242,61.1117737905588,-120.90283655421808,-3.1871075210656272,0.054506484449348136,0.03690714573895093,2.690159799400135,0.14914457140912418,0.24525422633269045,0.3331481417371833,0.0035288735579968034,0.0188222613983271,0.0055371890897220055,0.0000671352270435868,0.0000671389882106627,2.32291644972933,41.35689461293794,68.04842101528105,0.11653465509917926,0.00033954370044837436,0.0008214892769364495,0.0014341517894926597,0.0007097799297652802,0.0010075872099770177,0.000543692970849201,7.511181775499804e-7,1.1736278835250583e-6,9.138181625978996e-7
2025-06-14T21:19:09Z,39.99921481599064,-75.28716305540857,46.51932453014888,66.47572906175628,-125.64857773249969,-3.2150421113183256,0.06785871546253475,0.022987817784610343,2.736939034308307,0.14908824213671323,0.24504221288771078,0.3298018052628322,0.0030826427872341355,0.01861809082140553,0.004573522679919506,0.00006813725726734647,0.00006814116751813127,2.2982450806591044,43.46082116333478,68.59137257025097,0.12387248031468778,0.0003494723378957967,0.0008591550636719252,0.0014382353039855337,0.0007107789512143977,0.001008515140117161,0.000544063938191375,7.458151403781872e-7,1.1765980726015989e-6,9.110587500758481e-7
2025-06-14T21:19:10Z,39.99865442010515,-75.28973403507858,46.50848276936449,71.46703602047637,-129.59395940881222,-3.2505115457897773,0.07954307988484288,0.013236747480334543,2.7837169366684975,0.14882440241672157,0.24441408044549462,0.32636013805677067,0.002665500190005332,0.018330764655843268,0.0036299379247424213,0.00006913927221199027,0.00006914335690211296,2.3074251930635006,45.67492629223715,69.0664897671561,0.13542945107476145,0.0003640349438756995,0.0008920436619227549,0.001442478596746128,0.000711764104045679,0.0010094870434703077,0.000544429671734426,7.415498057395988e-7,1.1748469906186637e-6,9.085490548845841e-7
2025-06-14T21:19:11Z,39.997936319762424,-75.29225679321284,46.48610629118048,75.91232450958341,-132.70020996406674,-3.2610635728633497,0.08961478887067642,0.00838771187727616,2.830544673881377,0.1483642144685291,0.24336531884000578,0.3228168727910088,0.002270881453171114,0.01794890905455304,0.002703579494706787,0.00007014127009752194,0.00007014555700375608,2.3510331607157666,47.88920384790959,69.42137504758398,0.14925541584914181,0.00038317974447870756,0.0009158371526941261,0.0014468479488515841,0.0007127259076410076,0.0010104703842199246,0.0005448113818892207,7.384617051043538e-7,1.1669656992137812e-6,9.062790921847007e-7
2025-06-14T21:19:12Z,39.9970742768515,-75.29469967640355,46.525222120806575,79.67450518673286,-134.98234737105668,-3.2268603183765663,0.097697876696202,0.008556090217723522,2.8775615367922,0.14773833327672037,0.2419022780868545,0.31921404950116994,0.0019044310895992567,0.01747459983994304,0.0017952102398552938,0.000071143250706967,0.00007114776777200915,2.4223801329018486,49.95167010163725,69.61337056141313,0.16263299996552394,0.00040658285993024404,0.0009263703683290538,0.0014513042762095885,0.0007136594248143064,0.0010114311271757625,0.0005452253488805085,7.368738924924836e-7,1.151985824720543e-6,9.042273637232557e-7
2025-06-14T21:19:13Z,39.99611599180604,-75.29704043859452,46.59985435055569,82.72196038486436,-136.58212463278323,-3.3007712264952715,0.10223439324227002,0.011404980223346683,2.926615325472085,0.14700636848647264,0.2400670932220237,0.3155968787941674,0.001576362127806874,0.016922787048883947,0.0009039647312540922,0.00007214521610955342,0.00007214998841628163,2.5080403934944613,51.6609117667648,69.6213038199617,0.17305775446727656,0.0004326993221099699,0.000921872378337468,0.0014557747786284134,0.0007145669210589817,0.001012341958437268,0.0005456814534775515,7.371762918893567e-7,1.1298963305688836e-6,9.023542381081343e-7
2025-06-14T21:19:14Z,39.99509420755409,-75.29927771283076,46.792593099409714,85.06527099153027,-137.60043640993536,-3.152716069671442,0.10535143684774084,0.022306309008968128,2.97532959972159,0.1462400643285946,0.23792387759203848,0.31195811842553667,0.0012929521268318922,0.016308838597069553,0.000026145569211988295,0.00007314717076101402,0.00007315221765538472,2.590190995258419,52.962610072235194,69.50642253873774,0.1780715744998368,0.00046231636091249536,0.000900799133967937,0.0014604259644478569,0.0007154579498989091,0.001013190160865805,0.0005461828621026594,7.396477606668552e-7,1.1019274616352497e-6,9.006040241787564e-7
2025-06-14T21:19:15Z,39.99413050429766,-75.30142000474886,47.12425606697798,86.89581951033324,-138.29826779663563,-2.974012793536531,0.10637513525671238,0.03309862840728783,3.0253787035908317,0.1455329621767305,0.23560790390183683,0.3083760592053295,0.001065753793739077,0.015675700337510534,-0.0008390349775275752,0.0000741491202722087,0.00007415445415846848,2.651068455671524,53.75312746077249,69.34193202334744,0.17640562904359036,0.0004935249633186739,0.0008669197132245871,0.0014650782710824504,0.0007163473625324661,0.0010139810425978636,0.00054672644331157,7.443380435168053e-7,1.0703422376384724e-6,8.989070330688003e-7
2025-06-14T21:19:16Z,39.99328525129572,-75.30349888021148,47.5423118439503,88.44014056771994,-138.89712153095752,-2.790534304018365,0.10565391318095863,0.04450484292897272,3.076654984324705,0.14497693623889063,0.23324671044429124,0.3048366405455454,0.0008973718020683918,0.015053308882045258,-0.001692269307838501,0.00007515106977513651,0.00007515669694058143,2.6793613946474215,54.06198490988265,69.22909720755173,0.16920136808120267,0.0005257103770128695,0.0008252895764831723,0.001469791164182658,0.0007172504517518146,0.001014734024610636,0.0005472990199893875,7.510353439621364e-7,1.0378439569494206e-6,8.972063471899632e-7
2025-06-14T21:19:17Z,39.99257520302232,-75.30555285783363,48.01374322990887,89.8705014702864,-139.5397187527269,-2.6175120786647312,0.10357573569808665,0.05539001667239063,3.1293445411720313,0.1446225934632821,0.23093174616224132,0.3012940910302859,0.0007818818914984149,0.014457972555078413,-0.0025364958718796515,0.00007615302259311976,0.00007615894559186377,2.6728221341399543,53.98543192608015,69.26187880670115,0.15823531016894632,0.0005583128189684245,0.0007816695608227296,0.0014745598360003127,0.0007181777500910906,0.0010154743314889976,0.000547883226557742,7.593427497371452e-7,1.0068395015562695e-6,8.9546163196199e-7
2025-06-14T21:19:18Z,39.99202281668422,-75.30762017150019,48.46681357198395,91.38684448227286,-140.35982012096792,-2.459062588197412,0.10042816137047339,0.06615769283644113,-3.099825232522562,0.1445051498030807,0.22874479248457646,0.29771862287816475,0.000712764597174953,0.013905373748173133,-0.0033751600837206297,0.00007715497992368367,0.00007716120017925795,2.6360148867937063,53.65591171337019,69.50685374037297,0.14547353410391428,0.0005913893524694194,0.0007407182872436193,0.0014793017037619846,0.0007191321969637471,0.0010162251059302623,0.0005484598752115539,7.688086639732324e-7,9.789547901129978e-7,8.936547781635519e-7
2025-06-14T21:19:19Z,39.99164720005244,-75.30973307326103,48.807699179276824,93.1816605431959,-141.37395048886538,-2.356612428164226,0.09695877679951082,0.07315847796553498,-3.0443441890529357,0.14462989353341982,0.22674614495372225,0.2941002747429593,0.0006815038971126341,0.013406633922272704,-0.004212247774745492,0.00007815694130271525,0.00007816346099027874,2.5774197833529677,53.17747722886865,69.99525523496811,0.13284065068363937,0.0006247201908117988,0.0007057395659682756,0.0014841304366544476,0.0007201098279763667,0.0010170032003722223,0.0005490106564938422,7.790270066334461e-7,9.549897294083555e-7,8.917843366437409e-7
2025-06-14T21:19:20Z,39.991392491609446,-75.31191091684737,49.0442756889388,95.23632946470752,-142.56220141332597,-2.2859390135417925,0.0933585761372342,0.0796742086777158,-2.987820353169809,0.14498151490988676,0.22493366854541819,0.2903727332559356,0.0006772806430461742,0.012949469956424764,-0.005047488680389733,0.00007915890528067633,0.00007916572828398682,2.5065566367963017,52.65026098416956,70.73790970931246,0.12149548008270583,0.0006589480327085911,0.0006782940468326243,0.0014888433935355424,0.000721102041125513,0.0010178183741555047,0.0005495166428190618,7.89681888668672e-7,9.350832820901931e-7,8.898626423701177e-7
2025-06-14T21:19:21Z,39.99120369194896,-75.31416740349195,49.21623344835825,97.4871239727363,-143.8696684828028,-2.2420965931523824,0.08951570670706133,0.08417359836357718,-2.929923425312154,0.14553852941571677,0.22329356301634107,0.2864770212654548,0.0006898713132699186,0.012519737234526929,-0.00588250944016977,0.00008016086995537939,0.00008016800216491592,2.4314374637240586,52.13160984669138,71.73192860877683,0.11185464524304944,0.0006937376516702844,0.0006592378765020007,0.0014935619590560208,0.000722098545707231,0.0010186745368971765,0.000549960772525779,8.00555179845887e-7,9.189518287852782e-7,8.87904028566219e-7
2025-06-14T21:19:22Z,39.991061005028335,-75.31651356096539,49.30469304556027,99.95020520407706,-145.27700026426464,-2.2312245508364867,0.0863718643777247,0.08806106810698111,-2.8707851629296783,0.14629061585037562,0.22183547530949,0.28239172752728336,0.0007133822462037642,0.012113038334007342,-0.006717172926244075,0.00008116283351505173,0.00008117028251786659,2.3580687617790677,51.65675193747907,72.96822829627958,0.10417867095184763,0.0007293144176854527,0.0006485078551806906,0.001498140339774126,0.0007230889087113393,0.001019571165691446,0.0005503265347814861,8.114883438325661e-7,9.061291857765772e-7,8.859259948770293e-7
2025-06-14T21:19:23Z,39.99094999194271,-75.31895640747052,49.302517036674544,102.61598340654746,-146.7387242745608,-2.2312623315519886,0.08357452942755117,0.09026690063728893,-2.810690315804095,0.1472213369106612,0.22056665694981348,0.27810772247539717,0.0007421415499635486,0.011725153630493423,-0.007551857060917655,0.00008216479444766542,0.00008217256904213093,2.2906300856811264,51.24212271427795,74.4446202498466,0.09834250593855509,0.0007656202686249484,0.0006455804062715611,0.0015026927048713402,0.0007240640639766926,0.0010205044254368333,0.0005506003063295633,8.223580981666857e-7,8.961133786599904e-7,8.839441049228513e-7
2025-06-14T21:19:24Z,39.990830451334226,-75.32150474004418,49.249213707400486,105.43663314031437,-148.2259980197996,-2.254794300723006,0.08103013442314477,0.09375662771935822,-2.7496496856037993,0.14832763845879526,0.2194850274881901,0.2735756780275551,0.0007706302624086447,0.011345580874888128,-0.008386670353672798,0.00008316675169612399,0.00008317486129537038,2.2318653786681324,50.88719757295062,76.15513848203848,0.0942853910916287,0.0008027911819114767,0.00065002789379662,0.0015068486471158092,0.0007250168569020935,0.001021467734251314,0.0005507710640787235,8.330486180482182e-7,8.884393707335878e-7,8.819738694757247e-7
2025-06-14T21:19:25Z,39.99070452826748,-75.32416121964202,49.13266253238544,108.42301678890362,-149.68846543785185,-2.290078239282593,0.0792472234716115,0.09526242522724715,-2.687358253650018,0.1495896804408403,0.21860533489416412,0.26880910420732107,0.0007939961562541953,0.010973348111917858,-0.009222634240302341,0.00008416870469356271,0.00008417715878923109,2.183435721656806,50.58257763624898,78.10568651963519,0.09172400198233788,0.000839681833650659,0.0006616955643023093,0.001511055494122832,0.0007259427468466933,0.00102245221085564,0.0005508336920470776,8.434475463495546e-7,8.827074757573009e-7,8.800260959071292e-7
2025-06-14T21:19:26Z,39.990551648590184,-75.32693145290554,48.97903796075843,111.53335532499477,-151.09402586892247,-2.3279955729231006,0.07868443858660612,0.09610656359654968,-2.624066652409965,0.15100638087824336,0.2179390749643062,0.26378237229801016,0.0008088428305441653,0.01060265723322118,-0.010058948819619218,0.0000851706534648873,0.00008517946104863268,2.145882268526418,50.313165788770704,80.30546880875683,0.09034486774898076,0.0008761022877953787,0.0006800721455573654,0.0015151520037021758,0.0007268394514101769,0.0010234469192506766,0.0005507868610711163,8.534289869587664e-7,8.785807530458678e-7,8.781137785841004e-7
2025-06-14T21:19:27Z,39.99035904300855,-75.32981992464767,48.828728451393545,114.7366473521106,-152.41209842450917,-2.342067400793894,0.07935203511169675,0.09690401550233219,-2.559894382560742,0.15257343159282755,0.2175021532621031,0.2584799398755422,0.0008117084022956078,0.010229086725587422,-0.010895522921202883,0.00008617259847686248,0.00008618176772918192,2.118846317406244,50.059609389892294,82.77269646078877,0.0898253497223388,0.0009116065640177325,0.0007047578001222857,0.0015190474083181457,0.0007277071983645284,0.0010244393374913157,0.0005506354523827841,8.628757518883426e-7,8.757779116476184e-7,8.762467853185437e-7
2025-06-14T21:19:28Z,39.990131801856144,-75.33282431825701,48.70678204484284,117.99548958195373,-153.60234575811774,-2.346952192208846,0.08098021598152627,0.0976615854906413,-2.4949221265706,0.1542747218063596,0.2173105266829225,0.2529206307954155,0.0008004992144350354,0.00985166179737007,-0.01173141247318199,0.00008717454054765074,0.0000871840786865011,2.100985134029085,49.79523546093431,85.51849775933692,0.08969126759705592,0.0009455516022769731,0.000735473400638765,0.0015227307062545955,0.0007285484862128589,0.001025416186780673,0.0005503900854459061,8.716956426934096e-7,8.740605300482147e-7,8.74432305934688e-7
2025-06-14T21:19:29Z,39.98990845687976,-75.33592959973012,48.58781826077029,121.33605955494568,-154.64054431207478,-2.336184591273195,0.08357988978514186,0.09844252445373058,-2.4289365250151604,0.1560725898216333,0.21736115759449604,0.2471770366646524,0.0007778922977408342,0.009475141593441094,-0.012568283779955891,0.00008817648057300692,0.00008818639399962868,2.0902518425477683,49.496548470719404,88.56021689766526,0.08970502919796053,0.0009772657779504262,0.000772095534270768,0.001526140867339572,0.000729367203392896,0.0010263648010912132,0.0005500642148910189,8.798470974272277e-7,8.732172935853903e-7,8.726753907536163e-7
2025-06-14T21:19:30Z,39.989662251363605,-75.33914294985368,48.54600044246763,124.68545521562919,-155.50002556294203,-2.305131487795734,0.08726505518052363,0.09858694129707146,-2.3622045994125074,0.15797407872560143,0.21766428803857707,0.24120476546340797,0.0007414468873321312,0.009091509844267875,-0.01340650052526371,0.00008917841928778999,0.00008918871396359829,2.084488902494259,49.13513084328756,91.90710457741787,0.08964521509480916,0.0010064797562706574,0.0008140167376405827,0.0015294956142790884,0.0007301678434341518,0.0010272748378338725,0.0005496720368964611,8.873593345943483e-7,8.73054611938789e-7,8.709786477983369e-7
2025-06-14T21:19:31Z,39.989441411429134,-75.3424366635061,48.53108310769312,128.0345001379028,-156.19265737291425,-2.267800917936256,0.09123039448331838,0.09969835774336389,-2.2943845987174427,0.15993036461622978,0.2181855845155951,0.23511074550151534,0.0006991896475341264,0.008707503908112812,-0.014245050603051368,0.00009018035715271712,0.00009019103902636773,2.081423541993437,48.69178297038534,95.56393530817179,0.08935143125214096,0.0010329103493514787,0.0008613941216040232,0.0015323844350574028,0.0007309547452997166,0.0010281396016281364,0.0005492255374917457,8.943452464725775e-7,8.733689067980932e-7,8.693444386839841e-7
2025-06-14T21:19:32Z,39.989245712585564,-75.34580403264455,48.567717427387834,131.3210775470361,-156.72726500127465,-2.2086260103969835,0.09609005947550031,0.1006666152266007,-2.2260263417992974,0.16192784033228236,0.2189059741449455,0.22890574707525957,0.0006539044407745109,0.008320094020632496,-0.015084488280649566,0.0000911822941828868,0.00009119336974343686,2.0789510834408094,48.14617730430349,99.5365901525182,0.08874861475172324,0.0010571720618810683,0.0009131025484856822,0.0015351276561166541,0.0007317317808786741,0.0010289570158626003,0.0005487348320501941,9.010061752212246e-7,8.739472148357815e-7,8.677704491350485e-7
2025-06-14T21:19:33Z,39.9890838270137,-75.34923342043426,48.647981899091974,134.50676818471402,-157.1457345886156,-2.1511709542101016,0.10099517331718744,0.10245755561527403,-2.156481320707826,0.16394818855224003,0.21978624254734314,0.22262010388112685,0.0006121661083966501,0.007928919987648442,-0.015925283725323425,0.00009218422987279443,0.00009219570662687436,2.075601131184055,47.48577530370153,103.8071208140875,0.0879286708749617,0.0010790313295190469,0.000969511982007377,0.0015375335183830225,0.0007325015028842591,0.0010297299644614398,0.0005482041019408004,9.075865348888325e-7,8.745745139244551e-7,8.662560541927879e-7
2025-06-14T21:19:34Z,39.988936638813314,-75.35269886390213,50.231219715904444,136.3191747944802,-153.0525361550972,0.7999542530415056,0.09554874019249837,1.3064580518184812,-1.9135291715574567,0.16599051535922626,0.22080143675520958,0.21624475541284482,0.0005772964454848761,0.007530008782737241,-0.01676661222245457,0.00009318616245689612,0.00009319805081012298,2.0824247587576097,46.17082594375855,110.28282449840052,0.13139218965297206,0.011837050980385944,0.001260512146030891,0.01099663041493797,0.0007332651162613628,0.0010304658023067295,0.0005476328972138106,9.14348156265801e-7,8.750344501617473e-7,8.647988845681184e-7
2025-06-14T21:19:35Z,40.001938517339795,-75.34843479022689,43.822062589693815,150.9605412762612,-133.12459094449878,-18.004859042703174,2.954893660673406,0.5951116187279695,0.9164675969586824,0.15282370640306908,0.22608218469940766,0.23909567550253996,-0.0016556096404087839,0.008259614373002933,-0.01770228701582255,0.00009418715695152678,0.00009420013488084952,2.1107967671789276,45.47110106463446,97.43936354579596,0.10955848250630551,0.0026086931071951027,0.00042218054948077845,0.0027729373974865654,0.0007298467753760682,0.0010308162829027608,0.0005347418495087471,8.407852483098896e-7,8.530631427663595e-7,8.601986926992171e-7
2025-06-14T21:19:36Z,39.995561592346384,-75.35813792021267,21.964922007988207,149.73141842521727,-157.5226913979277,-33.477060626028106,-2.775391868010047,0.3729464948282839,1.3651269425608916,0.16705198470481264,0.22890780436318892,0.20968062069914595,0.0006011422517744336,0.005945774852307295,-0.019669602663043406,0.00009518904020941503,0.00009520243569265794,2.1458523790344084,46.49985910333305,94.72548097777776,0.23761608628876163,0.0019239321714212925,0.000532832206366684,0.0019529679506135574,0.0007293670183194511,0.001031420610291138,0.0005325534311845366,8.382294054622864e-7,8.386521336675969e-7,8.616097139519878e-7
2025-06-14T21:19:37Z,39.98913641496799,-75.36478545434947,-8.057355857104994,152.42456069029868,-166.1600097808987,-48.20899767102674,-2.697668910797802,0.3872378538471821,1.433437650441192,0.18640746579876577,0.2363313309087971,0.19345818220790534,0.0004320573897906854,0.004164853283981529,-0.02057967326538801,0.00009619098341575696,0.00009620478897679833,2.491112631781998,48.28769964613821,93.30537266314363,0.530410239255337,0.001954873928653827,0.0005423411708876607,0.0020038326930096407,0.0007288013937659598,0.001032038348834869,0.0005324632258845245,8.372057495671073e-7,8.390516743554785e-7,8.643762689311219e-7
2025-06-14T21:19:38Z,39.98308657366,-75.36491694841432,-37.156191260553896,170.36020644567907,-148.31201567035168,-57.29809632548131,-2.9095991267095087,0.3254765062156366,1.34245268493396,0.21256264306612138,0.25075464365727385,0.20288753638124035,-0.0029652038489302868,0.00346381401691076,-0.0215094104058835,0.00009719297058657503,0.00009720714352403396,3.5136894948431965,49.45355288586789,90.89400239879426,0.978705556262206,0.001780516944025541,0.0005544761787901486,0.0018306541157170767,0.0007287361742883113,0.0010326494508886026,0.0005319885486093674,8.111627298569932e-7,8.476157988865798e-7,8.690047905060191e-7
2025-06-14T21:19:39Z,39.984166405140066,-75.3510133838236,-46.548593148356304,221.37267320696265,-85.9043663404882,-52.06255936273374,2.831458069369546,0.3445459674276208,1.0488049941850477,0.22850465573355905,0.2693506950745359,0.26116500183707103,-0.010898770121229973,0.006057982646325399,-0.023109227955046663,0.00009819497853012907,0.00009820942281749135,5.060457117040279,47.93564360130559,86.46951229205676,1.3534356244640295,0.0014436955322017946,0.0005587481086103109,0.0016326739531763387,0.0007294134654722073,0.0010333151121141614,0.0005281989503354991,7.480232924207343e-7,8.478948104036922e-7,8.740733247560274e-7
2025-06-14T21:19:40Z,39.995494904620486,-75.32752945756184,-27.76938074757345,287.9356331564486,-1.7851453758848947,-34.359780435450375,2.1803873965982348,0.4233135595313797,0.704792899738095,0.22035230537767347,0.2808701350695628,0.3467053007589129,-0.019981618441988758,0.011152212094884817,-0.02534517215804044,0.00009919695549062223,0.00009921159784589675,5.964962201456722,44.91056836424179,80.96489814927065,1.1562799796331242,0.0009985097028609345,0.0005491022014861245,0.0014258298312362907,0.0007301167285682707,0.0010341972041161378,0.0005209176074837692,6.714660550813625e-7,8.293396071489875e-7,8.785467477209423e-7
2025-06-14T21:19:41Z,40.01087804559996,-75.30712223470144,-1.0399558158242144,339.4147128481418,65.37310775183141,-19.526250609895214,1.7315703606800525,0.4826649135538901,0.491334192443901,0.19943985254758445,0.2802112655444944,0.4147375047286914,-0.025963390169181366,0.015401630664428012,-0.027479735862925736,0.00010019887201343644,0.00010021374098151601,5.632463776502407,42.420441266287234,75.94570607251715,0.7070299366396903,0.0006535097939204036,0.0005304163310245757,0.0012842855884024197,0.0007300755810908557,0.0010351949257614691,0.0005135592609322771,6.20508275552034e-7,8.069645481743594e-7,8.828036710533037e-7
2025-06-14T21:19:42Z,40.02480740787021,-75.2934090303677,17.413199945236556,371.3595167696476,107.22625933447853,-12.460003968619276,1.5118452185415663,0.4917983032792108,0.41939724096664577,0.18003497715653793,0.27339997512535774,0.4563721088888997,-0.028840708688676386,0.01766698600613381,-0.029192830896136,0.00010120074162701075,0.00010121590648845885,4.785212918981061,41.00038154499285,72.72091624402218,0.41385235120382424,0.0004624394507420499,0.0005209832264289624,0.0012119731127466914,0.0007293996046327624,0.0010360190605122293,0.0005078327084493804,5.999255038630075e-7,7.955576846648176e-7,8.875720958973189e-7
2025-06-14T21:19:43Z,40.03673358746457,-75.28381242406891,27.2341096769087,391.16693571954966,133.49364072736353,-9.752431416476611,1.4187087569953292,0.46541261930178734,0.4225526638838346,0.16470998104159662,0.2650896355662553,0.48269777448513196,-0.03009553803849485,0.018569485895113758,-0.030612348539307277,0.00010220257770488539,0.00010221809073030336,4.014781999422348,40.44859437116387,71.09649491368728,0.28698805574594227,0.00037498005016829076,0.0005205844691789504,0.0011787610249762838,0.0007283560604695911,0.001036512546476559,0.0005031329951406608,5.970157358850878e-7,7.958466219651959e-7,8.928956696706248e-7
2025-06-14T21:19:44Z,40.047556894112454,-75.27596934836072,32.028508697636425,404.30447594821453,151.9699294846505,-8.732513670052867,1.3846384093703819,0.41613843136838113,0.45800456288088753,0.15174960203694354,0.25626846039449447,0.5024511870651622,-0.03061952922985256,0.018710929522399056,-0.03188623622304476,0.00010320438518740748,0.00010322027550491533,3.482522464557553,40.445531517380886,70.5494606296247,0.2520161629827637,0.0003442779320067117,0.0005232553639328873,0.0011636656945778112,0.0007270121490405274,0.0010365781511814333,0.0004985414763978921,6.025558463904932e-7,8.035416223892564e-7,8.985415918622065e-7
2025-06-14T21:19:45Z,40.05788119862049,-75.26868881610392,34.48735024034977,413.04037893004715,166.1138168880716,-8.083439213573001,1.381907758761372,0.35085388908373716,0.5096098968897422,0.13964152862718038,0.24665123947124812,0.5198733743745834,-0.03077984069022932,0.01838088931015136,-0.033093590967382625,0.00010420617299965834,0.00010422244802643539,3.183955312794724,40.728766281637355,70.74597624651211,0.2560658767902175,0.0003433577638928924,0.0005232226415490867,0.0011559176483278873,0.0007253618259634796,0.001036080979696662,0.0004934497074680415,6.120242257427754e-7,8.142285689740281e-7,9.042959255313934e-7
2025-06-14T21:19:46Z,40.067714671452414,-75.26161198681862,36.192643945571035,418.2985321711749,177.01676340028644,-7.328235226857942,1.398713416820101,0.2728066117870185,0.5717950914149696,0.12790983234299347,0.23599986108638404,0.5363163884394453,-0.030713995594624066,0.01770539573522001,-0.034274379058842896,0.0001052079626481717,0.00010522460624606841,3.064501461247538,41.04609624946645,71.49948936534962,0.26638929784817,0.00035689204211214183,0.0005151390832156212,0.0011497275388265376,0.0007234565875389141,0.001034854096795333,0.00048766143067413776,6.232025268207813e-7,8.241357306276522e-7,9.100094606633417e-7
2025-06-14T21:19:47Z,40.07663554675944,-75.25487539800405,37.98488309420645,420.71663771755993,184.85220906231552,-6.367039010656299,1.4308663145493483,0.18783203834937012,0.6417085099274118,0.11688157666958432,0.22450026679325674,0.5514499483033433,-0.030488161084804233,0.016785406276540016,-0.0354325626726677,0.00010620978713621419,0.00010622676123275294,3.043246963636057,41.1704355852527,72.64280648193603,0.2622399128842568,0.0003752419128808021,0.0004967500562972947,0.0011423160000530008,0.0007214706313385479,0.0010327535331728667,0.0004814699099795027,6.348509963731717e-7,8.306780127393541e-7,9.155948649977311e-7
2025-06-14T21:19:48Z,40.084094295510376,-75.2488666854072,40.10207030666061,421.29206735268235,189.79959989525378,-5.274228060472524,1.4691034658972058,0.09771736149104981,0.7102991735046089,0.10730489899015083,0.2128045496701816,0.5640594070355291,-0.03015409773479405,0.015742318853199322,-0.03655438162786595,0.00010721167537866368,0.00010722893338848526,3.032189325476524,40.97426205327036,73.99235372741786,0.23753306058317175,0.00039557296268935517,0.00046714272717193674,0.0011326797473519912,0.0007196601045621333,0.0010297006042683193,0.0004755551575780068,6.46251523427676e-7,8.33282572413957e-7,9.210372450390727e-7
2025-06-14T21:19:49Z,40.08980543651695,-75.24391089207775,42.35802661953494,421.12184761464596,192.44287885166705,-4.273386668268358,1.513172378159652,0.010971826378067817,0.7802724491157278,0.09974012107795716,0.20167015683364298,0.5730617386070662,-0.029759647567516367,0.014700286675804364,-0.03762454999605325,0.00010821363154061862,0.00010823114180993401,2.9693587744940957,40.4813352297548,75.34997871045002,0.19864946926575305,0.00041386087906888355,0.0004354833933940063,0.0011215831442589756,0.0007182360459586022,0.001025641716297897,0.0004706194044778208,6.5706986473657e-7,8.334458865922473e-7,9.26375257152234e-7
2025-06-14T21:19:50Z,40.09386935467521,-75.24002863573213,44.526372889988124,420.4903943669051,194.2387159531936,-3.372922090056818,1.5572959983765031,-0.06284681135457504,0.8138217412415543,0.09415945496675704,0.19141389314791013,0.5783521854827995,-0.029343350664248646,0.013743851591470957,-0.03862628523484091,0.00010921562700591258,0.00010923339525748759,2.8474989738679786,39.79420645267342,76.56027945432223,0.16351521723531642,0.00044692307861629593,0.0003931844218588908,0.0011100505233565393,0.0007172680854508744,0.0010204245310233718,0.0004670338170583325,6.672277989822707e-7,8.335336477065411e-7,9.316798760634774e-7
2025-06-14T21:19:51Z,40.096571904282534,-75.23713889958792,46.427283928729594,421.09633443690836,195.17696364689618,-2.757113317231415,1.588128328556195,-0.10565703823385775,0.7035090930112347,0.0903150730600828,0.1822149689123762,0.5801758457164397,-0.02891974133513031,0.012877070416095648,-0.03958941496716761,0.0001102176068088861,0.00011023569133146243,2.6908431593700515,39.07933792541082,77.70899806638751,0.13380709310148398,0.0005294102737836395,0.00030956527281126027,0.0010941339409064168,0.0007167031856476554,0.0010137286592958857,0.0004647410481850754,6.768018586328523e-7,8.351867514839591e-7,9.370513693873955e-7
2025-06-14T21:19:52Z,40.09823150226302,-75.23503588334195,47.745678403181955,423.25341575965285,195.3867662558332,-2.5891887270408915,1.6160313251821208,-0.08324009025773194,0.4474163456379756,0.0879053678463606,0.17406174563075183,0.5792645942128729,-0.0285131135769916,0.012099428266481027,-0.040495110067922724,0.00011121949958825451,0.0001112380224785279,2.5203034747721174,38.43038058708186,78.82736896266168,0.11434178757616975,0.000600885277233815,0.00024018944526629448,0.0010820154292168905,0.0007164215298777356,0.0010050629504399745,0.00046348245003986267,6.858654902230472e-7,8.390667613701937e-7,9.426049908847516e-7
2025-06-14T21:19:53Z,40.09914976500128,-75.23357330030045,48.32907980890013,426.4755747038871,195.22530245408416,-2.810659639435471,1.5991167283937102,-0.02695232349856269,0.08985302696964936,0.08663163759683812,0.16702339818402834,0.5762189473534818,-0.028127157279186576,0.011333900584475032,-0.04138854938582881,0.00011222122445929561,0.00011224038118500305,2.362756057715309,37.89389137840423,79.95289955287295,0.1123422401713377,0.0005637544409235368,0.00028730228469162257,0.0010897302332021361,0.000716293637074362,0.0009936155580258725,0.0004630321786367012,6.942377632797022e-7,8.452385939317445e-7,9.483065985308794e-7
2025-06-14T21:19:54Z,40.099546364120926,-75.23265893915767,48.19261043705046,429.84398541226983,193.7822165293619,-3.3662419396277983,1.5713896514935186,0.03398684569856414,-0.24658855919005873,0.08601974036719184,0.16100130070844898,0.5714612871452118,-0.027739046040096582,0.010500605408083175,-0.042341183739154076,0.00011322268486457523,0.0001132427612812777,2.2486079441024036,37.55602560898488,81.08031621245979,0.1334838680193463,0.0004330404286540642,0.0004388158101092821,0.0011111807386897756,0.0007162444992785333,0.0009780637302970313,0.00046320280557775046,7.013267594364518e-7,8.53296543390542e-7,9.53861900165177e-7
2025-06-14T21:19:55Z,40.09760529347779,-75.22787742362442,46.99919242900796,427.5700704436749,187.0913830595091,-3.7527848194731632,1.5606218196480768,0.014153682196251793,-0.4716738822826301,0.08118096241196326,0.14039482481712184,0.5794499697585707,-0.027671568682308134,0.01125492954361107,-0.04174156029648657,0.00011422373733455084,0.00011424515817414688,2.2200211091189535,37.50057789584262,82.27998275389652,0.16695551570506167,0.0003856539262346749,0.0005101753901534819,0.0011053390281746769,0.000716299383729171,0.0009561561503198542,0.00046380512480451505,7.062180417908945e-7,8.623199576622619e-7,9.591786864992044e-7
2025-06-14T21:19:56Z,40.093327969427314,-75.22348948064993,46.06639056559652,425.05977643094957,181.60673620272428,-3.934117677010363,1.574546094161633,-0.04374360615202022,-0.5527804633020423,0.0765353874912762,0.11550231807359523,0.585674665759143,-0.02749315040023248,0.012041300713974579,-0.041285439505145405,0.00011522418503282568,0.00011524756810137604,2.30882288345859,37.659654750696646,83.60349780714792,0.21398873833564602,0.0003930620209865796,0.0005257789431602443,0.0010922657363038257,0.0007165602134797339,0.0009251197068784587,0.00046457856072914307,7.08328531923153e-7,8.706897940421801e-7,9.650731754954002e-7
2025-06-14T21:19:57Z,40.0868495295801,-75.2193251325724,45.75947023369372,422.7244958765805,178.38359676208347,-3.627833570630173,1.5963155651770649,-0.10403943877554411,-0.6434675249511201,0.07230661110133951,0.08647707655654813,0.5904932593475678,-0.027240822736075643,0.01293918457389509,-0.04087796059889115,0.00011622387566400045,0.00011624998828049195,2.507310283965806,37.910170274367054,84.94645149678965,0.24908677133577983,0.00039946017578604276,0.0005325226859575683,0.001084136483980249,0.0007171043697574574,0.0008834775637908595,0.0004652367518497014,7.080110898181754e-7,8.764931866259354e-7,9.723352663172823e-7
2025-06-14T21:19:58Z,40.07926606004913,-75.2152894300073,46.36877466063015,420.57599405385554,177.74880835413933,-2.925703221539152,1.616476436785888,-0.1512471098030801,-0.7840842057448754,0.0688720519792696,0.05585381117180077,0.5942515554997954,-0.0269766462449752,0.01394625770683433,-0.040458995028984646,0.00011722288311578135,0.0001172524168430154,2.7269388740248752,38.17048050125369,86.0598063708313,0.24871237204584595,0.00038663741473067526,0.0005383521106728912,0.0010834175351927466,0.0007179002586794015,0.0008336582294471083,0.0004655653878364216,7.066284396232962e-7,8.787192460137283e-7,9.811040796950637e-7
2025-06-14T21:19:59Z,40.07225739091576,-75.21135660841723,47.85465533286333,418.40240943804383,178.92935166228563,-2.0216934165218845,1.647433907884988,-0.1913540613695659,-0.9295649949963263,0.06637079040046956,0.02749914308856205,0.5973587928601773,-0.026759850510416072,0.014981865964216468,-0.04002568211626567,0.00011822155896990982,0.00011825485301311408,2.856580826439893,38.43324329797566,86.79017532156684,0.2215945695364132,0.00037222427960436293,0.0005293013409891591,0.001085218511687307,0.0007188374843010586,0.0007821639731301649,0.00046555964987115493,7.063298205406556e-7,8.781572756503124e-7,9.909674492039883e-7
2025-06-14T21:20:00Z,40.06752031455092,-75.2074700827865,49.69355843728408,415.9901980161667,180.71502353530377,-1.2821707969924319,1.6641746918467106,-0.24681642304858542,-1.0183068177939276,0.06459165688556823,0.0050198655176245666,0.6005130274934345,-0.02664052714612808,0.015958314225713366,-0.039592358764821256,0.00011922027743093868,0.00011925729690032126,2.8625274862370373,38.708326738023274,87.18469905625597,0.18889415806140664,0.00037373976036370873,0.0005063182951365229,0.001082500046947655,0.0007198145992072014,0.0007350279691136049,0.0004654031028673718,7.087718101134281e-7,8.767863719130198e-7,1.001368733132501e-6
2025-06-14T21:20:01Z,40.06552283919343,-75.20357750611844,51.60788922570646,414.4373338483274,182.4979932513088,-0.35129446339487913,1.7041441030960414,-0.28766318623456755,-1.1906115947058424,0.06313035560287972,-0.010886078288990575,0.604155734203232,-0.02662402254486551,0.01683656551608692,-0.03918561140744714,0.00012021920245554575,0.00012025974861644024,2.776802000652335,39.020798419138735,87.48878602696632,0.15463509749464488,0.00037125987049052003,0.0004949812532211008,0.00108474877539164,0.0007207824075383128,0.0006944405182159238,0.00046529473437957944,7.142795388566492e-7,8.762498665548948e-7,1.0118446823639246e-6
2025-06-14T21:20:02Z,40.066367566090705,-75.19959186853981,53.40526913898066,411.56819511018693,182.51143924240023,0.13612781367828575,1.7439097941605723,-0.18512512931465608,-1.7125093374488642,0.061668908857427596,-0.02062230583328528,0.6085291907074861,-0.026689435292837516,0.01765172174145846,-0.03881899337488903,0.00012121834290465586,0.00012126220837989627,2.6677299600195603,39.4439543039823,87.73271131178748,0.14346807172607157,0.0003904186963839226,0.000445110854978899,0.001109058530256649,0.0007217392865198027,0.0006600653709586093,0.0004653623640531812,7.22320153139451e-7,8.770928099009929e-7,1.0220773360860017e-6
2025-06-14T21:20:03Z,40.06934248700022,-75.19573241395365,55.022037447663024,407.9728104956448,182.248337415047,0.521615793753881,1.7452633544817218,-0.053287913490066785,-2.257438912318321,0.06064922795894745,-0.025634503079118076,0.6128607698265114,-0.026766201037162318,0.01837004422645805,-0.0384785023798031,0.0001222176570944098,0.00012226467719915138,2.584330200469982,39.945151195012926,88.0169421734023,0.14026500565892908,0.00045727318340995314,0.0003522176287653604,0.001124490253219157,0.000722708985136911,0.0006308150543049351,0.0004656493043682288,7.320837939267475e-7,8.79390042799448e-7,1.031584713710664e-6
2025-06-14T21:20:04Z,40.073202613182744,-75.1922000363828,56.334821574389935,404.42953068204224,182.62488419748843,0.6564676977068302,1.7225888207249227,0.0114857617945745,-2.5787936091655865,0.06010388968616098,-0.028089883656321035,0.6166981746137026,-0.026841131996661716,0.018911288220806455,-0.038170192012103143,0.00012321711306377604,0.00012326715472588652,2.517724447207768,40.38614688996388,88.40484031953754,0.1347324826504846,0.00048379056751274356,0.000309102164570051,0.001126376991208063,0.0007236851264871664,0.0006056524651828312,0.0004660780259770714,7.427417464279668e-7,8.83294426841861e-7,1.0398102913604324e-6
2025-06-14T21:20:05Z,40.07768841975299,-75.18901293187811,57.29569867881946,401.72284329123795,183.81701271794736,0.771203233187407,1.7462534866062924,-0.0014243763681989208,-2.675808465894079,0.059740013670307235,-0.028612752583285328,0.6197169324077549,-0.026908718183904057,0.0192849393540655,-0.037952488185965194,0.00012421666093365388,0.000124269640159167,2.4471024707620987,40.71620460441535,89.00678044150257,0.12570571420880022,0.0004900877620263982,0.00029109337428899793,0.0011231212203426984,0.0007246476975935805,0.0005834633873503727,0.00046660281627401424,7.538562136643101e-7,8.884291118990763e-7,1.046673496973088e-6
2025-06-14T21:20:06Z,40.082683185681596,-75.1860502606194,58.02121867216192,399.34436027519405,185.4925906099379,0.7386814031706308,1.7788195051834919,-0.039162581055052215,-2.682656100660097,0.059422268354410335,-0.027750678683105434,0.6219947051795316,-0.02696401234311452,0.01955890359101886,-0.03782223147436525,0.00012521620084320553,0.00012527213316762702,2.374528522166392,40.926555036463924,89.88759162039297,0.12279038467030023,0.0004988496919170213,0.0002795575719810784,0.0011209734160133272,0.0007255753965016408,0.0005627854504460558,0.0004672169022925016,7.652817354237152e-7,8.942921449519428e-7,1.0520148239523576e-6
2025-06-14T21:20:07Z,40.08808921099887,-75.18313582757169,58.47765053110197,397.00515825487673,187.6879590349272,0.5039500116945419,1.812624288693769,-0.0779199086873632,-2.719046909973258,0.05907834692288816,-0.026031601621752998,0.6239378607060644,-0.027013612594146252,0.019805035615831912,-0.037742023170949324,0.00012621560598028177,0.0001262746336805182,2.322326392030276,41.006836623371704,91.07567346211461,0.12925882253943832,0.0005124234348252922,0.0002726224080823826,0.0011233453808058014,0.0007264528677817858,0.0005420678326230042,0.00046789234645751705,7.769298445273403e-7,9.004518053720212e-7,1.0552277437121442e-6
2025-06-14T21:20:08Z,40.09343680430625,-75.18021833919828,58.700521134072915,394.8369187526405,190.57573429308832,0.20496863388689235,1.841788083074789,-0.11268900218829003,-2.7726000334805576,0.05874995739941369,-0.024296350913346032,0.6256593076323043,-0.027058282307280024,0.020045022214958408,-0.037686146019950684,0.00012721475628921222,0.00012727714165532473,2.312375211887987,40.963490409553415,92.54297342669707,0.14585027688417168,0.0005275425521473068,0.0002700621540509796,0.0011304574831346571,0.0007272795618854679,0.0005199978960134241,0.00046857011311826277,7.887000438429266e-7,9.065036621033796e-7,1.055436106968256e-6
2025-06-14T21:20:09Z,40.09842679464697,-75.17729396185537,58.657423907658085,392.8826133925468,194.24614586122334,-0.21718997887910518,1.8783341981688864,-0.12799652007561235,-2.8232971083343728,0.05848804221159298,-0.02300434339667845,0.6272066701567383,-0.027098823735741462,0.02027583417225287,-0.03763992113590575,0.00012821356812480896,0.00012827965703597288,2.3633302644156835,40.803635030453385,94.13818336633281,0.17474374812007254,0.0005374681600363149,0.0002721851668849684,0.0011389728660602938,0.0007280749096243145,0.000495686601613129,0.0004691591046395518,8.005025726367306e-7,9.120749475742061e-7,1.0516875567328512e-6
2025-06-14T21:20:10Z,40.10262538309147,-75.17440723893182,58.27068289555609,391.5858239289373,198.0819120304659,-0.8105501220597944,1.9035284945784952,-0.14878249436060287,-2.871295669101528,0.058351891574147885,-0.022773584458718688,0.6286073232258786,-0.027134308697895904,0.020476818074826042,-0.03758489803840348,0.00012921203138199864,0.0001292821797291011,2.481255792913292,40.58774043747252,95.58052432443117,0.20662325243439816,0.0005409072265578069,0.0002786423314475504,0.0011506886646735456,0.0007288745197775078,0.0004688898381656441,0.0004695334092348905,8.122855451409049e-7,9.168809992477842e-7,1.043138736919019e-6
2025-06-14T21:20:11Z,40.105247180219344,-75.17154026994588,57.7292215982452,390.95831866934896,202.10542704351246,-1.3351870201149723,1.9474951132651768,-0.1811558158688058,-2.9291828992572846,0.05839992347091538,-0.024853044937799496,0.6302304564378574,-0.02716963970397046,0.02064844289498069,-0.03747446844295155,0.00013021026515197258,0.0001302847093241515,2.6553571603353023,40.39136058585786,96.58227647145625,0.24354703464649913,0.0005367983960663316,0.0002880568797506178,0.001166545950843311,0.0007297184256986426,0.00044043812689877206,0.00046957173521203313,8.24039116936746e-7,9.206757571680967e-7,1.0298290852937273e-6
2025-06-14T21:20:12Z,40.10622248404182,-75.1687656252406,57.0156670762226,391.08706092461944,205.84745946899056,-2.0672462320362683,1.9633182932739146,-0.20870359779291903,-2.96526354807429,0.058555038146096194,-0.029271977707367114,0.6321391526798834,-0.02720137015921864,0.020763762799333563,-0.03730156519213779,0.00013120852372817005,0.00013128724523243392,2.865687543023712,40.30071128065168,96.76073210108343,0.27933718209152214,0.0005184497167485082,0.0003024886657005528,0.0011821273198238938,0.0007306331042447057,0.0004122573294565024,0.00046919940990582695,8.357838159029643e-7,9.234158247876398e-7,1.0130286302180667e-6
2025-06-14T21:20:13Z,40.105702705145205,-75.16600525789852,56.24905956489965,391.956098549068,209.10895759332925,-2.6265582624764647,1.9972526685596677,-0.24450231707578496,-3.0047081929951673,0.058651371354244475,-0.035911668526296125,0.6347620389351505,-0.027232035553652167,0.02085172643126043,-0.03704924508906515,0.00013220712101375635,0.0001322897868669092,3.081765991420241,40.42217360828823,96.01612867531908,0.31077827605888403,0.0004916932625339559,0.0003195768718832401,0.0011993675820873154,0.0007316120802078389,0.0003867505271525489,0.00046841771881472784,8.47541963617306e-7,9.253258624482762e-7,9.948574926445137e-7
2025-06-14T21:20:14Z,40.10370820236241,-75.16339356097959,55.546668842667714,393.3338974956423,211.25907355360687,-3.4650471306522377,2.015101342636626,-0.28094826727101463,-3.04255220828054,0.058506023301106325,-0.04459624310266008,0.6380539193560253,-0.027248632485452617,0.020875417953675424,-0.0367145309917305,0.0001332063193007476,0.0001332923336309125,3.2711628729648212,40.767641676348816,94.3135468333576,0.33084469681416667,0.0004585863075270195,0.00033871845249697647,0.0012149401026150977,0.000732609748059682,0.0003659179239377203,0.00046732169225048386,8.592885057769103e-7,9.267672917371203e-7,9.776689787788037e-7
2025-06-14T21:20:15Z,40.10117792764332,-75.16082159455067,54.901129849720746,394.69443887099624,212.32229720894247,-3.9405165139760356,2.0262109235918615,-0.3137912223719468,-3.074755247012945,0.057876223534094606,-0.05398528569503469,0.6421185984145268,-0.02724863025787272,0.020884114586579017,-0.0363232907229758,0.00013420624528379512,0.0001342948853402752,3.404141703956396,41.35090894983283,92.05325082675208,0.33441524227288694,0.00042220781455355814,0.00035996580299099023,0.0012273113110026822,0.00073355323609776,0.00035069934286981587,0.00046606133333639655,8.709425381905993e-7,9.281403400154969e-7,9.633085145303035e-7
2025-06-14T21:20:16Z,40.098885756136816,-75.15825921306497,54.37086268141866,395.90793605335057,212.9524775603786,-4.379597563849529,2.0421917784842663,-0.3167579741220834,-3.0926809753727866,0.05663081228203737,-0.06287349641479523,0.6467301702723489,-0.027225464026287227,0.020897892029552168,-0.03590984980291978,0.00013520687546135594,0.00013529744210662091,3.473514823433226,42.08938514773774,89.52208443583753,0.33055907115606226,0.00037983489848202436,0.0003836991174680553,0.001228671258267683,0.0007343691790587008,0.0003408768573855174,0.00046479731775373546,8.82380763464711e-7,9.297032033771006e-7,9.5282841709665e-7
2025-06-14T21:20:17Z,40.097023209323766,-75.1557378464817,54.04335243022069,396.86410062387586,212.91728952806443,-4.8215722386376,2.04746520378103,-0.3373834436733887,-3.116591819925816,0.054652291931688524,-0.07087590437276958,0.6517953311922611,-0.027167065939238455,0.02091410290074691,-0.03547682172165878,0.00013620808395301597,0.0001363000044566185,3.4886759766602276,42.90186405707324,87.02062861930088,0.31818394343060347,0.00034958882280253917,0.0004074963592720076,0.0012360039139789583,0.0007350094211861046,0.00033542645909711395,0.00046365262772501254,8.934769225386764e-7,9.315621870808209e-7,9.463292389670078e-7
2025-06-14T21:20:18Z,40.09586463139881,-75.15329901579763,53.872156254714355,397.2181419748813,212.76274935062975,-5.207116213947302,2.0582913550169906,-0.3481349311696249,3.1411093807400903,0.0519231886551097,-0.0774666017259733,0.6570322848929209,-0.027063452362199314,0.020923905555719102,-0.03503698140457345,0.00013720971428773487,0.00013730257222360764,3.4654126446236346,43.744844098579804,84.76660899412472,0.30504819968390356,0.0003250110447543197,0.00043177619983798517,0.0012406831894685932,0.0007354602874373584,0.00033305680213082425,0.0004626975958530999,9.040472668902596e-7,9.33601277946099e-7,9.432490348284261e-7
2025-06-14T21:20:19Z,40.09574854653087,-75.15090184159689,53.52789152646437,397.3969872482121,212.74273722991347,-5.814802892069565,2.065877297121915,-0.3640964880469255,3.104924801897141,0.04858437687744299,-0.08214118305386364,0.6621693072738708,-0.026912660101061192,0.02094025503163266,-0.0346102556002279,0.00013821162590352948,0.0001383051456099364,3.422710850451497,44.565189374899425,82.79337188102923,0.29304138847414674,0.00030923196502644263,0.00045659735082963167,0.001247039743997923,0.0007357395932478456,0.0003326088869584641,0.0004619610670423101,9.139103808640879e-7,9.357239200970808e-7,9.428317961933266e-7
2025-06-14T21:20:20Z,40.096646829798544,-75.14849289090604,53.04941800306551,397.2121475916356,212.93286704085767,-6.271107022359502,2.0805655736476183,-0.3734128286014311,3.0681118189677363,0.044620645502163825,-0.08493383735822135,0.6673279267270118,-0.02670644567274394,0.02097998960039149,-0.034184518546908294,0.00013921371187250938,0.0001393077245395584,3.373042403322543,45.382499406600836,81.16668335859546,0.2826904310638321,0.0002974373061271115,0.00048284385096932864,0.00125229215984041,0.0007358829088565807,0.000333187076240652,0.00046144270208836477,9.22836328228883e-7,9.378268818514712e-7,9.442750061882146e-7
2025-06-14T21:20:21Z,40.09853210791805,-75.14615952669706,52.56911737797782,396.6821518614888,213.02903103083372,-6.67044796407572,2.0769407808984397,-0.37316718176771246,3.0313968200352974,0.04009184118331177,-0.08578826785105775,0.672291628914536,-0.026430881752048663,0.02101559819675458,-0.03374777442672894,0.00014021589539345227,0.00014031030925112117,3.3204672306896716,46.1736944312225,79.85036694730931,0.27149499471492256,0.0002877301098231278,0.000510559824087414,0.0012559980665906277,0.0007359315353404501,0.00033415298126231115,0.0004611235786281932,9.306255909525685e-7,9.398554480424576e-7,9.46852970676171e-7
2025-06-14T21:20:22Z,40.10139813641896,-75.14391488157614,52.071173628559336,395.7734259851277,213.30093044787645,-7.1397335997608025,2.0791997118940344,-0.36923936551647785,2.9964744350581896,0.035083826888239855,-0.08469398657962302,0.6769664353414555,-0.026079009453496838,0.021040706549911192,-0.03328959734722048,0.00014121812436186423,0.00014131290011491153,3.267919431509512,46.95012108007964,78.80768010714492,0.2623528611483897,0.0002803419657869702,0.0005397489803760608,0.0012601877170324587,0.0007359302691394872,0.0003350902177464705,0.0004609798663540946,9.37146339936417e-7,9.417885510313401e-7,9.500132123171414e-7
2025-06-14T21:20:23Z,40.105253852410364,-75.14153364517826,51.5168233232107,394.936057087034,214.1396914133802,-7.488030417094706,2.0859839249023935,-0.3744497327807039,2.9600725327036344,0.029679965235345662,-0.0818122315176879,0.681688551158004,-0.025658980606749537,0.021118649100799303,-0.03280998095829091,0.0001422203664911123,0.00014231549737589677,3.2249843844847037,47.759234557554976,78.00086651827208,0.259178077541523,0.00027719061068641677,0.0005703803766540823,0.0012678937403503444,0.0007359243671514591,0.00033576215217760973,0.0004609854010710601,9.423511061556494e-7,9.43602729049133e-7,9.533276749065759e-7
2025-06-14T21:20:24Z,40.109996481222076,-75.13925231030214,50.95048061851412,393.8437925502658,215.11994162295014,-7.904768556705676,2.079521430670866,-0.37866907868738053,2.9596504700894,0.02407355277341594,-0.07718927094811079,0.685925773163035,-0.02516043126547629,0.021170749167254144,-0.03228849015340529,0.0001432226034911938,0.00014331810096176962,3.1948718027430085,48.571940028476995,77.39453848405856,0.2565869809044836,0.00027709594080893834,0.0006010493698930479,0.0012799769568502834,0.0007359568009018794,0.00033605856895727905,0.0004611128761049087,9.462281649886991e-7,9.452539005442909e-7,9.563656395569195e-7
2025-06-14T21:20:25Z,40.11558516761734,-75.13691389098612,50.293320218101144,392.7417611759156,216.481504810974,-8.30851520219585,2.069754626820213,-0.39711360316687205,2.9489913552679354,0.018403299929332206,-0.07108888181210204,0.6898876703853603,-0.024595593969479523,0.02123799550838612,-0.03172095606851144,0.00014422482534731977,0.00014432071059304792,3.1750471926017045,49.41652134041429,76.95824251448593,0.25601999574067735,0.0002818876196536346,0.0006327001322881999,0.0012960194127274204,0.0007360627134848988,0.000335962017076307,0.00046133417391875384,9.488936585433487e-7,9.466210032071017e-7,9.587536842113298e-7
2025-06-14T21:20:26Z,40.12196361068533,-75.1344238038678,49.806062437128276,391.4548220708966,218.1427783826366,-8.418485105794389,2.076011660101358,-0.40226635281760537,2.913788430611021,0.012697577090762024,-0.06369779316264612,0.6937478375039063,-0.02396700334952584,0.02134317880040726,-0.03109254372293435,0.00014522702875149313,0.00014532332619078664,3.1617985271687106,50.31693180887755,76.69890494745005,0.25397015751718877,0.00028231784920864294,0.0006672489160605131,0.0013066311725233864,0.0007362654695273826,0.0003355242242082521,0.00046162510913201876,9.506175579628315e-7,9.4766687435897e-7,9.601678096214703e-7
2025-06-14T21:20:27Z,40.129001639335144,-75.13179098355499,49.51292748376727,390.08014902099967,220.24165923241526,-8.640734639018774,2.081383022799855,-0.40389855154899124,2.87196941683942,0.007136038436271974,-0.05531881222987067,0.6973910478918697,-0.023288358609079296,0.021474777722005456,-0.03040044613021564,0.00014622921521456362,0.0001463259486516265,3.15049247621335,51.25466998312567,76.57201751741134,0.251596675537714,0.00028100837349559173,0.0007034052813530925,0.0013160062578603069,0.000736578228890649,0.00033484544621874886,0.00046197728839594636,9.517905757707354e-7,9.485089176191814e-7,9.60407614964541e-7
2025-06-14T21:20:28Z,40.136515585719586,-75.12905924556114,49.33792003872804,388.7316618040204,222.75352535862476,-8.626987240102608,2.0830923045577947,-0.39662021088770416,2.834960510765086,0.0019278717201132167,-0.04631964093641727,0.7006471839631558,-0.02257869431355175,0.02161037041230429,-0.029651699004148213,0.00014723138962028458,0.00014732857829128176,3.1393698980210587,52.27450220540582,76.58466793913378,0.24871536738410516,0.00027765980608308703,0.0007400979558151796,0.0013239106056162416,0.0007370055840693965,0.0003340308301511052,0.0004623808406267522,9.52737590424937e-7,9.491881688308942e-7,9.594516463075429e-7
2025-06-14T21:20:29Z,40.144368981750226,-75.12617863620717,49.265523528680205,387.40879481099546,225.83651924412698,-8.792095973039977,2.0742080338241067,-0.38217421725312306,2.8019741581956623,-0.0028365325232755367,-0.036990648057326325,0.7035974952668766,-0.021850295657031893,0.021758744197427404,-0.028854573404373696,0.00014823355784427528,0.00014833121537907387,3.127478296216612,53.36749202935473,76.69981991892475,0.24546818647211988,0.00027288871625508155,0.0007773374935847045,0.0013310160223876366,0.0007375469037636399,0.00033317401312152,0.00046282883814095777,9.537054203878107e-7,9.497316186117732e-7,9.573989369141905e-7
2025-06-14T21:20:30Z,40.15245704901516,-75.12317909551729,49.21503016888164,386.3454774916172,229.5707173468545,-8.841617370548192,2.075606445680023,-0.37158119124251243,2.7850202124391217,-0.0070374512652051635,-0.027530934037940824,0.7061881085901405,-0.021109345630748066,0.021906743458089295,-0.028017974993190364,0.00014923572457130763,0.00014933386011039068,3.117778153293796,54.600872445236675,76.9211510145331,0.24467561885279887,0.0002711852193252099,0.0008137259625421697,0.0013414738103805872,0.0007381997633183798,0.0003323394722311041,0.0004633173649689909,9.547722627130742e-7,9.501688497636577e-7,9.544782055934552e-7
2025-06-14T21:20:31Z,40.16071419264377,-75.12003531377192,49.070927226915956,385.5901694148779,233.35583725385368,-9.08049302326981,2.0478833679662785,-0.3580713813444163,2.7813478232710622,-0.010548802539574353,-0.018131826041098975,0.7084798808064079,-0.020359477991405583,0.022063769505393793,-0.027163349783336344,0.0001502378906001126,0.00015033651224404963,3.1076248422905923,55.873086886896125,77.22017312488194,0.24060715946129607,0.00027210177489858086,0.0008490724777396629,0.0013531868081641768,0.0007389601674477631,0.00033154696211266477,0.0004638400530346766,9.557746733250152e-7,9.504569640030428e-7,9.510043083994272e-7
2025-06-14T21:20:32Z,40.16914566909695,-75.11662666751248,48.77405327325687,385.212169483304,237.7977406932041,-9.367654354835395,2.04487269022502,-0.34972976880089846,2.751153266057372,-0.013363333570737268,-0.008873003364897158,0.7107362523747724,-0.01959381780534386,0.022270022783004606,-0.026304790715130366,0.00015124005703889183,0.00015133917185560422,3.0939805410382113,57.31028867886766,77.60937143833743,0.23742576280021832,0.0002689740380667282,0.0008907972316836812,0.0013632735814240976,0.000739814281560454,0.00033081895212478833,0.00046439152253776326,9.566240815154074e-7,9.505705762982484e-7,9.473153250247672e-7
2025-06-14T21:20:33Z,40.17778801388366,-75.113198772576,48.32410090789199,385.13347851485014,242.33677653595805,-9.698330691026058,2.035053983985563,-0.32519713685906027,2.702595147318789,-0.015338274832288334,0.00038555494471381735,0.7125524545044755,-0.018796408825210165,0.02245586083654416,-0.025436394462190037,0.00015224222435330625,0.0001523418396985457,3.0778910971012747,58.859583254665,78.0847993814749,0.23354280797612603,0.0002570967144801048,0.0009392948378776282,0.0013665368182628405,0.000740741110712682,0.0003301605998745781,0.0004649698556564238,9.57091736095102e-7,9.506195360701549e-7,9.438326410702369e-7
2025-06-14T21:20:34Z,40.18673629519966,-75.10977757234215,47.94169789436273,385.5297256447375,246.5384078025818,-9.712731229607016,2.0257206609967398,-0.2920621435623616,2.638077852418064,-0.016388637533736983,0.009783294229237072,0.713946208525158,-0.01793968990182293,0.022627127135820047,-0.024573650543743497,0.00015324439101092882,0.00015334451718313215,3.055852840864696,60.515573052516565,78.68650484346384,0.22704579660705038,0.00024008195577091674,0.0009928453048792009,0.0013664267695891314,0.0007417162466629136,0.00032955249308791684,0.0004655802432870227,9.56680977799948e-7,9.507716748432964e-7,9.41110761165799e-7
2025-06-14T21:20:35Z,40.19594259895944,-75.10656125360427,47.51284360443242,386.14979681558907,251.235088435933,-10.09854612086201,2.0100641988392454,-0.21599578114455653,2.497391142329434,-0.016394493614598105,0.019325450090263985,0.7146204442033195,-0.01701820660832709,0.022731368084578207,-0.02372853756310178,0.0001542465588586667,0.00015434720507852254,3.0328425524415836,62.381616898648,79.34763341596525,0.2262303336572833,0.00021593842710971345,0.0010484929738116672,0.0013556497066789211,0.0007427076418516757,0.00032899679313031025,0.00046621892362579413,9.550846589033797e-7,9.510850731460859e-7,9.395729111235757e-7
2025-06-14T21:20:36Z,40.20544467129631,-75.10366854426005,46.85578366694972,387.90886441245675,255.4964037016034,-10.500425879086833,1.9807723291160073,-0.11777374024359233,2.313593579790904,-0.015220168170912984,0.029119250946905595,0.7144408431704505,-0.016007986155273102,0.022747298550939377,-0.02292231546334733,0.00015524872700164462,0.00015534990500996987,3.022180957822697,64.34273780092306,80.10200220008387,0.22924213226939805,0.0002295766210472192,0.0010645160753137844,0.0013514925143320745,0.0007436815853548553,0.0003284750975311682,0.00046689440054497466,9.515619425459493e-7,9.517904828639575e-7,9.397005516240396e-7
2025-06-14T21:20:37Z,40.21534224697938,-75.1012784086893,46.17944273073226,390.9550171084702,258.2535671573132,-10.641041357186623,1.929693437901733,-0.04699298625428128,2.1545585317508085,-0.012628581681497053,0.03930534954815812,0.713160572333436,-0.014886977084415776,0.022638198035338064,-0.022160323063303622,0.00015625088890658943,0.00015635261500864732,3.017750683492575,66.22628684598155,80.98324338359106,0.2253191772465275,0.00028333979440799497,0.0010384268357692239,0.001359742025916249,0.0007445843073672646,0.0003279535940913411,0.0004675843008044578,9.452849360468809e-7,9.525369758779945e-7,9.418339535965435e-7
2025-06-14T21:20:38Z,40.225577690868064,-75.09922943531463,45.70591718633659,395.1486915834248,260.07162185013294,-10.662369433324784,1.898467234103009,-0.04685067630703088,2.0825469567644177,-0.008514877539255394,0.04953816541456035,0.7110296996615943,-0.013685366130289367,0.02245348646522416,-0.02143116089200703,0.00015725304739654512,0.00015735533266220253,3.0063518910710196,68.08708221274463,81.97687257292799,0.2219493230438897,0.0003141375757264919,0.0010346383951931378,0.0013697748788507387,0.0007453547165888726,0.0003275170195203259,0.0004682593863518095,9.373536610293365e-7,9.529097656220709e-7,9.454456154497428e-7
2025-06-14T21:20:39Z,40.235824137097595,-75.09728425004947,45.912182443076745,397.9354376029223,260.5447481777519,-9.595418408163823,1.8765404613805003,-0.07643015986650425,2.059236623477773,-0.0030043907637775646,0.059075028388633655,0.7083475503095542,-0.012497378051989472,0.022238848736037653,-0.020688433880991397,0.00015825521615326577,0.00015835806015182974,2.9660137075274107,69.90860955250793,83.24421139143091,0.20181561032121353,0.0003189569438072275,0.001058455547845869,0.001377418509854867,0.0007459571197750714,0.0003273234645815867,0.00046892308347526505,9.30416078212648e-7,9.531733345303186e-7,9.493497790101984e-7
2025-06-14T21:20:40Z,40.24550623102621,-75.09500807658523,46.97102124290541,400.5256213992834,261.0019836258143,-8.556433266261593,1.8508684533007909,-0.10122256666545582,2.0368066362279933,0.0034121025787214876,0.06701193950812012,0.7058129992001341,-0.011417065241857927,0.02210004585151637,-0.01993702421270882,0.0001592574191962598,0.00015936080031542712,2.8914225096820467,71.7404677614415,84.66869544482317,0.1853265431981027,0.00032275937083700644,0.0010857075727970602,0.00138472842124203,0.0007464122798674459,0.00032748704521872265,0.0004695984215455036,9.266047695405687e-7,9.53582972195702e-7,9.529196891964386e-7
2025-06-14T21:20:41Z,40.25391513938211,-75.09219947061526,48.386244125897065,402.6229188796133,261.7931088618934,-7.624154274555622,1.8253564799961168,-0.1194312225898102,2.013028254004894,0.009986975225615424,0.07269766022272961,0.7038442795892479,-0.010517428306684451,0.022069829395945817,-0.019202972681682695,0.00016025967741615773,0.00016036355339915848,2.807707895417963,73.57530472322445,86.27641151885209,0.17365714736180993,0.00032602338313088996,0.001115271607682803,0.0013917024224675484,0.0007467923219888601,0.00032801765527712455,0.00047030296544369333,9.267274265691666e-7,9.5404531103479e-7,9.56084453853768e-7
2025-06-14T21:20:42Z,40.26072947996193,-75.08879079308969,49.94117824640125,403.93208434432745,263.1355750989169,-6.759388092556037,1.8007669502694625,-0.12957510491469293,1.9880430066550616,0.016176337682281883,0.0760228892277155,0.7026162438269239,-0.009819651951488595,0.02215107993390575,-0.018490377402486047,0.0001612619921793529,0.00016136631796580513,2.730652116706292,75.39561873391754,88.09030494777646,0.16584327692886258,0.00032797240889734784,0.0011460476523717006,0.0013984553772845858,0.0007471769940286931,0.0003288319795448812,0.00047104122702606245,9.307006198309467e-7,9.543174226583826e-7,9.586770017471033e-7
2025-06-14T21:20:43Z,40.265868773760594,-75.08477324405351,51.68305055680685,403.83864671364427,264.9718390144408,-5.7138767538708635,1.782436028952361,-0.12626295513109653,1.937348238490813,0.021620477421265605,0.0771428778207337,0.702192687887873,-0.0093167851069893,0.0223403334014165,-0.017803672440891205,0.00016226434912326425,0.0001623690913808879,2.6593301210780935,77.16557448008454,90.15515325642322,0.15411117988293654,0.0003470342272897043,0.0011564412964108037,0.001404894463910705,0.0007476323543894465,0.00032979955080761895,0.0004718051780380253,9.379011240214195e-7,9.540657778868854e-7,9.605709929950786e-7
2025-06-14T21:20:44Z,40.269355198882586,-75.08027946649742,53.83993909787387,401.081870701164,267.78620509803295,-4.232706018257886,1.7689653633860871,-0.06180921146324181,1.732226596264809,0.02606854830969496,0.07638489793225745,0.7024373665990424,-0.008989446026703263,0.02259975110450796,-0.017159096230557225,0.00016326672252302653,0.00016337187148484495,2.5598304540199,78.979129325196,92.53028438198267,0.12130546446995127,0.0005079199742750417,0.0010116243046166767,0.0014148722754202148,0.0007481990023136818,0.00033077837376658447,0.0004725804014253969,9.474052879117259e-7,9.530291631434399e-7,9.61938987063815e-7
2025-06-14T21:20:45Z,40.27131311738126,-75.07557780673116,56.15482402150519,398.65589324757457,273.0412209201604,-3.5540204635908594,1.680113607289968,0.06432442655477644,1.3235197635003715,0.029576972048516836,0.0742485634964396,0.7030207620191504,-0.008775653773795966,0.02286924583995642,-0.01660362414440897,0.00016426907588102532,0.00016437465933914986,2.425348564208135,80.94337373058022,95.02897348614388,0.10299892132109789,0.0009293963333844163,0.0005917993494299839,0.001447623841636043,0.0007488704379390914,0.0003316493068063718,0.00047335537670825786,9.580269616951035e-7,9.51252061048703e-7,9.642944403340596e-7
2025-06-14T21:20:46Z,40.27202657449602,-75.07146656229052,57.77231612079777,397.0258341934532,278.5417484473437,-3.4671284932119306,1.5346524405176751,0.13734304417084786,0.9072093511749699,0.0324949465489226,0.07159845550540922,0.7028606009334908,-0.008586136829194402,0.022946612274608924,-0.016187653701990712,0.00016527137287178256,0.00016537745845432702,2.3066427444331676,82.97530691377503,97.71327904664571,0.1085890146652545,0.0012736865957968823,0.0002507082754036991,0.0014924113756721487,0.0007495730582360264,0.0003323683672077498,0.00047410962825233596,9.68617989871929e-7,9.486093512008974e-7,9.702745246661677e-7
2025-06-14T21:20:47Z,40.2716007673964,-75.06908431620525,58.766033593798056,395.14153864234686,282.2911371830851,-3.3632330882828683,1.4733658318509697,0.15021695949417335,0.6928162315452937,0.03565804918207505,0.06926505533647287,0.7002840930144885,-0.008298665644588255,0.022530725652472938,-0.01591637999683826,0.00016627360222226954,0.0001663802747517709,2.246297124981371,85.1685048904923,100.60795172064873,0.12402104251428436,0.001328750395028572,0.00018216364173038915,0.001512747589802159,0.0007501878315393142,0.00033297757114212907,0.00047482954234902405,9.773505961345786e-7,9.455475878441137e-7,9.803445708835749e-7
2025-06-14T21:20:48Z,40.27040021615807,-75.06830223953497,59.7018514899537,393.0008149072528,283.2680857665837,-2.940821073789266,1.4805881969296024,0.14362201934909535,0.6870053952407034,0.039546659794268635,0.0673302327249985,0.695475750042533,-0.00785059118220488,0.021722910034213783,-0.015828067860525152,0.0001672757688374532,0.0001673831091107374,2.243639560532194,87.51854135659438,103.57983779150089,0.13196753175561715,0.0013072125038794988,0.00018201068911000037,0.0015214764081143205,0.0007505807370854367,0.00033353257591317657,0.0004754765263785831,9.815794014373877e-7,9.425370319950057e-7,9.921728060415527e-7
2025-06-14T21:20:49Z,40.26889735672,-75.0684084851619,60.87571790278889,392.1112008821219,281.9834766872227,-2.350584006504505,1.5090714542311616,0.11815770562498074,0.7207323203838314,0.04398203263872347,0.06557840699224471,0.6895005649494124,-0.007290518135221191,0.020760442339678775,-0.01591923122236949,0.00016827787717831822,0.00016838595106430655,2.2658325327827793,89.99913780898584,106.33459614787634,0.12731544384458926,0.0012746912050581574,0.00018404896660119554,0.001514529694623406,0.000750646607560989,0.00033404684864182056,0.0004759566225327041,9.794278833173158e-7,9.392170313114758e-7,1.002337628551846e-6
2025-06-14T21:20:50Z,40.26735496397692,-75.06879609881418,62.33980779256672,392.2187226507813,279.2668319195509,-1.810312512141536,1.544021150089975,0.08700619515639119,0.7623470511425694,0.048609534300339874,0.0637783767979272,0.6832215926551726,-0.006700167375015553,0.019799650636741717,-0.016127825386547556,0.0001692799264544598,0.00016938879218168207,2.2720504588016897,92.4904319096164,108.63287125685817,0.11308366054673147,0.0012362429188835628,0.00018708121592281331,0.001503169478721487,0.0007503720823185445,0.00033449040592976073,0.0004762150176698141,9.716565660726618e-7,9.355490199041248e-7,1.0084502524129746e-6
2025-06-14T21:20:51Z,40.26604836304605,-75.06914166744943,63.83076651347801,392.8253688979894,276.02131714858115,-1.3096775366866495,1.577985324736801,0.06343532113669426,0.8153383888929966,0.05288460663859951,0.061994677121219866,0.6771541628113482,-0.00617055271186473,0.018878996965327133,-0.016364325090421517,0.00017028190954015683,0.00017039163400940153,2.2369348756015905,95.00759788651796,110.51066095682434,0.09562970272705618,0.0011986281721103097,0.00019074387768767658,0.0014970058106199566,0.000749850725105576,0.0003348025865672721,0.00047628765495679587,9.614540278430293e-7,9.318174480869113e-7,1.0105791684149646e-6
2025-06-14T21:20:52Z,40.2649007228453,-75.0692765119922,65.25833769096062,393.83619058690965,272.7985435836017,-1.0416445606169873,1.6078726727573667,0.0295403045851117,0.8516160558174306,0.05668597126214081,0.0601232674066523,0.6715107716881903,-0.0057243735447514155,0.018015256563671755,-0.016585374982582834,0.00017128380555731868,0.00017139448600696363,2.1622690390212593,97.5932562178644,112.10516590780675,0.08214554418402675,0.001162996432252833,0.00019652382821840303,0.0014843089831968418,0.0007492295496176197,0.00033489208412364126,0.000476276308114421,9.524885609992454e-7,9.283673101593128e-7,1.010618595917974e-6
2025-06-14T21:20:53Z,40.26395551037504,-75.06900495611056,66.3245559814386,394.83946578390896,270.3534695915878,-1.0295453580911271,1.6265635238669347,0.011517387315507222,0.864166419061803,0.05980900704935266,0.05817141369197998,0.6665496413552319,-0.0053880610402075035,0.017227282483986528,-0.016745763159747185,0.0001722855746550016,0.00017239736176851518,2.072539004491373,100.36349711636409,113.68521489433824,0.07873800106790918,0.0011344408040024237,0.0002055521705116931,0.001481609372748839,0.0007486532169595876,0.0003346309454398791,0.00047630900775346796,9.474551475802565e-7,9.257061507690388e-7,1.0109610848960717e-6
2025-06-14T21:20:54Z,40.26304466417001,-75.06840897874977,66.99366205278784,395.43073346093297,268.3717101961374,-1.0589278008410474,1.6412550666645984,-0.0026190845597682255,0.8880012678964704,0.062356139106668707,0.056109340972852806,0.662116570820217,-0.005141642282978864,0.016481623770232545,-0.016844557170315966,0.00017328715880159614,0.00017340026795427564,1.9977018799861177,103.3831232979375,115.50621237816092,0.08514437624100524,0.0011150464405365458,0.00021479032901189726,0.0014806575640853683,0.0007482366802884641,0.0003338520915621646,0.0004764800524716788,9.475210096209697e-7,9.236214094369102e-7,1.0135606819131057e-6
2025-06-14T21:20:55Z,40.26189587045769,-75.06749780925301,67.3371022916399,395.6407315097749,266.71179406903684,-1.219681154434511,1.6553703481549746,-0.009828035856116912,0.9196064616480726,0.0644895958912457,0.0537612572575199,0.6581118800313561,-0.004964224006812401,0.015772433107372308,-0.016888910384068367,0.00017428848191416855,0.00017440320270902036,1.9643446208600024,106.49940500750193,117.59714684754891,0.10379477496630096,0.0011025270909441715,0.00022360683699714832,0.0014827859400086128,0.0007480606557483977,0.0003323630403290376,0.000476846307443344,9.525966497874744e-7,9.216329784616803e-7,1.01941319099339e-6
2025-06-14T21:20:56Z,40.26037384175854,-75.06617257246116,67.38301195576787,395.5752668604255,265.59513839520514,-1.3922363982783281,1.669050723547116,-0.026073186334997445,0.9577219715574756,0.06626831938774558,0.05099725918216791,0.6546058700114372,-0.004847950029329695,0.015124434249514707,-0.016882826535038475,0.00017528945437480798,0.00017540615102968815,2.002855911764315,109.43190523863376,119.85933626559539,0.13763790941486065,0.0010904151022358799,0.00023230196833974777,0.0014791759931928959,0.0007481773267365375,0.00032996799253632854,0.000477419867057518,9.617557533463289e-7,9.187962425350123e-7,1.0286300368058308e-6
2025-06-14T21:20:57Z,40.25829153744425,-75.06433360405809,67.15143050160259,394.4795351047069,265.42738975025713,-1.737501624134893,1.6714488000361598,-0.07850273909798489,0.976733724357473,0.06769047104353376,0.0476942166774279,0.6516438097532955,-0.004794236434463528,0.01454511507057532,-0.016813360679407197,0.00017629000552209505,0.0001764090836058783,2.1324138462968083,111.47840503100723,121.91020086408318,0.1739294121445022,0.0010703215691327628,0.00024338548118888685,0.0014600574976121863,0.0007486121162376975,0.000326559335668589,0.0004781686183706478,9.733452314600189e-7,9.140367253230944e-7,1.0400856844513751e-6
2025-06-14T21:20:58Z,40.25522315416714,-75.06179197035588,66.98703320836648,391.8653358351439,266.38358181528747,-1.6659478071087506,1.6826999748227536,-0.1023020945931421,1.0138162155708415,0.06871506679726735,0.043570779202582344,0.6493025305244373,-0.004813562037952579,0.014041961461657593,-0.0166482007984996,0.00017729015249875948,0.00017741196252620272,2.337818706428158,111.96682983648203,123.30360944536713,0.20881362693179428,0.001026467708577887,0.0002559800984771816,0.0014545975792676418,0.0007493435901056745,0.00032229164986300666,0.0004790076839672885,9.851515914815918e-7,9.06696101113271e-7,1.0511185128394556e-6
2025-06-14T21:20:59Z,40.251460797782,-75.05863604484767,67.0242400825955,387.7708850260824,268.29342566616833,-1.780192304213415,1.6733568347190158,-0.13724413860290952,1.0776938309791149,0.06922587455392204,0.038967743972079916,0.6475518162624212,-0.0049003138893226605,0.013587966555121511,-0.016391484273981405,0.00017829004643672873,0.00017841475289698117,2.574478785304378,110.10796786402561,123.39148639347854,0.23314883611290382,0.0009547176324991958,0.00027690044056079423,0.0014469229213973523,0.0007502819424691519,0.00031766234862842444,0.00047979662995513867,9.951630845018083e-7,8.962215023372102e-7,1.058757331523609e-6
2025-06-14T21:21:00Z,40.24770486533485,-75.05485844289167,67.23819212149829,382.5970475580543,270.66705748811364,-1.697084983541572,1.660887349222321,-0.1754727823426947,1.1575607758786646,0.06913005644219083,0.034406868363021204,0.6465479187827441,-0.005040912566869338,0.01321712952363896,-0.016061116805531128,0.00017928992839067728,0.0001794174507211936,2.7832621792411376,106.04737503923641,122.0816922672985,0.24355669432534954,0.0008537723574038006,0.0003128653344391986,0.0014417008290251998,0.0007512832714032318,0.0003133493634605991,0.0004804336854102828,1.0024597977482472e-6,8.837443511855295e-7,1.0607441427229878e-6
2025-06-14T21:21:01Z,40.24434571335088,-75.0506838670394,67.58812529454008,377.17681399546564,273.68877922929823,-1.781199185657897,1.6374832209330634,-0.2014840460542473,1.2394153765781084,0.0684796870655191,0.03027429013877736,0.6461035285828984,-0.005212593327541981,0.012893810903619851,-0.01567598345764054,0.0001802900159906897,0.00018042008238563614,2.927378409382429,100.41827097368372,119.55531327533149,0.24308403698786452,0.0007350943844592886,0.00036017770639199735,0.001440907379309591,0.0007522090383297472,0.00030988955732188893,0.0004808913430276068,1.0074491101573897e-6,8.710291445048928e-7,1.0564830754847075e-6
2025-06-14T21:21:02Z,40.24174312342032,-75.04629390343949,67.9469809900038,371.845441672951,276.978215508163,-1.7529731402464677,1.6124804185528774,-0.22509990209073294,1.300805333070457,0.06742906188173947,0.0268116673116765,0.6460751275953953,-0.005389887057731357,0.012617456880661848,-0.015274006669642404,0.00018129043000151377,0.0001814226884322807,2.9910687875126962,94.28209722534842,116.37501922397887,0.22747077381714165,0.0006270488463756031,0.0004050271466576006,0.0014427879097544231,0.0007529804075615522,0.00030750346398536997,0.00048121384516068783,1.011349906478846e-6,8.595514435433445e-7,1.0469124348433503e-6
2025-06-14T21:21:03Z,40.24007239282346,-75.04191557625745,68.36087393248454,367.2124798633158,280.3474913202226,-1.465707173330884,1.6045534208969912,-0.23126828412387113,1.3324674444520497,0.06615665938170423,0.024146375338432335,0.6462244099020609,-0.005551161800838145,0.012361445343401556,-0.01488354679781878,0.00018229119264224,0.00018242530804341071,2.974717742001274,88.5061996309954,113.09892020116604,0.20298841947481794,0.0005416346512691924,0.00043909625658807304,0.0014466772005919035,0.0007535837220699118,0.00030612806680636894,0.00048148541124953733,1.0154746895195857e-6,8.502109568615448e-7,1.0339752888012666e-6
2025-06-14T21:21:04Z,40.23914890176382,-75.03767429100144,68.8806216311641,363.5064016636461,283.5257896129042,-1.2246579374332214,1.5961389948861324,-0.21734904092863871,1.3497543429766665,0.06479563027824042,0.02213623353281946,0.6463605392782483,-0.005688972595464747,0.012098812920839919,-0.014516308034615122,0.00018329225341817088,0.00018342796743266239,2.900632341758425,83.5247636879441,110.0863982193114,0.17799017415504848,0.00047768196965165946,0.0004670613378982395,0.00145051371966186,0.0007540463018820649,0.0003055409185062746,0.0004817833768738716,1.0207226445841658e-6,8.431689937904132e-7,1.0199994463685359e-6
2025-06-14T21:21:05Z,40.23888538106779,-75.03369751841139,69.3917290973477,360.71775307133794,285.6099250931293,-0.9497108049799863,1.5988250457812683,-0.22203273322884343,1.3712574591627344,0.06348817636808235,0.02067535232913542,0.6463257783543668,-0.005797021368550759,0.01180996307289206,-0.014189956120844727,0.0001842935418237195,0.00018443067744236034,2.801983182730544,79.44538477513987,107.5616772529076,0.16088797128362808,0.00043715851334860304,0.000494674788553894,0.0014547954507658715,0.000754403939423244,0.00030550819351776325,0.0004821528995654732,1.0274974250370452e-6,8.38140987599028e-7,1.006888334054299e-6
2025-06-14T21:21:06Z,40.239269723241215,-75.02992382430409,69.78080166783184,358.90247649885714,287.505430649966,-0.9606242666886828,1.5943809187374427,-0.2266152555230292,1.387675873702392,0.06228983723121928,0.019672168588613204,0.6461826165104867,-0.0058751573449740135,0.011521277494182414,-0.013908956701527586,0.00018529499911427525,0.00018543343788425678,2.6976890172600845,76.2723562837468,105.51566671105054,0.14321825003851207,0.00041426651369394724,0.000520333755304062,0.0014593076487610544,0.0007546933764521223,0.0003058489971768053,0.00048261415827041687,1.0358040208797918e-6,8.34740535842657e-7,9.952174913111813e-7
2025-06-14T21:21:07Z,40.240069559278794,-75.02635217439617,69.9452834087424,357.73703967779875,288.7069158256054,-0.9872521495017281,1.595293448146549,-0.23135224020552414,1.402697232522769,0.06119625595556499,0.01899029771698224,0.6458858569603763,-0.005928958297886311,0.011210698462946311,-0.013658962090630666,0.00018629657910127688,0.00018643624418011092,2.5962808258711,73.84276276586685,103.95281127795651,0.13149523119037843,0.0004047936495773013,0.0005449691358665702,0.001463871159794788,0.0007549460680023624,0.0003064380460833038,0.000483167069767908,1.0454608077608152e-6,8.325301730278397e-7,9.850801018807714e-7
2025-06-14T21:21:08Z,40.241233663595516,-75.02296721910477,69.92128550354391,357.2712911963463,289.3682213574648,-0.9329487043105473,1.6023036752885673,-0.26592763257212937,1.412911423962214,0.060237351008709084,0.018559815909611643,0.645449621573789,-0.00596124606227022,0.010882682162105084,-0.013440156774208845,0.0001872982501904554,0.00018743909110445167,2.510051676155424,72.03874106919385,102.85005374077193,0.12472453687539797,0.00041175724276627795,0.0005687354459700029,0.0014719874013290773,0.0007551834399190388,0.00030719293614873803,0.0004838028678818802,1.0562065911665208e-6,8.311509859907318e-7,9.764468352549997e-7
2025-06-14T21:21:09Z,40.24268063212588,-75.01959133474148,69.82468228647485,357.26473954692483,289.65471888147295,-1.1210614803640055,1.6106611159921158,-0.2739654160632199,1.4473791719428846,0.05927878007150866,0.018339631008529977,0.6450495011304156,-0.005975287733690493,0.010570910147464474,-0.013230107549304648,0.00018829999927407747,0.0001884419735173268,2.4466325310189796,70.71495326308249,102.09152559655946,0.12341626807132888,0.00041973100335185233,0.000593393666334098,0.0014759279117993434,0.0007554233842807355,0.0003080620788152794,0.0004845117999669216,1.0677224755176914e-6,8.303235601326908e-7,9.688143117784267e-7
2025-06-14T21:21:10Z,40.2441924411795,-75.01631143446296,69.56961479457095,357.63618272170424,289.63718836195767,-1.280427931662416,1.6111493988209986,-0.28390036075143144,1.4853673416073434,0.05829375473967957,0.01826876249833731,0.644556432387617,-0.005973491120187191,0.010223884069148426,-0.0130150503122195,0.00018930181566310036,0.0001894448875927826,2.4128011247568812,69.78759221185068,101.66001514401147,0.12810952431482014,0.0004360802856792696,0.0006154243824583722,0.0014800699806248175,0.0007556805383968226,0.0003090120847742795,0.0004852799742124445,1.0796562731003744e-6,8.298398249773142e-7,9.61604924691098e-7
2025-06-14T21:21:11Z,40.24586762365564,-75.01300454067989,69.2018398521468,358.12694058194757,289.9088465087116,-1.5154854952561436,1.6089897493438912,-0.2929811837911984,1.5144019022773136,0.05726718937557962,0.01835385069921358,0.6441157797598862,-0.0059545086676280334,0.009894331287796376,-0.012796142281388256,0.00019030370138388506,0.0001904478307654858,2.4015723291052917,69.21751504520246,101.45406361887164,0.12957132451174835,0.00045823077557695813,0.0006343562316063405,0.0014845139773147311,0.0007559764717803625,0.0003100071772590189,0.00048609734568260895,1.091586884535084e-6,8.295487852378465e-7,9.540046430903965e-7
2025-06-14T21:21:12Z,40.24768591097627,-75.00966509886094,68.57541674887761,358.7068789396435,290.51619568280876,-2.1093950637587113,1.5833820992629626,-0.316729178533933,1.5365663184056757,0.05616424909885609,0.018643124838717995,0.6437175769606256,-0.005913740494804642,0.00957463690917848,-0.012559670447728877,0.00019130565276730235,0.00019145080123156928,2.395827752779812,68.91995847324814,101.40673700617546,0.12772959379090487,0.0004888911032463549,0.0006505761896844852,0.0014920879969519565,0.0007563333111891119,0.00031099533781919737,0.0004869550690453315,1.1030263886385403e-6,8.293280086550755e-7,9.456092345631864e-7
2025-06-14T21:21:13Z,40.24968703946778,-75.00626562733315,67.74900092137977,359.4510325547308,291.02048348262906,-2.470738846313907,1.5650005555071402,-0.30613944083052047,1.5563942317749024,0.05491285819744007,0.01924954138121393,0.6433892677378026,-0.00583918558811547,0.009268706032798946,-0.012289260405793812,0.00019230765670319046,0.00019245379669975994,2.39335290358797,68.8199353200159,101.6192066676811,0.1291758553146536,0.0005126690765183505,0.000664847065140066,0.0014927585881913657,0.0007567581567039155,0.0003119201504151001,0.00048784555202580245,1.1134859568588856e-6,8.290594924542307e-7,9.367766936553888e-7
2025-06-14T21:21:14Z,40.25178836838521,-75.00296174051749,66.86147028533742,360.3801839314401,291.9300271552056,-2.5751929687248776,1.5587904454951058,-0.31030989827922895,1.5756733118978445,0.053612113286817475,0.020129747208784465,0.6429560402102652,-0.005734605888562783,0.008923337130454456,-0.011992351615049301,0.00019330969223672743,0.00019345681549003355,2.392988977654525,68.89796819328636,102.09816181952657,0.12748008355809426,0.000543368383063932,0.0006781747006931976,0.0014965382408755551,0.0007572573091037937,0.0003127433751368726,0.0004887609494433499,1.1226171086016677e-6,8.287225502348668e-7,9.278128196891646e-7
2025-06-14T21:21:15Z,40.254182198986584,-74.99974564606195,65.85778286028653,361.6483895312995,292.6013285983354,-2.7460494010301773,1.5551094671609462,-0.29965935748077754,1.601776520947169,0.052408867846224894,0.021246484229095586,0.6424684616140439,-0.005605755828639758,0.008578675742285213,-0.01169985681599428,0.00019431174692820748,0.000194459854973115,2.3913504987380687,69.09347095327482,102.81271092657805,0.1271984851595097,0.0005730330255387629,0.0006889549237190523,0.0014963451941828751,0.0007578369185961646,0.0003134326336717647,0.0004896960903046354,1.1301404578683277e-6,8.282511371406775e-7,9.189945490317505e-7
2025-06-14T21:21:16Z,40.256778774356945,-74.99663517774718,64.84373283619061,362.90649056620896,293.342612458393,-2.6845669874019222,1.5559502147807507,-0.3150973122828873,1.6079111974831903,0.05129385490226923,0.02255495770464222,0.6418924032404902,-0.0054552008691644005,0.008220825864555081,-0.011408285460447587,0.00019531380569907556,0.0001954629129491136,2.3855008005121086,69.39770523726605,103.78459276368221,0.12345658008191596,0.0006070528871693197,0.0007059056632323393,0.0015030087049126499,0.0007584981515438337,0.00031397319839892706,0.0004906437944924655,1.1358955792542348e-6,8.276542713126752e-7,9.106952041651845e-7
2025-06-14T21:21:17Z,40.25969300313264,-74.9936005068564,63.94369687791914,364.3703107815236,294.028674704954,-2.6417417063203175,1.5557198845708626,-0.29554427462426247,1.6196413189609302,0.05028665649342656,0.024112876267054162,0.6412774489363073,-0.005278069795963347,0.007873196743958033,-0.011119132482861005,0.00019631586143041227,0.00019646598624115184,2.370515670424286,69.78550603039133,105.01060404739667,0.11904848836289894,0.0006302594090823194,0.0007228748993189127,0.0015003309022134858,0.0007592380012203042,0.0003143684093258643,0.0004915980194858063,1.1398967577098922e-6,8.26872083844928e-7,9.031836515570589e-7
2025-06-14T21:21:18Z,40.26269712764486,-74.99068579241357,63.14656862337142,366.0025772936642,294.49943912029266,-2.513491242090822,1.558831817623286,-0.2927194570111169,1.6441284064640058,0.04939706245158959,0.025751628843636354,0.6405454053747235,-0.005088868051359441,0.0075017948376228105,-0.01083439747696957,0.00019731790376606328,0.00019746907338357288,2.3511839243411865,70.25372039692581,106.51256389969507,0.11630333765519818,0.0006656873384489554,0.0007372013009507092,0.0015013932978458107,0.0007600456023009422,0.0003146554802266293,0.000492551560786317,1.142412431001285e-6,8.259980145729533e-7,8.967520687854976e-7
2025-06-14T21:21:19Z,40.26582569341796,-74.98784659650092,62.280003365827724,367.5570749938488,295.1285603120923,-2.610994994494831,1.548018070498074,-0.29882776447448123,1.6638740871057962,0.0486716435902963,0.027380064053204478,0.6397645482502412,-0.0048974114848192585,0.007132954464594832,-0.010572624481426374,0.0001983199330414409,0.00019847217235850588,2.3244906762203112,70.79401740299569,108.20610279522762,0.10930641447926182,0.00070388133952667,0.0007553335671727716,0.001504651345176977,0.0007609124883047477,0.0003148647283334866,0.0004935008161936228,1.1437052276982389e-6,8.250113435257729e-7,8.91438671172412e-7
2025-06-14T21:21:20Z,40.269063075101876,-74.98508395632001,61.47218704619445,369.17955263890326,295.631718095392,-2.3964153395354515,1.5599589816047228,-0.29817337235363084,1.6758042622022913,0.048067056830859656,0.029060120374424514,0.6389301192684798,-0.004695234339578747,0.0067599961651865215,-0.01032146048606819,0.0001993219522433629,0.00019947528204220462,2.2873218953085734,71.43172966374321,110.23431509429248,0.10299621057220654,0.0007353799127776079,0.0007806018656279822,0.0015060917133309778,0.0007618264600011269,0.0003150407742428987,0.0004944429843754299,1.1441236014841201e-6,8.239154584713212e-7,8.873237497981445e-7
2025-06-14T21:21:21Z,40.272330314684275,-74.9823907185984,60.90433583804406,371.0533765144646,296.1556493975222,-2.1956758849410107,1.5655338437791215,-0.290211220000856,1.6818330187088577,0.04755777605851108,0.030760768462187116,0.6380376116139814,-0.004482839963998231,0.006379841880061576,-0.010076031188532397,0.00020032396512057783,0.0002004784023880697,2.2467602953571815,72.15799088335987,112.56878915611311,0.0983309323814493,0.0007591979145462799,0.0008138484990392112,0.0015054166579268208,0.0007627722803426952,0.00031523511015692105,0.0004953765550419216,1.1439988597354268e-6,8.227549696259783e-7,8.845675384395219e-7
2025-06-14T21:21:22Z,40.27552559965784,-74.97972984131589,60.41585333715193,373.08509853854775,296.57073142565787,-1.9593212233448867,1.5767526118579553,-0.2973930751395528,1.676454216853017,0.047167842704311624,0.03227498060141443,0.6371277013604413,-0.004284003071802545,0.005995089424999378,-0.009857645934687298,0.000201325973405836,0.00020148153369808016,2.2090446326156874,72.98340498385593,115.2385521013804,0.09546450972788822,0.000779211123427011,0.0008603256582657135,0.0015086235672493538,0.000763739228087704,0.0003154692353093705,0.0004963019495070631,1.143394801380051e-6,8.215670545257983e-7,8.832088903810331e-7
2025-06-14T21:21:23Z,40.27874134643408,-74.9771374518543,60.265968828927726,375.3145783133805,296.84432477504015,-1.555922732273757,1.5976945011789212,-0.28980623753523105,1.679505812440766,0.046856853466579196,0.03380390359143348,0.6361844705897965,-0.004074327141722733,0.0055979586961427685,-0.009647340704361795,0.000202327978677731,0.00020248467565953457,2.180144922911364,73.9258776880181,118.31301705255274,0.09535369023625295,0.000795354540019524,0.0009074584400578843,0.0015071971453526642,0.0007647201487852168,0.0003157346508017783,0.0004972224828790275,1.1420241064782336e-6,8.203240640287895e-7,8.832885629515574e-7
2025-06-14T21:21:24Z,40.281884283368754,-74.974581547459,59.93350985366851,377.1448156107217,297.372814912349,-2.0540370254893787,1.5696680334658595,-0.2651267426317645,1.6851663071211078,0.04663216245398871,0.035165969588433654,0.6352408672319143,-0.003877710419203595,0.0051798995263823144,-0.00946241196226083,0.00020332997772009185,0.00020348782870163458,2.1544709456571205,74.87936848765858,121.39238533968914,0.09134668879147967,0.0008014928533749083,0.0009594062680403364,0.0015011971504120417,0.0007657107650707909,0.00031600610850532226,0.0004981420302762518,1.1394887512323011e-6,8.190720153728144e-7,8.847334737092282e-7
2025-06-14T21:21:25Z,40.28498921195155,-74.972008175722,59.59902249695733,379.181096829474,297.8196468818933,-1.6290487085061613,1.5937196088270866,-0.2717952365310339,1.6800655132174143,0.04645705626808194,0.03648218254738822,0.6343387381130015,-0.0036751809469137697,0.004785398064910851,-0.009283739981071903,0.00020433196823779884,0.00020449099365093564,2.1286646869760815,76.01548871594424,125.15735007338711,0.09004417718979385,0.0008090179533529717,0.0010255735444846359,0.0015029738731417222,0.0007667070120049895,0.000316279402132989,0.0004990645630391754,1.1355031714108594e-6,8.178666437574934e-7,8.875918611491327e-7
2025-06-14T21:21:26Z,40.288080428045795,-74.96949350384136,59.554399942280725,381.19312466681004,297.5144014842808,-1.4307232350329286,1.60363221008447,-0.27258358013932593,1.69943230937497,0.04633061082631684,0.03777173414027857,0.6334511282184394,-0.003464735404691055,0.004371133993885223,-0.009121017106679119,0.00020533395521757443,0.0002054941698834092,2.1125098155708097,77.24460674518137,129.23248792484762,0.09087656993640192,0.0008326298016119611,0.0010764354865206518,0.0015030506064679751,0.0007677060741735866,0.00031656579023001867,0.000499994702459962,1.1297596564208118e-6,8.166332243981291e-7,8.920148184168573e-7
2025-06-14T21:21:27Z,40.291124258660474,-74.96704883514649,59.66293411515653,382.9692115020007,297.2831803224981,-1.3250290274663712,1.6040920404120698,-0.29132295031558897,1.7129997153606382,0.04625320542481859,0.03902654225475999,0.6325661591472453,-0.003247637913005974,0.003926681786680319,-0.008970257400903847,0.00020633593645133727,0.00020649735817134803,2.1035351211869213,78.53978525107618,133.6251522262815,0.08985086601895287,0.0008532471880399098,0.0011396077020893833,0.0015072587930376798,0.0007687074938501329,0.00031685896342626086,0.0005009331413219048,1.1224895731438474e-6,8.154006087023598e-7,8.975684449925824e-7
2025-06-14T21:21:28Z,40.2942999493621,-74.96456841551394,59.85586779937148,384.79599739797413,296.61460767686367,-1.1602494515536819,1.6065736417440348,-0.2941698441100016,1.7367662405376905,0.04627108662907631,0.04027265956392512,0.6317893484447268,-0.0030303348625011495,0.00351869568855534,-0.008833451375778623,0.0002073379137968473,0.00020750056016324183,2.097887234734881,79.9286299776584,138.466368226456,0.09059276496351887,0.0008786006243146472,0.0011927777315055275,0.0015073547910944881,0.0007697086059267473,0.00031716805135756734,0.0005018794581415427,1.114744823665298e-6,8.141601973299582e-7,9.035911902333578e-7
2025-06-14T21:21:29Z,40.29747866162203,-74.96207825294005,60.10127020115033,386.6598379742354,295.799805348739,-1.1688269480509916,1.604612925060792,-0.3058677177759819,1.765222151268972,0.04637858811247497,0.04144973828442744,0.6310579888158827,-0.002822475337126207,0.0031127762454019603,-0.008700478414766621,0.00020833988478050782,0.0002085037791261926,2.0984268206705083,81.37339252966589,143.6530977240081,0.09284392230632765,0.0009158893005043016,0.0012417456474195956,0.0015100492786400083,0.000770702524011058,0.00031750502746609547,0.000502832212256743,1.1076830938054108e-6,8.129828238679799e-7,9.095074757947032e-7
2025-06-14T21:21:30Z,40.300738018389055,-74.95956403671106,60.37297195685096,388.4764887150377,295.17221285775304,-1.1499083403032273,1.6082111003415775,-0.31090433093413594,1.7802372150035808,0.046606279455318145,0.04262982370801183,0.6303811715552001,-0.002619749130559512,0.002723922723589567,-0.00856212632641018,0.0002093418496595718,0.0002095070180578865,2.1040660027986426,82.88197472416688,149.29163928215903,0.09445462771253699,0.0009355226240884885,0.0013061638655425655,0.0015107968314094086,0.0007716768700645108,0.00031787382972329656,0.0005037900985314786,1.1025207220290655e-6,8.118702526310066e-7,9.145927163642009e-7
2025-06-14T21:21:31Z,40.304063474453514,-74.95705257190104,60.74200668022968,390.3184387758374,294.6991307530552,-1.2371937649950269,1.5987748170446139,-0.319966955750715,1.8028352071414702,0.04700135952452911,0.04388031002645221,0.6297120447052293,-0.002416804863599964,0.00233570971479935,-0.008399392500052727,0.00021034380747977113,0.00021051028028624939,2.112858558424764,84.44163799523227,155.31536493550027,0.0963326769200249,0.0009725503340237878,0.0013600633492556293,0.0015134975688140002,0.0007726171126664205,0.0003182784832049289,0.000504751623037076,1.0999975125119492e-6,8.108622856340438e-7,9.182586800595829e-7
2025-06-14T21:21:32Z,40.30746405863847,-74.9544733404754,61.12228347547352,392.21952970698476,294.4097506534308,-1.1244891884416575,1.596089301216125,-0.3055309175615548,1.827210088558786,0.04752362542421906,0.04508838773608659,0.6290889571755542,-0.0022340123633455278,0.001962327520587337,-0.008225214912329193,0.00021134575849033536,0.00021151356792788883,2.1245879593613717,86.10168974931888,161.92595639789081,0.09824403973168183,0.001004345756623339,0.0014076964244110353,0.0015099009863644025,0.0007735134611746834,0.0003187249063933863,0.000505716834948248,1.1003148541241293e-6,8.099444063308692e-7,9.201635086509366e-7
2025-06-14T21:21:33Z,40.31083080537259,-74.95181797019966,61.45553540624678,394.3661342151463,294.38976906239986,-1.3705323515678174,1.584057712178037,-0.3300001943134703,1.844547353539383,0.04815371210543162,0.04619245485127976,0.6284756395107252,-0.0020792781198224475,0.0015862113410278766,-0.00803357944681693,0.00021234770030303094,0.00021251688323508614,2.140773018592261,87.77932054611995,168.7484014087984,0.10132701375777986,0.001055992246032593,0.0014623740012906148,0.0015183932798547178,0.0007743604999068794,0.0003192146518846922,0.0005066844457011099,1.1033580354440047e-6,8.091672812794455e-7,9.200848126376191e-7
2025-06-14T21:21:34Z,40.314380814953374,-74.9490942871933,61.510732849128544,396.52557242661715,294.6894853897393,-1.804470866707561,1.5599337601015577,-0.32642307919013547,1.8778325056046015,0.04892431729012969,0.04735637474050236,0.6279105809808243,-0.001933924521466679,0.0012329678596429972,-0.007824953399961032,0.00021334963663821927,0.00021352022553373435,2.1595023703784646,89.4810333440713,175.8047698094751,0.10252366727851892,0.00112590728544337,0.0014846417363295718,0.0015198016269347768,0.0007751555253093724,0.00031974596360843097,0.0005076553282093488,1.1088040498856602e-6,8.084191500278984e-7,9.179187885537041e-7
2025-06-14T21:21:35Z,40.3180013456954,-74.94631352141455,61.39839605148882,398.79967509023845,295.16581792011857,-1.956870612462808,1.546443868370261,-0.3242174996812537,1.905236222417443,0.04983107348516569,0.04854522596360766,0.6273462272292818,-0.001801193298774706,0.0008775841552903785,-0.007590136488090593,0.00021435156315846983,0.00021452359567883362,2.1785833513616963,91.30438588175724,183.42716897191846,0.10501457319796226,0.0011937876945168114,0.0015105162622742222,0.0015222520037574414,0.0007759023942436559,0.00032030681593726016,0.000508628213613259,1.1160934379500588e-6,8.077425770423219e-7,9.138816309936819e-7
2025-06-14T21:21:36Z,40.32172463693364,-74.94347933683638,61.226924353977665,400.86663942970335,296.1863829474896,-2.180954594790819,1.52697361526225,-0.31190943501678703,1.9389392141529243,0.05086684128445995,0.04977063618980537,0.6267697980438243,-0.0016805685492187195,0.0005140220426653741,-0.00733072211784247,0.00021535347850411166,0.00021552699368002483,2.1927178764379476,93.15491170552848,191.253381212314,0.10329005163215721,0.0012725672002634656,0.001519704989877249,0.0015221519768668429,0.0007766082313573967,0.0003208902052119171,0.0005096019515311963,1.1247694579572384e-6,8.071169520094896e-7,9.082769373781664e-7
2025-06-14T21:21:37Z,40.325514127729356,-74.94056741174876,60.99180163373239,402.7906991094351,297.3395437076688,-2.3476410602452233,1.5093588398667634,-0.31555862817913294,1.9555436296577682,0.052017809316566854,0.051002486010929715,0.6261694135100697,-0.0015749377033671408,0.00015008937940574896,-0.007046196598338383,0.00021635538188020248,0.00021653042005743796,2.1974347964346523,95.09413488503827,199.3980534566441,0.10268820881955565,0.001334664598427612,0.0015565693513949908,0.0015278186750303177,0.0007772836352795955,0.0003215001706197118,0.0005105745217802148,1.1344976780916542e-6,8.065492112971869e-7,9.015178332531594e-7
2025-06-14T21:21:38Z,40.32938057196192,-74.93756512005676,60.66332327434793,404.6522367205471,298.8971900306642,-2.486376817279961,1.491155794057704,-0.3044055644531909,1.9846107987541473,0.05323819816157993,0.05220504064436682,0.625548676289327,-0.0014852242161964568,-0.0002022253690316944,-0.006748990525835552,0.00021735727899911868,0.00021753387475386887,2.1939748409563413,97.08241082202211,207.84651025199273,0.1000205441194334,0.001418863290193091,0.0015621302480041085,0.0015291008066156998,0.0007779421454990114,0.0003221605558372456,0.0005115433438147461,1.1451232968010976e-6,8.059928603048214e-7,8.938320788163804e-7
2025-06-14T21:21:39Z,40.333139115755806,-74.93446080158029,60.300430165370926,406.46824997477233,300.82704084180295,-2.399575435134466,1.4806444063506206,-0.29362361841413076,2.00275267046527,0.054450462875593075,0.053231811476052826,0.6248715788315167,-0.001422480827230288,-0.0005604503615046497,-0.00644854289430441,0.0002183591727115357,0.00021853735876777445,2.180221115843169,99.16298875921852,216.74691344414123,0.09604645744294305,0.0014819318858337851,0.0015862239423371442,0.001529805635676026,0.000778594133836589,0.00032289155677886044,0.0005125035767170334,1.1564990130762656e-6,8.054745527064514e-7,8.852491232481185e-7
2025-06-14T21:21:40Z,40.33671199379712,-74.93124449451508,59.87444089585915,408.1955510620028,303.0755021777004,-2.554804551153211,1.4672863249361399,-0.2761179024910234,2.0355613632127643,0.055627168137561966,0.05403649482241235,0.6241244806806208,-0.001387195732590385,-0.0009212238353768498,-0.006148215070624019,0.00021936106553245094,0.0002195408722920678,2.1561564109703837,101.24569069927041,225.57796918045617,0.09129195713619309,0.0015786430884208588,0.0015725359286226112,0.001529065748684531,0.0007792546622885837,0.00032370307261843123,0.0005134501990734125,1.1683282854906442e-6,8.04991307183935e-7,8.761166565427568e-7
2025-06-14T21:21:41Z,40.33998328651148,-74.92790487843962,59.125212750863284,410.1361769475043,305.13507195189595,-2.7551491310441634,1.4424256910060649,-0.27845329919000505,2.0763901152531616,0.05667279521458113,0.05452269461056858,0.6233329187598429,-0.0013799701831231914,-0.001270591282995781,-0.005867149920675274,0.000220362953233476,0.00022054441535399513,2.1316224171379266,103.40315265890298,234.60773708471677,0.0916376171470793,0.0017204192119460256,0.0015318807401677034,0.0015387782263649396,0.0007799361071977085,0.00032459386159202014,0.0005143772211968053,1.1803243455428707e-6,8.045460169702529e-7,8.667862808480598e-7
2025-06-14T21:21:42Z,40.34296254424093,-74.92447434797727,58.20523411827162,411.7311163228005,307.7735552508384,-2.849354670936009,1.43016727824579,-0.2737364880867972,2.0953801220457535,0.05766190731401366,0.05476538589255142,0.6224547465026262,-0.0013906265274670204,-0.0016199616937342398,-0.0055905262044575466,0.00022136482600822722,0.00022154798626593172,2.104852147733449,105.57244614201372,243.751832518441,0.08561786036775987,0.0018024787806064932,0.0015376610712348534,0.0015431477444720794,0.0007806370166298219,0.0003255510028726644,0.0005152763840487016,1.1921627660951138e-6,8.040693391518331e-7,8.570057099355011e-7
2025-06-14T21:21:43Z,40.34554067989313,-74.92094995369027,57.258850410347804,413.5223125629127,310.7733114492148,-2.7356626525433967,1.423122848260391,-0.2678131724733248,2.116024215662037,0.058579170718530804,0.0546970038208201,0.621459310175851,-0.0014247832259286497,-0.0019886775682493862,-0.005318780411073476,0.00022236666259521922,0.00022255158500953485,2.066400000889994,107.7904499467526,253.18947618798828,0.07896138176822431,0.0018850889591835434,0.0015370305967063078,0.0015470397694976035,0.0007813624636532865,0.0003265453045982219,0.0005161372366136128,1.2034876496655813e-6,8.035974556405902e-7,8.468641892104104e-7
2025-06-14T21:21:44Z,40.34771727158384,-74.91735592349025,56.21076853224076,415.5926426835358,313.9155269097537,-2.734734060417395,1.4220809674880002,-0.2525741816716618,2.1230688455689233,0.05933265371231755,0.05431264261414981,0.6204130555488518,-0.0014723405017491586,-0.0023598200383219137,-0.005075235630357611,0.0002233684266205146,0.00022355521221322942,2.017138209102969,109.97209743063753,262.67163013806754,0.07088080681860431,0.001918274910214002,0.001569493161654429,0.00154290763101859,0.0007821282421658528,0.0003275348349712171,0.0005169524907957954,1.2141479725946554e-6,8.031288191985598e-7,8.371649582319359e-7
2025-06-14T21:21:45Z,40.34945743486391,-74.9137546895751,55.044165330706164,417.71524492278695,317.29916199296713,-2.6735259530250914,1.4212698980336427,-0.23576886319096957,2.1241298418317456,0.05990677466206762,0.05362239851774575,0.6193090939123067,-0.001525618761021974,-0.0027650553411007195,-0.004864286717690902,0.00022437007854954615,0.00022455887229185355,1.9520133425984858,112.136969132791,272.677533027866,0.061262462522549854,0.0019244398196568834,0.001626530705689791,0.0015365389290752686,0.0007829407352219297,0.0003284766967699422,0.0005177187482414725,1.2244749962430686e-6,8.026967238622105e-7,8.289332054629998e-7
2025-06-14T21:21:46Z,40.34937850895146,-74.90989945674954,54.9851231102366,420.0058663506061,323.3422410208732,-2.387560755145387,1.434377584620961,-0.20729183155890496,2.1066591909329873,0.060810006864358,0.052233030372008216,0.6174597416102188,-0.0016171052132136765,-0.0032120965892801223,-0.004511935243755261,0.0002253715834911187,0.00022556257381312617,1.8629636281007451,114.30531375583055,283.7587349282721,0.053770593342691186,0.0018701057658386908,0.001750065861825031,0.0015277736287249207,0.0007838021296441822,0.0003293513279945488,0.0005184394833909006,1.235247318539245e-6,8.022970988957995e-7,8.235269623604408e-7
2025-06-14T21:21:47Z,40.34794518454105,-74.9062317372961,55.39345163758844,421.8943399284035,328.8677197881043,-2.035245770108304,1.4423890376929194,-0.1899056435422608,2.1061672108771745,0.061539923907730554,0.050358328027414245,0.6153073925743229,-0.0016586610626632137,-0.003708908992365423,-0.004181006892792993,0.00022637288077355426,0.0002265663259083424,1.7682749619574423,116.58569783985094,296.7467239026541,0.05669358329958796,0.0018642637223328818,0.001856762827427414,0.0015254534645787975,0.0007847181629813683,0.0003301584304406511,0.0005191252994648618,1.2470601345131862e-6,8.019190538703907e-7,8.227673779538043e-7
2025-06-14T21:21:48Z,40.346896329452974,-74.90307794205317,55.20776924327947,422.927846532315,331.18823510222137,-2.0036208106175764,1.4378093261912,-0.17719252604183566,2.1147002121142577,0.06172082486864383,0.04867298081398985,0.6136246795431362,-0.0015984359402949622,-0.004234295363858109,-0.0040283113320640496,0.0002273738559885581,0.0002275701237996624,1.704280892722908,118.89818205975354,311.5881409055364,0.06352450381629338,0.0018705307961932342,0.001971594249793785,0.0015207372349931225,0.0007856844383006255,0.000330899691531679,0.0005197873766498857,1.2585222770013429e-6,8.014854977928165e-7,8.27501042871629e-7
2025-06-14T21:21:49Z,40.34576291179548,-74.90032120783479,54.77911080396734,423.17194496281445,331.1693756300956,-1.7916930853607482,1.4309661404549843,-0.1781538215573164,2.1415344600682147,0.0615703991461487,0.04700848703214433,0.6121761837785016,-0.0014676897905303576,-0.004785555967117716,-0.003980768194566053,0.00022837436097326633,0.00022857394439627595,1.6804011946529285,121.19780343604475,328.2150459666278,0.0641662511108182,0.001922345269806057,0.002057925699430931,0.001519693045559106,0.0007866787017431643,0.000331561881908822,0.0005204296088517202,1.265943165044496e-6,8.00983456501689e-7,8.366242323176228e-7
2025-06-14T21:21:50Z,40.34465157781878,-74.89784687175636,54.23423963203095,423.45248708315194,329.8550416957587,-1.7356732735861442,1.4203312683821423,-0.1840355526701387,2.1785535242815968,0.06120882650475323,0.04537688836126108,0.6109267974170507,-0.0012943079512552913,-0.005347205196670757,-0.004005697046778778,0.00022937424118969426,0.00022957775778785825,1.6860450797095432,123.19489290255495,344.86993033934016,0.06771465559211853,0.0019891600613579563,0.0021223721287051602,0.0015189723362528747,0.0007876751875631457,0.00033210998658188815,0.0005210488036710456,1.2661289759327559e-6,8.00388860346204e-7,8.479793619355243e-7
2025-06-14T21:21:51Z,40.34330040390048,-74.89560815135762,53.66057362034917,423.52292902581394,327.35451450943947,-1.686143749531766,1.4038821720314445,-0.18801422195247142,2.22114356115344,0.06072176520183348,0.043695571187072346,0.6097639327854267,-0.0010856554008995545,-0.005894628275626701,-0.004074028980483035,0.00023037340942344168,0.0002305815418844147,1.7104215305682506,124.85602794759754,360.55811323156,0.06761039912543565,0.0020559330713818026,0.002162794140585946,0.0015165012890015308,0.0007886566769335388,0.00033251390279489504,0.0005216428774518345,1.257930047601048e-6,7.9972537241429e-7,8.597835684568749e-7
2025-06-14T21:21:52Z,40.34133708761803,-74.8936504450517,53.3261176222004,423.4923998117447,323.84673398919404,-1.3488542207342107,1.402409044043452,-0.20831236672620435,2.249261550794472,0.06013838313174347,0.04185157999791045,0.6085790772704058,-0.0008358310590423912,-0.006422037278213111,-0.004173054870108217,0.0002313719168651105,0.00023158528440520528,1.7387435055635103,126.20073675062064,375.12521615274164,0.0669543905677289,0.0020711743364140414,0.002237404236901419,0.001518544201370839,0.0007896189181232039,0.00033278104161853185,0.0005222149653121956,1.2417431948377138e-6,7.990393116565847e-7,8.710028032196145e-7
2025-06-14T21:21:53Z,40.33947395050053,-74.89186379654802,53.32527250633575,423.34186795540154,319.643213249743,-0.9380924410907028,1.400105444015935,-0.21921740889320063,2.2993118875456275,0.05953810456367137,0.040063511296921206,0.6074753779321327,-0.0005713119945554013,-0.006935661919271752,-0.004293206625845869,0.00023236992419296213,0.0002325889873094447,1.7603727477436164,127.24571200354434,388.0426670960708,0.06404432267794447,0.002138243478214251,0.002229252208901399,0.0015176298800889628,0.0007905684558099656,0.00033294620824552643,0.000522769478872578,1.2196503179233398e-6,7.983453102050255e-7,8.813215240607316e-7
2025-06-14T21:21:54Z,40.340873976071215,-74.88921381071584,53.02417502575554,424.2786341253668,317.8139442857355,-0.6047616479154385,1.4072744163495372,-0.22575985999446857,2.3487074313743506,0.05912556311568551,0.03910662446787683,0.6070241174529656,-0.0004786978318520596,-0.007427715584469752,-0.004384966490079023,0.00023336764486931488,0.00023359266762026072,1.7708219883994232,128.062523769493,399.702830696886,0.062053848201577666,0.0021948121468873287,0.002215900450669548,0.0015167653022059406,0.0007915141443225124,0.00033305190877368565,0.0005233117173555629,1.1944927118320077e-6,7.977008270394921e-7,8.910066852574308e-7
2025-06-14T21:21:55Z,40.35120029766119,-74.88377871811618,51.08614652743563,427.4148244019598,323.8669508770108,-0.6279910262237536,1.4337706252772477,-0.2183185871454043,2.3730049767909804,0.05923226453296593,0.040455729556015285,0.6082704326254316,-0.0008620951820645928,-0.007853431324349458,-0.0043665447937257795,0.00023436532583528304,0.00023459635277611583,1.7762438507458376,128.73283614988992,410.55440108774195,0.062244805114981205,0.0021702521813885874,0.0022744847134144102,0.001514120148094048,0.0007924657208045335,0.0003331570331927068,0.0005238489951173564,1.169080797452601e-6,7.971274243536633e-7,9.006062999143626e-7
2025-06-14T21:21:56Z,40.360917380050914,-74.87836361165719,49.15946680097841,430.68618360720575,329.7794422339648,-0.785012376265513,1.4573854735353962,-0.21803697904306318,2.411408721571206,0.059269005010264664,0.041621121844855224,0.6094256455180584,-0.0012167012528294663,-0.008265143471589909,-0.0043574538144071084,0.00023536318778823124,0.00023560006237959905,1.786612387473591,129.30727409966542,421.2371633334107,0.06540780340292918,0.0022026570506315443,0.002286667671765229,0.001515025550236596,0.0007934291263615448,0.00033332728268289653,0.0005243971270604425,1.144832658199166e-6,7.96631562916851e-7,9.10528251313827e-7
2025-06-14T21:21:57Z,40.36846720243752,-74.87357003657118,47.48849040828645,433.6443486418575,334.0177523083985,-0.9754019458523544,1.4646099845704157,-0.22137834352542995,2.4543913359375438,0.059146510775917704,0.04219754109135465,0.6101875055901473,-0.0014546913133557382,-0.008695418079810224,-0.004383004045905636,0.00023636142878511428,0.0002366038033194033,1.813386523673339,129.76609980621447,432.0303112432462,0.07321282910497706,0.0022456340032734733,0.002291692533111517,0.0015161249854639958,0.0007944053908367213,0.0003336367928717179,0.000524983872478573,1.1216778440102693e-6,7.962051485367967e-7,9.208372439491e-7
2025-06-14T21:21:58Z,40.37064770760484,-74.87071839715776,46.960989663610235,434.4655257258564,332.5835728030652,-1.0376732317308779,1.4556576523245894,-0.23096889921180264,2.47273323617992,0.05881026091037711,0.041493015789910714,0.6099173769471236,-0.0013702292040562725,-0.00915082778027454,-0.004470704335233222,0.0002373602959717472,0.00023760757117571665,1.8527861302359254,130.08455114829613,442.5430031152054,0.07690338141799791,0.0021925788577450687,0.0023847276517122325,0.001514421663902899,0.0007953939122380807,0.00033417354946658513,0.0005256457253694597,1.0984031526991617e-6,7.958500289429935e-7,9.31496267001646e-7
2025-06-14T21:21:59Z,40.37200381177413,-74.868387790621,46.77545476006344,434.89450960047543,329.45127771794796,-1.003889597748639,1.447212974409922,-0.22901583253678837,2.5138176839391235,0.05850556602990764,0.04071412060511648,0.6094895727947005,-0.0012002813305542759,-0.009594881550469836,-0.004564122009583116,0.00023835987896964476,0.00023861136335522753,1.8867017688045398,130.25349735513393,452.9040893312746,0.07666494970517468,0.002199626896128704,0.002403202272687359,0.0015099921164058903,0.0007963896894496508,0.000334941899952276,0.000526403624723132,1.0741613825004287e-6,7.955693642383195e-7,9.424391071430927e-7
2025-06-14T21:22:00Z,40.373781332653806,-74.86601556136833,46.63040887354873,435.6899718027562,326.2375744115561,-0.9296191550020012,1.4466045623266837,-0.2552309899547254,2.561908666160889,0.0582160524122628,0.04005552927674216,0.6091698158197687,-0.001047677270221925,-0.010060407352568745,-0.004653217376159091,0.00023936008278881355,0.0002396151951958125,1.9004948419697876,130.32545674490896,463.52671078946827,0.07343697162524754,0.0022523949497700252,0.0024080854232304506,0.0015165814140241337,0.0007973864262169991,0.00033586010101035714,0.0005272488973883681,1.0498911652693886e-6,7.953739319636752e-7,9.536715787346484e-7
2025-06-14T21:22:01Z,40.37630691745419,-74.86361913380264,46.560817084042355,436.4067116230726,323.40578237362206,-0.7945674291113392,1.4435360961724655,-0.2531031564249133,2.603774188479292,0.057991113067146216,0.03971377093785122,0.6090046097306185,-0.000896389507303752,-0.010493041012352933,-0.004735485879479029,0.00024036077965233684,0.00024061910673642788,1.9032791331459686,130.31999420048945,475.6931992710888,0.07522288536730193,0.0022626683417280957,0.0024347710778193457,0.001512711149243154,0.0007983792141302881,0.0003368502899378079,0.0005281551979610638,1.0284358875730987e-6,7.952564318668264e-7,9.65197792770458e-7
2025-06-14T21:22:02Z,40.37932392319292,-74.86095619337277,46.51154598686844,437.3122620843351,321.3836435135454,-0.6407914143637754,1.446576827816898,-0.2562391700830631,2.6406240382784745,0.057784333693689405,0.03944509279790509,0.6089367982858676,-0.0007914377472104661,-0.01092787183819155,-0.004802957022747023,0.0002413618446049574,0.00024162313437899624,1.907328473818642,130.35496081344098,490.40489349119423,0.07662421433527788,0.0022763327566702974,0.002486544925040279,0.0015116888696314102,0.000799359883937263,0.000337835217206824,0.0005291029154446482,1.0115234071304916e-6,7.95195052285525e-7,9.768115276019415e-7
2025-06-14T21:22:03Z,40.382809362181334,-74.85799072275368,46.44371398841031,438.593537196517,320.45865687169135,-0.508158509628629,1.451821378665045,-0.25834133119315084,2.673434830372571,0.05760439416326335,0.039259473376660026,0.6089494171392289,-0.000728962965119706,-0.011323236912176071,-0.004855240704898733,0.00024236314488688179,0.00024262729064364644,1.9184072637964846,130.41291078430257,507.9657431832645,0.0809822863144648,0.0023013497082797455,0.0025483900991135683,0.001511119851920304,0.0008003218858356679,0.0003387557460929227,0.0005300781572709346,9.994863268740544e-7,7.951697632243481e-7,9.878068934267098e-7
2025-06-14T21:22:04Z,40.386541342692524,-74.85491405353665,46.36202247766778,439.59646793827415,319.8913933020085,-0.6649330872569408,1.4426294944278197,-0.2782258104380162,2.6980460189370206,0.05746507563299019,0.03916682003682581,0.6089984152422403,-0.0006760444794338127,-0.011699230184547105,-0.004893006121335475,0.00024336455481997518,0.0002436315780443132,1.9380094886974544,130.48716907659954,527.4297703035526,0.08242249129401691,0.002341300246347124,0.0026353226628799092,0.0015169353358067325,0.0008012596342543565,0.000339557063470052,0.0005310703396167732,9.921325111672832e-7,7.951640115508053e-7,9.973510742250765e-7
2025-06-14T21:22:05Z,40.39071711457828,-74.85181200164575,46.17559302318841,440.69669815711677,319.21036715619266,-0.7619589842797723,1.4352835916579352,-0.2771359895450587,2.7331269638234517,0.057370942380202905,0.03927562427452358,0.6091248594821081,-0.0006190259708276358,-0.012059065690891657,-0.004922069355501435,0.00024436595452809396,0.00024463598504010205,1.9592274600172097,130.62375319080496,549.306568353389,0.08546162508267463,0.002412796184876737,0.0026787442449736124,0.0015164995792113162,0.000802174500533721,0.0003401974736881156,0.0005320696800971117,9.886907832686641e-7,7.95185626974803e-7,1.0048036089173315e-6
2025-06-14T21:22:06Z,40.39513241978917,-74.84866955058666,45.987842603819445,441.5583249051124,318.58124443888664,-0.8562411451639491,1.4216431556997122,-0.28447583164597745,2.7686336774058873,0.057303855951431615,0.03949852371806628,0.609296913673461,-0.0005615970315275831,-0.012440690685423306,-0.004936477097032821,0.0002453672515571438,0.00024564050430301866,1.9796937137944772,130.81039993040218,572.8734369520336,0.08775182579407093,0.002509637167246736,0.0027176620216716554,0.0015201545083856304,0.0008030717577280159,0.00034065633415183863,0.0005330686775036771,9.887235307931354e-7,7.952178497097723e-7,1.009783049709928e-6
2025-06-14T21:22:07Z,40.39986018697803,-74.84543748872966,45.718508762074634,442.26313427835703,317.7953593619168,-1.0336336996988393,1.4038185554818483,-0.28058004680497106,2.812114081607433,0.05727037922997624,0.03986688389159099,0.609519772719068,-0.0005062155873787333,-0.012815264379071323,-0.004934506267062488,0.00024636840756945953,0.00024664512538104,1.9977532961498412,131.0945743634411,597.5321619112678,0.09361165603401977,0.0026444805179984,0.002710047252177556,0.0015207048034206274,0.0008039562509043155,0.00034096967547879784,0.0005340626751661619,9.923267049945807e-7,7.952593995055284e-7,1.0114881299016594e-6
2025-06-14T21:22:08Z,40.40476879701551,-74.84197293613789,45.446142869535834,442.68255956843495,317.3084002919495,-1.0920926292528748,1.3907163333788048,-0.28107793054186914,2.849406819907017,0.05730726020101429,0.04035988160103443,0.6097407906927401,-0.0004591374888924804,-0.013163902614280687,-0.004894021721128183,0.0002473694726839184,0.0002476498275075849,2.023283778309207,131.55913082888478,622.9436956489001,0.10773226109873113,0.0027914386147723327,0.002695471686932339,0.001524122598676125,0.000804832300976011,0.00034124778179666065,0.0005350560161366065,9.997274157281876e-7,7.952862271978949e-7,1.0085922846618757e-6
2025-06-14T21:22:09Z,40.40970573186915,-74.8382184961271,45.22993399319239,442.9279234521091,317.40899213962257,-1.1255591316366917,1.3805975177092478,-0.2823637138099002,2.881409898720449,0.05735033446171656,0.04082595753152418,0.6099475777955377,-0.00043833669155191046,-0.013553574066577312,-0.004822966131627027,0.00024837057659840307,0.00024865455110336255,2.0816044608813224,132.2607777655721,646.7522324230882,0.13770171218204175,0.002922471547715014,0.002676352213749418,0.0015284818759803381,0.000805703101345214,0.0003416684127422296,0.0005360544590904713,1.0105814727059779e-6,7.952768327973062e-7,9.985688610119818e-7
2025-06-14T21:22:10Z,40.414401880042945,-74.83386348096766,45.15383710572496,442.9992120694369,318.88140738010406,-1.101072320547246,1.3732119329943089,-0.27187018114273087,2.9104667147330474,0.05745527619319546,0.04116977591138493,0.6100332035712199,-0.00046355716278156933,-0.013936718312095309,-0.0046903679160266165,0.0002493718342774612,0.00024965916223882166,2.214646145061328,133.28126112606262,664.4843840661753,0.19277761670175286,0.003026891092426993,0.0026075363229917698,0.0015284344537358986,0.0008065732834218847,0.00034237605258661814,0.0005370467844870323,1.0224144946322343e-6,7.951962700462302e-7,9.779718869218764e-7
2025-06-14T21:22:11Z,40.41825229580088,-74.82859768234388,45.28995986236259,442.94855124130845,322.66964895278215,-1.050737550969643,1.3689418142457725,-0.26661198775946104,2.9323970306140836,0.057582411622206564,0.041052565955851605,0.6098698137284373,-0.0005717982171020708,-0.014340495362148431,-0.00448649099317322,0.0002503731855805522,0.00025066342050346493,2.469256962526645,134.66772568338985,668.0633953535665,0.2754338844823453,0.0030702284411027628,0.0024860304181788724,0.0015330794612847063,0.000807449680874838,0.00034334041593022627,0.0005379794366147213,1.029325806059191e-6,7.950009711078221e-7,9.43183686228072e-7
2025-06-14T21:22:12Z,40.420670066457085,-74.82197624416544,45.842008439591154,442.9541536923498,330.7160589862615,-0.9818105419435597,1.359041894087568,-0.25531151441464317,2.9643179390695877,0.05772260074490987,0.04016706259199054,0.6093156069182442,-0.0008019185780057114,-0.014791053854594338,-0.004186493784771983,0.0002513742256790993,0.0002516670008735705,2.838223509138279,136.37392639528116,647.3245982520092,0.344315195720308,0.003050412682813112,0.0022246499339651426,0.0015389410921335476,0.0008083436102452161,0.0003442166311985536,0.0005387410478984627,1.0220052594719526e-6,7.946987670522191e-7,8.928848728126989e-7
2025-06-14T21:22:13Z,40.421589753263106,-74.8145919104589,46.649338241433725,443.39368814602494,340.92863109894097,-0.7574212636682205,1.3652584358205786,-0.20939661926877307,3.0004608225281117,0.05774117601413309,0.03844650313067177,0.6084696084362804,-0.0011154062598706105,-0.01527005107595869,-0.003880487988368486,0.0002523742733845058,0.00025266972624748995,3.2157285220510494,138.42345457007616,598.496536517668,0.37875312614377654,0.002848228932805907,0.0018732667485720268,0.0015239880418636143,0.0008092678646446226,0.000344386332511947,0.0005392249077127618,9.933279648854047e-7,7.943520469797073e-7,8.332788104775676e-7
2025-06-14T21:22:14Z,40.42120229802586,-74.80692918109328,47.668137019500136,444.34036047011614,351.901725448668,-0.5161872309472528,1.373501907568425,-0.2096029079029904,3.047573197138263,0.057581616491916066,0.035981133199129545,0.6074466817299253,-0.0014762668649126454,-0.015785293454314342,-0.0036219666977217457,0.00025337292192603803,0.000253671815109283,3.4655731969626618,140.71331287662304,530.1224410582404,0.36107055702434165,0.0025929236415564794,0.0014967453115759847,0.0015321543170123228,0.00081022461508803,0.0003434392174220067,0.0005394429575426172,9.464321834198321e-7,7.940493781035729e-7,7.771583797936979e-7
2025-06-14T21:22:15Z,40.420894882400425,-74.79988050924615,48.63035388919525,445.6014839205891,361.1613675840199,-0.37461085208997247,1.37462804979441,-0.18437699371770577,3.1109786626620917,0.057266102504854643,0.03350231926106062,0.6065773948794231,-0.0017892383213933272,-0.01632468517345842,-0.0034604584065078825,0.00025437038291267164,0.00025467372763428845,3.4982847316508634,143.14674399724896,458.27064960714176,0.2945005240136217,0.00226637430732391,0.0011682004860490709,0.0015235716389104723,0.0008112040713133486,0.00034153386007023854,0.0005395202339963742,8.930160242162032e-7,7.938862034427159e-7,7.346426482424503e-7
2025-06-14T21:22:16Z,40.421104175755026,-74.79368602584255,49.20966366585344,446.93221640586853,367.5942106116563,-0.47275431328489503,1.3641058169741882,-0.15410300996154547,-3.1115727900905767,0.05684147716738153,0.0312619969968182,0.6059444593047374,-0.002031241240018744,-0.016863733144987236,-0.00339602480212875,0.0002553672382078616,0.00025567587616567107,3.3460258888758134,145.6962017061295,396.0097453698478,0.2263042927085982,0.001930362864663714,0.0009607218480703752,0.0015133302359817422,0.000812193891774846,0.000339165664395373,0.0005396109602597139,8.449071413532783e-7,7.938702951971411e-7,7.086941045157119e-7
2025-06-14T21:22:17Z,40.422137796111166,-74.78836570076474,49.21604401804507,448.10440912656486,371.27926480956376,-0.6087456556233519,1.3559136092226254,-0.16298339255990868,-3.0705303095892305,0.05634355080883324,0.029399941416841102,0.605585940691526,-0.002201526916707053,-0.017418424336710814,-0.0034136848257020347,0.00025636391647023457,0.00025667842693831243,3.099117631470953,148.40415068579102,348.2045868344725,0.1676551296780705,0.0016513984052002578,0.0008623914725122459,0.0015138725116826404,0.0008131861401068114,0.0003367414784126077,0.0005397929913702851,8.07715016234967e-7,7.939911902961546e-7,6.964094577464878e-7
2025-06-14T21:22:18Z,40.42352277267069,-74.78339192357723,48.95723820803687,449.4123864620924,373.7503752205521,-0.6554612444451777,1.3538407268424635,-0.16799904753042938,-3.0202447252668208,0.05582264198847042,0.02771800284949677,0.6053418055016664,-0.002336332940046759,-0.017978620635744846,-0.0034611894195109016,0.00025736044307094776,0.00025768136748406743,2.8343076180056674,151.3142519111896,313.68656960673536,0.12890486140419466,0.0014466807183211576,0.0008104147504299396,0.001513215072400562,0.0008141772010535807,0.00033437014472133085,0.0005400617582047853,7.816229224189461e-7,7.941865215018669e-7,6.935773428508991e-7
2025-06-14T21:22:19Z,40.425101403477655,-74.77863668784714,48.55304916598834,450.9446622375399,375.6494244430214,-0.653341471501335,1.3546141650658683,-0.14425871355888376,-2.96290237546782,0.05528783763793399,0.026144538937614925,0.6051650104709552,-0.0024477461865899386,-0.01853783438582468,-0.0035269589018298575,0.0002583566263709782,0.00025868462310076756,2.592193781818697,154.37778269692546,289.3048985095091,0.10057377466407857,0.0012870953955058443,0.0007937451183523375,0.0015074717954640564,0.0008151641234118247,0.0003319796042605732,0.0005403826720993581,7.645125427162347e-7,7.944323068997291e-7,6.967613909015188e-7
2025-06-14T21:22:20Z,40.42748591364724,-74.77425572430546,47.842583377612755,452.5158316772431,376.30455236136913,-0.7431846774961741,1.3527586766140303,-0.1520003039358926,-2.910458975835354,0.05475838008260325,0.024905598490704506,0.605160998464271,-0.0025292739552469357,-0.01910267806988486,-0.0036188262603644716,0.00025935235246615323,0.0002596881167754974,2.3835504748067473,157.57803156799488,272.1015159375703,0.08222903961557126,0.0011803159060216806,0.0008031032597355018,0.0015074732146932231,0.0008161462525645422,0.00032952332876924064,0.0005407278655693149,7.541552901222935e-7,7.947507714625465e-7,7.035046564968384e-7
2025-06-14T21:22:21Z,40.429958223472354,-74.76989746247163,47.01559719792567,454.0671976786107,376.8940246812999,-0.8513229262534878,1.3517650029752986,-0.15928091650857823,-2.8415768092672806,0.05424592641202253,0.023726345068325827,0.6051672238609171,-0.0026021170986325615,-0.019645094054112633,-0.0037099225479408915,0.0002603475850625404,0.0002606917891515037,2.2078549383508617,160.92317855497444,260.0468418374762,0.06844517005248207,0.0011065605731740908,0.0008255452941087328,0.0015077459909135713,0.0008171254703233087,0.0003270006658789771,0.0005410776099179347,7.489395207091691e-7,7.950912266624909e-7,7.122623168741114e-7
2025-06-14T21:22:22Z,40.43165169558926,-74.76536981328042,46.19055777741596,455.7753210719675,377.9460839666426,-0.9870244939884287,1.3486604283898487,-0.15841205923879897,-2.7779171751317335,0.053697109401582566,0.02222456237791448,0.6050484064617194,-0.002689189267243819,-0.020194530785602183,-0.003798959705690663,0.00026134227548679437,0.0002616955988121014,2.0599499155207197,164.41016764918044,251.69113209804576,0.05881430176290181,0.00105244748674181,0.0008589451719767388,0.0015069989200628357,0.0008181036940993984,0.00032439715729630644,0.0005414162742542737,7.475756224548986e-7,7.954505586889706e-7,7.221477834158599e-7
2025-06-14T21:22:23Z,40.43281439876671,-74.76073645623961,45.441951535176486,457.27896250784397,379.3679069131613,-0.8559164985344978,1.35853470719303,-0.16394952308928623,-2.7280696675006766,0.05314492885327127,0.02052674155652312,0.6048368499832577,-0.0027828619276704103,-0.020729652615614214,-0.003885826835386297,0.0002623363930994746,0.00026269951765556005,1.9313131297382264,168.15731855190896,246.18072806680968,0.050123103692980675,0.0010198749031207007,0.0008979364159421341,0.0015071536119667293,0.0008190828268417221,0.0003217133867308757,0.0005417332569852998,7.49138967781849e-7,7.958328274695313e-7,7.326569140779417e-7
2025-06-14T21:22:24Z,40.435431193523065,-74.75640138970154,44.429137913975865,458.5772215370089,379.9400672055781,-1.0244938343385002,1.3508843222880387,-0.16493455067757168,-2.6727625703497324,0.05263149629627151,0.019412592085927827,0.6048729216563515,-0.002842851178741057,-0.021251016130349853,-0.003982179194593982,0.00026332980221829643,0.00026370352772211807,1.815087895676929,171.95777855236204,242.69898624219437,0.04332277976730492,0.0010014615827295017,0.0009407962986163246,0.0015067946947842912,0.0008200628353837569,0.0003189092155067208,0.0005420158915380083,7.530641331775853e-7,7.962191569771279e-7,7.435388740011755e-7
2025-06-14T21:22:25Z,40.43993179564042,-74.75234570808273,43.06081176036969,459.59751108661294,379.7210962213576,-1.0246288599955733,1.349957789061591,-0.17292326061124186,-2.613204264533124,0.052128799693036854,0.018965834960908978,0.6052344550771522,-0.0028774943440055267,-0.021792899843944724,-0.004093078980389464,0.00026432225171236346,0.0002647076181687374,1.7106949117664354,176.00044039099052,241.08947196394982,0.03839443852920488,0.0009991700909859954,0.0009865448607201985,0.0015075131176258744,0.0008210423288684585,0.0003159034919254931,0.0005422484962819516,7.590096395132215e-7,7.966160792184286e-7,7.546569288333437e-7
2025-06-14T21:22:26Z,40.444961483329074,-74.74827939681529,41.76771443686448,461.0311000812799,379.49764789268374,-0.8337715888992534,1.3571629621001193,-0.14925869938633696,-2.530963671277277,0.05165704500859647,0.018714432918613966,0.6056609319857671,-0.0029068860514769312,-0.022303434213085893,-0.004200224534628205,0.0002653134551671176,0.0002657117811609019,1.6230836055585447,180.28177840093682,241.1708175571181,0.035843959883823495,0.0009968938554735505,0.001036444532255563,0.0015044639120858033,0.0008220194442527627,0.0003126137901994154,0.0005424142041525315,7.667411713564493e-7,7.970103313186524e-7,7.659170709245798e-7
2025-06-14T21:22:27Z,40.44936200153893,-74.74403360340096,40.85054148291238,462.6554650720209,380.2480294685811,-0.5045402938485495,1.3644573244455387,-0.14084025728152483,-2.4245163085433887,0.05115835620790676,0.018161290465513957,0.605982890316227,-0.0029621225532991957,-0.02283144348530186,-0.0043110527431906576,0.00026630343497114565,0.0002667160080994821,1.551342967158321,184.76045929381624,242.58777714665766,0.03456204582742439,0.0010087322201290175,0.001089458844559193,0.0015038190562583196,0.000822996388203943,0.0003090933746236399,0.0005425122994656769,7.758555872920084e-7,7.974593151126061e-7,7.772063994727381e-7
2025-06-14T21:22:28Z,40.45362258362181,-74.73969814040842,40.25587530108169,464.111367251724,381.1942549571395,-0.2766227837146289,1.3741347202376346,-0.13830234461511282,-2.3315017908607842,0.05066634891636568,0.01755616569630547,0.6062653781627887,-0.0030231692928737175,-0.023326128741928187,-0.004420257638059866,0.00026729268787259767,0.00026772029051386144,1.4933508416841235,189.4392618599471,245.02676409746826,0.035294706152027566,0.0010326346365093675,0.0011420794565358485,0.0015036728734293349,0.0008239779522991285,0.0003055901645155424,0.0005425701700248854,7.861169052493059e-7,7.979309774664041e-7,7.883450895518121e-7
2025-06-14T21:22:29Z,40.45812821812616,-74.73530479256317,39.816736907931045,465.8450311049819,382.58724680542946,-0.1991889257051298,1.3817492399248295,-0.14774986344309582,-2.2212481707974803,0.050200766904254124,0.01705819626727134,0.6065596817134065,-0.0030824129644031473,-0.023768732178496066,-0.0045250683949120685,0.00026828167494681945,0.0002687246223173283,1.4544390347920968,194.3298954489876,248.41285201142242,0.04066590568097983,0.0010666152361360568,0.0011961030713874632,0.001505065150619444,0.0008249654936877984,0.00030232488695193564,0.0005426166091991823,7.97283477344929e-7,7.983824384387431e-7,7.99110586674975e-7
2025-06-14T21:22:30Z,40.46360259598625,-74.73089200969478,39.43022499606013,467.38892770558596,383.97364924661815,0.011668971355788926,1.3907832213590154,-0.14114717592747184,-2.1096723066148115,0.049732532574580546,0.016888908828605054,0.6069838246403378,-0.0031353607924131666,-0.024152354063176062,-0.004633419782010151,0.00026927103230415026,0.00026972899726029117,1.4439318238867656,199.6686148612211,252.68353265275445,0.049831830560625456,0.001101517218180628,0.001248831199160774,0.0015048679979323492,0.0008259511014964035,0.000299559556190129,0.0005426955246517316,8.089887285981231e-7,7.987692829293652e-7,8.090027148472716e-7
2025-06-14T21:22:31Z,40.469611853238995,-74.72638794183173,39.07608134485781,468.7065203078091,385.77813711203635,-0.019914351312195322,1.3886227106049773,-0.15264508798827592,-1.9942425583139993,0.049232450455292565,0.01685728432448741,0.6074710843895446,-0.0031960174756591186,-0.024492434161288656,-0.004750332073371055,0.0002702616320741271,0.0002707334087890538,1.470839853612107,205.23997551418623,257.40800099520834,0.06358454832710392,0.001146159051451388,0.0012967134569013832,0.0015071560537116304,0.0008269147513006623,0.00029760449842927716,0.0005428678958762636,8.206098889402936e-7,7.990486359899959e-7,8.17099695099448e-7
2025-06-14T21:22:32Z,40.4746578043151,-74.72180999836912,38.71463588811457,469.84386375918984,387.1392485629767,-0.15870962671942834,1.3789634073109482,-0.15673768021952128,-1.9025625820431742,0.04874823385353011,0.016562817336534863,0.6077794487428037,-0.0032530587064627525,-0.0247693708282668,-0.004857972076734995,0.0002712540128777745,0.00027173784904578233,1.5349795636394454,211.01935656152992,262.2863642186453,0.07071597269653795,0.0011912018908716634,0.0013334664343296,0.001508402704238815,0.0008278206941445506,0.00029656529533878266,0.0005431808639278374,8.313916068392212e-7,7.991321015720166e-7,8.220935385039413e-7
2025-06-14T21:22:33Z,40.47898648922868,-74.71717684685099,38.391218174947426,471.0354539100081,388.68280136212707,-0.06037732118920758,1.382798558966897,-0.16403092429845856,-1.8258687220877619,0.04828484154541002,0.016064360380596554,0.6079581374433474,-0.0033094959989341532,-0.025018520739763517,-0.004958735517874402,0.00027224823322927986,0.000272742308039346,1.6223157690562884,216.9928835835442,267.0097380041012,0.0778743635500675,0.0012390033547753701,0.0013530250361048746,0.0015100507572397852,0.0008286455666309906,0.0002963221045194759,0.0005436501263905387,8.404321957425562e-7,7.989684441579943e-7,8.231569414367141e-7
2025-06-14T21:22:34Z,40.48229298697419,-74.71255289299299,38.25020332541317,471.92002364620566,390.07425861246884,-0.036262692384298134,1.3839790120182442,-0.1689420227876326,-1.7549522200060892,0.04789628750495467,0.015320501132123354,0.6079704160583788,-0.0033556660059161914,-0.025261902934289537,-0.005040687261015364,0.0002732440705545901,0.0002737467754407656,1.7183282809371336,222.82377341705873,270.8313025026542,0.08190623921007012,0.001287061222302869,0.0013516780545079195,0.0015114005575420295,0.0008293912280596001,0.0002966405029069751,0.0005442677623007613,8.472438292803413e-7,7.985689135175025e-7,8.203772871163717e-7
2025-06-14T21:22:35Z,40.48527312286486,-74.70795812293582,38.24318849877454,472.70282477885485,390.79628524184227,0.029393833532594726,1.3802314613494673,-0.17019489799531584,-1.7143321893163375,0.04762518713096142,0.014603997395511215,0.6079060881529585,-0.0033858159975181934,-0.025467512126397196,-0.005096680590241931,0.00027424121264314674,0.00027475124164185865,1.7975966537077943,228.58250359367537,273.42969093169813,0.07696713608710015,0.001335078387840512,0.001329099658622637,0.001511368188790548,0.0008300848863924832,0.000297294351202502,0.0005450128673124133,8.516804601209472e-7,7.979937194989671e-7,8.146386145115075e-7
2025-06-14T21:22:36Z,40.487912267897826,-74.70344737871292,38.429196051321924,473.10395828075707,391.4684882387519,0.0958479410955988,1.38034578931547,-0.17321542327863426,-1.6694239590942743,0.047482333360221674,0.013933580767798048,0.6077809133203118,-0.003395605818553804,-0.025655432982716775,-0.005123038555097992,0.00027523923462282723,0.0002757557015156832,1.849345320245768,234.35973805145017,274.60277661243407,0.07574365018693963,0.0013857510908539081,0.001290699390790481,0.001512241405542336,0.0008307732154047292,0.000298101456938712,0.0005458516454986259,8.542365764061343e-7,7.973401309600205e-7,8.077036523022435e-7
2025-06-14T21:22:37Z,40.491078133740864,-74.6988395669298,38.53496732492931,473.69697671942413,392.1428164727986,0.11479258000235859,1.3818031939008506,-0.1816693834398393,-1.6318656933362945,0.047263709594062675,0.013333674760360736,0.6077223802349181,-0.003418724689765895,-0.025826294399848848,-0.005169061242696671,0.0002762377799858915,0.0002767601544567157,1.8738013076026234,240.32953819996206,274.4772133972225,0.06929196054024589,0.0014396971362284371,0.0012432167382757336,0.001513918283308765,0.0008314944399605487,0.00029895555642754927,0.0005467529419136195,8.556613109773254e-7,7.96721822918614e-7,8.011435111994296e-7
2025-06-14T21:22:38Z,40.49464253636951,-74.69411271000205,38.49867661902681,474.81639027409256,393.1856991760433,0.06481356636322744,1.3804745693705627,-0.1952980736932659,-1.5990171319062938,0.046976670687854494,0.01274913966483382,0.6077017039278871,-0.0034563964597964514,-0.025983709276715672,-0.0052347756715391824,0.0002772365839823237,0.0002777646016933913,1.8678052321033156,246.6227891550375,273.2992165250711,0.06225638005853951,0.0014972707018339724,0.0011928640247996425,0.0015167301319804045,0.0008322715432183865,0.00029981286667494426,0.0005476929626382906,8.566058702006418e-7,7.962082972382634e-7,7.96030434570904e-7
2025-06-14T21:22:39Z,40.497944756909156,-74.68941783748615,38.51310863113031,475.8212766237557,394.25200083479285,0.13476359520700498,1.380169120246137,-0.193842501981635,-1.560033974252292,0.04670316372403249,0.012104042673968252,0.6076509216145496,-0.003487229311531337,-0.02615185513218421,-0.005296557528509993,0.0002782355175358871,0.0002787690514202478,1.8426930546594487,253.42074679572954,271.5086128605583,0.0576642640509869,0.0015472177350940954,0.001145465559333659,0.0015157047663463747,0.0008331064615518584,0.00030065914940455236,0.0005486574581494393,8.58068545066714e-7,7.958460049653268e-7,7.927414422994667e-7
2025-06-14T21:22:40Z,40.50039103539257,-74.68490612026145,38.7393668666482,476.7223599664867,394.8021348360926,0.10664093030163713,1.375753369386075,-0.19875864101777552,-1.517972525820369,0.046457859350539366,0.01130251333859178,0.607544256352412,-0.0034995480715735994,-0.026378419313004997,-0.005342650440724128,0.0002792346034178016,0.0002797735133410976,1.8095790888796497,260.52701147670564,269.37112857548203,0.05407439870155406,0.0016033955224338406,0.00110353871735729,0.0015171610051308393,0.0008339915373287622,0.00030150868498446723,0.000549639551415308,8.607575085890435e-7,7.956392929918873e-7,7.910774306437135e-7
2025-06-14T21:22:41Z,40.50295063544382,-74.68036694846106,38.907719258684665,477.64891215600073,395.4714228771627,0.06965038284351976,1.370904191142472,-0.1977288948955902,-1.4700634737600922,0.046205755488244904,0.010526924067448817,0.6074466364807449,-0.0035132981447247857,-0.026594238567440698,-0.005391012553360497,0.0002802338087672491,0.0002807779933425718,1.7742120774139158,268.0057116251413,267.1741464313436,0.05141902018636613,0.0016561546855530145,0.001068046302860559,0.0015169458706265398,0.0008349149948158916,0.00030234648166189407,0.0005506324592792949,8.649122184365661e-7,7.95573522944409e-7,7.906479300810041e-7
2025-06-14T21:22:42Z,40.505547503673554,-74.67588595708246,39.1665265832562,478.4644867554307,395.69064100831747,0.14456368562787247,1.3698764772125287,-0.1953048475952528,-1.4343786994504626,0.04600345322751309,0.009876155406459475,0.6073623594056698,-0.003517373650083755,-0.02678652295185202,-0.005421970695977052,0.0002812331413650842,0.0002817824953577564,1.7354089559409938,275.9347352677809,265.0993048446762,0.04742230241123624,0.0017098105342872865,0.001038135969938889,0.0015162106790144341,0.0008358670178291777,0.00030317496945648516,0.0005516311784586505,8.705265701328562e-7,7.956267087324455e-7,7.911047314918142e-7
2025-06-14T21:22:43Z,40.50827578488466,-74.67138660081596,39.53861220320687,478.94765753671527,396.0700449682772,0.31528575262746017,1.3750037784484448,-0.21111088434281555,-1.4009075499561732,0.045803477694335015,0.009276378648678474,0.6072933241957799,-0.003523337590962683,-0.026970156387392308,-0.005451753069252163,0.0002822325820956335,0.0002827870235516248,1.6952161351273962,284.3162669369025,263.2208198206314,0.0451134660135738,0.0017774316002492252,0.001014356890394682,0.001521460514311546,0.0008368379344118519,0.0003039929613347066,0.0005526314546084296,8.776031938038329e-7,7.95774550416112e-7,7.921837748523831e-7
2025-06-14T21:22:44Z,40.51114113762039,-74.66677158198264,39.75296067725867,479.63798497244716,396.919125597924,0.08624606384000799,1.3605617508947034,-0.18001016093785438,-1.34800645741052,0.04555990862490944,0.008575298069558812,0.607207706067129,-0.0035389703793384797,-0.027154846277881006,-0.0055034412423538015,0.00028323201621724403,0.00028379157865046276,1.6597712270667815,292.68289433883064,261.45049114563955,0.04378157724773735,0.00180821773145839,0.0009989145053557657,0.0015117538995901793,0.0008378173462910314,0.00030477950363518204,0.0005536297918665963,8.859591573556765e-7,7.960132483514708e-7,7.937100940473394e-7
2025-06-14T21:22:45Z,40.51385125946625,-74.66225510105119,39.97464486747049,480.1760511621833,397.36604293622077,0.036501942261566,1.3599470873668906,-0.19266484736817802,-1.3096597184194252,0.04533523373538628,0.007987526483930196,0.6071617544876062,-0.0035523901553631276,-0.027358826805993886,-0.0055338728855929276,0.0002842314900934952,0.0002847961577531672,1.6291276036180653,301.6389393545174,259.9090974150641,0.04246041873751205,0.0018726004302117895,0.000987279191468466,0.0015152921882077375,0.000838805274359388,0.00030560950696274764,0.0005546276820867364,8.950788830809923e-7,7.963039550539117e-7,7.958653646715724e-7
2025-06-14T21:22:46Z,40.516456573926924,-74.65785195106739,40.33923258353025,480.6051611918956,397.54958101548254,0.14853279399085295,1.3615607764731976,-0.1913682588156007,-1.2805107263557147,0.045122727411580854,0.007548998037975707,0.6071337548710289,-0.003551509082967641,-0.027522919951252334,-0.005538956249608873,0.00028523089132449314,0.00028580075906981005,1.6045111223972246,311.1481734493167,258.5732037070878,0.04258126021068487,0.001929597832044741,0.0009790918057687933,0.0015150827821335249,0.0008397864384530396,0.00030642314388891365,0.0005556231818938139,9.049088761084042e-7,7.966554965654792e-7,7.982712377461455e-7
2025-06-14T21:22:47Z,40.51941001188213,-74.65328584954531,40.59898409387097,481.2446322981268,398.18406701274216,0.15305150801577838,1.3549314664924168,-0.19669575882289791,-1.2420132496990846,0.04491064708781778,0.007030748952900012,0.6070893793003052,-0.003563333531246826,-0.027691163079111902,-0.005569032116198969,0.000286230299094725,0.0002868053840599942,1.5861761016718743,320.95044640076867,257.3557845625986,0.042434005035173805,0.0019884685527399274,0.000976622583016461,0.0015167004302377497,0.0008407585050741486,0.0003072318043391029,0.0005566163724706657,9.15332665397707e-7,7.970405813523798e-7,8.007128404017891e-7
2025-06-14T21:22:48Z,40.52268203288876,-74.6486078532329,40.76721948268823,481.92497342452407,399.15036010183394,0.18228842472672113,1.3545492195917177,-0.17819542935194477,-1.1981763786025112,0.04473080079242209,0.006505697926513676,0.6070318970087101,-0.0035788267381064998,-0.027842893844194805,-0.005611321949942294,0.0002872297666889456,0.0002878100353157711,1.5725051489234578,331.13335745541576,256.30923069018496,0.04269061338356972,0.0020247632167550065,0.0009798712941158582,0.0015109634416346951,0.0008417200182836444,0.0003080128066777908,0.000557605718310098,9.263118140914996e-7,7.974559947017379e-7,8.028382006148151e-7
2025-06-14T21:22:49Z,40.52597505014036,-74.64391387284375,41.060048358747736,482.55659590661526,400.00702187232673,0.36986639779388497,1.355638396809809,-0.17588179219546873,-1.154784345322696,0.04454972232088039,0.0059994991947291965,0.6069906442207866,-0.003599776007888522,-0.028012233702042977,-0.005653080024814017,0.00028822938309011994,0.0002888147152143873,1.5616265846781185,341.8134010497724,255.48110383730315,0.042299820353164486,0.0020710703302527435,0.0009870270631163979,0.0015101428781689678,0.0008426765167033142,0.0003087869693344019,0.0005585913645790552,9.376741437599518e-7,7.97876255656552e-7,8.045515311984611e-7
2025-06-14T21:22:50Z,40.52913567015298,-74.63935899586046,41.59788147220388,482.7585902363062,400.2165033854544,0.32279936766644823,1.3474579940157128,-0.1714234558194221,-1.098462612448202,0.04434834535686605,0.005700489221396765,0.6069979807070922,-0.00361486829993396,-0.02816058836810953,-0.005660231926469805,0.0002892291067403172,0.0002898194249970182,1.5496521568588608,352.4568090241825,254.77440450333563,0.04082884997286895,0.002104860690880403,0.0010063341885095337,0.0015094771512543517,0.0008436288471527143,0.000309521829167348,0.0005595726977089633,9.493389855650445e-7,7.983103399074418e-7,8.05648669678509e-7
2025-06-14T21:22:51Z,40.53231681616806,-74.63479505086724,42.00891094561666,482.84524507820606,400.61968351714313,0.09551141652718798,1.332666383277683,-0.17019113767400995,-1.0534454563749023,0.04414630011478948,0.005431882697109813,0.607011877829791,-0.0036336079532475196,-0.02830963064241132,-0.005664502904238589,0.00029022888110529134,0.000290824165018833,1.5381795652216042,363.16692507596804,254.24399990995556,0.04074711308678991,0.0021400859074198744,0.0010269037479696155,0.0015093075202019133,0.0008445795938706523,0.00031022910467089345,0.0005605524534867793,9.611228711530206e-7,7.987691421554094e-7,8.062466437274881e-7
2025-06-14T21:22:52Z,40.535533881749444,-74.6301762313238,42.113996158819646,483.1291194241494,401.15849182009697,-0.18844480627831217,1.3155486763862427,-0.19756248422709177,-1.0097893322745222,0.043952368544978526,0.005110082439728103,0.6070114332032972,-0.0036560198249162568,-0.02846695566620383,-0.005678763306292467,0.0002912286614217482,0.0002918289339136779,1.5299577139329248,374.0710558117106,253.9234986274287,0.04090978805997969,0.0021937003444790354,0.0010522832105176957,0.0015171802283047446,0.0008455301195179214,0.0003109238893925486,0.0005615338056784959,9.728780122566195e-7,7.992506029520891e-7,8.064696169842002e-7
2025-06-14T21:22:53Z,40.53887094546693,-74.62544540234757,41.791268988279626,483.86892783269286,401.6376488748938,-0.4196419613672333,1.2989866564894328,-0.17696817985051894,-0.9757833326184482,0.043798101177799253,0.004618537366980036,0.6069518281583441,-0.0036700105005706973,-0.028608422085881102,-0.0057216215699043005,0.00029222838010066693,0.0002928337313397581,1.5181203126521332,385.1861484407961,253.8322666810672,0.03864350332613198,0.0022087049738022135,0.0010763552072896583,0.001510231132757919,0.0008464791338701359,0.0003115664953884017,0.0005625170003599217,9.84567262817729e-7,7.997792232636186e-7,8.061244971892659e-7
2025-06-14T21:22:54Z,40.54230326643603,-74.62063408019227,41.27496064756997,484.6855803076178,402.7930964063853,-0.44141789557033917,1.2961342073176638,-0.17145546862775518,-0.9293397408691817,0.043655042426053114,0.0040489022339329495,0.606893325704732,-0.0036901008269865088,-0.028782256766930914,-0.005782385920582556,0.0002932281153260647,0.0002938385587426882,1.5058247336028294,396.91098837538743,254.02553100744746,0.039876034602495225,0.0022224721324153136,0.0011145590399687076,0.0015084499145570805,0.0008474349157492169,0.00031224995723805375,0.0005635075232550692,9.958282223796577e-7,8.003148402374294e-7,8.056944943819986e-7
2025-06-14T21:22:55Z,40.545776401995916,-74.61581694462218,40.70343741029501,485.3819768540561,403.86939586512744,-0.5763787062896881,1.2903337981770164,-0.15902364638168365,-0.8799704831835697,0.043515466841654415,0.003528250027869717,0.6068494675200782,-0.0037118929717507854,-0.02895693524055787,-0.005838580347813149,0.0002942277875616472,0.00029484341750821196,1.5010516781590917,408.62206005685226,254.47268212593576,0.04109338883625091,0.002220523534234402,0.0011630983545092592,0.001505842510551754,0.0008483972013002667,0.0003129584177199433,0.0005645048831351182,1.0064261980343126e-6,8.008890598212148e-7,8.051607992509511e-7
2025-06-14T21:22:56Z,40.54926448547316,-74.61098022353467,40.08845119760372,485.7450733371079,405.0355271808803,-0.5769984747676062,1.2888101317439578,-0.16271682457136194,-0.8306312390741368,0.043375124497742945,0.0030411769646718767,0.6068227406140068,-0.0037404382195802555,-0.029148429149131516,-0.005893088308056349,0.0002952274492118018,0.00029584830852253524,1.5025541380343885,420.51628454243996,255.19445986381035,0.04189145462041799,0.002221695616270478,0.0012179780343837803,0.0015061238974632672,0.0008493708647620463,0.00031367938754528745,0.0005655061240000298,1.0159713267280594e-6,8.014963476737061e-7,8.04350411070003e-7
2025-06-14T21:22:57Z,40.552765589206956,-74.60611183027969,39.4790689535439,486.26720398291945,406.36792717315257,-0.49225133930121956,1.2884497326231212,-0.16013601422127977,-0.7664877907809569,0.04323644228179546,0.0025119463908254147,0.6067945202448755,-0.003764954873275883,-0.02934220316728897,-0.005955808980360189,0.00029622709327303717,0.0002968532307734703,1.510703169560794,432.4406326913386,256.17252805430013,0.04389758396476273,0.0021892222057940075,0.001296930172299911,0.0015056609247915004,0.000850354384108203,0.0003143859570571012,0.0005665075004625801,1.024320921762436e-6,8.021467161965817e-7,8.031131793644097e-7
2025-06-14T21:22:58Z,40.5562475707873,-74.60125000833035,38.89088627975434,486.5255058873445,407.53763570822775,-0.6469018468997092,1.2843591403216124,-0.1390269195289875,-0.697086304469849,0.04310511571156894,0.002071830418344689,0.6067699817358516,-0.0037940449639393137,-0.029525523508482365,-0.006005510863985819,0.00029722677927113215,0.0002978581826097778,1.5241887862053292,443.82914338901816,257.253699165658,0.04503848729016424,0.002122930799982413,0.00139173322678211,0.001503888702743849,0.0008513466570415143,0.0003150719829233366,0.0005675057768803357,1.031356575683101e-6,8.028352467587366e-7,8.013819390845139e-7
2025-06-14T21:22:59Z,40.55992162913488,-74.59638227624968,38.41046467470005,486.2465169262141,408.83922562003136,-0.4480067850981868,1.2941699357252219,-0.1275161963167193,-0.6229752281287801,0.04301645835857926,0.0018342780199134268,0.6067594217820442,-0.00383444760282714,-0.029687845447483596,-0.006031733173330167,0.00029822658026617757,0.00029886316266724547,1.5429353295590362,455.5601612138252,258.51896271190697,0.04772039231649272,0.0020406286322725816,0.0015026312016404267,0.001503970826653012,0.0008523452943034538,0.0003157405778872045,0.000568498703325226,1.0369510413064018e-6,8.035446005224994e-7,7.991789791419254e-7
2025-06-14T21:23:00Z,40.5636641861423,-74.5915034226,37.975279041565955,485.67736180499196,409.8632415868342,-0.6808290440421843,1.289861643948825,-0.11786879078454149,-0.5310444403294241,0.042958547135185654,0.001708184148554892,0.6067459572150256,-0.0038855823178209903,-0.029847884685636927,-0.006044663750373047,0.0002992265110845315,0.00029986816953503446,1.5647499840927492,466.3480463434525,259.7478389198682,0.048588171796784096,0.001918280373966196,0.001646350125967689,0.001504840670160782,0.000853342129670094,0.0003163584184107274,0.0005694855197650103,1.0413349047539062e-6,8.042775212011944e-7,7.963398947218186e-7
2025-06-14T21:23:01Z,40.56760453578145,-74.58660392121843,37.402167374268174,484.85493282973766,410.8107239231467,-0.7210340598321636,1.2887399083338096,-0.09972525694774959,-0.4280446614811808,0.04293667668252965,0.0016552970823795476,0.6067364210248343,-0.00393482420406599,-0.029986808383682728,-0.006052303080053889,0.0003002265637815661,0.00030087320157065996,1.5820226754896212,477.24752991629566,260.99948922742254,0.04815573905392212,0.00176114425080364,0.0018130149890239185,0.0015069927606096826,0.0008543265836447484,0.00031690577172314267,0.0005704671457766551,1.0448473482669492e-6,8.050356374616669e-7,7.928180636078022e-7
2025-06-14T21:23:02Z,40.571801993851324,-74.58171776588641,36.71823046123609,484.1003515087068,411.61686352454126,-0.9654939922838821,1.280225168193283,-0.11260198552372458,-0.35724291379665374,0.04296652899802211,0.0017374808634400551,0.6067218968601082,-0.003980560786715159,-0.03008357732744571,-0.0060432018328810955,0.0003012266905732587,0.0003018782558900222,1.5944868959861023,487.94743318204553,262.1748523209664,0.04844468782129552,0.0016570352985634906,0.0019332763410781321,0.0015060454534934365,0.000855288325882233,0.00031740996664914,0.0005714420621774826,1.0480230775056869e-6,8.058097540809594e-7,7.889102901834414e-7
2025-06-14T21:23:03Z,40.575998307789476,-74.5768377695641,35.85157970082946,483.2455958016217,412.6383548080921,-1.0769883805987774,1.282617279488477,-0.11091038116410346,-0.2773215011366119,0.04300994958748561,0.0018127461698753677,0.6066923078105901,-0.0040208027074299935,-0.030166744322627892,-0.00603287979720335,0.0003022268251672407,0.0003028833317171592,1.6080177217998306,499.3539227276312,263.27271813422533,0.05055950024300471,0.0015315730331414666,0.0020664544526548425,0.0015066569431863878,0.0008562160139379911,0.00031788471310231943,0.0005724096663085438,1.051515839651575e-6,8.066184377490701e-7,7.84772956869021e-7
2025-06-14T21:23:04Z,40.58027680848844,-74.57195754187245,34.94884882308543,482.071905547753,413.53138547576964,-1.0734441097229137,1.2813978046324337,-0.10931155926209613,-0.205428302960172,0.04308357990203149,0.001923204906375986,0.6066545357389259,-0.004061840690326335,-0.030245571999557797,-0.006018306661673023,0.00030322694628255733,0.00030388842723510606,1.6227013066584706,511.4472084625216,264.2337701868251,0.05188743548358643,0.0014204435331290253,0.0021829114760986016,0.0015070846025747168,0.0008570985803265677,0.0003183334669476149,0.0005733711800529135,1.0553810578608393e-6,8.074407680842516e-7,7.804988151315871e-7
2025-06-14T21:23:05Z,40.584802322828665,-74.56715702779115,34.18260947894305,481.1637094579637,413.91782539896667,-1.065182797581656,1.290268358119647,-0.10722774347595987,-0.14490675058914348,0.04325938019565001,0.002211081649534208,0.6065717790988856,-0.004111453733685266,-0.030306129735208742,-0.00597420527998338,0.00030422700068333524,0.00030489353815713375,1.6352195385547355,524.293048238088,265.0025572597388,0.05142640395316056,0.0013274536496637654,0.0022806810379198328,0.0015072364996927543,0.0008579318585556981,0.00031875818349821325,0.0005743294387912713,1.0601219334077965e-6,8.082490267450198e-7,7.760484991707398e-7
2025-06-14T21:23:06Z,40.589318726637025,-74.5623116455702,33.23230388062075,480.9209987744689,414.43344707787037,-1.2534946278829011,1.280610316505772,-0.10695394201638919,-0.11231829301550533,0.04339631275479405,0.0023940489136293763,0.6065188897846383,-0.004149325563844286,-0.030369457665983646,-0.00594924865939106,0.0003052269581812839,0.0003058986624424279,1.6444894344239354,537.7515617866969,265.48600279867225,0.05108032849531041,0.0012775118122535197,0.002338022367603953,0.0015063984735206183,0.0008587151332017724,0.00031918182928891405,0.0005752848989449687,1.065798662269364e-6,8.090336651744627e-7,7.716662750030034e-7
2025-06-14T21:23:07Z,40.599704144329365,-74.56060027797415,32.23181504919194,490.19897613301873,407.6240183208138,-1.23208609323774,1.2794624574962654,-0.07124760651049655,-0.29003348737933266,0.043899339883409993,0.005221933438804172,0.605699293591897,-0.003362021755663136,-0.027238456098757524,-0.005147616518542009,0.00030622681115332874,0.000306903803510921,1.6526840670798848,553.7999974723193,267.144929098162,0.052465496686958546,0.0012037355961752514,0.002417614539482927,0.0015061275096991964,0.000859435507123569,0.00031960185161916134,0.000576238745550362,1.0715731884681009e-6,8.09824958084893e-7,7.677684985008575e-7
2025-06-14T21:23:08Z,40.60457247734495,-74.55585286544535,31.1721162321046,490.11834423802793,407.9779022950679,-1.4063901554764016,1.2864449162734672,-0.0822086779107849,-0.2530020463600522,0.04412672156604458,0.00548964127688123,0.605632338571013,-0.0034037541507530022,-0.0272899645688085,-0.005112621412848739,0.00030722655746820085,0.00030790897653520125,1.6631989592532312,569.5052996013013,268.7924617850587,0.055546483044452644,0.0011506357591230963,0.0024789172704622405,0.001504540799293035,0.0008600690357682498,0.0003199989951545099,0.0005771930030012161,1.0764268115631049e-6,8.106624698832495e-7,7.646744238074362e-7
2025-06-14T21:23:09Z,40.60962053054684,-74.55110373786539,30.118776138871908,489.73207830637693,407.8847583755851,-1.37373936354561,1.287969381432049,-0.07873054217407116,-0.22345045173915423,0.04446270391144935,0.005848352896748565,0.605543706966273,-0.003460155901223061,-0.027346638026074288,-0.005067890027589783,0.0003082261842754019,0.0003089141877603,1.6733764935080677,585.0458816219104,270.6663862615995,0.05719918283263381,0.0011036245766126989,0.0025281602596107116,0.0015035733896752001,0.0008605842332420815,0.0003203400649401821,0.0005781516157505371,1.079421081616657e-6,8.116091604181563e-7,7.625353046833907e-7
2025-06-14T21:23:10Z,40.61502724747079,-74.54632778520104,29.34853801911231,488.5281252209097,407.7152119297534,-1.1778043238227838,1.3031417100864928,-0.0768268842462021,-0.18966310279665777,0.045034882322852354,0.006413678543083279,0.6054150617710548,-0.0035532455514157846,-0.027418616935278806,-0.0050033604333634685,0.00030922580832568687,0.0003099194382261716,1.683761060082946,599.6744705770637,272.88133252084106,0.06017479315717067,0.0010529567281332153,0.002574852177620315,0.0015027200242709292,0.0008609577698639721,0.00032064551256950837,0.0005791121208501705,1.0792334060484721e-6,8.126678490405121e-7,7.618551128073573e-7
2025-06-14T21:23:11Z,40.61976967201049,-74.54142315742565,28.572341167833656,488.00318697467446,407.80228734761477,-0.8262257080787094,1.319096979794267,-0.07137431822911822,-0.1552413395475014,0.04531258768520274,0.006628797279290666,0.6053772193190525,-0.0036146585448761925,-0.027509277480135097,-0.004992761848285454,0.0003102255950455371,0.00031092472305637646,1.6961027218518108,612.7252960654839,275.51814597080926,0.062309000680271454,0.0010055077178867471,0.002608304595645591,0.0015019734686270642,0.0008611845059354571,0.00032097148048300687,0.0005800699026699095,1.0747957828226587e-6,8.138393773847746e-7,7.630582180466983e-7
2025-06-14T21:23:12Z,40.62640420798547,-74.53966801975623,27.775346261332743,498.69281432405114,400.9426161199808,-0.9578000654364587,1.3135609716409817,-0.03844491817449125,-0.3543863867307664,0.045703599557327834,0.008110973590191861,0.6040964603671455,-0.0029152086300996416,-0.02439787989112574,-0.004199639310201064,0.00031122565829653,0.0003119300287100944,1.7185408468774253,623.1764788170238,279.6040554289755,0.07147355881367956,0.0009682299521531349,0.002619386534606228,0.0015012002928290638,0.0008612757728608222,0.0003213889340893411,0.0005810188786352395,1.0654011933058744e-6,8.150812779875088e-7,7.664281354044836e-7
2025-06-14T21:23:13Z,40.631149744338344,-74.53467691321487,27.233397153322585,497.1050603296608,400.9303983207792,-0.9393735699304671,1.3192505981496652,-0.04848854340161779,-0.3240872707174276,0.04627477197800545,0.00846796587609333,0.6039976399551961,-0.003028743365888431,-0.024490031228651787,-0.004179836157987893,0.00031222596948486545,0.000312935348539605,1.7589689999697737,630.2944536245745,284.0318375798736,0.07817069232559837,0.0009380114894293401,0.002607791847641507,0.0014993877882981254,0.0008612362110119258,0.00032194607768564414,0.0005819519010937763,1.050123638604917e-6,8.163134654290574e-7,7.721333285870827e-7
2025-06-14T21:23:14Z,40.635565272164044,-74.52975588698237,26.45686974772252,496.71491420455277,401.07136418670416,-0.9483437682938529,1.323912365543947,-0.053892541604682265,-0.2926769373625575,0.04650976252742112,0.00856594949857481,0.6039684872303042,-0.003086841495388626,-0.024568421426920395,-0.00418651359643718,0.00031322630619603077,0.0003139406646658939,1.8132213038266036,633.1356655348236,288.6099374861983,0.08552003435644073,0.0009149640249394475,0.002565748669505781,0.0014979431927484442,0.0008610744178620108,0.0003226556946354671,0.0005828645181837353,1.0284191552304962e-6,8.174641761967995e-7,7.800144361894229e-7
2025-06-14T21:23:15Z,40.63982054588426,-74.52483433923092,25.62291607109364,496.45834399946034,401.1538586821407,-1.021752107742941,1.3285544515383663,-0.05513621710178995,-0.27040273068450915,0.046722408704681584,0.008621628234777745,0.6039289368563914,-0.003137923709402912,-0.024625948231459915,-0.004193593951384855,0.00031422627365528975,0.0003149459608639094,1.8797353796474054,631.3520950361853,293.047313113294,0.09324963601949021,0.0009057572139264588,0.002485084311513051,0.0014966680563168555,0.0008608315707638128,0.00032351097925741983,0.0005837504368145916,1.0009708534403812e-6,8.184175463135084e-7,7.896741985933482e-7
2025-06-14T21:23:16Z,40.64437494658026,-74.52003966732924,24.480732652824372,497.24882127158344,401.2206715680659,-1.219546081541921,1.3253433354548179,-0.062397890264037414,-0.23944776992721017,0.046673608987021,0.00859097101874795,0.6039800966900657,-0.0031469316420214,-0.02471073963613435,-0.004215197747925004,0.0003152253812353115,0.0003159512244344651,1.9550247542342134,625.160895406986,297.03962196556614,0.10034747726054383,0.0009050600582673177,0.002373676522741194,0.0014953964170966415,0.0008605672999040528,0.0003244710360192109,0.0005846061956770894,9.692152140209311e-7,8.190607073292796e-7,8.005257524592906e-7
2025-06-14T21:23:17Z,40.64825557250169,-74.51506278895904,23.40882796526421,496.6970687247813,401.44663102179766,-1.2675402082604705,1.3272983872011537,-0.07520425575194167,-0.2189141705403017,0.04689656758591809,0.00857633013879422,0.6039135314713349,-0.003200293022871392,-0.02475398736430634,-0.00422703571683769,0.00031622318099293963,0.00031695644887887175,2.024106358077923,615.6401978257575,300.4474991808484,0.10065645971460546,0.0009170085564566056,0.002231183233741504,0.0014943980142307644,0.0008603487507917248,0.00032547121516309115,0.0005854344066791771,9.351842509938499e-7,8.193494259094587e-7,8.118324102512847e-7
2025-06-14T21:23:18Z,40.651377844403875,-74.50991252075059,22.500540816923603,495.23778228089213,401.9375702086836,-1.163934995092859,1.3315359367989004,-0.07514309490898086,-0.18791527204666636,0.047274423986436886,0.008494484405673575,0.6037650568541721,-0.0032850059444342605,-0.024782909485907112,-0.004243239703697554,0.0003172193568272327,0.00031796164109620446,2.069672522171048,604.220405162003,303.18414261598815,0.09737323960504674,0.0009343520142330996,0.0020715387010061723,0.0014936200605721386,0.0008602441086035008,0.00032644252245497515,0.0005862385722995204,9.016107064303967e-7,8.192890561425786e-7,8.228943429684448e-7
2025-06-14T21:23:19Z,40.654460037511406,-74.50477441464778,21.599252964253537,493.9391222279519,402.4951405841857,-1.1793208932649577,1.3331939874624368,-0.08509713766079585,-0.15517369416284055,0.04756721899502736,0.008357438714824639,0.6036425382990274,-0.0033598096986509063,-0.02483698321191241,-0.004269673376228411,0.0003182136727554138,0.0003189668209676137,2.0860190156093497,592.4312744987614,305.170192569352,0.09101009906245106,0.0009609081558506709,0.0019066575939719911,0.0014930348804022989,0.0008603047909157189,0.00032731431485716263,0.0005870161969322206,8.712705080204676e-7,8.1891230590158e-7,8.332366745803715e-7
2025-06-14T21:23:20Z,40.65740794949172,-74.49965628884934,20.68992243462708,492.72108016721904,403.1189596988261,-1.1518141528067645,1.3379086669374374,-0.08820724038469052,-0.12926855861041986,0.0478172394637113,0.008174772161623878,0.603510009830643,-0.003423915744747319,-0.024871621950751432,-0.004294736403664956,0.00031920599279134515,0.0003199720118990984,2.0715619155959772,582.237074906511,306.6352024091206,0.08194303300298744,0.0009904148898809272,0.001750881541208168,0.0014924646183616626,0.0008605502208410153,0.000328011150346454,0.0005877650600703217,8.460589591367349e-7,8.183471353660287e-7,8.425687088609919e-7
2025-06-14T21:23:21Z,40.660022411378286,-74.49450216615303,19.856641526217572,491.59666015021503,403.97892203740776,-1.071009069601132,1.3411333272597403,-0.08908995320280155,-0.10959523778547009,0.0480549482731476,0.007915780844996334,0.6033572008091141,-0.0034890645272867005,-0.024912915517006695,-0.0043263120927292675,0.0003201962950780709,0.0003209772362250632,2.0356435195467135,574.8085933644948,307.80306040435886,0.0748615319485545,0.001020465165719622,0.00161485286192831,0.0014919487277722941,0.0008609726406672856,0.0003284672564741971,0.0005884816940113664,8.267894183934506e-7,8.176821346706431e-7,8.509044368684775e-7
2025-06-14T21:23:22Z,40.66180361644966,-74.4892497415099,19.21226688742172,489.9662395659834,404.92565927281976,-0.950029791049019,1.3401290867841453,-0.09201163911893673,-0.09223229051940507,0.04833504689304391,0.007509674381765308,0.6031270967869204,-0.0035639738707686774,-0.024930847173777693,-0.004362408604663415,0.00032118477980027266,0.00032198250763902625,1.9844062490074685,570.4423957236794,308.87672068401946,0.06646982911069321,0.0010510993059732528,0.0015018474379400262,0.0014915875829732824,0.0008615479779454617,0.00032865035745068493,0.0005891704712399882,8.131809489225795e-7,8.169953802019456e-7,8.584116157332592e-7
2025-06-14T21:23:23Z,40.662439732427615,-74.48572759713323,18.615794761572033,493.4529785308987,401.273573609069,-0.6593511546961963,1.3472225047589745,-0.10240303738055445,-0.3009221685479133,0.049141439571485535,0.007587027739361929,0.6014796054005274,-0.003209710834028101,-0.021737600533242585,-0.0036127155287033474,0.00032217158594734116,0.0003229878306649837,1.9208687743832769,569.7307019101796,310.53989871514983,0.05911479616569493,0.0010842938508323291,0.0014123376227983496,0.0014913970076826225,0.0008622465910687602,0.00032853587605282964,0.0005898325980287333,8.045783198594296e-7,8.163517008595161e-7,8.652928968092965e-7
2025-06-14T21:23:24Z,40.665077793776696,-74.48070814138812,18.208760002977215,492.82944980822504,401.8187107164413,-0.5742685579934914,1.3512026118696667,-0.12010054776101242,-0.2667630120413378,0.04925198599721625,0.0072510855951009034,0.6013398882132606,-0.003250427035482062,-0.021786466955290962,-0.003645952607627123,0.0003231566359800174,0.0003239932159264071,1.8556074813449766,571.7603256222097,312.0830162815587,0.0544001479266184,0.0011199043075014604,0.0013440883942127469,0.0014918331321841197,0.0008630396855968594,0.00032807711872136143,0.0005904614570462235,8.002957589858185e-7,8.158308139332928e-7,8.71726957445872e-7
2025-06-14T21:23:25Z,40.66880547998987,-74.47583724392499,17.71322675643023,492.5202904045582,401.99022730626166,-0.563774272086448,1.3524177719373256,-0.09968416832407456,-0.2325487544094358,0.04927475756585409,0.007096849732704413,0.6012988641596166,-0.003268295689679235,-0.021851154670230244,-0.0036701724242931277,0.00032413985812424075,0.00032499866254890133,1.7906301249382703,576.3614624149184,313.6828661097728,0.04928648840673999,0.0011450262255918258,0.0012963574201724436,0.0014912647758550679,0.0008639050737507012,0.0003272391300495463,0.0005910532495136994,7.995286301142673e-7,8.154617397933519e-7,8.7782595447519e-7
2025-06-14T21:23:26Z,40.67193780853686,-74.47090767411969,17.25416296464391,492.1414592470974,401.54737807251513,-0.6208381532778731,1.353534522910195,-0.09604774387025827,-0.20830651390224375,0.049312838963032846,0.006821943480986192,0.6012152272596722,-0.0032957111033056208,-0.02192815722639807,-0.003703574156006084,0.00032512084943360844,0.0003260041695332268,1.7375846325830164,583.1057576982374,315.3603579709769,0.05210460704845998,0.0011728060337118,0.001267181410327498,0.0014912495772643956,0.0008648242817917873,0.00032593818665903074,0.0005915900490252946,8.016611551497286e-7,8.151343080857518e-7,8.837832323047978e-7
2025-06-14T21:23:27Z,40.6768155935104,-74.46615713164336,16.5910978539614,492.3185107614845,400.3508719280362,-0.647237736666284,1.3516857414942933,-0.0906395859838085,-0.18599567631918035,0.04929413214313172,0.006899257424549887,0.6012803911216906,-0.0033000924449027025,-0.02199670476659321,-0.003716413840479049,0.00032609836690623,0.0003270097315105234,1.7147902814696183,591.904671625607,316.9781983538618,0.059844201437850075,0.0011987603016624002,0.0012534443208456001,0.0014913288965870356,0.0008657806789391982,0.00032394646175219364,0.0005920234265470169,8.06557390302993e-7,8.148591516674853e-7,8.893224981314735e-7
2025-06-14T21:23:28Z,40.683802903503306,-74.46156828505774,15.700412649253849,492.93482889048755,398.35307141952217,-0.7620509765692987,1.354333407638478,-0.08495896546128279,-0.16234983125741564,0.04924874676817126,0.007433801649369798,0.6015365309285698,-0.0032895622757393994,-0.022061120015791857,-0.0037076464366236905,0.0003270706889657508,0.0003280153378194821,1.7326376956044758,602.1857992021113,317.99670811221347,0.07380044138798036,0.0012198468659692127,0.001252231072993397,0.0014914472100874736,0.000866761368111891,0.000320949605628794,0.0005922800910028838,8.141687939815668e-7,8.145634860242628e-7,8.938074548174982e-7
2025-06-14T21:23:29Z,40.69108072957279,-74.45700383938963,14.74392274976708,493.2574040815234,395.9632456339896,-0.7718845738236269,1.3578652696232894,-0.08145538599592328,-0.13222152485377592,0.04922111366840909,0.00804828161574278,0.6018257424220792,-0.003284154876979528,-0.022120457516280112,-0.0036946786204197224,0.00032803656937277134,0.00032902097698934014,1.7995601071920353,613.6310146179911,317.9778752458762,0.09466171639442378,0.0012305212717037349,0.0012617216788798947,0.001491528178814245,0.000867756295386739,0.00031670615925891203,0.0005922946186118765,8.241408321312938e-7,8.141830534688386e-7,8.964346565825247e-7
2025-06-14T21:23:30Z,40.694051284272206,-74.45365409475727,13.691733534215018,496.344440035522,390.50660260394216,-0.8057596516773629,1.3626884506520582,-0.07937817455513141,-0.33319870195737167,0.04953104688866006,0.008092976240163807,0.6004092967268662,-0.0028984925330348688,-0.018944819770695176,-0.0029152804367811314,0.00032899537301095557,0.00033002663635205387,1.923329384649425,625.7580117890309,315.9751778614272,0.12338760777906954,0.0012261049255527987,0.0012791257378109782,0.0014913713528454794,0.0008687573906655696,0.00031107566169191286,0.0005920103026748956,8.356902591367244e-7,8.136806625151992e-7,8.963675413887807e-7
2025-06-14T21:23:31Z,40.70285932743047,-74.4492327199578,12.551951378234662,495.94572626799345,387.62313445843756,-0.9285290449370223,1.367242991036619,-0.0823723138864807,-0.29718548958408064,0.04953003469427131,0.009072198173043944,0.6008820570204989,-0.002911778683966304,-0.019032676019946848,-0.002891696809612654,0.00032994734547595224,0.00033103231236855267,2.0958465137322837,637.8500916682276,311.534860318163,0.14690323123749194,0.0011949531686994957,0.0013070565884519029,0.0014912466176248238,0.0008697590497133783,0.0003040617187705096,0.0005913871557499446,8.47351682460239e-7,8.130686642039228e-7,8.930609572812304e-7
2025-06-14T21:23:32Z,40.71122371219941,-74.4448337100258,11.315671549120452,495.74814481288195,384.74786610528827,-1.029325973970117,1.373370433524542,-0.08131848682478449,-0.2798478984077519,0.049541037354629225,0.009966001525867796,0.601311216589238,-0.002930102986596239,-0.019085560895632625,-0.002862291554862395,0.00033089518258739713,0.00033203800259825293,2.2850838578855392,649.4686309819834,304.60777098404526,0.16346713282338465,0.0011382576105353683,0.0013387990456564544,0.0014912586257852536,0.0008707587219005458,0.0002961160684797004,0.0005904838666034076,8.570430330739149e-7,8.124195640668968e-7,8.868323054234056e-7
2025-06-14T21:23:33Z,40.71777080870462,-74.44035654145206,10.128746409493033,495.7258194759488,382.644699677825,-1.0578907099334174,1.3815584138574195,-0.08431966449734318,-0.2593197993865033,0.04954576197815186,0.010439339986078267,0.6015713045562734,-0.002951573155286269,-0.019183733451654916,-0.0028630655908301605,0.0003318442793867446,0.00033304370824360427,2.4468042502926273,660.4838540321346,295.8843173402122,0.1654573256855022,0.0010591279418669926,0.0013758216020134247,0.001491190919148292,0.0008717560565005946,0.0002882291673654315,0.0005895036887319407,8.631383879788232e-7,8.118195206663001e-7,8.789063735234032e-7
2025-06-14T21:23:34Z,40.720933518545024,-74.4357363903886,9.14762071275618,496.0251027829945,381.0310168955475,-1.1362798367918003,1.3796968835449661,-0.08084633622593174,-0.24162447075195814,0.04953405341211692,0.01012485838793964,0.6014397282197024,-0.002945529577061734,-0.019231943825275266,-0.002891769660507748,0.00033280020316604726,0.00033404943286877614,2.563774299719342,670.9826691734423,286.4666139991037,0.17094290885389063,0.000967063645074102,0.0014165411475131192,0.001491301241436548,0.0008727517495211814,0.00028147359290374543,0.000588703428882184,8.65442798805309e-7,8.113630375288265e-7,8.708654178713467e-7
2025-06-14T21:23:35Z,40.72225043271136,-74.43101033512428,8.320144483237527,496.62368644587696,379.8937157616019,-1.1574439551332034,1.377152924091206,-0.08000651147722238,-0.22176120680978784,0.049506941214986,0.009375379153084396,0.6010908144307905,-0.002916130072122769,-0.019274316447194906,-0.002945942541174418,0.00033376575091896365,0.00033505518035233816,2.647346694336501,681.6209321103432,277.41139369757303,0.17396266422976192,0.0008736402229696296,0.0014606897855389725,0.0014913564013810392,0.0008737470640410388,0.00027642337451100335,0.0005882399592326514,8.64618345868604e-7,8.110918657320348e-7,8.639817988484256e-7
2025-06-14T21:23:36Z,40.72283511278751,-74.4261945273223,7.672243799344869,497.5466388948262,379.70942340791225,-1.1053192292383756,1.3745460513455328,-0.07821315258752293,-0.19495352444118907,0.04947032857717204,0.008451564055690142,0.6006599865868338,-0.0028700088125219736,-0.019359440583571086,-0.0030277322223639658,0.0003347410486688194,0.0003360609537119907,2.68140878877881,692.8237901384459,269.2591968202859,0.16156522004805451,0.0007836891153656166,0.0015082446398366712,0.0014914459880416185,0.000874743431343883,0.00027314848086248223,0.0005881494050537288,8.613376377008254e-7,8.110208690711251e-7,8.589005205249351e-7
2025-06-14T21:23:37Z,40.7195685827377,-74.42205371638346,7.375165256962646,498.6398927606642,378.5354007240385,-0.9862054764453205,1.3682625589499366,-0.07104496541705885,-0.396424442415082,0.049477165472580964,0.0067934247898620015,0.5986937838533777,-0.002470395900530775,-0.016198285217001285,-0.002362863853448971,0.00033572472859049363,0.0003370667558338058,2.646570643150894,704.1157697800077,262.01941489972546,0.13908141472814128,0.0007051497759785683,0.0015561118638495962,0.0014915300971774122,0.0008757416978914421,0.00027141867159683456,0.0005884028435480054,8.566811280643527e-7,8.111408316296922e-7,8.56002072872622e-7
2025-06-14T21:23:38Z,40.7200946140255,-74.41709671368031,7.246442194038536,500.0086143296212,380.3969724457711,-0.8577688051082077,1.3666464032721706,-0.07047851898278168,-0.3699675588377431,0.04944368176029457,0.005870034403358204,0.5982406645780429,-0.002388343775010071,-0.016328123292282726,-0.0024806320354144873,0.0003367146719956404,0.0003380725945208276,2.5340220856144873,716.2262713965521,256.2656456662772,0.10558470176062029,0.0006411944829440399,0.001605489027446617,0.0014915512926676345,0.0008767418324694505,0.00027084586020964985,0.0005889350205415176,8.521696703525494e-7,8.11420754879939e-7,8.553411894891101e-7
2025-06-14T21:23:39Z,40.721425424316756,-74.41213402179311,7.2647526133514475,501.2934587355703,382.18878429196775,-0.7343706595202093,1.361245225998573,-0.0701039180889893,-0.34478943477552093,0.049423311497321265,0.0051483044081237495,0.5978710704148398,-0.0023022849974552173,-0.016433196649927595,-0.002590836448518985,0.0003377086587559399,0.0003390784740003937,2.3685061168833013,729.1571676434827,251.96776173461976,0.08094112928559671,0.000594152372852724,0.0016564453030141185,0.001491585158985931,0.0008777431669503398,0.00027101402653562014,0.0005896667533336936,8.494899867263857e-7,8.118177941996103e-7,8.566630044249982e-7
2025-06-14T21:23:40Z,40.72357643302199,-74.4071888489409,7.3686897695297375,502.40467687509954,383.8258250169456,-0.6182459729461698,1.3563796261005336,-0.06958028372628178,-0.31910482689090713,0.049415178891194955,0.004630104505224608,0.5976089093892369,-0.0022243420127949776,-0.01654009544040491,-0.002696638358301584,0.00033870494470492036,0.0003400843957533213,2.192300771180281,742.8616584951151,248.93201878778598,0.06370825514316325,0.0005640236521571362,0.0017087838458312095,0.0014916413366852226,0.0008787450213377115,0.0002715974570811514,0.0005905258936450158,8.496980365228345e-7,8.122868649309951e-7,8.594710071480049e-7
2025-06-14T21:23:41Z,40.726456794748245,-74.4022885821646,7.486201591906138,503.335756033659,385.20783807709813,-0.5326921941086766,1.3526576734657283,-0.07034525037306594,-0.29494909965978877,0.04941707378748106,0.00429198507822548,0.5974499499061494,-0.0021614956759208326,-0.016642703245906887,-0.002793614760634,0.00033970245577043034,0.0003410903589612245,2.026363551192039,757.2198377739894,246.88374476907956,0.05227078170011057,0.0005490605771535026,0.0017616223717921505,0.0014916927366632733,0.0008797470136189627,0.00027239864988427593,0.0005914595104569968,8.528975179669512e-7,8.127908885916263e-7,8.631913421542389e-7
2025-06-14T21:23:42Z,40.72987047089339,-74.39743948594491,7.583439651265508,504.0495568700135,386.3478575721383,-0.45956343364014174,1.349282839546504,-0.07184958304060274,-0.27167610183278157,0.049425959057316504,0.004086505258840134,0.597372111682489,-0.0021149636462496346,-0.01673733672942035,-0.0028812497820638328,0.0003407005943215715,0.0003420963623136543,1.8798535581751308,772.1528608676091,245.5952604415002,0.04500557066440314,0.0005462728051376339,0.0018146743326205885,0.0014917578828490233,0.0008807489489113822,0.00027330925853793575,0.0005924335705787749,8.588039496680256e-7,8.132987924199872e-7,8.673125072962183e-7
2025-06-14T21:23:43Z,40.73355729123933,-74.39261970651133,7.701430574787082,504.53045086562634,387.3107272479683,-0.397461105550974,1.3473927685045055,-0.07317801662838974,-0.24825147668161662,0.04943980861526143,0.003958166229494964,0.5973481540277135,-0.0020800273275938252,-0.016823626057316687,-0.0029662489343991183,0.0003416990393104056,0.00034310240471330033,1.7564863844768897,787.5344567920176,244.90049458974184,0.04074291218900561,0.0005530381028614191,0.0018673200612048424,0.0014918501974253752,0.0008817507526701231,0.0002742722786138717,0.0005934270955985459,8.669866598103416e-7,8.137846257461844e-7,8.714036747488234e-7
2025-06-14T21:23:44Z,40.73744624791547,-74.3878398043101,7.8042575455328915,504.86930561065674,388.1152634155005,-0.35089769861951936,1.3455375733028632,-0.0751595522315256,-0.22515251219374477,0.049456709517926356,0.0038862713302592056,0.5973694156564306,-0.002059133305351679,-0.016910227757762186,-0.003048329257708815,0.0003426976117352438,0.0003441084853341554,1.6568542326147775,803.2297996948203,244.68817138882562,0.03878921082498332,0.0005680121666645938,0.0019179880443221493,0.0014919544949428115,0.0008827524158337545,0.00027525795972019594,0.0005944272859245243,8.769232628381602e-7,8.142283297299698e-7,8.751337661800364e-7
2025-06-14T21:23:45Z,40.74143968305717,-74.38309778289496,7.887922202469781,505.08015601336956,388.7637346163392,-0.313808545593929,1.3451435004753876,-0.0751802572322049,-0.19966680303787143,0.049475144233838364,0.003846708083926842,0.5974216781905852,-0.002050778682331611,-0.016998051825225957,-0.003128224182674444,0.0003436962107260591,0.00034511460342554466,1.5805101378687274,819.1044201784371,244.88506810148598,0.03864764299138346,0.0005886112466723697,0.0019661376547368287,0.0014920921535857543,0.0008837539741740137,0.0002762524869465559,0.0005954271162199563,8.88070426774625e-7,8.146100636863306e-7,8.782236778759996e-7
2025-06-14T21:23:46Z,40.74406652487005,-74.37861234839161,7.962297257035971,504.7769982293248,387.2715672440827,-0.2912564171347185,1.3448625554447062,-0.07185863255881486,-0.4038985559855064,0.049273300216100324,0.0034397854628309688,0.5964197765788413,-0.0017737101243255893,-0.013826882543412466,-0.0024146408207172954,0.0003446947789141494,0.00034612075602567517,1.5264336546993975,833.7718072768284,245.1310750643461,0.03953359468123063,0.0006163967353913247,0.0020076017233684887,0.0014921905982599028,0.0008847555166465243,0.0002772502392588501,0.0005964229757989986,8.998731263670796e-7,8.149117514796148e-7,8.804017763404957e-7
2025-06-14T21:23:47Z,40.74801781077431,-74.373955799807,8.049926178704482,504.6781943999231,387.5981977507472,-0.25841039635088237,1.344168681120209,-0.07654830892988684,-0.3851016803382663,0.04929163540737136,0.0034163256725605606,0.5965101400433923,-0.0017859686949037723,-0.01391327714389945,-0.0024971377780218518,0.00034569326723350713,0.00034712694442016583,1.4932263415642044,848.3213255808013,245.69128378519625,0.04135501848678713,0.0006501909771658129,0.0020408099948502597,0.001492280160079575,0.000885757095206736,0.0002782485447278461,0.0005974133716440731,9.117498636082778e-7,8.15110872444161e-7,8.814553167753783e-7
2025-06-14T21:23:48Z,40.751911923025986,-74.36933166127042,8.144128177606035,504.4332148246467,387.87904320284724,-0.22871391410808428,1.3446904142765561,-0.07654480600695024,-0.3609235400253965,0.049308883611956844,0.003388736445884888,0.5966079307181644,-0.0018066475309552743,-0.01399437168811346,-0.0025787418926057626,0.0003466916203734118,0.0003481331671439373,1.4783395298660318,862.5503641189391,246.5323170978398,0.0432036429580448,0.0006850188342265172,0.0020669812187450293,0.0014924250702248445,0.000886758732292013,0.0002792454968563199,0.0005983983021412156,9.231099887525086e-7,8.151884233494557e-7,8.812487279909799e-7
2025-06-14T21:23:49Z,40.75579493934687,-74.36473801304182,8.21602768113371,504.1509785167873,388.0606116615236,-0.20501229901947227,1.3454002214639331,-0.07989959558926785,-0.3399715737941733,0.04932366271123101,0.0033534534771604285,0.5967032685584854,-0.0018337732818167751,-0.014080189786227493,-0.00265586355016012,0.00034768977062299856,0.00034913942237415176,1.4781179234151205,876.2936495032422,247.62801724369513,0.045063239767081265,0.0007245632668881131,0.002080848170273774,0.0014925475358359948,0.000887760477651099,0.00028023835581354896,0.0005993791230410747,9.333846397677772e-7,8.151458699267502e-7,8.797715638336242e-7
2025-06-14T21:23:50Z,40.75954552486981,-74.36017362198521,8.31593399157282,503.6962404176593,388.1645353194326,-0.17564136492092075,1.3466300992949982,-0.08380432137300886,-0.3190761182249844,0.0493366558530397,0.003298591335152423,0.5968003770904033,-0.0018682233527584913,-0.014165427895932226,-0.0027354894577342748,0.0003486876292127767,0.00035014570792253906,1.4882229608937372,889.4666106278842,248.95196110066027,0.04614663184383139,0.0007663133732994606,0.0020831692160867723,0.001492686363730431,0.0008887623202714417,0.00028122164369032355,0.0006003584015388222,9.42115253227906e-7,8.149843366787625e-7,8.771838828995815e-7
2025-06-14T21:23:51Z,40.763218364463846,-74.35563396285015,8.424071598099545,503.1941459160298,388.1861687954515,-0.1475634707348945,1.347765818129119,-0.08897476220818135,-0.30070120600976225,0.04934577047288258,0.0032230864214568555,0.5968854407328763,-0.0019055555861484663,-0.014238313940381886,-0.0028091234629670225,0.00034968509332517975,0.00035115202137220655,1.5035190964739031,902.0712364889798,250.4762049020516,0.046625210230490155,0.0008102655020223062,0.0020739812189159122,0.0014928436913235013,0.0008897642015997465,0.0002821861908779223,0.0006013391980903549,9.490291142691927e-7,8.147243295119757e-7,8.738021587157104e-7
2025-06-14T21:23:52Z,40.76686597333742,-74.35111078971734,8.52753783215303,502.7660513445735,388.155436610803,-0.12376749291524902,1.3494655902250088,-0.08777705071088349,-0.2761540212759428,0.049351316060437966,0.0031305858007613097,0.5969536698903539,-0.0019426405230831278,-0.014302721791636941,-0.00287448853006822,0.000350682049275763,0.00035215836038866106,1.5206735876247703,914.2430126269478,252.17494811113636,0.04703507559191211,0.0008514691094738087,0.0020583532950753927,0.001493013119825462,0.0008907659944874772,0.000283118150398157,0.0006023242727452274,9.541086053443766e-7,8.143973320058073e-7,8.70064999909287e-7
2025-06-14T21:23:53Z,40.77048359111882,-74.34660140536243,8.62991075438913,502.35608254931867,388.0773911867291,-0.10293125357793542,1.3519045315115363,-0.08871993270986422,-0.2542072066462424,0.04935398512907341,0.0030205752269978348,0.5970088071553619,-0.001980075997238373,-0.014372788734817732,-0.0029358204123752785,0.0003516783991384066,0.000353164723036298,1.536539192542222,926.1773963992255,254.0274372161995,0.04656117611286581,0.000894638354235858,0.0020348281937640263,0.0014931718184624013,0.00089176751083994,0.00028400129788369984,0.0006033148934687235,9.575114903168646e-7,8.140478252182212e-7,8.663968962003382e-7
2025-06-14T21:23:54Z,40.77414353406172,-74.34209561661187,8.721555946976878,502.0367555823177,387.98440371081233,-0.08076158551648405,1.3534174248561612,-0.09189493552821659,-0.23401846150500205,0.049354963034602406,0.002904182927181864,0.5970499475079123,-0.0020148673788469296,-0.014448570030594965,-0.00299101804407087,0.0003526740649090278,0.00035417110797295574,1.5477900338338393,938.1097605572573,256.0182398415334,0.04555703583222892,0.000939129112519768,0.0020068140210532607,0.0014933299274793364,0.0008927684514735842,0.0002848180658118213,0.0006043108663435173,9.59563206052328e-7,8.137051932152385e-7,8.631873143057839e-7
2025-06-14T21:23:55Z,40.777828646860364,-74.33759253467395,8.811743998434395,501.77005758322775,387.86911372467875,-0.061583095835203494,1.355204733881692,-0.09262654059193665,-0.2111763265911577,0.049354840201431216,0.0027815185955262223,0.5970792741063633,-0.002047040316114135,-0.01452684140161864,-0.003041313643137755,0.0003536689732748436,0.0003551775144529733,1.5524603373145367,950.2942562879575,258.1361359854604,0.043961632492360736,0.0009828266020481887,0.0019786579685614277,0.001493492392322379,0.0008937685238183148,0.0002855484378387137,0.0006053108273303996,9.607088359143832e-7,8.133988480629742e-7,8.607808183669155e-7
2025-06-14T21:23:56Z,40.781497612581546,-74.3330949843388,8.908568001468666,501.6329002659768,387.73581131361425,-0.043548744314534815,1.356851450924296,-0.09342973754110062,-0.18831475410843268,0.04935327992643579,0.0026467946982222657,0.597098306985572,-0.0020777768123707574,-0.014607469728559863,-0.0030886805200225353,0.00035466305297892015,0.00035618394224385617,1.55180750605574,962.9895409753915,260.3783880116673,0.04296137645871634,0.0010271637995907519,0.0019523139587192167,0.0014936515878192032,0.0008947674923092189,0.00028617030154462334,0.0006063122716045262,9.614229208859824e-7,8.131587199171087e-7,8.59436841011996e-7
2025-06-14T21:23:57Z,40.78535634283582,-74.32857944972871,8.980207169021014,501.5169625300914,387.60763388313353,-0.029013425224547973,1.3580213237873977,-0.09787031085625131,-0.16981777177261392,0.049353559010796744,0.002536093777592896,0.5971101639224798,-0.002101738079147708,-0.014690921205328777,-0.003128117329239899,0.0003556562854473194,0.0003571903917519324,1.5449136052481671,976.3510227200408,262.74800900301216,0.040630739322210396,0.0010736740611657185,0.0019291961072115075,0.0014938548663033556,0.0008957650903589146,0.0002866681756348451,0.0006073119324266141,9.621062606536864e-7,8.129974912374104e-7,8.592465349531763e-7
2025-06-14T21:23:58Z,40.789265424057376,-74.32406022279774,9.052547215658706,501.442521519959,387.4941504225135,-0.013084548230608561,1.358777793670015,-0.10419334024845739,-0.15342578262334428,0.049354463227246015,0.0024294628928487327,0.5971164401926217,-0.002122619131000647,-0.014773782986765127,-0.003164099383909047,0.0003566486426566227,0.00035819686366757216,1.5299956461265585,990.5086369813549,265.25334138599277,0.038379542967532765,0.0011215423642344856,0.0019117709517333633,0.0014941794178725198,0.0008967611167364167,0.0002870253401922278,0.0006083063114615568,9.631437768915267e-7,8.129206265239939e-7,8.602514275279333e-7
2025-06-14T21:23:59Z,40.792390913452245,-74.31912095465742,9.07939519372303,501.06562930718064,385.44905363582075,-0.007687137748803252,1.3628441364780883,-0.09855504250344893,-0.3587003601824108,0.04886486727400552,0.0018926782158388278,0.5964268087482196,-0.0019414506449209057,-0.011588172059418866,-0.002388356787790258,0.00035764000854787166,0.0003592033562647842,1.5122325662767786,1004.1024184640868,267.64701194272203,0.03728124855554038,0.0011685271981326083,0.001902036147712422,0.001494281434293947,0.0008977554622183775,0.0002872098758866887,0.0006092909255619301,9.648959597815638e-7,8.129380061385321e-7,8.625071821959147e-7
2025-06-14T21:24:00Z,40.79640795993758,-74.31461609138415,9.142419019772206,501.17716497182846,385.2600623201579,-0.0004440649656203277,1.3641230575958616,-0.10050758918214342,-0.3414994839877181,0.04886851471792397,0.0017991210051633288,0.5964271865814226,-0.0019572348580254584,-0.011677428320069794,-0.002420359950562556,0.00035863039916657265,0.0003602098730406821,1.4943751938488468,1018.6237279752371,270.2761209209688,0.03593913527453785,0.001217732442969314,0.0018996826026027476,0.0014944892258793195,0.0008987478590407254,0.00028721242677076333,0.0006102626338324851,9.675208110462794e-7,8.130473051885231e-7,8.658863168585779e-7
2025-06-14T21:24:01Z,40.800621012299835,-74.31009280360888,9.188245988101698,501.30465839244425,385.0972439274192,0.01081869449842543,1.365117543580709,-0.10252521139909732,-0.3243875599127932,0.04887612521361007,0.0017422576073045093,0.5964318893456948,-0.001968474969118006,-0.011768216605616999,-0.002448464878057166,0.00035961995271915177,0.0003612164158025325,1.4748566131449374,1033.984128190225,273.1625517834417,0.03441570288606999,0.001268607917399626,0.0019041385719165017,0.001494729854870622,0.0008997379633515146,0.0002870482742579637,0.0006112208079768947,9.71099545265808e-7,8.132308458326931e-7,8.70168387337783e-7
2025-06-14T21:24:02Z,40.80490357780346,-74.30556350856885,9.234240890538786,501.36644360236824,384.9613069277257,0.01927077879213357,1.3673892666120082,-0.10258887272220818,-0.30571456132020103,0.04888483664990417,0.0016980963160477813,0.596436858693778,-0.001977554917885982,-0.011855421690768253,-0.0024741331956619206,0.00036060873205835176,0.0003622229861491949,1.452403298556056,1050.1076643971621,276.32683526695274,0.03268172998800678,0.0013211831717202351,0.0019147387150483016,0.0014948929760449088,0.0009007256884294722,0.0002867225336786938,0.0006121648190332702,9.757175604356646e-7,8.134805179772516e-7,8.7521618599736e-7
2025-06-14T21:24:03Z,40.809202681211104,-74.30103323177251,9.279218762938399,501.6006863415241,385.05997445620596,0.015446610103481362,1.3708060036369716,-0.10198410488692389,-0.28679245300008915,0.048894368727360416,0.0016562355425975284,0.5964413238471025,-0.001985971576459633,-0.011945209560224157,-0.002499800167754529,0.00036159666790942953,0.00036322958539543077,1.4307489797128465,1066.9399952929186,279.7855657526348,0.03239476907012728,0.0013759808253503197,0.0019316392972459767,0.0014950122666711639,0.0009017112563098987,0.00028621778013654544,0.0006130925305440892,9.814553353965422e-7,8.137948904311529e-7,8.809767972153164e-7
2025-06-14T21:24:04Z,40.813538911265915,-74.29649459191312,9.327321928576566,501.99528311751783,385.86233065649867,0.03583162524887484,1.3757875199007685,-0.10379621816264262,-0.26822149427789554,0.04890514959515713,0.0016208112175490896,0.5964464516073349,-0.0019936726238540814,-0.012038085808001142,-0.002525362385355834,0.00036258359579238546,0.0003642362144265004,1.418530196253563,1084.468943156441,283.55833745108487,0.035486802880357105,0.0014335849522568254,0.0019548371712706297,0.0014952633018329668,0.0009026942467956974,0.0002854941608497108,0.0006140007874032436,9.881248065086896e-7,8.141686391633342e-7,8.874299853316279e-7
2025-06-14T21:24:05Z,40.81796891301452,-74.2919330202272,9.395299164461903,502.57294007204473,387.5037457719445,0.07445051563581728,1.3767094617869589,-0.09811912948362078,-0.24898341404150415,0.04891846184591486,0.001604658365437217,0.5964553708909079,-0.0019999874373866078,-0.01213238878131051,-0.0025500065168273522,0.00036356905011245856,0.0003652428715465735,1.4295602053926075,1102.597710712576,287.5684811198896,0.048415995093629705,0.001489569496677757,0.0019838022577075174,0.0014950753978273414,0.0009036713576234042,0.0002844320946472001,0.0006148820814202384,9.948695510228618e-7,8.145957101540783e-7,8.946986065246213e-7
2025-06-14T21:24:06Z,40.822334012332945,-74.2873612699586,9.500470794271678,503.1225935406983,388.86283456906676,0.10285073273234957,1.3774243991647381,-0.09275980567326769,-0.23714657091932168,0.048929705471437046,0.001570300598999097,0.5964596352059743,-0.002007990601612164,-0.012232816204630126,-0.002576026044735613,0.0003645519583109104,0.00036624954880996847,1.4797346296468457,1121.1504804467406,291.562080052227,0.06493423623812922,0.0015385895576788182,0.0020212234853514304,0.0014949214540899158,0.0009046337953131667,0.0002827417484871506,0.000615717219817164,9.997684861927216e-7,8.150744545006055e-7,9.031551500387016e-7
2025-06-14T21:24:07Z,40.82678132509261,-74.28276757087042,9.636034281284083,503.427883669734,390.0008601266891,0.15317291349219886,1.3855304389289813,-0.09628572978317607,-0.22077976265154575,0.0489424553511526,0.0015517758088634537,0.5964668255110155,-0.0020155479504637697,-0.012333902324371593,-0.0026008226501801346,0.00036553141205589884,0.00036725623638006195,1.570765051133401,1139.8968136643841,295.1453286783305,0.08020211895655349,0.0015773090894847985,0.0020636955678294553,0.0014951654861805944,0.0009055687555899865,0.00028011695453353735,0.000616485404409553,1.0001442953551957e-6,8.155988704816256e-7,9.129384816148205e-7
2025-06-14T21:24:08Z,40.831460198940924,-74.27813332128598,9.81051717652008,503.97379026189446,391.05091360770166,0.216688754309871,1.3900857036787784,-0.10413326436537318,-0.20888193956307077,0.04895874268731859,0.0015886247315108903,0.5964838681466063,-0.0020173178614300014,-0.012402212557162784,-0.0026169141671488205,0.0003665072911428549,0.00036826292917701767,1.6964862464676884,1158.4620363485153,297.84082474072716,0.09428677162367782,0.0015926466209025894,0.002112889160480307,0.0014957696786049375,0.0009064674609085216,0.00027641363481521503,0.0006171758374581775,9.93821865844898e-7,8.161751355800797e-7,9.23760774861454e-7
2025-06-14T21:24:09Z,40.8360317101279,-74.27349614060657,10.00616186572006,504.21352607011795,392.2446660976857,0.179839464764882,1.389243514444388,-0.09713689535192316,-0.1814327122974646,0.04897296727676803,0.0015994012619700015,0.5964942531063571,-0.0020203068411888125,-0.012474650638523599,-0.0026345553688145174,0.0003674807785138872,0.0003692696297105574,1.8449095723235664,1176.464277955036,299.22751685337454,0.10867605979707007,0.0015788624702845178,0.0021600729286103946,0.0014954276877133421,0.0009073272694220681,0.0002718130505967515,0.0006178037706056279,9.79752923327085e-7,8.167949464106106e-7,9.350553608145576e-7
2025-06-14T21:24:10Z,40.84170866788029,-74.26875242331683,10.13030864862958,504.36997727677226,393.1435675751418,0.26313871203274175,1.3978891601946088,-0.06448661510512466,-0.12910633859064546,0.04904108007394825,0.0019109887091559585,0.5965840869394015,-0.0020027437586236374,-0.012569643709070988,-0.002658595711395151,0.00036845371463434034,0.00037027634626370516,1.9824360791116902,1194.5048113630191,299.2338820319546,0.10703763271938149,0.0015395758855773756,0.002196566327833378,0.001495156434995346,0.0009081525778159435,0.00026670954568271685,0.0006184003032504852,9.582665051107745e-7,8.174486652919342e-7,9.462856591058653e-7
2025-06-14T21:24:11Z,40.8492328545459,-74.26295855360328,10.0793094614055,505.37662175670266,393.34494373202324,0.12862713404410897,1.3871717676665867,-0.07035773518509814,-0.3292922896453092,0.04879211165734887,0.002624866963600425,0.5964611403978779,-0.0016704198827000027,-0.009369858481477422,-0.0019370741801481017,0.0003694281413751267,0.0003712830904496437,2.0778295558173396,1210.3948141774317,297.9287795826809,0.1037082145507201,0.001473118737155468,0.002246470977775333,0.0014948727228261346,0.0009089616096281047,0.00026163432783052196,0.0006190041322076746,9.320740910691687e-7,8.181084899015528e-7,9.570982762507084e-7
2025-06-14T21:24:12Z,40.853384610504364,-74.25833654449823,10.23336833412759,506.0387552268803,393.5987895336002,0.09223929174049772,1.3902878071312443,-0.07336450570983288,-0.316477526917879,0.04877658295617948,0.0025077266627704375,0.5964362155209528,-0.0016841567560277326,-0.009418168488082301,-0.0019467075886439034,0.00037040637807904544,0.00037228987665610295,2.1249202511229677,1227.2851678167967,296.0296845310351,0.09551673951460293,0.0013869117205053763,0.002304446819194667,0.0014948554855513036,0.0009097772989197872,0.0002572662921135471,0.0006196668612394067,9.048074606139484e-7,8.187844738128886e-7,9.674476975021706e-7
2025-06-14T21:24:13Z,40.85821751795842,-74.25365015260601,10.32628181821201,506.6650319956243,394.1374056208879,0.1596963760412109,1.3958671179425437,-0.08127871394299291,-0.3087234628146689,0.04880209504290178,0.0025872714478794023,0.5964618763609906,-0.001681848816474485,-0.009490192043642764,-0.0019648057015331233,0.0003713894138638829,0.0003732967136080587,2.1290692736227346,1245.9532597973996,294.0854431103824,0.08841229298298059,0.0012978444778882806,0.0023684419765750125,0.0014950304714232195,0.0009106155759407162,0.00025397937829221097,0.0006204144947140217,8.790744340185795e-7,8.194578521393445e-7,9.77673081321659e-7
2025-06-14T21:24:14Z,40.86386792264172,-74.24886379249094,10.366255474335048,507.05586192011833,394.879102781415,0.23777109618822578,1.3921387608206715,-0.07962363174101483,-0.30459833515305945,0.048879019255309686,0.002911486343521119,0.596542172585032,-0.001651797771515362,-0.009553867100180469,-0.00198547846336794,0.00037237700569327036,0.0003743036044632327,2.10089204334034,1266.379831105713,292.4392553937019,0.07928197851445751,0.001213556091801045,0.002436293355983623,0.001494948355750348,0.0009114817733263233,0.000251820920780724,0.0006212468986556514,8.563994423477352e-7,8.201278344543661e-7,9.880504286502419e-7
2025-06-14T21:24:15Z,40.86906555694474,-74.24411493338278,10.48360826499993,507.37267976626754,395.32985506020486,0.22858550859200477,1.3915686147884117,-0.08371141241468649,-0.2887260716433957,0.04893534008397182,0.003105828918961606,0.5965889342696755,-0.0016326628796150544,-0.009629860704251314,-0.002006468467754985,0.0003733684355068882,0.00037531054841840667,2.043880441331337,1288.189872169089,291.2982063461809,0.06858352365014808,0.001151542628361377,0.002497706731509318,0.001495148262676787,0.0009123742135866551,0.0002506852273333479,0.0006221522887852072,8.373045711313954e-7,8.207757006797182e-7,9.98799267152931e-7
2025-06-14T21:24:16Z,40.8745147578621,-74.23931767097845,10.526030808337964,507.6128986403346,395.9935815706849,0.2609709584412485,1.3961375687795226,-0.08610170282736362,-0.2708384228080831,0.04901925695321552,0.0033831621434785575,0.596645162695495,-0.0015972920426605697,-0.009710889682708057,-0.0020291673809254007,0.00037436262934590806,0.0003763175431508954,1.9675131233269327,1311.3438526887005,290.9075089971945,0.059448242373939864,0.0011072491597800055,0.0025574888854631235,0.001495324360615336,0.0009132900557101282,0.00025034126743666435,0.0006231088476775119,8.221686105176293e-7,8.214107571174953e-7,1.0099051445566767e-6
2025-06-14T21:24:17Z,40.879552304812314,-74.23456126464465,10.626864161458798,508.10392129793763,396.4036134313792,0.22216968952579919,1.3932707025815034,-0.0840615506872382,-0.2522866403014632,0.04907817471166709,0.0035352756783879613,0.5966719873977127,-0.001575519436684658,-0.009798577799472241,-0.0020507182661617662,0.0003753585380199574,0.00037732458478586243,1.8847803098439908,1335.1135497530154,291.2701418606324,0.053138890692800644,0.0010797266341502096,0.002615898403357265,0.0014952794007700063,0.0009142259462319739,0.00025052837724534203,0.0006240942488654775,8.110725007358371e-7,8.22027794699693e-7,1.0212307287691681e-6
2025-06-14T21:24:18Z,40.88432074506064,-74.22983716663975,10.74300863436656,508.6383022516966,396.8438705801964,0.17974733184655634,1.3947186263176263,-0.08160773841154878,-0.23744680245636118,0.049118065225684404,0.0036026244945617236,0.5966818740926101,-0.0015656036782587535,-0.009894960109591011,-0.0020725873803968398,0.00037635550340209484,0.0003783316705041003,1.8083007497385493,1359.3448049642273,292.4275164730466,0.049630431376462725,0.001064642553115629,0.002676313111751926,0.0014951978299385831,0.0009151775574166917,0.00025106849330792306,0.0006250933832343574,8.036428929193808e-7,8.226123281270163e-7,1.0326013176047496e-6
2025-06-14T21:24:19Z,40.88913974555085,-74.22508366555425,10.794729996763635,509.36489088460803,397.53818956948817,0.1772886507351359,1.3934547861063038,-0.09218487651378382,-0.2274056800551989,0.049162317399350286,0.0036779280544578796,0.5966809760648175,-0.0015475153507367168,-0.00996385275107059,-0.0020854584204954563,0.00037735313695335765,0.0003793387989717473,1.747828467979897,1383.8330783956446,294.38277170133415,0.04881517721065143,0.0010632712390023168,0.002736854637575115,0.0014958683037273105,0.0009161408098725884,0.00025184412323287614,0.0006260950552957481,7.992053824940602e-7,8.231476527016612e-7,1.0437629906129135e-6
2025-06-14T21:24:20Z,40.894108938082276,-74.22026418961052,10.619851308234502,510.5945778153837,398.52625050395727,0.08605839428219042,1.3875676018069498,-0.08081307511474733,-0.22024569233599323,0.04924966808584941,0.003791699553687522,0.596647277889133,-0.001500402145921953,-0.010045892746916252,-0.0020920734704077404,0.0003783511705290575,0.00038034596962322045,1.7063528904955254,1407.9614602142567,297.0095117946051,0.05014360344226232,0.001065266304287145,0.002797712073620578,0.0014952912313202754,0.0009171120596713569,0.00025276318112288506,0.0006270899819493483,7.969422973691941e-7,8.236441967085405e-7,1.0544024909920593e-6
2025-06-14T21:24:21Z,40.89876884944282,-74.21549194093974,10.501247234235052,511.7578734867275,399.2404367029667,0.06531758792198161,1.3887655615180847,-0.07742001788164998,-0.20819546567327052,0.04930810340147218,0.003805581051523177,0.5966063333471538,-0.0014739348204386715,-0.010138357262746922,-0.0021013342314404326,0.0003793494286446288,0.00038135318153630527,1.6820271582682869,1431.5302501384008,300.3144998993628,0.05193554102662701,0.0010820509191050416,0.0028483782835671007,0.0014952148313962072,0.0009180882528514428,0.0002537563619601666,0.0006280689853764762,7.960698904416754e-7,8.240426159332628e-7,1.064250470453783e-6
2025-06-14T21:24:22Z,40.90327710529906,-74.21072731161514,10.418205415189732,512.9979893900454,399.7777727730572,0.11624324965578126,1.39178775613982,-0.07173061863204566,-0.1998504978546407,0.04935828730458525,0.0037643990141020822,0.5965507714208798,-0.0014509846328252252,-0.010222539547896758,-0.0021059906334954803,0.00038034771039948523,0.0003823604342106339,1.6711222823351946,1453.79419332143,304.2848099925884,0.054013811397150335,0.0011024287389524055,0.002893625429718249,0.0014950377936197076,0.0009190677058282268,0.00025474422694009535,0.0006290216287496822,7.960981710715767e-7,8.243311577413714e-7,1.0728199838651003e-6
2025-06-14T21:24:23Z,40.90757016100442,-74.20596113399203,10.337224732269533,514.3730120323598,400.38159489259124,0.1709187731030397,1.3898263491719263,-0.05812787370427941,-0.1723535050305145,0.04941679939338428,0.003642244845792675,0.5964549030104536,-0.0014213388381563163,-0.010313843739822914,-0.0021025571490440598,0.0003813457838713965,0.00038336772719849073,1.6672962769198996,1473.7321620324562,308.87065559988577,0.053367928102359685,0.001154306038183346,0.002900511673067463,0.0014947376530402236,0.0009200501490146855,0.00025563480888615513,0.0006299385247336527,7.968206666613786e-7,8.244736460815546e-7,1.079610515151864e-6
2025-06-14T21:24:24Z,40.91178776967481,-74.20120723103263,10.310710924095474,515.9685337692499,400.7080500461161,0.14929874599329196,1.391400996595621,-0.05603954840194092,-0.15145890905660053,0.04946259450935031,0.0034874070279613534,0.5963579377275892,-0.001398735352935887,-0.01040171960016778,-0.0020977499126360044,0.00038234349879126615,0.00038437505962274186,1.6689285850413433,1490.5782246168872,313.9709108816164,0.05616691695931009,0.001207784393355568,0.002898894016635557,0.0014947061016118651,0.0009210364192820134,0.000256360597741271,0.0006308173559191988,7.982432325770093e-7,8.244553430186685e-7,1.084359768011043e-6
2025-06-14T21:24:25Z,40.91876426138012,-74.19528504472626,10.215864310215693,517.9988068193197,398.50549262203276,0.25808453517674934,1.400557405759173,-0.04956405021812316,-0.36416898160132405,0.049021297164017597,0.003738143795629867,0.5962981597331236,-0.001161031240044963,-0.007202879565454623,-0.0013742423065608023,0.0003833407900019335,0.00038538242815182387,1.680857688425389,1502.0847805890107,320.6686260308005,0.061018123119538914,0.001255903326988534,0.002892312613682113,0.0014946309199523077,0.0009220274235526541,0.000256879134473785,0.0006316590112169875,8.004754731742511e-7,8.242892454860358e-7,1.0867666228793728e-6
2025-06-14T21:24:26Z,40.92200324972596,-74.19059322586854,10.094376297143754,521.3785922303796,398.29024003073573,0.33707907655843883,1.4079490633084788,-0.03223128407762488,-0.3557843585822411,0.04908210107123523,0.0031971321696744326,0.5960230475102435,-0.0011112413436080715,-0.007320928891431322,-0.0013287425766463912,0.00038433755007232835,0.0003863898350709028,1.7093680717928141,1509.1511126328367,327.94586721326675,0.06969752926546902,0.001298780675479559,0.002874859177744432,0.0014945403760349377,0.0009230233600795294,0.0002571235636476533,0.0006324575139686859,8.037781828827369e-7,8.239257374584894e-7,1.0859595085910218e-6
2025-06-14T21:24:27Z,40.924939815854934,-74.18594487484496,10.081744136055931,525.1820887476206,397.7134338207543,0.5096286560801673,1.4166470697455225,-0.03523837619627557,-0.3441464134884882,0.0491238345198326,0.002524195373098337,0.5957049383359845,-0.001066882160358773,-0.007458267870646296,-0.0012724312734420096,0.00038533364217440726,0.00038739727917289405,1.7606019472773025,1510.5854519179186,335.7185355244846,0.08084924203728916,0.0013519257343055351,0.0028259001062185146,0.0014944116348443977,0.000924023423033174,0.00025700785892469007,0.0006332029168037985,8.084508022083607e-7,8.232746649418925e-7,1.0806746259904746e-6
2025-06-14T21:24:28Z,40.92813159297774,-74.18131379064299,10.362035946105607,528.5549141839147,396.9591806475073,0.7136374268920918,1.4337380129290977,-0.04207586771963179,-0.3309078957463498,0.04913878585693965,0.001935103852190423,0.5954426704920479,-0.0010388283584319424,-0.007576853488785673,-0.0012249813888587369,0.0003863289494953757,0.0003884047585987383,1.8372399695620578,1504.5992633091769,343.6195595788218,0.09440796710584698,0.0014133235414685284,0.002736141442969343,0.0014946348309685495,0.0009250251549852203,0.00025644798679159893,0.000633885334920124,8.147795582130959e-7,8.223394040356684e-7,1.069393350296537e-6
2025-06-14T21:24:29Z,40.930914790427224,-74.17673402874257,10.506791862426326,532.4886499047279,396.31227265670896,0.35846396468878083,1.407400280222646,-0.023760170471746278,-0.3028988956411922,0.04913272996327578,0.0011737273638487977,0.5951165935621248,-0.0010120749724649158,-0.007708241410966821,-0.0011597743034457153,0.0003873234806426272,0.0003894122704737818,1.9267828906291065,1488.8906100446432,350.68890716658007,0.09869875958113339,0.0014982806758001238,0.0025785847862941,0.0014941948396142736,0.0009260245729441827,0.00025540360310163625,0.0006344993795087103,8.22911019597359e-7,8.210963305682633e-7,1.0509610422766885e-6
2025-06-14T21:24:30Z,40.93341720390256,-74.17220869074329,10.258027878648136,537.3129608519375,394.9690678175539,0.04467471620364449,1.4024116901127854,-0.02623355833770802,-0.31326361719220586,0.0490953600588,0.00026493874887734137,0.5947334820593824,-0.0009906143405089551,-0.007833517257211042,-0.001072291642636003,0.0003883175148639875,0.00039041981139809127,2.025982489756334,1465.8795213781725,356.9693203398466,0.11430288344875683,0.0015123452467785522,0.0024532085541786423,0.0014943895027619675,0.0009270175746462203,0.0002539593678719977,0.0006350584873506676,8.325907396636596e-7,8.195435039159359e-7,1.0260992915020236e-6
2025-06-14T21:24:31Z,40.93623667860282,-74.16770173805912,9.898441255965736,541.3142602182925,393.8015947025269,0.016870545017582117,1.415126687126758,-0.026180292778576586,-0.2990131468613981,0.04904910383947936,-0.0005382330780108191,0.5944034500062116,-0.0009797065050065612,-0.007961339867108563,-0.000999195794776142,0.00038931132394078255,0.0003914273791759849,2.1241310764731525,1437.555679263272,362.28725040558794,0.11536607985045555,0.001564220881192552,0.002254803981263384,0.001494679557482799,0.000928000429285397,0.00025222763380681784,0.0006355856850154228,8.434681213762726e-7,8.178271385299291e-7,9.959965558123708e-7
2025-06-14T21:24:32Z,40.93982975789576,-74.16316332373272,9.711588444479275,544.4374951645732,392.2984050232917,0.09868255663468517,1.4380714539656765,0.0018668120522278286,-0.2715617692847445,0.0490169311065074,-0.0010467084462106868,0.5942006731711444,-0.0009781252827139042,-0.008075780591696002,-0.0009609578105340688,0.000390305291796096,0.00039243497334845115,2.22178028872387,1405.9236404907808,366.2850841813741,0.13432519392297826,0.0016267422076839885,0.0020186580921774085,0.0014939826572679083,0.0009289705699063467,0.0002503795681797793,0.0006361124919697532,8.55125251971608e-7,8.160480379563461e-7,9.626027079721415e-7
2025-06-14T21:24:33Z,40.9434210387612,-74.15867157639033,9.561713839997537,547.8173393085599,390.99347814172506,0.14396717057115893,1.451763620134443,0.007632836387813313,-0.25613757020437333,0.04897298100104308,-0.0015820105867021539,0.5939888306966168,-0.0009852598799398038,-0.008220211885827666,-0.000922048810387821,0.00039129977159467824,0.00039344259311774267,2.332109136398249,1373.1747977788466,368.6949184551537,0.14442625193356362,0.0016544071909286304,0.0018016062886187553,0.001493851531125725,0.0009299268047741037,0.00024858597654470665,0.0006366636167815061,8.670807021863552e-7,8.142280163272008e-7,9.276897465728343e-7
2025-06-14T21:24:34Z,40.94833084941787,-74.15405192891991,9.73886092507746,549.009688641876,390.45996305532753,0.15228707402093278,1.456169467077416,0.010038916044493362,-0.22803004818342743,0.04899727162637646,-0.0015647639930591595,0.5939982572235749,-0.000991390065493647,-0.008330063091079865,-0.0009500469223020502,0.00039229479813805235,0.00039445023880952377,2.434695585979057,1340.7122965369795,369.33399851813346,0.15320320710898605,0.001685486472144265,0.00157042589900084,0.0014937541628642272,0.0009308697462144957,0.0002469218061240016,0.0006372481194752955,8.788373821109712e-7,8.124880819914304e-7,8.923216856839137e-7
2025-06-14T21:24:35Z,40.95365059357107,-74.14938200010144,9.981825109338388,549.5260354913771,390.1614599581808,0.05228101373722893,1.4593764840610675,0.013826522446152012,-0.21694150186067418,0.04905043593225855,-0.0013710723828950222,0.5940762001264375,-0.0009937431502891059,-0.00842772797420821,-0.0010001236123358126,0.0003932903612269187,0.000395457910881202,2.5235617027651194,1310.305675975431,368.45886535788395,0.15975720931655035,0.0016833811387672202,0.001374347627239281,0.0014938407458204418,0.0009318029059007599,0.00024546067124658666,0.0006378740512289197,8.900175769420668e-7,8.109070312909584e-7,8.584638815591323e-7
2025-06-14T21:24:36Z,40.96408760745622,-74.143388180602,10.312975532666314,546.0040562935174,387.891435271129,-0.04489037578650823,1.453294733641087,0.011945233593223747,-0.42937380656985624,0.04865278670831685,-0.00007544077452870113,0.5945213202139712,-0.0007715736662774475,-0.005224200369099208,-0.0004715466715232708,0.0003942864226715058,0.0003964656076980743,2.5816909432389115,1282.828679761051,366.7687015063916,0.15561037776599795,0.001675665699518723,0.001196386013042032,0.0014938186904843425,0.0009327319378059842,0.0002442530625612404,0.0006385463560991055,9.004468026848454e-7,8.09537869003084e-7,8.275960410400125e-7
2025-06-14T21:24:37Z,40.96994161214125,-74.13864729185435,10.619956547801849,545.4780773408711,388.0369898080826,-0.02875785085041116,1.4566384795980412,0.010030205132238734,-0.4224977618396224,0.04875649257292025,0.0003582093289828947,0.5946886537203682,-0.0007624345094612295,-0.005308989955437937,-0.0005544911783275097,0.0003952829901412049,0.00039747333484240486,2.6043064453872296,1260.7932809158829,364.46701393467043,0.1513678085759308,0.0016627284291043985,0.0010463182290750973,0.0014937960406675342,0.0009336621068914908,0.00024334943844773964,0.000639269923332646,9.101563825549167e-7,8.084263182125806e-7,8.00934831665356e-7
2025-06-14T21:24:38Z,40.975362280426936,-74.13396661916165,10.786920854938217,545.4929173476994,387.8633453194052,-0.07022933685448152,1.4546369139206945,0.013019905959652078,-0.4096980934846215,0.04882504303350288,0.0005977354332884488,0.594780405961501,-0.0007582574178499613,-0.00540036831395696,-0.0006106449586944507,0.00039628000616140564,0.0003984810944421717,2.592003320344546,1244.1705899780625,361.9867983249589,0.13959888328721226,0.0016555773797589245,0.0009195623881645082,0.0014940085407539748,0.0009345981290135865,0.00024275490992671048,0.0006400448655099605,9.193577918762092e-7,8.075760635692734e-7,7.790180545832114e-7
2025-06-14T21:24:39Z,40.98133463218824,-74.12919014039265,11.14537828596076,544.5809013396502,388.3519185539335,-0.09314437446164447,1.455831174935156,0.007501465434756938,-0.3890221907313389,0.04894472724708976,0.0010590775193151103,0.5949530977304676,-0.0007429382999575296,-0.0054994065072264675,-0.0007033370932809646,0.0003972774583940152,0.0003994888904928311,2.5450722572605122,1232.6760558496883,359.787954366481,0.1267948052037774,0.0016531595168983672,0.0008187509840872803,0.0014937320607977041,0.0009355421065139042,0.00024246268786515309,0.0006408680107409243,9.282512730998736e-7,8.069653905282201e-7,7.618061977150595e-7
2025-06-14T21:24:40Z,40.98737622882758,-74.12437945690007,11.525095303019043,543.6992318928242,389.09543699398637,-0.18162537532225542,1.4439892161972239,-0.0010931245277916446,-0.38209368313437153,0.049078537226250774,0.0015413600820011197,0.5951325370915583,-0.0007221094549265672,-0.005603335308393298,-0.0008044612865063527,0.00039827542092804976,0.00040049672614199324,2.4771866181602777,1225.8152267885325,358.10902382318443,0.1147708373491888,0.001655415126236808,0.0007434173330612561,0.0014933333549291372,0.0009364927985012576,0.00024247306660156608,0.000641735020808578,9.369453611843927e-7,8.065685219311385e-7,7.489456539519731e-7
2025-06-14T21:24:41Z,40.99336265847421,-74.11954550474057,11.759937526134308,542.8300625048578,390.2087026871741,-0.44381944807901164,1.4040466086007655,0.007613273268788134,-0.3403105543766287,0.04921200039143514,0.0019888099618867727,0.5952984433752135,-0.000696336452293167,-0.005689140518938984,-0.0009023127087992577,0.0003992738694084937,0.0004015046036793992,2.389355893334326,1222.7301079164815,357.0153148283757,0.09860365272383265,0.0016566049470216277,0.0006957037822149629,0.001494294266583217,0.0009374495920110099,0.00024274924116210453,0.0006426392077121761,9.455412883160889e-7,8.063439831825865e-7,7.397602436271255e-7
2025-06-14T21:24:42Z,40.99949612290878,-74.11465117477603,12.024477755418047,542.084032189101,391.9664803594351,-0.3310409373771108,1.398397418211971,0.003825465866029276,-0.3176081547353533,0.049357996068010834,0.002467758342703519,0.5954717585846083,-0.0006623431863985729,-0.00573509815427542,-0.0010041790706125653,0.0004002727351459992,0.0004025125263166034,2.279011620711995,1223.0225580359856,357.02156155455464,0.0823741186909418,0.0016633368712828307,0.0006662376916619426,0.0014942814762861903,0.0009384113833125122,0.0002432389538737882,0.0006435743634045963,9.542333993553996e-7,8.062577812108947e-7,7.336476383287998e-7
2025-06-14T21:24:43Z,41.00552863027721,-74.1097554415878,12.343516109744087,541.5799222551286,393.5090280864388,-0.3227943672081892,1.3909649899069336,-0.0039313434187988605,-0.31040357879282965,0.0495012027777193,0.002890212144194493,0.5956147623728612,-0.0006300847136913035,-0.00576852950169382,-0.0010999657089953985,0.0004012718730533263,0.0004035204972682817,2.1621208595882786,1225.3184668108831,358.0709676369934,0.07235333630138874,0.0016862191103180178,0.0006437452721637572,0.0014938797402551593,0.0009393763014471738,0.00024387135322157641,0.0006445339970168549,9.635726318717e-7,8.062790515873939e-7,7.300653193350871e-7
2025-06-14T21:24:44Z,41.01176344343824,-74.10483266611985,12.876660707348492,540.982982903719,395.394805341959,-0.13867082178967394,1.3829493969096802,-0.008606749112686884,-0.28724923645677336,0.04967119515868035,0.0033565273430724574,0.5957485137914773,-0.0005987574824999342,-0.005799003909572775,-0.0012096273437691707,0.0004022711181916387,0.00040452851924026615,2.0532452533903425,1228.9424414991731,360.5286230567672,0.06587335322926047,0.001711866285107903,0.0006395307175692904,0.0014938802610085765,0.0009403436997109208,0.00024457984254185945,0.0006455116673881799,9.739494199864051e-7,8.063720961444272e-7,7.283784187768711e-7
2025-06-14T21:24:45Z,41.01788652939537,-74.09996715310027,13.460778191627469,540.6562361121178,396.63336844556034,0.004291923057735403,1.3906243397213984,-0.01192767296117836,-0.2729446451048716,0.049816291582374106,0.0037504255234352968,0.595830894431856,-0.0005825867030608833,-0.005823317682796869,-0.0013023979126813856,0.0004032703474988436,0.00040553659263041156,1.9616788470993534,1233.1339661344364,364.3421758344938,0.06307406255253911,0.001754413991864977,0.000635999107202179,0.0014939437511389776,0.000941313953928872,0.0002453196745351718,0.0006465018752628937,9.85311681928795e-7,8.065105610636342e-7,7.279966754249726e-7
2025-06-14T21:24:46Z,41.02429195346148,-74.09513090392281,14.249032642284874,540.4115445502102,398.1682662013918,0.15132373559754342,1.3945133606830495,-0.016426934638843704,-0.26661099334705796,0.04997052655699008,0.004195378729320964,0.59588369471021,-0.0005797548365507055,-0.005843639914786536,-0.0014029009683653726,0.00040426947421691786,0.0004065447172581207,1.8923111701790625,1237.4858691484555,369.4836281306745,0.06537161901600685,0.0018141639902804485,0.0006286595819918362,0.0014939631824782001,0.0009422877796347053,0.00024606374567878953,0.0006474999601180009,9.972178467520883e-7,8.066731967608928e-7,7.284412526607435e-7
2025-06-14T21:24:47Z,41.030654787646235,-74.0903569964799,15.07532668003114,539.9007426910102,399.1012350488454,0.3212529752217961,1.3994829757575644,-0.0025301871910556883,-0.24903268193884287,0.05008912114408304,0.004596280509474582,0.5958976034817169,-0.0005929671167024253,-0.005851339311419679,-0.0014854785263267445,0.0004052683775300293,0.000407552891018448,1.8438709332366503,1241.6713030315452,375.87383444316305,0.06527535488777103,0.0018709022144225125,0.000631756491615771,0.0014962010188374589,0.0009432665935633444,0.00024678320814919464,0.0006485014879446947,1.0089226417648274e-6,8.068413480718682e-7,7.293587313623051e-7
2025-06-14T21:24:48Z,41.03732759815204,-74.08565209128989,15.994256925070658,539.4646538905799,399.69592518918216,0.2765493497336138,1.3988468317693332,-0.007723421715184031,-0.23700045532496006,0.050204022704292584,0.00506012666744482,0.5958841492465581,-0.000627804530971332,-0.005861888251246228,-0.0015730779096330139,0.00040626700880752565,0.00040856110987428853,1.817547916656539,1245.1889897297772,383.13419843711404,0.06957815774436027,0.0019369970554172643,0.0006282596098174327,0.001495939157970383,0.0009442498888547158,0.0002474622538898365,0.0006495032372371006,1.0192411770021912e-6,8.07014675368719e-7,7.306596130067727e-7
2025-06-14T21:24:49Z,41.04356613781827,-74.08097968577746,16.822846944560297,539.3171350769699,399.88735087029636,0.525103548548941,1.413605324960372,-0.01926358386674565,-0.23745982845503022,0.0502759903806691,0.005401495353794417,0.5958570718139526,-0.0006648750587956442,-0.005858668862174454,-0.0016312411406929073,0.00040726541917918076,0.0004095693681174957,1.8149653251473252,1248.3009578318631,391.28453761908054,0.07301416528466531,0.002012384106517185,0.0006117642074087126,0.001494627808845999,0.0009452361726200157,0.0002481056555700516,0.0006505030137323738,1.0270647113881728e-6,8.071777806514903e-7,7.323252066882647e-7
2025-06-14T21:24:50Z,41.04969530003407,-74.07635507366331,17.66150323767215,539.2475374788046,399.88353374041617,0.3923483606940863,1.41440008385689,-0.02043402947674622,-0.22799920172201382,0.05033682241946735,0.0057125976470047135,0.5958181159585365,-0.0007108945837259739,-0.005875036172142245,-0.001685324863274218,0.00040826365743627975,0.0004105776591882627,1.8296748003015921,1250.4020884525191,399.33216120543545,0.07664661376021142,0.002071216854674588,0.0006008226168317966,0.001494738862138402,0.0009462252305807449,0.0002487193155289776,0.0006514995406820586,1.0313962509327164e-6,8.073213465090574e-7,7.343625630481361e-7
2025-06-14T21:24:51Z,41.056166366286874,-74.07182121877165,18.532823465880938,538.8099114187062,399.37532197125256,0.40849086299749615,1.4120905453382875,-0.037597177209136134,-0.2270946520011421,0.05040034672811089,0.0061039123713158006,0.5957590615216759,-0.0007790835552441422,-0.005875140043656302,-0.0017466561849417417,0.00040926185134167734,0.0004115859760381917,1.8537737934307459,1251.8845023985637,407.2220478965804,0.07727791908907877,0.0021258301218276482,0.0005810543036462518,0.0014934097296145736,0.0009472170810649042,0.0002493217600456028,0.0006524926996188376,1.0316086398745612e-6,8.074515726735377e-7,7.368899297185522e-7
2025-06-14T21:24:52Z,41.062905630231086,-74.06741222327318,19.593454224872403,537.9800981618464,398.3347040489316,0.5681433716708852,1.4149200440733694,-0.04574079047665691,-0.22511421351919125,0.050464777869819955,0.006561690875514614,0.5956766394592705,-0.0008735100942587337,-0.005878370112753828,-0.0018185102571521838,0.0004102601586785982,0.0004125943129798088,1.874232906829527,1252.8809005595404,414.5766609135845,0.07452466688091486,0.0021626153213182473,0.0005617934342976469,0.0014932549973413764,0.0009482119349414366,0.0002499394569466889,0.0006534828801148676,1.0278732753756164e-6,8.075670020152693e-7,7.400020982859087e-7
2025-06-14T21:24:53Z,41.06895986359583,-74.0629507219461,20.523625344969332,537.7579386271536,397.35239124670625,0.4932841249719786,1.427407403702091,-0.04099189728322017,-0.2144830708639347,0.05049935633996938,0.006853818940953715,0.5956127750105225,-0.000944593799580673,-0.0058866512964641515,-0.0018674363821347129,0.00041125877313954936,0.0004136026680735818,1.883118706419672,1253.5391368850953,420.948838419088,0.07092413669518793,0.0021764621236368665,0.0005500182765778868,0.0014937321136800465,0.000949209842694974,0.0002506081642115052,0.000654470330645659,1.0213018252179899e-6,8.076808454923657e-7,7.437550899757145e-7
2025-06-14T21:24:54Z,41.0746189194074,-74.05847405904981,21.302637202548794,537.8520579300821,396.4138548169285,0.42784899590515124,1.4322034818978864,-0.03647077399477894,-0.20375148907442053,0.050519254820301285,0.007051544537034715,0.5955562564995489,-0.0010040777766278097,-0.005915206991915056,-0.0019086476206879865,0.0004122578199774481,0.0004146110426465998,1.8789010811071645,1254.3565000321817,426.6614629896306,0.0666393345923183,0.0021825994511196745,0.0005388944147824908,0.001494253117657228,0.0009502103222721992,0.00025135404168712475,0.0006554552104178774,1.0134998920372942e-6,8.078011568195048e-7,7.481116711460601e-7
2025-06-14T21:24:55Z,41.08023155190228,-74.05406644134524,22.092973270686343,538.0477842241526,395.43134347349405,0.4255193460976443,1.4316508571864688,-0.016170588810268782,-0.19096281577094487,0.050528170218967716,0.007236607056768207,0.5954879536657245,-0.001072087758572593,-0.005950444804113886,-0.001954846886803807,0.00041325731307645164,0.00041561944036742416,1.8679608638993197,1255.6073049325923,432.0105896893233,0.0653032173844098,0.0021831197174746863,0.000530799513516577,0.0014973018481205553,0.0009512120416744125,0.0002521841640077764,0.0006564376828212452,1.006028628110679e-6,8.07925785825581e-7,7.529275885949844e-7
2025-06-14T21:24:56Z,41.085838215902385,-74.04976292441143,22.924118952127174,537.7888334579766,394.49575994722545,0.3423645026941813,1.4307735774491448,-0.007945112304582835,-0.16903700642887998,0.050521011415639805,0.0074175023413545205,0.5954036826951778,-0.0011554414738839114,-0.005997857058076761,-0.002010902484755661,0.00041425717483393006,0.0004166278652644003,1.8560250667066447,1257.280439515272,437.095640158043,0.0640070554211617,0.0021828339541515368,0.0005284242411140665,0.0014991156182954566,0.0009522131969880854,0.0002530859654612644,0.0006574184402550853,9.99719104196098e-7,8.080495794512644e-7,7.580615964336483e-7
2025-06-14T21:24:57Z,41.09128247593827,-74.04549550317643,23.784024081774987,537.2907963618636,393.27739124186337,0.4564105424742593,1.4394015509751625,-0.015677714330990966,-0.14142256664126762,0.050498315112236014,0.007553836587078422,0.5953184438185417,-0.0012388024639164996,-0.00603541628075277,-0.002065574122170233,0.0004152573147628089,0.00041763631989240476,1.8340506140959738,1259.3684792553363,442.26088067369113,0.05832631404393285,0.002183011356581046,0.0005296920387470068,0.0014975209547119165,0.0009532127317235138,0.0002540376133266304,0.0006583994360938976,9.944982404014396e-7,8.081702759207002e-7,7.635445836732414e-7
2025-06-14T21:24:58Z,41.0964974704444,-74.04130079986058,24.746248100535013,537.0661137402058,391.7790185343474,0.45605640941175807,1.4390890913127805,-0.046620615598385484,-0.12470794145610853,0.050471639513943956,0.007636908172173662,0.5952274052397115,-0.001328272291445387,-0.006078451967965748,-0.002124406437147286,0.00041625768628690286,0.00041864480639465615,1.8004688011224461,1261.6500847659129,447.2516204723047,0.05430640412289256,0.0021946467345320504,0.0005277466068079538,0.001493689358158786,0.0009542120061425271,0.0002550239665337899,0.0006593824098754433,9.903817499996611e-7,8.082973457422004e-7,7.695378529769697e-7
2025-06-14T21:24:59Z,41.10134728974532,-74.03714972446143,25.661742884549312,536.9505285024643,390.2981896288693,0.32560658138027065,1.4378985174480476,-0.061050949648915775,-0.1327986398973735,0.05045011320044068,0.007634446010627016,0.5951323325643898,-0.0014161371291834257,-0.0061204067818607655,-0.0021843121664346654,0.00041725817850259226,0.00041965332846290496,1.7639865807638737,1264.1237561566163,452.2376850297825,0.051310414060126264,0.0022162710686853353,0.0005221743273513492,0.0014933051001603753,0.0009552120720612143,0.0002560251598793402,0.000660367611190116,9.877507249394168e-7,8.08444952974124e-7,7.759847430490827e-7
2025-06-14T21:25:00Z,41.10571031987161,-74.03323584847541,26.711121751461178,536.8699198141694,387.886685796082,0.29265644604129193,1.438567309465725,-0.07478110364036183,-0.1342269550814308,0.05042112122237086,0.007520013550958993,0.5950065526631079,-0.001534035272499068,-0.00615029473794948,-0.00226278189464324,0.00041825863681961084,0.0004206618878263596,1.7262740559689336,1266.8134212595342,457.5763501136104,0.047954435091089764,0.002238207721841018,0.0005249495058445022,0.0014935206537579808,0.000956212563140332,0.000257016292417967,0.0006613553236502003,9.866162203017576e-7,8.086076317685117e-7,7.82803905933055e-7
2025-06-14T21:25:01Z,41.10936794953817,-74.02946008371691,27.853256679023616,536.7553832270205,385.3319683112204,0.3071055773925764,1.4434819609014085,-0.08233334813166948,-0.13755275795301714,0.05038426730379797,0.0072443167802589414,0.5948682603848283,-0.001661796488988898,-0.0062043770579407465,-0.002355661387994701,0.00041925891350167626,0.00042167048752617884,1.6869317017885919,1269.6456370720184,463.42354233992495,0.044921624559784434,0.0022626400756843236,0.0005327538644061521,0.001493738289786774,0.0009572126117889544,0.00025797252961320375,0.0006623452204973944,9.871207015632353e-7,8.087828214388656e-7,7.89809061879723e-7
2025-06-14T21:25:02Z,41.11939372696315,-74.02505928828074,28.866754607879557,532.8734525926411,377.56376516819,0.36387884776559076,1.4546921803121222,-0.08578974084730362,-0.35757677945002797,0.049794890486282384,0.008245637170830378,0.5952076891044271,-0.001727110379093233,-0.002944994636280285,-0.0018581904520118542,0.0004202588703328009,0.00042267912297767196,1.6430889525290355,1274.830093065518,469.4075300594093,0.04079605515159879,0.002292745678549385,0.0005446535879993364,0.0014938809686906058,0.0009582108515134973,0.0002588685640681163,0.0006633369088896181,9.894032034728558e-7,8.089627917678835e-7,7.968319808351345e-7
2025-06-14T21:25:03Z,41.12285180475737,-74.02097440410144,29.671042147674598,533.0959069617093,376.19733230397105,0.424378719588276,1.4530337514879648,-0.09382313882724702,-0.34312453841448587,0.04976238133667721,0.007933099975957703,0.5951373146745027,-0.0017816173053688544,-0.003046341209341108,-0.001918497248567519,0.0004212583210037767,0.00042368780945187175,1.5912949466612802,1280.0765516102836,476.4317368686412,0.03668443485140982,0.002334830443932809,0.0005584125073110353,0.0014943952373921824,0.0009592055869666747,0.0002596703387835549,0.0006643301185052918,9.935736602086975e-7,8.091451054456155e-7,8.037640274953419e-7
2025-06-14T21:25:04Z,41.12627167222054,-74.01679784097429,30.406699954648502,533.2705360390246,375.14767558313906,0.42169211980581167,1.456488791758602,-0.09550699359579085,-0.31851411735442525,0.049726719478712766,0.007607989523933156,0.5950802600491443,-0.0018175504169448686,-0.0031386039197940363,-0.0019691826137062662,0.0004222569516336067,0.0004246965536145635,1.5326511215501983,1285.2320777397028,484.6559786488448,0.0334575871692252,0.002387913166271457,0.0005720308418219935,0.0014945466693772258,0.0009601953585903898,0.00026031827120328856,0.0006653239177635682,9.99888213941056e-7,8.093334274083288e-7,8.104292101461785e-7
2025-06-14T21:25:05Z,41.12976865591285,-74.01253251123458,31.0591151927365,533.7249325998127,374.36803243868053,0.44728479842342495,1.4595926883994252,-0.1009638768032346,-0.31008780774573097,0.049697254691182025,0.007300569232313592,0.5950344701996073,-0.0018379073071486118,-0.0032318367163952644,-0.0020112937892946547,0.00042325422332511526,0.00042570536203338327,1.4754869688288474,1290.1051340646754,494.39527813302243,0.032872911463630694,0.0024528463324424844,0.0005906002934969103,0.0014950854263813876,0.0009611799733330653,0.00026071573036204505,0.0006663172205884469,1.0084264815487903e-6,8.095252930112634e-7,8.166885973554498e-7
2025-06-14T21:25:06Z,41.134506237746706,-74.00805878401897,31.443452019244432,534.0049566626549,374.0603950545192,0.36154732352406427,1.4570382347446866,-0.09704460328384812,-0.30210562083448167,0.04971956915778719,0.007284712750390554,0.5950207097776001,-0.0018360887031718676,-0.0033403032114591724,-0.002027614703678182,0.0004242494283644252,0.0004267142413033291,1.4290343894108437,1294.2077491614057,505.58278473256416,0.03467914848679021,0.002525443957655523,0.000612092100339998,0.001494866267005996,0.0009621591304894141,0.0002607321951284847,0.0006673086371039938,1.0188987240695267e-6,8.097189418471922e-7,8.223145285241032e-7
2025-06-14T21:25:07Z,41.139196912472705,-74.00360018794021,31.838394523132592,534.2266872599721,373.61961198039353,0.4432059604096139,1.4634276218203013,-0.09680230117737665,-0.293202568349443,0.04973846987832076,0.0072591917487443425,0.5950076911685755,-0.0018361151161485623,-0.003445643548943167,-0.0020443827921639013,0.0004252418430152174,0.0004277231961910012,1.399343577483936,1297.0803937905305,518.4919890442148,0.03917561310838258,0.0026097528802513344,0.0006354187681874355,0.001494990481981531,0.0009631313324451284,0.00026021558563857025,0.0006682962759600075,1.0306411925474726e-6,8.099034250777444e-7,8.269564765893946e-7
2025-06-14T21:25:08Z,41.14512031461444,-73.999079320163,32.09969984320924,533.8838175721467,373.18531181663275,0.32270665561918577,1.4623078098302358,-0.10176896977509386,-0.2780735626056412,0.049796289937148686,0.0075301781236589704,0.5950235922282445,-0.0018387700278168495,-0.003557680802714458,-0.002043497899208546,0.00042623066717106974,0.0004287322311027814,1.392553284535613,1297.6798952285587,532.3527379357163,0.046264706724776006,0.0027040492037004498,0.0006583317958724492,0.001495733089752293,0.0009640954563026417,0.00025897805356994805,0.0006692767008724165,1.0425190798363566e-6,8.100778486115291e-7,8.301221339439214e-7
2025-06-14T21:25:09Z,41.151382078341236,-73.99458052126728,32.212142982752994,533.40435994789,372.5648637674749,0.16457893930146383,1.4585302272171248,-0.10062848465213392,-0.2595402172446484,0.04986255907670056,0.007886135185458443,0.5950475034260307,-0.0018476238284250712,-0.0036743859065779816,-0.0020397746520188775,0.0004272150095079227,0.00042974134728194623,1.4161643178010375,1294.9535283383877,546.6697620861389,0.05649237523800166,0.002792128967301156,0.0006816881710624298,0.0014958089545404737,0.000965052227348257,0.0002568035216020438,0.0006702451514663847,1.052731049759215e-6,8.102461018184573e-7,8.313526883590345e-7
2025-06-14T21:25:10Z,41.15872244916665,-73.99011226645726,32.03004307253286,532.41800833866,371.6364110093564,-0.1497344106564924,1.4558287860709243,-0.10453359146231378,-0.2500127775092551,0.049949727358580276,0.008512088394581951,0.5951053606040659,-0.0018718431466027141,-0.003777384446806309,-0.002020415501576167,0.00042819415350276775,0.00043075054031494457,1.4760909199375696,1287.6129921515826,560.1120292320246,0.06815904425066022,0.002863615174985303,0.000709184896101619,0.0014965805437205,0.000966003830637605,0.0002534968839645392,0.0006711958152766049,1.0588010960930964e-6,8.104042253197168e-7,8.303453385668887e-7
2025-06-14T21:25:11Z,41.16359589315143,-73.98568259321141,31.763179409550503,532.5069336853921,370.6606250908226,-0.35567551001440734,1.4554880056384718,-0.10704469320990029,-0.25071560809010407,0.04997273282015158,0.008533792051480305,0.595096116863715,-0.001873698305686844,-0.0038818338242947448,-0.0020347129029545385,0.000429168083213261,0.0004317597984296313,1.5819158531932465,1274.7342718978405,571.4425476563504,0.08989555208340383,0.0028978532318042114,0.0007414924127853694,0.0014970080752444675,0.0009669529547116482,0.00024898210670048945,0.0006721224524436399,1.0579656065847933e-6,8.105562519751314e-7,8.270105972381383e-7
2025-06-14T21:25:12Z,41.16768049030772,-73.9812477969068,31.166016937582754,532.832073893398,369.5297645032406,-0.9150592859259632,1.5465335612898343,-0.11391127311890159,-0.26276941308424284,0.049980650030647666,0.008357841943393396,0.59506084566965,-0.0018644624811940957,-0.003996674594532124,-0.0020606902921116443,0.0004301378044750172,0.00043276909991719616,1.7550452919274446,1255.4162312374954,577.9267652854951,0.12525967486475287,0.0028787977976886853,0.0007790363936365441,0.001497827795511858,0.000967902685508643,0.0002433433645025312,0.0006730167214715054,1.0471698506852609e-6,8.107000269402565e-7,8.213840715497762e-7
2025-06-14T21:25:13Z,41.17896644430468,-73.97711561708593,30.128127296920866,526.8495100624859,361.76488450728357,-0.7562159787230485,1.5387879141999292,-0.13960185857285978,-0.4804401984965807,0.04939932151364701,0.009743844944523516,0.5956176747349673,-0.0019398367028315988,-0.0008474877375661549,-0.0015370656733182386,0.00043110541469253816,0.0004337783963545773,1.9910738101316519,1232.1913482422424,577.7254087826294,0.15294502986873992,0.002806431719867988,0.0008115384465561901,0.001504450858801435,0.0009688571260917322,0.00023684617551354034,0.0006738700598207683,1.0226535159181026e-6,8.10836552380973e-7,8.136227188694414e-7
2025-06-14T21:25:14Z,41.18549499958104,-73.97291307514416,29.136180635658093,525.1869759038091,359.9911458361894,-0.9288927148772927,1.549203898801352,-0.14147471939395473,-0.46843734044159646,0.04947611881243574,0.010222006168987718,0.5956625570397591,-0.0019755334187152584,-0.0010073078797034896,-0.0015351725482517509,0.00043207448423874476,0.0004347876523614359,2.2530543477136313,1203.1809396362128,568.1084828483563,0.18137120761402825,0.0026289327078867944,0.0008436095401783984,0.0015037686028708858,0.0009698185392116236,0.00023013661562927142,0.0006746928822730461,9.831800452181306e-7,8.109700941087084e-7,8.048169204052538e-7
2025-06-14T21:25:15Z,41.18804046088224,-73.96838954099184,28.38240147382021,526.0046023465693,360.25441488437355,-0.9969260305952048,1.553409132597153,-0.1314734479656181,-0.464933902672783,0.0494794642195302,0.009623556723113325,0.5955405538261402,-0.0019165697769949475,-0.0011645576996812679,-0.001588639371419731,0.0004330483070193068,0.00043579683475121586,2.501653242566027,1172.1204449152028,550.1603594276582,0.19855861451623336,0.002365737523034462,0.0008797317361088528,0.0014995100987081954,0.0009707897306792663,0.00022401833369162127,0.0006755144030351886,9.322186011061171e-7,8.111046529899243e-7,7.973335169417754e-7
2025-06-14T21:25:16Z,41.190395210495204,-73.96378277933363,27.6074542645365,527.1144577339292,360.74128620140254,-1.1077023058824125,1.5354768557517673,-0.127513791409001,-0.43145133204961894,0.049483230599889794,0.00896432914248635,0.5954135660867905,-0.001846317134109654,-0.0013278646003200834,-0.0016445589680955663,0.000434028559355981,0.0004368059346010064,2.6954913710275865,1142.6517247001332,526.3719392665603,0.20490217254356813,0.002067295105325183,0.0009164930718017646,0.0014978243296074215,0.0009717733120226269,0.0002190900438878467,0.0006763609745504052,8.760812043399981e-7,8.112533981384366e-7,7.934415615212415e-7
2025-06-14T21:25:17Z,41.19376636846264,-73.95925522894336,26.772234005504288,527.675586245954,360.83559019491076,-0.9645484078464506,1.534889800255769,-0.13074148460054857,-0.4116730063360592,0.04949902643920723,0.00857995709759507,0.5953357572943787,-0.0018008819414490063,-0.001473724632873541,-0.0016832650166094254,0.0004350156349556939,0.00043781497413741436,2.804254786367163,1117.9042743391394,500.7902381520486,0.19405169434287528,0.0017654743090119922,0.0009599305358672754,0.0014977595026479669,0.0009727673422815534,0.0002156401843594449,0.000677245951855514,8.21816273157021e-7,8.114269377552276e-7,7.939941810194806e-7
2025-06-14T21:25:18Z,41.19660509038085,-73.954543067928,26.16013020882383,528.8934523202479,361.7249995600432,-0.9909652347014344,1.5298149255904718,-0.1325544552082647,-0.40087979130112217,0.04951818273502795,0.008020585471172126,0.5952297759213252,-0.0017241933645095742,-0.001623184481822193,-0.001730070728719113,0.00043600857282548826,0.0004388239975137785,2.8221237746626042,1098.92571300633,476.28758563035734,0.1754891059644349,0.0014905447771404302,0.0010062312424752693,0.0014975068805202429,0.0009737672724431257,0.00021359265651680584,0.0006781694140094666,7.74732503142574e-7,8.116102623346815e-7,7.986325803297096e-7
2025-06-14T21:25:19Z,41.198262440326964,-73.9493772938061,25.934628398390487,531.414191685617,364.4342982266098,-1.0056512297596782,1.516697747159924,-0.13756629971248913,-0.39284879573278886,0.04954754615619095,0.007069141998783834,0.5950674260166124,-0.001573623283974257,-0.0017599357339506128,-0.0017912635172621094,0.0004370057418376508,0.0004398330495248897,2.7713980994554714,1085.6132711110647,455.1159275710218,0.15435894525236737,0.0012617821738841472,0.0010544563638602146,0.0014978106363891842,0.000974768750221899,0.00021264557985598622,0.000679124126463341,7.372478909523129e-7,8.117917772374939e-7,8.063570972815144e-7
2025-06-14T21:25:20Z,41.20127373582911,-73.94441888329357,25.570135253248736,533.0706641450524,366.75801634415984,-0.8674815537196991,1.5014100557091297,-0.13726649305135652,-0.38103022162249545,0.049592214808853896,0.006515578673145228,0.5949714285306982,-0.001472289031326568,-0.0018923164324462505,-0.0018310668307108813,0.0004380056040722289,0.0004408421566924167,2.6520189885745706,1077.0236037577758,438.05553122341894,0.12004756240970205,0.0010781827379309434,0.0011045969225947814,0.0014975536636019505,0.000975769229607589,0.0002124576813240165,0.0006801002406209038,7.092065820620665e-7,8.119611881851297e-7,8.160952621127431e-7
2025-06-14T21:25:21Z,41.20440610022793,-73.93937543809314,25.424835266079754,534.56280297786,368.84056033939123,-0.7167312427154684,1.4933603723329725,-0.14824249918638088,-0.3582063147587178,0.04964872346181437,0.005999300806990959,0.5948944753181422,-0.0013662410392072388,-0.0020208743457885703,-0.0018646498312264725,0.00043900683713053224,0.00044185133750488525,2.4971530786286285,1071.8804326453685,425.03893261161187,0.10082375674814614,0.0009425245118366428,0.0011565225456439412,0.0014988341320653774,0.0009767683468089666,0.0002127197080884013,0.0006810907691753674,6.898359369054561e-7,8.121205286918911e-7,8.270407983004973e-7
2025-06-14T21:25:22Z,41.20817914712644,-73.93452531050822,25.16734142403584,535.3498315215111,370.0512764323503,-0.7037660819005396,1.4428019041224616,-0.15160850075608323,-0.3288614865614363,0.04969805458904375,0.00569648124979949,0.5948564237114624,-0.0012976079930098194,-0.002130981646544683,-0.00188491114452205,0.0004400085929823797,0.00044286059551237596,2.3491631008639877,1068.9927600439064,415.51100157188233,0.08597418310101068,0.0008432955130134264,0.0012086734039491944,0.001499252967095922,0.0009777666492754484,0.00021321761793786052,0.0006820894036456784,6.775732974154284e-7,8.122617415054175e-7,8.386202288034243e-7
2025-06-14T21:25:23Z,41.2115106596477,-73.92950530197803,25.16029867809266,536.4478674195707,372.0708304680884,-0.5576382713334169,1.4402112332099932,-0.1464879384438973,-0.31576551960279176,0.049751403199024935,0.005303209515147955,0.5948355348373298,-0.0012073640919680884,-0.002201778135429322,-0.0018955552315631508,0.0004410104531518328,0.0004438699313197115,2.207430800534725,1067.613116681167,408.79201599651014,0.07201565198455706,0.0007722920644696183,0.0012601157998095116,0.0014987986463709246,0.0009787646571737382,0.00021383936373592849,0.0006830908672407219,6.704739949288641e-7,8.123965060521574e-7,8.504268843271275e-7
2025-06-14T21:25:24Z,41.21543490535664,-73.92476331391343,24.937067951541394,536.8549702018499,372.87676708959043,-0.5518052421684843,1.4441657911374932,-0.14607138903829764,-0.3039938172314578,0.04978638037982819,0.005101831714455329,0.5948306309583131,-0.0011630358921763673,-0.0022722807287038904,-0.0019010915776291881,0.0004420120099903569,0.00044487934309690415,2.075649310418484,1067.096342005242,404.26901626183985,0.06260157807776301,0.0007254112577520622,0.0013110325936620028,0.0014989463932267477,0.0009797628198673918,0.00021450736741853292,0.0006840926553714123,6.672739763881453e-7,8.125274920201279e-7,8.621692788720596e-7
2025-06-14T21:25:25Z,41.21896154475983,-73.91999028150514,24.801431733649224,537.2747125141323,373.90070886164904,-0.4768658783123101,1.4373730690422235,-0.14283672186411422,-0.28311418957491696,0.049825071455870784,0.004853348634469512,0.594833647388441,-0.001115147130789751,-0.002349610856654749,-0.0019018221343429786,0.00044301281072513243,0.00044588883001894325,1.9599923692680676,1067.074696396079,401.59399196721375,0.0561985917338218,0.0006976146946875522,0.0013595596277606143,0.001498928098356391,0.0009807613754182678,0.00021516527776325195,0.0006850938523947142,6.670832856881706e-7,8.126478879853326e-7,8.735929006319439e-7
2025-06-14T21:25:26Z,41.22245383332241,-73.91528969812732,24.55070184939541,537.4585958868265,374.70900123752654,-0.6279236000300443,1.429858335875906,-0.15916719931919943,-0.28070428688624816,0.04985405730258208,0.00462549856251826,0.5948419441774604,-0.0010790307589871873,-0.002407539998259267,-0.0018974238326237014,0.0004440123083685954,0.0004468983894017234,1.8617820111245593,1067.119512930007,400.3437137228593,0.052673159590393426,0.0006861590240173541,0.0014083503009623168,0.0015011083407414775,0.000981760343323372,0.00021576698373151885,0.0006860942751188047,6.692044721749912e-7,8.127611318799333e-7,8.844427925903217e-7
2025-06-14T21:25:27Z,41.22698430146744,-73.91077365033591,23.94224566326011,537.0930158756673,374.9257900156081,-0.7190837769339851,1.4233101748250192,-0.16960019324233144,-0.2525710784957482,0.049867915884078684,0.004580516294709014,0.5948388523611357,-0.001072345012119058,-0.0024555647511164125,-0.0019001030318435141,0.00044500963072548183,0.0004479080178152071,1.7821969737722771,1067.0447499894078,400.3883663678698,0.050914595204252344,0.0006916824656563202,0.0014477405075060232,0.0015029209195922236,0.0009827593332652252,0.0002162530799013793,0.0006870935743539245,6.731836904671793e-7,8.128378749413286e-7,8.943734882914894e-7
2025-06-14T21:25:28Z,41.23065024271215,-73.90619673990608,23.348124479409307,537.070758651942,375.61530627682805,-0.8000564509384276,1.405278622318292,-0.16726622171245253,-0.22135137500299606,0.04988692230608649,0.004410525724381387,0.5948447099726764,-0.0010548099764946528,-0.0025000309475586846,-0.0018932959221089618,0.0004460036561622637,0.0004489177134999624,1.7190501004302676,1066.5082296148576,401.51806526570823,0.05059465993870582,0.0007091055849435454,0.0014776183309338174,0.0015031390296599285,0.0009837587299897546,0.0002165559337329533,0.0006880914783847249,6.787122574277444e-7,8.128942592751061e-7,9.029343944046575e-7
2025-06-14T21:25:29Z,41.23340850542716,-73.90159761968876,22.810343576478772,537.1832772120833,376.3451760224998,-0.7101929852833564,1.401514150100411,-0.17076980143065157,-0.20068315253774927,0.049899315373295394,0.004113219784812827,0.5948654944149894,-0.0010331658483693218,-0.0025148933576701893,-0.0018731628636103892,0.0004469929031120449,0.0004499274741379664,1.6746288882322538,1065.2624346588193,403.640730972577,0.05330845358299208,0.0007370842498691209,0.001500290649005308,0.0015043614199817346,0.0009847592137602807,0.00021658661506846722,0.0006890875085858319,6.856578796800622e-7,8.129408854181759e-7,9.096260043786251e-7
2025-06-14T21:25:30Z,41.23535539969869,-73.89700787889197,22.355948264244944,537.440351177007,376.9362085554749,-0.6804753915857873,1.4007557443037513,-0.16734770450239012,-0.18364943602227868,0.04990475792737925,0.0037082313230882846,0.5948969465462142,-0.0010120160207947038,-0.0025212307434827608,-0.0018432642764523166,0.00044797542085806783,0.00045093729656587147,1.6544810944279171,1062.8233028970308,406.52787962840404,0.05770598741334132,0.0007720762196433214,0.0015124402705798206,0.0015045351896088993,0.00098576064436618,0.00021622618761211988,0.0006900806575501055,6.939553933904674e-7,8.129623299679791e-7,9.138201647927202e-7
2025-06-14T21:25:31Z,41.234729204878995,-73.89241319596307,22.148613910772838,538.3019448779523,378.03909397125244,-0.49465977026375185,1.4292116101350985,-0.17706485239341418,-0.19884933865705534,0.04990208311710376,0.0029561389024763685,0.5949556167106493,-0.0009844518996118268,-0.002536762779101309,-0.0017872551230766476,0.00044894935702474253,0.00045194717712760665,1.661496099149721,1058.8470884312187,410.03752437326204,0.06748748093309287,0.0008002019101543236,0.0015288137421950391,0.0015068957393916658,0.0009867623079649912,0.000215365221476064,0.000691070382815616,7.034572538169604e-7,8.129549850088592e-7,9.148541817964163e-7
2025-06-14T21:25:32Z,41.235268649542746,-73.88787945613075,22.018898846115917,539.0725532472134,377.9732103832066,-0.28367443397291936,1.4375340894475812,-0.16307595200669311,-0.19189021410420537,0.049892281093434576,0.0023685412816689677,0.5950033246335806,-0.0009705204403473999,-0.002553966051181078,-0.0017436223856037714,0.0004499124109058647,0.00045295710985548705,1.6895848232612014,1052.9542930824994,413.85975775377096,0.06694274514705756,0.0008382017947034679,0.001517630314725328,0.0015049655952420627,0.0009877628594112645,0.0002138612669492586,0.0006920537852699543,7.14065342803192e-7,8.128783189307575e-7,9.119171658793985e-7
2025-06-14T21:25:33Z,41.236193318709965,-73.88338614423148,22.0755918615032,539.7824224084616,377.6383151859045,-0.031075705000262133,1.44964711121429,-0.16450865945353144,-0.1933090387738048,0.04987811049386437,0.0018371044901499545,0.5950473740813322,-0.000963497361908594,-0.002587811489718206,-0.0017064148586882766,0.00045086437487794795,0.0004539670873253002,1.716241146540838,1045.0119702372667,417.6720010733925,0.06325505806313958,0.0008771474087850834,0.0014955855224690264,0.001505700765377523,0.0009887607892681823,0.00021169739444340944,0.0006930290764535053,7.254742351704743e-7,8.127676285101643e-7,9.050382833296696e-7
2025-06-14T21:25:34Z,41.239438968824786,-73.8788952264836,22.207675255602226,539.8461964689195,377.3674996960908,0.12694863236356468,1.4560811794071924,-0.16047921133304044,-0.1924900432022696,0.049869892970036744,0.0016187214742302558,0.5950651791572454,-0.0009620254902529268,-0.002606964276310464,-0.0016918014085618438,0.0004518089940390263,0.00045497710407119265,1.7312956771539953,1035.5466688105091,421.1960456386037,0.05968476563738945,0.0009162794391652473,0.0014613355354800863,0.001505085336338367,0.0009897537925784038,0.00020909689173713523,0.0006939990417819462,7.372777962887869e-7,8.126134094635515e-7,8.957469010676187e-7
2025-06-14T21:25:35Z,41.24559881082128,-73.87437103657642,22.31621824146714,539.0676390118897,377.00197719968855,0.21568625682448328,1.4643739181992714,-0.156388172896186,-0.1838197599781779,0.04988373854530437,0.0017941658154398965,0.595045753820159,-0.0009628579196743203,-0.0026253110314371497,-0.001707577251352177,0.00045275046408369007,0.000455987156376222,1.7333694051859512,1025.278528960922,424.35502771875355,0.055459268634387215,0.0009587906617977633,0.0014186805835892575,0.0015041713577452732,0.0009907401483052632,0.00020631047193682886,0.0006949668850599987,7.492331648872447e-7,8.124378519864626e-7,8.856632268184659e-7
2025-06-14T21:25:36Z,41.25387199980822,-73.86980002460524,22.36462627223227,537.8936361707747,376.8556420728564,0.21928635957283404,1.4724934530095197,-0.15664658896821493,-0.18055732095035637,0.04992183121839844,0.002254081619327053,0.5949992654568632,-0.000963867986328637,-0.0026458882315836263,-0.0017456067175203316,0.00045369270564276265,0.00045699724222637877,1.7199421028966073,1014.8244883976053,427.1622301185785,0.0503246757047503,0.0009987520099776442,0.0013799743249297894,0.00150375995366285,0.0009917200616962672,0.00020358076636629798,0.0006959355358704566,7.612235694455057e-7,8.122541608276092e-7,8.759651236750284e-7
2025-06-14T21:25:37Z,41.26259712520367,-73.86519856859995,22.503564448910765,536.3469673208892,376.77451046928763,0.45187945868383395,1.4830018545908388,-0.1668447199053844,-0.17768542294925282,0.0499685469940232,0.0027715132638661544,0.5949500089554931,-0.0009646210055507254,-0.002652182997962882,-0.0017865030711305963,0.00045463895992307337,0.0004580073612209961,1.697690715462511,1004.7675624151346,429.9043375219699,0.04836542391765131,0.0010431176066762336,0.0013454457952773548,0.00150519560649126,0.0009926950337632813,0.00020110851653168052,0.0006969075379211569,7.732154501317703e-7,8.120592852280891e-7,8.675447789836113e-7
2025-06-14T21:25:38Z,41.27303180267555,-73.86052425001758,22.68613794655539,534.3851907663047,376.82014718465507,0.5035039057729591,1.4884820993684116,-0.16770539832941722,-0.17416392390714464,0.05004066102264915,0.003511546259090892,0.5948823165017529,-0.0009664023384630127,-0.002643253797643297,-0.0018437425408990293,0.0004555910749401746,0.0004590175150457837,1.6740346657653944,995.3600893935226,432.55210975892976,0.046483827081281626,0.0010863747510001557,0.0013162161846133732,0.0015046155540514186,0.0009936672872510102,0.00019901028537166644,0.0006978832327561651,7.85195117392631e-7,8.118382655878833e-7,8.606867681373644e-7
2025-06-14T21:25:39Z,41.28277586752248,-73.85584831435122,22.891552846645936,532.4686553366482,376.87079498916864,0.4545858953570132,1.4974152827417129,-0.18116866380660213,-0.17897146788982354,0.050108340390124795,0.00415507483694455,0.5948223537707236,-0.0009701201978629115,-0.0026378671007023513,-0.0018958667043094124,0.00045655014843681445,0.00046002770586821095,1.6524216096374909,986.7947728798239,435.29407533945925,0.04642906201237251,0.0011334765815688521,0.0012964354331781074,0.0015066940088092418,0.0009946399913043165,0.00019736154672361607,0.0006988622079863592,7.971051214057891e-7,8.116001139108726e-7,8.552544754857492e-7
2025-06-14T21:25:40Z,41.290915918888615,-73.85121190990547,23.1803814106388,530.9985114336014,376.57526228018105,0.521404117680504,1.5005977835753583,-0.1641514141101652,-0.1678647856842872,0.05015504533685089,0.004582187292271556,0.5947812492886442,-0.0009749269095067348,-0.0026278009232925115,-0.0019321268642897849,0.0004575166902102967,0.00046103793643822533,1.634122873375486,979.2033443534976,438.365083761086,0.046173780204818216,0.0011788223052547147,0.0012746877801057778,0.0015028560153770108,0.0009956152477319836,0.00019619576884588973,0.0006998433020893555,8.088276554552812e-7,8.113116998516024e-7,8.509935668229038e-7
2025-06-14T21:25:41Z,41.296398627294984,-73.84668149053559,23.545520706800744,530.1171661689878,376.12211813405156,0.29880414100625785,1.4982707257877337,-0.19150608653581003,-0.1690135123562868,0.05016539324833502,0.004668505762936093,0.5947716345035587,-0.0009767990085407519,-0.0026315549329893884,-0.001940950989236967,0.000458490915470115,0.00046204820983705285,1.6207847928348529,972.5882916216871,441.7188413673775,0.0472443452156025,0.0012412656436017345,0.0012627518883866567,0.0015087384801252559,0.000996594975014276,0.00019552192392634105,0.0007008261130920821,8.201336332677616e-7,8.110267327992347e-7,8.477179465237576e-7
2025-06-14T21:25:42Z,41.30383653988351,-73.8420616058595,23.67982160032261,528.5697031728923,375.75057252310216,0.3596647160284192,1.502070705872029,-0.19624760555598186,-0.1651030838038423,0.05020459456545723,0.004990194837546369,0.5947311933487072,-0.0009876410875904185,-0.00263381289009601,-0.001976643208678297,0.0004594725764614608,0.00046305853124442093,1.6182435060041984,966.9909865524711,445.7794603543011,0.0506011249305397,0.0012977931884448402,0.0012528820906857435,0.0015094059518057363,0.0009975795785603166,0.0001953095483970479,0.0007018096259613308,8.307338461635773e-7,8.106510691523563e-7,8.452722466143713e-7
2025-06-14T21:25:43Z,41.309798786433305,-73.83751185235185,23.89491867099423,527.5280007310212,375.06932313740253,0.2728151927185536,1.4995852815336548,-0.20320523678219615,-0.1704618654011938,0.05022252766366364,0.005127826629006904,0.5947093601207598,-0.0009951396987588623,-0.002640761874999953,-0.0019956279870427807,0.0004604611808345573,0.00046406890387292783,1.6262756183223637,962.3664934644235,450.36120748320064,0.0537424857502643,0.0013534939110725584,0.0012499666483434331,0.0015109050003116076,0.0009985695162515315,0.00019551400546314303,0.0007027934311062714,8.402459905242108e-7,8.102283162556056e-7,8.433748215391213e-7
2025-06-14T21:25:44Z,41.31693077645807,-73.8328877225698,23.87447423278354,525.8888035826385,374.6315725017339,0.1924832191762107,1.492680169561936,-0.21049216645224078,-0.1713679530303125,0.050253009766038303,0.005372522647519418,0.5946619582027779,-0.0010191202087526108,-0.0026248686889829287,-0.002037587840746369,0.00046145614993423084,0.0004650793318446622,1.6471206151619306,958.6679517255297,455.6474962612141,0.059060140617044454,0.0014105487660329432,0.0012477445186146352,0.0015121554577612393,0.0009995639363087454,0.0001960753323148918,0.0007037780756665374,8.481340762870275e-7,8.097452895915449e-7,8.41959316643951e-7
2025-06-14T21:25:45Z,41.32278568119061,-73.82833079828065,23.801930842688307,524.5100711621344,373.56769909895957,-0.012861503220365833,1.4877520071240724,-0.21100346887124033,-0.1679622438059596,0.050263843333596014,0.005462796251379132,0.5946361802270985,-0.00103790693295025,-0.002599899491244173,-0.0020616195403704296,0.0004624564900005983,0.000466089817001,1.6870250066230594,955.8946810789256,461.5115497305713,0.06858525768486035,0.0014638694210113204,0.0012459269844143747,0.001511745240368143,0.0010005618132022157,0.00019690090478664422,0.0007047641473944177,8.538510567040361e-7,8.092114575889079e-7,8.409652902736401e-7
2025-06-14T21:25:46Z,41.328193859493226,-73.82381460041184,23.53723641403485,523.1207002475858,372.05313234962523,-0.2169812566226028,1.4861407245189184,-0.22241965146440634,-0.16766505915893504,0.05027052395553255,0.005494732247200318,0.5946123000685475,-0.001058324502537289,-0.0025959769048284898,-0.0020855381284405894,0.0004634610632191277,0.0004671003596625406,1.7548412121061139,953.9870097798745,467.95688624267785,0.08474733022084602,0.001515940563302587,0.0012490085066716036,0.0015146988719851808,0.0010015625496915105,0.00019787939675997254,0.0007057534670609234,8.566465223828906e-7,8.086416132001566e-7,8.403288302004291e-7
2025-06-14T21:25:47Z,41.33307919502745,-73.81934299387325,23.125550902448595,521.8388225883245,370.2857896294445,-0.3927256703336752,1.4831333156253095,-0.21637253554945346,-0.16034270561794983,0.05026769457344926,0.005468621367754167,0.5946018785689375,-0.0010752684435857418,-0.0025876176404722173,-0.0021006941229444465,0.0004644683181483126,0.0004681109591437305,1.8601973338009707,952.8835589324406,474.80066060030265,0.10566345054269688,0.0015494210962388529,0.0012512284728611765,0.0015121955008661943,0.0010025639227124747,0.000198851534361017,0.0007067488990945127,8.5511855250423e-7,8.080100205891665e-7,8.403041080703762e-7
2025-06-14T21:25:48Z,41.33764553292143,-73.81491073512731,22.427927248063497,519.674512270838,367.8174269236624,-0.7809248150369967,1.4791896464375895,-0.2215043376718313,-0.09852380817892481,0.050258684726486536,0.0053972268676147905,0.5945974540591124,-0.001095342365971419,-0.0025906215386868325,-0.0021164905359540853,0.00046547573091367054,0.00046912161341840437,2.032598021288065,952.5322240901952,481.5968904894506,0.14920209775794258,0.0016135240061690038,0.001217955536552104,0.001514284898625312,0.001003560649784552,0.000199586959722693,0.0007077500423702739,8.47578488649427e-7,8.073635257030727e-7,8.413771354216274e-7
2025-06-14T21:25:49Z,41.341702394732216,-73.81051721886188,21.252983458107337,516.6787207014859,365.505521742627,-1.2738652834887034,1.4543241884748568,-0.24091760586452438,0.10890566015268632,0.05023125888192226,0.005239230249515003,0.5946061531285523,-0.0011242011699721388,-0.0025907139330172413,-0.0021342712591803092,0.0004664795302771315,0.000470132319383814,2.2948701214446916,952.585749514059,487.7541629477109,0.1964413841751883,0.0017854447968748944,0.0010684542630962314,0.0015260594089695127,0.0010045369357057988,0.00019975241276982538,0.0007087485288910617,8.321991223688504e-7,8.067107608060055e-7,8.435757013474831e-7
2025-06-14T21:25:50Z,41.348392355749645,-73.80713102293065,20.259371833060868,515.3468212671578,365.44524090364575,-1.605863862496335,1.373279557315982,-0.2638633073947858,0.6384302922306233,0.04983430261791,0.0055789171873925625,0.5936164875529357,-0.0010457369823484441,-0.005856449636723937,-0.0028235659230233523,0.0004674747538821202,0.00047114307924711954,2.5903249090112666,953.7296458437056,491.8665192328614,0.2257513557684817,0.0019723048977238838,0.0008663112762201678,0.0015422826330281436,0.0010054480837536546,0.00019892573324073725,0.0007097293552726406,8.091227039846302e-7,8.06148332302952e-7,8.458698540436245e-7
2025-06-14T21:25:51Z,41.357704566003115,-73.80262258239583,18.90667804062832,512.0587760470808,363.71300589479506,-2.042565654628561,1.3061081687628757,-0.2570136698650458,0.984197339421371,0.05018335583690714,0.00649714571864024,0.5936054380654241,-0.0009625349959776486,-0.005622661633026382,-0.002706113628576645,0.00046845852854813825,0.0004721538851950281,2.846274930119977,954.6730166184599,494.5529550420544,0.24664483576416496,0.0020117585439565263,0.0007560942012303709,0.001549025926242988,0.0010062283066687838,0.00019690929639912987,0.0007106854370905467,7.835136770867396e-7,8.058249870777204e-7,8.466719512950734e-7
2025-06-14T21:25:52Z,41.374984899163145,-73.79795831399657,17.881401326390915,508.8533687889576,362.7372409235686,-2.2435950831131777,1.2468842648231657,-0.21176599415866804,1.325900410018221,0.051163287509098154,0.008886330376071783,0.5934548740333412,-0.0007853880871309116,-0.005248981179875045,-0.0024685067622840506,0.00046943223623955525,0.00047316473947270457,3.020952900706904,955.4782611154781,496.61065713372346,0.24566729933322196,0.001745219515669145,0.0008894336170329792,0.0015250273805933131,0.0010068376512025127,0.00019390314988824994,0.0007116167788884095,7.617010052452465e-7,8.057901290648764e-7,8.452182590498509e-7
2025-06-14T21:25:53Z,41.39930879591084,-73.79315301578131,17.431473309290595,505.58404583483934,364.44992707297206,-1.8493340786881163,1.2434934326884104,-0.1767205939622727,1.5246829372772481,0.052685749364627554,0.012471818444737437,0.5930346877648844,-0.0005367249933030394,-0.004725014075546596,-0.0021653288719534203,0.00047039993973357403,0.00047417565050223695,3.0410306210007976,956.0710457576275,498.8552651301942,0.19759852131975786,0.0014373890473425455,0.0010800808128332427,0.0015082159124949505,0.0010073067890212632,0.00019038647363399573,0.000712509346212911,7.458979539750546e-7,8.059404254300793e-7,8.433535205799722e-7
2025-06-14T21:25:54Z,41.42533702245836,-73.78828048039013,17.398649826529436,501.95328889787197,368.1821092031896,-1.5217033215012634,1.2420506576891057,-0.17603983465050987,1.4727847602480324,0.054336354370661866,0.016265969050664353,0.5924055757423048,-0.0002764943731001779,-0.004081761654362026,-0.0018667005800239167,0.0004713678940820557,0.0004751866274339482,2.884682947697774,956.5458981012822,501.4064912108804,0.13778853849565975,0.0014613769797886618,0.0009869202831542568,0.0015064077442282998,0.001007738020277864,0.00018705071648886815,0.0007133393390291514,7.359921438986887e-7,8.061803675555262e-7,8.43564894783974e-7
2025-06-14T21:25:55Z,41.449408969269015,-73.78340482088774,17.52606861514505,498.5047193877399,372.1978378929198,-1.2009952269581845,1.248492409933533,-0.20140084107879375,1.2564158589884755,0.055914106777436245,0.019693266545800725,0.5917585626084474,-0.00006056305252322147,-0.003376793768708808,-0.0015701274847756963,0.00047234185075332785,0.00047619767404319244,2.6284008800284098,957.2965900837697,504.8963509690993,0.0939040635156504,0.0017537066011843504,0.0006845271447606196,0.001519055721200915,0.0010082280956471889,0.00018445699752036305,0.0007141008386912215,7.320136447182453e-7,8.065217785072632e-7,8.462487227178012e-7
2025-06-14T21:25:56Z,41.444059094785175,-73.78004379251941,17.08164219930768,500.7155192811042,373.8105691988021,-1.0559133700662642,1.2310289658416878,-0.22500010995463526,1.1622766426153248,0.05403807538232286,0.017851119981060037,0.590877897797327,-0.00004028829130353628,-0.00593557724960192,-0.002242249195589352,0.0004733241708906654,0.00047720878015033725,2.354491054453522,959.6589965572294,508.49236781790796,0.0688078098824324,0.002107306312976277,0.0003763353539304432,0.0015454980980905125,0.0010088158623574421,0.0001827724840067638,0.0007148047621406546,7.337451613775211e-7,8.070045218061046e-7,8.500781023927817e-7
2025-06-14T21:25:57Z,41.44309999119257,-73.77662766240034,16.82293444755487,500.3902528360486,378.4683968126774,-0.8969123686365492,1.2334311276354128,-0.27962913826922886,1.0279974654549733,0.05216858464109464,0.016488873453226915,0.5892576615005964,0.0001252849313395643,-0.008574070756480978,-0.0030689024893746364,0.0004743146557711341,0.00047821995137546387,2.1098550510779863,963.6464353842988,511.92209344327756,0.057905932999238297,0.002228713210110756,0.00036421658742153556,0.0015998691854842823,0.0010095090199640176,0.000181916093464727,0.0007154568468517629,7.402137961781368e-7,8.076220213086273e-7,8.536916958595351e-7
2025-06-14T21:25:58Z,41.45524724959459,-73.7721905411467,17.073437276645564,501.02773795090616,378.6734608858824,-0.5067476815856935,1.3182975092786364,-0.31686626275768504,0.5228445862376248,0.053049619421926764,0.017977967558408636,0.5889066564923269,0.00011947420201785519,-0.008093682961259674,-0.0027709759071541384,0.0004753121322690067,0.0004792311724231936,1.907360287160845,968.2616420850836,516.3343528736596,0.046069260195651496,0.0016734923751408062,0.0009718544440447182,0.0015867244917552809,0.001010310814621765,0.00018173595757714972,0.0007160474516782594,7.499218829136913e-7,8.083416958786494e-7,8.560340545786205e-7
2025-06-14T21:25:59Z,41.46741702252459,-73.7683128292281,17.151093453052454,495.708980711177,387.043575251475,-0.38897878644093,1.369101554446388,-0.3839078517321468,0.240654350596742,0.052326888479001354,0.018672002362563944,0.5864197246846743,0.0004399275852300377,-0.011027651164909003,-0.0036971546576154424,0.0004763150120626232,0.00048024245420315184,1.7539867073978996,973.9562684810619,519.4379161912842,0.046525286693236745,0.0007461765630968726,0.0018693069256853771,0.0015203386271680289,0.0010112298597371573,0.0001820786138178706,0.0007165622468636577,7.61331207711021e-7,8.09008460340706e-7,8.581071222881494e-7
2025-06-14T21:26:00Z,41.474121282166195,-73.76407279878589,17.51618714502547,495.8482970390469,386.7394458465278,-0.1281758423588144,1.484229983507248,-0.3714905999440816,-0.2628810531568888,0.05236560895400544,0.01911194034687469,0.585778938155272,0.00044197003606782914,-0.010962588621566738,-0.003600707696151062,0.00047732150289447526,0.0004812537640138285,1.6542290259240624,979.7000631387089,522.524165981848,0.0474271375539882,0.00035935310409953994,0.0022461154031389427,0.001518940241610834,0.0010122242187873265,0.00018277264919995393,0.0007170030400091874,7.733266013939559e-7,8.094271108662555e-7,8.6059249550534e-7
2025-06-14T21:26:01Z,41.47593707986953,-73.75878575628944,17.5590923873242,488.71028134040534,395.05778107233346,-0.22381436148498324,1.5924458279914688,-0.3484293163564871,-0.8383116242184769,0.049454528735168424,0.017663516324319062,0.5832769602493499,0.0011148264456579682,-0.007898870031624483,-0.00370176553187207,0.00047833000148168577,0.0004822651198370223,1.6192674566642091,984.066173350906,526.6984186659075,0.06852934916934628,0.0006692559711962104,0.0019780168425970373,0.001582188896096771,0.0010131855830413582,0.00018367308498450438,0.0007174067177517052,7.84360727605018e-7,8.097045889432938e-7,8.623153343297415e-7
2025-06-14T21:26:02Z,41.48588260694903,-73.75285448446411,17.04714450018946,475.7086476497352,410.7336241994053,-0.8091784905154782,1.6297470709178015,-0.3792035510905407,-1.0713035588050843,0.04640550520116449,0.0172909281398006,0.5795598692129715,0.0020617609652902047,-0.005180333999845743,-0.004078592834389383,0.0004793389792624174,0.00048327654779315403,1.7075381526516316,985.9148622568056,530.6870961315889,0.1344595960886853,0.0006888395638997676,0.0019391933640016286,0.0015787297126320778,0.0010139732634754644,0.00018466578274635575,0.0007178831302742987,7.930149474494757e-7,8.10134787377941e-7,8.612743424165482e-7
2025-06-14T21:26:03Z,41.494451515112594,-73.74687630678156,15.788411812041886,464.3501274716109,426.1170065291226,-1.7745306035430986,1.575749614246888,-0.45655537775019184,-1.0403572539289598,0.043111383625728195,0.016944591706533174,0.5758873127706465,0.0029005898973082367,-0.0025792579860990372,-0.004344772056469992,0.0004803469992189118,0.0004842880626878066,2.0163656235818563,984.1301741975651,532.6485881896507,0.2564462272112463,0.00042972485365089263,0.0021125291175690263,0.0015289393187618656,0.001014475191257191,0.00018565661283603756,0.0007185997306206101,7.974266825300009e-7,8.106150733375022e-7,8.536671256526551e-7
2025-06-14T21:26:04Z,41.491663929149844,-73.7414813744769,14.346953567408491,460.3635203894228,434.16932735033333,-2.680682918376988,1.432309698611789,-0.5068555950892915,-0.8198032402069657,0.03888802300571115,0.015314411970052788,0.5733388406297308,0.003337905727363477,0.0001401087447163718,-0.0042288945967356995,0.000481352619589941,0.0004852996612388105,2.6216531703980626,977.083477597309,529.5519719481268,0.41582415611653556,0.000568573634827789,0.0018810871037003114,0.0015341434330641995,0.0010146905261526507,0.00018657413789655098,0.0007195681284080308,7.927203977395624e-7,8.1092799555747e-7,8.336777967420404e-7
2025-06-14T21:26:05Z,41.48724728950075,-73.73743471959676,13.937378845643252,464.97522038035095,427.59802759438753,-2.6862529429636197,1.3246569710754557,-0.47193987196078524,-0.4806847699164791,0.037064705798911746,0.014670587012346914,0.5739264606527286,0.0029565825572888116,-0.00023581504012071264,-0.003815097478721441,0.00048235544049156354,0.00048631132008079733,3.349630898835994,965.3330359979503,518.5743877356352,0.48243388861535463,0.001007228327415757,0.0012639782092692838,0.0016019264660193833,0.0010148285064040846,0.00018740367007680757,0.0007204787675152022,7.742448584572211e-7,8.111630498483865e-7,7.983402363499555e-7
2025-06-14T21:26:06Z,41.481132652692736,-73.73317842076453,14.29510603408562,470.6603422984481,419.1783852055669,-2.2945468231337145,1.2829631270215032,-0.4253757638434763,-0.2641919846446399,0.03524557978153098,0.013790606465704514,0.5753395211722818,0.0025322496902617786,-0.0003890328601627857,-0.003346062552466833,0.00048335763639857204,0.0004873230357816221,3.8052887641669453,951.2329872734407,502.11338516830597,0.440411051702022,0.0011416501436897224,0.0007913380750728894,0.001606271246286786,0.0010151746202477256,0.0001882248735935791,0.0007209865349303275,7.467244800053267e-7,8.115809000190958e-7,7.562765834868171e-7
2025-06-14T21:26:07Z,41.47694767064039,-73.72867682417596,15.08819730184041,475.19595863111317,411.96326154470444,-1.9151405468874145,1.2611026400045375,-0.3788224735562835,-0.07853647307229039,0.03407922029509791,0.01310776632010402,0.57709526335384,0.0021571729860170308,-0.0004182336233586881,-0.0029257931465451747,0.0004843616451442534,0.0004883348025041419,3.88898499296723,938.8277285690341,486.31207030596295,0.37209312062557587,0.0010545234687668425,0.0005286438266403713,0.0015712500761944973,0.0010158125073254204,0.00018910614637279973,0.0007211759170273033,7.222131235084359e-7,8.121641577038306e-7,7.214104849161494e-7
2025-06-14T21:26:08Z,41.475990590174504,-73.72399107303086,15.890884728869423,478.20976349152625,406.85150612704456,-1.5846870964596746,1.2430561120490893,-0.3515450915401743,0.09699578214986104,0.03363910918596957,0.012764550921360751,0.5787167173766647,0.0018799942858152008,-0.0003482229268616521,-0.002593012760613078,0.00048536800124740763,0.0004893466170418208,3.7416563568788477,929.6999105552013,474.36325985145294,0.29607465067702965,0.0008835636654932092,0.00043710725760953966,0.0015380810740796885,0.0010166546649916317,0.00019005002060071442,0.0007213169968045674,7.065580992683521e-7,8.129224544662805e-7,6.985015470623015e-7
2025-06-14T21:26:09Z,41.458650339446784,-73.72074217749228,15.012003457173705,480.1812053658068,399.756334124133,-1.6148377410208923,1.2334900197311072,-0.3613898831499682,0.2571766872461012,0.02712912607830731,0.009904611929073326,0.5781109972522245,0.0014678039024715872,-0.0034030681117087624,-0.0030490706035095627,0.0004863760863771408,0.0004903584655162772,3.486790729900454,923.7181705715495,466.3249602086394,0.22882027787382453,0.00072246276409585,0.00043893745133492004,0.0015260807081671293,0.0010175876052360567,0.000191027955728442,0.0007215796850766008,6.992866810293446e-7,8.138397558365547e-7,6.856103811448056e-7
2025-06-14T21:26:10Z,41.442994096163126,-73.7176132417367,14.820272804703563,483.1328434627503,391.16581864468753,-1.246571749506984,1.2939520017171162,-0.3972865808300412,0.15401521949479502,0.021206083594961456,0.007424496616181386,0.5780107479004073,0.0010321932225707542,-0.006435162901198055,-0.003419931742385529,0.000487385171099988,0.0004913703424976649,3.1856760549893335,919.7270147839165,461.330715795998,0.16680508809937977,0.0006600941918102613,0.0004277761277371495,0.0015354008116370934,0.0010185466264425434,0.00019202047941869316,0.0007220309652780687,6.980184426063176e-7,8.14544069437348e-7,6.800531042079657e-7
2025-06-14T21:26:11Z,41.43656143242382,-73.71439500951199,15.086291910207365,484.2801496013999,382.48735595680773,-0.9921345095499419,1.3910793600516627,-0.40187347155188036,-0.06740549355708936,0.017168125170655912,0.0065906425301704985,0.5783965031077969,0.0006656486311698018,-0.00963656362233678,-0.0036551644147948537,0.0004883947610729397,0.0004923822489303639,2.8847115056511736,916.9696888673292,458.54642204688554,0.12504344154174318,0.0006587347001922919,0.00039093973682435173,0.0015389317799956498,0.001019525200642069,0.0001930212397481713,0.0007226724413275565,7.006427161987594e-7,8.146801200767634e-7,6.799389260799566e-7
2025-06-14T21:26:12Z,41.43597018416863,-73.70891336332011,16.45316025451757,485.5978559125215,383.1593041885644,-0.7299557683436433,1.5165035602767603,-0.3613312337129173,-0.601500633831165,0.01762916122174829,0.00534229513647233,0.578854634120944,0.000750507482877083,-0.0063778977540494,-0.003294415596101885,0.0004894045791015058,0.0004933942078181751,2.6289204362630736,914.441862441271,457.1413000146539,0.10241652635706022,0.0006448808092103211,0.0003676920399767499,0.0015202381614266873,0.001020525010057658,0.0001940212595676668,0.0007234536905316583,7.058842224412372e-7,8.144266500758409e-7,6.833802487694538e-7
2025-06-14T21:26:13Z,41.43361280840963,-73.70328187360008,16.99977585906163,485.62370246089995,385.8360655512661,-0.7166247365748859,1.591034991412016,-0.31989399287704146,-1.0118881843736744,0.01595488105408549,0.0038616463300513715,0.5785834988419083,0.0009681257855476133,-0.003436097607888655,-0.0030722202003090615,0.000490414569499582,0.0004944062241483103,2.4283294122164136,912.1777159578152,456.4100889490128,0.08918350316305135,0.0006252783315392748,0.0003664499027681097,0.0015028324629330464,0.001021523043071527,0.00019502027195081374,0.0007243050881253452,7.129651790345524e-7,8.143385717510127e-7,6.885876718960547e-7
2025-06-14T21:26:14Z,41.43256859050473,-73.69743664406562,17.099159946665168,485.12173403799534,389.7295610997826,-0.79097833594642,1.6345985769294202,-0.28330583650677,-1.3262991336159757,0.013643873980413446,0.002684824986658896,0.5781653860176448,0.0012600966932723168,-0.000743335962095415,-0.0028808974550997846,0.0004914247416527479,0.0004954183020359903,2.271932607565955,910.2374519449077,455.98026585990004,0.08044090429053963,0.000609728019245926,0.0003752332435585273,0.001489816667641145,0.0010225164743129544,0.00019601968503959202,0.0007251697984768312,7.213789209466185e-7,8.144863548162389e-7,6.944250004506454e-7
2025-06-14T21:26:15Z,41.43329285402596,-73.69133489932304,16.904550544684753,483.8047932367772,394.61118205823004,-1.0115716050349874,1.6569360994835733,-0.25679719347681385,-1.5654815812667948,0.011294061676721867,0.0018609135695015766,0.5778385433732183,0.0015921142297656843,0.0018167035712366442,-0.002681099392816577,0.0004924350765057404,0.0004964304417635632,2.155281373894382,908.66890471496,455.73983306774045,0.07939233716590055,0.000608757637553737,0.00038227743033067847,0.001482637981076805,0.0010235088914442342,0.00019701847090018934,0.0007260016950421827,7.308331517625192e-7,8.147936102652591e-7,7.001784425216049e-7
2025-06-14T21:26:16Z,41.4354372728743,-73.68495669075098,16.61421592941042,483.040919020772,399.80548098124564,-1.0931836281015421,1.6719097993336618,-0.24801087564810587,-1.7383471973516862,0.009158163397387398,0.0013176337275666583,0.5777788482082542,0.001928676455634104,0.004254874633176087,-0.0024583066688705912,0.0004934455406258079,0.0004974426369055957,2.072354144644668,907.4764231487721,455.4621034472681,0.07759155044005805,0.0006293250337703674,0.00038072273552306623,0.0014827675263210651,0.0010245013127833619,0.00019801359994154062,0.0007267480869964697,7.411930391812349e-7,8.151133511589557e-7,7.051956715379623e-7
2025-06-14T21:26:17Z,41.44082334727737,-73.68029479816033,16.880169914802536,482.53890788182616,398.05406410060823,-0.7750584393215831,1.684028856914665,-0.23865780913456547,-1.722924043155217,0.010035452945771794,0.0016891018061215846,0.5788163523175172,0.0017681151264952177,0.0033648875418634816,-0.0023825026495529755,0.0004944560682183149,0.000498454855573687,2.006788346080566,906.5177955700833,455.56599573466804,0.0721000783640725,0.0006314598873372947,0.0003976186300937487,0.0014787974388531316,0.0010254849942246474,0.00019900117707896586,0.0007273460196752952,7.523212267746256e-7,8.152588219983725e-7,7.089652892325164e-7
2025-06-14T21:26:18Z,41.44632601618622,-73.6755188796803,17.336205829284154,481.7498237211257,396.7107321936637,-0.5784867242691689,1.6615340609496343,-0.2250726423399101,-1.7136082501529017,0.010982060146375261,0.0020447779734809046,0.579970479469921,0.0016203451326362028,0.0024592251073585203,-0.0023057322499084876,0.0004954666204005819,0.0004994670811791387,1.9519722620053872,905.7564260924925,456.0259986298807,0.06888766775198596,0.000624279769700758,0.0004233898575572433,0.001473017605010963,0.001026452431213261,0.0001999843601742175,0.000727737303378333,7.63894755951272e-7,8.153099150030889e-7,7.114954543155635e-7
2025-06-14T21:26:19Z,41.45155104336645,-73.67071464743144,17.72491815779358,479.7516709603369,395.40947152115405,-0.6312563497849624,1.6565049541604822,-0.21278310169600445,-1.706597169584711,0.01192171661989505,0.0023159008290178917,0.5811268696270417,0.0014799010096595566,0.0015447382382660635,-0.0022424236379237072,0.0004964772165228712,0.0005004792976638885,1.9187781925470548,905.1638911513287,456.8671793892113,0.07432795516627921,0.000611143153593049,0.0004556994021071588,0.0014676440305576286,0.0010274031737301252,0.00020097009569665307,0.0007278752843583609,7.756160230980414e-7,8.153392629440087e-7,7.130220115710601e-7
2025-06-14T21:26:20Z,41.456712096511964,-73.66326077161027,17.465567326988094,478.39882146567106,401.94528529793024,-0.7928740665447549,1.6677917999913916,-0.19812573151375545,-1.890760762093123,0.010439892699992015,0.0022308826399353165,0.5819634764411603,0.0018701311128381803,0.0038709785570745225,-0.001994525890907539,0.000497487845924578,0.000501491512129261,1.9134337182957968,904.8586829034658,457.3537049116024,0.0795841820477815,0.0006093859297944287,0.00047950501726407534,0.0014653705333797804,0.0010283246320097615,0.00020195863463558382,0.0007277241975696645,7.872379342134364e-7,8.153320019178164e-7,7.134131576041087e-7
2025-06-14T21:26:21Z,41.461677929394064,-73.65829983771303,17.600741751142778,476.7246856279671,400.9067296218127,-0.7874581234027573,1.66125311779615,-0.19825235049665935,-1.8392163961107144,0.011449528830780764,0.0023990628162664507,0.5832120640334324,0.0017444077085428944,0.002918537071195715,-0.001937340826628997,0.0004984984618875281,0.0005025036951205601,1.9268974616353358,904.6809850115251,457.9777836711934,0.08332832634970211,0.0006101441150644882,0.0005003956645057594,0.0014641238974065242,0.00102918880342748,0.00020294739041453548,0.0007272724349720804,7.984046009221745e-7,8.151762176886671e-7,7.124384557444944e-7
2025-06-14T21:26:22Z,41.466669548283,-73.65333977759977,17.766875253873877,475.3196205943823,399.8620695937425,-0.6759279127618356,1.6522407386655686,-0.20161611539242585,-1.7813217648290447,0.01249408785417927,0.0025442847683052605,0.5844491666284739,0.0016335193930672176,0.0019679858899195324,-0.0018822126023465557,0.00049950903948065,0.0005035158470237247,1.9460990432509366,904.6180825198211,458.67477636014866,0.08294531998695709,0.0006106320085657709,0.0005203151159857278,0.0014636818978748768,0.0010299702706173337,0.00020393658023421278,0.0007265488569033101,8.08667779214916e-7,8.14850466195544e-7,7.102510619171796e-7
2025-06-14T21:26:23Z,41.47163035273847,-73.64845414336983,17.988650332321413,473.94103955477476,398.8804323486984,-0.5669527730096888,1.6443682794852066,-0.20459986484638648,-1.727779023363837,0.01353847808888986,0.0026634968141650006,0.5855886256977101,0.001535072516688274,0.0010245165959972269,-0.001835047380545518,0.0005005195995850378,0.0005045279785159772,1.960218043239267,904.6601062923003,459.44785602455596,0.0811751660472585,0.000605306695532899,0.0005438184389374857,0.0014630287912287966,0.0010306623218397694,0.00020492847941385906,0.0007256230742430612,8.1769299818857e-7,8.143906537997714e-7,7.073562783859422e-7
2025-06-14T21:26:24Z,41.478225683285885,-73.6399313754603,17.790324197150767,473.09946645610034,406.1324163135141,-0.6224909370430396,1.6465370304795215,-0.19431937240369734,-1.8941107210630435,0.012785279148260997,0.0026750704907669842,0.5872927356613218,0.001963898607328929,0.003343250250978258,-0.0015610107201098344,0.000501530200361976,0.0005055401307431184,1.9697506678984171,905.0243958722338,459.8232805208251,0.08114459080883185,0.000598632920123646,0.0005679968963502846,0.0014625890154155005,0.0010312798414523958,0.0002059251666443303,0.0007245855867302919,8.253685139031566e-7,8.138876635708102e-7,7.043812974256443e-7
2025-06-14T21:26:25Z,41.48303896144994,-73.63504333373878,18.055140688782558,471.86689790710807,405.33553233742714,-0.5394563837071473,1.6357173399155727,-0.19890448349269718,-1.8295946784710395,0.013846152191831607,0.0027250677076153806,0.5883436999793048,0.0018846262217095955,0.002387988801785923,-0.001519795100414001,0.0005025408859119893,0.0005065523013605966,1.9735590678398907,905.4822255781147,460.30724747921533,0.0784227060150876,0.0005952284348756915,0.0005891280739536667,0.0014627280624242573,0.0010318402447049423,0.00020692580896562328,0.0007235269587962618,8.316499143638582e-7,8.133959460950605e-7,7.018096620725973e-7
2025-06-14T21:26:26Z,41.48760123599835,-73.63036629792171,18.325852111447603,470.6835673842579,404.42632935754955,-0.4467153423884156,1.626409746313584,-0.2043141485628439,-1.7664566192397615,0.01482125907966747,0.002735686045383545,0.5891753324976889,0.0018044548371989322,0.0014246865062119696,-0.0014958034535013098,0.000503551691307815,0.000507564510793376,1.9668790039687023,906.0070306885096,460.9521646110307,0.07481130686570381,0.0005905487213177954,0.0006125744320139105,0.0014631186150717212,0.0010323641143649817,0.00020792778265641657,0.0007225286907731695,8.365696490214979e-7,8.129479896119718e-7,7.00007393989236e-7
2025-06-14T21:26:27Z,41.49428269742399,-73.6214114751071,18.223774353740737,470.3830445408821,411.64469097554684,-0.45366922737593995,1.6274508917995263,-0.19440948219198617,-1.9266847580947797,0.014410379847845434,0.0026573974371046916,0.5911171619227389,0.0022357957263352546,0.003737624654178262,-0.0012301459516095292,0.0005045626503687734,0.0005085768011190309,1.9512689413460007,906.8560264371711,461.32766816587997,0.0715601154268054,0.0005858900722274424,0.0006381220234455056,0.001463601127317478,0.0010328799272621915,0.0002089269121735506,0.0007216545323614531,8.403439875772748e-7,8.125859069565641e-7,6.992283067432133e-7
2025-06-14T21:26:28Z,41.498488458525955,-73.616886555657,18.521301939385012,469.4216875154525,410.738792065531,-0.37548573526328255,1.6192326492309803,-0.2005542031420191,-1.8667091620518477,0.015275532330065289,0.0025951123880361138,0.5917057492115418,0.0021628845471468594,0.002769898843709484,-0.0012213079817513517,0.0005055737777468037,0.0005095891621410604,1.9287297706077662,907.752629628591,461.962489316549,0.06782138722375686,0.0005814527633016531,0.0006661088173145914,0.0014642056138724126,0.0010334122965933485,0.00020991746513974796,0.0007209454708155345,8.431785259032143e-7,8.12328071542269e-7,6.9960364087187e-7
2025-06-14T21:26:29Z,41.50240370605263,-73.61264882139899,18.766688271425664,468.47144902683794,409.6737339422107,-0.30551012322575843,1.611116728367051,-0.20666236465967813,-1.8028602984413737,0.015996129989389374,0.0025175004136599455,0.5920130670929211,0.0020780471936063805,0.0017936173546999612,-0.0012330494271068915,0.0005065850702272532,0.0005106016024111238,1.8999707276855953,908.6677831960827,462.8803846871406,0.06397058826525337,0.0005806488647675369,0.0006937822448256874,0.0014651773442516144,0.0010339802494358117,0.0002108927482276255,0.0007204222804524083,8.452549373663263e-7,8.121768059323459e-7,7.011603099865198e-7
2025-06-14T21:26:30Z,41.50612462919458,-73.60857183254151,18.98199091886636,467.5311221871525,408.6027825381607,-0.24423041588943306,1.6039508731337264,-0.21257158403204812,-1.7401286495296517,0.016587398802130338,0.0024285166932429547,0.592135128848895,0.001990668702859466,0.0008493505845557081,-0.0012561693453392309,0.0005075965086352969,0.0005116141273531242,1.86661161505426,909.5790983952704,464.09566852439946,0.0603425085572481,0.0005827805373262508,0.0007223360132771484,0.0014664103817066264,0.0010345989438141044,0.00021184527381939362,0.0007200901598402522,8.468142446823007e-7,8.121283106395525e-7,7.038114015029957e-7
2025-06-14T21:26:31Z,41.51226420928315,-73.59946739464989,18.97255681816023,467.6186760496348,415.278921764344,-0.21660187933684938,1.6048406306581455,-0.19975109515598888,-1.8995886191769387,0.01629046049220051,0.0021989070785366494,0.5939954824207234,0.0023959260202275345,0.003196955522852818,-0.0010200541646057104,0.0005086080593213086,0.0005126267631372904,1.8319739001819302,910.840072306438,465.2001456837106,0.05765041503463009,0.0005874906794434766,0.0007522641231454123,0.001467544692172151,0.0010352782751407,0.00021276708610505057,0.0007199430905316432,8.481133244902616e-7,8.121768834814434e-7,7.073967726241955e-7
2025-06-14T21:26:32Z,41.515657313568866,-73.59553461016229,19.191769860917702,466.8036854509264,414.15934672765434,-0.16829339904415974,1.5986877969116904,-0.20639908281646058,-1.8397331515370752,0.016732135433585427,0.0020729339870797503,0.5939155245578149,0.0023050627547149816,0.0022457216924891554,-0.0010548194170354463,0.000509619678374734,0.0005136394871247384,1.7980263184517566,912.109246733661,466.6313293871458,0.05504718006709386,0.0005932910073774632,0.0007855568566979468,0.0014688507889376022,0.00103602056495934,0.00021365062611016178,0.0007199692682166368,8.492967623040376e-7,8.123108915673158e-7,7.117735292214523e-7
2025-06-14T21:26:33Z,41.5189691828346,-73.59175392494951,19.3686735406518,465.96481753885746,413.02774599567056,-0.12482051485176271,1.5924920780453249,-0.2121166583719969,-1.7773313358557061,0.017078370133958742,0.0019654467924681285,0.5936910742675536,0.0022073340676911357,0.001302193535899221,-0.0010987293586453006,0.0005106313165849128,0.0005146522981965928,1.765032939966995,913.3727057460233,468.38264241769906,0.052842903174199596,0.0006034522985684194,0.0008183728590725695,0.0014703563749907497,0.001036823329770786,0.00021448887705186975,0.0007201536119101384,8.504466050080064e-7,8.125067101158797e-7,7.168240842929155e-7
2025-06-14T21:26:34Z,41.52221514873728,-73.58801259378262,19.407682679593563,463.2207761667669,412.055695310235,-0.34072143414050515,1.7980697873426834,-0.18919178096530231,-1.499567821258097,0.017351522011040288,0.0018597414632921527,0.5934060734944069,0.002111760263545648,0.0003951641864770039,-0.0011446753010062594,0.000511642918775525,0.0005156651951287278,1.7574882141614354,914.5185816435128,470.64527850318325,0.06292105725858421,0.0007572926881054038,0.000708952829111515,0.001475914474133504,0.0010376824305490821,0.00021527497222182713,0.0007204789355474263,8.517013719052285e-7,8.127486347071373e-7,7.223951159116753e-7
2025-06-14T21:26:35Z,41.52989139861746,-73.57934822784738,19.3365172019694,461.17007327638566,421.139846207574,-0.17215242291513277,1.216594399389578,0.5446944060640817,-1.3934409552966827,0.017696094489338066,0.0019414688767653843,0.5947762728173984,0.0024902895347906906,0.0028183132146608614,-0.0008833836681638729,0.0005126545129100024,0.0005166782160455207,1.812335679422125,916.2963994161393,473.00165276459603,0.09038410035552136,0.0012526526181176655,0.0005472189556738542,0.001818963963442316,0.0010385761958331676,0.00021603369143632136,0.0007209551796045859,8.521577450030959e-7,8.129616500957687e-7,7.283665086739867e-7
2025-06-14T21:26:36Z,41.523965423690534,-73.57316549883913,18.558135617757216,455.6844630949199,420.71521465852857,-1.5017243233669433,1.3988456453153049,0.3615702489423711,-1.3478745196189266,0.01717180554828701,-0.00009240599083160106,0.5964703135032323,0.0020751399692358063,0.0022741905173404575,-0.0007840081654499897,0.000513665551791233,0.0005176913731074988,1.9376502191181488,917.5504090440221,474.97722273646616,0.12229956591119517,0.0010442520357555121,0.0005705607283081806,0.0015713304076048966,0.0010393415364245138,0.00021673798536420106,0.0007216411955854508,8.449141814470953e-7,8.168726314121125e-7,7.339217397435733e-7
2025-06-14T21:26:37Z,41.52199502771524,-73.56782141817665,16.561597559484653,451.02741486765444,421.58546377159655,-3.0371668084990233,1.436341902561253,0.22271626000929245,-1.4801457434077747,0.017225153760819012,-0.0014440880980117754,0.5973606052793912,0.0018575294485572158,0.001753554670195001,-0.0007195279795766396,0.0005146771133041185,0.000518704649895876,2.1305675020164077,918.7648172485052,477.1115060824294,0.16159297961652452,0.0008429241289848763,0.0007136227388632037,0.0014782532175855972,0.0010395126700318339,0.00021757789886346513,0.0007226064409471448,8.384725655191427e-7,8.196877204081886e-7,7.379072211561824e-7
2025-06-14T21:26:38Z,41.52286388497383,-73.56348424930434,13.206592987291515,443.89705428108573,424.35366618074477,-5.649365845718421,1.9164494900760474,-0.33331912488756643,-1.135280091279128,0.01874780921502861,-0.0025654825349192834,0.597422537561215,0.0018234881563898853,0.0011826258024072445,-0.0006138423424104644,0.0005156883758126733,0.0005197178960046622,2.4451456419685402,919.7471377996234,479.4116539101928,0.25481734241968346,0.0011590819526058707,0.0004961514233243636,0.0015893919879589264,0.0010382748288954634,0.00021852742655191975,0.0007234639101630938,8.318064215355755e-7,8.216751206682099e-7,7.394848888383005e-7
2025-06-14T21:26:39Z,41.53073870476158,-73.55582629281686,9.783191136375535,439.7955741286278,425.5129205174744,-6.2380365747376345,1.739303666698106,-0.6167392324641696,-0.5480385407208814,0.024776498408073167,-0.00345547947043201,0.598089536993939,0.0018807704432646233,0.0037368740139811507,0.00024886446175287347,0.0005166981498054737,0.0005207309070574126,2.7673806315549827,921.2761936615561,481.5389856388543,0.2371358175054098,0.0017016260780556203,0.0004196394804487967,0.0021438525533508464,0.0010351424722116896,0.00021951159343574036,0.000723719242693865,8.246850798014645e-7,8.213580526414467e-7,7.373539207740037e-7
2025-06-14T21:26:40Z,41.549258500060624,-73.55642770339635,8.058556273812428,439.9294977635145,425.2715927902609,-5.497313496627612,2.005892608081922,-0.18485052593860019,-0.8349297673739784,0.03264861795560137,-0.0018803371838629346,0.5936402319275658,0.0024745423086471874,0.0035358955830275818,0.0006038516502080427,0.0005177054781986858,0.0005217436906787817,2.9179414080431365,923.1335745156923,483.82556727232685,0.2193159336383409,0.0013302878971563016,0.0002852354808701432,0.0014912505740739216,0.0010313180842947054,0.00022032089870720106,0.0007233553547630772,8.146284665380589e-7,8.193238694001179e-7,7.324211418640725e-7
2025-06-14T21:26:41Z,41.57256878322852,-73.5584031580222,8.15111161355162,439.4304479137063,426.02976578101516,-4.570395544986241,1.1750055236625485,-0.20418984612751956,-1.1520717183229863,0.04107692136085461,0.0010196852230990316,0.5881360893763485,0.003124263410796857,0.003350511267285583,0.0010352128278228179,0.0005187117411002389,0.0005227564671742234,2.970946581875349,925.4086514499973,486.33216447705297,0.2135328702121445,0.0012708390420723412,0.00035571170485422147,0.0015009717881143813,0.0010286240556599663,0.00022088743361943538,0.0007228557693191955,8.051585472515179e-7,8.201253953132499e-7,7.33316508006712e-7
2025-06-14T21:26:42Z,41.59632233291697,-73.55973621551406,8.01050940179266,435.75494631938636,421.8886070083827,-5.777084459696198,0.9702084352284146,0.0635549294051998,-1.2340335702101584,0.04771676933933122,0.004464727371441768,0.583041266319924,0.003727857044339089,0.0033252163454591255,0.001422256428973867,0.0005197174969342686,0.0005237693380100905,2.97831302766433,927.2002293823472,488.7977496544537,0.24823205720864105,0.0012016868779267244,0.00040710137824071706,0.0013903598652555615,0.001027215358296154,0.00022124060992719687,0.0007224317174986749,7.972174423116524e-7,8.210186497712761e-7,7.367652668486495e-7
2025-06-14T21:26:43Z,41.61980601280166,-73.56146948482207,6.614333799952874,433.114530261606,418.7318617384881,-6.957573219639016,1.0059179371746723,0.4119515021175175,-1.8061063296700013,0.05274535262151403,0.008143502653183532,0.577695920052065,0.004305022383448431,0.0029469148460492534,0.001679474137183945,0.0005207226981726561,0.0005247822770313847,3.0467014036249425,928.9328478251308,491.3863851297628,0.322117515674052,0.0006435593576784458,0.001065452398594059,0.001424212179914283,0.001026827423250335,0.00022142778359808877,0.0007219053734505629,7.871923876106964e-7,8.229750097675922e-7,7.443786586912562e-7
2025-06-14T21:26:44Z,41.642394624618504,-73.56386259359283,4.474658253981033,430.9182934779674,415.70296086370945,-8.40611545369029,0.7932451355372905,0.21480067434004013,-1.8024980610789498,0.05706788172165034,0.011652057048763709,0.5715108682998107,0.004959434230784154,0.002295651927326503,0.00177423792117537,0.0005217277318535329,0.0005257952715608353,3.295686564190208,929.5745272391479,493.9436056806153,0.46211747334189457,0.0005094789599091596,0.001108777531278153,0.0013784686118409046,0.0010271190051796034,0.00022149877264719222,0.0007210190659531293,7.683525545772348e-7,8.254377816297757e-7,7.558171659640919e-7
2025-06-14T21:26:45Z,41.667472418920454,-73.56770542002009,3.038473137363326,435.33538056723773,414.70207570306957,-8.465050080500077,0.7446763305888453,0.3358573500136117,-1.9957829490012955,0.06045182773732449,0.015967665551443133,0.5632626245205756,0.00592950217503585,0.0013883911716519037,0.0015626016884766614,0.0005227337609348697,0.0005268083434345705,3.6973771850302866,928.6262408580108,495.9490718601595,0.5514671528612868,0.0002847111034729571,0.0012757914672717862,0.0013901505622017432,0.0010277697733028044,0.00022161829793256954,0.0007196741808780855,7.396135880627905e-7,8.26786930906153e-7,7.670808257233012e-7
2025-06-14T21:26:46Z,41.68784763068859,-73.57128184405683,3.475831112227752,443.9272574689239,418.0693471673876,-7.1973700403177645,0.7793910756881814,0.3263644883172674,-2.100744914045208,0.06304184998589335,0.019492312252850752,0.5541783507796936,0.007065646829175876,0.0003605890991238425,0.0010159312428399403,0.0005237418267293925,0.0005278215920499229,4.040028027503822,925.4488342683816,496.83655562981295,0.5535405096493943,0.00020973388360297335,0.0012130633401805633,0.0014008587724929523,0.001028616922530171,0.00022191646662871747,0.0007180611765496852,7.037643073498422e-7,8.27621334955182e-7,7.736228602962053e-7
2025-06-14T21:26:47Z,41.69917040096431,-73.57327535716256,5.52355830243323,454.3596090581268,422.82473962008953,-5.8368656550883316,0.7597386524757894,0.2468327719670924,-2.0594343128759647,0.06476732336977875,0.021378397338594368,0.5458827807815396,0.008131294897566477,-0.000750953853646763,0.00023494379793120856,0.0005247523067520173,0.0005288350871916121,4.173822435359552,920.580914358691,496.35167285498386,0.5009106341035378,0.00020208020919872696,0.001050602932229851,0.0013994959484569193,0.0010295543534858927,0.00022249647743039313,0.0007165763616231348,6.702994384477886e-7,8.283087176501381e-7,7.741271834500379e-7
2025-06-14T21:26:48Z,41.69772977659486,-73.57849359995748,12.137764805041488,466.4819851868667,428.24590985524213,-3.7811324824408215,0.74656206558833,0.17632521233190662,4.291050323529097,0.06598393148403692,0.021658368942956373,0.5394014654085095,0.008935938478252976,-0.0018565878577152725,-0.0005721389249788396,0.0005247538147996303,0.0005288368058733014,2.274845432952378,914.47330678412,492.1816332318488,0.32687452243755466,0.0001886966443442325,0.0008629839269827865,0.0013520583446898916,0.001029523463591548,0.00022230303531923674,0.0007144632870382259,6.35838570172857e-7,8.194348509525622e-7,7.612987463360076e-7
